# bins en theta = 10.00 deg
# bin_length_s = 0.001000
# bin	counts	CPS
1	3785	3785000.000
2	3770	3770000.000
3	3881	3881000.000
4	3937	3937000.000
5	3941	3941000.000
6	3864	3864000.000
7	3815	3815000.000
8	3846	3846000.000
9	4018	4018000.000
10	3925	3925000.000
11	3992	3992000.000
12	3968	3968000.000
13	3889	3889000.000
14	3917	3917000.000
15	3899	3899000.000
16	3751	3751000.000
17	3804	3804000.000
18	3822	3822000.000
19	3791	3791000.000
20	3908	3908000.000
21	3917	3917000.000
22	3881	3881000.000
23	3815	3815000.000
24	3790	3790000.000
25	3809	3809000.000
26	3854	3854000.000
27	3792	3792000.000
28	4022	4022000.000
29	3958	3958000.000
30	3963	3963000.000
31	3898	3898000.000
32	3895	3895000.000
33	3938	3938000.000
34	3864	3864000.000
35	3964	3964000.000
36	4006	4006000.000
37	3921	3921000.000
38	3849	3849000.000
39	3934	3934000.000
40	3774	3774000.000
41	3839	3839000.000
42	3874	3874000.000
43	3853	3853000.000
44	3875	3875000.000
45	3934	3934000.000
46	3826	3826000.000
47	3700	3700000.000
48	3797	3797000.000
49	3847	3847000.000
50	3864	3864000.000
51	3956	3956000.000
52	3979	3979000.000
53	3896	3896000.000
54	3959	3959000.000
55	3876	3876000.000
56	3907	3907000.000
57	3992	3992000.000
58	4009	4009000.000
59	3996	3996000.000
60	3876	3876000.000
61	3883	3883000.000
62	3744	3744000.000
63	3799	3799000.000
64	3875	3875000.000
65	3866	3866000.000
66	3808	3808000.000
67	3827	3827000.000
68	3830	3830000.000
69	3854	3854000.000
70	3825	3825000.000
71	3753	3753000.000
72	3708	3708000.000
73	3923	3923000.000
74	4038	4038000.000
75	3949	3949000.000
76	3894	3894000.000
77	3965	3965000.000
78	3873	3873000.000
79	3862	3862000.000
80	3982	3982000.000
81	3921	3921000.000
82	3879	3879000.000
83	3911	3911000.000
84	3896	3896000.000
85	3890	3890000.000
86	3779	3779000.000
87	3823	3823000.000
88	3860	3860000.000
89	3792	3792000.000
90	3807	3807000.000
91	3859	3859000.000
92	3759	3759000.000
93	3829	3829000.000
94	3803	3803000.000
95	3724	3724000.000
96	3731	3731000.000
97	3897	3897000.000
98	3871	3871000.000
99	3931	3931000.000
100	4014	4014000.000
101	3854	3854000.000
102	3957	3957000.000
103	3948	3948000.000
104	3784	3784000.000
105	3987	3987000.000
106	3929	3929000.000
107	3881	3881000.000
108	3799	3799000.000
109	3838	3838000.000
110	3738	3738000.000
111	3880	3880000.000
112	3856	3856000.000
113	3843	3843000.000
114	3921	3921000.000
115	3807	3807000.000
116	3892	3892000.000
117	3822	3822000.000
118	3771	3771000.000
119	3766	3766000.000
120	3941	3941000.000
121	3878	3878000.000
122	3895	3895000.000
123	3993	3993000.000
124	3972	3972000.000
125	3968	3968000.000
126	3866	3866000.000
127	3925	3925000.000
128	3876	3876000.000
129	4006	4006000.000
130	3833	3833000.000
131	3724	3724000.000
132	3806	3806000.000
133	3785	3785000.000
134	3789	3789000.000
135	3903	3903000.000
136	3848	3848000.000
137	3920	3920000.000
138	3861	3861000.000
139	3686	3686000.000
140	3755	3755000.000
141	3846	3846000.000
142	3799	3799000.000
143	3809	3809000.000
144	3885	3885000.000
145	3955	3955000.000
146	3917	3917000.000
147	3930	3930000.000
148	3868	3868000.000
149	3895	3895000.000
150	3827	3827000.000
151	3871	3871000.000
152	3979	3979000.000
153	3793	3793000.000
154	3842	3842000.000
155	3739	3739000.000
156	3797	3797000.000
157	3833	3833000.000
158	3853	3853000.000
159	3830	3830000.000
160	3896	3896000.000
161	3870	3870000.000
162	3798	3798000.000
163	3697	3697000.000
164	3832	3832000.000
165	3707	3707000.000
166	3817	3817000.000
167	3862	3862000.000
168	3914	3914000.000
169	4027	4027000.000
170	3927	3927000.000
171	4028	4028000.000
172	3947	3947000.000
173	3977	3977000.000
174	3928	3928000.000
175	3869	3869000.000
176	3911	3911000.000
177	3921	3921000.000
178	3810	3810000.000
179	3883	3883000.000
180	3778	3778000.000
181	3865	3865000.000
182	3692	3692000.000
183	3853	3853000.000
184	3927	3927000.000
185	3813	3813000.000
186	3871	3871000.000
187	3874	3874000.000
188	3818	3818000.000
189	3924	3924000.000
190	3920	3920000.000
191	3983	3983000.000
192	3928	3928000.000
193	3963	3963000.000
194	3935	3935000.000
195	3877	3877000.000
196	3881	3881000.000
197	3919	3919000.000
198	3940	3940000.000
199	3918	3918000.000
200	3868	3868000.000
201	3742	3742000.000
202	3836	3836000.000
203	3843	3843000.000
204	3816	3816000.000
205	3948	3948000.000
206	3838	3838000.000
207	3814	3814000.000
208	3821	3821000.000
209	3769	3769000.000
210	3723	3723000.000
211	3780	3780000.000
212	3935	3935000.000
213	3899	3899000.000
214	3950	3950000.000
215	3811	3811000.000
216	3909	3909000.000
217	3894	3894000.000
218	3792	3792000.000
219	3913	3913000.000
220	3923	3923000.000
221	4002	4002000.000
222	3847	3847000.000
223	3867	3867000.000
224	3897	3897000.000
225	3863	3863000.000
226	3716	3716000.000
227	3670	3670000.000
228	3845	3845000.000
229	3924	3924000.000
230	3824	3824000.000
231	3787	3787000.000
232	3816	3816000.000
233	3813	3813000.000
234	3759	3759000.000
235	3773	3773000.000
236	3872	3872000.000
237	3870	3870000.000
238	3890	3890000.000
239	3898	3898000.000
240	3917	3917000.000
241	3836	3836000.000
242	3990	3990000.000
243	3768	3768000.000
244	3906	3906000.000
245	3887	3887000.000
246	3847	3847000.000
247	3797	3797000.000
248	3748	3748000.000
249	3815	3815000.000
250	3855	3855000.000
251	3857	3857000.000
252	3825	3825000.000
253	3880	3880000.000
254	3843	3843000.000
255	3733	3733000.000
256	3782	3782000.000
257	3714	3714000.000
258	3795	3795000.000
259	3833	3833000.000
260	3957	3957000.000
261	3948	3948000.000
262	3947	3947000.000
263	3828	3828000.000
264	3912	3912000.000
265	3883	3883000.000
266	3902	3902000.000
267	3986	3986000.000
268	3907	3907000.000
269	3820	3820000.000
270	3785	3785000.000
271	3748	3748000.000
272	3826	3826000.000
273	3823	3823000.000
274	3861	3861000.000
275	3903	3903000.000
276	3776	3776000.000
277	3805	3805000.000
278	3782	3782000.000
279	3767	3767000.000
280	3788	3788000.000
281	3858	3858000.000
282	3878	3878000.000
283	3895	3895000.000
284	3960	3960000.000
285	3932	3932000.000
286	3928	3928000.000
287	3880	3880000.000
288	3882	3882000.000
289	3950	3950000.000
290	3927	3927000.000
291	3882	3882000.000
292	3816	3816000.000
293	3833	3833000.000
294	3773	3773000.000
295	3770	3770000.000
296	3801	3801000.000
297	3874	3874000.000
298	3871	3871000.000
299	3873	3873000.000
300	3854	3854000.000
301	3745	3745000.000
302	3740	3740000.000
303	3839	3839000.000
304	3797	3797000.000
305	3889	3889000.000
306	3978	3978000.000
307	3886	3886000.000
308	3895	3895000.000
309	3975	3975000.000
310	4001	4001000.000
311	4069	4069000.000
312	4007	4007000.000
313	4000	4000000.000
314	3909	3909000.000
315	3783	3783000.000
316	3814	3814000.000
317	3685	3685000.000
318	3804	3804000.000
319	3763	3763000.000
320	3891	3891000.000
321	3842	3842000.000
322	3861	3861000.000
323	3770	3770000.000
324	3847	3847000.000
325	3792	3792000.000
326	3731	3731000.000
327	3900	3900000.000
328	3778	3778000.000
329	3972	3972000.000
330	3935	3935000.000
331	3809	3809000.000
332	3947	3947000.000
333	3849	3849000.000
334	3963	3963000.000
335	3930	3930000.000
336	3935	3935000.000
337	3909	3909000.000
338	3849	3849000.000
339	3924	3924000.000
340	3793	3793000.000
341	3710	3710000.000
342	3754	3754000.000
343	3846	3846000.000
344	3890	3890000.000
345	3822	3822000.000
346	3898	3898000.000
347	3764	3764000.000
348	3846	3846000.000
349	3788	3788000.000
350	3769	3769000.000
351	3894	3894000.000
352	3871	3871000.000
353	3890	3890000.000
354	3864	3864000.000
355	3913	3913000.000
356	3905	3905000.000
357	3932	3932000.000
358	3909	3909000.000
359	3949	3949000.000
360	3918	3918000.000
361	3799	3799000.000
362	3762	3762000.000
363	3692	3692000.000
364	3741	3741000.000
365	3814	3814000.000
366	3875	3875000.000
367	3955	3955000.000
368	3886	3886000.000
369	3822	3822000.000
370	3764	3764000.000
371	3740	3740000.000
372	3750	3750000.000
373	3907	3907000.000
374	3791	3791000.000
375	3814	3814000.000
376	4041	4041000.000
377	3842	3842000.000
378	3874	3874000.000
379	3927	3927000.000
380	3924	3924000.000
381	3952	3952000.000
382	3942	3942000.000
383	3840	3840000.000
384	3864	3864000.000
385	3768	3768000.000
386	3746	3746000.000
387	3787	3787000.000
388	3730	3730000.000
389	3848	3848000.000
390	3857	3857000.000
391	3869	3869000.000
392	3819	3819000.000
393	3827	3827000.000
394	3837	3837000.000
395	3827	3827000.000
396	3816	3816000.000
397	3859	3859000.000
398	3961	3961000.000
399	3958	3958000.000
400	3962	3962000.000
401	3938	3938000.000
402	3966	3966000.000
403	3913	3913000.000
404	3895	3895000.000
405	3887	3887000.000
406	3980	3980000.000
407	3878	3878000.000
408	3784	3784000.000
409	3803	3803000.000
410	3712	3712000.000
411	3869	3869000.000
412	3785	3785000.000
413	3854	3854000.000
414	3877	3877000.000
415	3794	3794000.000
416	3826	3826000.000
417	3731	3731000.000
418	3755	3755000.000
419	3834	3834000.000
420	3715	3715000.000
421	3903	3903000.000
422	3986	3986000.000
423	3829	3829000.000
424	3918	3918000.000
425	3869	3869000.000
426	3845	3845000.000
427	3896	3896000.000
428	3960	3960000.000
429	3959	3959000.000
430	3809	3809000.000
431	3766	3766000.000
432	3795	3795000.000
433	3786	3786000.000
434	3837	3837000.000
435	3723	3723000.000
436	3833	3833000.000
437	3839	3839000.000
438	3806	3806000.000
439	3892	3892000.000
440	3780	3780000.000
441	3762	3762000.000
442	3807	3807000.000
443	3856	3856000.000
444	3975	3975000.000
445	4015	4015000.000
446	3911	3911000.000
447	3847	3847000.000
448	3937	3937000.000
449	3955	3955000.000
450	3871	3871000.000
451	3916	3916000.000
452	3867	3867000.000
453	3785	3785000.000
454	3828	3828000.000
455	3735	3735000.000
456	3758	3758000.000
457	3866	3866000.000
458	3874	3874000.000
459	3803	3803000.000
460	3847	3847000.000
461	3854	3854000.000
462	3834	3834000.000
463	3789	3789000.000
464	3814	3814000.000
465	3754	3754000.000
466	3813	3813000.000
467	3809	3809000.000
468	3934	3934000.000
469	3997	3997000.000
470	3859	3859000.000
471	3976	3976000.000
472	3864	3864000.000
473	3928	3928000.000
474	3982	3982000.000
475	3899	3899000.000
476	3892	3892000.000
477	3893	3893000.000
478	3780	3780000.000
479	3668	3668000.000
480	3851	3851000.000
481	3839	3839000.000
482	3842	3842000.000
483	3830	3830000.000
484	3795	3795000.000
485	3857	3857000.000
486	3866	3866000.000
487	3755	3755000.000
488	3677	3677000.000
489	3808	3808000.000
490	3806	3806000.000
491	3942	3942000.000
492	3888	3888000.000
493	3968	3968000.000
494	3897	3897000.000
495	3861	3861000.000
496	3926	3926000.000
497	3963	3963000.000
498	3912	3912000.000
499	3969	3969000.000
500	3948	3948000.000
501	3757	3757000.000
502	3654	3654000.000
503	3794	3794000.000
504	3853	3853000.000
505	3855	3855000.000
506	3784	3784000.000
507	3849	3849000.000
508	3752	3752000.000
509	3820	3820000.000
510	3795	3795000.000
511	3744	3744000.000
512	3814	3814000.000
513	3921	3921000.000
514	3881	3881000.000
515	3869	3869000.000
516	3871	3871000.000
517	3918	3918000.000
518	3886	3886000.000
519	3790	3790000.000
520	3886	3886000.000
521	3939	3939000.000
522	4063	4063000.000
523	3846	3846000.000
524	3742	3742000.000
525	3748	3748000.000
526	3860	3860000.000
527	3867	3867000.000
528	3806	3806000.000
529	3869	3869000.000
530	3839	3839000.000
531	3881	3881000.000
532	3758	3758000.000
533	3719	3719000.000
534	3777	3777000.000
535	3809	3809000.000
536	3954	3954000.000
537	3951	3951000.000
538	3919	3919000.000
539	3883	3883000.000
540	3903	3903000.000
541	3875	3875000.000
542	3873	3873000.000
543	3937	3937000.000
544	3912	3912000.000
545	3829	3829000.000
546	3960	3960000.000
547	3791	3791000.000
548	3746	3746000.000
549	3737	3737000.000
550	3846	3846000.000
551	3826	3826000.000
552	3824	3824000.000
553	3979	3979000.000
554	3782	3782000.000
555	3832	3832000.000
556	3831	3831000.000
557	3788	3788000.000
558	3793	3793000.000
559	3873	3873000.000
560	3853	3853000.000
561	3926	3926000.000
562	3865	3865000.000
563	3947	3947000.000
564	3795	3795000.000
565	3896	3896000.000
566	3868	3868000.000
567	3884	3884000.000
568	3892	3892000.000
569	3843	3843000.000
570	3869	3869000.000
571	3766	3766000.000
572	3900	3900000.000
573	3815	3815000.000
574	3777	3777000.000
575	3850	3850000.000
576	3766	3766000.000
577	3864	3864000.000
578	3872	3872000.000
579	3786	3786000.000
580	3823	3823000.000
581	3752	3752000.000
582	3875	3875000.000
583	3911	3911000.000
584	4011	4011000.000
585	3969	3969000.000
586	3916	3916000.000
587	3881	3881000.000
588	3832	3832000.000
589	3944	3944000.000
590	3948	3948000.000
591	3957	3957000.000
592	3972	3972000.000
593	3859	3859000.000
594	3761	3761000.000
595	3790	3790000.000
596	3819	3819000.000
597	3764	3764000.000
598	3852	3852000.000
599	3874	3874000.000
600	3919	3919000.000
601	3861	3861000.000
602	3745	3745000.000
603	3857	3857000.000
604	3775	3775000.000
605	3781	3781000.000
606	3972	3972000.000
607	3911	3911000.000
608	3812	3812000.000
609	3857	3857000.000
610	3864	3864000.000
611	3760	3760000.000
612	3794	3794000.000
613	3908	3908000.000
614	3934	3934000.000
615	3921	3921000.000
616	3903	3903000.000
617	3812	3812000.000
618	3778	3778000.000
619	3853	3853000.000
620	3817	3817000.000
621	3788	3788000.000
622	3882	3882000.000
623	3840	3840000.000
624	3777	3777000.000
625	3788	3788000.000
626	3754	3754000.000
627	3754	3754000.000
628	3959	3959000.000
629	3944	3944000.000
630	3974	3974000.000
631	3935	3935000.000
632	3902	3902000.000
633	3787	3787000.000
634	3844	3844000.000
635	3834	3834000.000
636	3809	3809000.000
637	3882	3882000.000
638	3969	3969000.000
639	3930	3930000.000
640	3915	3915000.000
641	3786	3786000.000
642	3721	3721000.000
643	3755	3755000.000
644	3817	3817000.000
645	3849	3849000.000
646	3805	3805000.000
647	3736	3736000.000
648	3740	3740000.000
649	3782	3782000.000
650	3930	3930000.000
651	3884	3884000.000
652	3952	3952000.000
653	3963	3963000.000
654	3890	3890000.000
655	3905	3905000.000
656	3821	3821000.000
657	3849	3849000.000
658	3853	3853000.000
659	3976	3976000.000
660	3954	3954000.000
661	4096	4096000.000
662	4006	4006000.000
663	3818	3818000.000
664	3790	3790000.000
665	3815	3815000.000
666	3760	3760000.000
667	3766	3766000.000
668	3748	3748000.000
669	3853	3853000.000
670	3735	3735000.000
671	3887	3887000.000
672	3782	3782000.000
673	3865	3865000.000
674	3841	3841000.000
675	3856	3856000.000
676	3956	3956000.000
677	3933	3933000.000
678	3985	3985000.000
679	3889	3889000.000
680	3878	3878000.000
681	3864	3864000.000
682	3901	3901000.000
683	3831	3831000.000
684	3901	3901000.000
685	3888	3888000.000
686	3858	3858000.000
687	3814	3814000.000
688	3784	3784000.000
689	3792	3792000.000
690	3787	3787000.000
691	3833	3833000.000
692	3826	3826000.000
693	3832	3832000.000
694	3784	3784000.000
695	3827	3827000.000
696	3812	3812000.000
697	3822	3822000.000
698	3901	3901000.000
699	3927	3927000.000
700	3909	3909000.000
701	3815	3815000.000
702	3907	3907000.000
703	3796	3796000.000
704	3853	3853000.000
705	3828	3828000.000
706	3798	3798000.000
707	3964	3964000.000
708	3997	3997000.000
709	3913	3913000.000
710	3767	3767000.000
711	3757	3757000.000
712	3809	3809000.000
713	3916	3916000.000
714	3939	3939000.000
715	3857	3857000.000
716	3786	3786000.000
717	3889	3889000.000
718	3775	3775000.000
719	3781	3781000.000
720	3912	3912000.000
721	3897	3897000.000
722	3879	3879000.000
723	3877	3877000.000
724	3906	3906000.000
725	3961	3961000.000
726	3983	3983000.000
727	3871	3871000.000
728	4010	4010000.000
729	3974	3974000.000
730	3861	3861000.000
731	3889	3889000.000
732	3811	3811000.000
733	3808	3808000.000
734	3743	3743000.000
735	3787	3787000.000
736	3862	3862000.000
737	3863	3863000.000
738	3873	3873000.000
739	3810	3810000.000
740	3835	3835000.000
741	3756	3756000.000
742	3849	3849000.000
743	3788	3788000.000
744	3887	3887000.000
745	3903	3903000.000
746	3927	3927000.000
747	3864	3864000.000
748	3958	3958000.000
749	3897	3897000.000
750	3969	3969000.000
751	3943	3943000.000
752	3913	3913000.000
753	3929	3929000.000
754	3859	3859000.000
755	3862	3862000.000
756	3857	3857000.000
757	3738	3738000.000
758	3818	3818000.000
759	3762	3762000.000
760	3823	3823000.000
761	3857	3857000.000
762	3786	3786000.000
763	3880	3880000.000
764	3703	3703000.000
765	3888	3888000.000
766	3834	3834000.000
767	3934	3934000.000
768	3970	3970000.000
769	4001	4001000.000
770	3886	3886000.000
771	3897	3897000.000
772	3828	3828000.000
773	3890	3890000.000
774	3850	3850000.000
775	3962	3962000.000
776	3841	3841000.000
777	3958	3958000.000
778	3853	3853000.000
779	3894	3894000.000
780	3726	3726000.000
781	3778	3778000.000
782	3736	3736000.000
783	3723	3723000.000
784	3857	3857000.000
785	3800	3800000.000
786	3725	3725000.000
787	3836	3836000.000
788	3724	3724000.000
789	3840	3840000.000
790	3866	3866000.000
791	3994	3994000.000
792	3929	3929000.000
793	3971	3971000.000
794	3925	3925000.000
795	3935	3935000.000
796	3886	3886000.000
797	3877	3877000.000
798	3801	3801000.000
799	4005	4005000.000
800	3857	3857000.000
801	3952	3952000.000
802	3890	3890000.000
803	3777	3777000.000
804	3795	3795000.000
805	3802	3802000.000
806	3827	3827000.000
807	3801	3801000.000
808	3861	3861000.000
809	3872	3872000.000
810	3832	3832000.000
811	3817	3817000.000
812	3774	3774000.000
813	3795	3795000.000
814	3914	3914000.000
815	3946	3946000.000
816	3952	3952000.000
817	3863	3863000.000
818	3911	3911000.000
819	3905	3905000.000
820	3838	3838000.000
821	3909	3909000.000
822	4006	4006000.000
823	3858	3858000.000
824	3844	3844000.000
825	3846	3846000.000
826	3654	3654000.000
827	3671	3671000.000
828	3841	3841000.000
829	3806	3806000.000
830	3920	3920000.000
831	3748	3748000.000
832	3770	3770000.000
833	3897	3897000.000
834	3790	3790000.000
835	3767	3767000.000
836	3828	3828000.000
837	3841	3841000.000
838	3892	3892000.000
839	3954	3954000.000
840	3915	3915000.000
841	3885	3885000.000
842	3915	3915000.000
843	3848	3848000.000
844	3940	3940000.000
845	3950	3950000.000
846	3902	3902000.000
847	3904	3904000.000
848	3875	3875000.000
849	3787	3787000.000
850	3777	3777000.000
851	3799	3799000.000
852	3923	3923000.000
853	3817	3817000.000
854	3838	3838000.000
855	3757	3757000.000
856	3828	3828000.000
857	3849	3849000.000
858	3853	3853000.000
859	3834	3834000.000
860	3889	3889000.000
861	3955	3955000.000
862	4003	4003000.000
863	3917	3917000.000
864	3923	3923000.000
865	3855	3855000.000
866	3793	3793000.000
867	3964	3964000.000
868	3907	3907000.000
869	3983	3983000.000
870	3973	3973000.000
871	3902	3902000.000
872	3844	3844000.000
873	3769	3769000.000
874	3781	3781000.000
875	3840	3840000.000
876	3787	3787000.000
877	3795	3795000.000
878	3730	3730000.000
879	3823	3823000.000
880	3823	3823000.000
881	3826	3826000.000
882	3747	3747000.000
883	3859	3859000.000
884	3860	3860000.000
885	3846	3846000.000
886	3922	3922000.000
887	3844	3844000.000
888	3873	3873000.000
889	3900	3900000.000
890	3856	3856000.000
891	4011	4011000.000
892	3959	3959000.000
893	3903	3903000.000
894	3809	3809000.000
895	3823	3823000.000
896	3763	3763000.000
897	3776	3776000.000
898	3810	3810000.000
899	3916	3916000.000
900	3799	3799000.000
901	3926	3926000.000
902	3836	3836000.000
903	3811	3811000.000
904	3772	3772000.000
905	3835	3835000.000
906	3921	3921000.000
907	3909	3909000.000
908	3997	3997000.000
909	3920	3920000.000
910	3890	3890000.000
911	3916	3916000.000
912	3826	3826000.000
913	3866	3866000.000
914	3891	3891000.000
915	3866	3866000.000
916	3962	3962000.000
917	3824	3824000.000
918	3833	3833000.000
919	3735	3735000.000
920	3742	3742000.000
921	3814	3814000.000
922	3851	3851000.000
923	3794	3794000.000
924	3867	3867000.000
925	3820	3820000.000
926	3792	3792000.000
927	3822	3822000.000
928	3753	3753000.000
929	3901	3901000.000
930	3843	3843000.000
931	3869	3869000.000
932	3936	3936000.000
933	3949	3949000.000
934	3927	3927000.000
935	3845	3845000.000
936	3979	3979000.000
937	3867	3867000.000
938	3906	3906000.000
939	3899	3899000.000
940	3904	3904000.000
941	3867	3867000.000
942	3717	3717000.000
943	3844	3844000.000
944	3737	3737000.000
945	3817	3817000.000
946	3902	3902000.000
947	3894	3894000.000
948	3874	3874000.000
949	3860	3860000.000
950	3777	3777000.000
951	3851	3851000.000
952	3750	3750000.000
953	3885	3885000.000
954	3875	3875000.000
955	3876	3876000.000
956	3870	3870000.000
957	3908	3908000.000
958	3947	3947000.000
959	3950	3950000.000
960	3951	3951000.000
961	3904	3904000.000
962	4012	4012000.000
963	4018	4018000.000
964	3918	3918000.000
965	3777	3777000.000
966	3738	3738000.000
967	3802	3802000.000
968	3853	3853000.000
969	3846	3846000.000
970	3832	3832000.000
971	3854	3854000.000
972	3822	3822000.000
973	3811	3811000.000
974	3772	3772000.000
975	3783	3783000.000
976	3911	3911000.000
977	3904	3904000.000
978	3945	3945000.000
979	3863	3863000.000
980	3918	3918000.000
981	3848	3848000.000
982	3973	3973000.000
983	3875	3875000.000
984	3979	3979000.000
985	3928	3928000.000
986	3972	3972000.000
987	3884	3884000.000
988	3813	3813000.000
989	3812	3812000.000
990	3778	3778000.000
991	3872	3872000.000
992	3906	3906000.000
993	3946	3946000.000
994	3812	3812000.000
995	3787	3787000.000
996	3862	3862000.000
997	3749	3749000.000
998	3817	3817000.000
999	3828	3828000.000
1000	3838	3838000.000
1001	3823	3823000.000
1002	3993	3993000.000
1003	3846	3846000.000
1004	3805	3805000.000
1005	3910	3910000.000
1006	3921	3921000.000
1007	3876	3876000.000
1008	3915	3915000.000
1009	3906	3906000.000
1010	3776	3776000.000
1011	3788	3788000.000
1012	3818	3818000.000
1013	3752	3752000.000
1014	3791	3791000.000
1015	3813	3813000.000
1016	3885	3885000.000
1017	3826	3826000.000
1018	3827	3827000.000
1019	3837	3837000.000
1020	3819	3819000.000
1021	3757	3757000.000
1022	3865	3865000.000
1023	3986	3986000.000
1024	3992	3992000.000
1025	3841	3841000.000
1026	3975	3975000.000
1027	3871	3871000.000
1028	3900	3900000.000
1029	3866	3866000.000
1030	3850	3850000.000
1031	3998	3998000.000
1032	3928	3928000.000
1033	3949	3949000.000
1034	3837	3837000.000
1035	3841	3841000.000
1036	3768	3768000.000
1037	3774	3774000.000
1038	3876	3876000.000
1039	3884	3884000.000
1040	3813	3813000.000
1041	3804	3804000.000
1042	3722	3722000.000
1043	3830	3830000.000
1044	3792	3792000.000
1045	3811	3811000.000
1046	3922	3922000.000
1047	3981	3981000.000
1048	3959	3959000.000
1049	3971	3971000.000
1050	3964	3964000.000
1051	3942	3942000.000
1052	3956	3956000.000
1053	3961	3961000.000
1054	3977	3977000.000
1055	3936	3936000.000
1056	3887	3887000.000
1057	3860	3860000.000
1058	3898	3898000.000
1059	3742	3742000.000
1060	3805	3805000.000
1061	3751	3751000.000
1062	3856	3856000.000
1063	3780	3780000.000
1064	3821	3821000.000
1065	3770	3770000.000
1066	3837	3837000.000
1067	3912	3912000.000
1068	3925	3925000.000
1069	4027	4027000.000
1070	4040	4040000.000
1071	3949	3949000.000
1072	3999	3999000.000
1073	3861	3861000.000
1074	3923	3923000.000
1075	3829	3829000.000
1076	3930	3930000.000
1077	3988	3988000.000
1078	3880	3880000.000
1079	3833	3833000.000
1080	3773	3773000.000
1081	3826	3826000.000
1082	3742	3742000.000
1083	3778	3778000.000
1084	3763	3763000.000
1085	3883	3883000.000
1086	3872	3872000.000
1087	3787	3787000.000
1088	3783	3783000.000
1089	3781	3781000.000
1090	3816	3816000.000
1091	3893	3893000.000
1092	3850	3850000.000
1093	4025	4025000.000
1094	3828	3828000.000
1095	3950	3950000.000
1096	3811	3811000.000
1097	3793	3793000.000
1098	3879	3879000.000
1099	3944	3944000.000
1100	3951	3951000.000
1101	3893	3893000.000
1102	3960	3960000.000
1103	3925	3925000.000
1104	3793	3793000.000
1105	3834	3834000.000
1106	3778	3778000.000
1107	3765	3765000.000
1108	3838	3838000.000
1109	3786	3786000.000
1110	3716	3716000.000
1111	3861	3861000.000
1112	3727	3727000.000
1113	3806	3806000.000
1114	3904	3904000.000
1115	3905	3905000.000
1116	4056	4056000.000
1117	3914	3914000.000
1118	3838	3838000.000
1119	3821	3821000.000
1120	3882	3882000.000
1121	3933	3933000.000
1122	3853	3853000.000
1123	3877	3877000.000
1124	3891	3891000.000
1125	3924	3924000.000
1126	3911	3911000.000
1127	3806	3806000.000
1128	3721	3721000.000
1129	3657	3657000.000
1130	3780	3780000.000
1131	3889	3889000.000
1132	3801	3801000.000
1133	3861	3861000.000
1134	3833	3833000.000
1135	3803	3803000.000
1136	3797	3797000.000
1137	3770	3770000.000
1138	3841	3841000.000
1139	3973	3973000.000
1140	4021	4021000.000
1141	3937	3937000.000
1142	3955	3955000.000
1143	3924	3924000.000
1144	3854	3854000.000
1145	3896	3896000.000
1146	3931	3931000.000
1147	4010	4010000.000
1148	3868	3868000.000
1149	3886	3886000.000
1150	3801	3801000.000
1151	3823	3823000.000
1152	3810	3810000.000
1153	3871	3871000.000
1154	3838	3838000.000
1155	3863	3863000.000
1156	3830	3830000.000
1157	3864	3864000.000
1158	3687	3687000.000
1159	3835	3835000.000
1160	3930	3930000.000
1161	3876	3876000.000
1162	3942	3942000.000
1163	3981	3981000.000
1164	4022	4022000.000
1165	3868	3868000.000
1166	3918	3918000.000
1167	3983	3983000.000
1168	4009	4009000.000
1169	3974	3974000.000
1170	3957	3957000.000
1171	3819	3819000.000
1172	3810	3810000.000
1173	3795	3795000.000
1174	3800	3800000.000
1175	3762	3762000.000
1176	3781	3781000.000
1177	3857	3857000.000
1178	3851	3851000.000
1179	3857	3857000.000
1180	3828	3828000.000
1181	3768	3768000.000
1182	3786	3786000.000
1183	3861	3861000.000
1184	3844	3844000.000
1185	3928	3928000.000
1186	3911	3911000.000
1187	3943	3943000.000
1188	3982	3982000.000
1189	3954	3954000.000
1190	3918	3918000.000
1191	3886	3886000.000
1192	3887	3887000.000
1193	3923	3923000.000
1194	4052	4052000.000
1195	3870	3870000.000
1196	3774	3774000.000
1197	3724	3724000.000
1198	3828	3828000.000
1199	3832	3832000.000
1200	3923	3923000.000
1201	3888	3888000.000
1202	3836	3836000.000
1203	3846	3846000.000
1204	3772	3772000.000
1205	3819	3819000.000
1206	3863	3863000.000
1207	3895	3895000.000
1208	3848	3848000.000
1209	4018	4018000.000
1210	3865	3865000.000
1211	3938	3938000.000
1212	3924	3924000.000
1213	4022	4022000.000
1214	3980	3980000.000
1215	3950	3950000.000
1216	3867	3867000.000
1217	4026	4026000.000
1218	3888	3888000.000
1219	3873	3873000.000
1220	3850	3850000.000
1221	3768	3768000.000
1222	3828	3828000.000
1223	3995	3995000.000
1224	3909	3909000.000
1225	3827	3827000.000
1226	3861	3861000.000
1227	3844	3844000.000
1228	3761	3761000.000
1229	3763	3763000.000
1230	3797	3797000.000
1231	3916	3916000.000
1232	3883	3883000.000
1233	4040	4040000.000
1234	3887	3887000.000
1235	3968	3968000.000
1236	3897	3897000.000
1237	3874	3874000.000
1238	3903	3903000.000
1239	4062	4062000.000
1240	3892	3892000.000
1241	3973	3973000.000
1242	3966	3966000.000
1243	3804	3804000.000
1244	3784	3784000.000
1245	3798	3798000.000
1246	3850	3850000.000
1247	3778	3778000.000
1248	3810	3810000.000
1249	3892	3892000.000
1250	3734	3734000.000
1251	3848	3848000.000
1252	3727	3727000.000
1253	3923	3923000.000
1254	3856	3856000.000
1255	3919	3919000.000
1256	3953	3953000.000
1257	3910	3910000.000
1258	3936	3936000.000
1259	3976	3976000.000
1260	3968	3968000.000
1261	3849	3849000.000
1262	3903	3903000.000
1263	3966	3966000.000
1264	3944	3944000.000
1265	3911	3911000.000
1266	3835	3835000.000
1267	3822	3822000.000
1268	3844	3844000.000
1269	3845	3845000.000
1270	3883	3883000.000
1271	3843	3843000.000
1272	3856	3856000.000
1273	3800	3800000.000
1274	3836	3836000.000
1275	3818	3818000.000
1276	3789	3789000.000
1277	3894	3894000.000
1278	3904	3904000.000
1279	3948	3948000.000
1280	3874	3874000.000
1281	3979	3979000.000
1282	4012	4012000.000
1283	3949	3949000.000
1284	3823	3823000.000
1285	3900	3900000.000
1286	3970	3970000.000
1287	3980	3980000.000
1288	3866	3866000.000
1289	3805	3805000.000
1290	3836	3836000.000
1291	3853	3853000.000
1292	3866	3866000.000
1293	3938	3938000.000
1294	3885	3885000.000
1295	3946	3946000.000
1296	3945	3945000.000
1297	3835	3835000.000
1298	3851	3851000.000
1299	3784	3784000.000
1300	3863	3863000.000
1301	3939	3939000.000
1302	3883	3883000.000
1303	3948	3948000.000
1304	4093	4093000.000
1305	3974	3974000.000
1306	3992	3992000.000
1307	3876	3876000.000
1308	3900	3900000.000
1309	3906	3906000.000
1310	3945	3945000.000
1311	3840	3840000.000
1312	3749	3749000.000
1313	3894	3894000.000
1314	3784	3784000.000
1315	3881	3881000.000
1316	3856	3856000.000
1317	3822	3822000.000
1318	3912	3912000.000
1319	3786	3786000.000
1320	3950	3950000.000
1321	3817	3817000.000
1322	3799	3799000.000
1323	3933	3933000.000
1324	3831	3831000.000
1325	3960	3960000.000
1326	4023	4023000.000
1327	4041	4041000.000
1328	3874	3874000.000
1329	3919	3919000.000
1330	3918	3918000.000
1331	3906	3906000.000
1332	3959	3959000.000
1333	3962	3962000.000
1334	3923	3923000.000
1335	3796	3796000.000
1336	3810	3810000.000
1337	3729	3729000.000
1338	3824	3824000.000
1339	3858	3858000.000
1340	3872	3872000.000
1341	4006	4006000.000
1342	3853	3853000.000
1343	3883	3883000.000
1344	3726	3726000.000
1345	3923	3923000.000
1346	3720	3720000.000
1347	3838	3838000.000
1348	3874	3874000.000
1349	3923	3923000.000
1350	4075	4075000.000
1351	3921	3921000.000
1352	3903	3903000.000
1353	3959	3959000.000
1354	4016	4016000.000
1355	3922	3922000.000
1356	4043	4043000.000
1357	3929	3929000.000
1358	3878	3878000.000
1359	3826	3826000.000
1360	3779	3779000.000
1361	3731	3731000.000
1362	3858	3858000.000
1363	3834	3834000.000
1364	3919	3919000.000
1365	3857	3857000.000
1366	3835	3835000.000
1367	3771	3771000.000
1368	3753	3753000.000
1369	3899	3899000.000
1370	3895	3895000.000
1371	4018	4018000.000
1372	3989	3989000.000
1373	3930	3930000.000
1374	3941	3941000.000
1375	3920	3920000.000
1376	3925	3925000.000
1377	3859	3859000.000
1378	4000	4000000.000
1379	3953	3953000.000
1380	3847	3847000.000
1381	3832	3832000.000
1382	3811	3811000.000
1383	3789	3789000.000
1384	3800	3800000.000
1385	3827	3827000.000
1386	3844	3844000.000
1387	3799	3799000.000
1388	3862	3862000.000
1389	3826	3826000.000
1390	3778	3778000.000
1391	3824	3824000.000
1392	3844	3844000.000
1393	3894	3894000.000
1394	3892	3892000.000
1395	4010	4010000.000
1396	3955	3955000.000
1397	3971	3971000.000
1398	3960	3960000.000
1399	4012	4012000.000
1400	3934	3934000.000
1401	3962	3962000.000
1402	3953	3953000.000
1403	3924	3924000.000
1404	3859	3859000.000
1405	3789	3789000.000
1406	3761	3761000.000
1407	3810	3810000.000
1408	3744	3744000.000
1409	3847	3847000.000
1410	3782	3782000.000
1411	3867	3867000.000
1412	3895	3895000.000
1413	3815	3815000.000
1414	3856	3856000.000
1415	3802	3802000.000
1416	3932	3932000.000
1417	3967	3967000.000
1418	3890	3890000.000
1419	3963	3963000.000
1420	4016	4016000.000
1421	3994	3994000.000
1422	3839	3839000.000
1423	3956	3956000.000
1424	3947	3947000.000
1425	3938	3938000.000
1426	3917	3917000.000
1427	3950	3950000.000
1428	3808	3808000.000
1429	3815	3815000.000
1430	3871	3871000.000
1431	3834	3834000.000
1432	3758	3758000.000
1433	3800	3800000.000
1434	3860	3860000.000
1435	3754	3754000.000
1436	3746	3746000.000
1437	3818	3818000.000
1438	3835	3835000.000
1439	3800	3800000.000
1440	3841	3841000.000
1441	3937	3937000.000
1442	4041	4041000.000
1443	3981	3981000.000
1444	3971	3971000.000
1445	3959	3959000.000
1446	3949	3949000.000
1447	3923	3923000.000
1448	3971	3971000.000
1449	3895	3895000.000
1450	3901	3901000.000
1451	3795	3795000.000
1452	3777	3777000.000
1453	3812	3812000.000
1454	3869	3869000.000
1455	3846	3846000.000
1456	3825	3825000.000
1457	3826	3826000.000
1458	3807	3807000.000
1459	3764	3764000.000
1460	3857	3857000.000
1461	3752	3752000.000
1462	3856	3856000.000
1463	3836	3836000.000
1464	3924	3924000.000
1465	3951	3951000.000
1466	3913	3913000.000
1467	3924	3924000.000
1468	3947	3947000.000
1469	3945	3945000.000
1470	3989	3989000.000
1471	3913	3913000.000
1472	3966	3966000.000
1473	3831	3831000.000
1474	3806	3806000.000
1475	3764	3764000.000
1476	3771	3771000.000
1477	3837	3837000.000
1478	3800	3800000.000
1479	3867	3867000.000
1480	3883	3883000.000
1481	3782	3782000.000
1482	3658	3658000.000
1483	3801	3801000.000
1484	3846	3846000.000
1485	3813	3813000.000
1486	3936	3936000.000
1487	3994	3994000.000
1488	3906	3906000.000
1489	3950	3950000.000
1490	3957	3957000.000
1491	4033	4033000.000
1492	3942	3942000.000
1493	3960	3960000.000
1494	3877	3877000.000
1495	3902	3902000.000
1496	3913	3913000.000
1497	3810	3810000.000
1498	3803	3803000.000
1499	3769	3769000.000
1500	3749	3749000.000
1501	3881	3881000.000
1502	3820	3820000.000
1503	3830	3830000.000
1504	3788	3788000.000
1505	3843	3843000.000
1506	3807	3807000.000
1507	3834	3834000.000
1508	3908	3908000.000
1509	3945	3945000.000
1510	3958	3958000.000
1511	4007	4007000.000
1512	3961	3961000.000
1513	3813	3813000.000
1514	3880	3880000.000
1515	3942	3942000.000
1516	3931	3931000.000
1517	3850	3850000.000
1518	3885	3885000.000
1519	3860	3860000.000
1520	3889	3889000.000
1521	3765	3765000.000
1522	3830	3830000.000
1523	3840	3840000.000
1524	3846	3846000.000
1525	3819	3819000.000
1526	3788	3788000.000
1527	3754	3754000.000
1528	3848	3848000.000
1529	3852	3852000.000
1530	3870	3870000.000
1531	3959	3959000.000
1532	3819	3819000.000
1533	3941	3941000.000
1534	3951	3951000.000
1535	3856	3856000.000
1536	3965	3965000.000
1537	4009	4009000.000
1538	3955	3955000.000
1539	3896	3896000.000
1540	3923	3923000.000
1541	3807	3807000.000
1542	3861	3861000.000
1543	3845	3845000.000
1544	3790	3790000.000
1545	3746	3746000.000
1546	3735	3735000.000
1547	3866	3866000.000
1548	3816	3816000.000
1549	3728	3728000.000
1550	3837	3837000.000
1551	3725	3725000.000
1552	3746	3746000.000
1553	3798	3798000.000
1554	3835	3835000.000
1555	3818	3818000.000
1556	3874	3874000.000
1557	3993	3993000.000
1558	3985	3985000.000
1559	4016	4016000.000
1560	3974	3974000.000
1561	3918	3918000.000
1562	3993	3993000.000
1563	3913	3913000.000
1564	3917	3917000.000
1565	3929	3929000.000
1566	3834	3834000.000
1567	3807	3807000.000
1568	3763	3763000.000
1569	3849	3849000.000
1570	3922	3922000.000
1571	3774	3774000.000
1572	3816	3816000.000
1573	3766	3766000.000
1574	3754	3754000.000
1575	3779	3779000.000
1576	3819	3819000.000
1577	3847	3847000.000
1578	3990	3990000.000
1579	3923	3923000.000
1580	3957	3957000.000
1581	3914	3914000.000
1582	3963	3963000.000
1583	4028	4028000.000
1584	3965	3965000.000
1585	3907	3907000.000
1586	3881	3881000.000
1587	3994	3994000.000
1588	3987	3987000.000
1589	3931	3931000.000
1590	3831	3831000.000
1591	3830	3830000.000
1592	3792	3792000.000
1593	3705	3705000.000
1594	3759	3759000.000
1595	3779	3779000.000
1596	3768	3768000.000
1597	3775	3775000.000
1598	3787	3787000.000
1599	3874	3874000.000
1600	3874	3874000.000
1601	3944	3944000.000
1602	3963	3963000.000
1603	3892	3892000.000
1604	4027	4027000.000
1605	3946	3946000.000
1606	3952	3952000.000
1607	3946	3946000.000
1608	3886	3886000.000
1609	4005	4005000.000
1610	3929	3929000.000
1611	3784	3784000.000
1612	3761	3761000.000
1613	3840	3840000.000
1614	3892	3892000.000
1615	3845	3845000.000
1616	3996	3996000.000
1617	3779	3779000.000
1618	3806	3806000.000
1619	3790	3790000.000
1620	3810	3810000.000
1621	3799	3799000.000
1622	3865	3865000.000
1623	3759	3759000.000
1624	3860	3860000.000
1625	3891	3891000.000
1626	3985	3985000.000
1627	4013	4013000.000
1628	3946	3946000.000
1629	3992	3992000.000
1630	3877	3877000.000
1631	3871	3871000.000
1632	3886	3886000.000
1633	4035	4035000.000
1634	3895	3895000.000
1635	3848	3848000.000
1636	3754	3754000.000
1637	3823	3823000.000
1638	3794	3794000.000
1639	3763	3763000.000
1640	3785	3785000.000
1641	3830	3830000.000
1642	3852	3852000.000
1643	3864	3864000.000
1644	3730	3730000.000
1645	3756	3756000.000
1646	3772	3772000.000
1647	3823	3823000.000
1648	3927	3927000.000
1649	3959	3959000.000
1650	3889	3889000.000
1651	3978	3978000.000
1652	3868	3868000.000
1653	3899	3899000.000
1654	3952	3952000.000
1655	3914	3914000.000
1656	3957	3957000.000
1657	3931	3931000.000
1658	3864	3864000.000
1659	3786	3786000.000
1660	3880	3880000.000
1661	3778	3778000.000
1662	3838	3838000.000
1663	3890	3890000.000
1664	3813	3813000.000
1665	3865	3865000.000
1666	3712	3712000.000
1667	3732	3732000.000
1668	3769	3769000.000
1669	3774	3774000.000
1670	3820	3820000.000
1671	3971	3971000.000
1672	3900	3900000.000
1673	4008	4008000.000
1674	3914	3914000.000
1675	3888	3888000.000
1676	3983	3983000.000
1677	4001	4001000.000
1678	3999	3999000.000
1679	3947	3947000.000
1680	3901	3901000.000
1681	3842	3842000.000
1682	3788	3788000.000
1683	3836	3836000.000
1684	3778	3778000.000
1685	3773	3773000.000
1686	3849	3849000.000
1687	3729	3729000.000
1688	3763	3763000.000
1689	3774	3774000.000
1690	3776	3776000.000
1691	3743	3743000.000
1692	3773	3773000.000
1693	3751	3751000.000
1694	3829	3829000.000
1695	3855	3855000.000
1696	3872	3872000.000
1697	3832	3832000.000
1698	3989	3989000.000
1699	3922	3922000.000
1700	3957	3957000.000
1701	3991	3991000.000
1702	3883	3883000.000
1703	3909	3909000.000
1704	3833	3833000.000
1705	3858	3858000.000
1706	3741	3741000.000
1707	3846	3846000.000
1708	3871	3871000.000
1709	3873	3873000.000
1710	3819	3819000.000
1711	3773	3773000.000
1712	3770	3770000.000
1713	3887	3887000.000
1714	3921	3921000.000
1715	3903	3903000.000
1716	3893	3893000.000
1717	3897	3897000.000
1718	3885	3885000.000
1719	3885	3885000.000
1720	3908	3908000.000
1721	3914	3914000.000
1722	4019	4019000.000
1723	3918	3918000.000
1724	3945	3945000.000
1725	3922	3922000.000
1726	3859	3859000.000
1727	3858	3858000.000
1728	3805	3805000.000
1729	3832	3832000.000
1730	3665	3665000.000
1731	3792	3792000.000
1732	3879	3879000.000
1733	3812	3812000.000
1734	3776	3776000.000
1735	3739	3739000.000
1736	3796	3796000.000
1737	3833	3833000.000
1738	3787	3787000.000
1739	3828	3828000.000
1740	3949	3949000.000
1741	3969	3969000.000
1742	3941	3941000.000
1743	3872	3872000.000
1744	3948	3948000.000
1745	3898	3898000.000
1746	3999	3999000.000
1747	3890	3890000.000
1748	3853	3853000.000
1749	3909	3909000.000
1750	3795	3795000.000
1751	3852	3852000.000
1752	3765	3765000.000
1753	3829	3829000.000
1754	3885	3885000.000
1755	3805	3805000.000
1756	3791	3791000.000
1757	3844	3844000.000
1758	3853	3853000.000
1759	3698	3698000.000
1760	3843	3843000.000
1761	3750	3750000.000
1762	3840	3840000.000
1763	3782	3782000.000
1764	3948	3948000.000
1765	3940	3940000.000
1766	3981	3981000.000
1767	3917	3917000.000
1768	4071	4071000.000
1769	4003	4003000.000
1770	3983	3983000.000
1771	4010	4010000.000
1772	3908	3908000.000
1773	3943	3943000.000
1774	3783	3783000.000
1775	3838	3838000.000
1776	3792	3792000.000
1777	3850	3850000.000
1778	3841	3841000.000
1779	3854	3854000.000
1780	3839	3839000.000
1781	3754	3754000.000
1782	3862	3862000.000
1783	3782	3782000.000
1784	3711	3711000.000
1785	3797	3797000.000
1786	3909	3909000.000
1787	3954	3954000.000
1788	4056	4056000.000
1789	3900	3900000.000
1790	3862	3862000.000
1791	3967	3967000.000
1792	3871	3871000.000
1793	3997	3997000.000
1794	3877	3877000.000
1795	3875	3875000.000
1796	3774	3774000.000
1797	3797	3797000.000
1798	3793	3793000.000
1799	3727	3727000.000
1800	3751	3751000.000
1801	3798	3798000.000
1802	3754	3754000.000
1803	3815	3815000.000
1804	3807	3807000.000
1805	3818	3818000.000
1806	3770	3770000.000
1807	3869	3869000.000
1808	3790	3790000.000
1809	3853	3853000.000
1810	3886	3886000.000
1811	3912	3912000.000
1812	4048	4048000.000
1813	3923	3923000.000
1814	3966	3966000.000
1815	4050	4050000.000
1816	3982	3982000.000
1817	3970	3970000.000
1818	3907	3907000.000
1819	3769	3769000.000
1820	3810	3810000.000
1821	3844	3844000.000
1822	3767	3767000.000
1823	3756	3756000.000
1824	3859	3859000.000
1825	3937	3937000.000
1826	3799	3799000.000
1827	3863	3863000.000
1828	3753	3753000.000
1829	3831	3831000.000
1830	3834	3834000.000
1831	3839	3839000.000
1832	3901	3901000.000
1833	3969	3969000.000
1834	3948	3948000.000
1835	3991	3991000.000
1836	3955	3955000.000
1837	3934	3934000.000
1838	3971	3971000.000
1839	3911	3911000.000
1840	3841	3841000.000
1841	3765	3765000.000
1842	3791	3791000.000
1843	3834	3834000.000
1844	3764	3764000.000
1845	3688	3688000.000
1846	3784	3784000.000
1847	3760	3760000.000
1848	3817	3817000.000
1849	3790	3790000.000
1850	3818	3818000.000
1851	3827	3827000.000
1852	3882	3882000.000
1853	3771	3771000.000
1854	3847	3847000.000
1855	3790	3790000.000
1856	3943	3943000.000
1857	3926	3926000.000
1858	3953	3953000.000
1859	3952	3952000.000
1860	3981	3981000.000
1861	3897	3897000.000
1862	3903	3903000.000
1863	3844	3844000.000
1864	3839	3839000.000
1865	3810	3810000.000
1866	3733	3733000.000
1867	3929	3929000.000
1868	3769	3769000.000
1869	3754	3754000.000
1870	3759	3759000.000
1871	3764	3764000.000
1872	3785	3785000.000
1873	3725	3725000.000
1874	3769	3769000.000
1875	3796	3796000.000
1876	3732	3732000.000
1877	3832	3832000.000
1878	3789	3789000.000
1879	3794	3794000.000
1880	3849	3849000.000
1881	3952	3952000.000
1882	3938	3938000.000
1883	3950	3950000.000
1884	3870	3870000.000
1885	4000	4000000.000
1886	3950	3950000.000
1887	3879	3879000.000
1888	3810	3810000.000
1889	3822	3822000.000
1890	3831	3831000.000
1891	3875	3875000.000
1892	3744	3744000.000
1893	3706	3706000.000
1894	3839	3839000.000
1895	3809	3809000.000
1896	3852	3852000.000
1897	3830	3830000.000
1898	3861	3861000.000
1899	3767	3767000.000
1900	3815	3815000.000
1901	3812	3812000.000
1902	3821	3821000.000
1903	3834	3834000.000
1904	3889	3889000.000
1905	3944	3944000.000
1906	3929	3929000.000
1907	3997	3997000.000
1908	4016	4016000.000
1909	3993	3993000.000
1910	3916	3916000.000
1911	3876	3876000.000
1912	3840	3840000.000
1913	3797	3797000.000
1914	3725	3725000.000
1915	3818	3818000.000
1916	3814	3814000.000
1917	3746	3746000.000
1918	3747	3747000.000
1919	3703	3703000.000
1920	3695	3695000.000
1921	3733	3733000.000
1922	3811	3811000.000
1923	3791	3791000.000
1924	3834	3834000.000
1925	3905	3905000.000
1926	3940	3940000.000
1927	3975	3975000.000
1928	3902	3902000.000
1929	3925	3925000.000
1930	3964	3964000.000
1931	3886	3886000.000
1932	3903	3903000.000
1933	3865	3865000.000
1934	3817	3817000.000
1935	3745	3745000.000
1936	3753	3753000.000
1937	3793	3793000.000
1938	3885	3885000.000
1939	3697	3697000.000
1940	3693	3693000.000
1941	3732	3732000.000
1942	3867	3867000.000
1943	3731	3731000.000
1944	3798	3798000.000
1945	3773	3773000.000
1946	3853	3853000.000
1947	3848	3848000.000
1948	3923	3923000.000
1949	3835	3835000.000
1950	3965	3965000.000
1951	3899	3899000.000
1952	3900	3900000.000
1953	3819	3819000.000
1954	3891	3891000.000
1955	3772	3772000.000
1956	3748	3748000.000
1957	3827	3827000.000
1958	3804	3804000.000
1959	3739	3739000.000
1960	3724	3724000.000
1961	3835	3835000.000
1962	3774	3774000.000
1963	3793	3793000.000
1964	3858	3858000.000
1965	3760	3760000.000
1966	3815	3815000.000
1967	3756	3756000.000
1968	3774	3774000.000
1969	3882	3882000.000
1970	3887	3887000.000
1971	3732	3732000.000
1972	3813	3813000.000
1973	3765	3765000.000
1974	3895	3895000.000
1975	3876	3876000.000
1976	3854	3854000.000
1977	3818	3818000.000
1978	3829	3829000.000
1979	3821	3821000.000
1980	3885	3885000.000
1981	3870	3870000.000
1982	3836	3836000.000
1983	3757	3757000.000
1984	3749	3749000.000
1985	3847	3847000.000
1986	3855	3855000.000
1987	3810	3810000.000
1988	3742	3742000.000
1989	3761	3761000.000
1990	3717	3717000.000
1991	3794	3794000.000
1992	3817	3817000.000
1993	3802	3802000.000
1994	3880	3880000.000
1995	3859	3859000.000
1996	3909	3909000.000
1997	4015	4015000.000
1998	3940	3940000.000
1999	3876	3876000.000
2000	3987	3987000.000
2001	3899	3899000.000
2002	3950	3950000.000
2003	3925	3925000.000
2004	3838	3838000.000
2005	3843	3843000.000
2006	3817	3817000.000
2007	3854	3854000.000
2008	3741	3741000.000
2009	3701	3701000.000
2010	3760	3760000.000
2011	3813	3813000.000
2012	3678	3678000.000
2013	3831	3831000.000
2014	3728	3728000.000
2015	3863	3863000.000
2016	3799	3799000.000
2017	3934	3934000.000
2018	3971	3971000.000
2019	3953	3953000.000
2020	3875	3875000.000
2021	3970	3970000.000
2022	3886	3886000.000
2023	3908	3908000.000
2024	3898	3898000.000
2025	3795	3795000.000
2026	3713	3713000.000
2027	3750	3750000.000
2028	3827	3827000.000
2029	3725	3725000.000
2030	3786	3786000.000
2031	3720	3720000.000
2032	3733	3733000.000
2033	3686	3686000.000
2034	3705	3705000.000
2035	3796	3796000.000
2036	3780	3780000.000
2037	3859	3859000.000
2038	3997	3997000.000
2039	4020	4020000.000
2040	3989	3989000.000
2041	3885	3885000.000
2042	3915	3915000.000
2043	3942	3942000.000
2044	3933	3933000.000
2045	3899	3899000.000
2046	3827	3827000.000
2047	3862	3862000.000
2048	3843	3843000.000
2049	3745	3745000.000
2050	3728	3728000.000
2051	3826	3826000.000
2052	3823	3823000.000
2053	3811	3811000.000
2054	3906	3906000.000
2055	3843	3843000.000
2056	3868	3868000.000
2057	3814	3814000.000
2058	3800	3800000.000
2059	3840	3840000.000
2060	3847	3847000.000
2061	3821	3821000.000
2062	3881	3881000.000
2063	3862	3862000.000
2064	3885	3885000.000
2065	3852	3852000.000
2066	3933	3933000.000
2067	3845	3845000.000
2068	3872	3872000.000
2069	3919	3919000.000
2070	3869	3869000.000
2071	3928	3928000.000
2072	3833	3833000.000
2073	3779	3779000.000
2074	3721	3721000.000
2075	3859	3859000.000
2076	3807	3807000.000
2077	3862	3862000.000
2078	3829	3829000.000
2079	3862	3862000.000
2080	3789	3789000.000
2081	3735	3735000.000
2082	3849	3849000.000
2083	3723	3723000.000
2084	3735	3735000.000
2085	3931	3931000.000
2086	3890	3890000.000
2087	3863	3863000.000
2088	3873	3873000.000
2089	3845	3845000.000
2090	3898	3898000.000
2091	3818	3818000.000
2092	3920	3920000.000
2093	3914	3914000.000
2094	3916	3916000.000
2095	3896	3896000.000
2096	3773	3773000.000
2097	3807	3807000.000
2098	3771	3771000.000
2099	3796	3796000.000
2100	3882	3882000.000
2101	3915	3915000.000
2102	3830	3830000.000
2103	3828	3828000.000
2104	3867	3867000.000
2105	3809	3809000.000
2106	3687	3687000.000
2107	3859	3859000.000
2108	3775	3775000.000
2109	3870	3870000.000
2110	3966	3966000.000
2111	3925	3925000.000
2112	3905	3905000.000
2113	3864	3864000.000
2114	3856	3856000.000
2115	3916	3916000.000
2116	3887	3887000.000
2117	3911	3911000.000
2118	3768	3768000.000
2119	3840	3840000.000
2120	3749	3749000.000
2121	3786	3786000.000
2122	3856	3856000.000
2123	3905	3905000.000
2124	3877	3877000.000
2125	3918	3918000.000
2126	3838	3838000.000
2127	3851	3851000.000
2128	3796	3796000.000
2129	3779	3779000.000
2130	3821	3821000.000
2131	3925	3925000.000
2132	3949	3949000.000
2133	4054	4054000.000
2134	3917	3917000.000
2135	3902	3902000.000
2136	3915	3915000.000
2137	3937	3937000.000
2138	3986	3986000.000
2139	3828	3828000.000
2140	3856	3856000.000
2141	3843	3843000.000
2142	3807	3807000.000
2143	3712	3712000.000
2144	3702	3702000.000
2145	3808	3808000.000
2146	3892	3892000.000
2147	3960	3960000.000
2148	3874	3874000.000
2149	3831	3831000.000
2150	3789	3789000.000
2151	3810	3810000.000
2152	3861	3861000.000
2153	3766	3766000.000
2154	3844	3844000.000
2155	3924	3924000.000
2156	3905	3905000.000
2157	3853	3853000.000
2158	3888	3888000.000
2159	3964	3964000.000
2160	3820	3820000.000
2161	3894	3894000.000
2162	3919	3919000.000
2163	3862	3862000.000
2164	3811	3811000.000
2165	3766	3766000.000
2166	3838	3838000.000
2167	3758	3758000.000
2168	3807	3807000.000
2169	3872	3872000.000
2170	3953	3953000.000
2171	3786	3786000.000
2172	3891	3891000.000
2173	3983	3983000.000
2174	3787	3787000.000
2175	3797	3797000.000
2176	3742	3742000.000
2177	3797	3797000.000
2178	3818	3818000.000
2179	3783	3783000.000
2180	3935	3935000.000
2181	3874	3874000.000
2182	3914	3914000.000
2183	3923	3923000.000
2184	3988	3988000.000
2185	3915	3915000.000
2186	3957	3957000.000
2187	3982	3982000.000
2188	3791	3791000.000
2189	3866	3866000.000
2190	3830	3830000.000
2191	3807	3807000.000
2192	3813	3813000.000
2193	3969	3969000.000
2194	3881	3881000.000
2195	3857	3857000.000
2196	3973	3973000.000
2197	3854	3854000.000
2198	3823	3823000.000
2199	3790	3790000.000
2200	3773	3773000.000
2201	3830	3830000.000
2202	3898	3898000.000
2203	3949	3949000.000
2204	3851	3851000.000
2205	3846	3846000.000
2206	3945	3945000.000
2207	3850	3850000.000
2208	3823	3823000.000
2209	3938	3938000.000
2210	3997	3997000.000
2211	3869	3869000.000
2212	3805	3805000.000
2213	3795	3795000.000
2214	3851	3851000.000
2215	3787	3787000.000
2216	3922	3922000.000
2217	3900	3900000.000
2218	3882	3882000.000
2219	3945	3945000.000
2220	3894	3894000.000
2221	3776	3776000.000
2222	3769	3769000.000
2223	3828	3828000.000
2224	3882	3882000.000
2225	4011	4011000.000
2226	3943	3943000.000
2227	3817	3817000.000
2228	3807	3807000.000
2229	3768	3768000.000
2230	3881	3881000.000
2231	3796	3796000.000
2232	3899	3899000.000
2233	3808	3808000.000
2234	3896	3896000.000
2235	3785	3785000.000
2236	3828	3828000.000
2237	3808	3808000.000
2238	3776	3776000.000
2239	3843	3843000.000
2240	3874	3874000.000
2241	3824	3824000.000
2242	3912	3912000.000
2243	3914	3914000.000
2244	3899	3899000.000
2245	3743	3743000.000
2246	3659	3659000.000
2247	3721	3721000.000
2248	3860	3860000.000
2249	3887	3887000.000
2250	3977	3977000.000
2251	3916	3916000.000
2252	3843	3843000.000
2253	3816	3816000.000
2254	3812	3812000.000
2255	3964	3964000.000
2256	3936	3936000.000
2257	3791	3791000.000
2258	3878	3878000.000
2259	3779	3779000.000
2260	3828	3828000.000
2261	3795	3795000.000
2262	3837	3837000.000
2263	3948	3948000.000
2264	3984	3984000.000
2265	3981	3981000.000
2266	3941	3941000.000
2267	3811	3811000.000
2268	3856	3856000.000
2269	3778	3778000.000
2270	3785	3785000.000
2271	3774	3774000.000
2272	3865	3865000.000
2273	3854	3854000.000
2274	3781	3781000.000
2275	3884	3884000.000
2276	3836	3836000.000
2277	3876	3876000.000
2278	3871	3871000.000
2279	3999	3999000.000
2280	3888	3888000.000
2281	3882	3882000.000
2282	3745	3745000.000
2283	3767	3767000.000
2284	3800	3800000.000
2285	3891	3891000.000
2286	3881	3881000.000
2287	3921	3921000.000
2288	4024	4024000.000
2289	3899	3899000.000
2290	3852	3852000.000
2291	3860	3860000.000
2292	3773	3773000.000
2293	3836	3836000.000
2294	3862	3862000.000
2295	3803	3803000.000
2296	3965	3965000.000
2297	3915	3915000.000
2298	3886	3886000.000
2299	3943	3943000.000
2300	3883	3883000.000
2301	3905	3905000.000
2302	3861	3861000.000
2303	3900	3900000.000
2304	3943	3943000.000
2305	3786	3786000.000
2306	3724	3724000.000
2307	3803	3803000.000
2308	3899	3899000.000
2309	3855	3855000.000
2310	3949	3949000.000
2311	3908	3908000.000
2312	3909	3909000.000
2313	3936	3936000.000
2314	3840	3840000.000
2315	3756	3756000.000
2316	3751	3751000.000
2317	3794	3794000.000
2318	3861	3861000.000
2319	3973	3973000.000
2320	3869	3869000.000
2321	3823	3823000.000
2322	3968	3968000.000
2323	3865	3865000.000
2324	3866	3866000.000
2325	3948	3948000.000
2326	3835	3835000.000
2327	3814	3814000.000
2328	3808	3808000.000
2329	3728	3728000.000
2330	3816	3816000.000
2331	3850	3850000.000
2332	3909	3909000.000
2333	3924	3924000.000
2334	3982	3982000.000
2335	3899	3899000.000
2336	3995	3995000.000
2337	3850	3850000.000
2338	3798	3798000.000
2339	3737	3737000.000
2340	3856	3856000.000
2341	3899	3899000.000
2342	3954	3954000.000
2343	3913	3913000.000
2344	3882	3882000.000
2345	3827	3827000.000
2346	3798	3798000.000
2347	3808	3808000.000
2348	3905	3905000.000
2349	3903	3903000.000
2350	3829	3829000.000
2351	3822	3822000.000
2352	3824	3824000.000
2353	3791	3791000.000
2354	3753	3753000.000
2355	3938	3938000.000
2356	3836	3836000.000
2357	3838	3838000.000
2358	3916	3916000.000
2359	3868	3868000.000
2360	3817	3817000.000
2361	3804	3804000.000
2362	3773	3773000.000
2363	3778	3778000.000
2364	3723	3723000.000
2365	3838	3838000.000
2366	3918	3918000.000
2367	3915	3915000.000
2368	3947	3947000.000
2369	3919	3919000.000
2370	3867	3867000.000
2371	3949	3949000.000
2372	3836	3836000.000
2373	3916	3916000.000
2374	3939	3939000.000
2375	3880	3880000.000
2376	3843	3843000.000
2377	3831	3831000.000
2378	3883	3883000.000
2379	3835	3835000.000
2380	3893	3893000.000
2381	3938	3938000.000
2382	3854	3854000.000
2383	3765	3765000.000
2384	3944	3944000.000
2385	3840	3840000.000
2386	3834	3834000.000
2387	3856	3856000.000
2388	3858	3858000.000
2389	3883	3883000.000
2390	3900	3900000.000
2391	3950	3950000.000
2392	4005	4005000.000
2393	3966	3966000.000
2394	3957	3957000.000
2395	3919	3919000.000
2396	3972	3972000.000
2397	3955	3955000.000
2398	3846	3846000.000
2399	3708	3708000.000
2400	3789	3789000.000
2401	3773	3773000.000
2402	3807	3807000.000
2403	3920	3920000.000
2404	3907	3907000.000
2405	3826	3826000.000
2406	3804	3804000.000
2407	3850	3850000.000
2408	3800	3800000.000
2409	3819	3819000.000
2410	3772	3772000.000
2411	3888	3888000.000
2412	3968	3968000.000
2413	3897	3897000.000
2414	4052	4052000.000
2415	3975	3975000.000
2416	3937	3937000.000
2417	3920	3920000.000
2418	3895	3895000.000
2419	3760	3760000.000
2420	3725	3725000.000
2421	3845	3845000.000
2422	3727	3727000.000
2423	3775	3775000.000
2424	3807	3807000.000
2425	3899	3899000.000
2426	3887	3887000.000
2427	3866	3866000.000
2428	3837	3837000.000
2429	3894	3894000.000
2430	3800	3800000.000
2431	3799	3799000.000
2432	3753	3753000.000
2433	3860	3860000.000
2434	3851	3851000.000
2435	3887	3887000.000
2436	3864	3864000.000
2437	3929	3929000.000
2438	3899	3899000.000
2439	3904	3904000.000
2440	3903	3903000.000
2441	3801	3801000.000
2442	3999	3999000.000
2443	3824	3824000.000
2444	3819	3819000.000
2445	3735	3735000.000
2446	3806	3806000.000
2447	3892	3892000.000
2448	3935	3935000.000
2449	3855	3855000.000
2450	3971	3971000.000
2451	3776	3776000.000
2452	3931	3931000.000
2453	3904	3904000.000
2454	3889	3889000.000
2455	3742	3742000.000
2456	3715	3715000.000
2457	3719	3719000.000
2458	3731	3731000.000
2459	3902	3902000.000
2460	3862	3862000.000
2461	3967	3967000.000
2462	3863	3863000.000
2463	3904	3904000.000
2464	3877	3877000.000
2465	3946	3946000.000
2466	3899	3899000.000
2467	3862	3862000.000
2468	3838	3838000.000
2469	3737	3737000.000
2470	3737	3737000.000
2471	3807	3807000.000
2472	3816	3816000.000
2473	3767	3767000.000
2474	3857	3857000.000
2475	3772	3772000.000
2476	3852	3852000.000
2477	3777	3777000.000
2478	3739	3739000.000
2479	3828	3828000.000
2480	3828	3828000.000
2481	3793	3793000.000
2482	3904	3904000.000
2483	3986	3986000.000
2484	3913	3913000.000
2485	3886	3886000.000
2486	4032	4032000.000
2487	3846	3846000.000
2488	3996	3996000.000
2489	3864	3864000.000
2490	3741	3741000.000
2491	3664	3664000.000
2492	3709	3709000.000
2493	3802	3802000.000
2494	3852	3852000.000
2495	3854	3854000.000
2496	3852	3852000.000
2497	3844	3844000.000
2498	3871	3871000.000
2499	3912	3912000.000
2500	3760	3760000.000
2501	3782	3782000.000
2502	3919	3919000.000
2503	3829	3829000.000
2504	3855	3855000.000
2505	3936	3936000.000
2506	3940	3940000.000
2507	3932	3932000.000
2508	3886	3886000.000
2509	3864	3864000.000
2510	3842	3842000.000
2511	3805	3805000.000
2512	3749	3749000.000
2513	3741	3741000.000
2514	3785	3785000.000
2515	3751	3751000.000
2516	3819	3819000.000
2517	3878	3878000.000
2518	3882	3882000.000
2519	3847	3847000.000
2520	3873	3873000.000
2521	3919	3919000.000
2522	3726	3726000.000
2523	3795	3795000.000
2524	3770	3770000.000
2525	3888	3888000.000
2526	3864	3864000.000
2527	3806	3806000.000
2528	3969	3969000.000
2529	3961	3961000.000
2530	3993	3993000.000
2531	3887	3887000.000
2532	3822	3822000.000
2533	3812	3812000.000
2534	3829	3829000.000
2535	3642	3642000.000
2536	3811	3811000.000
2537	3808	3808000.000
2538	3755	3755000.000
2539	3780	3780000.000
2540	3822	3822000.000
2541	3952	3952000.000
2542	3877	3877000.000
2543	3936	3936000.000
2544	3907	3907000.000
2545	3734	3734000.000
2546	3725	3725000.000
2547	3748	3748000.000
2548	3782	3782000.000
2549	3673	3673000.000
2550	3809	3809000.000
2551	3753	3753000.000
2552	3926	3926000.000
2553	3781	3781000.000
2554	3903	3903000.000
2555	3949	3949000.000
2556	3959	3959000.000
2557	3948	3948000.000
2558	3827	3827000.000
2559	3881	3881000.000
2560	3856	3856000.000
2561	3769	3769000.000
2562	3817	3817000.000
2563	3869	3869000.000
2564	3954	3954000.000
2565	3959	3959000.000
2566	3774	3774000.000
2567	3832	3832000.000
2568	3811	3811000.000
2569	3806	3806000.000
2570	3752	3752000.000
2571	3743	3743000.000
2572	3739	3739000.000
2573	3790	3790000.000
2574	3884	3884000.000
2575	3875	3875000.000
2576	4000	4000000.000
2577	3846	3846000.000
2578	3940	3940000.000
2579	4019	4019000.000
2580	3865	3865000.000
2581	3861	3861000.000
2582	3791	3791000.000
2583	3792	3792000.000
2584	3708	3708000.000
2585	3805	3805000.000
2586	3922	3922000.000
2587	3866	3866000.000
2588	3947	3947000.000
2589	3826	3826000.000
2590	3922	3922000.000
2591	3853	3853000.000
2592	3878	3878000.000
2593	3747	3747000.000
2594	3854	3854000.000
2595	3889	3889000.000
2596	3820	3820000.000
2597	3964	3964000.000
2598	3891	3891000.000
2599	3977	3977000.000
2600	3875	3875000.000
2601	3876	3876000.000
2602	3878	3878000.000
2603	3859	3859000.000
2604	3892	3892000.000
2605	3789	3789000.000
2606	3773	3773000.000
2607	3753	3753000.000
2608	3954	3954000.000
2609	3840	3840000.000
2610	3948	3948000.000
2611	3920	3920000.000
2612	3977	3977000.000
2613	3951	3951000.000
2614	3953	3953000.000
2615	3794	3794000.000
2616	3781	3781000.000
2617	3815	3815000.000
2618	3849	3849000.000
2619	3947	3947000.000
2620	3846	3846000.000
2621	3916	3916000.000
2622	3848	3848000.000
2623	3861	3861000.000
2624	3832	3832000.000
2625	3903	3903000.000
2626	3931	3931000.000
2627	3919	3919000.000
2628	3784	3784000.000
2629	3737	3737000.000
2630	3757	3757000.000
2631	3796	3796000.000
2632	3814	3814000.000
2633	3923	3923000.000
2634	3875	3875000.000
2635	3899	3899000.000
2636	3902	3902000.000
2637	3955	3955000.000
2638	3770	3770000.000
2639	3784	3784000.000
2640	3818	3818000.000
2641	3815	3815000.000
2642	3928	3928000.000
2643	3822	3822000.000
2644	3817	3817000.000
2645	3887	3887000.000
2646	3881	3881000.000
2647	3904	3904000.000
2648	3836	3836000.000
2649	3880	3880000.000
2650	3961	3961000.000
2651	3863	3863000.000
2652	3851	3851000.000
2653	3834	3834000.000
2654	3930	3930000.000
2655	3827	3827000.000
2656	3913	3913000.000
2657	3981	3981000.000
2658	4008	4008000.000
2659	3934	3934000.000
2660	3949	3949000.000
2661	3887	3887000.000
2662	3788	3788000.000
2663	3707	3707000.000
2664	3763	3763000.000
2665	3700	3700000.000
2666	3909	3909000.000
2667	3848	3848000.000
2668	3926	3926000.000
2669	3901	3901000.000
2670	3857	3857000.000
2671	3868	3868000.000
2672	3991	3991000.000
2673	3944	3944000.000
2674	3938	3938000.000
2675	3780	3780000.000
2676	3783	3783000.000
2677	3903	3903000.000
2678	3858	3858000.000
2679	3935	3935000.000
2680	4003	4003000.000
2681	3839	3839000.000
2682	3940	3940000.000
2683	3883	3883000.000
2684	3942	3942000.000
2685	3835	3835000.000
2686	3751	3751000.000
2687	3748	3748000.000
2688	3846	3846000.000
2689	3909	3909000.000
2690	3837	3837000.000
2691	3872	3872000.000
2692	3837	3837000.000
2693	3889	3889000.000
2694	3865	3865000.000
2695	3877	3877000.000
2696	3814	3814000.000
2697	3909	3909000.000
2698	3881	3881000.000
2699	3669	3669000.000
2700	3768	3768000.000
2701	3935	3935000.000
2702	3880	3880000.000
2703	3908	3908000.000
2704	3849	3849000.000
2705	3856	3856000.000
2706	3972	3972000.000
2707	3979	3979000.000
2708	3876	3876000.000
2709	3806	3806000.000
2710	3744	3744000.000
2711	3819	3819000.000
2712	3950	3950000.000
2713	3852	3852000.000
2714	3770	3770000.000
2715	3818	3818000.000
2716	3694	3694000.000
2717	3778	3778000.000
2718	3781	3781000.000
2719	3774	3774000.000
2720	4003	4003000.000
2721	3834	3834000.000
2722	3655	3655000.000
2723	3757	3757000.000
2724	3874	3874000.000
2725	3907	3907000.000
2726	3887	3887000.000
2727	3904	3904000.000
2728	3863	3863000.000
2729	3866	3866000.000
2730	4021	4021000.000
2731	3917	3917000.000
2732	3826	3826000.000
2733	3722	3722000.000
2734	3812	3812000.000
2735	3936	3936000.000
2736	3896	3896000.000
2737	3811	3811000.000
2738	3872	3872000.000
2739	3781	3781000.000
2740	3846	3846000.000
2741	3852	3852000.000
2742	3843	3843000.000
2743	3872	3872000.000
2744	3883	3883000.000
2745	3685	3685000.000
2746	3688	3688000.000
2747	3952	3952000.000
2748	3862	3862000.000
2749	3921	3921000.000
2750	3886	3886000.000
2751	3830	3830000.000
2752	3932	3932000.000
2753	3993	3993000.000
2754	3872	3872000.000
2755	3887	3887000.000
2756	3853	3853000.000
2757	3750	3750000.000
2758	3711	3711000.000
2759	3940	3940000.000
2760	3887	3887000.000
2761	3794	3794000.000
2762	3793	3793000.000
2763	3849	3849000.000
2764	3738	3738000.000
2765	3816	3816000.000
2766	3789	3789000.000
2767	3828	3828000.000
2768	3872	3872000.000
2769	3767	3767000.000
2770	3776	3776000.000
2771	3988	3988000.000
2772	3883	3883000.000
2773	4020	4020000.000
2774	3851	3851000.000
2775	3873	3873000.000
2776	3947	3947000.000
2777	3878	3878000.000
2778	3848	3848000.000
2779	3858	3858000.000
2780	3766	3766000.000
2781	3822	3822000.000
2782	3937	3937000.000
2783	3853	3853000.000
2784	3815	3815000.000
2785	3794	3794000.000
2786	3693	3693000.000
2787	3793	3793000.000
2788	3795	3795000.000
2789	3901	3901000.000
2790	3911	3911000.000
2791	3860	3860000.000
2792	3789	3789000.000
2793	3831	3831000.000
2794	3996	3996000.000
2795	3802	3802000.000
2796	3841	3841000.000
2797	3699	3699000.000
2798	3690	3690000.000
2799	3793	3793000.000
2800	3789	3789000.000
2801	3810	3810000.000
2802	3860	3860000.000
2803	3908	3908000.000
2804	3779	3779000.000
2805	3896	3896000.000
2806	3899	3899000.000
2807	3882	3882000.000
2808	3758	3758000.000
2809	3870	3870000.000
2810	3793	3793000.000
2811	3827	3827000.000
2812	3912	3912000.000
2813	3970	3970000.000
2814	3831	3831000.000
2815	3714	3714000.000
2816	3791	3791000.000
2817	3860	3860000.000
2818	3974	3974000.000
2819	3920	3920000.000
2820	3752	3752000.000
2821	3761	3761000.000
2822	3790	3790000.000
2823	3872	3872000.000
2824	3939	3939000.000
2825	3866	3866000.000
2826	3862	3862000.000
2827	3741	3741000.000
2828	3937	3937000.000
2829	3912	3912000.000
2830	3905	3905000.000
2831	3905	3905000.000
2832	3711	3711000.000
2833	3797	3797000.000
2834	3789	3789000.000
2835	3845	3845000.000
2836	3762	3762000.000
2837	4052	4052000.000
2838	3724	3724000.000
2839	3756	3756000.000
2840	3716	3716000.000
2841	3880	3880000.000
2842	3978	3978000.000
2843	3881	3881000.000
2844	3923	3923000.000
2845	3978	3978000.000
2846	3818	3818000.000
2847	3917	3917000.000
2848	3910	3910000.000
2849	3907	3907000.000
2850	3780	3780000.000
2851	3698	3698000.000
2852	3752	3752000.000
2853	3899	3899000.000
2854	3894	3894000.000
2855	3787	3787000.000
2856	3827	3827000.000
2857	3751	3751000.000
2858	3796	3796000.000
2859	3929	3929000.000
2860	3872	3872000.000
2861	3970	3970000.000
2862	3795	3795000.000
2863	3757	3757000.000
2864	3792	3792000.000
2865	3889	3889000.000
2866	3946	3946000.000
2867	3885	3885000.000
2868	3837	3837000.000
2869	3747	3747000.000
2870	3946	3946000.000
2871	3935	3935000.000
2872	3926	3926000.000
2873	3867	3867000.000
2874	3894	3894000.000
2875	3755	3755000.000
2876	3894	3894000.000
2877	3851	3851000.000
2878	3858	3858000.000
2879	3732	3732000.000
2880	3794	3794000.000
2881	3817	3817000.000
2882	3873	3873000.000
2883	3805	3805000.000
2884	3858	3858000.000
2885	4015	4015000.000
2886	3775	3775000.000
2887	3820	3820000.000
2888	3923	3923000.000
2889	3913	3913000.000
2890	3881	3881000.000
2891	3863	3863000.000
2892	3709	3709000.000
2893	3824	3824000.000
2894	3880	3880000.000
2895	3867	3867000.000
2896	3888	3888000.000
2897	3876	3876000.000
2898	3795	3795000.000
2899	3850	3850000.000
2900	3953	3953000.000
2901	3926	3926000.000
2902	3803	3803000.000
2903	3817	3817000.000
2904	3808	3808000.000
2905	3836	3836000.000
2906	3950	3950000.000
2907	3927	3927000.000
2908	3852	3852000.000
2909	3750	3750000.000
2910	3754	3754000.000
2911	3859	3859000.000
2912	3844	3844000.000
2913	3901	3901000.000
2914	3929	3929000.000
2915	3970	3970000.000
2916	3840	3840000.000
2917	3988	3988000.000
2918	3879	3879000.000
2919	3916	3916000.000
2920	3874	3874000.000
2921	3734	3734000.000
2922	3872	3872000.000
2923	3948	3948000.000
2924	3900	3900000.000
2925	3922	3922000.000
2926	3900	3900000.000
2927	3860	3860000.000
2928	3794	3794000.000
2929	3789	3789000.000
2930	3933	3933000.000
2931	3900	3900000.000
2932	3879	3879000.000
2933	3745	3745000.000
2934	3741	3741000.000
2935	3870	3870000.000
2936	3822	3822000.000
2937	3911	3911000.000
2938	3847	3847000.000
2939	3880	3880000.000
2940	3953	3953000.000
2941	3886	3886000.000
2942	3841	3841000.000
2943	3812	3812000.000
2944	3762	3762000.000
2945	3707	3707000.000
2946	3774	3774000.000
2947	3889	3889000.000
2948	3933	3933000.000
2949	3890	3890000.000
2950	3866	3866000.000
2951	3848	3848000.000
2952	3906	3906000.000
2953	3850	3850000.000
2954	3959	3959000.000
2955	3843	3843000.000
2956	3853	3853000.000
2957	3729	3729000.000
2958	3915	3915000.000
2959	3836	3836000.000
2960	3863	3863000.000
2961	3947	3947000.000
2962	3988	3988000.000
2963	4036	4036000.000
2964	3935	3935000.000
2965	3889	3889000.000
2966	4029	4029000.000
2967	3882	3882000.000
2968	3869	3869000.000
2969	3810	3810000.000
2970	3911	3911000.000
2971	3902	3902000.000
2972	3929	3929000.000
2973	3832	3832000.000
2974	3797	3797000.000
2975	3869	3869000.000
2976	3860	3860000.000
2977	3943	3943000.000
2978	3806	3806000.000
2979	3784	3784000.000
2980	3726	3726000.000
2981	3784	3784000.000
2982	3902	3902000.000
2983	3943	3943000.000
2984	4051	4051000.000
2985	3971	3971000.000
2986	4028	4028000.000
2987	3931	3931000.000
2988	4000	4000000.000
2989	3899	3899000.000
2990	3884	3884000.000
2991	3700	3700000.000
2992	3717	3717000.000
2993	3846	3846000.000
2994	3957	3957000.000
2995	3915	3915000.000
2996	3843	3843000.000
2997	3837	3837000.000
2998	3813	3813000.000
2999	3876	3876000.000
3000	3955	3955000.000
3001	3938	3938000.000
3002	3887	3887000.000
3003	3850	3850000.000
3004	3733	3733000.000
3005	3769	3769000.000
3006	3937	3937000.000
3007	3988	3988000.000
3008	3883	3883000.000
3009	4013	4013000.000
3010	3901	3901000.000
3011	3878	3878000.000
3012	3928	3928000.000
3013	3811	3811000.000
3014	3786	3786000.000
3015	3724	3724000.000
3016	3805	3805000.000
3017	3928	3928000.000
3018	3903	3903000.000
3019	3973	3973000.000
3020	3755	3755000.000
3021	3725	3725000.000
3022	3781	3781000.000
3023	3872	3872000.000
3024	3901	3901000.000
3025	4001	4001000.000
3026	3769	3769000.000
3027	3835	3835000.000
3028	3816	3816000.000
3029	3843	3843000.000
3030	3834	3834000.000
3031	3959	3959000.000
3032	3899	3899000.000
3033	3950	3950000.000
3034	3899	3899000.000
3035	3949	3949000.000
3036	3992	3992000.000
3037	3821	3821000.000
3038	3805	3805000.000
3039	3838	3838000.000
3040	3847	3847000.000
3041	4079	4079000.000
3042	3993	3993000.000
3043	3986	3986000.000
3044	3918	3918000.000
3045	3956	3956000.000
3046	3907	3907000.000
3047	3920	3920000.000
3048	3896	3896000.000
3049	3819	3819000.000
3050	3686	3686000.000
3051	3703	3703000.000
3052	3860	3860000.000
3053	3877	3877000.000
3054	3922	3922000.000
3055	3910	3910000.000
3056	3959	3959000.000
3057	4004	4004000.000
3058	3946	3946000.000
3059	3955	3955000.000
3060	3880	3880000.000
3061	3778	3778000.000
3062	3808	3808000.000
3063	3858	3858000.000
3064	3867	3867000.000
3065	3881	3881000.000
3066	3914	3914000.000
3067	3918	3918000.000
3068	3898	3898000.000
3069	3911	3911000.000
3070	3793	3793000.000
3071	3886	3886000.000
3072	3917	3917000.000
3073	3868	3868000.000
3074	3858	3858000.000
3075	3759	3759000.000
3076	3761	3761000.000
3077	3862	3862000.000
3078	3907	3907000.000
3079	3925	3925000.000
3080	3865	3865000.000
3081	3860	3860000.000
3082	3929	3929000.000
3083	3809	3809000.000
3084	3814	3814000.000
3085	3698	3698000.000
3086	3776	3776000.000
3087	3644	3644000.000
3088	3862	3862000.000
3089	3906	3906000.000
3090	3952	3952000.000
3091	3906	3906000.000
3092	3950	3950000.000
3093	3841	3841000.000
3094	4044	4044000.000
3095	3882	3882000.000
3096	3809	3809000.000
3097	3830	3830000.000
3098	3877	3877000.000
3099	3808	3808000.000
3100	3875	3875000.000
3101	3865	3865000.000
3102	3881	3881000.000
3103	3867	3867000.000
3104	3831	3831000.000
3105	3892	3892000.000
3106	3894	3894000.000
3107	3828	3828000.000
3108	3725	3725000.000
3109	3824	3824000.000
3110	3798	3798000.000
3111	3947	3947000.000
3112	3955	3955000.000
3113	3916	3916000.000
3114	3951	3951000.000
3115	3932	3932000.000
3116	3956	3956000.000
3117	3908	3908000.000
3118	3982	3982000.000
3119	3849	3849000.000
3120	3749	3749000.000
3121	3801	3801000.000
3122	3790	3790000.000
3123	3863	3863000.000
3124	3798	3798000.000
3125	3856	3856000.000
3126	3909	3909000.000
3127	3889	3889000.000
3128	3876	3876000.000
3129	3811	3811000.000
3130	3830	3830000.000
3131	3824	3824000.000
3132	3746	3746000.000
3133	3880	3880000.000
3134	3890	3890000.000
3135	4107	4107000.000
3136	3985	3985000.000
3137	3842	3842000.000
3138	3972	3972000.000
3139	3868	3868000.000
3140	3945	3945000.000
3141	3824	3824000.000
3142	3855	3855000.000
3143	3910	3910000.000
3144	3859	3859000.000
3145	3727	3727000.000
3146	3720	3720000.000
3147	3737	3737000.000
3148	3871	3871000.000
3149	3869	3869000.000
3150	3921	3921000.000
3151	3799	3799000.000
3152	3907	3907000.000
3153	3873	3873000.000
3154	3913	3913000.000
3155	3805	3805000.000
3156	3865	3865000.000
3157	3786	3786000.000
3158	3761	3761000.000
3159	3726	3726000.000
3160	3853	3853000.000
3161	3827	3827000.000
3162	4025	4025000.000
3163	3825	3825000.000
3164	3903	3903000.000
3165	3899	3899000.000
3166	3960	3960000.000
3167	3949	3949000.000
3168	3990	3990000.000
3169	3857	3857000.000
3170	3859	3859000.000
3171	3793	3793000.000
3172	3875	3875000.000
3173	3812	3812000.000
3174	3763	3763000.000
3175	3795	3795000.000
3176	3812	3812000.000
3177	3837	3837000.000
3178	3699	3699000.000
3179	3739	3739000.000
3180	3766	3766000.000
3181	3825	3825000.000
3182	3726	3726000.000
3183	3834	3834000.000
3184	3896	3896000.000
3185	3961	3961000.000
3186	3984	3984000.000
3187	3976	3976000.000
3188	3995	3995000.000
3189	3873	3873000.000
3190	3875	3875000.000
3191	3878	3878000.000
3192	3745	3745000.000
3193	3936	3936000.000
3194	3740	3740000.000
3195	3910	3910000.000
3196	3843	3843000.000
3197	3859	3859000.000
3198	3858	3858000.000
3199	3835	3835000.000
3200	3746	3746000.000
3201	3802	3802000.000
3202	3767	3767000.000
3203	3850	3850000.000
3204	3779	3779000.000
3205	3802	3802000.000
3206	3871	3871000.000
3207	3970	3970000.000
3208	3955	3955000.000
3209	3931	3931000.000
3210	4028	4028000.000
3211	3908	3908000.000
3212	3918	3918000.000
3213	3880	3880000.000
3214	3746	3746000.000
3215	3847	3847000.000
3216	3830	3830000.000
3217	3705	3705000.000
3218	3730	3730000.000
3219	3858	3858000.000
3220	3663	3663000.000
3221	3758	3758000.000
3222	3723	3723000.000
3223	3798	3798000.000
3224	3772	3772000.000
3225	3820	3820000.000
3226	3892	3892000.000
3227	3876	3876000.000
3228	3727	3727000.000
3229	3952	3952000.000
3230	3845	3845000.000
3231	3830	3830000.000
3232	3760	3760000.000
3233	3836	3836000.000
3234	3789	3789000.000
3235	3781	3781000.000
3236	3835	3835000.000
3237	3775	3775000.000
3238	3781	3781000.000
3239	3733	3733000.000
3240	3737	3737000.000
3241	3721	3721000.000
3242	3734	3734000.000
3243	3789	3789000.000
3244	3873	3873000.000
3245	3778	3778000.000
3246	3793	3793000.000
3247	3814	3814000.000
3248	3762	3762000.000
3249	3771	3771000.000
3250	3781	3781000.000
3251	3814	3814000.000
3252	3775	3775000.000
3253	3729	3729000.000
3254	3752	3752000.000
3255	3760	3760000.000
3256	3721	3721000.000
3257	3762	3762000.000
3258	3742	3742000.000
3259	3843	3843000.000
3260	3916	3916000.000
3261	3728	3728000.000
3262	3821	3821000.000
3263	3888	3888000.000
3264	3840	3840000.000
3265	3876	3876000.000
3266	3874	3874000.000
3267	3908	3908000.000
3268	3947	3947000.000
3269	3866	3866000.000
3270	3824	3824000.000
3271	3820	3820000.000
3272	3767	3767000.000
3273	3706	3706000.000
3274	3745	3745000.000
3275	3776	3776000.000
3276	3748	3748000.000
3277	3746	3746000.000
3278	3716	3716000.000
3279	3775	3775000.000
3280	3831	3831000.000
3281	3937	3937000.000
3282	3860	3860000.000
3283	3845	3845000.000
3284	3890	3890000.000
3285	3982	3982000.000
3286	3922	3922000.000
3287	3946	3946000.000
3288	3945	3945000.000
3289	3848	3848000.000
3290	3763	3763000.000
3291	3723	3723000.000
3292	3812	3812000.000
3293	3674	3674000.000
3294	3788	3788000.000
3295	3741	3741000.000
3296	3868	3868000.000
3297	3805	3805000.000
3298	3784	3784000.000
3299	3893	3893000.000
3300	3829	3829000.000
3301	3895	3895000.000
3302	3892	3892000.000
3303	3965	3965000.000
3304	3905	3905000.000
3305	3895	3895000.000
3306	3839	3839000.000
3307	3785	3785000.000
3308	3834	3834000.000
3309	3748	3748000.000
3310	3787	3787000.000
3311	3684	3684000.000
3312	3731	3731000.000
3313	3695	3695000.000
3314	3769	3769000.000
3315	3745	3745000.000
3316	3722	3722000.000
3317	3788	3788000.000
3318	3771	3771000.000
3319	3866	3866000.000
3320	3855	3855000.000
3321	3982	3982000.000
3322	3973	3973000.000
3323	3970	3970000.000
3324	4001	4001000.000
3325	3926	3926000.000
3326	3954	3954000.000
3327	4042	4042000.000
3328	3833	3833000.000
3329	3745	3745000.000
3330	3798	3798000.000
3331	3747	3747000.000
3332	3784	3784000.000
3333	3676	3676000.000
3334	3734	3734000.000
3335	3758	3758000.000
3336	3815	3815000.000
3337	3787	3787000.000
3338	3898	3898000.000
3339	3902	3902000.000
3340	3852	3852000.000
3341	3985	3985000.000
3342	3959	3959000.000
3343	3920	3920000.000
3344	3973	3973000.000
3345	3885	3885000.000
3346	3929	3929000.000
3347	3891	3891000.000
3348	3699	3699000.000
3349	3794	3794000.000
3350	3683	3683000.000
3351	3693	3693000.000
3352	3677	3677000.000
3353	3745	3745000.000
3354	3739	3739000.000
3355	3829	3829000.000
3356	3785	3785000.000
3357	3799	3799000.000
3358	3853	3853000.000
3359	3863	3863000.000
3360	3875	3875000.000
3361	3953	3953000.000
3362	3936	3936000.000
3363	3890	3890000.000
3364	3844	3844000.000
3365	3859	3859000.000
3366	3780	3780000.000
3367	3747	3747000.000
3368	3775	3775000.000
3369	3776	3776000.000
3370	3686	3686000.000
3371	3714	3714000.000
3372	3779	3779000.000
3373	3861	3861000.000
3374	3854	3854000.000
3375	3957	3957000.000
3376	3869	3869000.000
3377	3892	3892000.000
3378	3967	3967000.000
3379	3940	3940000.000
3380	4034	4034000.000
3381	3958	3958000.000
3382	3991	3991000.000
3383	3891	3891000.000
3384	3740	3740000.000
3385	3769	3769000.000
3386	3799	3799000.000
3387	3791	3791000.000
3388	3731	3731000.000
3389	3769	3769000.000
3390	3718	3718000.000
3391	3772	3772000.000
3392	3763	3763000.000
3393	3799	3799000.000
3394	3765	3765000.000
3395	3807	3807000.000
3396	3922	3922000.000
3397	3899	3899000.000
3398	3996	3996000.000
3399	3870	3870000.000
3400	3776	3776000.000
3401	3796	3796000.000
3402	3692	3692000.000
3403	3790	3790000.000
3404	3776	3776000.000
3405	3716	3716000.000
3406	3682	3682000.000
3407	3696	3696000.000
3408	3647	3647000.000
3409	3779	3779000.000
3410	3751	3751000.000
3411	3767	3767000.000
3412	3936	3936000.000
3413	3883	3883000.000
3414	4031	4031000.000
3415	3979	3979000.000
3416	4058	4058000.000
3417	4024	4024000.000
3418	3974	3974000.000
3419	3878	3878000.000
3420	3868	3868000.000
3421	3787	3787000.000
3422	3758	3758000.000
3423	3740	3740000.000
3424	3831	3831000.000
3425	3630	3630000.000
3426	3724	3724000.000
3427	3699	3699000.000
3428	3693	3693000.000
3429	3774	3774000.000
3430	3768	3768000.000
3431	3813	3813000.000
3432	3993	3993000.000
3433	4041	4041000.000
3434	4017	4017000.000
3435	3971	3971000.000
3436	3903	3903000.000
3437	3943	3943000.000
3438	3911	3911000.000
3439	3828	3828000.000
3440	3862	3862000.000
3441	3763	3763000.000
3442	3776	3776000.000
3443	3661	3661000.000
3444	3732	3732000.000
3445	3750	3750000.000
3446	3817	3817000.000
3447	3808	3808000.000
3448	3716	3716000.000
3449	3816	3816000.000
3450	3823	3823000.000
3451	3893	3893000.000
3452	3948	3948000.000
3453	4036	4036000.000
3454	4011	4011000.000
3455	3957	3957000.000
3456	3892	3892000.000
3457	3844	3844000.000
3458	3825	3825000.000
3459	3835	3835000.000
3460	3753	3753000.000
3461	3774	3774000.000
3462	3765	3765000.000
3463	3744	3744000.000
3464	3702	3702000.000
3465	3773	3773000.000
3466	3719	3719000.000
3467	3782	3782000.000
3468	3864	3864000.000
3469	3855	3855000.000
3470	3868	3868000.000
3471	3951	3951000.000
3472	3930	3930000.000
3473	4016	4016000.000
3474	4063	4063000.000
3475	3926	3926000.000
3476	3958	3958000.000
3477	3878	3878000.000
3478	3940	3940000.000
3479	3851	3851000.000
3480	3839	3839000.000
3481	3823	3823000.000
3482	3768	3768000.000
3483	3777	3777000.000
3484	3775	3775000.000
3485	3719	3719000.000
3486	3828	3828000.000
3487	3825	3825000.000
3488	3817	3817000.000
3489	3859	3859000.000
3490	3907	3907000.000
3491	3972	3972000.000
3492	3926	3926000.000
3493	3866	3866000.000
3494	3914	3914000.000
3495	3874	3874000.000
3496	3794	3794000.000
3497	3814	3814000.000
3498	3796	3796000.000
3499	3834	3834000.000
3500	3762	3762000.000
3501	3776	3776000.000
3502	3797	3797000.000
3503	3719	3719000.000
3504	3745	3745000.000
3505	3731	3731000.000
3506	3873	3873000.000
3507	3815	3815000.000
3508	3898	3898000.000
3509	3848	3848000.000
3510	3920	3920000.000
3511	3754	3754000.000
3512	3803	3803000.000
3513	3880	3880000.000
3514	3758	3758000.000
3515	3763	3763000.000
3516	3716	3716000.000
3517	3763	3763000.000
3518	3749	3749000.000
3519	3778	3778000.000
3520	3830	3830000.000
3521	3912	3912000.000
3522	3882	3882000.000
3523	3928	3928000.000
3524	3858	3858000.000
3525	3974	3974000.000
3526	3920	3920000.000
3527	3930	3930000.000
3528	3894	3894000.000
3529	3920	3920000.000
3530	3866	3866000.000
3531	3815	3815000.000
3532	3745	3745000.000
3533	3902	3902000.000
3534	3841	3841000.000
3535	3898	3898000.000
3536	3904	3904000.000
3537	3815	3815000.000
3538	3751	3751000.000
3539	3730	3730000.000
3540	3690	3690000.000
3541	3758	3758000.000
3542	3744	3744000.000
3543	3801	3801000.000
3544	3916	3916000.000
3545	3959	3959000.000
3546	3984	3984000.000
3547	4046	4046000.000
3548	4025	4025000.000
3549	3963	3963000.000
3550	3951	3951000.000
3551	3989	3989000.000
3552	3838	3838000.000
3553	3826	3826000.000
3554	3797	3797000.000
3555	3812	3812000.000
3556	3852	3852000.000
3557	3893	3893000.000
3558	3872	3872000.000
3559	3867	3867000.000
3560	3815	3815000.000
3561	3774	3774000.000
3562	3651	3651000.000
3563	3742	3742000.000
3564	3852	3852000.000
3565	3936	3936000.000
3566	3960	3960000.000
3567	3832	3832000.000
3568	3893	3893000.000
3569	3898	3898000.000
3570	3893	3893000.000
3571	4020	4020000.000
3572	3925	3925000.000
3573	3918	3918000.000
3574	3809	3809000.000
3575	3866	3866000.000
3576	3822	3822000.000
3577	3910	3910000.000
3578	3961	3961000.000
3579	3954	3954000.000
3580	3923	3923000.000
3581	3906	3906000.000
3582	3824	3824000.000
3583	3874	3874000.000
3584	3870	3870000.000
3585	3836	3836000.000
3586	3937	3937000.000
3587	3983	3983000.000
3588	3967	3967000.000
3589	3870	3870000.000
3590	3786	3786000.000
3591	3806	3806000.000
3592	3903	3903000.000
3593	3912	3912000.000
3594	3911	3911000.000
3595	3843	3843000.000
3596	3835	3835000.000
3597	3725	3725000.000
3598	3823	3823000.000
3599	3871	3871000.000
3600	3853	3853000.000
3601	3892	3892000.000
3602	3990	3990000.000
3603	3851	3851000.000
3604	4014	4014000.000
3605	3898	3898000.000
3606	3968	3968000.000
3607	3935	3935000.000
3608	3849	3849000.000
3609	3893	3893000.000
3610	3880	3880000.000
3611	3959	3959000.000
3612	3860	3860000.000
3613	3790	3790000.000
3614	3808	3808000.000
3615	3765	3765000.000
3616	3740	3740000.000
3617	3877	3877000.000
3618	3840	3840000.000
3619	3896	3896000.000
3620	3844	3844000.000
3621	3842	3842000.000
3622	3822	3822000.000
3623	3890	3890000.000
3624	3943	3943000.000
3625	3911	3911000.000
3626	3959	3959000.000
3627	3948	3948000.000
3628	3902	3902000.000
3629	4002	4002000.000
3630	3871	3871000.000
3631	3819	3819000.000
3632	3631	3631000.000
3633	3735	3735000.000
3634	3877	3877000.000
3635	3877	3877000.000
3636	3839	3839000.000
3637	3823	3823000.000
3638	3770	3770000.000
3639	3759	3759000.000
3640	3876	3876000.000
3641	3997	3997000.000
3642	3839	3839000.000
3643	3975	3975000.000
3644	3769	3769000.000
3645	3905	3905000.000
3646	3823	3823000.000
3647	3864	3864000.000
3648	3893	3893000.000
3649	3936	3936000.000
3650	3869	3869000.000
3651	3854	3854000.000
3652	3837	3837000.000
3653	3923	3923000.000
3654	3843	3843000.000
3655	3757	3757000.000
3656	3807	3807000.000
3657	3828	3828000.000
3658	3938	3938000.000
3659	3882	3882000.000
3660	3855	3855000.000
3661	3796	3796000.000
3662	3834	3834000.000
3663	3806	3806000.000
3664	3809	3809000.000
3665	3989	3989000.000
3666	3895	3895000.000
3667	3882	3882000.000
3668	3736	3736000.000
3669	3850	3850000.000
3670	3870	3870000.000
3671	3878	3878000.000
3672	3864	3864000.000
3673	3776	3776000.000
3674	3854	3854000.000
3675	3842	3842000.000
3676	3975	3975000.000
3677	3965	3965000.000
3678	3807	3807000.000
3679	3892	3892000.000
3680	3980	3980000.000
3681	3989	3989000.000
3682	3868	3868000.000
3683	3795	3795000.000
3684	3827	3827000.000
3685	3866	3866000.000
3686	3816	3816000.000
3687	3768	3768000.000
3688	3892	3892000.000
3689	3909	3909000.000
3690	3818	3818000.000
3691	3798	3798000.000
3692	3793	3793000.000
3693	3905	3905000.000
3694	3841	3841000.000
3695	3947	3947000.000
3696	3992	3992000.000
3697	3850	3850000.000
3698	3891	3891000.000
3699	3945	3945000.000
3700	4051	4051000.000
3701	3945	3945000.000
3702	3838	3838000.000
3703	3932	3932000.000
3704	3823	3823000.000
3705	3937	3937000.000
3706	3913	3913000.000
3707	3861	3861000.000
3708	3761	3761000.000
3709	3769	3769000.000
3710	3856	3856000.000
3711	3766	3766000.000
3712	3911	3911000.000
3713	3788	3788000.000
3714	3771	3771000.000
3715	3811	3811000.000
3716	3864	3864000.000
3717	3922	3922000.000
3718	4032	4032000.000
3719	3943	3943000.000
3720	3955	3955000.000
3721	3839	3839000.000
3722	3927	3927000.000
3723	3921	3921000.000
3724	4012	4012000.000
3725	3904	3904000.000
3726	3703	3703000.000
3727	3792	3792000.000
3728	3813	3813000.000
3729	3870	3870000.000
3730	3711	3711000.000
3731	3825	3825000.000
3732	3758	3758000.000
3733	3818	3818000.000
3734	3733	3733000.000
3735	3815	3815000.000
3736	3949	3949000.000
3737	3950	3950000.000
3738	3971	3971000.000
3739	3801	3801000.000
3740	3884	3884000.000
3741	3903	3903000.000
3742	4002	4002000.000
3743	3939	3939000.000
3744	3745	3745000.000
3745	3785	3785000.000
3746	3704	3704000.000
3747	3921	3921000.000
3748	3930	3930000.000
3749	3756	3756000.000
3750	3825	3825000.000
3751	3902	3902000.000
3752	3955	3955000.000
3753	3880	3880000.000
3754	3874	3874000.000
3755	3885	3885000.000
3756	3871	3871000.000
3757	3887	3887000.000
3758	3908	3908000.000
3759	3880	3880000.000
3760	3900	3900000.000
3761	3845	3845000.000
3762	3714	3714000.000
3763	3841	3841000.000
3764	3874	3874000.000
3765	3854	3854000.000
3766	3776	3776000.000
3767	3681	3681000.000
3768	3682	3682000.000
3769	3781	3781000.000
3770	3953	3953000.000
3771	3856	3856000.000
3772	3865	3865000.000
3773	3921	3921000.000
3774	3892	3892000.000
3775	3996	3996000.000
3776	3777	3777000.000
3777	3859	3859000.000
3778	3734	3734000.000
3779	3700	3700000.000
3780	3710	3710000.000
3781	3667	3667000.000
3782	3774	3774000.000
3783	3847	3847000.000
3784	3797	3797000.000
3785	3726	3726000.000
3786	3729	3729000.000
3787	3842	3842000.000
3788	3903	3903000.000
3789	3882	3882000.000
3790	3871	3871000.000
3791	3867	3867000.000
3792	3873	3873000.000
3793	4045	4045000.000
3794	3902	3902000.000
3795	3741	3741000.000
3796	3780	3780000.000
3797	3836	3836000.000
3798	3938	3938000.000
3799	3937	3937000.000
3800	3746	3746000.000
3801	3703	3703000.000
3802	3741	3741000.000
3803	3758	3758000.000
3804	3769	3769000.000
3805	3777	3777000.000
3806	3923	3923000.000
3807	3844	3844000.000
3808	3970	3970000.000
3809	3818	3818000.000
3810	3897	3897000.000
3811	3839	3839000.000
3812	3855	3855000.000
3813	4018	4018000.000
3814	3864	3864000.000
3815	3880	3880000.000
3816	3901	3901000.000
3817	3951	3951000.000
3818	3870	3870000.000
3819	3818	3818000.000
3820	3780	3780000.000
3821	3799	3799000.000
3822	3777	3777000.000
3823	3770	3770000.000
3824	3817	3817000.000
3825	3689	3689000.000
3826	3924	3924000.000
3827	3798	3798000.000
3828	3740	3740000.000
3829	3827	3827000.000
3830	3934	3934000.000
3831	4025	4025000.000
3832	3890	3890000.000
3833	3978	3978000.000
3834	3982	3982000.000
3835	3983	3983000.000
3836	3882	3882000.000
3837	3829	3829000.000
3838	3798	3798000.000
3839	3702	3702000.000
3840	3836	3836000.000
3841	3885	3885000.000
3842	3880	3880000.000
3843	3821	3821000.000
3844	3788	3788000.000
3845	3792	3792000.000
3846	3857	3857000.000
3847	3773	3773000.000
3848	3771	3771000.000
3849	3776	3776000.000
3850	3740	3740000.000
3851	3774	3774000.000
3852	3691	3691000.000
3853	3864	3864000.000
3854	3921	3921000.000
3855	3882	3882000.000
3856	3882	3882000.000
3857	3956	3956000.000
3858	3949	3949000.000
3859	3850	3850000.000
3860	3813	3813000.000
3861	3816	3816000.000
3862	3725	3725000.000
3863	3814	3814000.000
3864	3786	3786000.000
3865	3862	3862000.000
3866	3767	3767000.000
3867	3884	3884000.000
3868	3880	3880000.000
3869	3775	3775000.000
3870	3753	3753000.000
3871	3827	3827000.000
3872	3948	3948000.000
3873	3860	3860000.000
3874	3851	3851000.000
3875	3812	3812000.000
3876	3766	3766000.000
3877	3904	3904000.000
3878	3791	3791000.000
3879	3730	3730000.000
3880	3822	3822000.000
3881	3877	3877000.000
3882	3825	3825000.000
3883	3805	3805000.000
3884	3760	3760000.000
3885	3822	3822000.000
3886	3834	3834000.000
3887	3888	3888000.000
3888	3911	3911000.000
3889	3846	3846000.000
3890	3818	3818000.000
3891	3916	3916000.000
3892	3734	3734000.000
3893	3871	3871000.000
3894	3955	3955000.000
3895	3989	3989000.000
3896	3834	3834000.000
3897	3915	3915000.000
3898	3754	3754000.000
3899	3748	3748000.000
3900	3888	3888000.000
3901	3955	3955000.000
3902	3756	3756000.000
3903	3826	3826000.000
3904	3985	3985000.000
3905	3924	3924000.000
3906	3789	3789000.000
3907	3799	3799000.000
3908	3732	3732000.000
3909	3771	3771000.000
3910	3848	3848000.000
3911	3944	3944000.000
3912	3942	3942000.000
3913	3831	3831000.000
3914	3971	3971000.000
3915	3877	3877000.000
3916	3788	3788000.000
3917	3864	3864000.000
3918	3815	3815000.000
3919	3791	3791000.000
3920	3752	3752000.000
3921	3759	3759000.000
3922	3714	3714000.000
3923	3781	3781000.000
3924	3928	3928000.000
3925	3849	3849000.000
3926	3817	3817000.000
3927	3906	3906000.000
3928	3996	3996000.000
3929	3856	3856000.000
3930	3784	3784000.000
3931	3702	3702000.000
3932	3802	3802000.000
3933	3751	3751000.000
3934	3977	3977000.000
3935	3935	3935000.000
3936	3879	3879000.000
3937	3694	3694000.000
3938	3832	3832000.000
3939	3887	3887000.000
3940	3766	3766000.000
3941	3785	3785000.000
3942	4018	4018000.000
3943	3876	3876000.000
3944	3911	3911000.000
3945	3938	3938000.000
3946	3883	3883000.000
3947	3845	3845000.000
3948	3872	3872000.000
3949	3769	3769000.000
3950	3700	3700000.000
3951	3944	3944000.000
3952	3967	3967000.000
3953	3757	3757000.000
3954	3734	3734000.000
3955	3649	3649000.000
3956	3721	3721000.000
3957	3812	3812000.000
3958	3846	3846000.000
3959	3930	3930000.000
3960	3682	3682000.000
3961	3835	3835000.000
3962	3930	3930000.000
3963	3736	3736000.000
3964	3818	3818000.000
3965	3817	3817000.000
3966	3911	3911000.000
3967	3884	3884000.000
3968	3855	3855000.000
3969	3878	3878000.000
3970	3857	3857000.000
3971	3856	3856000.000
3972	3831	3831000.000
3973	3867	3867000.000
3974	3955	3955000.000
3975	3799	3799000.000
3976	3685	3685000.000
3977	3827	3827000.000
3978	3727	3727000.000
3979	3861	3861000.000
3980	3775	3775000.000
3981	3902	3902000.000
3982	3840	3840000.000
3983	3915	3915000.000
3984	4005	4005000.000
3985	3870	3870000.000
3986	3776	3776000.000
3987	3928	3928000.000
3988	3866	3866000.000
3989	3967	3967000.000
3990	3887	3887000.000
3991	3792	3792000.000
3992	3734	3734000.000
3993	3881	3881000.000
3994	3867	3867000.000
3995	3645	3645000.000
3996	3756	3756000.000
3997	3861	3861000.000
3998	3834	3834000.000
3999	3688	3688000.000
4000	3761	3761000.000
4001	3856	3856000.000
4002	3851	3851000.000
4003	3772	3772000.000
4004	3959	3959000.000
4005	4026	4026000.000
4006	3866	3866000.000
4007	3854	3854000.000
4008	4005	4005000.000
4009	3803	3803000.000
4010	3797	3797000.000
4011	3779	3779000.000
4012	3811	3811000.000
4013	3844	3844000.000
4014	3782	3782000.000
4015	3757	3757000.000
4016	3616	3616000.000
4017	3846	3846000.000
4018	3917	3917000.000
4019	3710	3710000.000
4020	3856	3856000.000
4021	3910	3910000.000
4022	3894	3894000.000
4023	3828	3828000.000
4024	3910	3910000.000
4025	3723	3723000.000
4026	3761	3761000.000
4027	3829	3829000.000
4028	3879	3879000.000
4029	3908	3908000.000
4030	3864	3864000.000
4031	3701	3701000.000
4032	3865	3865000.000
4033	3780	3780000.000
4034	3600	3600000.000
4035	3667	3667000.000
4036	3845	3845000.000
4037	3798	3798000.000
4038	3826	3826000.000
4039	3844	3844000.000
4040	3741	3741000.000
4041	3803	3803000.000
4042	4028	4028000.000
4043	3896	3896000.000
4044	3814	3814000.000
4045	3875	3875000.000
4046	3874	3874000.000
4047	3813	3813000.000
4048	3754	3754000.000
4049	3633	3633000.000
4050	3768	3768000.000
4051	3793	3793000.000
4052	3794	3794000.000
4053	3833	3833000.000
4054	3791	3791000.000
4055	3900	3900000.000
4056	3833	3833000.000
4057	3727	3727000.000
4058	3919	3919000.000
4059	3913	3913000.000
4060	3968	3968000.000
4061	3887	3887000.000
4062	3793	3793000.000
4063	3791	3791000.000
4064	3863	3863000.000
4065	3875	3875000.000
4066	3774	3774000.000
4067	3766	3766000.000
4068	3924	3924000.000
4069	3858	3858000.000
4070	3772	3772000.000
4071	3632	3632000.000
4072	3778	3778000.000
4073	3737	3737000.000
4074	3795	3795000.000
4075	3914	3914000.000
4076	3900	3900000.000
4077	3819	3819000.000
4078	3938	3938000.000
4079	4056	4056000.000
4080	3863	3863000.000
4081	3795	3795000.000
4082	3772	3772000.000
4083	3881	3881000.000
4084	3892	3892000.000
4085	3787	3787000.000
4086	3858	3858000.000
4087	3863	3863000.000
4088	3772	3772000.000
4089	3850	3850000.000
4090	3802	3802000.000
4091	3791	3791000.000
4092	3857	3857000.000
4093	3870	3870000.000
4094	3868	3868000.000
4095	3827	3827000.000
4096	3864	3864000.000
4097	3868	3868000.000
4098	4050	4050000.000
4099	3840	3840000.000
4100	3757	3757000.000
4101	3743	3743000.000
4102	3938	3938000.000
4103	4003	4003000.000
4104	3806	3806000.000
4105	3826	3826000.000
4106	3842	3842000.000
4107	3721	3721000.000
4108	3720	3720000.000
4109	3686	3686000.000
4110	3910	3910000.000
4111	3956	3956000.000
4112	3868	3868000.000
4113	3737	3737000.000
4114	3815	3815000.000
4115	3905	3905000.000
4116	4034	4034000.000
4117	3962	3962000.000
4118	3944	3944000.000
4119	3808	3808000.000
4120	3826	3826000.000
4121	3892	3892000.000
4122	3957	3957000.000
4123	3842	3842000.000
4124	3767	3767000.000
4125	3749	3749000.000
4126	3930	3930000.000
4127	3800	3800000.000
4128	3702	3702000.000
4129	3735	3735000.000
4130	3649	3649000.000
4131	3768	3768000.000
4132	3724	3724000.000
4133	3773	3773000.000
4134	3873	3873000.000
4135	3923	3923000.000
4136	3970	3970000.000
4137	3772	3772000.000
4138	3934	3934000.000
4139	3926	3926000.000
4140	3894	3894000.000
4141	3809	3809000.000
4142	3814	3814000.000
4143	3743	3743000.000
4144	3803	3803000.000
4145	3813	3813000.000
4146	3917	3917000.000
4147	3919	3919000.000
4148	3731	3731000.000
4149	3771	3771000.000
4150	3867	3867000.000
4151	3994	3994000.000
4152	3823	3823000.000
4153	3847	3847000.000
4154	3830	3830000.000
4155	3836	3836000.000
4156	3781	3781000.000
4157	3863	3863000.000
4158	3881	3881000.000
4159	3837	3837000.000
4160	3751	3751000.000
4161	3857	3857000.000
4162	3896	3896000.000
4163	3960	3960000.000
4164	3987	3987000.000
4165	3848	3848000.000
4166	3875	3875000.000
4167	3881	3881000.000
4168	3958	3958000.000
4169	3985	3985000.000
4170	3897	3897000.000
4171	3838	3838000.000
4172	3787	3787000.000
4173	3828	3828000.000
4174	3831	3831000.000
4175	3760	3760000.000
4176	3608	3608000.000
4177	3599	3599000.000
4178	3684	3684000.000
4179	3765	3765000.000
4180	3691	3691000.000
4181	3735	3735000.000
4182	3800	3800000.000
4183	3837	3837000.000
4184	3768	3768000.000
4185	3854	3854000.000
4186	3922	3922000.000
4187	3921	3921000.000
4188	3786	3786000.000
4189	3779	3779000.000
4190	3776	3776000.000
4191	3851	3851000.000
4192	3974	3974000.000
4193	3915	3915000.000
4194	3882	3882000.000
4195	3827	3827000.000
4196	3765	3765000.000
4197	3886	3886000.000
4198	3881	3881000.000
4199	3805	3805000.000
4200	3728	3728000.000
4201	3686	3686000.000
4202	3813	3813000.000
4203	3778	3778000.000
4204	3809	3809000.000
4205	3722	3722000.000
4206	3835	3835000.000
4207	3894	3894000.000
4208	3988	3988000.000
4209	3789	3789000.000
4210	3953	3953000.000
4211	3849	3849000.000
4212	3829	3829000.000
4213	3751	3751000.000
4214	3765	3765000.000
4215	3826	3826000.000
4216	3820	3820000.000
4217	3863	3863000.000
4218	3966	3966000.000
4219	3893	3893000.000
4220	3866	3866000.000
4221	3902	3902000.000
4222	3961	3961000.000
4223	3903	3903000.000
4224	3806	3806000.000
4225	3837	3837000.000
4226	3779	3779000.000
4227	3805	3805000.000
4228	3796	3796000.000
4229	3746	3746000.000
4230	3833	3833000.000
4231	3879	3879000.000
4232	3692	3692000.000
4233	3730	3730000.000
4234	3835	3835000.000
4235	3860	3860000.000
4236	3712	3712000.000
4237	3802	3802000.000
4238	3751	3751000.000
4239	3810	3810000.000
4240	3939	3939000.000
4241	3960	3960000.000
4242	3931	3931000.000
4243	3971	3971000.000
4244	3883	3883000.000
4245	3898	3898000.000
4246	4004	4004000.000
4247	3889	3889000.000
4248	3887	3887000.000
4249	3699	3699000.000
4250	3641	3641000.000
4251	3716	3716000.000
4252	3775	3775000.000
4253	3782	3782000.000
4254	3934	3934000.000
4255	3868	3868000.000
4256	3779	3779000.000
4257	3760	3760000.000
4258	3820	3820000.000
4259	3886	3886000.000
4260	3944	3944000.000
4261	4022	4022000.000
4262	3853	3853000.000
4263	3937	3937000.000
4264	3943	3943000.000
4265	3950	3950000.000
4266	3819	3819000.000
4267	3771	3771000.000
4268	3755	3755000.000
4269	3866	3866000.000
4270	3900	3900000.000
4271	3804	3804000.000
4272	3768	3768000.000
4273	3837	3837000.000
4274	3813	3813000.000
4275	3841	3841000.000
4276	3952	3952000.000
4277	3902	3902000.000
4278	3924	3924000.000
4279	3848	3848000.000
4280	3817	3817000.000
4281	3854	3854000.000
4282	3942	3942000.000
4283	3865	3865000.000
4284	3783	3783000.000
4285	3909	3909000.000
4286	3901	3901000.000
4287	3854	3854000.000
4288	3896	3896000.000
4289	3919	3919000.000
4290	3808	3808000.000
4291	3789	3789000.000
4292	3902	3902000.000
4293	3917	3917000.000
4294	3904	3904000.000
4295	3847	3847000.000
4296	3836	3836000.000
4297	3809	3809000.000
4298	3714	3714000.000
4299	3872	3872000.000
4300	3819	3819000.000
4301	3897	3897000.000
4302	3930	3930000.000
4303	3806	3806000.000
4304	3812	3812000.000
4305	3854	3854000.000
4306	3951	3951000.000
4307	3833	3833000.000
4308	3734	3734000.000
4309	3871	3871000.000
4310	3822	3822000.000
4311	3849	3849000.000
4312	3902	3902000.000
4313	3943	3943000.000
4314	3866	3866000.000
4315	3875	3875000.000
4316	3973	3973000.000
4317	4035	4035000.000
4318	3860	3860000.000
4319	3845	3845000.000
4320	3758	3758000.000
4321	3726	3726000.000
4322	3829	3829000.000
4323	3864	3864000.000
4324	3808	3808000.000
4325	3828	3828000.000
4326	3752	3752000.000
4327	3661	3661000.000
4328	3734	3734000.000
4329	3754	3754000.000
4330	3903	3903000.000
4331	3876	3876000.000
4332	3866	3866000.000
4333	3834	3834000.000
4334	3850	3850000.000
4335	3973	3973000.000
4336	3924	3924000.000
4337	3997	3997000.000
4338	3867	3867000.000
4339	3817	3817000.000
4340	3791	3791000.000
4341	3953	3953000.000
4342	3992	3992000.000
4343	3846	3846000.000
4344	3761	3761000.000
4345	3762	3762000.000
4346	3800	3800000.000
4347	3829	3829000.000
4348	3836	3836000.000
4349	3838	3838000.000
4350	3903	3903000.000
4351	3999	3999000.000
4352	3761	3761000.000
4353	3827	3827000.000
4354	3867	3867000.000
4355	3867	3867000.000
4356	3907	3907000.000
4357	3858	3858000.000
4358	3873	3873000.000
4359	3803	3803000.000
4360	3941	3941000.000
4361	3924	3924000.000
4362	3831	3831000.000
4363	3704	3704000.000
4364	3647	3647000.000
4365	3899	3899000.000
4366	3894	3894000.000
4367	3889	3889000.000
4368	3845	3845000.000
4369	3914	3914000.000
4370	3962	3962000.000
4371	3941	3941000.000
4372	3928	3928000.000
4373	3982	3982000.000
4374	3936	3936000.000
4375	3936	3936000.000
4376	3777	3777000.000
4377	3739	3739000.000
4378	3772	3772000.000
4379	3998	3998000.000
4380	3955	3955000.000
4381	3962	3962000.000
4382	3887	3887000.000
4383	3856	3856000.000
4384	3956	3956000.000
4385	3977	3977000.000
4386	3845	3845000.000
4387	3882	3882000.000
4388	3781	3781000.000
4389	4034	4034000.000
4390	3983	3983000.000
4391	3918	3918000.000
4392	3892	3892000.000
4393	3850	3850000.000
4394	3975	3975000.000
4395	3919	3919000.000
4396	3850	3850000.000
4397	3851	3851000.000
4398	3809	3809000.000
4399	3764	3764000.000
4400	3772	3772000.000
4401	3725	3725000.000
4402	3805	3805000.000
4403	3907	3907000.000
4404	3859	3859000.000
4405	3902	3902000.000
4406	3848	3848000.000
4407	3937	3937000.000
4408	3921	3921000.000
4409	3765	3765000.000
4410	3826	3826000.000
4411	3807	3807000.000
4412	3878	3878000.000
4413	3917	3917000.000
4414	3905	3905000.000
4415	3903	3903000.000
4416	3769	3769000.000
4417	3926	3926000.000
4418	3947	3947000.000
4419	3840	3840000.000
4420	3875	3875000.000
4421	3932	3932000.000
4422	3788	3788000.000
4423	3761	3761000.000
4424	3730	3730000.000
4425	3808	3808000.000
4426	3825	3825000.000
4427	4052	4052000.000
4428	3939	3939000.000
4429	3885	3885000.000
4430	3941	3941000.000
4431	3807	3807000.000
4432	3986	3986000.000
4433	3815	3815000.000
4434	3776	3776000.000
4435	3768	3768000.000
4436	3738	3738000.000
4437	3835	3835000.000
4438	3743	3743000.000
4439	3872	3872000.000
4440	3822	3822000.000
4441	3920	3920000.000
4442	3968	3968000.000
4443	4036	4036000.000
4444	3994	3994000.000
4445	4006	4006000.000
4446	3912	3912000.000
4447	3858	3858000.000
4448	3981	3981000.000
4449	3820	3820000.000
4450	3813	3813000.000
4451	3832	3832000.000
4452	3918	3918000.000
4453	3953	3953000.000
4454	3997	3997000.000
4455	3896	3896000.000
4456	3838	3838000.000
4457	3890	3890000.000
4458	3839	3839000.000
4459	3732	3732000.000
4460	3771	3771000.000
4461	3823	3823000.000
4462	3859	3859000.000
4463	4037	4037000.000
4464	4011	4011000.000
4465	3934	3934000.000
4466	4032	4032000.000
4467	4016	4016000.000
4468	4072	4072000.000
4469	4040	4040000.000
4470	3991	3991000.000
4471	3813	3813000.000
4472	3751	3751000.000
4473	3684	3684000.000
4474	3724	3724000.000
4475	3752	3752000.000
4476	3732	3732000.000
4477	3837	3837000.000
4478	3802	3802000.000
4479	3741	3741000.000
4480	3751	3751000.000
4481	3668	3668000.000
4482	3754	3754000.000
4483	3803	3803000.000
4484	3874	3874000.000
4485	3901	3901000.000
4486	4008	4008000.000
4487	3953	3953000.000
4488	4016	4016000.000
4489	3993	3993000.000
4490	3911	3911000.000
4491	3794	3794000.000
4492	3642	3642000.000
4493	3773	3773000.000
4494	3771	3771000.000
4495	3770	3770000.000
4496	3759	3759000.000
4497	3809	3809000.000
4498	3793	3793000.000
4499	3724	3724000.000
4500	3691	3691000.000
4501	3777	3777000.000
4502	3924	3924000.000
4503	3765	3765000.000
4504	3956	3956000.000
4505	3910	3910000.000
4506	4038	4038000.000
4507	3928	3928000.000
4508	3956	3956000.000
4509	3935	3935000.000
4510	3865	3865000.000
4511	3934	3934000.000
4512	3807	3807000.000
4513	3731	3731000.000
4514	3797	3797000.000
4515	3705	3705000.000
4516	3724	3724000.000
4517	3897	3897000.000
4518	3910	3910000.000
4519	3826	3826000.000
4520	3857	3857000.000
4521	3924	3924000.000
4522	3908	3908000.000
4523	4012	4012000.000
4524	3934	3934000.000
4525	3915	3915000.000
4526	3778	3778000.000
4527	3743	3743000.000
4528	3771	3771000.000
4529	3800	3800000.000
4530	3733	3733000.000
4531	3758	3758000.000
4532	3738	3738000.000
4533	3721	3721000.000
4534	3748	3748000.000
4535	3861	3861000.000
4536	3794	3794000.000
4537	3922	3922000.000
4538	3869	3869000.000
4539	3912	3912000.000
4540	3856	3856000.000
4541	3918	3918000.000
4542	3893	3893000.000
4543	3902	3902000.000
4544	3958	3958000.000
4545	4013	4013000.000
4546	3905	3905000.000
4547	3829	3829000.000
4548	3906	3906000.000
4549	3813	3813000.000
4550	3910	3910000.000
4551	3834	3834000.000
4552	3698	3698000.000
4553	3695	3695000.000
4554	3630	3630000.000
4555	3794	3794000.000
4556	3879	3879000.000
4557	3850	3850000.000
4558	3879	3879000.000
4559	3928	3928000.000
4560	3881	3881000.000
4561	3899	3899000.000
4562	4019	4019000.000
4563	3911	3911000.000
4564	3882	3882000.000
4565	3763	3763000.000
4566	3729	3729000.000
4567	3693	3693000.000
4568	3814	3814000.000
4569	3845	3845000.000
4570	3856	3856000.000
4571	3776	3776000.000
4572	3964	3964000.000
4573	3880	3880000.000
4574	3878	3878000.000
4575	3823	3823000.000
4576	3731	3731000.000
4577	3849	3849000.000
4578	3859	3859000.000
4579	3913	3913000.000
4580	3918	3918000.000
4581	3876	3876000.000
4582	3961	3961000.000
4583	3894	3894000.000
4584	3934	3934000.000
4585	3800	3800000.000
4586	3715	3715000.000
4587	3613	3613000.000
4588	3742	3742000.000
4589	3793	3793000.000
4590	3752	3752000.000
4591	3812	3812000.000
4592	3770	3770000.000
4593	3889	3889000.000
4594	3846	3846000.000
4595	3802	3802000.000
4596	3949	3949000.000
4597	3945	3945000.000
4598	3807	3807000.000
4599	3892	3892000.000
4600	3870	3870000.000
4601	3824	3824000.000
4602	3874	3874000.000
4603	3879	3879000.000
4604	3870	3870000.000
4605	3867	3867000.000
4606	3766	3766000.000
4607	3712	3712000.000
4608	3617	3617000.000
4609	3680	3680000.000
4610	3807	3807000.000
4611	3737	3737000.000
4612	3865	3865000.000
4613	3746	3746000.000
4614	3831	3831000.000
4615	3899	3899000.000
4616	3804	3804000.000
4617	3794	3794000.000
4618	3852	3852000.000
4619	3864	3864000.000
4620	3873	3873000.000
4621	3847	3847000.000
4622	3728	3728000.000
4623	3758	3758000.000
4624	3668	3668000.000
4625	3704	3704000.000
4626	3677	3677000.000
4627	3747	3747000.000
4628	3680	3680000.000
4629	3771	3771000.000
4630	3871	3871000.000
4631	3935	3935000.000
4632	3985	3985000.000
4633	3940	3940000.000
4634	3905	3905000.000
4635	3927	3927000.000
4636	3863	3863000.000
4637	3878	3878000.000
4638	3806	3806000.000
4639	3938	3938000.000
4640	3952	3952000.000
4641	3878	3878000.000
4642	3965	3965000.000
4643	3874	3874000.000
4644	3833	3833000.000
4645	3801	3801000.000
4646	3854	3854000.000
4647	3739	3739000.000
4648	3719	3719000.000
4649	3864	3864000.000
4650	3888	3888000.000
4651	3821	3821000.000
4652	3856	3856000.000
4653	3898	3898000.000
4654	3847	3847000.000
4655	3905	3905000.000
4656	4012	4012000.000
4657	3865	3865000.000
4658	3994	3994000.000
4659	3897	3897000.000
4660	3696	3696000.000
4661	3815	3815000.000
4662	3922	3922000.000
4663	3839	3839000.000
4664	3807	3807000.000
4665	3837	3837000.000
4666	3819	3819000.000
4667	3860	3860000.000
4668	3926	3926000.000
4669	3890	3890000.000
4670	3742	3742000.000
4671	3843	3843000.000
4672	3928	3928000.000
4673	3948	3948000.000
4674	3988	3988000.000
4675	3924	3924000.000
4676	4027	4027000.000
4677	3839	3839000.000
4678	3908	3908000.000
4679	3864	3864000.000
4680	3887	3887000.000
4681	3755	3755000.000
4682	3687	3687000.000
4683	3745	3745000.000
4684	3791	3791000.000
4685	3786	3786000.000
4686	3885	3885000.000
4687	3971	3971000.000
4688	4000	4000000.000
4689	4015	4015000.000
4690	3982	3982000.000
4691	3976	3976000.000
4692	3862	3862000.000
4693	3821	3821000.000
4694	3773	3773000.000
4695	3826	3826000.000
4696	3751	3751000.000
4697	3873	3873000.000
4698	3885	3885000.000
4699	3834	3834000.000
4700	3803	3803000.000
4701	3862	3862000.000
4702	3803	3803000.000
4703	3772	3772000.000
4704	3901	3901000.000
4705	3869	3869000.000
4706	3817	3817000.000
4707	3798	3798000.000
4708	3825	3825000.000
4709	3833	3833000.000
4710	3812	3812000.000
4711	3826	3826000.000
4712	3859	3859000.000
4713	3940	3940000.000
4714	3903	3903000.000
4715	3963	3963000.000
4716	3815	3815000.000
4717	3814	3814000.000
4718	3690	3690000.000
4719	3658	3658000.000
4720	3738	3738000.000
4721	3743	3743000.000
4722	3803	3803000.000
4723	3857	3857000.000
4724	3813	3813000.000
4725	3910	3910000.000
4726	3926	3926000.000
4727	3882	3882000.000
4728	4086	4086000.000
4729	3941	3941000.000
4730	3911	3911000.000
4731	3736	3736000.000
4732	3770	3770000.000
4733	3859	3859000.000
4734	3851	3851000.000
4735	3853	3853000.000
4736	3767	3767000.000
4737	3724	3724000.000
4738	3718	3718000.000
4739	3845	3845000.000
4740	3850	3850000.000
4741	3828	3828000.000
4742	3765	3765000.000
4743	3721	3721000.000
4744	3855	3855000.000
4745	3857	3857000.000
4746	3824	3824000.000
4747	3884	3884000.000
4748	3816	3816000.000
4749	3887	3887000.000
4750	3890	3890000.000
4751	3942	3942000.000
4752	3846	3846000.000
4753	3739	3739000.000
4754	3769	3769000.000
4755	3826	3826000.000
4756	3816	3816000.000
4757	3886	3886000.000
4758	3731	3731000.000
4759	3773	3773000.000
4760	3870	3870000.000
4761	3960	3960000.000
4762	3843	3843000.000
4763	3811	3811000.000
4764	3755	3755000.000
4765	3831	3831000.000
4766	3898	3898000.000
4767	3979	3979000.000
4768	3911	3911000.000
4769	3920	3920000.000
4770	3941	3941000.000
4771	3915	3915000.000
4772	3949	3949000.000
4773	3957	3957000.000
4774	3831	3831000.000
4775	3816	3816000.000
4776	3823	3823000.000
4777	3834	3834000.000
4778	3851	3851000.000
4779	3905	3905000.000
4780	3916	3916000.000
4781	3898	3898000.000
4782	4008	4008000.000
4783	3909	3909000.000
4784	3883	3883000.000
4785	3898	3898000.000
4786	3763	3763000.000
4787	3853	3853000.000
4788	3715	3715000.000
4789	3751	3751000.000
4790	3717	3717000.000
4791	3793	3793000.000
4792	3930	3930000.000
4793	3920	3920000.000
4794	3875	3875000.000
4795	3879	3879000.000
4796	3909	3909000.000
4797	4041	4041000.000
4798	4058	4058000.000
4799	3970	3970000.000
4800	3820	3820000.000
4801	3797	3797000.000
4802	3829	3829000.000
4803	3833	3833000.000
4804	3802	3802000.000
4805	3799	3799000.000
4806	3743	3743000.000
4807	3912	3912000.000
4808	3799	3799000.000
4809	3688	3688000.000
4810	3665	3665000.000
4811	3764	3764000.000
4812	3719	3719000.000
4813	3739	3739000.000
4814	3960	3960000.000
4815	3924	3924000.000
4816	3932	3932000.000
4817	3940	3940000.000
4818	3939	3939000.000
4819	3926	3926000.000
4820	3800	3800000.000
4821	3761	3761000.000
4822	3785	3785000.000
4823	3862	3862000.000
4824	3862	3862000.000
4825	3829	3829000.000
4826	3891	3891000.000
4827	3826	3826000.000
4828	3849	3849000.000
4829	3893	3893000.000
4830	3864	3864000.000
4831	3720	3720000.000
4832	3786	3786000.000
4833	3814	3814000.000
4834	3887	3887000.000
4835	3910	3910000.000
4836	3765	3765000.000
4837	3821	3821000.000
4838	3820	3820000.000
4839	3919	3919000.000
4840	3924	3924000.000
4841	3979	3979000.000
4842	3809	3809000.000
4843	3752	3752000.000
4844	3825	3825000.000
4845	3944	3944000.000
4846	3911	3911000.000
4847	3975	3975000.000
4848	3974	3974000.000
4849	3795	3795000.000
4850	3868	3868000.000
4851	3847	3847000.000
4852	3965	3965000.000
4853	3980	3980000.000
4854	3973	3973000.000
4855	3837	3837000.000
4856	3837	3837000.000
4857	3890	3890000.000
4858	3892	3892000.000
4859	3737	3737000.000
4860	3849	3849000.000
4861	3649	3649000.000
4862	3754	3754000.000
4863	3745	3745000.000
4864	3883	3883000.000
4865	3854	3854000.000
4866	3778	3778000.000
4867	3792	3792000.000
4868	3768	3768000.000
4869	3870	3870000.000
4870	3899	3899000.000
4871	3910	3910000.000
4872	3902	3902000.000
4873	3841	3841000.000
4874	3959	3959000.000
4875	3848	3848000.000
4876	3890	3890000.000
4877	3904	3904000.000
4878	3853	3853000.000
4879	3758	3758000.000
4880	3674	3674000.000
4881	3849	3849000.000
4882	3780	3780000.000
4883	3775	3775000.000
4884	3819	3819000.000
4885	3707	3707000.000
4886	3833	3833000.000
4887	3842	3842000.000
4888	3823	3823000.000
4889	3826	3826000.000
4890	3980	3980000.000
4891	3856	3856000.000
4892	3832	3832000.000
4893	3896	3896000.000
4894	3831	3831000.000
4895	3970	3970000.000
4896	3977	3977000.000
4897	3725	3725000.000
4898	3816	3816000.000
4899	3805	3805000.000
4900	3914	3914000.000
4901	3825	3825000.000
4902	3829	3829000.000
4903	3765	3765000.000
4904	3802	3802000.000
4905	3879	3879000.000
4906	3858	3858000.000
4907	3787	3787000.000
4908	3851	3851000.000
4909	3788	3788000.000
4910	3837	3837000.000
4911	3958	3958000.000
4912	3964	3964000.000
4913	3866	3866000.000
4914	3841	3841000.000
4915	3746	3746000.000
4916	3771	3771000.000
4917	3903	3903000.000
4918	3784	3784000.000
4919	3886	3886000.000
4920	3678	3678000.000
4921	3829	3829000.000
4922	3896	3896000.000
4923	3947	3947000.000
4924	3902	3902000.000
4925	3931	3931000.000
4926	3874	3874000.000
4927	3981	3981000.000
4928	4049	4049000.000
4929	3841	3841000.000
4930	3907	3907000.000
4931	3963	3963000.000
4932	3840	3840000.000
4933	3839	3839000.000
4934	3873	3873000.000
4935	3812	3812000.000
4936	3760	3760000.000
4937	3734	3734000.000
4938	3763	3763000.000
4939	3830	3830000.000
4940	3999	3999000.000
4941	3890	3890000.000
4942	3878	3878000.000
4943	3936	3936000.000
4944	3903	3903000.000
4945	3993	3993000.000
4946	3878	3878000.000
4947	3846	3846000.000
4948	3835	3835000.000
4949	3778	3778000.000
4950	3864	3864000.000
4951	3851	3851000.000
4952	3842	3842000.000
4953	3761	3761000.000
4954	3670	3670000.000
4955	3720	3720000.000
4956	3683	3683000.000
4957	3726	3726000.000
4958	3909	3909000.000
4959	3890	3890000.000
4960	3852	3852000.000
4961	3813	3813000.000
4962	3748	3748000.000
4963	3925	3925000.000
4964	3912	3912000.000
4965	3951	3951000.000
4966	3808	3808000.000
4967	3712	3712000.000
4968	3834	3834000.000
4969	3756	3756000.000
4970	3834	3834000.000
4971	3826	3826000.000
4972	3897	3897000.000
4973	3694	3694000.000
4974	3699	3699000.000
4975	3850	3850000.000
4976	3768	3768000.000
4977	3845	3845000.000
4978	3622	3622000.000
4979	3847	3847000.000
4980	3851	3851000.000
4981	3810	3810000.000
4982	3863	3863000.000
4983	3841	3841000.000
4984	3899	3899000.000
4985	3826	3826000.000
4986	3787	3787000.000
4987	3893	3893000.000
4988	3925	3925000.000
4989	3860	3860000.000
4990	3734	3734000.000
4991	3740	3740000.000
4992	3721	3721000.000
4993	3795	3795000.000
4994	3840	3840000.000
4995	3885	3885000.000
4996	3809	3809000.000
4997	3735	3735000.000
4998	3909	3909000.000
4999	3879	3879000.000
5000	3759	3759000.000
5001	3747	3747000.000
5002	3826	3826000.000
5003	3860	3860000.000
5004	3764	3764000.000
5005	3804	3804000.000
5006	3831	3831000.000
5007	3915	3915000.000
5008	3814	3814000.000
5009	3780	3780000.000
5010	3813	3813000.000
5011	3839	3839000.000
5012	3773	3773000.000
5013	3753	3753000.000
5014	3774	3774000.000
5015	3776	3776000.000
5016	3830	3830000.000
5017	3936	3936000.000
5018	3956	3956000.000
5019	3927	3927000.000
5020	3804	3804000.000
5021	3899	3899000.000
5022	3952	3952000.000
5023	3880	3880000.000
5024	3743	3743000.000
5025	3784	3784000.000
5026	3744	3744000.000
5027	3811	3811000.000
5028	3620	3620000.000
5029	3857	3857000.000
5030	3861	3861000.000
5031	3787	3787000.000
5032	3726	3726000.000
5033	3825	3825000.000
5034	3866	3866000.000
5035	3870	3870000.000
5036	3823	3823000.000
5037	3899	3899000.000
5038	3802	3802000.000
5039	3815	3815000.000
5040	3913	3913000.000
5041	3954	3954000.000
5042	4014	4014000.000
5043	3941	3941000.000
5044	3818	3818000.000
5045	3857	3857000.000
5046	3739	3739000.000
5047	3781	3781000.000
5048	3848	3848000.000
5049	3698	3698000.000
5050	3715	3715000.000
5051	3721	3721000.000
5052	3764	3764000.000
5053	3903	3903000.000
5054	3924	3924000.000
5055	3808	3808000.000
5056	3871	3871000.000
5057	3827	3827000.000
5058	3914	3914000.000
5059	4048	4048000.000
5060	3919	3919000.000
5061	3766	3766000.000
5062	3831	3831000.000
5063	3845	3845000.000
5064	3694	3694000.000
5065	3697	3697000.000
5066	3789	3789000.000
5067	3823	3823000.000
5068	3779	3779000.000
5069	3794	3794000.000
5070	3824	3824000.000
5071	3956	3956000.000
5072	3762	3762000.000
5073	3766	3766000.000
5074	3829	3829000.000
5075	3877	3877000.000
5076	3846	3846000.000
5077	3842	3842000.000
5078	3931	3931000.000
5079	3932	3932000.000
5080	3873	3873000.000
5081	3873	3873000.000
5082	4006	4006000.000
5083	3865	3865000.000
5084	3753	3753000.000
5085	3709	3709000.000
5086	3735	3735000.000
5087	3736	3736000.000
5088	3798	3798000.000
5089	3904	3904000.000
5090	3873	3873000.000
5091	3755	3755000.000
5092	3802	3802000.000
5093	3820	3820000.000
5094	4002	4002000.000
5095	3864	3864000.000
5096	3811	3811000.000
5097	3782	3782000.000
5098	3887	3887000.000
5099	3838	3838000.000
5100	3960	3960000.000
5101	3986	3986000.000
5102	3962	3962000.000
5103	3867	3867000.000
5104	3806	3806000.000
5105	4024	4024000.000
5106	3760	3760000.000
5107	3708	3708000.000
5108	3761	3761000.000
5109	3757	3757000.000
5110	3804	3804000.000
5111	3758	3758000.000
5112	3933	3933000.000
5113	3835	3835000.000
5114	3777	3777000.000
5115	3908	3908000.000
5116	4018	4018000.000
5117	3979	3979000.000
5118	3949	3949000.000
5119	3863	3863000.000
5120	3979	3979000.000
5121	3867	3867000.000
5122	3935	3935000.000
5123	3968	3968000.000
5124	3921	3921000.000
5125	3802	3802000.000
5126	3773	3773000.000
5127	3852	3852000.000
5128	3808	3808000.000
5129	3726	3726000.000
5130	3818	3818000.000
5131	3802	3802000.000
5132	3745	3745000.000
5133	3929	3929000.000
5134	3959	3959000.000
5135	3964	3964000.000
5136	3834	3834000.000
5137	3768	3768000.000
5138	3857	3857000.000
5139	3924	3924000.000
5140	3985	3985000.000
5141	3877	3877000.000
5142	3906	3906000.000
5143	3913	3913000.000
5144	3896	3896000.000
5145	3968	3968000.000
5146	3845	3845000.000
5147	3778	3778000.000
5148	3751	3751000.000
5149	3840	3840000.000
5150	3747	3747000.000
5151	3911	3911000.000
5152	3861	3861000.000
5153	3995	3995000.000
5154	3972	3972000.000
5155	3956	3956000.000
5156	3891	3891000.000
5157	3875	3875000.000
5158	3757	3757000.000
5159	3722	3722000.000
5160	3847	3847000.000
5161	3861	3861000.000
5162	3974	3974000.000
5163	3870	3870000.000
5164	3851	3851000.000
5165	3946	3946000.000
5166	3912	3912000.000
5167	3887	3887000.000
5168	3851	3851000.000
5169	3739	3739000.000
5170	3797	3797000.000
5171	3829	3829000.000
5172	3924	3924000.000
5173	3979	3979000.000
5174	4040	4040000.000
5175	3991	3991000.000
5176	3847	3847000.000
5177	3844	3844000.000
5178	3822	3822000.000
5179	3900	3900000.000
5180	3873	3873000.000
5181	3892	3892000.000
5182	3824	3824000.000
5183	3751	3751000.000
5184	3650	3650000.000
5185	3779	3779000.000
5186	3782	3782000.000
5187	3856	3856000.000
5188	3812	3812000.000
5189	3860	3860000.000
5190	3855	3855000.000
5191	3872	3872000.000
5192	3963	3963000.000
5193	3893	3893000.000
5194	3765	3765000.000
5195	3820	3820000.000
5196	3920	3920000.000
5197	3878	3878000.000
5198	3891	3891000.000
5199	3847	3847000.000
5200	3685	3685000.000
5201	3710	3710000.000
5202	3796	3796000.000
5203	3740	3740000.000
5204	3823	3823000.000
5205	3725	3725000.000
5206	3726	3726000.000
5207	3880	3880000.000
5208	3835	3835000.000
5209	3869	3869000.000
5210	3902	3902000.000
5211	3831	3831000.000
5212	3819	3819000.000
5213	3890	3890000.000
5214	3941	3941000.000
5215	3968	3968000.000
5216	3842	3842000.000
5217	3654	3654000.000
5218	3719	3719000.000
5219	3719	3719000.000
5220	3883	3883000.000
5221	3661	3661000.000
5222	3685	3685000.000
5223	3692	3692000.000
5224	3740	3740000.000
5225	3760	3760000.000
5226	3879	3879000.000
5227	3923	3923000.000
5228	4061	4061000.000
5229	3895	3895000.000
5230	3870	3870000.000
5231	3982	3982000.000
5232	4078	4078000.000
5233	3910	3910000.000
5234	3958	3958000.000
5235	3900	3900000.000
5236	3832	3832000.000
5237	3857	3857000.000
5238	3756	3756000.000
5239	3675	3675000.000
5240	3721	3721000.000
5241	3740	3740000.000
5242	3817	3817000.000
5243	3950	3950000.000
5244	3745	3745000.000
5245	4019	4019000.000
5246	3955	3955000.000
5247	4040	4040000.000
5248	3919	3919000.000
5249	4023	4023000.000
5250	4017	4017000.000
5251	3938	3938000.000
5252	3810	3810000.000
5253	3781	3781000.000
5254	3890	3890000.000
5255	3853	3853000.000
5256	3854	3854000.000
5257	3818	3818000.000
5258	3810	3810000.000
5259	3854	3854000.000
5260	3800	3800000.000
5261	3700	3700000.000
5262	3679	3679000.000
5263	3665	3665000.000
5264	3893	3893000.000
5265	3922	3922000.000
5266	3869	3869000.000
5267	3924	3924000.000
5268	3931	3931000.000
5269	3984	3984000.000
5270	3940	3940000.000
5271	4074	4074000.000
5272	4017	4017000.000
5273	3935	3935000.000
5274	3848	3848000.000
5275	3850	3850000.000
5276	3725	3725000.000
5277	3776	3776000.000
5278	3861	3861000.000
5279	3852	3852000.000
5280	3786	3786000.000
5281	3780	3780000.000
5282	3712	3712000.000
5283	3810	3810000.000
5284	3957	3957000.000
5285	4034	4034000.000
5286	3855	3855000.000
5287	3861	3861000.000
5288	3911	3911000.000
5289	3932	3932000.000
5290	3938	3938000.000
5291	3987	3987000.000
5292	3711	3711000.000
5293	3700	3700000.000
5294	3675	3675000.000
5295	3755	3755000.000
5296	3743	3743000.000
5297	3836	3836000.000
5298	3853	3853000.000
5299	3803	3803000.000
5300	3735	3735000.000
5301	3853	3853000.000
5302	3869	3869000.000
5303	3850	3850000.000
5304	3867	3867000.000
5305	3764	3764000.000
5306	3792	3792000.000
5307	3952	3952000.000
5308	3933	3933000.000
5309	3867	3867000.000
5310	3751	3751000.000
5311	3847	3847000.000
5312	3917	3917000.000
5313	3722	3722000.000
5314	3712	3712000.000
5315	3758	3758000.000
5316	3732	3732000.000
5317	3760	3760000.000
5318	3758	3758000.000
5319	3670	3670000.000
5320	3872	3872000.000
5321	3933	3933000.000
5322	3917	3917000.000
5323	3799	3799000.000
5324	3927	3927000.000
5325	3908	3908000.000
5326	3842	3842000.000
5327	3789	3789000.000
5328	3691	3691000.000
5329	3780	3780000.000
5330	3849	3849000.000
5331	3859	3859000.000
5332	3924	3924000.000
5333	3665	3665000.000
5334	3658	3658000.000
5335	3797	3797000.000
5336	3845	3845000.000
5337	3712	3712000.000
5338	3796	3796000.000
5339	3735	3735000.000
5340	3760	3760000.000
5341	3803	3803000.000
5342	3864	3864000.000
5343	4013	4013000.000
5344	3825	3825000.000
5345	3821	3821000.000
5346	3804	3804000.000
5347	3916	3916000.000
5348	3973	3973000.000
5349	3911	3911000.000
5350	3730	3730000.000
5351	3743	3743000.000
5352	3704	3704000.000
5353	3830	3830000.000
5354	3892	3892000.000
5355	3799	3799000.000
5356	3759	3759000.000
5357	3742	3742000.000
5358	3933	3933000.000
5359	3911	3911000.000
5360	3959	3959000.000
5361	3924	3924000.000
5362	3825	3825000.000
5363	3839	3839000.000
5364	3822	3822000.000
5365	3898	3898000.000
5366	3955	3955000.000
5367	3868	3868000.000
5368	3875	3875000.000
5369	3811	3811000.000
5370	3666	3666000.000
5371	3807	3807000.000
5372	3830	3830000.000
5373	3861	3861000.000
5374	3690	3690000.000
5375	3815	3815000.000
5376	3664	3664000.000
5377	3826	3826000.000
5378	3777	3777000.000
5379	3871	3871000.000
5380	3908	3908000.000
5381	3813	3813000.000
5382	3727	3727000.000
5383	3870	3870000.000
5384	3931	3931000.000
5385	3886	3886000.000
5386	3732	3732000.000
5387	3780	3780000.000
5388	3654	3654000.000
5389	3704	3704000.000
5390	3652	3652000.000
5391	3811	3811000.000
5392	3879	3879000.000
5393	3737	3737000.000
5394	3768	3768000.000
5395	3790	3790000.000
5396	3942	3942000.000
5397	3972	3972000.000
5398	3985	3985000.000
5399	3984	3984000.000
5400	3875	3875000.000
5401	3837	3837000.000
5402	4066	4066000.000
5403	4017	4017000.000
5404	3845	3845000.000
5405	3780	3780000.000
5406	3795	3795000.000
5407	3824	3824000.000
5408	3698	3698000.000
5409	3700	3700000.000
5410	3656	3656000.000
5411	3745	3745000.000
5412	3619	3619000.000
5413	3763	3763000.000
5414	3858	3858000.000
5415	3808	3808000.000
5416	3746	3746000.000
5417	3867	3867000.000
5418	4083	4083000.000
5419	3912	3912000.000
5420	3899	3899000.000
5421	3836	3836000.000
5422	3804	3804000.000
5423	3779	3779000.000
5424	3799	3799000.000
5425	3893	3893000.000
5426	3792	3792000.000
5427	3641	3641000.000
5428	3676	3676000.000
5429	3720	3720000.000
5430	3721	3721000.000
5431	3714	3714000.000
5432	3724	3724000.000
5433	3719	3719000.000
5434	3779	3779000.000
5435	3807	3807000.000
5436	3912	3912000.000
5437	3908	3908000.000
5438	3865	3865000.000
5439	3796	3796000.000
5440	3953	3953000.000
5441	3966	3966000.000
5442	3861	3861000.000
5443	3831	3831000.000
5444	3869	3869000.000
5445	3824	3824000.000
5446	3714	3714000.000
5447	3686	3686000.000
5448	3690	3690000.000
5449	3607	3607000.000
5450	3732	3732000.000
5451	3813	3813000.000
5452	3754	3754000.000
5453	3769	3769000.000
5454	3847	3847000.000
5455	3738	3738000.000
5456	3793	3793000.000
5457	3767	3767000.000
5458	3789	3789000.000
5459	3899	3899000.000
5460	3885	3885000.000
5461	3824	3824000.000
5462	3820	3820000.000
5463	3764	3764000.000
5464	3691	3691000.000
5465	3695	3695000.000
5466	3720	3720000.000
5467	3585	3585000.000
5468	3751	3751000.000
5469	3693	3693000.000
5470	3751	3751000.000
5471	3835	3835000.000
5472	3815	3815000.000
5473	3936	3936000.000
5474	3955	3955000.000
5475	3935	3935000.000
5476	4051	4051000.000
5477	3796	3796000.000
5478	3775	3775000.000
5479	3785	3785000.000
5480	3861	3861000.000
5481	3731	3731000.000
5482	3759	3759000.000
5483	3793	3793000.000
5484	3791	3791000.000
5485	3868	3868000.000
5486	3730	3730000.000
5487	3826	3826000.000
5488	3750	3750000.000
5489	3668	3668000.000
5490	3717	3717000.000
5491	3775	3775000.000
5492	3886	3886000.000
5493	3968	3968000.000
5494	3991	3991000.000
5495	3993	3993000.000
5496	3952	3952000.000
5497	3878	3878000.000
5498	3889	3889000.000
5499	3907	3907000.000
5500	3866	3866000.000
5501	3860	3860000.000
5502	3889	3889000.000
5503	3869	3869000.000
5504	3869	3869000.000
5505	3772	3772000.000
5506	3748	3748000.000
5507	3762	3762000.000
5508	3711	3711000.000
5509	3780	3780000.000
5510	3831	3831000.000
5511	3947	3947000.000
5512	4031	4031000.000
5513	4017	4017000.000
5514	3918	3918000.000
5515	3942	3942000.000
5516	3880	3880000.000
5517	3830	3830000.000
5518	3947	3947000.000
5519	3681	3681000.000
5520	3760	3760000.000
5521	3683	3683000.000
5522	3709	3709000.000
5523	3809	3809000.000
5524	3728	3728000.000
5525	3838	3838000.000
5526	3893	3893000.000
5527	3944	3944000.000
5528	3848	3848000.000
5529	3918	3918000.000
5530	3874	3874000.000
5531	3885	3885000.000
5532	3798	3798000.000
5533	3831	3831000.000
5534	3894	3894000.000
5535	3847	3847000.000
5536	3899	3899000.000
5537	3775	3775000.000
5538	3759	3759000.000
5539	3670	3670000.000
5540	3709	3709000.000
5541	3631	3631000.000
5542	3737	3737000.000
5543	3776	3776000.000
5544	3742	3742000.000
5545	3807	3807000.000
5546	3845	3845000.000
5547	3790	3790000.000
5548	3744	3744000.000
5549	3903	3903000.000
5550	3822	3822000.000
5551	3722	3722000.000
5552	3932	3932000.000
5553	3899	3899000.000
5554	3792	3792000.000
5555	3751	3751000.000
5556	3852	3852000.000
5557	3689	3689000.000
5558	3699	3699000.000
5559	3788	3788000.000
5560	3759	3759000.000
5561	3729	3729000.000
5562	3668	3668000.000
5563	3680	3680000.000
5564	3743	3743000.000
5565	3774	3774000.000
5566	3815	3815000.000
5567	3854	3854000.000
5568	3898	3898000.000
5569	3970	3970000.000
5570	3786	3786000.000
5571	3959	3959000.000
5572	3908	3908000.000
5573	3821	3821000.000
5574	3778	3778000.000
5575	3706	3706000.000
5576	3746	3746000.000
5577	3646	3646000.000
5578	3716	3716000.000
5579	3709	3709000.000
5580	3687	3687000.000
5581	3647	3647000.000
5582	3755	3755000.000
5583	3683	3683000.000
5584	3759	3759000.000
5585	3764	3764000.000
5586	3841	3841000.000
5587	3843	3843000.000
5588	3846	3846000.000
5589	3939	3939000.000
5590	3824	3824000.000
5591	3843	3843000.000
5592	3744	3744000.000
5593	3771	3771000.000
5594	3796	3796000.000
5595	3712	3712000.000
5596	3848	3848000.000
5597	3833	3833000.000
5598	3790	3790000.000
5599	3826	3826000.000
5600	3735	3735000.000
5601	3805	3805000.000
5602	3733	3733000.000
5603	3819	3819000.000
5604	3993	3993000.000
5605	3879	3879000.000
5606	3995	3995000.000
5607	4053	4053000.000
5608	3946	3946000.000
5609	3834	3834000.000
5610	3807	3807000.000
5611	3909	3909000.000
5612	3736	3736000.000
5613	3774	3774000.000
5614	3817	3817000.000
5615	3875	3875000.000
5616	3935	3935000.000
5617	3902	3902000.000
5618	3896	3896000.000
5619	3832	3832000.000
5620	3791	3791000.000
5621	3757	3757000.000
5622	3791	3791000.000
5623	3864	3864000.000
5624	3937	3937000.000
5625	3957	3957000.000
5626	4084	4084000.000
5627	3922	3922000.000
5628	4003	4003000.000
5629	4035	4035000.000
5630	3832	3832000.000
5631	3801	3801000.000
5632	3853	3853000.000
5633	3737	3737000.000
5634	3832	3832000.000
5635	3808	3808000.000
5636	3763	3763000.000
5637	3852	3852000.000
5638	3876	3876000.000
5639	3914	3914000.000
5640	3972	3972000.000
5641	3785	3785000.000
5642	3759	3759000.000
5643	3856	3856000.000
5644	3761	3761000.000
5645	3877	3877000.000
5646	4004	4004000.000
5647	3972	3972000.000
5648	3875	3875000.000
5649	3865	3865000.000
5650	3877	3877000.000
5651	3807	3807000.000
5652	3887	3887000.000
5653	3739	3739000.000
5654	3740	3740000.000
5655	3695	3695000.000
5656	3676	3676000.000
5657	3710	3710000.000
5658	3673	3673000.000
5659	3762	3762000.000
5660	3765	3765000.000
5661	3796	3796000.000
5662	3760	3760000.000
5663	3742	3742000.000
5664	3812	3812000.000
5665	3824	3824000.000
5666	3747	3747000.000
5667	3619	3619000.000
5668	3707	3707000.000
5669	3762	3762000.000
5670	3649	3649000.000
5671	3661	3661000.000
5672	3649	3649000.000
5673	3734	3734000.000
5674	3774	3774000.000
5675	3688	3688000.000
5676	3831	3831000.000
5677	3880	3880000.000
5678	3841	3841000.000
5679	3901	3901000.000
5680	3822	3822000.000
5681	3810	3810000.000
5682	3814	3814000.000
5683	3798	3798000.000
5684	3800	3800000.000
5685	3866	3866000.000
5686	3756	3756000.000
5687	3857	3857000.000
5688	3828	3828000.000
5689	3812	3812000.000
5690	3705	3705000.000
5691	3737	3737000.000
5692	3647	3647000.000
5693	3695	3695000.000
5694	3758	3758000.000
5695	3877	3877000.000
5696	3842	3842000.000
5697	3891	3891000.000
5698	3893	3893000.000
5699	3948	3948000.000
5700	3967	3967000.000
5701	3939	3939000.000
5702	3895	3895000.000
5703	3746	3746000.000
5704	3819	3819000.000
5705	3919	3919000.000
5706	3967	3967000.000
5707	3927	3927000.000
5708	3943	3943000.000
5709	3882	3882000.000
5710	3871	3871000.000
5711	3980	3980000.000
5712	3890	3890000.000
5713	3931	3931000.000
5714	3761	3761000.000
5715	3908	3908000.000
5716	3983	3983000.000
5717	3884	3884000.000
5718	3908	3908000.000
5719	3966	3966000.000
5720	3936	3936000.000
5721	3852	3852000.000
5722	3860	3860000.000
5723	3970	3970000.000
5724	3767	3767000.000
5725	3764	3764000.000
5726	3677	3677000.000
5727	3856	3856000.000
5728	4034	4034000.000
5729	3913	3913000.000
5730	4068	4068000.000
5731	3982	3982000.000
5732	4026	4026000.000
5733	4001	4001000.000
5734	3941	3941000.000
5735	3914	3914000.000
5736	3820	3820000.000
5737	3721	3721000.000
5738	3801	3801000.000
5739	3788	3788000.000
5740	3869	3869000.000
5741	3810	3810000.000
5742	3705	3705000.000
5743	3704	3704000.000
5744	3740	3740000.000
5745	3775	3775000.000
5746	3844	3844000.000
5747	3803	3803000.000
5748	3713	3713000.000
5749	3762	3762000.000
5750	3818	3818000.000
5751	3944	3944000.000
5752	3989	3989000.000
5753	3923	3923000.000
5754	3905	3905000.000
5755	3884	3884000.000
5756	3890	3890000.000
5757	3947	3947000.000
5758	3979	3979000.000
5759	3861	3861000.000
5760	3766	3766000.000
5761	3732	3732000.000
5762	3848	3848000.000
5763	3714	3714000.000
5764	3736	3736000.000
5765	3715	3715000.000
5766	3795	3795000.000
5767	3894	3894000.000
5768	3924	3924000.000
5769	3810	3810000.000
5770	3920	3920000.000
5771	3801	3801000.000
5772	3960	3960000.000
5773	3872	3872000.000
5774	3862	3862000.000
5775	3876	3876000.000
5776	3888	3888000.000
5777	3852	3852000.000
5778	3762	3762000.000
5779	3867	3867000.000
5780	3859	3859000.000
5781	3763	3763000.000
5782	3878	3878000.000
5783	3885	3885000.000
5784	3873	3873000.000
5785	3798	3798000.000
5786	3899	3899000.000
5787	3899	3899000.000
5788	3858	3858000.000
5789	3835	3835000.000
5790	3884	3884000.000
5791	3946	3946000.000
5792	3940	3940000.000
5793	3900	3900000.000
5794	3765	3765000.000
5795	3834	3834000.000
5796	3989	3989000.000
5797	3732	3732000.000
5798	3950	3950000.000
5799	3742	3742000.000
5800	3790	3790000.000
5801	3848	3848000.000
5802	3909	3909000.000
5803	3924	3924000.000
5804	3949	3949000.000
5805	3841	3841000.000
5806	3835	3835000.000
5807	3954	3954000.000
5808	3855	3855000.000
5809	3847	3847000.000
5810	3975	3975000.000
5811	3784	3784000.000
5812	3739	3739000.000
5813	3740	3740000.000
5814	3751	3751000.000
5815	3877	3877000.000
5816	3714	3714000.000
5817	3758	3758000.000
5818	3669	3669000.000
5819	3828	3828000.000
5820	3810	3810000.000
5821	3770	3770000.000
5822	3788	3788000.000
5823	3909	3909000.000
5824	3859	3859000.000
5825	3760	3760000.000
5826	3869	3869000.000
5827	3772	3772000.000
5828	3726	3726000.000
5829	3856	3856000.000
5830	3981	3981000.000
5831	3898	3898000.000
5832	3713	3713000.000
5833	3868	3868000.000
5834	3872	3872000.000
5835	3726	3726000.000
5836	3772	3772000.000
5837	3775	3775000.000
5838	3802	3802000.000
5839	3782	3782000.000
5840	3716	3716000.000
5841	3786	3786000.000
5842	3906	3906000.000
5843	3866	3866000.000
5844	3865	3865000.000
5845	3918	3918000.000
5846	3972	3972000.000
5847	3772	3772000.000
5848	3819	3819000.000
5849	3909	3909000.000
5850	3769	3769000.000
5851	3821	3821000.000
5852	3679	3679000.000
5853	3763	3763000.000
5854	3854	3854000.000
5855	3781	3781000.000
5856	3795	3795000.000
5857	3853	3853000.000
5858	3881	3881000.000
5859	3821	3821000.000
5860	3926	3926000.000
5861	4027	4027000.000
5862	3958	3958000.000
5863	3929	3929000.000
5864	3830	3830000.000
5865	3906	3906000.000
5866	3878	3878000.000
5867	3805	3805000.000
5868	3896	3896000.000
5869	3826	3826000.000
5870	3773	3773000.000
5871	3838	3838000.000
5872	3838	3838000.000
5873	3928	3928000.000
5874	3934	3934000.000
5875	3928	3928000.000
5876	3832	3832000.000
5877	3850	3850000.000
5878	3961	3961000.000
5879	3845	3845000.000
5880	3859	3859000.000
5881	3767	3767000.000
5882	3874	3874000.000
5883	3878	3878000.000
5884	3870	3870000.000
5885	3874	3874000.000
5886	3945	3945000.000
5887	3834	3834000.000
5888	3713	3713000.000
5889	3832	3832000.000
5890	3679	3679000.000
5891	3759	3759000.000
5892	3719	3719000.000
5893	3786	3786000.000
5894	3831	3831000.000
5895	3877	3877000.000
5896	3937	3937000.000
5897	3996	3996000.000
5898	3946	3946000.000
5899	3787	3787000.000
5900	3735	3735000.000
5901	3916	3916000.000
5902	3881	3881000.000
5903	3844	3844000.000
5904	3916	3916000.000
5905	3649	3649000.000
5906	3830	3830000.000
5907	3813	3813000.000
5908	3839	3839000.000
5909	3818	3818000.000
5910	3905	3905000.000
5911	3751	3751000.000
5912	3838	3838000.000
5913	3788	3788000.000
5914	3899	3899000.000
5915	3699	3699000.000
5916	3928	3928000.000
5917	3872	3872000.000
5918	3788	3788000.000
5919	3788	3788000.000
5920	3928	3928000.000
5921	3937	3937000.000
5922	3751	3751000.000
5923	3854	3854000.000
5924	3742	3742000.000
5925	3904	3904000.000
5926	3789	3789000.000
5927	3694	3694000.000
5928	3909	3909000.000
5929	3848	3848000.000
5930	3817	3817000.000
5931	3770	3770000.000
5932	3896	3896000.000
5933	3961	3961000.000
5934	3898	3898000.000
5935	3841	3841000.000
5936	3837	3837000.000
5937	3914	3914000.000
5938	3846	3846000.000
5939	3783	3783000.000
5940	3928	3928000.000
5941	3837	3837000.000
5942	3829	3829000.000
5943	3851	3851000.000
5944	3823	3823000.000
5945	3914	3914000.000
5946	3814	3814000.000
5947	3718	3718000.000
5948	3785	3785000.000
5949	3861	3861000.000
5950	3881	3881000.000
5951	3922	3922000.000
5952	3878	3878000.000
5953	3768	3768000.000
5954	3977	3977000.000
5955	4004	4004000.000
5956	3941	3941000.000
5957	3962	3962000.000
5958	3871	3871000.000
5959	3829	3829000.000
5960	3921	3921000.000
5961	3792	3792000.000
5962	3744	3744000.000
5963	3929	3929000.000
5964	3807	3807000.000
5965	3692	3692000.000
5966	3729	3729000.000
5967	3849	3849000.000
5968	3877	3877000.000
5969	3847	3847000.000
5970	3785	3785000.000
5971	3906	3906000.000
5972	3871	3871000.000
5973	3781	3781000.000
5974	3921	3921000.000
5975	3894	3894000.000
5976	3682	3682000.000
5977	3826	3826000.000
5978	3847	3847000.000
5979	3891	3891000.000
5980	3873	3873000.000
5981	3717	3717000.000
5982	3742	3742000.000
5983	3751	3751000.000
5984	3818	3818000.000
5985	3615	3615000.000
5986	3817	3817000.000
5987	3885	3885000.000
5988	3773	3773000.000
5989	3788	3788000.000
5990	3772	3772000.000
5991	3767	3767000.000
5992	3837	3837000.000
5993	3826	3826000.000
5994	3840	3840000.000
5995	3877	3877000.000
5996	3768	3768000.000
5997	3759	3759000.000
5998	3891	3891000.000
5999	3819	3819000.000
6000	3747	3747000.000
6001	3736	3736000.000
6002	3724	3724000.000
6003	3625	3625000.000
6004	3741	3741000.000
6005	3779	3779000.000
6006	3910	3910000.000
6007	4046	4046000.000
6008	3903	3903000.000
6009	3838	3838000.000
6010	3939	3939000.000
6011	3920	3920000.000
6012	3976	3976000.000
6013	3984	3984000.000
6014	3887	3887000.000
6015	3833	3833000.000
6016	3714	3714000.000
6017	3773	3773000.000
6018	3811	3811000.000
6019	3759	3759000.000
6020	3797	3797000.000
6021	3716	3716000.000
6022	3736	3736000.000
6023	3786	3786000.000
6024	3818	3818000.000
6025	3709	3709000.000
6026	3749	3749000.000
6027	3829	3829000.000
6028	3916	3916000.000
6029	3862	3862000.000
6030	3992	3992000.000
6031	4050	4050000.000
6032	3914	3914000.000
6033	3832	3832000.000
6034	3900	3900000.000
6035	3873	3873000.000
6036	3673	3673000.000
6037	3668	3668000.000
6038	3667	3667000.000
6039	3660	3660000.000
6040	3550	3550000.000
6041	3742	3742000.000
6042	3817	3817000.000
6043	3772	3772000.000
6044	3802	3802000.000
6045	3919	3919000.000
6046	3833	3833000.000
6047	3791	3791000.000
6048	3852	3852000.000
6049	3818	3818000.000
6050	3833	3833000.000
6051	3838	3838000.000
6052	3969	3969000.000
6053	3962	3962000.000
6054	3681	3681000.000
6055	3770	3770000.000
6056	3743	3743000.000
6057	3685	3685000.000
6058	3626	3626000.000
6059	3641	3641000.000
6060	3638	3638000.000
6061	3671	3671000.000
6062	3816	3816000.000
6063	3878	3878000.000
6064	3783	3783000.000
6065	3861	3861000.000
6066	3874	3874000.000
6067	3815	3815000.000
6068	3832	3832000.000
6069	3963	3963000.000
6070	3954	3954000.000
6071	3954	3954000.000
6072	3797	3797000.000
6073	3848	3848000.000
6074	3749	3749000.000
6075	3788	3788000.000
6076	3686	3686000.000
6077	3798	3798000.000
6078	3854	3854000.000
6079	3716	3716000.000
6080	3752	3752000.000
6081	3848	3848000.000
6082	3876	3876000.000
6083	3851	3851000.000
6084	3966	3966000.000
6085	3964	3964000.000
6086	4025	4025000.000
6087	3937	3937000.000
6088	3915	3915000.000
6089	3970	3970000.000
6090	3991	3991000.000
6091	3758	3758000.000
6092	3780	3780000.000
6093	3690	3690000.000
6094	3556	3556000.000
6095	3791	3791000.000
6096	3804	3804000.000
6097	3857	3857000.000
6098	3774	3774000.000
6099	3785	3785000.000
6100	3801	3801000.000
6101	3819	3819000.000
6102	3983	3983000.000
6103	4076	4076000.000
6104	3946	3946000.000
6105	3908	3908000.000
6106	3913	3913000.000
6107	3878	3878000.000
6108	3833	3833000.000
6109	3964	3964000.000
6110	3948	3948000.000
6111	3808	3808000.000
6112	3787	3787000.000
6113	3712	3712000.000
6114	3723	3723000.000
6115	3753	3753000.000
6116	3743	3743000.000
6117	3762	3762000.000
6118	3698	3698000.000
6119	3707	3707000.000
6120	3754	3754000.000
6121	3890	3890000.000
6122	3853	3853000.000
6123	3947	3947000.000
6124	4065	4065000.000
6125	3862	3862000.000
6126	3844	3844000.000
6127	3817	3817000.000
6128	3974	3974000.000
6129	3861	3861000.000
6130	3765	3765000.000
6131	3761	3761000.000
6132	3627	3627000.000
6133	3811	3811000.000
6134	3781	3781000.000
6135	3782	3782000.000
6136	3748	3748000.000
6137	3821	3821000.000
6138	3928	3928000.000
6139	3915	3915000.000
6140	3780	3780000.000
6141	3835	3835000.000
6142	3818	3818000.000
6143	3922	3922000.000
6144	3876	3876000.000
6145	3959	3959000.000
6146	3807	3807000.000
6147	3895	3895000.000
6148	3838	3838000.000
6149	3874	3874000.000
6150	3789	3789000.000
6151	3759	3759000.000
6152	3713	3713000.000
6153	3674	3674000.000
6154	3785	3785000.000
6155	3837	3837000.000
6156	3855	3855000.000
6157	3817	3817000.000
6158	3812	3812000.000
6159	3959	3959000.000
6160	3947	3947000.000
6161	3992	3992000.000
6162	3934	3934000.000
6163	3882	3882000.000
6164	3837	3837000.000
6165	3878	3878000.000
6166	3947	3947000.000
6167	3866	3866000.000
6168	3777	3777000.000
6169	3808	3808000.000
6170	3866	3866000.000
6171	3874	3874000.000
6172	3850	3850000.000
6173	3770	3770000.000
6174	3845	3845000.000
6175	3866	3866000.000
6176	3938	3938000.000
6177	3981	3981000.000
6178	4034	4034000.000
6179	3842	3842000.000
6180	3905	3905000.000
6181	4032	4032000.000
6182	4043	4043000.000
6183	3914	3914000.000
6184	3834	3834000.000
6185	3780	3780000.000
6186	3773	3773000.000
6187	3822	3822000.000
6188	3720	3720000.000
6189	3787	3787000.000
6190	3790	3790000.000
6191	3773	3773000.000
6192	3624	3624000.000
6193	3665	3665000.000
6194	3876	3876000.000
6195	3913	3913000.000
6196	3900	3900000.000
6197	3941	3941000.000
6198	3974	3974000.000
6199	3903	3903000.000
6200	3958	3958000.000
6201	3916	3916000.000
6202	4000	4000000.000
6203	3943	3943000.000
6204	3754	3754000.000
6205	3801	3801000.000
6206	3699	3699000.000
6207	3787	3787000.000
6208	3761	3761000.000
6209	3837	3837000.000
6210	3789	3789000.000
6211	3672	3672000.000
6212	3791	3791000.000
6213	3755	3755000.000
6214	3907	3907000.000
6215	3986	3986000.000
6216	3895	3895000.000
6217	3793	3793000.000
6218	3799	3799000.000
6219	3994	3994000.000
6220	3891	3891000.000
6221	3984	3984000.000
6222	3751	3751000.000
6223	3749	3749000.000
6224	3702	3702000.000
6225	3745	3745000.000
6226	3906	3906000.000
6227	3772	3772000.000
6228	3705	3705000.000
6229	3728	3728000.000
6230	3853	3853000.000
6231	3903	3903000.000
6232	3880	3880000.000
6233	3846	3846000.000
6234	3765	3765000.000
6235	3843	3843000.000
6236	3853	3853000.000
6237	3927	3927000.000
6238	3879	3879000.000
6239	3930	3930000.000
6240	3812	3812000.000
6241	3871	3871000.000
6242	3889	3889000.000
6243	3706	3706000.000
6244	3662	3662000.000
6245	3773	3773000.000
6246	3772	3772000.000
6247	3730	3730000.000
6248	3828	3828000.000
6249	3886	3886000.000
6250	3885	3885000.000
6251	3809	3809000.000
6252	4047	4047000.000
6253	4050	4050000.000
6254	3975	3975000.000
6255	3907	3907000.000
6256	3780	3780000.000
6257	3838	3838000.000
6258	3826	3826000.000
6259	3848	3848000.000
6260	3884	3884000.000
6261	3811	3811000.000
6262	3801	3801000.000
6263	3801	3801000.000
6264	3846	3846000.000
6265	3840	3840000.000
6266	3620	3620000.000
6267	3796	3796000.000
6268	3773	3773000.000
6269	3797	3797000.000
6270	3996	3996000.000
6271	4000	4000000.000
6272	3931	3931000.000
6273	3946	3946000.000
6274	3766	3766000.000
6275	3919	3919000.000
6276	3915	3915000.000
6277	3879	3879000.000
6278	3807	3807000.000
6279	3747	3747000.000
6280	3822	3822000.000
6281	3739	3739000.000
6282	3816	3816000.000
6283	3849	3849000.000
6284	3831	3831000.000
6285	3781	3781000.000
6286	3664	3664000.000
6287	3838	3838000.000
6288	3909	3909000.000
6289	3900	3900000.000
6290	3891	3891000.000
6291	3829	3829000.000
6292	3965	3965000.000
6293	3878	3878000.000
6294	3892	3892000.000
6295	3903	3903000.000
6296	3885	3885000.000
6297	3783	3783000.000
6298	3657	3657000.000
6299	3733	3733000.000
6300	3700	3700000.000
6301	3776	3776000.000
6302	3845	3845000.000
6303	3806	3806000.000
6304	3817	3817000.000
6305	3871	3871000.000
6306	3954	3954000.000
6307	3881	3881000.000
6308	3933	3933000.000
6309	3853	3853000.000
6310	3890	3890000.000
6311	3975	3975000.000
6312	4002	4002000.000
6313	4023	4023000.000
6314	3921	3921000.000
6315	3871	3871000.000
6316	3896	3896000.000
6317	3891	3891000.000
6318	3885	3885000.000
6319	3921	3921000.000
6320	3888	3888000.000
6321	3765	3765000.000
6322	3746	3746000.000
6323	3737	3737000.000
6324	3777	3777000.000
6325	3838	3838000.000
6326	3795	3795000.000
6327	3882	3882000.000
6328	3783	3783000.000
6329	3862	3862000.000
6330	3945	3945000.000
6331	4064	4064000.000
6332	3880	3880000.000
6333	3911	3911000.000
6334	3981	3981000.000
6335	4008	4008000.000
6336	3822	3822000.000
6337	3825	3825000.000
6338	3857	3857000.000
6339	3726	3726000.000
6340	3776	3776000.000
6341	3679	3679000.000
6342	3848	3848000.000
6343	3680	3680000.000
6344	3780	3780000.000
6345	3758	3758000.000
6346	3858	3858000.000
6347	3708	3708000.000
6348	3752	3752000.000
6349	3723	3723000.000
6350	3833	3833000.000
6351	3725	3725000.000
6352	3829	3829000.000
6353	3947	3947000.000
6354	3892	3892000.000
6355	3897	3897000.000
6356	3844	3844000.000
6357	3811	3811000.000
6358	3795	3795000.000
6359	3821	3821000.000
6360	3907	3907000.000
6361	3858	3858000.000
6362	3809	3809000.000
6363	3813	3813000.000
6364	3635	3635000.000
6365	3896	3896000.000
6366	3787	3787000.000
6367	3809	3809000.000
6368	3849	3849000.000
6369	3801	3801000.000
6370	3792	3792000.000
6371	3827	3827000.000
6372	3784	3784000.000
6373	3784	3784000.000
6374	3821	3821000.000
6375	3930	3930000.000
6376	3709	3709000.000
6377	3783	3783000.000
6378	3745	3745000.000
6379	3954	3954000.000
6380	3809	3809000.000
6381	3776	3776000.000
6382	3899	3899000.000
6383	3916	3916000.000
6384	3842	3842000.000
6385	3944	3944000.000
6386	4024	4024000.000
6387	4099	4099000.000
6388	3975	3975000.000
6389	3977	3977000.000
6390	3984	3984000.000
6391	3954	3954000.000
6392	3948	3948000.000
6393	3752	3752000.000
6394	3702	3702000.000
6395	3882	3882000.000
6396	3895	3895000.000
6397	3829	3829000.000
6398	3775	3775000.000
6399	3769	3769000.000
6400	3748	3748000.000
6401	3834	3834000.000
6402	3677	3677000.000
6403	3897	3897000.000
6404	3859	3859000.000
6405	3768	3768000.000
6406	3856	3856000.000
6407	3991	3991000.000
6408	4126	4126000.000
6409	3982	3982000.000
6410	4040	4040000.000
6411	3920	3920000.000
6412	3954	3954000.000
6413	3948	3948000.000
6414	3872	3872000.000
6415	3774	3774000.000
6416	3745	3745000.000
6417	3835	3835000.000
6418	3729	3729000.000
6419	3719	3719000.000
6420	3760	3760000.000
6421	3844	3844000.000
6422	3798	3798000.000
6423	3887	3887000.000
6424	3880	3880000.000
6425	3772	3772000.000
6426	3950	3950000.000
6427	3823	3823000.000
6428	3936	3936000.000
6429	3882	3882000.000
6430	3753	3753000.000
6431	3762	3762000.000
6432	3731	3731000.000
6433	3710	3710000.000
6434	3749	3749000.000
6435	3622	3622000.000
6436	3826	3826000.000
6437	3793	3793000.000
6438	3747	3747000.000
6439	3707	3707000.000
6440	3889	3889000.000
6441	3740	3740000.000
6442	3680	3680000.000
6443	3911	3911000.000
6444	3863	3863000.000
6445	3901	3901000.000
6446	3867	3867000.000
6447	3853	3853000.000
6448	3919	3919000.000
6449	3775	3775000.000
6450	3912	3912000.000
6451	3827	3827000.000
6452	3677	3677000.000
6453	3735	3735000.000
6454	3888	3888000.000
6455	3796	3796000.000
6456	3824	3824000.000
6457	3812	3812000.000
6458	3766	3766000.000
6459	3807	3807000.000
6460	3886	3886000.000
6461	3873	3873000.000
6462	3937	3937000.000
6463	3941	3941000.000
6464	3879	3879000.000
6465	3976	3976000.000
6466	3967	3967000.000
6467	3891	3891000.000
6468	3897	3897000.000
6469	3834	3834000.000
6470	3820	3820000.000
6471	3858	3858000.000
6472	3736	3736000.000
6473	3829	3829000.000
6474	3659	3659000.000
6475	3719	3719000.000
6476	3939	3939000.000
6477	3842	3842000.000
6478	3859	3859000.000
6479	3983	3983000.000
6480	3938	3938000.000
6481	3795	3795000.000
6482	3839	3839000.000
6483	3866	3866000.000
6484	3868	3868000.000
6485	3971	3971000.000
6486	3894	3894000.000
6487	3791	3791000.000
6488	3850	3850000.000
6489	3895	3895000.000
6490	3810	3810000.000
6491	3774	3774000.000
6492	3679	3679000.000
6493	3686	3686000.000
6494	3784	3784000.000
6495	3805	3805000.000
6496	3669	3669000.000
6497	3810	3810000.000
6498	3923	3923000.000
6499	3829	3829000.000
6500	3942	3942000.000
6501	3924	3924000.000
6502	3974	3974000.000
6503	4040	4040000.000
6504	3913	3913000.000
6505	3821	3821000.000
6506	3861	3861000.000
6507	3782	3782000.000
6508	3853	3853000.000
6509	3594	3594000.000
6510	3791	3791000.000
6511	3766	3766000.000
6512	3721	3721000.000
6513	3700	3700000.000
6514	3698	3698000.000
6515	3848	3848000.000
6516	3733	3733000.000
6517	3765	3765000.000
6518	3806	3806000.000
6519	3947	3947000.000
6520	3825	3825000.000
6521	3756	3756000.000
6522	3959	3959000.000
6523	3834	3834000.000
6524	3714	3714000.000
6525	3796	3796000.000
6526	3831	3831000.000
6527	3689	3689000.000
6528	3770	3770000.000
6529	3746	3746000.000
6530	3615	3615000.000
6531	3765	3765000.000
6532	3857	3857000.000
6533	3741	3741000.000
6534	3902	3902000.000
6535	3853	3853000.000
6536	3778	3778000.000
6537	3861	3861000.000
6538	3755	3755000.000
6539	3832	3832000.000
6540	3854	3854000.000
6541	3811	3811000.000
6542	3915	3915000.000
6543	3775	3775000.000
6544	3797	3797000.000
6545	3851	3851000.000
6546	3900	3900000.000
6547	3708	3708000.000
6548	3845	3845000.000
6549	3817	3817000.000
6550	3770	3770000.000
6551	3854	3854000.000
6552	3699	3699000.000
6553	3765	3765000.000
6554	3888	3888000.000
6555	3805	3805000.000
6556	3836	3836000.000
6557	3940	3940000.000
6558	3954	3954000.000
6559	3819	3819000.000
6560	3759	3759000.000
6561	3773	3773000.000
6562	3834	3834000.000
6563	3767	3767000.000
6564	3820	3820000.000
6565	3819	3819000.000
6566	3788	3788000.000
6567	3691	3691000.000
6568	3776	3776000.000
6569	3814	3814000.000
6570	3755	3755000.000
6571	3823	3823000.000
6572	3745	3745000.000
6573	3731	3731000.000
6574	3701	3701000.000
6575	3868	3868000.000
6576	3923	3923000.000
6577	4011	4011000.000
6578	3807	3807000.000
6579	3831	3831000.000
6580	3801	3801000.000
6581	3813	3813000.000
6582	3908	3908000.000
6583	3800	3800000.000
6584	3664	3664000.000
6585	3700	3700000.000
6586	3674	3674000.000
6587	3812	3812000.000
6588	3760	3760000.000
6589	3735	3735000.000
6590	3686	3686000.000
6591	3799	3799000.000
6592	3773	3773000.000
6593	3787	3787000.000
6594	3897	3897000.000
6595	3918	3918000.000
6596	3940	3940000.000
6597	3866	3866000.000
6598	3814	3814000.000
6599	3928	3928000.000
6600	3941	3941000.000
6601	3893	3893000.000
6602	3860	3860000.000
6603	3769	3769000.000
6604	3726	3726000.000
6605	3727	3727000.000
6606	3822	3822000.000
6607	3970	3970000.000
6608	3883	3883000.000
6609	3780	3780000.000
6610	3787	3787000.000
6611	3794	3794000.000
6612	3964	3964000.000
6613	3914	3914000.000
6614	3991	3991000.000
6615	4004	4004000.000
6616	3904	3904000.000
6617	3766	3766000.000
6618	3865	3865000.000
6619	3867	3867000.000
6620	3854	3854000.000
6621	3852	3852000.000
6622	3757	3757000.000
6623	3778	3778000.000
6624	3714	3714000.000
6625	3798	3798000.000
6626	3878	3878000.000
6627	3722	3722000.000
6628	3834	3834000.000
6629	3845	3845000.000
6630	3969	3969000.000
6631	4012	4012000.000
6632	4064	4064000.000
6633	4086	4086000.000
6634	4057	4057000.000
6635	4017	4017000.000
6636	4023	4023000.000
6637	3969	3969000.000
6638	3915	3915000.000
6639	3850	3850000.000
6640	3863	3863000.000
6641	3861	3861000.000
6642	3758	3758000.000
6643	3792	3792000.000
6644	3738	3738000.000
6645	3717	3717000.000
6646	3633	3633000.000
6647	3837	3837000.000
6648	3841	3841000.000
6649	3785	3785000.000
6650	3726	3726000.000
6651	4021	4021000.000
6652	4047	4047000.000
6653	4014	4014000.000
6654	4039	4039000.000
6655	3959	3959000.000
6656	4023	4023000.000
6657	3917	3917000.000
6658	3995	3995000.000
6659	3946	3946000.000
6660	3736	3736000.000
6661	3638	3638000.000
6662	3670	3670000.000
6663	3752	3752000.000
6664	3715	3715000.000
6665	3708	3708000.000
6666	3753	3753000.000
6667	3725	3725000.000
6668	3860	3860000.000
6669	3777	3777000.000
6670	3815	3815000.000
6671	3799	3799000.000
6672	3804	3804000.000
6673	3860	3860000.000
6674	3917	3917000.000
6675	3924	3924000.000
6676	3953	3953000.000
6677	3807	3807000.000
6678	3733	3733000.000
6679	3846	3846000.000
6680	3734	3734000.000
6681	3597	3597000.000
6682	3771	3771000.000
6683	3665	3665000.000
6684	3783	3783000.000
6685	3690	3690000.000
6686	3736	3736000.000
6687	3814	3814000.000
6688	3992	3992000.000
6689	3980	3980000.000
6690	3951	3951000.000
6691	3956	3956000.000
6692	3922	3922000.000
6693	3907	3907000.000
6694	3976	3976000.000
6695	3939	3939000.000
6696	3807	3807000.000
6697	3847	3847000.000
6698	3881	3881000.000
6699	3794	3794000.000
6700	3808	3808000.000
6701	3801	3801000.000
6702	3755	3755000.000
6703	3793	3793000.000
6704	3941	3941000.000
6705	3968	3968000.000
6706	3937	3937000.000
6707	3832	3832000.000
6708	3948	3948000.000
6709	3961	3961000.000
6710	4082	4082000.000
6711	4042	4042000.000
6712	3996	3996000.000
6713	3903	3903000.000
6714	3834	3834000.000
6715	4014	4014000.000
6716	3828	3828000.000
6717	3856	3856000.000
6718	3743	3743000.000
6719	3616	3616000.000
6720	3726	3726000.000
6721	3826	3826000.000
6722	3862	3862000.000
6723	3854	3854000.000
6724	3907	3907000.000
6725	3958	3958000.000
6726	3898	3898000.000
6727	3945	3945000.000
6728	3928	3928000.000
6729	3875	3875000.000
6730	3898	3898000.000
6731	3873	3873000.000
6732	3965	3965000.000
6733	3831	3831000.000
6734	3876	3876000.000
6735	3786	3786000.000
6736	3807	3807000.000
6737	3869	3869000.000
6738	3769	3769000.000
6739	3797	3797000.000
6740	3838	3838000.000
6741	3869	3869000.000
6742	3852	3852000.000
6743	3880	3880000.000
6744	3965	3965000.000
6745	3881	3881000.000
6746	3788	3788000.000
6747	3779	3779000.000
6748	3885	3885000.000
6749	3824	3824000.000
6750	3885	3885000.000
6751	3791	3791000.000
6752	3845	3845000.000
6753	3807	3807000.000
6754	3886	3886000.000
6755	3654	3654000.000
6756	3730	3730000.000
6757	3628	3628000.000
6758	3713	3713000.000
6759	3723	3723000.000
6760	3893	3893000.000
6761	3945	3945000.000
6762	3889	3889000.000
6763	3975	3975000.000
6764	4035	4035000.000
6765	3931	3931000.000
6766	3983	3983000.000
6767	3870	3870000.000
6768	3879	3879000.000
6769	3978	3978000.000
6770	3931	3931000.000
6771	3836	3836000.000
6772	3959	3959000.000
6773	3780	3780000.000
6774	3712	3712000.000
6775	3818	3818000.000
6776	3833	3833000.000
6777	3737	3737000.000
6778	3709	3709000.000
6779	3757	3757000.000
6780	3828	3828000.000
6781	3961	3961000.000
6782	3860	3860000.000
6783	3829	3829000.000
6784	3864	3864000.000
6785	3875	3875000.000
6786	3844	3844000.000
6787	3986	3986000.000
6788	4001	4001000.000
6789	3918	3918000.000
6790	3807	3807000.000
6791	3953	3953000.000
6792	3761	3761000.000
6793	3739	3739000.000
6794	3769	3769000.000
6795	3716	3716000.000
6796	3778	3778000.000
6797	3693	3693000.000
6798	3813	3813000.000
6799	3969	3969000.000
6800	3886	3886000.000
6801	3857	3857000.000
6802	3935	3935000.000
6803	3986	3986000.000
6804	3887	3887000.000
6805	3876	3876000.000
6806	3906	3906000.000
6807	3905	3905000.000
6808	3814	3814000.000
6809	3790	3790000.000
6810	3803	3803000.000
6811	3818	3818000.000
6812	3652	3652000.000
6813	3704	3704000.000
6814	3788	3788000.000
6815	3849	3849000.000
6816	3722	3722000.000
6817	3771	3771000.000
6818	3827	3827000.000
6819	3768	3768000.000
6820	3853	3853000.000
6821	4049	4049000.000
6822	3940	3940000.000
6823	3943	3943000.000
6824	3875	3875000.000
6825	3781	3781000.000
6826	3865	3865000.000
6827	3773	3773000.000
6828	3874	3874000.000
6829	3790	3790000.000
6830	3848	3848000.000
6831	3865	3865000.000
6832	3804	3804000.000
6833	3752	3752000.000
6834	3711	3711000.000
6835	3742	3742000.000
6836	3909	3909000.000
6837	3973	3973000.000
6838	3901	3901000.000
6839	3787	3787000.000
6840	3863	3863000.000
6841	3916	3916000.000
6842	3892	3892000.000
6843	3978	3978000.000
6844	3995	3995000.000
6845	3878	3878000.000
6846	3791	3791000.000
6847	3819	3819000.000
6848	3821	3821000.000
6849	3873	3873000.000
6850	3714	3714000.000
6851	3696	3696000.000
6852	3729	3729000.000
6853	3826	3826000.000
6854	3960	3960000.000
6855	3928	3928000.000
6856	3845	3845000.000
6857	3810	3810000.000
6858	3864	3864000.000
6859	4047	4047000.000
6860	4004	4004000.000
6861	4050	4050000.000
6862	3919	3919000.000
6863	3836	3836000.000
6864	3878	3878000.000
6865	3830	3830000.000
6866	3796	3796000.000
6867	3766	3766000.000
6868	3720	3720000.000
6869	3685	3685000.000
6870	3830	3830000.000
6871	3849	3849000.000
6872	3904	3904000.000
6873	3827	3827000.000
6874	3865	3865000.000
6875	3946	3946000.000
6876	4014	4014000.000
6877	3899	3899000.000
6878	3890	3890000.000
6879	3857	3857000.000
6880	3821	3821000.000
6881	3755	3755000.000
6882	3902	3902000.000
6883	3930	3930000.000
6884	3754	3754000.000
6885	3763	3763000.000
6886	3831	3831000.000
6887	3814	3814000.000
6888	3794	3794000.000
6889	3675	3675000.000
6890	3715	3715000.000
6891	3723	3723000.000
6892	3817	3817000.000
6893	3959	3959000.000
6894	3969	3969000.000
6895	3832	3832000.000
6896	3915	3915000.000
6897	3900	3900000.000
6898	3849	3849000.000
6899	3772	3772000.000
6900	3790	3790000.000
6901	3854	3854000.000
6902	3834	3834000.000
6903	3640	3640000.000
6904	3801	3801000.000
6905	3763	3763000.000
6906	3812	3812000.000
6907	3849	3849000.000
6908	3655	3655000.000
6909	3882	3882000.000
6910	3837	3837000.000
6911	3848	3848000.000
6912	3820	3820000.000
6913	3917	3917000.000
6914	3916	3916000.000
6915	3976	3976000.000
6916	3892	3892000.000
6917	3920	3920000.000
6918	3899	3899000.000
6919	3888	3888000.000
6920	3875	3875000.000
6921	3897	3897000.000
6922	3933	3933000.000
6923	3819	3819000.000
6924	3733	3733000.000
6925	3746	3746000.000
6926	3749	3749000.000
6927	3786	3786000.000
6928	3855	3855000.000
6929	3916	3916000.000
6930	3896	3896000.000
6931	3802	3802000.000
6932	3827	3827000.000
6933	3920	3920000.000
6934	3921	3921000.000
6935	4099	4099000.000
6936	3956	3956000.000
6937	3941	3941000.000
6938	3929	3929000.000
6939	3816	3816000.000
6940	3782	3782000.000
6941	3872	3872000.000
6942	3869	3869000.000
6943	3750	3750000.000
6944	3704	3704000.000
6945	3823	3823000.000
6946	3844	3844000.000
6947	3849	3849000.000
6948	3837	3837000.000
6949	3757	3757000.000
6950	3814	3814000.000
6951	3800	3800000.000
6952	3953	3953000.000
6953	3977	3977000.000
6954	3966	3966000.000
6955	3887	3887000.000
6956	3849	3849000.000
6957	3991	3991000.000
6958	3968	3968000.000
6959	3764	3764000.000
6960	3755	3755000.000
6961	3786	3786000.000
6962	3755	3755000.000
6963	3874	3874000.000
6964	3903	3903000.000
6965	3833	3833000.000
6966	3697	3697000.000
6967	3812	3812000.000
6968	3880	3880000.000
6969	3862	3862000.000
6970	3732	3732000.000
6971	3760	3760000.000
6972	3820	3820000.000
6973	3806	3806000.000
6974	3783	3783000.000
6975	3777	3777000.000
6976	3892	3892000.000
6977	3921	3921000.000
6978	3929	3929000.000
6979	3849	3849000.000
6980	3855	3855000.000
6981	4014	4014000.000
6982	3866	3866000.000
6983	3849	3849000.000
6984	3822	3822000.000
6985	3778	3778000.000
6986	3831	3831000.000
6987	3774	3774000.000
6988	3739	3739000.000
6989	3790	3790000.000
6990	3823	3823000.000
6991	3840	3840000.000
6992	3817	3817000.000
6993	3836	3836000.000
6994	3817	3817000.000
6995	3839	3839000.000
6996	3846	3846000.000
6997	3821	3821000.000
6998	3755	3755000.000
6999	3872	3872000.000
7000	3848	3848000.000
7001	3891	3891000.000
7002	3872	3872000.000
7003	3824	3824000.000
7004	3836	3836000.000
7005	3809	3809000.000
7006	3858	3858000.000
7007	3921	3921000.000
7008	3761	3761000.000
7009	3856	3856000.000
7010	3949	3949000.000
7011	3744	3744000.000
7012	3771	3771000.000
7013	3936	3936000.000
7014	3888	3888000.000
7015	3780	3780000.000
7016	3870	3870000.000
7017	3865	3865000.000
7018	3767	3767000.000
7019	3870	3870000.000
7020	3917	3917000.000
7021	3853	3853000.000
7022	3770	3770000.000
7023	3868	3868000.000
7024	3747	3747000.000
7025	3891	3891000.000
7026	3924	3924000.000
7027	3829	3829000.000
7028	3919	3919000.000
7029	3980	3980000.000
7030	3894	3894000.000
7031	3983	3983000.000
7032	3876	3876000.000
7033	3806	3806000.000
7034	3883	3883000.000
7035	3932	3932000.000
7036	3936	3936000.000
7037	3933	3933000.000
7038	3848	3848000.000
7039	3772	3772000.000
7040	3946	3946000.000
7041	3817	3817000.000
7042	3867	3867000.000
7043	3800	3800000.000
7044	3885	3885000.000
7045	3829	3829000.000
7046	3716	3716000.000
7047	3838	3838000.000
7048	3831	3831000.000
7049	3909	3909000.000
7050	3974	3974000.000
7051	3761	3761000.000
7052	3954	3954000.000
7053	3946	3946000.000
7054	4025	4025000.000
7055	3948	3948000.000
7056	3918	3918000.000
7057	3861	3861000.000
7058	3926	3926000.000
7059	3871	3871000.000
7060	3828	3828000.000
7061	3855	3855000.000
7062	3748	3748000.000
7063	3767	3767000.000
7064	3974	3974000.000
7065	3835	3835000.000
7066	3855	3855000.000
7067	3945	3945000.000
7068	3954	3954000.000
7069	3820	3820000.000
7070	3897	3897000.000
7071	3958	3958000.000
7072	3856	3856000.000
7073	3840	3840000.000
7074	3872	3872000.000
7075	3834	3834000.000
7076	3851	3851000.000
7077	3836	3836000.000
7078	3885	3885000.000
7079	3729	3729000.000
7080	3620	3620000.000
7081	3769	3769000.000
7082	3843	3843000.000
7083	3742	3742000.000
7084	3811	3811000.000
7085	3939	3939000.000
7086	3817	3817000.000
7087	3821	3821000.000
7088	3897	3897000.000
7089	3909	3909000.000
7090	3963	3963000.000
7091	3860	3860000.000
7092	3758	3758000.000
7093	3961	3961000.000
7094	3915	3915000.000
7095	3713	3713000.000
7096	3768	3768000.000
7097	3733	3733000.000
7098	3752	3752000.000
7099	3859	3859000.000
7100	3880	3880000.000
7101	3930	3930000.000
7102	3755	3755000.000
7103	3870	3870000.000
7104	3919	3919000.000
7105	3919	3919000.000
7106	3873	3873000.000
7107	3969	3969000.000
7108	3899	3899000.000
7109	3864	3864000.000
7110	4034	4034000.000
7111	4009	4009000.000
7112	3865	3865000.000
7113	4002	4002000.000
7114	3901	3901000.000
7115	3766	3766000.000
7116	3826	3826000.000
7117	3839	3839000.000
7118	3713	3713000.000
7119	3922	3922000.000
7120	3768	3768000.000
7121	3820	3820000.000
7122	3822	3822000.000
7123	3863	3863000.000
7124	3971	3971000.000
7125	3930	3930000.000
7126	3868	3868000.000
7127	3839	3839000.000
7128	3919	3919000.000
7129	3841	3841000.000
7130	3913	3913000.000
7131	3920	3920000.000
7132	3801	3801000.000
7133	3801	3801000.000
7134	3832	3832000.000
7135	3763	3763000.000
7136	3881	3881000.000
7137	3826	3826000.000
7138	3746	3746000.000
7139	3702	3702000.000
7140	3810	3810000.000
7141	3822	3822000.000
7142	3651	3651000.000
7143	3894	3894000.000
7144	3868	3868000.000
7145	3853	3853000.000
7146	3914	3914000.000
7147	4018	4018000.000
7148	3920	3920000.000
7149	3926	3926000.000
7150	3828	3828000.000
7151	3743	3743000.000
7152	3860	3860000.000
7153	3746	3746000.000
7154	3697	3697000.000
7155	3807	3807000.000
7156	3752	3752000.000
7157	3740	3740000.000
7158	3801	3801000.000
7159	3877	3877000.000
7160	3862	3862000.000
7161	3883	3883000.000
7162	3924	3924000.000
7163	3783	3783000.000
7164	3798	3798000.000
7165	3968	3968000.000
7166	3849	3849000.000
7167	4056	4056000.000
7168	3859	3859000.000
7169	3704	3704000.000
7170	3955	3955000.000
7171	3979	3979000.000
7172	4012	4012000.000
7173	3896	3896000.000
7174	3866	3866000.000
7175	3682	3682000.000
7176	3919	3919000.000
7177	3792	3792000.000
7178	3935	3935000.000
7179	3918	3918000.000
7180	3880	3880000.000
7181	3858	3858000.000
7182	3911	3911000.000
7183	3932	3932000.000
7184	3887	3887000.000
7185	3928	3928000.000
7186	3799	3799000.000
7187	3777	3777000.000
7188	3999	3999000.000
7189	3792	3792000.000
7190	3956	3956000.000
7191	3849	3849000.000
7192	3752	3752000.000
7193	3776	3776000.000
7194	3877	3877000.000
7195	3837	3837000.000
7196	3774	3774000.000
7197	3752	3752000.000
7198	3831	3831000.000
7199	3959	3959000.000
7200	3812	3812000.000
7201	4011	4011000.000
7202	3877	3877000.000
7203	3732	3732000.000
7204	3847	3847000.000
7205	3931	3931000.000
7206	3906	3906000.000
7207	3997	3997000.000
7208	3848	3848000.000
7209	3733	3733000.000
7210	3770	3770000.000
7211	3805	3805000.000
7212	3701	3701000.000
7213	3655	3655000.000
7214	3947	3947000.000
7215	3881	3881000.000
7216	3797	3797000.000
7217	3843	3843000.000
7218	3841	3841000.000
7219	3819	3819000.000
7220	3794	3794000.000
7221	3945	3945000.000
7222	4039	4039000.000
7223	3838	3838000.000
7224	3941	3941000.000
7225	3933	3933000.000
7226	3881	3881000.000
7227	3747	3747000.000
7228	3757	3757000.000
7229	3797	3797000.000
7230	3767	3767000.000
7231	3696	3696000.000
7232	3714	3714000.000
7233	3832	3832000.000
7234	3845	3845000.000
7235	3940	3940000.000
7236	3806	3806000.000
7237	3857	3857000.000
7238	3933	3933000.000
7239	3834	3834000.000
7240	3865	3865000.000
7241	3884	3884000.000
7242	3779	3779000.000
7243	3839	3839000.000
7244	3799	3799000.000
7245	3865	3865000.000
7246	3852	3852000.000
7247	3803	3803000.000
7248	3690	3690000.000
7249	3896	3896000.000
7250	3905	3905000.000
7251	3847	3847000.000
7252	3741	3741000.000
7253	3818	3818000.000
7254	3734	3734000.000
7255	3761	3761000.000
7256	3824	3824000.000
7257	3775	3775000.000
7258	3909	3909000.000
7259	3934	3934000.000
7260	3770	3770000.000
7261	3995	3995000.000
7262	3933	3933000.000
7263	3874	3874000.000
7264	3708	3708000.000
7265	3703	3703000.000
7266	3671	3671000.000
7267	3687	3687000.000
7268	3738	3738000.000
7269	3745	3745000.000
7270	3819	3819000.000
7271	3945	3945000.000
7272	3719	3719000.000
7273	3906	3906000.000
7274	3944	3944000.000
7275	3900	3900000.000
7276	3854	3854000.000
7277	3914	3914000.000
7278	3940	3940000.000
7279	3976	3976000.000
7280	3882	3882000.000
7281	3929	3929000.000
7282	3884	3884000.000
7283	3901	3901000.000
7284	3773	3773000.000
7285	3832	3832000.000
7286	3879	3879000.000
7287	3695	3695000.000
7288	3643	3643000.000
7289	3688	3688000.000
7290	3659	3659000.000
7291	3777	3777000.000
7292	3876	3876000.000
7293	3796	3796000.000
7294	3837	3837000.000
7295	3939	3939000.000
7296	4078	4078000.000
7297	4006	4006000.000
7298	3905	3905000.000
7299	3794	3794000.000
7300	3804	3804000.000
7301	3896	3896000.000
7302	3888	3888000.000
7303	3879	3879000.000
7304	3763	3763000.000
7305	3750	3750000.000
7306	3695	3695000.000
7307	3653	3653000.000
7308	3700	3700000.000
7309	3823	3823000.000
7310	3847	3847000.000
7311	3807	3807000.000
7312	3846	3846000.000
7313	3815	3815000.000
7314	3884	3884000.000
7315	3950	3950000.000
7316	4022	4022000.000
7317	4012	4012000.000
7318	3933	3933000.000
7319	3794	3794000.000
7320	3913	3913000.000
7321	3902	3902000.000
7322	3940	3940000.000
7323	3871	3871000.000
7324	3781	3781000.000
7325	3833	3833000.000
7326	3837	3837000.000
7327	3883	3883000.000
7328	3716	3716000.000
7329	3790	3790000.000
7330	3894	3894000.000
7331	3922	3922000.000
7332	3977	3977000.000
7333	3967	3967000.000
7334	3984	3984000.000
7335	3897	3897000.000
7336	3839	3839000.000
7337	3931	3931000.000
7338	3962	3962000.000
7339	3990	3990000.000
7340	3983	3983000.000
7341	3833	3833000.000
7342	3896	3896000.000
7343	3903	3903000.000
7344	3802	3802000.000
7345	3880	3880000.000
7346	3830	3830000.000
7347	3693	3693000.000
7348	3838	3838000.000
7349	3921	3921000.000
7350	3979	3979000.000
7351	3985	3985000.000
7352	4003	4003000.000
7353	4068	4068000.000
7354	3934	3934000.000
7355	4004	4004000.000
7356	3811	3811000.000
7357	3936	3936000.000
7358	3853	3853000.000
7359	3702	3702000.000
7360	3840	3840000.000
7361	3811	3811000.000
7362	3821	3821000.000
7363	3841	3841000.000
7364	3837	3837000.000
7365	3906	3906000.000
7366	3975	3975000.000
7367	3838	3838000.000
7368	3882	3882000.000
7369	3815	3815000.000
7370	3878	3878000.000
7371	3991	3991000.000
7372	4065	4065000.000
7373	4078	4078000.000
7374	3983	3983000.000
7375	3962	3962000.000
7376	3921	3921000.000
7377	3876	3876000.000
7378	3855	3855000.000
7379	3844	3844000.000
7380	3668	3668000.000
7381	3682	3682000.000
7382	3761	3761000.000
7383	3740	3740000.000
7384	3712	3712000.000
7385	3743	3743000.000
7386	3754	3754000.000
7387	3788	3788000.000
7388	3874	3874000.000
7389	3829	3829000.000
7390	3863	3863000.000
7391	3942	3942000.000
7392	3977	3977000.000
7393	3887	3887000.000
7394	3935	3935000.000
7395	3851	3851000.000
7396	3737	3737000.000
7397	3802	3802000.000
7398	3766	3766000.000
7399	3771	3771000.000
7400	3651	3651000.000
7401	3633	3633000.000
7402	3775	3775000.000
7403	3762	3762000.000
7404	3858	3858000.000
7405	3846	3846000.000
7406	3773	3773000.000
7407	3832	3832000.000
7408	3931	3931000.000
7409	3932	3932000.000
7410	3849	3849000.000
7411	3760	3760000.000
7412	3743	3743000.000
7413	3851	3851000.000
7414	3835	3835000.000
7415	3811	3811000.000
7416	3636	3636000.000
7417	3735	3735000.000
7418	3726	3726000.000
7419	3716	3716000.000
7420	3828	3828000.000
7421	3785	3785000.000
7422	3896	3896000.000
7423	3864	3864000.000
7424	3951	3951000.000
7425	3906	3906000.000
7426	3950	3950000.000
7427	4085	4085000.000
7428	4031	4031000.000
7429	3985	3985000.000
7430	3939	3939000.000
7431	3840	3840000.000
7432	3807	3807000.000
7433	3842	3842000.000
7434	3974	3974000.000
7435	3836	3836000.000
7436	3713	3713000.000
7437	3837	3837000.000
7438	3748	3748000.000
7439	3752	3752000.000
7440	3976	3976000.000
7441	3862	3862000.000
7442	3903	3903000.000
7443	3930	3930000.000
7444	3855	3855000.000
7445	3988	3988000.000
7446	4026	4026000.000
7447	3978	3978000.000
7448	3927	3927000.000
7449	3939	3939000.000
7450	3905	3905000.000
7451	3933	3933000.000
7452	3890	3890000.000
7453	3827	3827000.000
7454	3831	3831000.000
7455	3663	3663000.000
7456	3789	3789000.000
7457	3770	3770000.000
7458	3823	3823000.000
7459	3804	3804000.000
7460	3797	3797000.000
7461	3918	3918000.000
7462	4003	4003000.000
7463	4005	4005000.000
7464	3930	3930000.000
7465	3857	3857000.000
7466	3984	3984000.000
7467	3938	3938000.000
7468	3833	3833000.000
7469	3970	3970000.000
7470	3878	3878000.000
7471	3970	3970000.000
7472	3925	3925000.000
7473	3850	3850000.000
7474	3971	3971000.000
7475	3886	3886000.000
7476	3847	3847000.000
7477	3932	3932000.000
7478	3933	3933000.000
7479	3911	3911000.000
7480	3942	3942000.000
7481	3898	3898000.000
7482	3803	3803000.000
7483	3718	3718000.000
7484	3792	3792000.000
7485	3973	3973000.000
7486	4011	4011000.000
7487	4037	4037000.000
7488	4042	4042000.000
7489	3969	3969000.000
7490	3893	3893000.000
7491	3970	3970000.000
7492	3935	3935000.000
7493	3909	3909000.000
7494	3855	3855000.000
7495	3750	3750000.000
7496	3820	3820000.000
7497	3806	3806000.000
7498	4047	4047000.000
7499	3949	3949000.000
7500	3997	3997000.000
7501	3970	3970000.000
7502	4029	4029000.000
7503	4010	4010000.000
7504	4071	4071000.000
7505	4079	4079000.000
7506	3754	3754000.000
7507	3848	3848000.000
7508	4042	4042000.000
7509	3902	3902000.000
7510	3984	3984000.000
7511	3882	3882000.000
7512	3889	3889000.000
7513	3820	3820000.000
7514	4009	4009000.000
7515	3904	3904000.000
7516	3881	3881000.000
7517	3841	3841000.000
7518	3917	3917000.000
7519	4000	4000000.000
7520	4049	4049000.000
7521	3958	3958000.000
7522	4011	4011000.000
7523	3910	3910000.000
7524	3965	3965000.000
7525	3916	3916000.000
7526	3940	3940000.000
7527	3868	3868000.000
7528	3771	3771000.000
7529	3881	3881000.000
7530	3904	3904000.000
7531	3929	3929000.000
7532	3788	3788000.000
7533	3908	3908000.000
7534	3832	3832000.000
7535	3988	3988000.000
7536	3878	3878000.000
7537	3908	3908000.000
7538	3947	3947000.000
7539	4030	4030000.000
7540	3838	3838000.000
7541	3938	3938000.000
7542	3947	3947000.000
7543	4004	4004000.000
7544	3942	3942000.000
7545	3941	3941000.000
7546	3874	3874000.000
7547	3863	3863000.000
7548	3907	3907000.000
7549	3882	3882000.000
7550	3829	3829000.000
7551	3731	3731000.000
7552	3906	3906000.000
7553	3919	3919000.000
7554	3916	3916000.000
7555	3977	3977000.000
7556	3897	3897000.000
7557	4014	4014000.000
7558	4017	4017000.000
7559	4048	4048000.000
7560	4019	4019000.000
7561	3973	3973000.000
7562	4169	4169000.000
7563	4003	4003000.000
7564	3845	3845000.000
7565	3887	3887000.000
7566	3796	3796000.000
7567	3866	3866000.000
7568	3888	3888000.000
7569	3946	3946000.000
7570	3964	3964000.000
7571	3902	3902000.000
7572	3921	3921000.000
7573	3913	3913000.000
7574	3919	3919000.000
7575	3949	3949000.000
7576	3927	3927000.000
7577	3826	3826000.000
7578	3881	3881000.000
7579	4004	4004000.000
7580	3968	3968000.000
7581	3910	3910000.000
7582	3758	3758000.000
7583	3738	3738000.000
7584	3799	3799000.000
7585	3794	3794000.000
7586	3759	3759000.000
7587	3726	3726000.000
7588	3940	3940000.000
7589	3833	3833000.000
7590	3723	3723000.000
7591	3743	3743000.000
7592	3888	3888000.000
7593	4016	4016000.000
7594	3931	3931000.000
7595	4083	4083000.000
7596	3983	3983000.000
7597	4152	4152000.000
7598	3987	3987000.000
7599	3830	3830000.000
7600	3842	3842000.000
7601	4034	4034000.000
7602	3885	3885000.000
7603	3959	3959000.000
7604	3781	3781000.000
7605	3763	3763000.000
7606	3753	3753000.000
7607	3630	3630000.000
7608	3684	3684000.000
7609	3871	3871000.000
7610	3927	3927000.000
7611	3804	3804000.000
7612	3746	3746000.000
7613	3775	3775000.000
7614	3997	3997000.000
7615	3926	3926000.000
7616	4061	4061000.000
7617	3980	3980000.000
7618	3965	3965000.000
7619	3955	3955000.000
7620	4091	4091000.000
7621	3968	3968000.000
7622	3787	3787000.000
7623	3798	3798000.000
7624	3942	3942000.000
7625	3816	3816000.000
7626	3702	3702000.000
7627	3634	3634000.000
7628	3689	3689000.000
7629	3695	3695000.000
7630	3745	3745000.000
7631	3704	3704000.000
7632	3831	3831000.000
7633	3998	3998000.000
7634	3886	3886000.000
7635	3785	3785000.000
7636	3803	3803000.000
7637	3927	3927000.000
7638	3876	3876000.000
7639	4052	4052000.000
7640	3936	3936000.000
7641	3894	3894000.000
7642	3833	3833000.000
7643	3824	3824000.000
7644	3771	3771000.000
7645	3964	3964000.000
7646	3823	3823000.000
7647	3910	3910000.000
7648	3938	3938000.000
7649	3875	3875000.000
7650	3824	3824000.000
7651	3951	3951000.000
7652	3878	3878000.000
7653	3870	3870000.000
7654	4020	4020000.000
7655	3903	3903000.000
7656	3804	3804000.000
7657	3858	3858000.000
7658	3763	3763000.000
7659	3783	3783000.000
7660	3968	3968000.000
7661	3860	3860000.000
7662	3878	3878000.000
7663	3916	3916000.000
7664	3859	3859000.000
7665	3704	3704000.000
7666	3757	3757000.000
7667	3910	3910000.000
7668	3942	3942000.000
7669	4012	4012000.000
7670	4002	4002000.000
7671	3976	3976000.000
7672	3911	3911000.000
7673	3940	3940000.000
7674	3894	3894000.000
7675	3843	3843000.000
7676	3834	3834000.000
7677	3886	3886000.000
7678	3906	3906000.000
7679	3913	3913000.000
7680	3949	3949000.000
7681	3763	3763000.000
7682	3742	3742000.000
7683	3821	3821000.000
7684	3833	3833000.000
7685	3828	3828000.000
7686	3803	3803000.000
7687	3795	3795000.000
7688	4027	4027000.000
7689	3973	3973000.000
7690	3988	3988000.000
7691	3886	3886000.000
7692	3836	3836000.000
7693	3927	3927000.000
7694	3931	3931000.000
7695	4087	4087000.000
7696	3882	3882000.000
7697	3764	3764000.000
7698	3773	3773000.000
7699	3786	3786000.000
7700	3777	3777000.000
7701	3759	3759000.000
7702	3798	3798000.000
7703	3872	3872000.000
7704	3833	3833000.000
7705	3719	3719000.000
7706	3842	3842000.000
7707	3940	3940000.000
7708	3933	3933000.000
7709	3826	3826000.000
7710	3791	3791000.000
7711	3892	3892000.000
7712	3933	3933000.000
7713	4001	4001000.000
7714	3844	3844000.000
7715	3827	3827000.000
7716	3847	3847000.000
7717	3906	3906000.000
7718	3785	3785000.000
7719	3730	3730000.000
7720	3688	3688000.000
7721	3774	3774000.000
7722	3770	3770000.000
7723	3688	3688000.000
7724	3808	3808000.000
7725	3874	3874000.000
7726	3860	3860000.000
7727	4038	4038000.000
7728	3857	3857000.000
7729	3809	3809000.000
7730	3908	3908000.000
7731	3916	3916000.000
7732	3936	3936000.000
7733	3899	3899000.000
7734	3952	3952000.000
7735	3884	3884000.000
7736	3749	3749000.000
7737	3706	3706000.000
7738	3816	3816000.000
7739	3833	3833000.000
7740	3865	3865000.000
7741	3901	3901000.000
7742	3829	3829000.000
7743	3849	3849000.000
7744	3899	3899000.000
7745	4034	4034000.000
7746	4000	4000000.000
7747	4016	4016000.000
7748	3893	3893000.000
7749	3915	3915000.000
7750	3855	3855000.000
7751	3883	3883000.000
7752	3869	3869000.000
7753	3797	3797000.000
7754	3827	3827000.000
7755	3812	3812000.000
7756	3814	3814000.000
7757	3739	3739000.000
7758	3755	3755000.000
7759	3734	3734000.000
7760	3687	3687000.000
7761	3862	3862000.000
7762	3879	3879000.000
7763	3968	3968000.000
7764	3974	3974000.000
7765	3927	3927000.000
7766	3885	3885000.000
7767	3923	3923000.000
7768	3913	3913000.000
7769	3920	3920000.000
7770	3973	3973000.000
7771	3884	3884000.000
7772	4020	4020000.000
7773	3910	3910000.000
7774	3765	3765000.000
7775	3713	3713000.000
7776	3781	3781000.000
7777	3814	3814000.000
7778	3958	3958000.000
7779	3852	3852000.000
7780	3830	3830000.000
7781	3838	3838000.000
7782	3911	3911000.000
7783	3916	3916000.000
7784	3965	3965000.000
7785	3832	3832000.000
7786	3803	3803000.000
7787	3853	3853000.000
7788	4021	4021000.000
7789	3949	3949000.000
7790	3855	3855000.000
7791	3738	3738000.000
7792	3766	3766000.000
7793	3766	3766000.000
7794	3672	3672000.000
7795	3872	3872000.000
7796	3857	3857000.000
7797	3805	3805000.000
7798	3754	3754000.000
7799	3846	3846000.000
7800	3906	3906000.000
7801	3932	3932000.000
7802	3820	3820000.000
7803	3837	3837000.000
7804	3881	3881000.000
7805	3949	3949000.000
7806	3985	3985000.000
7807	3964	3964000.000
7808	3785	3785000.000
7809	3848	3848000.000
7810	3920	3920000.000
7811	3762	3762000.000
7812	3806	3806000.000
7813	3865	3865000.000
7814	3882	3882000.000
7815	3782	3782000.000
7816	3850	3850000.000
7817	3837	3837000.000
7818	3791	3791000.000
7819	3906	3906000.000
7820	3896	3896000.000
7821	3835	3835000.000
7822	3892	3892000.000
7823	4068	4068000.000
7824	3884	3884000.000
7825	3963	3963000.000
7826	3825	3825000.000
7827	3863	3863000.000
7828	3819	3819000.000
7829	3737	3737000.000
7830	3910	3910000.000
7831	3836	3836000.000
7832	3758	3758000.000
7833	3959	3959000.000
7834	3852	3852000.000
7835	3732	3732000.000
7836	3782	3782000.000
7837	3823	3823000.000
7838	3827	3827000.000
7839	3767	3767000.000
7840	3734	3734000.000
7841	3838	3838000.000
7842	4047	4047000.000
7843	3919	3919000.000
7844	3841	3841000.000
7845	3860	3860000.000
7846	3955	3955000.000
7847	3893	3893000.000
7848	3909	3909000.000
7849	3740	3740000.000
7850	3785	3785000.000
7851	3848	3848000.000
7852	3877	3877000.000
7853	3783	3783000.000
7854	3782	3782000.000
7855	3768	3768000.000
7856	3930	3930000.000
7857	3895	3895000.000
7858	3821	3821000.000
7859	3753	3753000.000
7860	3861	3861000.000
7861	3873	3873000.000
7862	3819	3819000.000
7863	3832	3832000.000
7864	3860	3860000.000
7865	3948	3948000.000
7866	3906	3906000.000
7867	3914	3914000.000
7868	3742	3742000.000
7869	3792	3792000.000
7870	3862	3862000.000
7871	3810	3810000.000
7872	3759	3759000.000
7873	3666	3666000.000
7874	3728	3728000.000
7875	3688	3688000.000
7876	3822	3822000.000
7877	3892	3892000.000
7878	3894	3894000.000
7879	3834	3834000.000
7880	3937	3937000.000
7881	4055	4055000.000
7882	4017	4017000.000
7883	3812	3812000.000
7884	3804	3804000.000
7885	3864	3864000.000
7886	3930	3930000.000
7887	3796	3796000.000
7888	3737	3737000.000
7889	3700	3700000.000
7890	3913	3913000.000
7891	4014	4014000.000
7892	3794	3794000.000
7893	3865	3865000.000
7894	3985	3985000.000
7895	3872	3872000.000
7896	3836	3836000.000
7897	3785	3785000.000
7898	3785	3785000.000
7899	3969	3969000.000
7900	3807	3807000.000
7901	3820	3820000.000
7902	3755	3755000.000
7903	3740	3740000.000
7904	3868	3868000.000
7905	3822	3822000.000
7906	3707	3707000.000
7907	3792	3792000.000
7908	3873	3873000.000
7909	3899	3899000.000
7910	4004	4004000.000
7911	3742	3742000.000
7912	3882	3882000.000
7913	4063	4063000.000
7914	3891	3891000.000
7915	3992	3992000.000
7916	3930	3930000.000
7917	4029	4029000.000
7918	3891	3891000.000
7919	3716	3716000.000
7920	3716	3716000.000
7921	3822	3822000.000
7922	3761	3761000.000
7923	3965	3965000.000
7924	3828	3828000.000
7925	3720	3720000.000
7926	3837	3837000.000
7927	3776	3776000.000
7928	3875	3875000.000
7929	3703	3703000.000
7930	3787	3787000.000
7931	3804	3804000.000
7932	3884	3884000.000
7933	3948	3948000.000
7934	3863	3863000.000
7935	3809	3809000.000
7936	3778	3778000.000
7937	3987	3987000.000
7938	3755	3755000.000
7939	3743	3743000.000
7940	3938	3938000.000
7941	3878	3878000.000
7942	3708	3708000.000
7943	3668	3668000.000
7944	3658	3658000.000
7945	3605	3605000.000
7946	3659	3659000.000
7947	3730	3730000.000
7948	3888	3888000.000
7949	3763	3763000.000
7950	3746	3746000.000
7951	3912	3912000.000
7952	3821	3821000.000
7953	3844	3844000.000
7954	3800	3800000.000
7955	3863	3863000.000
7956	4007	4007000.000
7957	3959	3959000.000
7958	3907	3907000.000
7959	3832	3832000.000
7960	3725	3725000.000
7961	3879	3879000.000
7962	3841	3841000.000
7963	3788	3788000.000
7964	3801	3801000.000
7965	3993	3993000.000
7966	3834	3834000.000
7967	3841	3841000.000
7968	3789	3789000.000
7969	3720	3720000.000
7970	3772	3772000.000
7971	3839	3839000.000
7972	3885	3885000.000
7973	3783	3783000.000
7974	3860	3860000.000
7975	3981	3981000.000
7976	3825	3825000.000
7977	3733	3733000.000
7978	3892	3892000.000
7979	3918	3918000.000
7980	3937	3937000.000
7981	4009	4009000.000
7982	3947	3947000.000
7983	3922	3922000.000
7984	3864	3864000.000
7985	3871	3871000.000
7986	3762	3762000.000
7987	3865	3865000.000
7988	3903	3903000.000
7989	3774	3774000.000
7990	3805	3805000.000
7991	3852	3852000.000
7992	3911	3911000.000
7993	3697	3697000.000
7994	3829	3829000.000
7995	3847	3847000.000
7996	3797	3797000.000
7997	3721	3721000.000
7998	3806	3806000.000
7999	3664	3664000.000
8000	3603	3603000.000
8001	3836	3836000.000
8002	3890	3890000.000
8003	3855	3855000.000
8004	3947	3947000.000
8005	3827	3827000.000
8006	3822	3822000.000
8007	3827	3827000.000
8008	3905	3905000.000
8009	3753	3753000.000
8010	3970	3970000.000
8011	3806	3806000.000
8012	3831	3831000.000
8013	3748	3748000.000
8014	3778	3778000.000
8015	3793	3793000.000
8016	3819	3819000.000
8017	3781	3781000.000
8018	3946	3946000.000
8019	3853	3853000.000
8020	3797	3797000.000
8021	3710	3710000.000
8022	3871	3871000.000
8023	3817	3817000.000
8024	3795	3795000.000
8025	3847	3847000.000
8026	3937	3937000.000
8027	3855	3855000.000
8028	3899	3899000.000
8029	3863	3863000.000
8030	3792	3792000.000
8031	3887	3887000.000
8032	3956	3956000.000
8033	3821	3821000.000
8034	3859	3859000.000
8035	3894	3894000.000
8036	3754	3754000.000
8037	3832	3832000.000
8038	3743	3743000.000
8039	3811	3811000.000
8040	3795	3795000.000
8041	3947	3947000.000
8042	3988	3988000.000
8043	3852	3852000.000
8044	3765	3765000.000
8045	3924	3924000.000
8046	3839	3839000.000
8047	3779	3779000.000
8048	3907	3907000.000
8049	3886	3886000.000
8050	3945	3945000.000
8051	4026	4026000.000
8052	3802	3802000.000
8053	3797	3797000.000
8054	3775	3775000.000
8055	3967	3967000.000
8056	3836	3836000.000
8057	3817	3817000.000
8058	3910	3910000.000
8059	3861	3861000.000
8060	3830	3830000.000
8061	3782	3782000.000
8062	3945	3945000.000
8063	3886	3886000.000
8064	3780	3780000.000
8065	3800	3800000.000
8066	3758	3758000.000
8067	3872	3872000.000
8068	3748	3748000.000
8069	3842	3842000.000
8070	3873	3873000.000
8071	3835	3835000.000
8072	3778	3778000.000
8073	3749	3749000.000
8074	3791	3791000.000
8075	3884	3884000.000
8076	3814	3814000.000
8077	3766	3766000.000
8078	3829	3829000.000
8079	3903	3903000.000
8080	3845	3845000.000
8081	3835	3835000.000
8082	3993	3993000.000
8083	3855	3855000.000
8084	3812	3812000.000
8085	3778	3778000.000
8086	3791	3791000.000
8087	3806	3806000.000
8088	3792	3792000.000
8089	3797	3797000.000
8090	3796	3796000.000
8091	3719	3719000.000
8092	3767	3767000.000
8093	3860	3860000.000
8094	3823	3823000.000
8095	3744	3744000.000
8096	3911	3911000.000
8097	3832	3832000.000
8098	3885	3885000.000
8099	3932	3932000.000
8100	3770	3770000.000
8101	3830	3830000.000
8102	3866	3866000.000
8103	3903	3903000.000
8104	3825	3825000.000
8105	3872	3872000.000
8106	3780	3780000.000
8107	3831	3831000.000
8108	3763	3763000.000
8109	3845	3845000.000
8110	3811	3811000.000
8111	3699	3699000.000
8112	3818	3818000.000
8113	3876	3876000.000
8114	3795	3795000.000
8115	3693	3693000.000
8116	3779	3779000.000
8117	3937	3937000.000
8118	3845	3845000.000
8119	3773	3773000.000
8120	3793	3793000.000
8121	3829	3829000.000
8122	3855	3855000.000
8123	3831	3831000.000
8124	3886	3886000.000
8125	3838	3838000.000
8126	3904	3904000.000
8127	3798	3798000.000
8128	3740	3740000.000
8129	3968	3968000.000
8130	3931	3931000.000
8131	3839	3839000.000
8132	3749	3749000.000
8133	3758	3758000.000
8134	3835	3835000.000
8135	3840	3840000.000
8136	3935	3935000.000
8137	3792	3792000.000
8138	3911	3911000.000
8139	3850	3850000.000
8140	3953	3953000.000
8141	3761	3761000.000
8142	3739	3739000.000
8143	3791	3791000.000
8144	3774	3774000.000
8145	3834	3834000.000
8146	3705	3705000.000
8147	3672	3672000.000
8148	3824	3824000.000
8149	3918	3918000.000
8150	3882	3882000.000
8151	3740	3740000.000
8152	3848	3848000.000
8153	3859	3859000.000
8154	3868	3868000.000
8155	3740	3740000.000
8156	3740	3740000.000
8157	3673	3673000.000
8158	3697	3697000.000
8159	3806	3806000.000
8160	3861	3861000.000
8161	3837	3837000.000
8162	3612	3612000.000
8163	3830	3830000.000
8164	3854	3854000.000
8165	3819	3819000.000
8166	3680	3680000.000
8167	3836	3836000.000
8168	3672	3672000.000
8169	3733	3733000.000
8170	3724	3724000.000
8171	3773	3773000.000
8172	3907	3907000.000
8173	3986	3986000.000
8174	3867	3867000.000
8175	3802	3802000.000
8176	3826	3826000.000
8177	3895	3895000.000
8178	3949	3949000.000
8179	3848	3848000.000
8180	3802	3802000.000
8181	3881	3881000.000
8182	3780	3780000.000
8183	3874	3874000.000
8184	3750	3750000.000
8185	3763	3763000.000
8186	3821	3821000.000
8187	3852	3852000.000
8188	3890	3890000.000
8189	3828	3828000.000
8190	3810	3810000.000
8191	3750	3750000.000
8192	3760	3760000.000
8193	3835	3835000.000
8194	3919	3919000.000
8195	4075	4075000.000
8196	3938	3938000.000
8197	3858	3858000.000
8198	3732	3732000.000
8199	3762	3762000.000
8200	3839	3839000.000
8201	3876	3876000.000
8202	3880	3880000.000
8203	3870	3870000.000
8204	3821	3821000.000
8205	3865	3865000.000
8206	3922	3922000.000
8207	3921	3921000.000
8208	3823	3823000.000
8209	3698	3698000.000
8210	3726	3726000.000
8211	3846	3846000.000
8212	3883	3883000.000
8213	3898	3898000.000
8214	3924	3924000.000
8215	3783	3783000.000
8216	3848	3848000.000
8217	3892	3892000.000
8218	3808	3808000.000
8219	3868	3868000.000
8220	3919	3919000.000
8221	3801	3801000.000
8222	3806	3806000.000
8223	3715	3715000.000
8224	3750	3750000.000
8225	3824	3824000.000
8226	4108	4108000.000
8227	3977	3977000.000
8228	4001	4001000.000
8229	3999	3999000.000
8230	3983	3983000.000
8231	3983	3983000.000
8232	3955	3955000.000
8233	3774	3774000.000
8234	3824	3824000.000
8235	3816	3816000.000
8236	3949	3949000.000
8237	3834	3834000.000
8238	3789	3789000.000
8239	3781	3781000.000
8240	3676	3676000.000
8241	3816	3816000.000
8242	3803	3803000.000
8243	3871	3871000.000
8244	3757	3757000.000
8245	3827	3827000.000
8246	3894	3894000.000
8247	3965	3965000.000
8248	3990	3990000.000
8249	4012	4012000.000
8250	3999	3999000.000
8251	3919	3919000.000
8252	3873	3873000.000
8253	3875	3875000.000
8254	3851	3851000.000
8255	3851	3851000.000
8256	3805	3805000.000
8257	3637	3637000.000
8258	3589	3589000.000
8259	3763	3763000.000
8260	3810	3810000.000
8261	3743	3743000.000
8262	3840	3840000.000
8263	3903	3903000.000
8264	3874	3874000.000
8265	4069	4069000.000
8266	4033	4033000.000
8267	3989	3989000.000
8268	4013	4013000.000
8269	4013	4013000.000
8270	3906	3906000.000
8271	3926	3926000.000
8272	4000	4000000.000
8273	3860	3860000.000
8274	3843	3843000.000
8275	3779	3779000.000
8276	3748	3748000.000
8277	3693	3693000.000
8278	3648	3648000.000
8279	3781	3781000.000
8280	3675	3675000.000
8281	3800	3800000.000
8282	3920	3920000.000
8283	3858	3858000.000
8284	3903	3903000.000
8285	3894	3894000.000
8286	3985	3985000.000
8287	3880	3880000.000
8288	3903	3903000.000
8289	3979	3979000.000
8290	3809	3809000.000
8291	3672	3672000.000
8292	3775	3775000.000
8293	3808	3808000.000
8294	3886	3886000.000
8295	3939	3939000.000
8296	3845	3845000.000
8297	3870	3870000.000
8298	3930	3930000.000
8299	3963	3963000.000
8300	4013	4013000.000
8301	3904	3904000.000
8302	3893	3893000.000
8303	3803	3803000.000
8304	3755	3755000.000
8305	4012	4012000.000
8306	4007	4007000.000
8307	3953	3953000.000
8308	3969	3969000.000
8309	3871	3871000.000
8310	3754	3754000.000
8311	3763	3763000.000
8312	3679	3679000.000
8313	3757	3757000.000
8314	3680	3680000.000
8315	3692	3692000.000
8316	3802	3802000.000
8317	3905	3905000.000
8318	3976	3976000.000
8319	3926	3926000.000
8320	3978	3978000.000
8321	4037	4037000.000
8322	3950	3950000.000
8323	4005	4005000.000
8324	3856	3856000.000
8325	3903	3903000.000
8326	3881	3881000.000
8327	3873	3873000.000
8328	3712	3712000.000
8329	3791	3791000.000
8330	3736	3736000.000
8331	3784	3784000.000
8332	3791	3791000.000
8333	3752	3752000.000
8334	3925	3925000.000
8335	3703	3703000.000
8336	3822	3822000.000
8337	3890	3890000.000
8338	3846	3846000.000
8339	3795	3795000.000
8340	3794	3794000.000
8341	3732	3732000.000
8342	3887	3887000.000
8343	3933	3933000.000
8344	3915	3915000.000
8345	3953	3953000.000
8346	4004	4004000.000
8347	3881	3881000.000
8348	3808	3808000.000
8349	3865	3865000.000
8350	3745	3745000.000
8351	3832	3832000.000
8352	3795	3795000.000
8353	3737	3737000.000
8354	3768	3768000.000
8355	3849	3849000.000
8356	3960	3960000.000
8357	3932	3932000.000
8358	4051	4051000.000
8359	3956	3956000.000
8360	3888	3888000.000
8361	3886	3886000.000
8362	3851	3851000.000
8363	3955	3955000.000
8364	3905	3905000.000
8365	3862	3862000.000
8366	3770	3770000.000
8367	3691	3691000.000
8368	3698	3698000.000
8369	3738	3738000.000
8370	3682	3682000.000
8371	3839	3839000.000
8372	3833	3833000.000
8373	3809	3809000.000
8374	3670	3670000.000
8375	3892	3892000.000
8376	3946	3946000.000
8377	3900	3900000.000
8378	3806	3806000.000
8379	3891	3891000.000
8380	3763	3763000.000
8381	3985	3985000.000
8382	3929	3929000.000
8383	3912	3912000.000
8384	3751	3751000.000
8385	3790	3790000.000
8386	3925	3925000.000
8387	3820	3820000.000
8388	3775	3775000.000
8389	3762	3762000.000
8390	3686	3686000.000
8391	3769	3769000.000
8392	3841	3841000.000
8393	3759	3759000.000
8394	3830	3830000.000
8395	3889	3889000.000
8396	3892	3892000.000
8397	3820	3820000.000
8398	3951	3951000.000
8399	3946	3946000.000
8400	3904	3904000.000
8401	3760	3760000.000
8402	3767	3767000.000
8403	3776	3776000.000
8404	3772	3772000.000
8405	3764	3764000.000
8406	3859	3859000.000
8407	3780	3780000.000
8408	3639	3639000.000
8409	3781	3781000.000
8410	3807	3807000.000
8411	3921	3921000.000
8412	3789	3789000.000
8413	3800	3800000.000
8414	3748	3748000.000
8415	3803	3803000.000
8416	3906	3906000.000
8417	3853	3853000.000
8418	4018	4018000.000
8419	4007	4007000.000
8420	3853	3853000.000
8421	3790	3790000.000
8422	3762	3762000.000
8423	3867	3867000.000
8424	3813	3813000.000
8425	3752	3752000.000
8426	3623	3623000.000
8427	3714	3714000.000
8428	3689	3689000.000
8429	3614	3614000.000
8430	3780	3780000.000
8431	3848	3848000.000
8432	3978	3978000.000
8433	3868	3868000.000
8434	3849	3849000.000
8435	3896	3896000.000
8436	3959	3959000.000
8437	3859	3859000.000
8438	3743	3743000.000
8439	3820	3820000.000
8440	3984	3984000.000
8441	3866	3866000.000
8442	3803	3803000.000
8443	3747	3747000.000
8444	3844	3844000.000
8445	3900	3900000.000
8446	3785	3785000.000
8447	3775	3775000.000
8448	3963	3963000.000
8449	3829	3829000.000
8450	3868	3868000.000
8451	3828	3828000.000
8452	3881	3881000.000
8453	3774	3774000.000
8454	3759	3759000.000
8455	3940	3940000.000
8456	3965	3965000.000
8457	3709	3709000.000
8458	3862	3862000.000
8459	3850	3850000.000
8460	3786	3786000.000
8461	3884	3884000.000
8462	3886	3886000.000
8463	3816	3816000.000
8464	3840	3840000.000
8465	3655	3655000.000
8466	3709	3709000.000
8467	3838	3838000.000
8468	3924	3924000.000
8469	3773	3773000.000
8470	3912	3912000.000
8471	3880	3880000.000
8472	3856	3856000.000
8473	3895	3895000.000
8474	3864	3864000.000
8475	3896	3896000.000
8476	3748	3748000.000
8477	3781	3781000.000
8478	3784	3784000.000
8479	3819	3819000.000
8480	3804	3804000.000
8481	3816	3816000.000
8482	3774	3774000.000
8483	3722	3722000.000
8484	3770	3770000.000
8485	3869	3869000.000
8486	3832	3832000.000
8487	3863	3863000.000
8488	3840	3840000.000
8489	3788	3788000.000
8490	3981	3981000.000
8491	3898	3898000.000
8492	3694	3694000.000
8493	3803	3803000.000
8494	3963	3963000.000
8495	3774	3774000.000
8496	3723	3723000.000
8497	3852	3852000.000
8498	3782	3782000.000
8499	3704	3704000.000
8500	3754	3754000.000
8501	3795	3795000.000
8502	3886	3886000.000
8503	3738	3738000.000
8504	3687	3687000.000
8505	3866	3866000.000
8506	3814	3814000.000
8507	3750	3750000.000
8508	3933	3933000.000
8509	3861	3861000.000
8510	3927	3927000.000
8511	3855	3855000.000
8512	3840	3840000.000
8513	3822	3822000.000
8514	3908	3908000.000
8515	3968	3968000.000
8516	3785	3785000.000
8517	3721	3721000.000
8518	3795	3795000.000
8519	3862	3862000.000
8520	3725	3725000.000
8521	3734	3734000.000
8522	3798	3798000.000
8523	3755	3755000.000
8524	3742	3742000.000
8525	3827	3827000.000
8526	3885	3885000.000
8527	3856	3856000.000
8528	3885	3885000.000
8529	4026	4026000.000
8530	3881	3881000.000
8531	3879	3879000.000
8532	3740	3740000.000
8533	3812	3812000.000
8534	3803	3803000.000
8535	3810	3810000.000
8536	3734	3734000.000
8537	3802	3802000.000
8538	3786	3786000.000
8539	3833	3833000.000
8540	3745	3745000.000
8541	3755	3755000.000
8542	3832	3832000.000
8543	3957	3957000.000
8544	3829	3829000.000
8545	3774	3774000.000
8546	3786	3786000.000
8547	3847	3847000.000
8548	3867	3867000.000
8549	3907	3907000.000
8550	3912	3912000.000
8551	3773	3773000.000
8552	3845	3845000.000
8553	3904	3904000.000
8554	3829	3829000.000
8555	3801	3801000.000
8556	3790	3790000.000
8557	3873	3873000.000
8558	3832	3832000.000
8559	3676	3676000.000
8560	3720	3720000.000
8561	3863	3863000.000
8562	3832	3832000.000
8563	3757	3757000.000
8564	3898	3898000.000
8565	3916	3916000.000
8566	3764	3764000.000
8567	3770	3770000.000
8568	3888	3888000.000
8569	3888	3888000.000
8570	3916	3916000.000
8571	3884	3884000.000
8572	4048	4048000.000
8573	3946	3946000.000
8574	3829	3829000.000
8575	3843	3843000.000
8576	3843	3843000.000
8577	3689	3689000.000
8578	3779	3779000.000
8579	3792	3792000.000
8580	3870	3870000.000
8581	3836	3836000.000
8582	3852	3852000.000
8583	3733	3733000.000
8584	3932	3932000.000
8585	3951	3951000.000
8586	3714	3714000.000
8587	3809	3809000.000
8588	3899	3899000.000
8589	3917	3917000.000
8590	3848	3848000.000
8591	3847	3847000.000
8592	3934	3934000.000
8593	3904	3904000.000
8594	3868	3868000.000
8595	3866	3866000.000
8596	3899	3899000.000
8597	3726	3726000.000
8598	3871	3871000.000
8599	3959	3959000.000
8600	3859	3859000.000
8601	3764	3764000.000
8602	3877	3877000.000
8603	3766	3766000.000
8604	3843	3843000.000
8605	3890	3890000.000
8606	3868	3868000.000
8607	3897	3897000.000
8608	3800	3800000.000
8609	3827	3827000.000
8610	3903	3903000.000
8611	3953	3953000.000
8612	3728	3728000.000
8613	3755	3755000.000
8614	3676	3676000.000
8615	3784	3784000.000
8616	3828	3828000.000
8617	3781	3781000.000
8618	3869	3869000.000
8619	3874	3874000.000
8620	3778	3778000.000
8621	3834	3834000.000
8622	4070	4070000.000
8623	3936	3936000.000
8624	3767	3767000.000
8625	3796	3796000.000
8626	3845	3845000.000
8627	3802	3802000.000
8628	3872	3872000.000
8629	3840	3840000.000
8630	3847	3847000.000
8631	3917	3917000.000
8632	3917	3917000.000
8633	3769	3769000.000
8634	3765	3765000.000
8635	3757	3757000.000
8636	3901	3901000.000
8637	3808	3808000.000
8638	3883	3883000.000
8639	3839	3839000.000
8640	3897	3897000.000
8641	4017	4017000.000
8642	3990	3990000.000
8643	3912	3912000.000
8644	3812	3812000.000
8645	3969	3969000.000
8646	3987	3987000.000
8647	3737	3737000.000
8648	3753	3753000.000
8649	3868	3868000.000
8650	3828	3828000.000
8651	3792	3792000.000
8652	3733	3733000.000
8653	3711	3711000.000
8654	3751	3751000.000
8655	3855	3855000.000
8656	3821	3821000.000
8657	3755	3755000.000
8658	3908	3908000.000
8659	3799	3799000.000
8660	3881	3881000.000
8661	3839	3839000.000
8662	3787	3787000.000
8663	3783	3783000.000
8664	3784	3784000.000
8665	4001	4001000.000
8666	3883	3883000.000
8667	3720	3720000.000
8668	3795	3795000.000
8669	3797	3797000.000
8670	3791	3791000.000
8671	3718	3718000.000
8672	3735	3735000.000
8673	3804	3804000.000
8674	3856	3856000.000
8675	3775	3775000.000
8676	3845	3845000.000
8677	3706	3706000.000
8678	3921	3921000.000
8679	3874	3874000.000
8680	3860	3860000.000
8681	3871	3871000.000
8682	3921	3921000.000
8683	4009	4009000.000
8684	4003	4003000.000
8685	3918	3918000.000
8686	4044	4044000.000
8687	3854	3854000.000
8688	3798	3798000.000
8689	3815	3815000.000
8690	3678	3678000.000
8691	3835	3835000.000
8692	3854	3854000.000
8693	3868	3868000.000
8694	3830	3830000.000
8695	3772	3772000.000
8696	3840	3840000.000
8697	3839	3839000.000
8698	3999	3999000.000
8699	3948	3948000.000
8700	4008	4008000.000
8701	3961	3961000.000
8702	3931	3931000.000
8703	3796	3796000.000
8704	3893	3893000.000
8705	3826	3826000.000
8706	3913	3913000.000
8707	3864	3864000.000
8708	3931	3931000.000
8709	3872	3872000.000
8710	3788	3788000.000
8711	3758	3758000.000
8712	3826	3826000.000
8713	3864	3864000.000
8714	3851	3851000.000
8715	3892	3892000.000
8716	4062	4062000.000
8717	3984	3984000.000
8718	3907	3907000.000
8719	3907	3907000.000
8720	3991	3991000.000
8721	3968	3968000.000
8722	4014	4014000.000
8723	3994	3994000.000
8724	3916	3916000.000
8725	3893	3893000.000
8726	3744	3744000.000
8727	3732	3732000.000
8728	3656	3656000.000
8729	3801	3801000.000
8730	3830	3830000.000
8731	3961	3961000.000
8732	3951	3951000.000
8733	3924	3924000.000
8734	3838	3838000.000
8735	3816	3816000.000
8736	3737	3737000.000
8737	3928	3928000.000
8738	3882	3882000.000
8739	3950	3950000.000
8740	3895	3895000.000
8741	3842	3842000.000
8742	3871	3871000.000
8743	3676	3676000.000
8744	3861	3861000.000
8745	3798	3798000.000
8746	3849	3849000.000
8747	3793	3793000.000
8748	3852	3852000.000
8749	3773	3773000.000
8750	3803	3803000.000
8751	3930	3930000.000
8752	3819	3819000.000
8753	3900	3900000.000
8754	3868	3868000.000
8755	3958	3958000.000
8756	3998	3998000.000
8757	3871	3871000.000
8758	3858	3858000.000
8759	3849	3849000.000
8760	3841	3841000.000
8761	3929	3929000.000
8762	3787	3787000.000
8763	3725	3725000.000
8764	3796	3796000.000
8765	3815	3815000.000
8766	3749	3749000.000
8767	3855	3855000.000
8768	3751	3751000.000
8769	3756	3756000.000
8770	3902	3902000.000
8771	4035	4035000.000
8772	3835	3835000.000
8773	3840	3840000.000
8774	3971	3971000.000
8775	3974	3974000.000
8776	3874	3874000.000
8777	3886	3886000.000
8778	3924	3924000.000
8779	3936	3936000.000
8780	4012	4012000.000
8781	3828	3828000.000
8782	3773	3773000.000
8783	3810	3810000.000
8784	3853	3853000.000
8785	3819	3819000.000
8786	3749	3749000.000
8787	3738	3738000.000
8788	3776	3776000.000
8789	3733	3733000.000
8790	3762	3762000.000
8791	3909	3909000.000
8792	3961	3961000.000
8793	3937	3937000.000
8794	3848	3848000.000
8795	3865	3865000.000
8796	3803	3803000.000
8797	3946	3946000.000
8798	3946	3946000.000
8799	3891	3891000.000
8800	3864	3864000.000
8801	3826	3826000.000
8802	3844	3844000.000
8803	3768	3768000.000
8804	3769	3769000.000
8805	3783	3783000.000
8806	3732	3732000.000
8807	3883	3883000.000
8808	3893	3893000.000
8809	3853	3853000.000
8810	3813	3813000.000
8811	3892	3892000.000
8812	3762	3762000.000
8813	3794	3794000.000
8814	3791	3791000.000
8815	3956	3956000.000
8816	3919	3919000.000
8817	3853	3853000.000
8818	3814	3814000.000
8819	3854	3854000.000
8820	3736	3736000.000
8821	3833	3833000.000
8822	3782	3782000.000
8823	3891	3891000.000
8824	3869	3869000.000
8825	3837	3837000.000
8826	3779	3779000.000
8827	3825	3825000.000
8828	3840	3840000.000
8829	3724	3724000.000
8830	3848	3848000.000
8831	3886	3886000.000
8832	3966	3966000.000
8833	3854	3854000.000
8834	3920	3920000.000
8835	3792	3792000.000
8836	3816	3816000.000
8837	3831	3831000.000
8838	3854	3854000.000
8839	3841	3841000.000
8840	3848	3848000.000
8841	3840	3840000.000
8842	3795	3795000.000
8843	3687	3687000.000
8844	3747	3747000.000
8845	3834	3834000.000
8846	3841	3841000.000
8847	3946	3946000.000
8848	3939	3939000.000
8849	3896	3896000.000
8850	3869	3869000.000
8851	3853	3853000.000
8852	3874	3874000.000
8853	3773	3773000.000
8854	3964	3964000.000
8855	3914	3914000.000
8856	3794	3794000.000
8857	3804	3804000.000
8858	3755	3755000.000
8859	3833	3833000.000
8860	3709	3709000.000
8861	3691	3691000.000
8862	3845	3845000.000
8863	3882	3882000.000
8864	3892	3892000.000
8865	3850	3850000.000
8866	3845	3845000.000
8867	3701	3701000.000
8868	3964	3964000.000
8869	3928	3928000.000
8870	3883	3883000.000
8871	3900	3900000.000
8872	3977	3977000.000
8873	3886	3886000.000
8874	3838	3838000.000
8875	3834	3834000.000
8876	3866	3866000.000
8877	3926	3926000.000
8878	3901	3901000.000
8879	3848	3848000.000
8880	3740	3740000.000
8881	3817	3817000.000
8882	3788	3788000.000
8883	3826	3826000.000
8884	3813	3813000.000
8885	3903	3903000.000
8886	3884	3884000.000
8887	3839	3839000.000
8888	3715	3715000.000
8889	3821	3821000.000
8890	3917	3917000.000
8891	3953	3953000.000
8892	4010	4010000.000
8893	3903	3903000.000
8894	3979	3979000.000
8895	3942	3942000.000
8896	3839	3839000.000
8897	3776	3776000.000
8898	3795	3795000.000
8899	3796	3796000.000
8900	3832	3832000.000
8901	3839	3839000.000
8902	3813	3813000.000
8903	3822	3822000.000
8904	3758	3758000.000
8905	3712	3712000.000
8906	3871	3871000.000
8907	3767	3767000.000
8908	3849	3849000.000
8909	3824	3824000.000
8910	3799	3799000.000
8911	3767	3767000.000
8912	3749	3749000.000
8913	3793	3793000.000
8914	3819	3819000.000
8915	3860	3860000.000
8916	3847	3847000.000
8917	3881	3881000.000
8918	3729	3729000.000
8919	3773	3773000.000
8920	3752	3752000.000
8921	3817	3817000.000
8922	3853	3853000.000
8923	3882	3882000.000
8924	3899	3899000.000
8925	3932	3932000.000
8926	3838	3838000.000
8927	3852	3852000.000
8928	3869	3869000.000
8929	3951	3951000.000
8930	3750	3750000.000
8931	3837	3837000.000
8932	3811	3811000.000
8933	3827	3827000.000
8934	3744	3744000.000
8935	3740	3740000.000
8936	3815	3815000.000
8937	3982	3982000.000
8938	3858	3858000.000
8939	3813	3813000.000
8940	3876	3876000.000
8941	3689	3689000.000
8942	3819	3819000.000
8943	3908	3908000.000
8944	3911	3911000.000
8945	3951	3951000.000
8946	3875	3875000.000
8947	3843	3843000.000
8948	3804	3804000.000
8949	3787	3787000.000
8950	3848	3848000.000
8951	3880	3880000.000
8952	3882	3882000.000
8953	3918	3918000.000
8954	3850	3850000.000
8955	3878	3878000.000
8956	3758	3758000.000
8957	3826	3826000.000
8958	3824	3824000.000
8959	3765	3765000.000
8960	3895	3895000.000
8961	3847	3847000.000
8962	3860	3860000.000
8963	3840	3840000.000
8964	3892	3892000.000
8965	3822	3822000.000
8966	3743	3743000.000
8967	3867	3867000.000
8968	3937	3937000.000
8969	3941	3941000.000
8970	3869	3869000.000
8971	3868	3868000.000
8972	3832	3832000.000
8973	3767	3767000.000
8974	3795	3795000.000
8975	3917	3917000.000
8976	3828	3828000.000
8977	3881	3881000.000
8978	3935	3935000.000
8979	3772	3772000.000
8980	3678	3678000.000
8981	3832	3832000.000
8982	3933	3933000.000
8983	3849	3849000.000
8984	3813	3813000.000
8985	3967	3967000.000
8986	3907	3907000.000
8987	3970	3970000.000
8988	3874	3874000.000
8989	3955	3955000.000
8990	3707	3707000.000
8991	3843	3843000.000
8992	3928	3928000.000
8993	3882	3882000.000
8994	3817	3817000.000
8995	3743	3743000.000
8996	3726	3726000.000
8997	3766	3766000.000
8998	3807	3807000.000
8999	3687	3687000.000
9000	3762	3762000.000
9001	3896	3896000.000
9002	3898	3898000.000
9003	3846	3846000.000
9004	3856	3856000.000
9005	3877	3877000.000
9006	3944	3944000.000
9007	3847	3847000.000
9008	3975	3975000.000
9009	3926	3926000.000
9010	3845	3845000.000
9011	3847	3847000.000
9012	3751	3751000.000
9013	3781	3781000.000
9014	3825	3825000.000
9015	3780	3780000.000
9016	3780	3780000.000
9017	3846	3846000.000
9018	3922	3922000.000
9019	3812	3812000.000
9020	3867	3867000.000
9021	3831	3831000.000
9022	3976	3976000.000
9023	3945	3945000.000
9024	3932	3932000.000
9025	3841	3841000.000
9026	3767	3767000.000
9027	3833	3833000.000
9028	3731	3731000.000
9029	3796	3796000.000
9030	3785	3785000.000
9031	3885	3885000.000
9032	3832	3832000.000
9033	3758	3758000.000
9034	3739	3739000.000
9035	3720	3720000.000
9036	3719	3719000.000
9037	3867	3867000.000
9038	3900	3900000.000
9039	3963	3963000.000
9040	3841	3841000.000
9041	3920	3920000.000
9042	3986	3986000.000
9043	3972	3972000.000
9044	3998	3998000.000
9045	3933	3933000.000
9046	3944	3944000.000
9047	3796	3796000.000
9048	3769	3769000.000
9049	3780	3780000.000
9050	3700	3700000.000
9051	3742	3742000.000
9052	3747	3747000.000
9053	3754	3754000.000
9054	3766	3766000.000
9055	3864	3864000.000
9056	3860	3860000.000
9057	3754	3754000.000
9058	3823	3823000.000
9059	3714	3714000.000
9060	3843	3843000.000
9061	3901	3901000.000
9062	3957	3957000.000
9063	3902	3902000.000
9064	3793	3793000.000
9065	3900	3900000.000
9066	3788	3788000.000
9067	3793	3793000.000
9068	3804	3804000.000
9069	3812	3812000.000
9070	3798	3798000.000
9071	3872	3872000.000
9072	3894	3894000.000
9073	3732	3732000.000
9074	3733	3733000.000
9075	3873	3873000.000
9076	3924	3924000.000
9077	3932	3932000.000
9078	3823	3823000.000
9079	4042	4042000.000
9080	4023	4023000.000
9081	3905	3905000.000
9082	3867	3867000.000
9083	3788	3788000.000
9084	3891	3891000.000
9085	3918	3918000.000
9086	3860	3860000.000
9087	3818	3818000.000
9088	3750	3750000.000
9089	3749	3749000.000
9090	3691	3691000.000
9091	3760	3760000.000
9092	3803	3803000.000
9093	3804	3804000.000
9094	3921	3921000.000
9095	3833	3833000.000
9096	3831	3831000.000
9097	3796	3796000.000
9098	3843	3843000.000
9099	3872	3872000.000
9100	3953	3953000.000
9101	3967	3967000.000
9102	3936	3936000.000
9103	4021	4021000.000
9104	3939	3939000.000
9105	3802	3802000.000
9106	3747	3747000.000
9107	3739	3739000.000
9108	3902	3902000.000
9109	3810	3810000.000
9110	3799	3799000.000
9111	3725	3725000.000
9112	3810	3810000.000
9113	3715	3715000.000
9114	3794	3794000.000
9115	3998	3998000.000
9116	4009	4009000.000
9117	3911	3911000.000
9118	3831	3831000.000
9119	3827	3827000.000
9120	3826	3826000.000
9121	3830	3830000.000
9122	3862	3862000.000
9123	3798	3798000.000
9124	3909	3909000.000
9125	3818	3818000.000
9126	3779	3779000.000
9127	3820	3820000.000
9128	3722	3722000.000
9129	3798	3798000.000
9130	3846	3846000.000
9131	3904	3904000.000
9132	3901	3901000.000
9133	3927	3927000.000
9134	3908	3908000.000
9135	3797	3797000.000
9136	3899	3899000.000
9137	3974	3974000.000
9138	3832	3832000.000
9139	3949	3949000.000
9140	3908	3908000.000
9141	3935	3935000.000
9142	3729	3729000.000
9143	3719	3719000.000
9144	3711	3711000.000
9145	3838	3838000.000
9146	3708	3708000.000
9147	3870	3870000.000
9148	3849	3849000.000
9149	3921	3921000.000
9150	3818	3818000.000
9151	3885	3885000.000
9152	3823	3823000.000
9153	3726	3726000.000
9154	3817	3817000.000
9155	3945	3945000.000
9156	3972	3972000.000
9157	3950	3950000.000
9158	3885	3885000.000
9159	3889	3889000.000
9160	3960	3960000.000
9161	3979	3979000.000
9162	3829	3829000.000
9163	3751	3751000.000
9164	3774	3774000.000
9165	3755	3755000.000
9166	3685	3685000.000
9167	3729	3729000.000
9168	3920	3920000.000
9169	3902	3902000.000
9170	3877	3877000.000
9171	3926	3926000.000
9172	3897	3897000.000
9173	3899	3899000.000
9174	3876	3876000.000
9175	3878	3878000.000
9176	3826	3826000.000
9177	3748	3748000.000
9178	3839	3839000.000
9179	3789	3789000.000
9180	3779	3779000.000
9181	3865	3865000.000
9182	3694	3694000.000
9183	3672	3672000.000
9184	3774	3774000.000
9185	3803	3803000.000
9186	3769	3769000.000
9187	3934	3934000.000
9188	3895	3895000.000
9189	3876	3876000.000
9190	3849	3849000.000
9191	3899	3899000.000
9192	4059	4059000.000
9193	4004	4004000.000
9194	3986	3986000.000
9195	4011	4011000.000
9196	3958	3958000.000
9197	3884	3884000.000
9198	3741	3741000.000
9199	3735	3735000.000
9200	3771	3771000.000
9201	3785	3785000.000
9202	3804	3804000.000
9203	3805	3805000.000
9204	3731	3731000.000
9205	3823	3823000.000
9206	3792	3792000.000
9207	3835	3835000.000
9208	3919	3919000.000
9209	4022	4022000.000
9210	3876	3876000.000
9211	3736	3736000.000
9212	3788	3788000.000
9213	3884	3884000.000
9214	3930	3930000.000
9215	3874	3874000.000
9216	3937	3937000.000
9217	3988	3988000.000
9218	3781	3781000.000
9219	3766	3766000.000
9220	3771	3771000.000
9221	3710	3710000.000
9222	3668	3668000.000
9223	3805	3805000.000
9224	3851	3851000.000
9225	3802	3802000.000
9226	3967	3967000.000
9227	3878	3878000.000
9228	3776	3776000.000
9229	3868	3868000.000
9230	3908	3908000.000
9231	3921	3921000.000
9232	3946	3946000.000
9233	3928	3928000.000
9234	3913	3913000.000
9235	3951	3951000.000
9236	3858	3858000.000
9237	3741	3741000.000
9238	3694	3694000.000
9239	3833	3833000.000
9240	3759	3759000.000
9241	3756	3756000.000
9242	3795	3795000.000
9243	3809	3809000.000
9244	3694	3694000.000
9245	3879	3879000.000
9246	3805	3805000.000
9247	3827	3827000.000
9248	3844	3844000.000
9249	3821	3821000.000
9250	3841	3841000.000
9251	3947	3947000.000
9252	3925	3925000.000
9253	3818	3818000.000
9254	3726	3726000.000
9255	3805	3805000.000
9256	3721	3721000.000
9257	3783	3783000.000
9258	3710	3710000.000
9259	3801	3801000.000
9260	3890	3890000.000
9261	3842	3842000.000
9262	3769	3769000.000
9263	3814	3814000.000
9264	3915	3915000.000
9265	3921	3921000.000
9266	3993	3993000.000
9267	3917	3917000.000
9268	4000	4000000.000
9269	3902	3902000.000
9270	3938	3938000.000
9271	3845	3845000.000
9272	3805	3805000.000
9273	3844	3844000.000
9274	3805	3805000.000
9275	3672	3672000.000
9276	3677	3677000.000
9277	3611	3611000.000
9278	3702	3702000.000
9279	3740	3740000.000
9280	3697	3697000.000
9281	3753	3753000.000
9282	3976	3976000.000
9283	3964	3964000.000
9284	3961	3961000.000
9285	3834	3834000.000
9286	3844	3844000.000
9287	3955	3955000.000
9288	3946	3946000.000
9289	3912	3912000.000
9290	3935	3935000.000
9291	3860	3860000.000
9292	3876	3876000.000
9293	3883	3883000.000
9294	3758	3758000.000
9295	3647	3647000.000
9296	3668	3668000.000
9297	3797	3797000.000
9298	3774	3774000.000
9299	3820	3820000.000
9300	3879	3879000.000
9301	3901	3901000.000
9302	3869	3869000.000
9303	3882	3882000.000
9304	3900	3900000.000
9305	3893	3893000.000
9306	3888	3888000.000
9307	3783	3783000.000
9308	3683	3683000.000
9309	3695	3695000.000
9310	3717	3717000.000
9311	3857	3857000.000
9312	3745	3745000.000
9313	3740	3740000.000
9314	3750	3750000.000
9315	3656	3656000.000
9316	3680	3680000.000
9317	3806	3806000.000
9318	3816	3816000.000
9319	3881	3881000.000
9320	3908	3908000.000
9321	3869	3869000.000
9322	4031	4031000.000
9323	3903	3903000.000
9324	3882	3882000.000
9325	3806	3806000.000
9326	3861	3861000.000
9327	3872	3872000.000
9328	3883	3883000.000
9329	3888	3888000.000
9330	3731	3731000.000
9331	3719	3719000.000
9332	3675	3675000.000
9333	3874	3874000.000
9334	3916	3916000.000
9335	3870	3870000.000
9336	4055	4055000.000
9337	3864	3864000.000
9338	4046	4046000.000
9339	3920	3920000.000
9340	3883	3883000.000
9341	3880	3880000.000
9342	3856	3856000.000
9343	3776	3776000.000
9344	3940	3940000.000
9345	3891	3891000.000
9346	3794	3794000.000
9347	3741	3741000.000
9348	3711	3711000.000
9349	3839	3839000.000
9350	3760	3760000.000
9351	3752	3752000.000
9352	3692	3692000.000
9353	3917	3917000.000
9354	3857	3857000.000
9355	3755	3755000.000
9356	3758	3758000.000
9357	3879	3879000.000
9358	3956	3956000.000
9359	4018	4018000.000
9360	3922	3922000.000
9361	3938	3938000.000
9362	3992	3992000.000
9363	3928	3928000.000
9364	3824	3824000.000
9365	3712	3712000.000
9366	3798	3798000.000
9367	3834	3834000.000
9368	3868	3868000.000
9369	3803	3803000.000
9370	3781	3781000.000
9371	3726	3726000.000
9372	3680	3680000.000
9373	3753	3753000.000
9374	3847	3847000.000
9375	3971	3971000.000
9376	3990	3990000.000
9377	3835	3835000.000
9378	3794	3794000.000
9379	3688	3688000.000
9380	3698	3698000.000
9381	3912	3912000.000
9382	3824	3824000.000
9383	3954	3954000.000
9384	3827	3827000.000
9385	3890	3890000.000
9386	3769	3769000.000
9387	3754	3754000.000
9388	3696	3696000.000
9389	3654	3654000.000
9390	3678	3678000.000
9391	3767	3767000.000
9392	3820	3820000.000
9393	3894	3894000.000
9394	3967	3967000.000
9395	3984	3984000.000
9396	3937	3937000.000
9397	3862	3862000.000
9398	3924	3924000.000
9399	3994	3994000.000
9400	3978	3978000.000
9401	3855	3855000.000
9402	3897	3897000.000
9403	3917	3917000.000
9404	3829	3829000.000
9405	3751	3751000.000
9406	3769	3769000.000
9407	3766	3766000.000
9408	3771	3771000.000
9409	3770	3770000.000
9410	3725	3725000.000
9411	3748	3748000.000
9412	3744	3744000.000
9413	3817	3817000.000
9414	3752	3752000.000
9415	3730	3730000.000
9416	3912	3912000.000
9417	3939	3939000.000
9418	3886	3886000.000
9419	3972	3972000.000
9420	3914	3914000.000
9421	3851	3851000.000
9422	3867	3867000.000
9423	3881	3881000.000
9424	3694	3694000.000
9425	3852	3852000.000
9426	3760	3760000.000
9427	3714	3714000.000
9428	3614	3614000.000
9429	3863	3863000.000
9430	3824	3824000.000
9431	3900	3900000.000
9432	3904	3904000.000
9433	3908	3908000.000
9434	4002	4002000.000
9435	3851	3851000.000
9436	3790	3790000.000
9437	3711	3711000.000
9438	3762	3762000.000
9439	3807	3807000.000
9440	3851	3851000.000
9441	3788	3788000.000
9442	3782	3782000.000
9443	3719	3719000.000
9444	3650	3650000.000
9445	3818	3818000.000
9446	3925	3925000.000
9447	3816	3816000.000
9448	3799	3799000.000
9449	3810	3810000.000
9450	3743	3743000.000
9451	3697	3697000.000
9452	3793	3793000.000
9453	3794	3794000.000
9454	3886	3886000.000
9455	3893	3893000.000
9456	3956	3956000.000
9457	3917	3917000.000
9458	3859	3859000.000
9459	3813	3813000.000
9460	3727	3727000.000
9461	3712	3712000.000
9462	3755	3755000.000
9463	3846	3846000.000
9464	3914	3914000.000
9465	3892	3892000.000
9466	3909	3909000.000
9467	3820	3820000.000
9468	3909	3909000.000
9469	3714	3714000.000
9470	3872	3872000.000
9471	3884	3884000.000
9472	3850	3850000.000
9473	3807	3807000.000
9474	3782	3782000.000
9475	4003	4003000.000
9476	3843	3843000.000
9477	3887	3887000.000
9478	3774	3774000.000
9479	3754	3754000.000
9480	3700	3700000.000
9481	3776	3776000.000
9482	3742	3742000.000
9483	3737	3737000.000
9484	3720	3720000.000
9485	3848	3848000.000
9486	3802	3802000.000
9487	3858	3858000.000
9488	3956	3956000.000
9489	3946	3946000.000
9490	4023	4023000.000
9491	3929	3929000.000
9492	3903	3903000.000
9493	3804	3804000.000
9494	3871	3871000.000
9495	3789	3789000.000
9496	3674	3674000.000
9497	3783	3783000.000
9498	3810	3810000.000
9499	3819	3819000.000
9500	3782	3782000.000
9501	3785	3785000.000
9502	3704	3704000.000
9503	3704	3704000.000
9504	3714	3714000.000
9505	3813	3813000.000
9506	3797	3797000.000
9507	3758	3758000.000
9508	3835	3835000.000
9509	3933	3933000.000
9510	3836	3836000.000
9511	3830	3830000.000
9512	3785	3785000.000
9513	3925	3925000.000
9514	3845	3845000.000
9515	3832	3832000.000
9516	3909	3909000.000
9517	3835	3835000.000
9518	3736	3736000.000
9519	3717	3717000.000
9520	3552	3552000.000
9521	3741	3741000.000
9522	3645	3645000.000
9523	3714	3714000.000
9524	3803	3803000.000
9525	3786	3786000.000
9526	3845	3845000.000
9527	3964	3964000.000
9528	3999	3999000.000
9529	3908	3908000.000
9530	3926	3926000.000
9531	3933	3933000.000
9532	3762	3762000.000
9533	3874	3874000.000
9534	3817	3817000.000
9535	3846	3846000.000
9536	3853	3853000.000
9537	3844	3844000.000
9538	3820	3820000.000
9539	3880	3880000.000
9540	3781	3781000.000
9541	3724	3724000.000
9542	3590	3590000.000
9543	3688	3688000.000
9544	3784	3784000.000
9545	3712	3712000.000
9546	3855	3855000.000
9547	3798	3798000.000
9548	3858	3858000.000
9549	3824	3824000.000
9550	3782	3782000.000
9551	3783	3783000.000
9552	3744	3744000.000
9553	3796	3796000.000
9554	3898	3898000.000
9555	3906	3906000.000
9556	3876	3876000.000
9557	3865	3865000.000
9558	3819	3819000.000
9559	3797	3797000.000
9560	3735	3735000.000
9561	3813	3813000.000
9562	3798	3798000.000
9563	3813	3813000.000
9564	3929	3929000.000
9565	4012	4012000.000
9566	3899	3899000.000
9567	3983	3983000.000
9568	3851	3851000.000
9569	3948	3948000.000
9570	3915	3915000.000
9571	3941	3941000.000
9572	3790	3790000.000
9573	3767	3767000.000
9574	3725	3725000.000
9575	3793	3793000.000
9576	3870	3870000.000
9577	3872	3872000.000
9578	3962	3962000.000
9579	3973	3973000.000
9580	3882	3882000.000
9581	4025	4025000.000
9582	3975	3975000.000
9583	3953	3953000.000
9584	3986	3986000.000
9585	3844	3844000.000
9586	3861	3861000.000
9587	3829	3829000.000
9588	3852	3852000.000
9589	3872	3872000.000
9590	3802	3802000.000
9591	3815	3815000.000
9592	3826	3826000.000
9593	3744	3744000.000
9594	3629	3629000.000
9595	3750	3750000.000
9596	3703	3703000.000
9597	3704	3704000.000
9598	3837	3837000.000
9599	3825	3825000.000
9600	3868	3868000.000
9601	3879	3879000.000
9602	3942	3942000.000
9603	3760	3760000.000
9604	3868	3868000.000
9605	3857	3857000.000
9606	3801	3801000.000
9607	3795	3795000.000
9608	3749	3749000.000
9609	3880	3880000.000
9610	3762	3762000.000
9611	3791	3791000.000
9612	3654	3654000.000
9613	3762	3762000.000
9614	3712	3712000.000
9615	3708	3708000.000
9616	3754	3754000.000
9617	3813	3813000.000
9618	3787	3787000.000
9619	3843	3843000.000
9620	3892	3892000.000
9621	3889	3889000.000
9622	3908	3908000.000
9623	3861	3861000.000
9624	3851	3851000.000
9625	3754	3754000.000
9626	3764	3764000.000
9627	3795	3795000.000
9628	3741	3741000.000
9629	3731	3731000.000
9630	3742	3742000.000
9631	3748	3748000.000
9632	3761	3761000.000
9633	3740	3740000.000
9634	3808	3808000.000
9635	3734	3734000.000
9636	3766	3766000.000
9637	3822	3822000.000
9638	3818	3818000.000
9639	3734	3734000.000
9640	3841	3841000.000
9641	3860	3860000.000
9642	3787	3787000.000
9643	3874	3874000.000
9644	3826	3826000.000
9645	3894	3894000.000
9646	3879	3879000.000
9647	3835	3835000.000
9648	3855	3855000.000
9649	3754	3754000.000
9650	3769	3769000.000
9651	3770	3770000.000
9652	3760	3760000.000
9653	3793	3793000.000
9654	3639	3639000.000
9655	3762	3762000.000
9656	3907	3907000.000
9657	3972	3972000.000
9658	4056	4056000.000
9659	4076	4076000.000
9660	3972	3972000.000
9661	3964	3964000.000
9662	3935	3935000.000
9663	3958	3958000.000
9664	3750	3750000.000
9665	3782	3782000.000
9666	3822	3822000.000
9667	3833	3833000.000
9668	3869	3869000.000
9669	3836	3836000.000
9670	3786	3786000.000
9671	3873	3873000.000
9672	3842	3842000.000
9673	3912	3912000.000
9674	3905	3905000.000
9675	3865	3865000.000
9676	3869	3869000.000
9677	3892	3892000.000
9678	3862	3862000.000
9679	4061	4061000.000
9680	3920	3920000.000
9681	3847	3847000.000
9682	3896	3896000.000
9683	3903	3903000.000
9684	3802	3802000.000
9685	3691	3691000.000
9686	3771	3771000.000
9687	3830	3830000.000
9688	3760	3760000.000
9689	3765	3765000.000
9690	3808	3808000.000
9691	3863	3863000.000
9692	3859	3859000.000
9693	3792	3792000.000
9694	3830	3830000.000
9695	3891	3891000.000
9696	3863	3863000.000
9697	3817	3817000.000
9698	3818	3818000.000
9699	3840	3840000.000
9700	3817	3817000.000
9701	3830	3830000.000
9702	3793	3793000.000
9703	3868	3868000.000
9704	3856	3856000.000
9705	3835	3835000.000
9706	3752	3752000.000
9707	3697	3697000.000
9708	3755	3755000.000
9709	3701	3701000.000
9710	3699	3699000.000
9711	3687	3687000.000
9712	3784	3784000.000
9713	3815	3815000.000
9714	3757	3757000.000
9715	3894	3894000.000
9716	3843	3843000.000
9717	3793	3793000.000
9718	3885	3885000.000
9719	3881	3881000.000
9720	3995	3995000.000
9721	3908	3908000.000
9722	3917	3917000.000
9723	3972	3972000.000
9724	3925	3925000.000
9725	3892	3892000.000
9726	3833	3833000.000
9727	3893	3893000.000
9728	3848	3848000.000
9729	3892	3892000.000
9730	3826	3826000.000
9731	3867	3867000.000
9732	3862	3862000.000
9733	3868	3868000.000
9734	3789	3789000.000
9735	3934	3934000.000
9736	3855	3855000.000
9737	3896	3896000.000
9738	3828	3828000.000
9739	3764	3764000.000
9740	3690	3690000.000
9741	3750	3750000.000
9742	3795	3795000.000
9743	3855	3855000.000
9744	3699	3699000.000
9745	3801	3801000.000
9746	3811	3811000.000
9747	3839	3839000.000
9748	3791	3791000.000
9749	3750	3750000.000
9750	3800	3800000.000
9751	3817	3817000.000
9752	3815	3815000.000
9753	3858	3858000.000
9754	3884	3884000.000
9755	3811	3811000.000
9756	3854	3854000.000
9757	3785	3785000.000
9758	3828	3828000.000
9759	3864	3864000.000
9760	3754	3754000.000
9761	3884	3884000.000
9762	3707	3707000.000
9763	3842	3842000.000
9764	3746	3746000.000
9765	3814	3814000.000
9766	3882	3882000.000
9767	3919	3919000.000
9768	3785	3785000.000
9769	3814	3814000.000
9770	3790	3790000.000
9771	3791	3791000.000
9772	3788	3788000.000
9773	3842	3842000.000
9774	3867	3867000.000
9775	3821	3821000.000
9776	3844	3844000.000
9777	3790	3790000.000
9778	3891	3891000.000
9779	3798	3798000.000
9780	3722	3722000.000
9781	3854	3854000.000
9782	3851	3851000.000
9783	3818	3818000.000
9784	3786	3786000.000
9785	3807	3807000.000
9786	3773	3773000.000
9787	3748	3748000.000
9788	3835	3835000.000
9789	3724	3724000.000
9790	3850	3850000.000
9791	3847	3847000.000
9792	3965	3965000.000
9793	3796	3796000.000
9794	3843	3843000.000
9795	3861	3861000.000
9796	3859	3859000.000
9797	3747	3747000.000
9798	3781	3781000.000
9799	3794	3794000.000
9800	3868	3868000.000
9801	3875	3875000.000
9802	3833	3833000.000
9803	3870	3870000.000
9804	3930	3930000.000
9805	3944	3944000.000
9806	3930	3930000.000
9807	3996	3996000.000
9808	3882	3882000.000
9809	3741	3741000.000
9810	3779	3779000.000
9811	3891	3891000.000
9812	3815	3815000.000
9813	3864	3864000.000
9814	3739	3739000.000
9815	3777	3777000.000
9816	3819	3819000.000
9817	3818	3818000.000
9818	3663	3663000.000
9819	3748	3748000.000
9820	3682	3682000.000
9821	3797	3797000.000
9822	3846	3846000.000
9823	3853	3853000.000
9824	3868	3868000.000
9825	3811	3811000.000
9826	3882	3882000.000
9827	3813	3813000.000
9828	3870	3870000.000
9829	3954	3954000.000
9830	3799	3799000.000
9831	3735	3735000.000
9832	3820	3820000.000
9833	3887	3887000.000
9834	3759	3759000.000
9835	3758	3758000.000
9836	3863	3863000.000
9837	3878	3878000.000
9838	3853	3853000.000
9839	3802	3802000.000
9840	3851	3851000.000
9841	3671	3671000.000
9842	3782	3782000.000
9843	3769	3769000.000
9844	3828	3828000.000
9845	3813	3813000.000
9846	3711	3711000.000
9847	3798	3798000.000
9848	3732	3732000.000
9849	3707	3707000.000
9850	3783	3783000.000
9851	3747	3747000.000
9852	3817	3817000.000
9853	3780	3780000.000
9854	3795	3795000.000
9855	3864	3864000.000
9856	3896	3896000.000
9857	3811	3811000.000
9858	3772	3772000.000
9859	3785	3785000.000
9860	3781	3781000.000
9861	3838	3838000.000
9862	3818	3818000.000
9863	3845	3845000.000
9864	3676	3676000.000
9865	3767	3767000.000
9866	3830	3830000.000
9867	3708	3708000.000
9868	3703	3703000.000
9869	3690	3690000.000
9870	3720	3720000.000
9871	3774	3774000.000
9872	3710	3710000.000
9873	3784	3784000.000
9874	3781	3781000.000
9875	3799	3799000.000
9876	3804	3804000.000
9877	3785	3785000.000
9878	3904	3904000.000
9879	3859	3859000.000
9880	3872	3872000.000
9881	3910	3910000.000
9882	3896	3896000.000
9883	3912	3912000.000
9884	3946	3946000.000
9885	3760	3760000.000
9886	3770	3770000.000
9887	3737	3737000.000
9888	3659	3659000.000
9889	3753	3753000.000
9890	3777	3777000.000
9891	3718	3718000.000
9892	3907	3907000.000
9893	3817	3817000.000
9894	3886	3886000.000
9895	3903	3903000.000
9896	3918	3918000.000
9897	3880	3880000.000
9898	3871	3871000.000
9899	3902	3902000.000
9900	3879	3879000.000
9901	3766	3766000.000
9902	3776	3776000.000
9903	3757	3757000.000
9904	3839	3839000.000
9905	3961	3961000.000
9906	3799	3799000.000
9907	3958	3958000.000
9908	3873	3873000.000
9909	3908	3908000.000
9910	3811	3811000.000
9911	3956	3956000.000
9912	3962	3962000.000
9913	3885	3885000.000
9914	3897	3897000.000
9915	3801	3801000.000
9916	3696	3696000.000
9917	3781	3781000.000
9918	3878	3878000.000
9919	3798	3798000.000
9920	3957	3957000.000
9921	3871	3871000.000
9922	3937	3937000.000
9923	3881	3881000.000
9924	3748	3748000.000
9925	3761	3761000.000
9926	3723	3723000.000
9927	3731	3731000.000
9928	3840	3840000.000
9929	3706	3706000.000
9930	3984	3984000.000
9931	3883	3883000.000
9932	3866	3866000.000
9933	3977	3977000.000
9934	3945	3945000.000
9935	3975	3975000.000
9936	3986	3986000.000
9937	3848	3848000.000
9938	3909	3909000.000
9939	3792	3792000.000
9940	3766	3766000.000
9941	3720	3720000.000
9942	3728	3728000.000
9943	3724	3724000.000
9944	3662	3662000.000
9945	3791	3791000.000
9946	3686	3686000.000
9947	3860	3860000.000
9948	3835	3835000.000
9949	3795	3795000.000
9950	3864	3864000.000
9951	3809	3809000.000
9952	3747	3747000.000
9953	3804	3804000.000
9954	3749	3749000.000
9955	3786	3786000.000
9956	3830	3830000.000
9957	3956	3956000.000
9958	3853	3853000.000
9959	3788	3788000.000
9960	3926	3926000.000
9961	3857	3857000.000
9962	3855	3855000.000
9963	3853	3853000.000
9964	3891	3891000.000
9965	3904	3904000.000
9966	3907	3907000.000
9967	3834	3834000.000
9968	3699	3699000.000
9969	3810	3810000.000
9970	3853	3853000.000
9971	3850	3850000.000
9972	3853	3853000.000
9973	3850	3850000.000
9974	3773	3773000.000
9975	3797	3797000.000
9976	3732	3732000.000
9977	3739	3739000.000
9978	3765	3765000.000
9979	3715	3715000.000
9980	3826	3826000.000
9981	3868	3868000.000
9982	3865	3865000.000
9983	3784	3784000.000
9984	3848	3848000.000
9985	3873	3873000.000
9986	3830	3830000.000
9987	3843	3843000.000
9988	3815	3815000.000
9989	3850	3850000.000
9990	3823	3823000.000
9991	3836	3836000.000
9992	3704	3704000.000
9993	3804	3804000.000
9994	3762	3762000.000
9995	3770	3770000.000
9996	3793	3793000.000
9997	3836	3836000.000
9998	3820	3820000.000
9999	3710	3710000.000
10000	3832	3832000.000
