# bins en theta = 140.00 deg
# bin_length_s = 0.001000
# bin	counts	CPS
1	3669	3669000.000
2	3702	3702000.000
3	3677	3677000.000
4	3517	3517000.000
5	3479	3479000.000
6	3559	3559000.000
7	3580	3580000.000
8	3800	3800000.000
9	3624	3624000.000
10	3800	3800000.000
11	3734	3734000.000
12	3769	3769000.000
13	3710	3710000.000
14	3762	3762000.000
15	3698	3698000.000
16	3587	3587000.000
17	3503	3503000.000
18	3504	3504000.000
19	3593	3593000.000
20	3632	3632000.000
21	3676	3676000.000
22	3666	3666000.000
23	3639	3639000.000
24	3702	3702000.000
25	3768	3768000.000
26	3612	3612000.000
27	3604	3604000.000
28	3535	3535000.000
29	3600	3600000.000
30	3632	3632000.000
31	3664	3664000.000
32	3715	3715000.000
33	3633	3633000.000
34	3621	3621000.000
35	3752	3752000.000
36	3769	3769000.000
37	3661	3661000.000
38	3729	3729000.000
39	3553	3553000.000
40	3638	3638000.000
41	3568	3568000.000
42	3705	3705000.000
43	3734	3734000.000
44	3728	3728000.000
45	3757	3757000.000
46	3805	3805000.000
47	3742	3742000.000
48	3637	3637000.000
49	3703	3703000.000
50	3577	3577000.000
51	3532	3532000.000
52	3600	3600000.000
53	3546	3546000.000
54	3683	3683000.000
55	3694	3694000.000
56	3656	3656000.000
57	3858	3858000.000
58	3782	3782000.000
59	3712	3712000.000
60	3692	3692000.000
61	3630	3630000.000
62	3677	3677000.000
63	3608	3608000.000
64	3512	3512000.000
65	3587	3587000.000
66	3611	3611000.000
67	3682	3682000.000
68	3691	3691000.000
69	3730	3730000.000
70	3763	3763000.000
71	3620	3620000.000
72	3645	3645000.000
73	3639	3639000.000
74	3543	3543000.000
75	3644	3644000.000
76	3720	3720000.000
77	3631	3631000.000
78	3759	3759000.000
79	3709	3709000.000
80	3781	3781000.000
81	3751	3751000.000
82	3753	3753000.000
83	3814	3814000.000
84	3702	3702000.000
85	3526	3526000.000
86	3591	3591000.000
87	3591	3591000.000
88	3616	3616000.000
89	3571	3571000.000
90	3770	3770000.000
91	3668	3668000.000
92	3688	3688000.000
93	3695	3695000.000
94	3657	3657000.000
95	3625	3625000.000
96	3591	3591000.000
97	3649	3649000.000
98	3542	3542000.000
99	3542	3542000.000
100	3712	3712000.000
101	3702	3702000.000
102	3739	3739000.000
103	3683	3683000.000
104	3731	3731000.000
105	3729	3729000.000
106	3669	3669000.000
107	3705	3705000.000
108	3531	3531000.000
109	3544	3544000.000
110	3645	3645000.000
111	3587	3587000.000
112	3710	3710000.000
113	3641	3641000.000
114	3650	3650000.000
115	3645	3645000.000
116	3735	3735000.000
117	3660	3660000.000
118	3632	3632000.000
119	3654	3654000.000
120	3654	3654000.000
121	3541	3541000.000
122	3579	3579000.000
123	3608	3608000.000
124	3648	3648000.000
125	3684	3684000.000
126	3656	3656000.000
127	3743	3743000.000
128	3642	3642000.000
129	3807	3807000.000
130	3632	3632000.000
131	3634	3634000.000
132	3531	3531000.000
133	3566	3566000.000
134	3522	3522000.000
135	3637	3637000.000
136	3661	3661000.000
137	3691	3691000.000
138	3735	3735000.000
139	3704	3704000.000
140	3570	3570000.000
141	3624	3624000.000
142	3570	3570000.000
143	3614	3614000.000
144	3526	3526000.000
145	3562	3562000.000
146	3697	3697000.000
147	3725	3725000.000
148	3793	3793000.000
149	3794	3794000.000
150	3698	3698000.000
151	3657	3657000.000
152	3645	3645000.000
153	3570	3570000.000
154	3638	3638000.000
155	3566	3566000.000
156	3574	3574000.000
157	3416	3416000.000
158	3660	3660000.000
159	3648	3648000.000
160	3702	3702000.000
161	3659	3659000.000
162	3785	3785000.000
163	3784	3784000.000
164	3741	3741000.000
165	3711	3711000.000
166	3501	3501000.000
167	3550	3550000.000
168	3498	3498000.000
169	3615	3615000.000
170	3720	3720000.000
171	3761	3761000.000
172	3635	3635000.000
173	3623	3623000.000
174	3604	3604000.000
175	3693	3693000.000
176	3629	3629000.000
177	3519	3519000.000
178	3638	3638000.000
179	3583	3583000.000
180	3601	3601000.000
181	3581	3581000.000
182	3625	3625000.000
183	3649	3649000.000
184	3677	3677000.000
185	3667	3667000.000
186	3738	3738000.000
187	3624	3624000.000
188	3563	3563000.000
189	3556	3556000.000
190	3477	3477000.000
191	3591	3591000.000
192	3580	3580000.000
193	3632	3632000.000
194	3730	3730000.000
195	3627	3627000.000
196	3705	3705000.000
197	3648	3648000.000
198	3731	3731000.000
199	3657	3657000.000
200	3610	3610000.000
201	3585	3585000.000
202	3508	3508000.000
203	3566	3566000.000
204	3586	3586000.000
205	3577	3577000.000
206	3613	3613000.000
207	3556	3556000.000
208	3676	3676000.000
209	3679	3679000.000
210	3632	3632000.000
211	3684	3684000.000
212	3571	3571000.000
213	3612	3612000.000
214	3582	3582000.000
215	3587	3587000.000
216	3650	3650000.000
217	3593	3593000.000
218	3664	3664000.000
219	3649	3649000.000
220	3733	3733000.000
221	3678	3678000.000
222	3678	3678000.000
223	3726	3726000.000
224	3614	3614000.000
225	3610	3610000.000
226	3600	3600000.000
227	3597	3597000.000
228	3602	3602000.000
229	3697	3697000.000
230	3744	3744000.000
231	3643	3643000.000
232	3594	3594000.000
233	3616	3616000.000
234	3633	3633000.000
235	3649	3649000.000
236	3575	3575000.000
237	3662	3662000.000
238	3594	3594000.000
239	3689	3689000.000
240	3691	3691000.000
241	3731	3731000.000
242	3730	3730000.000
243	3716	3716000.000
244	3655	3655000.000
245	3715	3715000.000
246	3752	3752000.000
247	3521	3521000.000
248	3575	3575000.000
249	3563	3563000.000
250	3564	3564000.000
251	3543	3543000.000
252	3649	3649000.000
253	3650	3650000.000
254	3676	3676000.000
255	3627	3627000.000
256	3691	3691000.000
257	3656	3656000.000
258	3691	3691000.000
259	3546	3546000.000
260	3672	3672000.000
261	3629	3629000.000
262	3585	3585000.000
263	3616	3616000.000
264	3697	3697000.000
265	3581	3581000.000
266	3865	3865000.000
267	3751	3751000.000
268	3740	3740000.000
269	3691	3691000.000
270	3656	3656000.000
271	3520	3520000.000
272	3617	3617000.000
273	3559	3559000.000
274	3547	3547000.000
275	3746	3746000.000
276	3667	3667000.000
277	3686	3686000.000
278	3713	3713000.000
279	3713	3713000.000
280	3682	3682000.000
281	3661	3661000.000
282	3619	3619000.000
283	3579	3579000.000
284	3563	3563000.000
285	3710	3710000.000
286	3622	3622000.000
287	3687	3687000.000
288	3714	3714000.000
289	3688	3688000.000
290	3726	3726000.000
291	3699	3699000.000
292	3687	3687000.000
293	3555	3555000.000
294	3536	3536000.000
295	3556	3556000.000
296	3580	3580000.000
297	3622	3622000.000
298	3697	3697000.000
299	3717	3717000.000
300	3678	3678000.000
301	3695	3695000.000
302	3695	3695000.000
303	3652	3652000.000
304	3715	3715000.000
305	3605	3605000.000
306	3535	3535000.000
307	3567	3567000.000
308	3565	3565000.000
309	3662	3662000.000
310	3691	3691000.000
311	3677	3677000.000
312	3720	3720000.000
313	3628	3628000.000
314	3587	3587000.000
315	3587	3587000.000
316	3555	3555000.000
317	3558	3558000.000
318	3598	3598000.000
319	3489	3489000.000
320	3530	3530000.000
321	3534	3534000.000
322	3646	3646000.000
323	3710	3710000.000
324	3645	3645000.000
325	3636	3636000.000
326	3539	3539000.000
327	3626	3626000.000
328	3584	3584000.000
329	3649	3649000.000
330	3615	3615000.000
331	3546	3546000.000
332	3620	3620000.000
333	3704	3704000.000
334	3699	3699000.000
335	3755	3755000.000
336	3643	3643000.000
337	3671	3671000.000
338	3673	3673000.000
339	3557	3557000.000
340	3561	3561000.000
341	3521	3521000.000
342	3566	3566000.000
343	3606	3606000.000
344	3653	3653000.000
345	3615	3615000.000
346	3723	3723000.000
347	3658	3658000.000
348	3682	3682000.000
349	3636	3636000.000
350	3660	3660000.000
351	3549	3549000.000
352	3574	3574000.000
353	3654	3654000.000
354	3442	3442000.000
355	3603	3603000.000
356	3715	3715000.000
357	3611	3611000.000
358	3706	3706000.000
359	3750	3750000.000
360	3673	3673000.000
361	3666	3666000.000
362	3500	3500000.000
363	3579	3579000.000
364	3584	3584000.000
365	3542	3542000.000
366	3664	3664000.000
367	3791	3791000.000
368	3737	3737000.000
369	3686	3686000.000
370	3620	3620000.000
371	3727	3727000.000
372	3675	3675000.000
373	3684	3684000.000
374	3678	3678000.000
375	3539	3539000.000
376	3653	3653000.000
377	3555	3555000.000
378	3577	3577000.000
379	3612	3612000.000
380	3565	3565000.000
381	3626	3626000.000
382	3722	3722000.000
383	3587	3587000.000
384	3556	3556000.000
385	3538	3538000.000
386	3556	3556000.000
387	3609	3609000.000
388	3660	3660000.000
389	3634	3634000.000
390	3600	3600000.000
391	3648	3648000.000
392	3628	3628000.000
393	3675	3675000.000
394	3609	3609000.000
395	3779	3779000.000
396	3655	3655000.000
397	3611	3611000.000
398	3569	3569000.000
399	3647	3647000.000
400	3553	3553000.000
401	3631	3631000.000
402	3635	3635000.000
403	3822	3822000.000
404	3690	3690000.000
405	3802	3802000.000
406	3709	3709000.000
407	3804	3804000.000
408	3677	3677000.000
409	3694	3694000.000
410	3580	3580000.000
411	3602	3602000.000
412	3473	3473000.000
413	3484	3484000.000
414	3615	3615000.000
415	3668	3668000.000
416	3656	3656000.000
417	3660	3660000.000
418	3652	3652000.000
419	3674	3674000.000
420	3606	3606000.000
421	3664	3664000.000
422	3555	3555000.000
423	3604	3604000.000
424	3570	3570000.000
425	3672	3672000.000
426	3705	3705000.000
427	3723	3723000.000
428	3709	3709000.000
429	3676	3676000.000
430	3547	3547000.000
431	3579	3579000.000
432	3651	3651000.000
433	3525	3525000.000
434	3639	3639000.000
435	3629	3629000.000
436	3559	3559000.000
437	3715	3715000.000
438	3695	3695000.000
439	3610	3610000.000
440	3661	3661000.000
441	3756	3756000.000
442	3631	3631000.000
443	3622	3622000.000
444	3511	3511000.000
445	3589	3589000.000
446	3575	3575000.000
447	3560	3560000.000
448	3656	3656000.000
449	3804	3804000.000
450	3711	3711000.000
451	3687	3687000.000
452	3611	3611000.000
453	3677	3677000.000
454	3644	3644000.000
455	3616	3616000.000
456	3514	3514000.000
457	3525	3525000.000
458	3644	3644000.000
459	3651	3651000.000
460	3641	3641000.000
461	3676	3676000.000
462	3664	3664000.000
463	3565	3565000.000
464	3670	3670000.000
465	3680	3680000.000
466	3604	3604000.000
467	3693	3693000.000
468	3597	3597000.000
469	3645	3645000.000
470	3576	3576000.000
471	3767	3767000.000
472	3721	3721000.000
473	3697	3697000.000
474	3721	3721000.000
475	3726	3726000.000
476	3605	3605000.000
477	3681	3681000.000
478	3624	3624000.000
479	3603	3603000.000
480	3620	3620000.000
481	3480	3480000.000
482	3520	3520000.000
483	3554	3554000.000
484	3606	3606000.000
485	3668	3668000.000
486	3618	3618000.000
487	3607	3607000.000
488	3552	3552000.000
489	3639	3639000.000
490	3600	3600000.000
491	3612	3612000.000
492	3600	3600000.000
493	3831	3831000.000
494	3687	3687000.000
495	3651	3651000.000
496	3615	3615000.000
497	3702	3702000.000
498	3645	3645000.000
499	3686	3686000.000
500	3650	3650000.000
501	3614	3614000.000
502	3664	3664000.000
503	3521	3521000.000
504	3576	3576000.000
505	3626	3626000.000
506	3614	3614000.000
507	3567	3567000.000
508	3686	3686000.000
509	3725	3725000.000
510	3671	3671000.000
511	3707	3707000.000
512	3652	3652000.000
513	3587	3587000.000
514	3555	3555000.000
515	3618	3618000.000
516	3616	3616000.000
517	3746	3746000.000
518	3698	3698000.000
519	3776	3776000.000
520	3721	3721000.000
521	3703	3703000.000
522	3619	3619000.000
523	3661	3661000.000
524	3706	3706000.000
525	3572	3572000.000
526	3512	3512000.000
527	3459	3459000.000
528	3697	3697000.000
529	3646	3646000.000
530	3650	3650000.000
531	3713	3713000.000
532	3705	3705000.000
533	3655	3655000.000
534	3668	3668000.000
535	3535	3535000.000
536	3511	3511000.000
537	3689	3689000.000
538	3651	3651000.000
539	3643	3643000.000
540	3650	3650000.000
541	3659	3659000.000
542	3758	3758000.000
543	3738	3738000.000
544	3682	3682000.000
545	3762	3762000.000
546	3697	3697000.000
547	3661	3661000.000
548	3642	3642000.000
549	3561	3561000.000
550	3631	3631000.000
551	3617	3617000.000
552	3591	3591000.000
553	3552	3552000.000
554	3613	3613000.000
555	3826	3826000.000
556	3670	3670000.000
557	3615	3615000.000
558	3675	3675000.000
559	3620	3620000.000
560	3630	3630000.000
561	3596	3596000.000
562	3651	3651000.000
563	3732	3732000.000
564	3675	3675000.000
565	3739	3739000.000
566	3775	3775000.000
567	3753	3753000.000
568	3656	3656000.000
569	3736	3736000.000
570	3689	3689000.000
571	3555	3555000.000
572	3562	3562000.000
573	3606	3606000.000
574	3529	3529000.000
575	3722	3722000.000
576	3724	3724000.000
577	3788	3788000.000
578	3650	3650000.000
579	3678	3678000.000
580	3610	3610000.000
581	3680	3680000.000
582	3672	3672000.000
583	3628	3628000.000
584	3638	3638000.000
585	3626	3626000.000
586	3731	3731000.000
587	3713	3713000.000
588	3587	3587000.000
589	3741	3741000.000
590	3670	3670000.000
591	3695	3695000.000
592	3705	3705000.000
593	3573	3573000.000
594	3561	3561000.000
595	3542	3542000.000
596	3597	3597000.000
597	3603	3603000.000
598	3618	3618000.000
599	3649	3649000.000
600	3731	3731000.000
601	3650	3650000.000
602	3656	3656000.000
603	3657	3657000.000
604	3673	3673000.000
605	3588	3588000.000
606	3578	3578000.000
607	3674	3674000.000
608	3591	3591000.000
609	3705	3705000.000
610	3601	3601000.000
611	3680	3680000.000
612	3708	3708000.000
613	3714	3714000.000
614	3690	3690000.000
615	3737	3737000.000
616	3637	3637000.000
617	3629	3629000.000
618	3480	3480000.000
619	3594	3594000.000
620	3736	3736000.000
621	3685	3685000.000
622	3677	3677000.000
623	3704	3704000.000
624	3595	3595000.000
625	3760	3760000.000
626	3705	3705000.000
627	3623	3623000.000
628	3576	3576000.000
629	3613	3613000.000
630	3615	3615000.000
631	3626	3626000.000
632	3730	3730000.000
633	3681	3681000.000
634	3735	3735000.000
635	3646	3646000.000
636	3692	3692000.000
637	3792	3792000.000
638	3723	3723000.000
639	3686	3686000.000
640	3683	3683000.000
641	3629	3629000.000
642	3667	3667000.000
643	3602	3602000.000
644	3627	3627000.000
645	3571	3571000.000
646	3608	3608000.000
647	3685	3685000.000
648	3714	3714000.000
649	3721	3721000.000
650	3661	3661000.000
651	3691	3691000.000
652	3611	3611000.000
653	3551	3551000.000
654	3518	3518000.000
655	3590	3590000.000
656	3702	3702000.000
657	3677	3677000.000
658	3651	3651000.000
659	3763	3763000.000
660	3714	3714000.000
661	3762	3762000.000
662	3594	3594000.000
663	3564	3564000.000
664	3578	3578000.000
665	3517	3517000.000
666	3625	3625000.000
667	3723	3723000.000
668	3708	3708000.000
669	3786	3786000.000
670	3742	3742000.000
671	3660	3660000.000
672	3658	3658000.000
673	3630	3630000.000
674	3603	3603000.000
675	3682	3682000.000
676	3582	3582000.000
677	3518	3518000.000
678	3509	3509000.000
679	3637	3637000.000
680	3664	3664000.000
681	3718	3718000.000
682	3742	3742000.000
683	3630	3630000.000
684	3797	3797000.000
685	3716	3716000.000
686	3590	3590000.000
687	3571	3571000.000
688	3589	3589000.000
689	3569	3569000.000
690	3636	3636000.000
691	3588	3588000.000
692	3576	3576000.000
693	3708	3708000.000
694	3670	3670000.000
695	3656	3656000.000
696	3625	3625000.000
697	3683	3683000.000
698	3526	3526000.000
699	3571	3571000.000
700	3556	3556000.000
701	3635	3635000.000
702	3640	3640000.000
703	3579	3579000.000
704	3594	3594000.000
705	3638	3638000.000
706	3678	3678000.000
707	3662	3662000.000
708	3592	3592000.000
709	3628	3628000.000
710	3534	3534000.000
711	3573	3573000.000
712	3647	3647000.000
713	3681	3681000.000
714	3654	3654000.000
715	3626	3626000.000
716	3698	3698000.000
717	3731	3731000.000
718	3609	3609000.000
719	3736	3736000.000
720	3707	3707000.000
721	3607	3607000.000
722	3567	3567000.000
723	3595	3595000.000
724	3627	3627000.000
725	3688	3688000.000
726	3676	3676000.000
727	3648	3648000.000
728	3616	3616000.000
729	3655	3655000.000
730	3734	3734000.000
731	3728	3728000.000
732	3607	3607000.000
733	3598	3598000.000
734	3552	3552000.000
735	3556	3556000.000
736	3531	3531000.000
737	3745	3745000.000
738	3684	3684000.000
739	3787	3787000.000
740	3678	3678000.000
741	3766	3766000.000
742	3648	3648000.000
743	3682	3682000.000
744	3542	3542000.000
745	3596	3596000.000
746	3576	3576000.000
747	3664	3664000.000
748	3652	3652000.000
749	3722	3722000.000
750	3701	3701000.000
751	3755	3755000.000
752	3665	3665000.000
753	3680	3680000.000
754	3670	3670000.000
755	3605	3605000.000
756	3617	3617000.000
757	3630	3630000.000
758	3634	3634000.000
759	3545	3545000.000
760	3618	3618000.000
761	3716	3716000.000
762	3700	3700000.000
763	3633	3633000.000
764	3746	3746000.000
765	3589	3589000.000
766	3599	3599000.000
767	3574	3574000.000
768	3559	3559000.000
769	3581	3581000.000
770	3596	3596000.000
771	3573	3573000.000
772	3670	3670000.000
773	3655	3655000.000
774	3653	3653000.000
775	3700	3700000.000
776	3701	3701000.000
777	3679	3679000.000
778	3614	3614000.000
779	3452	3452000.000
780	3616	3616000.000
781	3590	3590000.000
782	3611	3611000.000
783	3567	3567000.000
784	3642	3642000.000
785	3699	3699000.000
786	3687	3687000.000
787	3677	3677000.000
788	3719	3719000.000
789	3619	3619000.000
790	3523	3523000.000
791	3548	3548000.000
792	3596	3596000.000
793	3523	3523000.000
794	3605	3605000.000
795	3690	3690000.000
796	3641	3641000.000
797	3814	3814000.000
798	3629	3629000.000
799	3654	3654000.000
800	3640	3640000.000
801	3591	3591000.000
802	3571	3571000.000
803	3548	3548000.000
804	3601	3601000.000
805	3549	3549000.000
806	3673	3673000.000
807	3683	3683000.000
808	3609	3609000.000
809	3629	3629000.000
810	3763	3763000.000
811	3621	3621000.000
812	3676	3676000.000
813	3573	3573000.000
814	3560	3560000.000
815	3530	3530000.000
816	3568	3568000.000
817	3711	3711000.000
818	3696	3696000.000
819	3686	3686000.000
820	3736	3736000.000
821	3678	3678000.000
822	3688	3688000.000
823	3617	3617000.000
824	3517	3517000.000
825	3583	3583000.000
826	3536	3536000.000
827	3508	3508000.000
828	3554	3554000.000
829	3697	3697000.000
830	3773	3773000.000
831	3691	3691000.000
832	3777	3777000.000
833	3768	3768000.000
834	3741	3741000.000
835	3616	3616000.000
836	3654	3654000.000
837	3620	3620000.000
838	3631	3631000.000
839	3587	3587000.000
840	3579	3579000.000
841	3645	3645000.000
842	3661	3661000.000
843	3689	3689000.000
844	3650	3650000.000
845	3627	3627000.000
846	3635	3635000.000
847	3613	3613000.000
848	3538	3538000.000
849	3637	3637000.000
850	3621	3621000.000
851	3615	3615000.000
852	3704	3704000.000
853	3660	3660000.000
854	3732	3732000.000
855	3682	3682000.000
856	3742	3742000.000
857	3779	3779000.000
858	3643	3643000.000
859	3603	3603000.000
860	3655	3655000.000
861	3563	3563000.000
862	3632	3632000.000
863	3641	3641000.000
864	3709	3709000.000
865	3704	3704000.000
866	3697	3697000.000
867	3667	3667000.000
868	3731	3731000.000
869	3781	3781000.000
870	3608	3608000.000
871	3601	3601000.000
872	3563	3563000.000
873	3629	3629000.000
874	3658	3658000.000
875	3625	3625000.000
876	3686	3686000.000
877	3688	3688000.000
878	3720	3720000.000
879	3667	3667000.000
880	3650	3650000.000
881	3683	3683000.000
882	3484	3484000.000
883	3618	3618000.000
884	3547	3547000.000
885	3583	3583000.000
886	3725	3725000.000
887	3644	3644000.000
888	3717	3717000.000
889	3753	3753000.000
890	3742	3742000.000
891	3664	3664000.000
892	3717	3717000.000
893	3605	3605000.000
894	3678	3678000.000
895	3623	3623000.000
896	3585	3585000.000
897	3640	3640000.000
898	3691	3691000.000
899	3718	3718000.000
900	3766	3766000.000
901	3731	3731000.000
902	3716	3716000.000
903	3766	3766000.000
904	3684	3684000.000
905	3633	3633000.000
906	3605	3605000.000
907	3476	3476000.000
908	3534	3534000.000
909	3633	3633000.000
910	3617	3617000.000
911	3685	3685000.000
912	3826	3826000.000
913	3685	3685000.000
914	3655	3655000.000
915	3627	3627000.000
916	3620	3620000.000
917	3592	3592000.000
918	3575	3575000.000
919	3484	3484000.000
920	3534	3534000.000
921	3710	3710000.000
922	3660	3660000.000
923	3745	3745000.000
924	3748	3748000.000
925	3767	3767000.000
926	3722	3722000.000
927	3696	3696000.000
928	3600	3600000.000
929	3563	3563000.000
930	3633	3633000.000
931	3600	3600000.000
932	3614	3614000.000
933	3732	3732000.000
934	3773	3773000.000
935	3814	3814000.000
936	3697	3697000.000
937	3739	3739000.000
938	3708	3708000.000
939	3563	3563000.000
940	3570	3570000.000
941	3542	3542000.000
942	3564	3564000.000
943	3600	3600000.000
944	3636	3636000.000
945	3660	3660000.000
946	3802	3802000.000
947	3748	3748000.000
948	3706	3706000.000
949	3723	3723000.000
950	3672	3672000.000
951	3600	3600000.000
952	3581	3581000.000
953	3499	3499000.000
954	3590	3590000.000
955	3614	3614000.000
956	3694	3694000.000
957	3749	3749000.000
958	3649	3649000.000
959	3743	3743000.000
960	3687	3687000.000
961	3585	3585000.000
962	3621	3621000.000
963	3658	3658000.000
964	3638	3638000.000
965	3607	3607000.000
966	3564	3564000.000
967	3679	3679000.000
968	3704	3704000.000
969	3669	3669000.000
970	3743	3743000.000
971	3691	3691000.000
972	3553	3553000.000
973	3602	3602000.000
974	3636	3636000.000
975	3672	3672000.000
976	3540	3540000.000
977	3649	3649000.000
978	3604	3604000.000
979	3698	3698000.000
980	3770	3770000.000
981	3766	3766000.000
982	3730	3730000.000
983	3776	3776000.000
984	3742	3742000.000
985	3657	3657000.000
986	3662	3662000.000
987	3547	3547000.000
988	3557	3557000.000
989	3658	3658000.000
990	3583	3583000.000
991	3700	3700000.000
992	3761	3761000.000
993	3845	3845000.000
994	3707	3707000.000
995	3715	3715000.000
996	3668	3668000.000
997	3694	3694000.000
998	3565	3565000.000
999	3579	3579000.000
1000	3579	3579000.000
1001	3606	3606000.000
1002	3707	3707000.000
1003	3632	3632000.000
1004	3721	3721000.000
1005	3714	3714000.000
1006	3646	3646000.000
1007	3629	3629000.000
1008	3771	3771000.000
1009	3613	3613000.000
1010	3652	3652000.000
1011	3619	3619000.000
1012	3632	3632000.000
1013	3645	3645000.000
1014	3670	3670000.000
1015	3703	3703000.000
1016	3652	3652000.000
1017	3743	3743000.000
1018	3749	3749000.000
1019	3751	3751000.000
1020	3751	3751000.000
1021	3651	3651000.000
1022	3605	3605000.000
1023	3477	3477000.000
1024	3538	3538000.000
1025	3658	3658000.000
1026	3746	3746000.000
1027	3768	3768000.000
1028	3757	3757000.000
1029	3720	3720000.000
1030	3604	3604000.000
1031	3741	3741000.000
1032	3760	3760000.000
1033	3634	3634000.000
1034	3574	3574000.000
1035	3550	3550000.000
1036	3619	3619000.000
1037	3708	3708000.000
1038	3600	3600000.000
1039	3786	3786000.000
1040	3692	3692000.000
1041	3694	3694000.000
1042	3673	3673000.000
1043	3709	3709000.000
1044	3613	3613000.000
1045	3556	3556000.000
1046	3565	3565000.000
1047	3538	3538000.000
1048	3720	3720000.000
1049	3688	3688000.000
1050	3706	3706000.000
1051	3736	3736000.000
1052	3740	3740000.000
1053	3678	3678000.000
1054	3656	3656000.000
1055	3633	3633000.000
1056	3620	3620000.000
1057	3519	3519000.000
1058	3596	3596000.000
1059	3614	3614000.000
1060	3651	3651000.000
1061	3681	3681000.000
1062	3681	3681000.000
1063	3684	3684000.000
1064	3766	3766000.000
1065	3668	3668000.000
1066	3635	3635000.000
1067	3660	3660000.000
1068	3627	3627000.000
1069	3595	3595000.000
1070	3638	3638000.000
1071	3678	3678000.000
1072	3707	3707000.000
1073	3723	3723000.000
1074	3767	3767000.000
1075	3652	3652000.000
1076	3709	3709000.000
1077	3668	3668000.000
1078	3623	3623000.000
1079	3519	3519000.000
1080	3552	3552000.000
1081	3593	3593000.000
1082	3526	3526000.000
1083	3664	3664000.000
1084	3701	3701000.000
1085	3714	3714000.000
1086	3615	3615000.000
1087	3767	3767000.000
1088	3677	3677000.000
1089	3678	3678000.000
1090	3638	3638000.000
1091	3579	3579000.000
1092	3586	3586000.000
1093	3653	3653000.000
1094	3621	3621000.000
1095	3647	3647000.000
1096	3647	3647000.000
1097	3751	3751000.000
1098	3687	3687000.000
1099	3721	3721000.000
1100	3586	3586000.000
1101	3626	3626000.000
1102	3662	3662000.000
1103	3547	3547000.000
1104	3448	3448000.000
1105	3625	3625000.000
1106	3679	3679000.000
1107	3765	3765000.000
1108	3695	3695000.000
1109	3721	3721000.000
1110	3669	3669000.000
1111	3768	3768000.000
1112	3760	3760000.000
1113	3613	3613000.000
1114	3686	3686000.000
1115	3576	3576000.000
1116	3550	3550000.000
1117	3593	3593000.000
1118	3742	3742000.000
1119	3625	3625000.000
1120	3747	3747000.000
1121	3743	3743000.000
1122	3717	3717000.000
1123	3730	3730000.000
1124	3711	3711000.000
1125	3525	3525000.000
1126	3666	3666000.000
1127	3556	3556000.000
1128	3586	3586000.000
1129	3705	3705000.000
1130	3640	3640000.000
1131	3694	3694000.000
1132	3876	3876000.000
1133	3686	3686000.000
1134	3736	3736000.000
1135	3660	3660000.000
1136	3701	3701000.000
1137	3668	3668000.000
1138	3648	3648000.000
1139	3559	3559000.000
1140	3662	3662000.000
1141	3661	3661000.000
1142	3667	3667000.000
1143	3648	3648000.000
1144	3597	3597000.000
1145	3687	3687000.000
1146	3680	3680000.000
1147	3648	3648000.000
1148	3604	3604000.000
1149	3629	3629000.000
1150	3567	3567000.000
1151	3669	3669000.000
1152	3678	3678000.000
1153	3746	3746000.000
1154	3758	3758000.000
1155	3690	3690000.000
1156	3732	3732000.000
1157	3741	3741000.000
1158	3712	3712000.000
1159	3670	3670000.000
1160	3614	3614000.000
1161	3594	3594000.000
1162	3571	3571000.000
1163	3589	3589000.000
1164	3549	3549000.000
1165	3710	3710000.000
1166	3762	3762000.000
1167	3806	3806000.000
1168	3625	3625000.000
1169	3705	3705000.000
1170	3643	3643000.000
1171	3643	3643000.000
1172	3585	3585000.000
1173	3596	3596000.000
1174	3550	3550000.000
1175	3562	3562000.000
1176	3630	3630000.000
1177	3675	3675000.000
1178	3790	3790000.000
1179	3773	3773000.000
1180	3767	3767000.000
1181	3763	3763000.000
1182	3661	3661000.000
1183	3660	3660000.000
1184	3597	3597000.000
1185	3597	3597000.000
1186	3614	3614000.000
1187	3597	3597000.000
1188	3714	3714000.000
1189	3685	3685000.000
1190	3751	3751000.000
1191	3750	3750000.000
1192	3740	3740000.000
1193	3701	3701000.000
1194	3671	3671000.000
1195	3564	3564000.000
1196	3669	3669000.000
1197	3606	3606000.000
1198	3653	3653000.000
1199	3740	3740000.000
1200	3693	3693000.000
1201	3688	3688000.000
1202	3766	3766000.000
1203	3653	3653000.000
1204	3650	3650000.000
1205	3654	3654000.000
1206	3643	3643000.000
1207	3672	3672000.000
1208	3601	3601000.000
1209	3494	3494000.000
1210	3581	3581000.000
1211	3601	3601000.000
1212	3694	3694000.000
1213	3623	3623000.000
1214	3687	3687000.000
1215	3705	3705000.000
1216	3711	3711000.000
1217	3585	3585000.000
1218	3612	3612000.000
1219	3543	3543000.000
1220	3578	3578000.000
1221	3579	3579000.000
1222	3684	3684000.000
1223	3724	3724000.000
1224	3755	3755000.000
1225	3761	3761000.000
1226	3689	3689000.000
1227	3672	3672000.000
1228	3719	3719000.000
1229	3656	3656000.000
1230	3633	3633000.000
1231	3535	3535000.000
1232	3556	3556000.000
1233	3635	3635000.000
1234	3592	3592000.000
1235	3654	3654000.000
1236	3700	3700000.000
1237	3656	3656000.000
1238	3656	3656000.000
1239	3630	3630000.000
1240	3653	3653000.000
1241	3595	3595000.000
1242	3582	3582000.000
1243	3544	3544000.000
1244	3593	3593000.000
1245	3729	3729000.000
1246	3543	3543000.000
1247	3791	3791000.000
1248	3645	3645000.000
1249	3708	3708000.000
1250	3689	3689000.000
1251	3707	3707000.000
1252	3708	3708000.000
1253	3689	3689000.000
1254	3561	3561000.000
1255	3502	3502000.000
1256	3588	3588000.000
1257	3690	3690000.000
1258	3575	3575000.000
1259	3696	3696000.000
1260	3698	3698000.000
1261	3635	3635000.000
1262	3670	3670000.000
1263	3610	3610000.000
1264	3531	3531000.000
1265	3567	3567000.000
1266	3594	3594000.000
1267	3518	3518000.000
1268	3646	3646000.000
1269	3702	3702000.000
1270	3645	3645000.000
1271	3690	3690000.000
1272	3745	3745000.000
1273	3679	3679000.000
1274	3721	3721000.000
1275	3598	3598000.000
1276	3596	3596000.000
1277	3591	3591000.000
1278	3578	3578000.000
1279	3575	3575000.000
1280	3613	3613000.000
1281	3643	3643000.000
1282	3675	3675000.000
1283	3692	3692000.000
1284	3655	3655000.000
1285	3670	3670000.000
1286	3658	3658000.000
1287	3669	3669000.000
1288	3580	3580000.000
1289	3633	3633000.000
1290	3619	3619000.000
1291	3614	3614000.000
1292	3655	3655000.000
1293	3722	3722000.000
1294	3678	3678000.000
1295	3747	3747000.000
1296	3770	3770000.000
1297	3752	3752000.000
1298	3623	3623000.000
1299	3615	3615000.000
1300	3658	3658000.000
1301	3574	3574000.000
1302	3503	3503000.000
1303	3562	3562000.000
1304	3708	3708000.000
1305	3705	3705000.000
1306	3702	3702000.000
1307	3736	3736000.000
1308	3752	3752000.000
1309	3625	3625000.000
1310	3553	3553000.000
1311	3576	3576000.000
1312	3556	3556000.000
1313	3607	3607000.000
1314	3604	3604000.000
1315	3566	3566000.000
1316	3743	3743000.000
1317	3708	3708000.000
1318	3703	3703000.000
1319	3721	3721000.000
1320	3797	3797000.000
1321	3593	3593000.000
1322	3577	3577000.000
1323	3661	3661000.000
1324	3636	3636000.000
1325	3544	3544000.000
1326	3612	3612000.000
1327	3664	3664000.000
1328	3639	3639000.000
1329	3680	3680000.000
1330	3731	3731000.000
1331	3605	3605000.000
1332	3778	3778000.000
1333	3553	3553000.000
1334	3591	3591000.000
1335	3504	3504000.000
1336	3639	3639000.000
1337	3621	3621000.000
1338	3620	3620000.000
1339	3737	3737000.000
1340	3694	3694000.000
1341	3744	3744000.000
1342	3765	3765000.000
1343	3748	3748000.000
1344	3720	3720000.000
1345	3640	3640000.000
1346	3618	3618000.000
1347	3594	3594000.000
1348	3573	3573000.000
1349	3574	3574000.000
1350	3633	3633000.000
1351	3660	3660000.000
1352	3635	3635000.000
1353	3741	3741000.000
1354	3745	3745000.000
1355	3664	3664000.000
1356	3662	3662000.000
1357	3597	3597000.000
1358	3574	3574000.000
1359	3521	3521000.000
1360	3490	3490000.000
1361	3703	3703000.000
1362	3719	3719000.000
1363	3896	3896000.000
1364	3661	3661000.000
1365	3652	3652000.000
1366	3781	3781000.000
1367	3668	3668000.000
1368	3632	3632000.000
1369	3588	3588000.000
1370	3654	3654000.000
1371	3495	3495000.000
1372	3571	3571000.000
1373	3586	3586000.000
1374	3687	3687000.000
1375	3679	3679000.000
1376	3725	3725000.000
1377	3740	3740000.000
1378	3654	3654000.000
1379	3645	3645000.000
1380	3626	3626000.000
1381	3608	3608000.000
1382	3625	3625000.000
1383	3660	3660000.000
1384	3716	3716000.000
1385	3791	3791000.000
1386	3742	3742000.000
1387	3713	3713000.000
1388	3681	3681000.000
1389	3673	3673000.000
1390	3673	3673000.000
1391	3619	3619000.000
1392	3608	3608000.000
1393	3500	3500000.000
1394	3576	3576000.000
1395	3509	3509000.000
1396	3568	3568000.000
1397	3635	3635000.000
1398	3705	3705000.000
1399	3608	3608000.000
1400	3548	3548000.000
1401	3645	3645000.000
1402	3577	3577000.000
1403	3568	3568000.000
1404	3653	3653000.000
1405	3607	3607000.000
1406	3696	3696000.000
1407	3708	3708000.000
1408	3661	3661000.000
1409	3691	3691000.000
1410	3701	3701000.000
1411	3724	3724000.000
1412	3644	3644000.000
1413	3771	3771000.000
1414	3742	3742000.000
1415	3674	3674000.000
1416	3626	3626000.000
1417	3566	3566000.000
1418	3652	3652000.000
1419	3711	3711000.000
1420	3658	3658000.000
1421	3674	3674000.000
1422	3690	3690000.000
1423	3671	3671000.000
1424	3696	3696000.000
1425	3612	3612000.000
1426	3557	3557000.000
1427	3516	3516000.000
1428	3644	3644000.000
1429	3583	3583000.000
1430	3747	3747000.000
1431	3731	3731000.000
1432	3721	3721000.000
1433	3766	3766000.000
1434	3694	3694000.000
1435	3674	3674000.000
1436	3714	3714000.000
1437	3686	3686000.000
1438	3671	3671000.000
1439	3527	3527000.000
1440	3658	3658000.000
1441	3566	3566000.000
1442	3629	3629000.000
1443	3575	3575000.000
1444	3724	3724000.000
1445	3742	3742000.000
1446	3726	3726000.000
1447	3589	3589000.000
1448	3610	3610000.000
1449	3662	3662000.000
1450	3601	3601000.000
1451	3577	3577000.000
1452	3642	3642000.000
1453	3651	3651000.000
1454	3671	3671000.000
1455	3741	3741000.000
1456	3687	3687000.000
1457	3678	3678000.000
1458	3673	3673000.000
1459	3726	3726000.000
1460	3728	3728000.000
1461	3729	3729000.000
1462	3603	3603000.000
1463	3492	3492000.000
1464	3627	3627000.000
1465	3572	3572000.000
1466	3626	3626000.000
1467	3620	3620000.000
1468	3668	3668000.000
1469	3706	3706000.000
1470	3667	3667000.000
1471	3669	3669000.000
1472	3599	3599000.000
1473	3551	3551000.000
1474	3584	3584000.000
1475	3607	3607000.000
1476	3673	3673000.000
1477	3676	3676000.000
1478	3712	3712000.000
1479	3753	3753000.000
1480	3739	3739000.000
1481	3801	3801000.000
1482	3756	3756000.000
1483	3728	3728000.000
1484	3584	3584000.000
1485	3668	3668000.000
1486	3567	3567000.000
1487	3518	3518000.000
1488	3525	3525000.000
1489	3664	3664000.000
1490	3710	3710000.000
1491	3593	3593000.000
1492	3713	3713000.000
1493	3671	3671000.000
1494	3646	3646000.000
1495	3702	3702000.000
1496	3565	3565000.000
1497	3649	3649000.000
1498	3656	3656000.000
1499	3633	3633000.000
1500	3740	3740000.000
1501	3752	3752000.000
1502	3663	3663000.000
1503	3738	3738000.000
1504	3700	3700000.000
1505	3741	3741000.000
1506	3653	3653000.000
1507	3627	3627000.000
1508	3630	3630000.000
1509	3590	3590000.000
1510	3582	3582000.000
1511	3513	3513000.000
1512	3614	3614000.000
1513	3699	3699000.000
1514	3744	3744000.000
1515	3682	3682000.000
1516	3583	3583000.000
1517	3660	3660000.000
1518	3642	3642000.000
1519	3613	3613000.000
1520	3500	3500000.000
1521	3597	3597000.000
1522	3748	3748000.000
1523	3675	3675000.000
1524	3620	3620000.000
1525	3706	3706000.000
1526	3755	3755000.000
1527	3616	3616000.000
1528	3661	3661000.000
1529	3639	3639000.000
1530	3687	3687000.000
1531	3643	3643000.000
1532	3609	3609000.000
1533	3604	3604000.000
1534	3568	3568000.000
1535	3522	3522000.000
1536	3647	3647000.000
1537	3645	3645000.000
1538	3650	3650000.000
1539	3705	3705000.000
1540	3687	3687000.000
1541	3671	3671000.000
1542	3545	3545000.000
1543	3667	3667000.000
1544	3607	3607000.000
1545	3553	3553000.000
1546	3630	3630000.000
1547	3618	3618000.000
1548	3650	3650000.000
1549	3688	3688000.000
1550	3795	3795000.000
1551	3632	3632000.000
1552	3681	3681000.000
1553	3568	3568000.000
1554	3602	3602000.000
1555	3598	3598000.000
1556	3467	3467000.000
1557	3603	3603000.000
1558	3620	3620000.000
1559	3715	3715000.000
1560	3743	3743000.000
1561	3655	3655000.000
1562	3790	3790000.000
1563	3603	3603000.000
1564	3551	3551000.000
1565	3575	3575000.000
1566	3591	3591000.000
1567	3633	3633000.000
1568	3548	3548000.000
1569	3673	3673000.000
1570	3603	3603000.000
1571	3744	3744000.000
1572	3752	3752000.000
1573	3706	3706000.000
1574	3648	3648000.000
1575	3651	3651000.000
1576	3583	3583000.000
1577	3573	3573000.000
1578	3626	3626000.000
1579	3512	3512000.000
1580	3575	3575000.000
1581	3555	3555000.000
1582	3634	3634000.000
1583	3518	3518000.000
1584	3533	3533000.000
1585	3559	3559000.000
1586	3581	3581000.000
1587	3625	3625000.000
1588	3488	3488000.000
1589	3605	3605000.000
1590	3599	3599000.000
1591	3638	3638000.000
1592	3683	3683000.000
1593	3639	3639000.000
1594	3728	3728000.000
1595	3718	3718000.000
1596	3639	3639000.000
1597	3720	3720000.000
1598	3786	3786000.000
1599	3854	3854000.000
1600	3694	3694000.000
1601	3582	3582000.000
1602	3602	3602000.000
1603	3489	3489000.000
1604	3530	3530000.000
1605	3564	3564000.000
1606	3586	3586000.000
1607	3629	3629000.000
1608	3602	3602000.000
1609	3611	3611000.000
1610	3518	3518000.000
1611	3624	3624000.000
1612	3594	3594000.000
1613	3660	3660000.000
1614	3756	3756000.000
1615	3664	3664000.000
1616	3670	3670000.000
1617	3700	3700000.000
1618	3717	3717000.000
1619	3684	3684000.000
1620	3688	3688000.000
1621	3664	3664000.000
1622	3619	3619000.000
1623	3667	3667000.000
1624	3655	3655000.000
1625	3665	3665000.000
1626	3549	3549000.000
1627	3557	3557000.000
1628	3614	3614000.000
1629	3584	3584000.000
1630	3625	3625000.000
1631	3639	3639000.000
1632	3560	3560000.000
1633	3520	3520000.000
1634	3545	3545000.000
1635	3524	3524000.000
1636	3515	3515000.000
1637	3641	3641000.000
1638	3612	3612000.000
1639	3761	3761000.000
1640	3720	3720000.000
1641	3714	3714000.000
1642	3757	3757000.000
1643	3732	3732000.000
1644	3784	3784000.000
1645	3737	3737000.000
1646	3677	3677000.000
1647	3582	3582000.000
1648	3554	3554000.000
1649	3460	3460000.000
1650	3545	3545000.000
1651	3518	3518000.000
1652	3657	3657000.000
1653	3638	3638000.000
1654	3605	3605000.000
1655	3592	3592000.000
1656	3635	3635000.000
1657	3568	3568000.000
1658	3654	3654000.000
1659	3551	3551000.000
1660	3659	3659000.000
1661	3658	3658000.000
1662	3655	3655000.000
1663	3638	3638000.000
1664	3670	3670000.000
1665	3691	3691000.000
1666	3677	3677000.000
1667	3694	3694000.000
1668	3639	3639000.000
1669	3632	3632000.000
1670	3598	3598000.000
1671	3537	3537000.000
1672	3572	3572000.000
1673	3519	3519000.000
1674	3605	3605000.000
1675	3548	3548000.000
1676	3707	3707000.000
1677	3683	3683000.000
1678	3696	3696000.000
1679	3680	3680000.000
1680	3617	3617000.000
1681	3493	3493000.000
1682	3624	3624000.000
1683	3574	3574000.000
1684	3702	3702000.000
1685	3725	3725000.000
1686	3723	3723000.000
1687	3694	3694000.000
1688	3743	3743000.000
1689	3712	3712000.000
1690	3755	3755000.000
1691	3631	3631000.000
1692	3639	3639000.000
1693	3682	3682000.000
1694	3539	3539000.000
1695	3527	3527000.000
1696	3618	3618000.000
1697	3565	3565000.000
1698	3554	3554000.000
1699	3698	3698000.000
1700	3601	3601000.000
1701	3616	3616000.000
1702	3565	3565000.000
1703	3541	3541000.000
1704	3616	3616000.000
1705	3524	3524000.000
1706	3614	3614000.000
1707	3621	3621000.000
1708	3678	3678000.000
1709	3694	3694000.000
1710	3735	3735000.000
1711	3688	3688000.000
1712	3773	3773000.000
1713	3667	3667000.000
1714	3701	3701000.000
1715	3628	3628000.000
1716	3697	3697000.000
1717	3643	3643000.000
1718	3615	3615000.000
1719	3604	3604000.000
1720	3643	3643000.000
1721	3573	3573000.000
1722	3630	3630000.000
1723	3631	3631000.000
1724	3641	3641000.000
1725	3559	3559000.000
1726	3640	3640000.000
1727	3605	3605000.000
1728	3571	3571000.000
1729	3484	3484000.000
1730	3599	3599000.000
1731	3687	3687000.000
1732	3663	3663000.000
1733	3711	3711000.000
1734	3695	3695000.000
1735	3719	3719000.000
1736	3690	3690000.000
1737	3694	3694000.000
1738	3780	3780000.000
1739	3679	3679000.000
1740	3545	3545000.000
1741	3498	3498000.000
1742	3574	3574000.000
1743	3586	3586000.000
1744	3594	3594000.000
1745	3686	3686000.000
1746	3766	3766000.000
1747	3650	3650000.000
1748	3672	3672000.000
1749	3662	3662000.000
1750	3625	3625000.000
1751	3624	3624000.000
1752	3548	3548000.000
1753	3632	3632000.000
1754	3697	3697000.000
1755	3701	3701000.000
1756	3750	3750000.000
1757	3690	3690000.000
1758	3657	3657000.000
1759	3764	3764000.000
1760	3676	3676000.000
1761	3672	3672000.000
1762	3741	3741000.000
1763	3624	3624000.000
1764	3511	3511000.000
1765	3569	3569000.000
1766	3568	3568000.000
1767	3558	3558000.000
1768	3585	3585000.000
1769	3610	3610000.000
1770	3678	3678000.000
1771	3640	3640000.000
1772	3591	3591000.000
1773	3538	3538000.000
1774	3565	3565000.000
1775	3539	3539000.000
1776	3604	3604000.000
1777	3759	3759000.000
1778	3679	3679000.000
1779	3631	3631000.000
1780	3684	3684000.000
1781	3606	3606000.000
1782	3697	3697000.000
1783	3784	3784000.000
1784	3670	3670000.000
1785	3573	3573000.000
1786	3663	3663000.000
1787	3527	3527000.000
1788	3549	3549000.000
1789	3674	3674000.000
1790	3603	3603000.000
1791	3708	3708000.000
1792	3698	3698000.000
1793	3668	3668000.000
1794	3676	3676000.000
1795	3616	3616000.000
1796	3584	3584000.000
1797	3549	3549000.000
1798	3481	3481000.000
1799	3672	3672000.000
1800	3582	3582000.000
1801	3678	3678000.000
1802	3751	3751000.000
1803	3665	3665000.000
1804	3734	3734000.000
1805	3743	3743000.000
1806	3780	3780000.000
1807	3698	3698000.000
1808	3638	3638000.000
1809	3656	3656000.000
1810	3589	3589000.000
1811	3538	3538000.000
1812	3533	3533000.000
1813	3642	3642000.000
1814	3665	3665000.000
1815	3596	3596000.000
1816	3772	3772000.000
1817	3647	3647000.000
1818	3611	3611000.000
1819	3616	3616000.000
1820	3592	3592000.000
1821	3480	3480000.000
1822	3615	3615000.000
1823	3667	3667000.000
1824	3770	3770000.000
1825	3713	3713000.000
1826	3653	3653000.000
1827	3760	3760000.000
1828	3783	3783000.000
1829	3715	3715000.000
1830	3746	3746000.000
1831	3707	3707000.000
1832	3608	3608000.000
1833	3565	3565000.000
1834	3582	3582000.000
1835	3557	3557000.000
1836	3629	3629000.000
1837	3674	3674000.000
1838	3665	3665000.000
1839	3658	3658000.000
1840	3671	3671000.000
1841	3656	3656000.000
1842	3584	3584000.000
1843	3606	3606000.000
1844	3612	3612000.000
1845	3650	3650000.000
1846	3712	3712000.000
1847	3692	3692000.000
1848	3854	3854000.000
1849	3620	3620000.000
1850	3687	3687000.000
1851	3714	3714000.000
1852	3767	3767000.000
1853	3688	3688000.000
1854	3700	3700000.000
1855	3645	3645000.000
1856	3616	3616000.000
1857	3694	3694000.000
1858	3632	3632000.000
1859	3614	3614000.000
1860	3650	3650000.000
1861	3641	3641000.000
1862	3613	3613000.000
1863	3729	3729000.000
1864	3679	3679000.000
1865	3604	3604000.000
1866	3520	3520000.000
1867	3560	3560000.000
1868	3481	3481000.000
1869	3645	3645000.000
1870	3716	3716000.000
1871	3793	3793000.000
1872	3659	3659000.000
1873	3570	3570000.000
1874	3721	3721000.000
1875	3661	3661000.000
1876	3697	3697000.000
1877	3627	3627000.000
1878	3581	3581000.000
1879	3594	3594000.000
1880	3562	3562000.000
1881	3517	3517000.000
1882	3522	3522000.000
1883	3776	3776000.000
1884	3626	3626000.000
1885	3705	3705000.000
1886	3615	3615000.000
1887	3666	3666000.000
1888	3660	3660000.000
1889	3594	3594000.000
1890	3547	3547000.000
1891	3566	3566000.000
1892	3550	3550000.000
1893	3623	3623000.000
1894	3723	3723000.000
1895	3711	3711000.000
1896	3628	3628000.000
1897	3706	3706000.000
1898	3706	3706000.000
1899	3690	3690000.000
1900	3762	3762000.000
1901	3596	3596000.000
1902	3693	3693000.000
1903	3586	3586000.000
1904	3667	3667000.000
1905	3716	3716000.000
1906	3684	3684000.000
1907	3629	3629000.000
1908	3640	3640000.000
1909	3623	3623000.000
1910	3638	3638000.000
1911	3586	3586000.000
1912	3496	3496000.000
1913	3477	3477000.000
1914	3508	3508000.000
1915	3586	3586000.000
1916	3656	3656000.000
1917	3744	3744000.000
1918	3742	3742000.000
1919	3679	3679000.000
1920	3750	3750000.000
1921	3648	3648000.000
1922	3735	3735000.000
1923	3703	3703000.000
1924	3766	3766000.000
1925	3656	3656000.000
1926	3632	3632000.000
1927	3583	3583000.000
1928	3564	3564000.000
1929	3672	3672000.000
1930	3710	3710000.000
1931	3633	3633000.000
1932	3647	3647000.000
1933	3602	3602000.000
1934	3684	3684000.000
1935	3525	3525000.000
1936	3611	3611000.000
1937	3596	3596000.000
1938	3593	3593000.000
1939	3716	3716000.000
1940	3681	3681000.000
1941	3759	3759000.000
1942	3641	3641000.000
1943	3662	3662000.000
1944	3599	3599000.000
1945	3732	3732000.000
1946	3619	3619000.000
1947	3621	3621000.000
1948	3644	3644000.000
1949	3635	3635000.000
1950	3531	3531000.000
1951	3514	3514000.000
1952	3540	3540000.000
1953	3708	3708000.000
1954	3660	3660000.000
1955	3668	3668000.000
1956	3602	3602000.000
1957	3638	3638000.000
1958	3572	3572000.000
1959	3650	3650000.000
1960	3544	3544000.000
1961	3542	3542000.000
1962	3583	3583000.000
1963	3618	3618000.000
1964	3663	3663000.000
1965	3608	3608000.000
1966	3737	3737000.000
1967	3628	3628000.000
1968	3691	3691000.000
1969	3738	3738000.000
1970	3663	3663000.000
1971	3678	3678000.000
1972	3595	3595000.000
1973	3639	3639000.000
1974	3624	3624000.000
1975	3530	3530000.000
1976	3667	3667000.000
1977	3696	3696000.000
1978	3624	3624000.000
1979	3658	3658000.000
1980	3629	3629000.000
1981	3689	3689000.000
1982	3601	3601000.000
1983	3539	3539000.000
1984	3561	3561000.000
1985	3702	3702000.000
1986	3693	3693000.000
1987	3669	3669000.000
1988	3687	3687000.000
1989	3675	3675000.000
1990	3761	3761000.000
1991	3695	3695000.000
1992	3693	3693000.000
1993	3791	3791000.000
1994	3599	3599000.000
1995	3567	3567000.000
1996	3537	3537000.000
1997	3526	3526000.000
1998	3685	3685000.000
1999	3691	3691000.000
2000	3765	3765000.000
2001	3617	3617000.000
2002	3738	3738000.000
2003	3700	3700000.000
2004	3585	3585000.000
2005	3647	3647000.000
2006	3524	3524000.000
2007	3605	3605000.000
2008	3692	3692000.000
2009	3712	3712000.000
2010	3720	3720000.000
2011	3628	3628000.000
2012	3652	3652000.000
2013	3669	3669000.000
2014	3736	3736000.000
2015	3670	3670000.000
2016	3759	3759000.000
2017	3662	3662000.000
2018	3600	3600000.000
2019	3588	3588000.000
2020	3578	3578000.000
2021	3656	3656000.000
2022	3709	3709000.000
2023	3739	3739000.000
2024	3702	3702000.000
2025	3616	3616000.000
2026	3678	3678000.000
2027	3633	3633000.000
2028	3538	3538000.000
2029	3537	3537000.000
2030	3601	3601000.000
2031	3575	3575000.000
2032	3616	3616000.000
2033	3608	3608000.000
2034	3784	3784000.000
2035	3673	3673000.000
2036	3709	3709000.000
2037	3647	3647000.000
2038	3707	3707000.000
2039	3749	3749000.000
2040	3608	3608000.000
2041	3593	3593000.000
2042	3505	3505000.000
2043	3502	3502000.000
2044	3568	3568000.000
2045	3533	3533000.000
2046	3649	3649000.000
2047	3676	3676000.000
2048	3692	3692000.000
2049	3776	3776000.000
2050	3680	3680000.000
2051	3603	3603000.000
2052	3547	3547000.000
2053	3505	3505000.000
2054	3585	3585000.000
2055	3671	3671000.000
2056	3723	3723000.000
2057	3722	3722000.000
2058	3650	3650000.000
2059	3717	3717000.000
2060	3677	3677000.000
2061	3774	3774000.000
2062	3649	3649000.000
2063	3593	3593000.000
2064	3627	3627000.000
2065	3539	3539000.000
2066	3524	3524000.000
2067	3541	3541000.000
2068	3688	3688000.000
2069	3657	3657000.000
2070	3667	3667000.000
2071	3563	3563000.000
2072	3653	3653000.000
2073	3671	3671000.000
2074	3575	3575000.000
2075	3555	3555000.000
2076	3548	3548000.000
2077	3579	3579000.000
2078	3606	3606000.000
2079	3755	3755000.000
2080	3597	3597000.000
2081	3691	3691000.000
2082	3782	3782000.000
2083	3714	3714000.000
2084	3770	3770000.000
2085	3743	3743000.000
2086	3678	3678000.000
2087	3609	3609000.000
2088	3563	3563000.000
2089	3564	3564000.000
2090	3600	3600000.000
2091	3558	3558000.000
2092	3672	3672000.000
2093	3689	3689000.000
2094	3657	3657000.000
2095	3715	3715000.000
2096	3675	3675000.000
2097	3498	3498000.000
2098	3617	3617000.000
2099	3492	3492000.000
2100	3562	3562000.000
2101	3731	3731000.000
2102	3729	3729000.000
2103	3668	3668000.000
2104	3750	3750000.000
2105	3788	3788000.000
2106	3673	3673000.000
2107	3694	3694000.000
2108	3658	3658000.000
2109	3662	3662000.000
2110	3614	3614000.000
2111	3649	3649000.000
2112	3654	3654000.000
2113	3512	3512000.000
2114	3618	3618000.000
2115	3584	3584000.000
2116	3643	3643000.000
2117	3747	3747000.000
2118	3706	3706000.000
2119	3649	3649000.000
2120	3575	3575000.000
2121	3491	3491000.000
2122	3604	3604000.000
2123	3562	3562000.000
2124	3582	3582000.000
2125	3661	3661000.000
2126	3711	3711000.000
2127	3661	3661000.000
2128	3736	3736000.000
2129	3794	3794000.000
2130	3798	3798000.000
2131	3776	3776000.000
2132	3625	3625000.000
2133	3635	3635000.000
2134	3643	3643000.000
2135	3613	3613000.000
2136	3554	3554000.000
2137	3589	3589000.000
2138	3634	3634000.000
2139	3761	3761000.000
2140	3789	3789000.000
2141	3792	3792000.000
2142	3640	3640000.000
2143	3609	3609000.000
2144	3581	3581000.000
2145	3477	3477000.000
2146	3526	3526000.000
2147	3659	3659000.000
2148	3640	3640000.000
2149	3688	3688000.000
2150	3707	3707000.000
2151	3716	3716000.000
2152	3648	3648000.000
2153	3737	3737000.000
2154	3736	3736000.000
2155	3617	3617000.000
2156	3564	3564000.000
2157	3605	3605000.000
2158	3617	3617000.000
2159	3570	3570000.000
2160	3654	3654000.000
2161	3694	3694000.000
2162	3713	3713000.000
2163	3715	3715000.000
2164	3694	3694000.000
2165	3772	3772000.000
2166	3638	3638000.000
2167	3554	3554000.000
2168	3526	3526000.000
2169	3490	3490000.000
2170	3623	3623000.000
2171	3628	3628000.000
2172	3744	3744000.000
2173	3723	3723000.000
2174	3779	3779000.000
2175	3747	3747000.000
2176	3725	3725000.000
2177	3621	3621000.000
2178	3620	3620000.000
2179	3563	3563000.000
2180	3551	3551000.000
2181	3602	3602000.000
2182	3630	3630000.000
2183	3659	3659000.000
2184	3721	3721000.000
2185	3733	3733000.000
2186	3733	3733000.000
2187	3649	3649000.000
2188	3672	3672000.000
2189	3658	3658000.000
2190	3604	3604000.000
2191	3577	3577000.000
2192	3544	3544000.000
2193	3547	3547000.000
2194	3662	3662000.000
2195	3688	3688000.000
2196	3659	3659000.000
2197	3707	3707000.000
2198	3829	3829000.000
2199	3669	3669000.000
2200	3727	3727000.000
2201	3652	3652000.000
2202	3727	3727000.000
2203	3607	3607000.000
2204	3588	3588000.000
2205	3642	3642000.000
2206	3641	3641000.000
2207	3627	3627000.000
2208	3729	3729000.000
2209	3672	3672000.000
2210	3701	3701000.000
2211	3705	3705000.000
2212	3628	3628000.000
2213	3672	3672000.000
2214	3585	3585000.000
2215	3502	3502000.000
2216	3557	3557000.000
2217	3647	3647000.000
2218	3691	3691000.000
2219	3683	3683000.000
2220	3756	3756000.000
2221	3743	3743000.000
2222	3694	3694000.000
2223	3711	3711000.000
2224	3660	3660000.000
2225	3775	3775000.000
2226	3634	3634000.000
2227	3513	3513000.000
2228	3532	3532000.000
2229	3675	3675000.000
2230	3642	3642000.000
2231	3623	3623000.000
2232	3737	3737000.000
2233	3634	3634000.000
2234	3645	3645000.000
2235	3559	3559000.000
2236	3575	3575000.000
2237	3562	3562000.000
2238	3579	3579000.000
2239	3560	3560000.000
2240	3624	3624000.000
2241	3722	3722000.000
2242	3689	3689000.000
2243	3744	3744000.000
2244	3643	3643000.000
2245	3684	3684000.000
2246	3737	3737000.000
2247	3716	3716000.000
2248	3592	3592000.000
2249	3517	3517000.000
2250	3600	3600000.000
2251	3563	3563000.000
2252	3606	3606000.000
2253	3671	3671000.000
2254	3585	3585000.000
2255	3673	3673000.000
2256	3683	3683000.000
2257	3516	3516000.000
2258	3529	3529000.000
2259	3591	3591000.000
2260	3601	3601000.000
2261	3560	3560000.000
2262	3584	3584000.000
2263	3641	3641000.000
2264	3618	3618000.000
2265	3692	3692000.000
2266	3729	3729000.000
2267	3718	3718000.000
2268	3710	3710000.000
2269	3726	3726000.000
2270	3707	3707000.000
2271	3622	3622000.000
2272	3592	3592000.000
2273	3582	3582000.000
2274	3698	3698000.000
2275	3559	3559000.000
2276	3650	3650000.000
2277	3652	3652000.000
2278	3688	3688000.000
2279	3752	3752000.000
2280	3627	3627000.000
2281	3650	3650000.000
2282	3616	3616000.000
2283	3577	3577000.000
2284	3542	3542000.000
2285	3626	3626000.000
2286	3570	3570000.000
2287	3689	3689000.000
2288	3672	3672000.000
2289	3623	3623000.000
2290	3630	3630000.000
2291	3696	3696000.000
2292	3653	3653000.000
2293	3693	3693000.000
2294	3633	3633000.000
2295	3586	3586000.000
2296	3432	3432000.000
2297	3582	3582000.000
2298	3539	3539000.000
2299	3542	3542000.000
2300	3713	3713000.000
2301	3759	3759000.000
2302	3662	3662000.000
2303	3705	3705000.000
2304	3677	3677000.000
2305	3748	3748000.000
2306	3588	3588000.000
2307	3500	3500000.000
2308	3577	3577000.000
2309	3643	3643000.000
2310	3722	3722000.000
2311	3716	3716000.000
2312	3657	3657000.000
2313	3720	3720000.000
2314	3675	3675000.000
2315	3709	3709000.000
2316	3742	3742000.000
2317	3656	3656000.000
2318	3675	3675000.000
2319	3582	3582000.000
2320	3537	3537000.000
2321	3625	3625000.000
2322	3509	3509000.000
2323	3587	3587000.000
2324	3595	3595000.000
2325	3683	3683000.000
2326	3612	3612000.000
2327	3582	3582000.000
2328	3600	3600000.000
2329	3622	3622000.000
2330	3596	3596000.000
2331	3650	3650000.000
2332	3580	3580000.000
2333	3683	3683000.000
2334	3712	3712000.000
2335	3684	3684000.000
2336	3765	3765000.000
2337	3725	3725000.000
2338	3700	3700000.000
2339	3682	3682000.000
2340	3608	3608000.000
2341	3710	3710000.000
2342	3689	3689000.000
2343	3565	3565000.000
2344	3537	3537000.000
2345	3577	3577000.000
2346	3663	3663000.000
2347	3632	3632000.000
2348	3659	3659000.000
2349	3611	3611000.000
2350	3643	3643000.000
2351	3673	3673000.000
2352	3575	3575000.000
2353	3551	3551000.000
2354	3584	3584000.000
2355	3563	3563000.000
2356	3651	3651000.000
2357	3590	3590000.000
2358	3687	3687000.000
2359	3672	3672000.000
2360	3738	3738000.000
2361	3746	3746000.000
2362	3693	3693000.000
2363	3587	3587000.000
2364	3638	3638000.000
2365	3590	3590000.000
2366	3625	3625000.000
2367	3617	3617000.000
2368	3641	3641000.000
2369	3660	3660000.000
2370	3727	3727000.000
2371	3633	3633000.000
2372	3668	3668000.000
2373	3707	3707000.000
2374	3681	3681000.000
2375	3485	3485000.000
2376	3508	3508000.000
2377	3601	3601000.000
2378	3548	3548000.000
2379	3583	3583000.000
2380	3579	3579000.000
2381	3629	3629000.000
2382	3709	3709000.000
2383	3684	3684000.000
2384	3737	3737000.000
2385	3621	3621000.000
2386	3659	3659000.000
2387	3537	3537000.000
2388	3609	3609000.000
2389	3620	3620000.000
2390	3603	3603000.000
2391	3576	3576000.000
2392	3586	3586000.000
2393	3747	3747000.000
2394	3725	3725000.000
2395	3647	3647000.000
2396	3604	3604000.000
2397	3735	3735000.000
2398	3572	3572000.000
2399	3532	3532000.000
2400	3511	3511000.000
2401	3523	3523000.000
2402	3636	3636000.000
2403	3759	3759000.000
2404	3748	3748000.000
2405	3738	3738000.000
2406	3703	3703000.000
2407	3788	3788000.000
2408	3668	3668000.000
2409	3689	3689000.000
2410	3650	3650000.000
2411	3581	3581000.000
2412	3535	3535000.000
2413	3571	3571000.000
2414	3609	3609000.000
2415	3597	3597000.000
2416	3627	3627000.000
2417	3650	3650000.000
2418	3643	3643000.000
2419	3653	3653000.000
2420	3602	3602000.000
2421	3569	3569000.000
2422	3658	3658000.000
2423	3494	3494000.000
2424	3546	3546000.000
2425	3708	3708000.000
2426	3661	3661000.000
2427	3757	3757000.000
2428	3639	3639000.000
2429	3708	3708000.000
2430	3793	3793000.000
2431	3725	3725000.000
2432	3747	3747000.000
2433	3649	3649000.000
2434	3587	3587000.000
2435	3600	3600000.000
2436	3559	3559000.000
2437	3578	3578000.000
2438	3583	3583000.000
2439	3718	3718000.000
2440	3650	3650000.000
2441	3627	3627000.000
2442	3654	3654000.000
2443	3604	3604000.000
2444	3561	3561000.000
2445	3516	3516000.000
2446	3521	3521000.000
2447	3606	3606000.000
2448	3639	3639000.000
2449	3644	3644000.000
2450	3744	3744000.000
2451	3657	3657000.000
2452	3646	3646000.000
2453	3730	3730000.000
2454	3674	3674000.000
2455	3702	3702000.000
2456	3689	3689000.000
2457	3675	3675000.000
2458	3548	3548000.000
2459	3534	3534000.000
2460	3546	3546000.000
2461	3647	3647000.000
2462	3642	3642000.000
2463	3737	3737000.000
2464	3713	3713000.000
2465	3693	3693000.000
2466	3639	3639000.000
2467	3648	3648000.000
2468	3533	3533000.000
2469	3485	3485000.000
2470	3507	3507000.000
2471	3635	3635000.000
2472	3714	3714000.000
2473	3712	3712000.000
2474	3688	3688000.000
2475	3674	3674000.000
2476	3658	3658000.000
2477	3667	3667000.000
2478	3749	3749000.000
2479	3608	3608000.000
2480	3676	3676000.000
2481	3485	3485000.000
2482	3590	3590000.000
2483	3602	3602000.000
2484	3595	3595000.000
2485	3637	3637000.000
2486	3758	3758000.000
2487	3718	3718000.000
2488	3650	3650000.000
2489	3723	3723000.000
2490	3626	3626000.000
2491	3595	3595000.000
2492	3620	3620000.000
2493	3572	3572000.000
2494	3646	3646000.000
2495	3614	3614000.000
2496	3636	3636000.000
2497	3631	3631000.000
2498	3691	3691000.000
2499	3767	3767000.000
2500	3660	3660000.000
2501	3629	3629000.000
2502	3658	3658000.000
2503	3593	3593000.000
2504	3463	3463000.000
2505	3539	3539000.000
2506	3563	3563000.000
2507	3581	3581000.000
2508	3740	3740000.000
2509	3662	3662000.000
2510	3710	3710000.000
2511	3670	3670000.000
2512	3669	3669000.000
2513	3649	3649000.000
2514	3527	3527000.000
2515	3557	3557000.000
2516	3610	3610000.000
2517	3563	3563000.000
2518	3674	3674000.000
2519	3704	3704000.000
2520	3720	3720000.000
2521	3747	3747000.000
2522	3660	3660000.000
2523	3699	3699000.000
2524	3753	3753000.000
2525	3683	3683000.000
2526	3579	3579000.000
2527	3557	3557000.000
2528	3551	3551000.000
2529	3557	3557000.000
2530	3610	3610000.000
2531	3727	3727000.000
2532	3698	3698000.000
2533	3673	3673000.000
2534	3663	3663000.000
2535	3641	3641000.000
2536	3619	3619000.000
2537	3626	3626000.000
2538	3602	3602000.000
2539	3568	3568000.000
2540	3527	3527000.000
2541	3605	3605000.000
2542	3677	3677000.000
2543	3650	3650000.000
2544	3662	3662000.000
2545	3732	3732000.000
2546	3661	3661000.000
2547	3703	3703000.000
2548	3709	3709000.000
2549	3698	3698000.000
2550	3674	3674000.000
2551	3654	3654000.000
2552	3614	3614000.000
2553	3555	3555000.000
2554	3669	3669000.000
2555	3623	3623000.000
2556	3685	3685000.000
2557	3693	3693000.000
2558	3658	3658000.000
2559	3588	3588000.000
2560	3582	3582000.000
2561	3580	3580000.000
2562	3567	3567000.000
2563	3631	3631000.000
2564	3697	3697000.000
2565	3694	3694000.000
2566	3740	3740000.000
2567	3721	3721000.000
2568	3667	3667000.000
2569	3733	3733000.000
2570	3623	3623000.000
2571	3689	3689000.000
2572	3567	3567000.000
2573	3633	3633000.000
2574	3492	3492000.000
2575	3645	3645000.000
2576	3596	3596000.000
2577	3690	3690000.000
2578	3612	3612000.000
2579	3686	3686000.000
2580	3652	3652000.000
2581	3590	3590000.000
2582	3721	3721000.000
2583	3581	3581000.000
2584	3555	3555000.000
2585	3608	3608000.000
2586	3555	3555000.000
2587	3643	3643000.000
2588	3581	3581000.000
2589	3616	3616000.000
2590	3677	3677000.000
2591	3656	3656000.000
2592	3678	3678000.000
2593	3698	3698000.000
2594	3648	3648000.000
2595	3650	3650000.000
2596	3572	3572000.000
2597	3577	3577000.000
2598	3643	3643000.000
2599	3628	3628000.000
2600	3586	3586000.000
2601	3659	3659000.000
2602	3614	3614000.000
2603	3675	3675000.000
2604	3640	3640000.000
2605	3580	3580000.000
2606	3494	3494000.000
2607	3615	3615000.000
2608	3500	3500000.000
2609	3663	3663000.000
2610	3675	3675000.000
2611	3624	3624000.000
2612	3695	3695000.000
2613	3764	3764000.000
2614	3650	3650000.000
2615	3664	3664000.000
2616	3684	3684000.000
2617	3680	3680000.000
2618	3673	3673000.000
2619	3664	3664000.000
2620	3599	3599000.000
2621	3572	3572000.000
2622	3544	3544000.000
2623	3582	3582000.000
2624	3634	3634000.000
2625	3721	3721000.000
2626	3702	3702000.000
2627	3617	3617000.000
2628	3707	3707000.000
2629	3616	3616000.000
2630	3566	3566000.000
2631	3623	3623000.000
2632	3723	3723000.000
2633	3598	3598000.000
2634	3718	3718000.000
2635	3752	3752000.000
2636	3692	3692000.000
2637	3677	3677000.000
2638	3793	3793000.000
2639	3714	3714000.000
2640	3660	3660000.000
2641	3629	3629000.000
2642	3608	3608000.000
2643	3620	3620000.000
2644	3596	3596000.000
2645	3565	3565000.000
2646	3588	3588000.000
2647	3596	3596000.000
2648	3673	3673000.000
2649	3712	3712000.000
2650	3650	3650000.000
2651	3619	3619000.000
2652	3641	3641000.000
2653	3512	3512000.000
2654	3652	3652000.000
2655	3600	3600000.000
2656	3695	3695000.000
2657	3606	3606000.000
2658	3720	3720000.000
2659	3608	3608000.000
2660	3716	3716000.000
2661	3765	3765000.000
2662	3649	3649000.000
2663	3678	3678000.000
2664	3619	3619000.000
2665	3640	3640000.000
2666	3538	3538000.000
2667	3550	3550000.000
2668	3682	3682000.000
2669	3615	3615000.000
2670	3678	3678000.000
2671	3676	3676000.000
2672	3761	3761000.000
2673	3695	3695000.000
2674	3583	3583000.000
2675	3660	3660000.000
2676	3594	3594000.000
2677	3607	3607000.000
2678	3568	3568000.000
2679	3684	3684000.000
2680	3689	3689000.000
2681	3700	3700000.000
2682	3676	3676000.000
2683	3744	3744000.000
2684	3719	3719000.000
2685	3695	3695000.000
2686	3711	3711000.000
2687	3569	3569000.000
2688	3498	3498000.000
2689	3636	3636000.000
2690	3549	3549000.000
2691	3631	3631000.000
2692	3559	3559000.000
2693	3600	3600000.000
2694	3629	3629000.000
2695	3668	3668000.000
2696	3636	3636000.000
2697	3647	3647000.000
2698	3545	3545000.000
2699	3541	3541000.000
2700	3551	3551000.000
2701	3647	3647000.000
2702	3601	3601000.000
2703	3600	3600000.000
2704	3659	3659000.000
2705	3697	3697000.000
2706	3614	3614000.000
2707	3748	3748000.000
2708	3702	3702000.000
2709	3706	3706000.000
2710	3654	3654000.000
2711	3567	3567000.000
2712	3507	3507000.000
2713	3599	3599000.000
2714	3550	3550000.000
2715	3661	3661000.000
2716	3702	3702000.000
2717	3691	3691000.000
2718	3712	3712000.000
2719	3620	3620000.000
2720	3659	3659000.000
2721	3557	3557000.000
2722	3542	3542000.000
2723	3548	3548000.000
2724	3573	3573000.000
2725	3611	3611000.000
2726	3626	3626000.000
2727	3752	3752000.000
2728	3691	3691000.000
2729	3772	3772000.000
2730	3710	3710000.000
2731	3711	3711000.000
2732	3728	3728000.000
2733	3638	3638000.000
2734	3679	3679000.000
2735	3528	3528000.000
2736	3522	3522000.000
2737	3583	3583000.000
2738	3591	3591000.000
2739	3671	3671000.000
2740	3679	3679000.000
2741	3701	3701000.000
2742	3690	3690000.000
2743	3582	3582000.000
2744	3596	3596000.000
2745	3564	3564000.000
2746	3616	3616000.000
2747	3503	3503000.000
2748	3608	3608000.000
2749	3672	3672000.000
2750	3685	3685000.000
2751	3752	3752000.000
2752	3733	3733000.000
2753	3692	3692000.000
2754	3737	3737000.000
2755	3718	3718000.000
2756	3726	3726000.000
2757	3630	3630000.000
2758	3598	3598000.000
2759	3645	3645000.000
2760	3604	3604000.000
2761	3618	3618000.000
2762	3661	3661000.000
2763	3724	3724000.000
2764	3673	3673000.000
2765	3568	3568000.000
2766	3565	3565000.000
2767	3599	3599000.000
2768	3500	3500000.000
2769	3609	3609000.000
2770	3510	3510000.000
2771	3568	3568000.000
2772	3582	3582000.000
2773	3677	3677000.000
2774	3728	3728000.000
2775	3836	3836000.000
2776	3665	3665000.000
2777	3659	3659000.000
2778	3754	3754000.000
2779	3741	3741000.000
2780	3591	3591000.000
2781	3579	3579000.000
2782	3525	3525000.000
2783	3601	3601000.000
2784	3560	3560000.000
2785	3581	3581000.000
2786	3677	3677000.000
2787	3645	3645000.000
2788	3694	3694000.000
2789	3654	3654000.000
2790	3616	3616000.000
2791	3533	3533000.000
2792	3528	3528000.000
2793	3616	3616000.000
2794	3606	3606000.000
2795	3667	3667000.000
2796	3726	3726000.000
2797	3741	3741000.000
2798	3716	3716000.000
2799	3629	3629000.000
2800	3625	3625000.000
2801	3756	3756000.000
2802	3638	3638000.000
2803	3737	3737000.000
2804	3623	3623000.000
2805	3495	3495000.000
2806	3539	3539000.000
2807	3491	3491000.000
2808	3610	3610000.000
2809	3715	3715000.000
2810	3673	3673000.000
2811	3675	3675000.000
2812	3713	3713000.000
2813	3726	3726000.000
2814	3645	3645000.000
2815	3539	3539000.000
2816	3576	3576000.000
2817	3582	3582000.000
2818	3635	3635000.000
2819	3845	3845000.000
2820	3689	3689000.000
2821	3669	3669000.000
2822	3663	3663000.000
2823	3632	3632000.000
2824	3825	3825000.000
2825	3606	3606000.000
2826	3641	3641000.000
2827	3530	3530000.000
2828	3539	3539000.000
2829	3641	3641000.000
2830	3560	3560000.000
2831	3596	3596000.000
2832	3657	3657000.000
2833	3673	3673000.000
2834	3597	3597000.000
2835	3662	3662000.000
2836	3611	3611000.000
2837	3615	3615000.000
2838	3619	3619000.000
2839	3526	3526000.000
2840	3691	3691000.000
2841	3693	3693000.000
2842	3648	3648000.000
2843	3733	3733000.000
2844	3715	3715000.000
2845	3702	3702000.000
2846	3668	3668000.000
2847	3727	3727000.000
2848	3680	3680000.000
2849	3685	3685000.000
2850	3657	3657000.000
2851	3566	3566000.000
2852	3580	3580000.000
2853	3597	3597000.000
2854	3604	3604000.000
2855	3542	3542000.000
2856	3622	3622000.000
2857	3699	3699000.000
2858	3662	3662000.000
2859	3609	3609000.000
2860	3689	3689000.000
2861	3537	3537000.000
2862	3529	3529000.000
2863	3564	3564000.000
2864	3537	3537000.000
2865	3719	3719000.000
2866	3745	3745000.000
2867	3702	3702000.000
2868	3645	3645000.000
2869	3693	3693000.000
2870	3609	3609000.000
2871	3780	3780000.000
2872	3665	3665000.000
2873	3672	3672000.000
2874	3601	3601000.000
2875	3565	3565000.000
2876	3548	3548000.000
2877	3612	3612000.000
2878	3606	3606000.000
2879	3655	3655000.000
2880	3629	3629000.000
2881	3695	3695000.000
2882	3526	3526000.000
2883	3638	3638000.000
2884	3507	3507000.000
2885	3572	3572000.000
2886	3599	3599000.000
2887	3665	3665000.000
2888	3663	3663000.000
2889	3718	3718000.000
2890	3735	3735000.000
2891	3787	3787000.000
2892	3714	3714000.000
2893	3710	3710000.000
2894	3701	3701000.000
2895	3831	3831000.000
2896	3614	3614000.000
2897	3600	3600000.000
2898	3531	3531000.000
2899	3608	3608000.000
2900	3504	3504000.000
2901	3614	3614000.000
2902	3712	3712000.000
2903	3647	3647000.000
2904	3656	3656000.000
2905	3632	3632000.000
2906	3643	3643000.000
2907	3589	3589000.000
2908	3534	3534000.000
2909	3568	3568000.000
2910	3643	3643000.000
2911	3707	3707000.000
2912	3604	3604000.000
2913	3767	3767000.000
2914	3748	3748000.000
2915	3728	3728000.000
2916	3665	3665000.000
2917	3646	3646000.000
2918	3583	3583000.000
2919	3670	3670000.000
2920	3686	3686000.000
2921	3550	3550000.000
2922	3630	3630000.000
2923	3558	3558000.000
2924	3608	3608000.000
2925	3639	3639000.000
2926	3678	3678000.000
2927	3637	3637000.000
2928	3739	3739000.000
2929	3675	3675000.000
2930	3607	3607000.000
2931	3592	3592000.000
2932	3551	3551000.000
2933	3656	3656000.000
2934	3711	3711000.000
2935	3695	3695000.000
2936	3666	3666000.000
2937	3727	3727000.000
2938	3712	3712000.000
2939	3743	3743000.000
2940	3700	3700000.000
2941	3693	3693000.000
2942	3595	3595000.000
2943	3628	3628000.000
2944	3581	3581000.000
2945	3550	3550000.000
2946	3599	3599000.000
2947	3705	3705000.000
2948	3651	3651000.000
2949	3736	3736000.000
2950	3682	3682000.000
2951	3693	3693000.000
2952	3618	3618000.000
2953	3604	3604000.000
2954	3615	3615000.000
2955	3511	3511000.000
2956	3571	3571000.000
2957	3783	3783000.000
2958	3677	3677000.000
2959	3738	3738000.000
2960	3690	3690000.000
2961	3679	3679000.000
2962	3679	3679000.000
2963	3672	3672000.000
2964	3727	3727000.000
2965	3755	3755000.000
2966	3624	3624000.000
2967	3513	3513000.000
2968	3617	3617000.000
2969	3670	3670000.000
2970	3623	3623000.000
2971	3656	3656000.000
2972	3717	3717000.000
2973	3655	3655000.000
2974	3693	3693000.000
2975	3646	3646000.000
2976	3597	3597000.000
2977	3553	3553000.000
2978	3504	3504000.000
2979	3620	3620000.000
2980	3719	3719000.000
2981	3674	3674000.000
2982	3702	3702000.000
2983	3669	3669000.000
2984	3661	3661000.000
2985	3696	3696000.000
2986	3743	3743000.000
2987	3704	3704000.000
2988	3717	3717000.000
2989	3630	3630000.000
2990	3604	3604000.000
2991	3592	3592000.000
2992	3608	3608000.000
2993	3597	3597000.000
2994	3551	3551000.000
2995	3677	3677000.000
2996	3667	3667000.000
2997	3720	3720000.000
2998	3598	3598000.000
2999	3649	3649000.000
3000	3502	3502000.000
3001	3599	3599000.000
3002	3555	3555000.000
3003	3595	3595000.000
3004	3621	3621000.000
3005	3649	3649000.000
3006	3667	3667000.000
3007	3732	3732000.000
3008	3774	3774000.000
3009	3706	3706000.000
3010	3767	3767000.000
3011	3721	3721000.000
3012	3677	3677000.000
3013	3646	3646000.000
3014	3552	3552000.000
3015	3595	3595000.000
3016	3520	3520000.000
3017	3675	3675000.000
3018	3680	3680000.000
3019	3720	3720000.000
3020	3622	3622000.000
3021	3646	3646000.000
3022	3682	3682000.000
3023	3577	3577000.000
3024	3610	3610000.000
3025	3621	3621000.000
3026	3706	3706000.000
3027	3557	3557000.000
3028	3579	3579000.000
3029	3702	3702000.000
3030	3648	3648000.000
3031	3643	3643000.000
3032	3621	3621000.000
3033	3617	3617000.000
3034	3699	3699000.000
3035	3701	3701000.000
3036	3619	3619000.000
3037	3545	3545000.000
3038	3526	3526000.000
3039	3597	3597000.000
3040	3652	3652000.000
3041	3565	3565000.000
3042	3668	3668000.000
3043	3771	3771000.000
3044	3661	3661000.000
3045	3616	3616000.000
3046	3626	3626000.000
3047	3574	3574000.000
3048	3545	3545000.000
3049	3633	3633000.000
3050	3708	3708000.000
3051	3696	3696000.000
3052	3744	3744000.000
3053	3702	3702000.000
3054	3684	3684000.000
3055	3722	3722000.000
3056	3736	3736000.000
3057	3693	3693000.000
3058	3589	3589000.000
3059	3618	3618000.000
3060	3618	3618000.000
3061	3566	3566000.000
3062	3650	3650000.000
3063	3611	3611000.000
3064	3638	3638000.000
3065	3653	3653000.000
3066	3686	3686000.000
3067	3680	3680000.000
3068	3604	3604000.000
3069	3535	3535000.000
3070	3652	3652000.000
3071	3558	3558000.000
3072	3563	3563000.000
3073	3700	3700000.000
3074	3622	3622000.000
3075	3604	3604000.000
3076	3709	3709000.000
3077	3800	3800000.000
3078	3790	3790000.000
3079	3715	3715000.000
3080	3726	3726000.000
3081	3605	3605000.000
3082	3539	3539000.000
3083	3525	3525000.000
3084	3611	3611000.000
3085	3533	3533000.000
3086	3644	3644000.000
3087	3618	3618000.000
3088	3662	3662000.000
3089	3752	3752000.000
3090	3706	3706000.000
3091	3678	3678000.000
3092	3635	3635000.000
3093	3611	3611000.000
3094	3662	3662000.000
3095	3591	3591000.000
3096	3647	3647000.000
3097	3691	3691000.000
3098	3741	3741000.000
3099	3626	3626000.000
3100	3723	3723000.000
3101	3706	3706000.000
3102	3709	3709000.000
3103	3725	3725000.000
3104	3663	3663000.000
3105	3610	3610000.000
3106	3544	3544000.000
3107	3596	3596000.000
3108	3527	3527000.000
3109	3528	3528000.000
3110	3712	3712000.000
3111	3700	3700000.000
3112	3703	3703000.000
3113	3719	3719000.000
3114	3654	3654000.000
3115	3536	3536000.000
3116	3556	3556000.000
3117	3589	3589000.000
3118	3602	3602000.000
3119	3791	3791000.000
3120	3702	3702000.000
3121	3810	3810000.000
3122	3715	3715000.000
3123	3730	3730000.000
3124	3660	3660000.000
3125	3763	3763000.000
3126	3644	3644000.000
3127	3672	3672000.000
3128	3539	3539000.000
3129	3555	3555000.000
3130	3485	3485000.000
3131	3572	3572000.000
3132	3608	3608000.000
3133	3690	3690000.000
3134	3697	3697000.000
3135	3743	3743000.000
3136	3649	3649000.000
3137	3725	3725000.000
3138	3536	3536000.000
3139	3589	3589000.000
3140	3565	3565000.000
3141	3623	3623000.000
3142	3669	3669000.000
3143	3603	3603000.000
3144	3601	3601000.000
3145	3685	3685000.000
3146	3842	3842000.000
3147	3662	3662000.000
3148	3688	3688000.000
3149	3676	3676000.000
3150	3656	3656000.000
3151	3671	3671000.000
3152	3641	3641000.000
3153	3544	3544000.000
3154	3591	3591000.000
3155	3732	3732000.000
3156	3704	3704000.000
3157	3706	3706000.000
3158	3782	3782000.000
3159	3677	3677000.000
3160	3716	3716000.000
3161	3554	3554000.000
3162	3630	3630000.000
3163	3523	3523000.000
3164	3635	3635000.000
3165	3705	3705000.000
3166	3679	3679000.000
3167	3739	3739000.000
3168	3639	3639000.000
3169	3718	3718000.000
3170	3722	3722000.000
3171	3734	3734000.000
3172	3649	3649000.000
3173	3712	3712000.000
3174	3642	3642000.000
3175	3598	3598000.000
3176	3567	3567000.000
3177	3566	3566000.000
3178	3626	3626000.000
3179	3775	3775000.000
3180	3686	3686000.000
3181	3589	3589000.000
3182	3623	3623000.000
3183	3734	3734000.000
3184	3732	3732000.000
3185	3645	3645000.000
3186	3610	3610000.000
3187	3578	3578000.000
3188	3550	3550000.000
3189	3608	3608000.000
3190	3675	3675000.000
3191	3774	3774000.000
3192	3763	3763000.000
3193	3670	3670000.000
3194	3610	3610000.000
3195	3753	3753000.000
3196	3690	3690000.000
3197	3642	3642000.000
3198	3606	3606000.000
3199	3603	3603000.000
3200	3499	3499000.000
3201	3638	3638000.000
3202	3754	3754000.000
3203	3737	3737000.000
3204	3681	3681000.000
3205	3660	3660000.000
3206	3740	3740000.000
3207	3676	3676000.000
3208	3582	3582000.000
3209	3661	3661000.000
3210	3535	3535000.000
3211	3541	3541000.000
3212	3591	3591000.000
3213	3582	3582000.000
3214	3758	3758000.000
3215	3693	3693000.000
3216	3670	3670000.000
3217	3767	3767000.000
3218	3681	3681000.000
3219	3668	3668000.000
3220	3543	3543000.000
3221	3566	3566000.000
3222	3631	3631000.000
3223	3521	3521000.000
3224	3628	3628000.000
3225	3701	3701000.000
3226	3765	3765000.000
3227	3732	3732000.000
3228	3678	3678000.000
3229	3729	3729000.000
3230	3725	3725000.000
3231	3622	3622000.000
3232	3587	3587000.000
3233	3569	3569000.000
3234	3561	3561000.000
3235	3611	3611000.000
3236	3682	3682000.000
3237	3749	3749000.000
3238	3734	3734000.000
3239	3675	3675000.000
3240	3625	3625000.000
3241	3715	3715000.000
3242	3745	3745000.000
3243	3634	3634000.000
3244	3643	3643000.000
3245	3510	3510000.000
3246	3586	3586000.000
3247	3635	3635000.000
3248	3656	3656000.000
3249	3731	3731000.000
3250	3688	3688000.000
3251	3702	3702000.000
3252	3765	3765000.000
3253	3631	3631000.000
3254	3649	3649000.000
3255	3580	3580000.000
3256	3631	3631000.000
3257	3531	3531000.000
3258	3640	3640000.000
3259	3659	3659000.000
3260	3686	3686000.000
3261	3640	3640000.000
3262	3704	3704000.000
3263	3680	3680000.000
3264	3758	3758000.000
3265	3769	3769000.000
3266	3682	3682000.000
3267	3637	3637000.000
3268	3481	3481000.000
3269	3603	3603000.000
3270	3657	3657000.000
3271	3659	3659000.000
3272	3726	3726000.000
3273	3775	3775000.000
3274	3729	3729000.000
3275	3743	3743000.000
3276	3730	3730000.000
3277	3735	3735000.000
3278	3594	3594000.000
3279	3652	3652000.000
3280	3477	3477000.000
3281	3712	3712000.000
3282	3745	3745000.000
3283	3716	3716000.000
3284	3692	3692000.000
3285	3647	3647000.000
3286	3730	3730000.000
3287	3644	3644000.000
3288	3647	3647000.000
3289	3686	3686000.000
3290	3581	3581000.000
3291	3554	3554000.000
3292	3533	3533000.000
3293	3615	3615000.000
3294	3694	3694000.000
3295	3650	3650000.000
3296	3734	3734000.000
3297	3686	3686000.000
3298	3649	3649000.000
3299	3731	3731000.000
3300	3694	3694000.000
3301	3605	3605000.000
3302	3643	3643000.000
3303	3548	3548000.000
3304	3658	3658000.000
3305	3699	3699000.000
3306	3748	3748000.000
3307	3732	3732000.000
3308	3767	3767000.000
3309	3710	3710000.000
3310	3711	3711000.000
3311	3738	3738000.000
3312	3600	3600000.000
3313	3578	3578000.000
3314	3543	3543000.000
3315	3671	3671000.000
3316	3636	3636000.000
3317	3693	3693000.000
3318	3750	3750000.000
3319	3701	3701000.000
3320	3741	3741000.000
3321	3796	3796000.000
3322	3765	3765000.000
3323	3696	3696000.000
3324	3588	3588000.000
3325	3616	3616000.000
3326	3666	3666000.000
3327	3596	3596000.000
3328	3630	3630000.000
3329	3706	3706000.000
3330	3762	3762000.000
3331	3775	3775000.000
3332	3777	3777000.000
3333	3725	3725000.000
3334	3741	3741000.000
3335	3693	3693000.000
3336	3709	3709000.000
3337	3571	3571000.000
3338	3546	3546000.000
3339	3559	3559000.000
3340	3562	3562000.000
3341	3656	3656000.000
3342	3744	3744000.000
3343	3742	3742000.000
3344	3634	3634000.000
3345	3651	3651000.000
3346	3663	3663000.000
3347	3614	3614000.000
3348	3615	3615000.000
3349	3570	3570000.000
3350	3535	3535000.000
3351	3588	3588000.000
3352	3624	3624000.000
3353	3699	3699000.000
3354	3686	3686000.000
3355	3646	3646000.000
3356	3721	3721000.000
3357	3671	3671000.000
3358	3742	3742000.000
3359	3748	3748000.000
3360	3604	3604000.000
3361	3608	3608000.000
3362	3539	3539000.000
3363	3671	3671000.000
3364	3646	3646000.000
3365	3719	3719000.000
3366	3682	3682000.000
3367	3695	3695000.000
3368	3726	3726000.000
3369	3717	3717000.000
3370	3654	3654000.000
3371	3569	3569000.000
3372	3632	3632000.000
3373	3530	3530000.000
3374	3610	3610000.000
3375	3614	3614000.000
3376	3755	3755000.000
3377	3662	3662000.000
3378	3718	3718000.000
3379	3732	3732000.000
3380	3742	3742000.000
3381	3698	3698000.000
3382	3670	3670000.000
3383	3640	3640000.000
3384	3550	3550000.000
3385	3682	3682000.000
3386	3605	3605000.000
3387	3703	3703000.000
3388	3615	3615000.000
3389	3788	3788000.000
3390	3698	3698000.000
3391	3756	3756000.000
3392	3716	3716000.000
3393	3550	3550000.000
3394	3635	3635000.000
3395	3521	3521000.000
3396	3586	3586000.000
3397	3588	3588000.000
3398	3732	3732000.000
3399	3603	3603000.000
3400	3708	3708000.000
3401	3691	3691000.000
3402	3749	3749000.000
3403	3698	3698000.000
3404	3662	3662000.000
3405	3647	3647000.000
3406	3689	3689000.000
3407	3608	3608000.000
3408	3461	3461000.000
3409	3656	3656000.000
3410	3678	3678000.000
3411	3687	3687000.000
3412	3707	3707000.000
3413	3736	3736000.000
3414	3747	3747000.000
3415	3787	3787000.000
3416	3695	3695000.000
3417	3595	3595000.000
3418	3630	3630000.000
3419	3567	3567000.000
3420	3597	3597000.000
3421	3592	3592000.000
3422	3688	3688000.000
3423	3736	3736000.000
3424	3757	3757000.000
3425	3747	3747000.000
3426	3773	3773000.000
3427	3724	3724000.000
3428	3693	3693000.000
3429	3599	3599000.000
3430	3583	3583000.000
3431	3610	3610000.000
3432	3697	3697000.000
3433	3615	3615000.000
3434	3751	3751000.000
3435	3715	3715000.000
3436	3813	3813000.000
3437	3681	3681000.000
3438	3725	3725000.000
3439	3637	3637000.000
3440	3644	3644000.000
3441	3613	3613000.000
3442	3609	3609000.000
3443	3728	3728000.000
3444	3604	3604000.000
3445	3675	3675000.000
3446	3780	3780000.000
3447	3741	3741000.000
3448	3605	3605000.000
3449	3693	3693000.000
3450	3682	3682000.000
3451	3637	3637000.000
3452	3681	3681000.000
3453	3629	3629000.000
3454	3683	3683000.000
3455	3668	3668000.000
3456	3622	3622000.000
3457	3747	3747000.000
3458	3679	3679000.000
3459	3737	3737000.000
3460	3750	3750000.000
3461	3752	3752000.000
3462	3712	3712000.000
3463	3601	3601000.000
3464	3637	3637000.000
3465	3541	3541000.000
3466	3576	3576000.000
3467	3750	3750000.000
3468	3719	3719000.000
3469	3748	3748000.000
3470	3684	3684000.000
3471	3733	3733000.000
3472	3824	3824000.000
3473	3744	3744000.000
3474	3688	3688000.000
3475	3632	3632000.000
3476	3519	3519000.000
3477	3663	3663000.000
3478	3657	3657000.000
3479	3676	3676000.000
3480	3704	3704000.000
3481	3728	3728000.000
3482	3754	3754000.000
3483	3671	3671000.000
3484	3782	3782000.000
3485	3654	3654000.000
3486	3744	3744000.000
3487	3614	3614000.000
3488	3613	3613000.000
3489	3638	3638000.000
3490	3662	3662000.000
3491	3642	3642000.000
3492	3762	3762000.000
3493	3724	3724000.000
3494	3724	3724000.000
3495	3791	3791000.000
3496	3750	3750000.000
3497	3604	3604000.000
3498	3617	3617000.000
3499	3580	3580000.000
3500	3542	3542000.000
3501	3652	3652000.000
3502	3650	3650000.000
3503	3634	3634000.000
3504	3620	3620000.000
3505	3673	3673000.000
3506	3685	3685000.000
3507	3707	3707000.000
3508	3724	3724000.000
3509	3753	3753000.000
3510	3575	3575000.000
3511	3580	3580000.000
3512	3672	3672000.000
3513	3650	3650000.000
3514	3631	3631000.000
3515	3745	3745000.000
3516	3613	3613000.000
3517	3738	3738000.000
3518	3760	3760000.000
3519	3584	3584000.000
3520	3684	3684000.000
3521	3602	3602000.000
3522	3618	3618000.000
3523	3551	3551000.000
3524	3650	3650000.000
3525	3584	3584000.000
3526	3589	3589000.000
3527	3598	3598000.000
3528	3658	3658000.000
3529	3684	3684000.000
3530	3789	3789000.000
3531	3652	3652000.000
3532	3634	3634000.000
3533	3599	3599000.000
3534	3474	3474000.000
3535	3588	3588000.000
3536	3661	3661000.000
3537	3655	3655000.000
3538	3738	3738000.000
3539	3678	3678000.000
3540	3838	3838000.000
3541	3722	3722000.000
3542	3754	3754000.000
3543	3655	3655000.000
3544	3662	3662000.000
3545	3704	3704000.000
3546	3559	3559000.000
3547	3569	3569000.000
3548	3676	3676000.000
3549	3636	3636000.000
3550	3665	3665000.000
3551	3790	3790000.000
3552	3725	3725000.000
3553	3661	3661000.000
3554	3647	3647000.000
3555	3719	3719000.000
3556	3635	3635000.000
3557	3692	3692000.000
3558	3583	3583000.000
3559	3618	3618000.000
3560	3640	3640000.000
3561	3782	3782000.000
3562	3724	3724000.000
3563	3766	3766000.000
3564	3705	3705000.000
3565	3685	3685000.000
3566	3743	3743000.000
3567	3773	3773000.000
3568	3697	3697000.000
3569	3581	3581000.000
3570	3555	3555000.000
3571	3589	3589000.000
3572	3629	3629000.000
3573	3659	3659000.000
3574	3669	3669000.000
3575	3749	3749000.000
3576	3661	3661000.000
3577	3654	3654000.000
3578	3675	3675000.000
3579	3622	3622000.000
3580	3532	3532000.000
3581	3614	3614000.000
3582	3616	3616000.000
3583	3725	3725000.000
3584	3673	3673000.000
3585	3635	3635000.000
3586	3744	3744000.000
3587	3753	3753000.000
3588	3717	3717000.000
3589	3643	3643000.000
3590	3712	3712000.000
3591	3658	3658000.000
3592	3666	3666000.000
3593	3571	3571000.000
3594	3668	3668000.000
3595	3554	3554000.000
3596	3696	3696000.000
3597	3646	3646000.000
3598	3663	3663000.000
3599	3561	3561000.000
3600	3664	3664000.000
3601	3652	3652000.000
3602	3532	3532000.000
3603	3550	3550000.000
3604	3643	3643000.000
3605	3665	3665000.000
3606	3636	3636000.000
3607	3783	3783000.000
3608	3635	3635000.000
3609	3751	3751000.000
3610	3659	3659000.000
3611	3757	3757000.000
3612	3835	3835000.000
3613	3660	3660000.000
3614	3730	3730000.000
3615	3591	3591000.000
3616	3586	3586000.000
3617	3556	3556000.000
3618	3523	3523000.000
3619	3621	3621000.000
3620	3662	3662000.000
3621	3655	3655000.000
3622	3781	3781000.000
3623	3693	3693000.000
3624	3641	3641000.000
3625	3599	3599000.000
3626	3564	3564000.000
3627	3599	3599000.000
3628	3708	3708000.000
3629	3648	3648000.000
3630	3656	3656000.000
3631	3745	3745000.000
3632	3661	3661000.000
3633	3736	3736000.000
3634	3683	3683000.000
3635	3665	3665000.000
3636	3700	3700000.000
3637	3623	3623000.000
3638	3600	3600000.000
3639	3575	3575000.000
3640	3588	3588000.000
3641	3613	3613000.000
3642	3665	3665000.000
3643	3650	3650000.000
3644	3601	3601000.000
3645	3767	3767000.000
3646	3703	3703000.000
3647	3530	3530000.000
3648	3622	3622000.000
3649	3566	3566000.000
3650	3652	3652000.000
3651	3678	3678000.000
3652	3668	3668000.000
3653	3756	3756000.000
3654	3777	3777000.000
3655	3686	3686000.000
3656	3734	3734000.000
3657	3707	3707000.000
3658	3679	3679000.000
3659	3654	3654000.000
3660	3689	3689000.000
3661	3651	3651000.000
3662	3639	3639000.000
3663	3627	3627000.000
3664	3581	3581000.000
3665	3594	3594000.000
3666	3683	3683000.000
3667	3631	3631000.000
3668	3649	3649000.000
3669	3633	3633000.000
3670	3640	3640000.000
3671	3506	3506000.000
3672	3530	3530000.000
3673	3540	3540000.000
3674	3671	3671000.000
3675	3654	3654000.000
3676	3709	3709000.000
3677	3729	3729000.000
3678	3657	3657000.000
3679	3710	3710000.000
3680	3700	3700000.000
3681	3664	3664000.000
3682	3727	3727000.000
3683	3605	3605000.000
3684	3626	3626000.000
3685	3454	3454000.000
3686	3632	3632000.000
3687	3576	3576000.000
3688	3501	3501000.000
3689	3689	3689000.000
3690	3598	3598000.000
3691	3706	3706000.000
3692	3656	3656000.000
3693	3617	3617000.000
3694	3549	3549000.000
3695	3573	3573000.000
3696	3597	3597000.000
3697	3714	3714000.000
3698	3651	3651000.000
3699	3722	3722000.000
3700	3621	3621000.000
3701	3666	3666000.000
3702	3753	3753000.000
3703	3684	3684000.000
3704	3635	3635000.000
3705	3649	3649000.000
3706	3790	3790000.000
3707	3601	3601000.000
3708	3676	3676000.000
3709	3613	3613000.000
3710	3595	3595000.000
3711	3644	3644000.000
3712	3732	3732000.000
3713	3649	3649000.000
3714	3639	3639000.000
3715	3614	3614000.000
3716	3647	3647000.000
3717	3605	3605000.000
3718	3670	3670000.000
3719	3569	3569000.000
3720	3652	3652000.000
3721	3703	3703000.000
3722	3839	3839000.000
3723	3687	3687000.000
3724	3698	3698000.000
3725	3646	3646000.000
3726	3709	3709000.000
3727	3863	3863000.000
3728	3716	3716000.000
3729	3676	3676000.000
3730	3615	3615000.000
3731	3630	3630000.000
3732	3595	3595000.000
3733	3506	3506000.000
3734	3620	3620000.000
3735	3595	3595000.000
3736	3645	3645000.000
3737	3738	3738000.000
3738	3664	3664000.000
3739	3576	3576000.000
3740	3703	3703000.000
3741	3590	3590000.000
3742	3571	3571000.000
3743	3657	3657000.000
3744	3606	3606000.000
3745	3695	3695000.000
3746	3703	3703000.000
3747	3790	3790000.000
3748	3636	3636000.000
3749	3744	3744000.000
3750	3686	3686000.000
3751	3578	3578000.000
3752	3661	3661000.000
3753	3634	3634000.000
3754	3654	3654000.000
3755	3628	3628000.000
3756	3588	3588000.000
3757	3596	3596000.000
3758	3623	3623000.000
3759	3635	3635000.000
3760	3732	3732000.000
3761	3637	3637000.000
3762	3579	3579000.000
3763	3586	3586000.000
3764	3606	3606000.000
3765	3598	3598000.000
3766	3581	3581000.000
3767	3757	3757000.000
3768	3691	3691000.000
3769	3700	3700000.000
3770	3648	3648000.000
3771	3808	3808000.000
3772	3797	3797000.000
3773	3710	3710000.000
3774	3730	3730000.000
3775	3633	3633000.000
3776	3702	3702000.000
3777	3627	3627000.000
3778	3563	3563000.000
3779	3590	3590000.000
3780	3689	3689000.000
3781	3690	3690000.000
3782	3648	3648000.000
3783	3727	3727000.000
3784	3688	3688000.000
3785	3614	3614000.000
3786	3602	3602000.000
3787	3590	3590000.000
3788	3509	3509000.000
3789	3509	3509000.000
3790	3585	3585000.000
3791	3678	3678000.000
3792	3719	3719000.000
3793	3728	3728000.000
3794	3778	3778000.000
3795	3705	3705000.000
3796	3798	3798000.000
3797	3684	3684000.000
3798	3650	3650000.000
3799	3714	3714000.000
3800	3685	3685000.000
3801	3653	3653000.000
3802	3519	3519000.000
3803	3665	3665000.000
3804	3643	3643000.000
3805	3658	3658000.000
3806	3710	3710000.000
3807	3712	3712000.000
3808	3594	3594000.000
3809	3626	3626000.000
3810	3519	3519000.000
3811	3564	3564000.000
3812	3639	3639000.000
3813	3604	3604000.000
3814	3657	3657000.000
3815	3631	3631000.000
3816	3667	3667000.000
3817	3714	3714000.000
3818	3681	3681000.000
3819	3703	3703000.000
3820	3749	3749000.000
3821	3749	3749000.000
3822	3589	3589000.000
3823	3626	3626000.000
3824	3592	3592000.000
3825	3551	3551000.000
3826	3592	3592000.000
3827	3662	3662000.000
3828	3620	3620000.000
3829	3630	3630000.000
3830	3597	3597000.000
3831	3624	3624000.000
3832	3553	3553000.000
3833	3635	3635000.000
3834	3498	3498000.000
3835	3615	3615000.000
3836	3614	3614000.000
3837	3738	3738000.000
3838	3749	3749000.000
3839	3655	3655000.000
3840	3758	3758000.000
3841	3742	3742000.000
3842	3817	3817000.000
3843	3725	3725000.000
3844	3642	3642000.000
3845	3656	3656000.000
3846	3620	3620000.000
3847	3606	3606000.000
3848	3617	3617000.000
3849	3593	3593000.000
3850	3557	3557000.000
3851	3686	3686000.000
3852	3587	3587000.000
3853	3691	3691000.000
3854	3669	3669000.000
3855	3689	3689000.000
3856	3664	3664000.000
3857	3539	3539000.000
3858	3588	3588000.000
3859	3601	3601000.000
3860	3673	3673000.000
3861	3680	3680000.000
3862	3709	3709000.000
3863	3708	3708000.000
3864	3691	3691000.000
3865	3726	3726000.000
3866	3621	3621000.000
3867	3654	3654000.000
3868	3711	3711000.000
3869	3614	3614000.000
3870	3606	3606000.000
3871	3577	3577000.000
3872	3566	3566000.000
3873	3703	3703000.000
3874	3613	3613000.000
3875	3593	3593000.000
3876	3663	3663000.000
3877	3633	3633000.000
3878	3641	3641000.000
3879	3589	3589000.000
3880	3571	3571000.000
3881	3608	3608000.000
3882	3532	3532000.000
3883	3669	3669000.000
3884	3645	3645000.000
3885	3635	3635000.000
3886	3724	3724000.000
3887	3657	3657000.000
3888	3696	3696000.000
3889	3788	3788000.000
3890	3725	3725000.000
3891	3596	3596000.000
3892	3645	3645000.000
3893	3671	3671000.000
3894	3592	3592000.000
3895	3603	3603000.000
3896	3589	3589000.000
3897	3696	3696000.000
3898	3725	3725000.000
3899	3713	3713000.000
3900	3807	3807000.000
3901	3715	3715000.000
3902	3566	3566000.000
3903	3648	3648000.000
3904	3611	3611000.000
3905	3636	3636000.000
3906	3585	3585000.000
3907	3736	3736000.000
3908	3665	3665000.000
3909	3684	3684000.000
3910	3775	3775000.000
3911	3800	3800000.000
3912	3763	3763000.000
3913	3692	3692000.000
3914	3670	3670000.000
3915	3696	3696000.000
3916	3644	3644000.000
3917	3529	3529000.000
3918	3583	3583000.000
3919	3542	3542000.000
3920	3656	3656000.000
3921	3615	3615000.000
3922	3648	3648000.000
3923	3671	3671000.000
3924	3624	3624000.000
3925	3628	3628000.000
3926	3624	3624000.000
3927	3580	3580000.000
3928	3700	3700000.000
3929	3750	3750000.000
3930	3667	3667000.000
3931	3735	3735000.000
3932	3676	3676000.000
3933	3788	3788000.000
3934	3722	3722000.000
3935	3661	3661000.000
3936	3742	3742000.000
3937	3729	3729000.000
3938	3640	3640000.000
3939	3567	3567000.000
3940	3612	3612000.000
3941	3455	3455000.000
3942	3629	3629000.000
3943	3596	3596000.000
3944	3823	3823000.000
3945	3594	3594000.000
3946	3643	3643000.000
3947	3621	3621000.000
3948	3566	3566000.000
3949	3603	3603000.000
3950	3494	3494000.000
3951	3541	3541000.000
3952	3594	3594000.000
3953	3735	3735000.000
3954	3724	3724000.000
3955	3684	3684000.000
3956	3783	3783000.000
3957	3674	3674000.000
3958	3817	3817000.000
3959	3695	3695000.000
3960	3652	3652000.000
3961	3617	3617000.000
3962	3515	3515000.000
3963	3560	3560000.000
3964	3656	3656000.000
3965	3644	3644000.000
3966	3658	3658000.000
3967	3649	3649000.000
3968	3803	3803000.000
3969	3755	3755000.000
3970	3581	3581000.000
3971	3629	3629000.000
3972	3595	3595000.000
3973	3629	3629000.000
3974	3567	3567000.000
3975	3644	3644000.000
3976	3628	3628000.000
3977	3658	3658000.000
3978	3744	3744000.000
3979	3731	3731000.000
3980	3687	3687000.000
3981	3736	3736000.000
3982	3708	3708000.000
3983	3716	3716000.000
3984	3704	3704000.000
3985	3731	3731000.000
3986	3603	3603000.000
3987	3546	3546000.000
3988	3529	3529000.000
3989	3645	3645000.000
3990	3688	3688000.000
3991	3692	3692000.000
3992	3708	3708000.000
3993	3670	3670000.000
3994	3663	3663000.000
3995	3652	3652000.000
3996	3564	3564000.000
3997	3625	3625000.000
3998	3559	3559000.000
3999	3713	3713000.000
4000	3753	3753000.000
4001	3685	3685000.000
4002	3750	3750000.000
4003	3780	3780000.000
4004	3617	3617000.000
4005	3664	3664000.000
4006	3679	3679000.000
4007	3620	3620000.000
4008	3540	3540000.000
4009	3649	3649000.000
4010	3519	3519000.000
4011	3564	3564000.000
4012	3604	3604000.000
4013	3668	3668000.000
4014	3712	3712000.000
4015	3668	3668000.000
4016	3729	3729000.000
4017	3674	3674000.000
4018	3580	3580000.000
4019	3568	3568000.000
4020	3625	3625000.000
4021	3563	3563000.000
4022	3592	3592000.000
4023	3621	3621000.000
4024	3583	3583000.000
4025	3661	3661000.000
4026	3673	3673000.000
4027	3656	3656000.000
4028	3700	3700000.000
4029	3680	3680000.000
4030	3748	3748000.000
4031	3724	3724000.000
4032	3527	3527000.000
4033	3616	3616000.000
4034	3757	3757000.000
4035	3639	3639000.000
4036	3654	3654000.000
4037	3701	3701000.000
4038	3620	3620000.000
4039	3665	3665000.000
4040	3601	3601000.000
4041	3635	3635000.000
4042	3566	3566000.000
4043	3527	3527000.000
4044	3599	3599000.000
4045	3610	3610000.000
4046	3710	3710000.000
4047	3730	3730000.000
4048	3686	3686000.000
4049	3751	3751000.000
4050	3704	3704000.000
4051	3784	3784000.000
4052	3679	3679000.000
4053	3728	3728000.000
4054	3629	3629000.000
4055	3610	3610000.000
4056	3701	3701000.000
4057	3608	3608000.000
4058	3656	3656000.000
4059	3634	3634000.000
4060	3665	3665000.000
4061	3738	3738000.000
4062	3626	3626000.000
4063	3610	3610000.000
4064	3640	3640000.000
4065	3641	3641000.000
4066	3656	3656000.000
4067	3649	3649000.000
4068	3661	3661000.000
4069	3648	3648000.000
4070	3763	3763000.000
4071	3658	3658000.000
4072	3687	3687000.000
4073	3683	3683000.000
4074	3667	3667000.000
4075	3729	3729000.000
4076	3500	3500000.000
4077	3580	3580000.000
4078	3548	3548000.000
4079	3549	3549000.000
4080	3651	3651000.000
4081	3671	3671000.000
4082	3686	3686000.000
4083	3699	3699000.000
4084	3635	3635000.000
4085	3675	3675000.000
4086	3640	3640000.000
4087	3567	3567000.000
4088	3571	3571000.000
4089	3620	3620000.000
4090	3603	3603000.000
4091	3605	3605000.000
4092	3647	3647000.000
4093	3669	3669000.000
4094	3724	3724000.000
4095	3692	3692000.000
4096	3591	3591000.000
4097	3750	3750000.000
4098	3709	3709000.000
4099	3715	3715000.000
4100	3581	3581000.000
4101	3595	3595000.000
4102	3598	3598000.000
4103	3680	3680000.000
4104	3685	3685000.000
4105	3700	3700000.000
4106	3676	3676000.000
4107	3648	3648000.000
4108	3686	3686000.000
4109	3589	3589000.000
4110	3538	3538000.000
4111	3590	3590000.000
4112	3585	3585000.000
4113	3623	3623000.000
4114	3661	3661000.000
4115	3702	3702000.000
4116	3694	3694000.000
4117	3669	3669000.000
4118	3673	3673000.000
4119	3685	3685000.000
4120	3706	3706000.000
4121	3779	3779000.000
4122	3682	3682000.000
4123	3690	3690000.000
4124	3584	3584000.000
4125	3638	3638000.000
4126	3599	3599000.000
4127	3611	3611000.000
4128	3767	3767000.000
4129	3684	3684000.000
4130	3647	3647000.000
4131	3659	3659000.000
4132	3572	3572000.000
4133	3615	3615000.000
4134	3500	3500000.000
4135	3530	3530000.000
4136	3600	3600000.000
4137	3665	3665000.000
4138	3719	3719000.000
4139	3674	3674000.000
4140	3613	3613000.000
4141	3742	3742000.000
4142	3724	3724000.000
4143	3648	3648000.000
4144	3721	3721000.000
4145	3647	3647000.000
4146	3592	3592000.000
4147	3666	3666000.000
4148	3524	3524000.000
4149	3605	3605000.000
4150	3592	3592000.000
4151	3714	3714000.000
4152	3715	3715000.000
4153	3685	3685000.000
4154	3767	3767000.000
4155	3742	3742000.000
4156	3568	3568000.000
4157	3624	3624000.000
4158	3654	3654000.000
4159	3652	3652000.000
4160	3664	3664000.000
4161	3674	3674000.000
4162	3679	3679000.000
4163	3586	3586000.000
4164	3728	3728000.000
4165	3653	3653000.000
4166	3785	3785000.000
4167	3650	3650000.000
4168	3719	3719000.000
4169	3578	3578000.000
4170	3544	3544000.000
4171	3550	3550000.000
4172	3603	3603000.000
4173	3652	3652000.000
4174	3730	3730000.000
4175	3724	3724000.000
4176	3708	3708000.000
4177	3769	3769000.000
4178	3644	3644000.000
4179	3646	3646000.000
4180	3582	3582000.000
4181	3526	3526000.000
4182	3585	3585000.000
4183	3576	3576000.000
4184	3640	3640000.000
4185	3733	3733000.000
4186	3671	3671000.000
4187	3722	3722000.000
4188	3668	3668000.000
4189	3674	3674000.000
4190	3666	3666000.000
4191	3705	3705000.000
4192	3634	3634000.000
4193	3586	3586000.000
4194	3573	3573000.000
4195	3748	3748000.000
4196	3709	3709000.000
4197	3761	3761000.000
4198	3659	3659000.000
4199	3716	3716000.000
4200	3794	3794000.000
4201	3808	3808000.000
4202	3612	3612000.000
4203	3591	3591000.000
4204	3604	3604000.000
4205	3587	3587000.000
4206	3556	3556000.000
4207	3727	3727000.000
4208	3672	3672000.000
4209	3713	3713000.000
4210	3771	3771000.000
4211	3729	3729000.000
4212	3734	3734000.000
4213	3656	3656000.000
4214	3637	3637000.000
4215	3640	3640000.000
4216	3575	3575000.000
4217	3602	3602000.000
4218	3526	3526000.000
4219	3652	3652000.000
4220	3663	3663000.000
4221	3715	3715000.000
4222	3696	3696000.000
4223	3722	3722000.000
4224	3671	3671000.000
4225	3696	3696000.000
4226	3596	3596000.000
4227	3629	3629000.000
4228	3587	3587000.000
4229	3521	3521000.000
4230	3653	3653000.000
4231	3680	3680000.000
4232	3726	3726000.000
4233	3726	3726000.000
4234	3665	3665000.000
4235	3712	3712000.000
4236	3775	3775000.000
4237	3699	3699000.000
4238	3621	3621000.000
4239	3668	3668000.000
4240	3640	3640000.000
4241	3549	3549000.000
4242	3550	3550000.000
4243	3705	3705000.000
4244	3733	3733000.000
4245	3807	3807000.000
4246	3782	3782000.000
4247	3682	3682000.000
4248	3732	3732000.000
4249	3628	3628000.000
4250	3595	3595000.000
4251	3612	3612000.000
4252	3638	3638000.000
4253	3682	3682000.000
4254	3772	3772000.000
4255	3712	3712000.000
4256	3726	3726000.000
4257	3718	3718000.000
4258	3712	3712000.000
4259	3742	3742000.000
4260	3698	3698000.000
4261	3715	3715000.000
4262	3664	3664000.000
4263	3613	3613000.000
4264	3520	3520000.000
4265	3630	3630000.000
4266	3634	3634000.000
4267	3690	3690000.000
4268	3659	3659000.000
4269	3648	3648000.000
4270	3706	3706000.000
4271	3716	3716000.000
4272	3598	3598000.000
4273	3631	3631000.000
4274	3607	3607000.000
4275	3572	3572000.000
4276	3617	3617000.000
4277	3656	3656000.000
4278	3650	3650000.000
4279	3744	3744000.000
4280	3669	3669000.000
4281	3704	3704000.000
4282	3615	3615000.000
4283	3718	3718000.000
4284	3715	3715000.000
4285	3639	3639000.000
4286	3540	3540000.000
4287	3616	3616000.000
4288	3596	3596000.000
4289	3641	3641000.000
4290	3694	3694000.000
4291	3686	3686000.000
4292	3664	3664000.000
4293	3692	3692000.000
4294	3704	3704000.000
4295	3680	3680000.000
4296	3586	3586000.000
4297	3639	3639000.000
4298	3544	3544000.000
4299	3623	3623000.000
4300	3700	3700000.000
4301	3725	3725000.000
4302	3822	3822000.000
4303	3714	3714000.000
4304	3709	3709000.000
4305	3721	3721000.000
4306	3700	3700000.000
4307	3707	3707000.000
4308	3694	3694000.000
4309	3652	3652000.000
4310	3665	3665000.000
4311	3554	3554000.000
4312	3653	3653000.000
4313	3676	3676000.000
4314	3711	3711000.000
4315	3752	3752000.000
4316	3734	3734000.000
4317	3662	3662000.000
4318	3662	3662000.000
4319	3528	3528000.000
4320	3589	3589000.000
4321	3572	3572000.000
4322	3619	3619000.000
4323	3719	3719000.000
4324	3678	3678000.000
4325	3675	3675000.000
4326	3774	3774000.000
4327	3766	3766000.000
4328	3795	3795000.000
4329	3762	3762000.000
4330	3715	3715000.000
4331	3694	3694000.000
4332	3678	3678000.000
4333	3562	3562000.000
4334	3516	3516000.000
4335	3574	3574000.000
4336	3664	3664000.000
4337	3717	3717000.000
4338	3779	3779000.000
4339	3737	3737000.000
4340	3709	3709000.000
4341	3656	3656000.000
4342	3695	3695000.000
4343	3570	3570000.000
4344	3571	3571000.000
4345	3547	3547000.000
4346	3665	3665000.000
4347	3625	3625000.000
4348	3675	3675000.000
4349	3735	3735000.000
4350	3731	3731000.000
4351	3731	3731000.000
4352	3754	3754000.000
4353	3614	3614000.000
4354	3661	3661000.000
4355	3583	3583000.000
4356	3572	3572000.000
4357	3647	3647000.000
4358	3489	3489000.000
4359	3701	3701000.000
4360	3664	3664000.000
4361	3716	3716000.000
4362	3746	3746000.000
4363	3687	3687000.000
4364	3671	3671000.000
4365	3667	3667000.000
4366	3505	3505000.000
4367	3629	3629000.000
4368	3604	3604000.000
4369	3581	3581000.000
4370	3691	3691000.000
4371	3708	3708000.000
4372	3719	3719000.000
4373	3678	3678000.000
4374	3648	3648000.000
4375	3746	3746000.000
4376	3668	3668000.000
4377	3611	3611000.000
4378	3541	3541000.000
4379	3603	3603000.000
4380	3655	3655000.000
4381	3596	3596000.000
4382	3637	3637000.000
4383	3683	3683000.000
4384	3784	3784000.000
4385	3714	3714000.000
4386	3794	3794000.000
4387	3778	3778000.000
4388	3671	3671000.000
4389	3572	3572000.000
4390	3605	3605000.000
4391	3615	3615000.000
4392	3656	3656000.000
4393	3617	3617000.000
4394	3701	3701000.000
4395	3747	3747000.000
4396	3817	3817000.000
4397	3686	3686000.000
4398	3756	3756000.000
4399	3770	3770000.000
4400	3562	3562000.000
4401	3628	3628000.000
4402	3600	3600000.000
4403	3540	3540000.000
4404	3544	3544000.000
4405	3685	3685000.000
4406	3706	3706000.000
4407	3676	3676000.000
4408	3739	3739000.000
4409	3693	3693000.000
4410	3736	3736000.000
4411	3589	3589000.000
4412	3574	3574000.000
4413	3589	3589000.000
4414	3638	3638000.000
4415	3622	3622000.000
4416	3735	3735000.000
4417	3840	3840000.000
4418	3744	3744000.000
4419	3713	3713000.000
4420	3654	3654000.000
4421	3792	3792000.000
4422	3689	3689000.000
4423	3724	3724000.000
4424	3526	3526000.000
4425	3641	3641000.000
4426	3645	3645000.000
4427	3550	3550000.000
4428	3591	3591000.000
4429	3725	3725000.000
4430	3784	3784000.000
4431	3627	3627000.000
4432	3689	3689000.000
4433	3708	3708000.000
4434	3705	3705000.000
4435	3610	3610000.000
4436	3510	3510000.000
4437	3545	3545000.000
4438	3635	3635000.000
4439	3766	3766000.000
4440	3764	3764000.000
4441	3696	3696000.000
4442	3805	3805000.000
4443	3667	3667000.000
4444	3746	3746000.000
4445	3682	3682000.000
4446	3749	3749000.000
4447	3620	3620000.000
4448	3591	3591000.000
4449	3545	3545000.000
4450	3583	3583000.000
4451	3688	3688000.000
4452	3612	3612000.000
4453	3736	3736000.000
4454	3704	3704000.000
4455	3689	3689000.000
4456	3684	3684000.000
4457	3578	3578000.000
4458	3562	3562000.000
4459	3572	3572000.000
4460	3533	3533000.000
4461	3694	3694000.000
4462	3626	3626000.000
4463	3690	3690000.000
4464	3721	3721000.000
4465	3720	3720000.000
4466	3718	3718000.000
4467	3842	3842000.000
4468	3726	3726000.000
4469	3659	3659000.000
4470	3677	3677000.000
4471	3648	3648000.000
4472	3637	3637000.000
4473	3495	3495000.000
4474	3654	3654000.000
4475	3693	3693000.000
4476	3732	3732000.000
4477	3730	3730000.000
4478	3781	3781000.000
4479	3771	3771000.000
4480	3619	3619000.000
4481	3756	3756000.000
4482	3577	3577000.000
4483	3675	3675000.000
4484	3612	3612000.000
4485	3663	3663000.000
4486	3563	3563000.000
4487	3737	3737000.000
4488	3774	3774000.000
4489	3776	3776000.000
4490	3750	3750000.000
4491	3650	3650000.000
4492	3737	3737000.000
4493	3674	3674000.000
4494	3605	3605000.000
4495	3631	3631000.000
4496	3621	3621000.000
4497	3612	3612000.000
4498	3629	3629000.000
4499	3781	3781000.000
4500	3746	3746000.000
4501	3639	3639000.000
4502	3683	3683000.000
4503	3691	3691000.000
4504	3634	3634000.000
4505	3604	3604000.000
4506	3624	3624000.000
4507	3582	3582000.000
4508	3615	3615000.000
4509	3702	3702000.000
4510	3726	3726000.000
4511	3668	3668000.000
4512	3670	3670000.000
4513	3823	3823000.000
4514	3745	3745000.000
4515	3691	3691000.000
4516	3662	3662000.000
4517	3676	3676000.000
4518	3558	3558000.000
4519	3622	3622000.000
4520	3589	3589000.000
4521	3764	3764000.000
4522	3811	3811000.000
4523	3783	3783000.000
4524	3749	3749000.000
4525	3529	3529000.000
4526	3745	3745000.000
4527	3654	3654000.000
4528	3537	3537000.000
4529	3608	3608000.000
4530	3575	3575000.000
4531	3652	3652000.000
4532	3663	3663000.000
4533	3650	3650000.000
4534	3685	3685000.000
4535	3690	3690000.000
4536	3725	3725000.000
4537	3738	3738000.000
4538	3708	3708000.000
4539	3662	3662000.000
4540	3667	3667000.000
4541	3643	3643000.000
4542	3618	3618000.000
4543	3516	3516000.000
4544	3577	3577000.000
4545	3747	3747000.000
4546	3653	3653000.000
4547	3791	3791000.000
4548	3682	3682000.000
4549	3742	3742000.000
4550	3613	3613000.000
4551	3588	3588000.000
4552	3575	3575000.000
4553	3656	3656000.000
4554	3648	3648000.000
4555	3641	3641000.000
4556	3729	3729000.000
4557	3674	3674000.000
4558	3760	3760000.000
4559	3695	3695000.000
4560	3684	3684000.000
4561	3721	3721000.000
4562	3668	3668000.000
4563	3671	3671000.000
4564	3595	3595000.000
4565	3593	3593000.000
4566	3610	3610000.000
4567	3577	3577000.000
4568	3769	3769000.000
4569	3736	3736000.000
4570	3736	3736000.000
4571	3714	3714000.000
4572	3693	3693000.000
4573	3609	3609000.000
4574	3526	3526000.000
4575	3581	3581000.000
4576	3623	3623000.000
4577	3655	3655000.000
4578	3719	3719000.000
4579	3694	3694000.000
4580	3740	3740000.000
4581	3772	3772000.000
4582	3735	3735000.000
4583	3704	3704000.000
4584	3739	3739000.000
4585	3673	3673000.000
4586	3641	3641000.000
4587	3587	3587000.000
4588	3597	3597000.000
4589	3596	3596000.000
4590	3693	3693000.000
4591	3670	3670000.000
4592	3607	3607000.000
4593	3680	3680000.000
4594	3664	3664000.000
4595	3685	3685000.000
4596	3659	3659000.000
4597	3506	3506000.000
4598	3672	3672000.000
4599	3631	3631000.000
4600	3572	3572000.000
4601	3620	3620000.000
4602	3647	3647000.000
4603	3694	3694000.000
4604	3709	3709000.000
4605	3674	3674000.000
4606	3725	3725000.000
4607	3675	3675000.000
4608	3666	3666000.000
4609	3635	3635000.000
4610	3652	3652000.000
4611	3624	3624000.000
4612	3519	3519000.000
4613	3589	3589000.000
4614	3640	3640000.000
4615	3602	3602000.000
4616	3742	3742000.000
4617	3742	3742000.000
4618	3783	3783000.000
4619	3638	3638000.000
4620	3565	3565000.000
4621	3575	3575000.000
4622	3599	3599000.000
4623	3596	3596000.000
4624	3702	3702000.000
4625	3656	3656000.000
4626	3715	3715000.000
4627	3802	3802000.000
4628	3774	3774000.000
4629	3714	3714000.000
4630	3733	3733000.000
4631	3700	3700000.000
4632	3704	3704000.000
4633	3608	3608000.000
4634	3566	3566000.000
4635	3527	3527000.000
4636	3646	3646000.000
4637	3577	3577000.000
4638	3680	3680000.000
4639	3634	3634000.000
4640	3739	3739000.000
4641	3711	3711000.000
4642	3650	3650000.000
4643	3609	3609000.000
4644	3603	3603000.000
4645	3558	3558000.000
4646	3606	3606000.000
4647	3652	3652000.000
4648	3750	3750000.000
4649	3755	3755000.000
4650	3808	3808000.000
4651	3792	3792000.000
4652	3709	3709000.000
4653	3616	3616000.000
4654	3670	3670000.000
4655	3687	3687000.000
4656	3647	3647000.000
4657	3577	3577000.000
4658	3532	3532000.000
4659	3651	3651000.000
4660	3690	3690000.000
4661	3634	3634000.000
4662	3615	3615000.000
4663	3643	3643000.000
4664	3681	3681000.000
4665	3709	3709000.000
4666	3595	3595000.000
4667	3597	3597000.000
4668	3639	3639000.000
4669	3557	3557000.000
4670	3640	3640000.000
4671	3701	3701000.000
4672	3741	3741000.000
4673	3712	3712000.000
4674	3679	3679000.000
4675	3725	3725000.000
4676	3728	3728000.000
4677	3757	3757000.000
4678	3745	3745000.000
4679	3667	3667000.000
4680	3551	3551000.000
4681	3638	3638000.000
4682	3619	3619000.000
4683	3677	3677000.000
4684	3600	3600000.000
4685	3731	3731000.000
4686	3600	3600000.000
4687	3741	3741000.000
4688	3794	3794000.000
4689	3673	3673000.000
4690	3579	3579000.000
4691	3545	3545000.000
4692	3708	3708000.000
4693	3665	3665000.000
4694	3734	3734000.000
4695	3774	3774000.000
4696	3740	3740000.000
4697	3770	3770000.000
4698	3642	3642000.000
4699	3673	3673000.000
4700	3769	3769000.000
4701	3727	3727000.000
4702	3670	3670000.000
4703	3525	3525000.000
4704	3563	3563000.000
4705	3565	3565000.000
4706	3711	3711000.000
4707	3726	3726000.000
4708	3730	3730000.000
4709	3687	3687000.000
4710	3695	3695000.000
4711	3701	3701000.000
4712	3587	3587000.000
4713	3538	3538000.000
4714	3507	3507000.000
4715	3702	3702000.000
4716	3728	3728000.000
4717	3751	3751000.000
4718	3697	3697000.000
4719	3731	3731000.000
4720	3700	3700000.000
4721	3740	3740000.000
4722	3796	3796000.000
4723	3701	3701000.000
4724	3772	3772000.000
4725	3646	3646000.000
4726	3563	3563000.000
4727	3589	3589000.000
4728	3646	3646000.000
4729	3612	3612000.000
4730	3639	3639000.000
4731	3690	3690000.000
4732	3662	3662000.000
4733	3780	3780000.000
4734	3654	3654000.000
4735	3622	3622000.000
4736	3682	3682000.000
4737	3564	3564000.000
4738	3601	3601000.000
4739	3691	3691000.000
4740	3770	3770000.000
4741	3769	3769000.000
4742	3747	3747000.000
4743	3671	3671000.000
4744	3758	3758000.000
4745	3706	3706000.000
4746	3676	3676000.000
4747	3651	3651000.000
4748	3618	3618000.000
4749	3694	3694000.000
4750	3647	3647000.000
4751	3583	3583000.000
4752	3713	3713000.000
4753	3645	3645000.000
4754	3738	3738000.000
4755	3717	3717000.000
4756	3684	3684000.000
4757	3684	3684000.000
4758	3687	3687000.000
4759	3600	3600000.000
4760	3602	3602000.000
4761	3660	3660000.000
4762	3642	3642000.000
4763	3749	3749000.000
4764	3701	3701000.000
4765	3716	3716000.000
4766	3720	3720000.000
4767	3756	3756000.000
4768	3734	3734000.000
4769	3683	3683000.000
4770	3645	3645000.000
4771	3681	3681000.000
4772	3687	3687000.000
4773	3594	3594000.000
4774	3600	3600000.000
4775	3575	3575000.000
4776	3644	3644000.000
4777	3582	3582000.000
4778	3687	3687000.000
4779	3669	3669000.000
4780	3723	3723000.000
4781	3648	3648000.000
4782	3574	3574000.000
4783	3685	3685000.000
4784	3573	3573000.000
4785	3565	3565000.000
4786	3683	3683000.000
4787	3702	3702000.000
4788	3777	3777000.000
4789	3621	3621000.000
4790	3830	3830000.000
4791	3801	3801000.000
4792	3601	3601000.000
4793	3653	3653000.000
4794	3719	3719000.000
4795	3663	3663000.000
4796	3691	3691000.000
4797	3579	3579000.000
4798	3633	3633000.000
4799	3595	3595000.000
4800	3620	3620000.000
4801	3726	3726000.000
4802	3689	3689000.000
4803	3695	3695000.000
4804	3665	3665000.000
4805	3658	3658000.000
4806	3558	3558000.000
4807	3591	3591000.000
4808	3704	3704000.000
4809	3677	3677000.000
4810	3787	3787000.000
4811	3641	3641000.000
4812	3713	3713000.000
4813	3720	3720000.000
4814	3664	3664000.000
4815	3763	3763000.000
4816	3844	3844000.000
4817	3716	3716000.000
4818	3653	3653000.000
4819	3639	3639000.000
4820	3592	3592000.000
4821	3625	3625000.000
4822	3570	3570000.000
4823	3651	3651000.000
4824	3612	3612000.000
4825	3689	3689000.000
4826	3654	3654000.000
4827	3539	3539000.000
4828	3609	3609000.000
4829	3600	3600000.000
4830	3608	3608000.000
4831	3750	3750000.000
4832	3723	3723000.000
4833	3727	3727000.000
4834	3707	3707000.000
4835	3740	3740000.000
4836	3739	3739000.000
4837	3683	3683000.000
4838	3631	3631000.000
4839	3746	3746000.000
4840	3638	3638000.000
4841	3668	3668000.000
4842	3604	3604000.000
4843	3488	3488000.000
4844	3639	3639000.000
4845	3635	3635000.000
4846	3596	3596000.000
4847	3756	3756000.000
4848	3714	3714000.000
4849	3713	3713000.000
4850	3667	3667000.000
4851	3643	3643000.000
4852	3681	3681000.000
4853	3656	3656000.000
4854	3755	3755000.000
4855	3776	3776000.000
4856	3743	3743000.000
4857	3720	3720000.000
4858	3711	3711000.000
4859	3736	3736000.000
4860	3697	3697000.000
4861	3683	3683000.000
4862	3707	3707000.000
4863	3753	3753000.000
4864	3715	3715000.000
4865	3668	3668000.000
4866	3601	3601000.000
4867	3679	3679000.000
4868	3614	3614000.000
4869	3612	3612000.000
4870	3703	3703000.000
4871	3744	3744000.000
4872	3723	3723000.000
4873	3569	3569000.000
4874	3580	3580000.000
4875	3637	3637000.000
4876	3543	3543000.000
4877	3764	3764000.000
4878	3636	3636000.000
4879	3714	3714000.000
4880	3709	3709000.000
4881	3678	3678000.000
4882	3689	3689000.000
4883	3747	3747000.000
4884	3572	3572000.000
4885	3727	3727000.000
4886	3643	3643000.000
4887	3729	3729000.000
4888	3645	3645000.000
4889	3555	3555000.000
4890	3562	3562000.000
4891	3597	3597000.000
4892	3665	3665000.000
4893	3592	3592000.000
4894	3623	3623000.000
4895	3760	3760000.000
4896	3653	3653000.000
4897	3582	3582000.000
4898	3603	3603000.000
4899	3612	3612000.000
4900	3645	3645000.000
4901	3704	3704000.000
4902	3732	3732000.000
4903	3737	3737000.000
4904	3646	3646000.000
4905	3613	3613000.000
4906	3735	3735000.000
4907	3729	3729000.000
4908	3746	3746000.000
4909	3767	3767000.000
4910	3577	3577000.000
4911	3654	3654000.000
4912	3593	3593000.000
4913	3550	3550000.000
4914	3542	3542000.000
4915	3554	3554000.000
4916	3555	3555000.000
4917	3589	3589000.000
4918	3703	3703000.000
4919	3681	3681000.000
4920	3548	3548000.000
4921	3502	3502000.000
4922	3628	3628000.000
4923	3632	3632000.000
4924	3725	3725000.000
4925	3612	3612000.000
4926	3754	3754000.000
4927	3731	3731000.000
4928	3650	3650000.000
4929	3689	3689000.000
4930	3679	3679000.000
4931	3781	3781000.000
4932	3663	3663000.000
4933	3717	3717000.000
4934	3680	3680000.000
4935	3682	3682000.000
4936	3564	3564000.000
4937	3650	3650000.000
4938	3533	3533000.000
4939	3608	3608000.000
4940	3653	3653000.000
4941	3630	3630000.000
4942	3556	3556000.000
4943	3567	3567000.000
4944	3619	3619000.000
4945	3560	3560000.000
4946	3505	3505000.000
4947	3634	3634000.000
4948	3751	3751000.000
4949	3720	3720000.000
4950	3741	3741000.000
4951	3732	3732000.000
4952	3700	3700000.000
4953	3691	3691000.000
4954	3721	3721000.000
4955	3589	3589000.000
4956	3810	3810000.000
4957	3774	3774000.000
4958	3680	3680000.000
4959	3600	3600000.000
4960	3493	3493000.000
4961	3567	3567000.000
4962	3565	3565000.000
4963	3547	3547000.000
4964	3568	3568000.000
4965	3498	3498000.000
4966	3627	3627000.000
4967	3524	3524000.000
4968	3593	3593000.000
4969	3642	3642000.000
4970	3610	3610000.000
4971	3679	3679000.000
4972	3716	3716000.000
4973	3772	3772000.000
4974	3782	3782000.000
4975	3602	3602000.000
4976	3644	3644000.000
4977	3697	3697000.000
4978	3685	3685000.000
4979	3715	3715000.000
4980	3710	3710000.000
4981	3594	3594000.000
4982	3512	3512000.000
4983	3695	3695000.000
4984	3496	3496000.000
4985	3582	3582000.000
4986	3579	3579000.000
4987	3517	3517000.000
4988	3577	3577000.000
4989	3553	3553000.000
4990	3486	3486000.000
4991	3644	3644000.000
4992	3630	3630000.000
4993	3732	3732000.000
4994	3647	3647000.000
4995	3609	3609000.000
4996	3653	3653000.000
4997	3677	3677000.000
4998	3745	3745000.000
4999	3670	3670000.000
5000	3630	3630000.000
5001	3708	3708000.000
5002	3770	3770000.000
5003	3668	3668000.000
5004	3746	3746000.000
5005	3619	3619000.000
5006	3567	3567000.000
5007	3542	3542000.000
5008	3628	3628000.000
5009	3613	3613000.000
5010	3688	3688000.000
5011	3551	3551000.000
5012	3557	3557000.000
5013	3587	3587000.000
5014	3498	3498000.000
5015	3659	3659000.000
5016	3703	3703000.000
5017	3687	3687000.000
5018	3681	3681000.000
5019	3659	3659000.000
5020	3744	3744000.000
5021	3817	3817000.000
5022	3648	3648000.000
5023	3682	3682000.000
5024	3721	3721000.000
5025	3632	3632000.000
5026	3658	3658000.000
5027	3633	3633000.000
5028	3668	3668000.000
5029	3594	3594000.000
5030	3638	3638000.000
5031	3545	3545000.000
5032	3581	3581000.000
5033	3582	3582000.000
5034	3500	3500000.000
5035	3500	3500000.000
5036	3647	3647000.000
5037	3640	3640000.000
5038	3649	3649000.000
5039	3529	3529000.000
5040	3682	3682000.000
5041	3800	3800000.000
5042	3611	3611000.000
5043	3591	3591000.000
5044	3738	3738000.000
5045	3710	3710000.000
5046	3824	3824000.000
5047	3614	3614000.000
5048	3726	3726000.000
5049	3706	3706000.000
5050	3676	3676000.000
5051	3576	3576000.000
5052	3544	3544000.000
5053	3571	3571000.000
5054	3477	3477000.000
5055	3569	3569000.000
5056	3686	3686000.000
5057	3621	3621000.000
5058	3553	3553000.000
5059	3586	3586000.000
5060	3553	3553000.000
5061	3638	3638000.000
5062	3708	3708000.000
5063	3651	3651000.000
5064	3721	3721000.000
5065	3742	3742000.000
5066	3711	3711000.000
5067	3650	3650000.000
5068	3653	3653000.000
5069	3705	3705000.000
5070	3716	3716000.000
5071	3760	3760000.000
5072	3697	3697000.000
5073	3598	3598000.000
5074	3590	3590000.000
5075	3582	3582000.000
5076	3611	3611000.000
5077	3615	3615000.000
5078	3606	3606000.000
5079	3555	3555000.000
5080	3648	3648000.000
5081	3450	3450000.000
5082	3556	3556000.000
5083	3518	3518000.000
5084	3609	3609000.000
5085	3637	3637000.000
5086	3675	3675000.000
5087	3607	3607000.000
5088	3616	3616000.000
5089	3743	3743000.000
5090	3658	3658000.000
5091	3643	3643000.000
5092	3637	3637000.000
5093	3746	3746000.000
5094	3710	3710000.000
5095	3667	3667000.000
5096	3756	3756000.000
5097	3659	3659000.000
5098	3649	3649000.000
5099	3633	3633000.000
5100	3670	3670000.000
5101	3554	3554000.000
5102	3554	3554000.000
5103	3587	3587000.000
5104	3546	3546000.000
5105	3593	3593000.000
5106	3474	3474000.000
5107	3662	3662000.000
5108	3708	3708000.000
5109	3686	3686000.000
5110	3745	3745000.000
5111	3685	3685000.000
5112	3745	3745000.000
5113	3691	3691000.000
5114	3716	3716000.000
5115	3644	3644000.000
5116	3717	3717000.000
5117	3583	3583000.000
5118	3661	3661000.000
5119	3664	3664000.000
5120	3624	3624000.000
5121	3601	3601000.000
5122	3515	3515000.000
5123	3520	3520000.000
5124	3580	3580000.000
5125	3545	3545000.000
5126	3681	3681000.000
5127	3532	3532000.000
5128	3541	3541000.000
5129	3620	3620000.000
5130	3611	3611000.000
5131	3645	3645000.000
5132	3662	3662000.000
5133	3665	3665000.000
5134	3656	3656000.000
5135	3689	3689000.000
5136	3685	3685000.000
5137	3679	3679000.000
5138	3724	3724000.000
5139	3772	3772000.000
5140	3678	3678000.000
5141	3724	3724000.000
5142	3665	3665000.000
5143	3711	3711000.000
5144	3713	3713000.000
5145	3608	3608000.000
5146	3536	3536000.000
5147	3514	3514000.000
5148	3480	3480000.000
5149	3592	3592000.000
5150	3612	3612000.000
5151	3601	3601000.000
5152	3537	3537000.000
5153	3543	3543000.000
5154	3673	3673000.000
5155	3710	3710000.000
5156	3705	3705000.000
5157	3659	3659000.000
5158	3670	3670000.000
5159	3757	3757000.000
5160	3646	3646000.000
5161	3763	3763000.000
5162	3696	3696000.000
5163	3790	3790000.000
5164	3684	3684000.000
5165	3705	3705000.000
5166	3751	3751000.000
5167	3593	3593000.000
5168	3564	3564000.000
5169	3575	3575000.000
5170	3492	3492000.000
5171	3630	3630000.000
5172	3530	3530000.000
5173	3512	3512000.000
5174	3617	3617000.000
5175	3552	3552000.000
5176	3629	3629000.000
5177	3600	3600000.000
5178	3694	3694000.000
5179	3686	3686000.000
5180	3805	3805000.000
5181	3730	3730000.000
5182	3619	3619000.000
5183	3650	3650000.000
5184	3706	3706000.000
5185	3654	3654000.000
5186	3623	3623000.000
5187	3685	3685000.000
5188	3631	3631000.000
5189	3556	3556000.000
5190	3520	3520000.000
5191	3558	3558000.000
5192	3551	3551000.000
5193	3583	3583000.000
5194	3610	3610000.000
5195	3614	3614000.000
5196	3617	3617000.000
5197	3482	3482000.000
5198	3607	3607000.000
5199	3553	3553000.000
5200	3643	3643000.000
5201	3678	3678000.000
5202	3657	3657000.000
5203	3754	3754000.000
5204	3675	3675000.000
5205	3723	3723000.000
5206	3715	3715000.000
5207	3719	3719000.000
5208	3639	3639000.000
5209	3703	3703000.000
5210	3679	3679000.000
5211	3682	3682000.000
5212	3549	3549000.000
5213	3630	3630000.000
5214	3593	3593000.000
5215	3647	3647000.000
5216	3551	3551000.000
5217	3615	3615000.000
5218	3581	3581000.000
5219	3573	3573000.000
5220	3631	3631000.000
5221	3576	3576000.000
5222	3585	3585000.000
5223	3606	3606000.000
5224	3660	3660000.000
5225	3670	3670000.000
5226	3691	3691000.000
5227	3711	3711000.000
5228	3712	3712000.000
5229	3739	3739000.000
5230	3735	3735000.000
5231	3676	3676000.000
5232	3660	3660000.000
5233	3743	3743000.000
5234	3714	3714000.000
5235	3635	3635000.000
5236	3536	3536000.000
5237	3552	3552000.000
5238	3668	3668000.000
5239	3594	3594000.000
5240	3569	3569000.000
5241	3611	3611000.000
5242	3643	3643000.000
5243	3660	3660000.000
5244	3554	3554000.000
5245	3556	3556000.000
5246	3557	3557000.000
5247	3663	3663000.000
5248	3757	3757000.000
5249	3681	3681000.000
5250	3750	3750000.000
5251	3645	3645000.000
5252	3603	3603000.000
5253	3792	3792000.000
5254	3719	3719000.000
5255	3761	3761000.000
5256	3711	3711000.000
5257	3685	3685000.000
5258	3628	3628000.000
5259	3625	3625000.000
5260	3561	3561000.000
5261	3630	3630000.000
5262	3555	3555000.000
5263	3578	3578000.000
5264	3615	3615000.000
5265	3553	3553000.000
5266	3618	3618000.000
5267	3602	3602000.000
5268	3523	3523000.000
5269	3634	3634000.000
5270	3597	3597000.000
5271	3764	3764000.000
5272	3693	3693000.000
5273	3659	3659000.000
5274	3688	3688000.000
5275	3610	3610000.000
5276	3667	3667000.000
5277	3740	3740000.000
5278	3687	3687000.000
5279	3681	3681000.000
5280	3627	3627000.000
5281	3736	3736000.000
5282	3539	3539000.000
5283	3571	3571000.000
5284	3659	3659000.000
5285	3507	3507000.000
5286	3659	3659000.000
5287	3636	3636000.000
5288	3617	3617000.000
5289	3534	3534000.000
5290	3658	3658000.000
5291	3682	3682000.000
5292	3545	3545000.000
5293	3696	3696000.000
5294	3712	3712000.000
5295	3620	3620000.000
5296	3756	3756000.000
5297	3638	3638000.000
5298	3742	3742000.000
5299	3626	3626000.000
5300	3682	3682000.000
5301	3788	3788000.000
5302	3621	3621000.000
5303	3631	3631000.000
5304	3638	3638000.000
5305	3659	3659000.000
5306	3532	3532000.000
5307	3616	3616000.000
5308	3593	3593000.000
5309	3561	3561000.000
5310	3653	3653000.000
5311	3556	3556000.000
5312	3653	3653000.000
5313	3504	3504000.000
5314	3617	3617000.000
5315	3613	3613000.000
5316	3595	3595000.000
5317	3635	3635000.000
5318	3686	3686000.000
5319	3716	3716000.000
5320	3728	3728000.000
5321	3745	3745000.000
5322	3622	3622000.000
5323	3761	3761000.000
5324	3736	3736000.000
5325	3818	3818000.000
5326	3725	3725000.000
5327	3719	3719000.000
5328	3657	3657000.000
5329	3578	3578000.000
5330	3566	3566000.000
5331	3624	3624000.000
5332	3611	3611000.000
5333	3686	3686000.000
5334	3640	3640000.000
5335	3536	3536000.000
5336	3571	3571000.000
5337	3509	3509000.000
5338	3656	3656000.000
5339	3613	3613000.000
5340	3681	3681000.000
5341	3646	3646000.000
5342	3726	3726000.000
5343	3731	3731000.000
5344	3711	3711000.000
5345	3627	3627000.000
5346	3770	3770000.000
5347	3676	3676000.000
5348	3731	3731000.000
5349	3710	3710000.000
5350	3595	3595000.000
5351	3540	3540000.000
5352	3503	3503000.000
5353	3557	3557000.000
5354	3511	3511000.000
5355	3620	3620000.000
5356	3655	3655000.000
5357	3638	3638000.000
5358	3667	3667000.000
5359	3621	3621000.000
5360	3600	3600000.000
5361	3643	3643000.000
5362	3587	3587000.000
5363	3663	3663000.000
5364	3732	3732000.000
5365	3770	3770000.000
5366	3654	3654000.000
5367	3738	3738000.000
5368	3713	3713000.000
5369	3673	3673000.000
5370	3676	3676000.000
5371	3746	3746000.000
5372	3662	3662000.000
5373	3675	3675000.000
5374	3671	3671000.000
5375	3563	3563000.000
5376	3615	3615000.000
5377	3577	3577000.000
5378	3598	3598000.000
5379	3588	3588000.000
5380	3656	3656000.000
5381	3610	3610000.000
5382	3526	3526000.000
5383	3555	3555000.000
5384	3531	3531000.000
5385	3641	3641000.000
5386	3667	3667000.000
5387	3637	3637000.000
5388	3673	3673000.000
5389	3657	3657000.000
5390	3617	3617000.000
5391	3633	3633000.000
5392	3751	3751000.000
5393	3669	3669000.000
5394	3656	3656000.000
5395	3677	3677000.000
5396	3738	3738000.000
5397	3625	3625000.000
5398	3617	3617000.000
5399	3556	3556000.000
5400	3661	3661000.000
5401	3592	3592000.000
5402	3660	3660000.000
5403	3632	3632000.000
5404	3539	3539000.000
5405	3615	3615000.000
5406	3478	3478000.000
5407	3558	3558000.000
5408	3568	3568000.000
5409	3626	3626000.000
5410	3617	3617000.000
5411	3632	3632000.000
5412	3717	3717000.000
5413	3771	3771000.000
5414	3642	3642000.000
5415	3732	3732000.000
5416	3707	3707000.000
5417	3782	3782000.000
5418	3689	3689000.000
5419	3666	3666000.000
5420	3692	3692000.000
5421	3521	3521000.000
5422	3628	3628000.000
5423	3612	3612000.000
5424	3540	3540000.000
5425	3588	3588000.000
5426	3645	3645000.000
5427	3560	3560000.000
5428	3525	3525000.000
5429	3556	3556000.000
5430	3501	3501000.000
5431	3566	3566000.000
5432	3733	3733000.000
5433	3693	3693000.000
5434	3673	3673000.000
5435	3799	3799000.000
5436	3721	3721000.000
5437	3642	3642000.000
5438	3636	3636000.000
5439	3711	3711000.000
5440	3582	3582000.000
5441	3748	3748000.000
5442	3604	3604000.000
5443	3678	3678000.000
5444	3625	3625000.000
5445	3566	3566000.000
5446	3573	3573000.000
5447	3630	3630000.000
5448	3587	3587000.000
5449	3609	3609000.000
5450	3593	3593000.000
5451	3551	3551000.000
5452	3577	3577000.000
5453	3563	3563000.000
5454	3575	3575000.000
5455	3600	3600000.000
5456	3699	3699000.000
5457	3643	3643000.000
5458	3666	3666000.000
5459	3746	3746000.000
5460	3669	3669000.000
5461	3727	3727000.000
5462	3671	3671000.000
5463	3756	3756000.000
5464	3724	3724000.000
5465	3726	3726000.000
5466	3708	3708000.000
5467	3636	3636000.000
5468	3518	3518000.000
5469	3503	3503000.000
5470	3624	3624000.000
5471	3562	3562000.000
5472	3650	3650000.000
5473	3605	3605000.000
5474	3579	3579000.000
5475	3628	3628000.000
5476	3555	3555000.000
5477	3510	3510000.000
5478	3560	3560000.000
5479	3725	3725000.000
5480	3687	3687000.000
5481	3723	3723000.000
5482	3657	3657000.000
5483	3759	3759000.000
5484	3740	3740000.000
5485	3693	3693000.000
5486	3814	3814000.000
5487	3822	3822000.000
5488	3721	3721000.000
5489	3629	3629000.000
5490	3631	3631000.000
5491	3569	3569000.000
5492	3602	3602000.000
5493	3556	3556000.000
5494	3630	3630000.000
5495	3630	3630000.000
5496	3635	3635000.000
5497	3565	3565000.000
5498	3599	3599000.000
5499	3620	3620000.000
5500	3666	3666000.000
5501	3595	3595000.000
5502	3665	3665000.000
5503	3764	3764000.000
5504	3657	3657000.000
5505	3724	3724000.000
5506	3713	3713000.000
5507	3777	3777000.000
5508	3630	3630000.000
5509	3710	3710000.000
5510	3703	3703000.000
5511	3714	3714000.000
5512	3652	3652000.000
5513	3626	3626000.000
5514	3621	3621000.000
5515	3573	3573000.000
5516	3604	3604000.000
5517	3623	3623000.000
5518	3602	3602000.000
5519	3625	3625000.000
5520	3659	3659000.000
5521	3658	3658000.000
5522	3596	3596000.000
5523	3544	3544000.000
5524	3682	3682000.000
5525	3640	3640000.000
5526	3697	3697000.000
5527	3710	3710000.000
5528	3679	3679000.000
5529	3736	3736000.000
5530	3691	3691000.000
5531	3729	3729000.000
5532	3749	3749000.000
5533	3732	3732000.000
5534	3678	3678000.000
5535	3747	3747000.000
5536	3598	3598000.000
5537	3707	3707000.000
5538	3643	3643000.000
5539	3631	3631000.000
5540	3640	3640000.000
5541	3577	3577000.000
5542	3587	3587000.000
5543	3553	3553000.000
5544	3573	3573000.000
5545	3520	3520000.000
5546	3625	3625000.000
5547	3663	3663000.000
5548	3717	3717000.000
5549	3750	3750000.000
5550	3676	3676000.000
5551	3711	3711000.000
5552	3673	3673000.000
5553	3649	3649000.000
5554	3737	3737000.000
5555	3594	3594000.000
5556	3724	3724000.000
5557	3747	3747000.000
5558	3682	3682000.000
5559	3715	3715000.000
5560	3585	3585000.000
5561	3662	3662000.000
5562	3499	3499000.000
5563	3497	3497000.000
5564	3591	3591000.000
5565	3494	3494000.000
5566	3551	3551000.000
5567	3556	3556000.000
5568	3601	3601000.000
5569	3678	3678000.000
5570	3763	3763000.000
5571	3747	3747000.000
5572	3710	3710000.000
5573	3662	3662000.000
5574	3652	3652000.000
5575	3709	3709000.000
5576	3772	3772000.000
5577	3705	3705000.000
5578	3648	3648000.000
5579	3729	3729000.000
5580	3769	3769000.000
5581	3693	3693000.000
5582	3652	3652000.000
5583	3651	3651000.000
5584	3636	3636000.000
5585	3672	3672000.000
5586	3606	3606000.000
5587	3650	3650000.000
5588	3562	3562000.000
5589	3626	3626000.000
5590	3622	3622000.000
5591	3506	3506000.000
5592	3569	3569000.000
5593	3544	3544000.000
5594	3688	3688000.000
5595	3729	3729000.000
5596	3726	3726000.000
5597	3698	3698000.000
5598	3667	3667000.000
5599	3695	3695000.000
5600	3685	3685000.000
5601	3711	3711000.000
5602	3771	3771000.000
5603	3687	3687000.000
5604	3751	3751000.000
5605	3689	3689000.000
5606	3689	3689000.000
5607	3621	3621000.000
5608	3668	3668000.000
5609	3552	3552000.000
5610	3617	3617000.000
5611	3635	3635000.000
5612	3638	3638000.000
5613	3608	3608000.000
5614	3627	3627000.000
5615	3562	3562000.000
5616	3676	3676000.000
5617	3698	3698000.000
5618	3636	3636000.000
5619	3680	3680000.000
5620	3695	3695000.000
5621	3733	3733000.000
5622	3692	3692000.000
5623	3601	3601000.000
5624	3699	3699000.000
5625	3688	3688000.000
5626	3742	3742000.000
5627	3668	3668000.000
5628	3784	3784000.000
5629	3681	3681000.000
5630	3630	3630000.000
5631	3540	3540000.000
5632	3484	3484000.000
5633	3507	3507000.000
5634	3572	3572000.000
5635	3582	3582000.000
5636	3480	3480000.000
5637	3703	3703000.000
5638	3624	3624000.000
5639	3573	3573000.000
5640	3684	3684000.000
5641	3732	3732000.000
5642	3562	3562000.000
5643	3694	3694000.000
5644	3683	3683000.000
5645	3722	3722000.000
5646	3730	3730000.000
5647	3592	3592000.000
5648	3743	3743000.000
5649	3692	3692000.000
5650	3651	3651000.000
5651	3713	3713000.000
5652	3628	3628000.000
5653	3613	3613000.000
5654	3654	3654000.000
5655	3533	3533000.000
5656	3557	3557000.000
5657	3642	3642000.000
5658	3530	3530000.000
5659	3579	3579000.000
5660	3547	3547000.000
5661	3560	3560000.000
5662	3598	3598000.000
5663	3683	3683000.000
5664	3653	3653000.000
5665	3744	3744000.000
5666	3735	3735000.000
5667	3732	3732000.000
5668	3596	3596000.000
5669	3735	3735000.000
5670	3691	3691000.000
5671	3775	3775000.000
5672	3721	3721000.000
5673	3841	3841000.000
5674	3628	3628000.000
5675	3674	3674000.000
5676	3615	3615000.000
5677	3533	3533000.000
5678	3542	3542000.000
5679	3495	3495000.000
5680	3610	3610000.000
5681	3627	3627000.000
5682	3629	3629000.000
5683	3572	3572000.000
5684	3507	3507000.000
5685	3682	3682000.000
5686	3684	3684000.000
5687	3693	3693000.000
5688	3703	3703000.000
5689	3758	3758000.000
5690	3718	3718000.000
5691	3631	3631000.000
5692	3645	3645000.000
5693	3678	3678000.000
5694	3737	3737000.000
5695	3722	3722000.000
5696	3675	3675000.000
5697	3757	3757000.000
5698	3716	3716000.000
5699	3638	3638000.000
5700	3567	3567000.000
5701	3626	3626000.000
5702	3620	3620000.000
5703	3570	3570000.000
5704	3700	3700000.000
5705	3625	3625000.000
5706	3548	3548000.000
5707	3661	3661000.000
5708	3642	3642000.000
5709	3656	3656000.000
5710	3688	3688000.000
5711	3785	3785000.000
5712	3763	3763000.000
5713	3659	3659000.000
5714	3657	3657000.000
5715	3552	3552000.000
5716	3627	3627000.000
5717	3662	3662000.000
5718	3665	3665000.000
5719	3753	3753000.000
5720	3725	3725000.000
5721	3769	3769000.000
5722	3650	3650000.000
5723	3667	3667000.000
5724	3558	3558000.000
5725	3512	3512000.000
5726	3689	3689000.000
5727	3519	3519000.000
5728	3533	3533000.000
5729	3606	3606000.000
5730	3635	3635000.000
5731	3594	3594000.000
5732	3579	3579000.000
5733	3712	3712000.000
5734	3811	3811000.000
5735	3827	3827000.000
5736	3745	3745000.000
5737	3602	3602000.000
5738	3578	3578000.000
5739	3616	3616000.000
5740	3669	3669000.000
5741	3742	3742000.000
5742	3784	3784000.000
5743	3740	3740000.000
5744	3604	3604000.000
5745	3744	3744000.000
5746	3664	3664000.000
5747	3634	3634000.000
5748	3579	3579000.000
5749	3572	3572000.000
5750	3602	3602000.000
5751	3646	3646000.000
5752	3633	3633000.000
5753	3587	3587000.000
5754	3687	3687000.000
5755	3692	3692000.000
5756	3706	3706000.000
5757	3767	3767000.000
5758	3779	3779000.000
5759	3699	3699000.000
5760	3706	3706000.000
5761	3670	3670000.000
5762	3665	3665000.000
5763	3601	3601000.000
5764	3695	3695000.000
5765	3750	3750000.000
5766	3664	3664000.000
5767	3616	3616000.000
5768	3644	3644000.000
5769	3628	3628000.000
5770	3518	3518000.000
5771	3528	3528000.000
5772	3507	3507000.000
5773	3582	3582000.000
5774	3613	3613000.000
5775	3601	3601000.000
5776	3656	3656000.000
5777	3601	3601000.000
5778	3618	3618000.000
5779	3712	3712000.000
5780	3657	3657000.000
5781	3749	3749000.000
5782	3748	3748000.000
5783	3664	3664000.000
5784	3657	3657000.000
5785	3607	3607000.000
5786	3701	3701000.000
5787	3647	3647000.000
5788	3689	3689000.000
5789	3742	3742000.000
5790	3800	3800000.000
5791	3708	3708000.000
5792	3638	3638000.000
5793	3545	3545000.000
5794	3570	3570000.000
5795	3587	3587000.000
5796	3556	3556000.000
5797	3624	3624000.000
5798	3519	3519000.000
5799	3584	3584000.000
5800	3593	3593000.000
5801	3604	3604000.000
5802	3661	3661000.000
5803	3653	3653000.000
5804	3684	3684000.000
5805	3701	3701000.000
5806	3646	3646000.000
5807	3612	3612000.000
5808	3696	3696000.000
5809	3767	3767000.000
5810	3792	3792000.000
5811	3800	3800000.000
5812	3658	3658000.000
5813	3724	3724000.000
5814	3743	3743000.000
5815	3527	3527000.000
5816	3642	3642000.000
5817	3650	3650000.000
5818	3539	3539000.000
5819	3609	3609000.000
5820	3585	3585000.000
5821	3647	3647000.000
5822	3588	3588000.000
5823	3571	3571000.000
5824	3599	3599000.000
5825	3604	3604000.000
5826	3754	3754000.000
5827	3704	3704000.000
5828	3686	3686000.000
5829	3635	3635000.000
5830	3675	3675000.000
5831	3668	3668000.000
5832	3623	3623000.000
5833	3662	3662000.000
5834	3763	3763000.000
5835	3747	3747000.000
5836	3680	3680000.000
5837	3675	3675000.000
5838	3739	3739000.000
5839	3603	3603000.000
5840	3603	3603000.000
5841	3628	3628000.000
5842	3486	3486000.000
5843	3601	3601000.000
5844	3612	3612000.000
5845	3583	3583000.000
5846	3659	3659000.000
5847	3588	3588000.000
5848	3769	3769000.000
5849	3618	3618000.000
5850	3747	3747000.000
5851	3722	3722000.000
5852	3726	3726000.000
5853	3617	3617000.000
5854	3648	3648000.000
5855	3583	3583000.000
5856	3679	3679000.000
5857	3711	3711000.000
5858	3815	3815000.000
5859	3681	3681000.000
5860	3694	3694000.000
5861	3723	3723000.000
5862	3589	3589000.000
5863	3508	3508000.000
5864	3598	3598000.000
5865	3572	3572000.000
5866	3583	3583000.000
5867	3613	3613000.000
5868	3569	3569000.000
5869	3556	3556000.000
5870	3581	3581000.000
5871	3685	3685000.000
5872	3703	3703000.000
5873	3701	3701000.000
5874	3650	3650000.000
5875	3717	3717000.000
5876	3636	3636000.000
5877	3632	3632000.000
5878	3668	3668000.000
5879	3672	3672000.000
5880	3712	3712000.000
5881	3690	3690000.000
5882	3676	3676000.000
5883	3769	3769000.000
5884	3680	3680000.000
5885	3607	3607000.000
5886	3610	3610000.000
5887	3634	3634000.000
5888	3620	3620000.000
5889	3610	3610000.000
5890	3614	3614000.000
5891	3587	3587000.000
5892	3533	3533000.000
5893	3584	3584000.000
5894	3554	3554000.000
5895	3759	3759000.000
5896	3757	3757000.000
5897	3715	3715000.000
5898	3719	3719000.000
5899	3796	3796000.000
5900	3727	3727000.000
5901	3703	3703000.000
5902	3777	3777000.000
5903	3719	3719000.000
5904	3702	3702000.000
5905	3784	3784000.000
5906	3728	3728000.000
5907	3719	3719000.000
5908	3638	3638000.000
5909	3515	3515000.000
5910	3604	3604000.000
5911	3600	3600000.000
5912	3501	3501000.000
5913	3566	3566000.000
5914	3628	3628000.000
5915	3605	3605000.000
5916	3681	3681000.000
5917	3651	3651000.000
5918	3690	3690000.000
5919	3705	3705000.000
5920	3769	3769000.000
5921	3670	3670000.000
5922	3664	3664000.000
5923	3687	3687000.000
5924	3620	3620000.000
5925	3550	3550000.000
5926	3647	3647000.000
5927	3710	3710000.000
5928	3700	3700000.000
5929	3694	3694000.000
5930	3730	3730000.000
5931	3695	3695000.000
5932	3558	3558000.000
5933	3645	3645000.000
5934	3540	3540000.000
5935	3546	3546000.000
5936	3567	3567000.000
5937	3609	3609000.000
5938	3654	3654000.000
5939	3575	3575000.000
5940	3696	3696000.000
5941	3670	3670000.000
5942	3671	3671000.000
5943	3727	3727000.000
5944	3623	3623000.000
5945	3587	3587000.000
5946	3688	3688000.000
5947	3641	3641000.000
5948	3596	3596000.000
5949	3570	3570000.000
5950	3698	3698000.000
5951	3770	3770000.000
5952	3595	3595000.000
5953	3675	3675000.000
5954	3654	3654000.000
5955	3658	3658000.000
5956	3581	3581000.000
5957	3563	3563000.000
5958	3634	3634000.000
5959	3608	3608000.000
5960	3550	3550000.000
5961	3583	3583000.000
5962	3648	3648000.000
5963	3639	3639000.000
5964	3759	3759000.000
5965	3718	3718000.000
5966	3759	3759000.000
5967	3779	3779000.000
5968	3682	3682000.000
5969	3609	3609000.000
5970	3618	3618000.000
5971	3689	3689000.000
5972	3709	3709000.000
5973	3752	3752000.000
5974	3660	3660000.000
5975	3726	3726000.000
5976	3649	3649000.000
5977	3675	3675000.000
5978	3652	3652000.000
5979	3629	3629000.000
5980	3635	3635000.000
5981	3601	3601000.000
5982	3509	3509000.000
5983	3582	3582000.000
5984	3561	3561000.000
5985	3585	3585000.000
5986	3639	3639000.000
5987	3620	3620000.000
5988	3711	3711000.000
5989	3730	3730000.000
5990	3678	3678000.000
5991	3699	3699000.000
5992	3639	3639000.000
5993	3598	3598000.000
5994	3593	3593000.000
5995	3653	3653000.000
5996	3708	3708000.000
5997	3768	3768000.000
5998	3722	3722000.000
5999	3760	3760000.000
6000	3736	3736000.000
6001	3543	3543000.000
6002	3509	3509000.000
6003	3640	3640000.000
6004	3612	3612000.000
6005	3555	3555000.000
6006	3609	3609000.000
6007	3467	3467000.000
6008	3670	3670000.000
6009	3660	3660000.000
6010	3727	3727000.000
6011	3703	3703000.000
6012	3810	3810000.000
6013	3679	3679000.000
6014	3697	3697000.000
6015	3636	3636000.000
6016	3662	3662000.000
6017	3597	3597000.000
6018	3689	3689000.000
6019	3760	3760000.000
6020	3826	3826000.000
6021	3621	3621000.000
6022	3655	3655000.000
6023	3809	3809000.000
6024	3686	3686000.000
6025	3532	3532000.000
6026	3567	3567000.000
6027	3542	3542000.000
6028	3616	3616000.000
6029	3552	3552000.000
6030	3576	3576000.000
6031	3696	3696000.000
6032	3641	3641000.000
6033	3696	3696000.000
6034	3735	3735000.000
6035	3763	3763000.000
6036	3706	3706000.000
6037	3724	3724000.000
6038	3634	3634000.000
6039	3504	3504000.000
6040	3610	3610000.000
6041	3561	3561000.000
6042	3591	3591000.000
6043	3685	3685000.000
6044	3634	3634000.000
6045	3797	3797000.000
6046	3650	3650000.000
6047	3717	3717000.000
6048	3702	3702000.000
6049	3563	3563000.000
6050	3533	3533000.000
6051	3603	3603000.000
6052	3553	3553000.000
6053	3611	3611000.000
6054	3644	3644000.000
6055	3599	3599000.000
6056	3686	3686000.000
6057	3743	3743000.000
6058	3676	3676000.000
6059	3785	3785000.000
6060	3687	3687000.000
6061	3633	3633000.000
6062	3631	3631000.000
6063	3614	3614000.000
6064	3612	3612000.000
6065	3678	3678000.000
6066	3699	3699000.000
6067	3776	3776000.000
6068	3774	3774000.000
6069	3823	3823000.000
6070	3616	3616000.000
6071	3536	3536000.000
6072	3635	3635000.000
6073	3570	3570000.000
6074	3587	3587000.000
6075	3573	3573000.000
6076	3591	3591000.000
6077	3574	3574000.000
6078	3656	3656000.000
6079	3705	3705000.000
6080	3710	3710000.000
6081	3742	3742000.000
6082	3716	3716000.000
6083	3607	3607000.000
6084	3624	3624000.000
6085	3615	3615000.000
6086	3631	3631000.000
6087	3575	3575000.000
6088	3648	3648000.000
6089	3778	3778000.000
6090	3650	3650000.000
6091	3741	3741000.000
6092	3761	3761000.000
6093	3642	3642000.000
6094	3640	3640000.000
6095	3544	3544000.000
6096	3585	3585000.000
6097	3614	3614000.000
6098	3552	3552000.000
6099	3726	3726000.000
6100	3615	3615000.000
6101	3718	3718000.000
6102	3651	3651000.000
6103	3757	3757000.000
6104	3652	3652000.000
6105	3644	3644000.000
6106	3687	3687000.000
6107	3655	3655000.000
6108	3577	3577000.000
6109	3635	3635000.000
6110	3599	3599000.000
6111	3589	3589000.000
6112	3557	3557000.000
6113	3678	3678000.000
6114	3752	3752000.000
6115	3696	3696000.000
6116	3656	3656000.000
6117	3677	3677000.000
6118	3626	3626000.000
6119	3584	3584000.000
6120	3647	3647000.000
6121	3569	3569000.000
6122	3565	3565000.000
6123	3685	3685000.000
6124	3727	3727000.000
6125	3750	3750000.000
6126	3704	3704000.000
6127	3762	3762000.000
6128	3651	3651000.000
6129	3540	3540000.000
6130	3618	3618000.000
6131	3541	3541000.000
6132	3735	3735000.000
6133	3622	3622000.000
6134	3672	3672000.000
6135	3589	3589000.000
6136	3713	3713000.000
6137	3670	3670000.000
6138	3692	3692000.000
6139	3654	3654000.000
6140	3604	3604000.000
6141	3619	3619000.000
6142	3481	3481000.000
6143	3514	3514000.000
6144	3439	3439000.000
6145	3591	3591000.000
6146	3611	3611000.000
6147	3641	3641000.000
6148	3669	3669000.000
6149	3726	3726000.000
6150	3640	3640000.000
6151	3618	3618000.000
6152	3643	3643000.000
6153	3506	3506000.000
6154	3544	3544000.000
6155	3582	3582000.000
6156	3512	3512000.000
6157	3684	3684000.000
6158	3629	3629000.000
6159	3656	3656000.000
6160	3720	3720000.000
6161	3695	3695000.000
6162	3644	3644000.000
6163	3641	3641000.000
6164	3499	3499000.000
6165	3643	3643000.000
6166	3605	3605000.000
6167	3566	3566000.000
6168	3584	3584000.000
6169	3601	3601000.000
6170	3554	3554000.000
6171	3640	3640000.000
6172	3695	3695000.000
6173	3730	3730000.000
6174	3686	3686000.000
6175	3711	3711000.000
6176	3638	3638000.000
6177	3579	3579000.000
6178	3545	3545000.000
6179	3623	3623000.000
6180	3656	3656000.000
6181	3643	3643000.000
6182	3613	3613000.000
6183	3700	3700000.000
6184	3671	3671000.000
6185	3685	3685000.000
6186	3584	3584000.000
6187	3615	3615000.000
6188	3632	3632000.000
6189	3553	3553000.000
6190	3697	3697000.000
6191	3583	3583000.000
6192	3583	3583000.000
6193	3591	3591000.000
6194	3591	3591000.000
6195	3720	3720000.000
6196	3784	3784000.000
6197	3701	3701000.000
6198	3624	3624000.000
6199	3689	3689000.000
6200	3558	3558000.000
6201	3622	3622000.000
6202	3645	3645000.000
6203	3648	3648000.000
6204	3618	3618000.000
6205	3653	3653000.000
6206	3720	3720000.000
6207	3662	3662000.000
6208	3681	3681000.000
6209	3691	3691000.000
6210	3677	3677000.000
6211	3558	3558000.000
6212	3612	3612000.000
6213	3587	3587000.000
6214	3609	3609000.000
6215	3594	3594000.000
6216	3626	3626000.000
6217	3600	3600000.000
6218	3694	3694000.000
6219	3674	3674000.000
6220	3785	3785000.000
6221	3771	3771000.000
6222	3630	3630000.000
6223	3689	3689000.000
6224	3634	3634000.000
6225	3627	3627000.000
6226	3613	3613000.000
6227	3596	3596000.000
6228	3674	3674000.000
6229	3659	3659000.000
6230	3627	3627000.000
6231	3700	3700000.000
6232	3582	3582000.000
6233	3515	3515000.000
6234	3502	3502000.000
6235	3552	3552000.000
6236	3538	3538000.000
6237	3528	3528000.000
6238	3631	3631000.000
6239	3638	3638000.000
6240	3687	3687000.000
6241	3542	3542000.000
6242	3612	3612000.000
6243	3648	3648000.000
6244	3639	3639000.000
6245	3743	3743000.000
6246	3607	3607000.000
6247	3646	3646000.000
6248	3458	3458000.000
6249	3657	3657000.000
6250	3552	3552000.000
6251	3652	3652000.000
6252	3678	3678000.000
6253	3752	3752000.000
6254	3668	3668000.000
6255	3627	3627000.000
6256	3595	3595000.000
6257	3603	3603000.000
6258	3522	3522000.000
6259	3620	3620000.000
6260	3549	3549000.000
6261	3583	3583000.000
6262	3504	3504000.000
6263	3638	3638000.000
6264	3622	3622000.000
6265	3671	3671000.000
6266	3670	3670000.000
6267	3704	3704000.000
6268	3658	3658000.000
6269	3674	3674000.000
6270	3546	3546000.000
6271	3715	3715000.000
6272	3572	3572000.000
6273	3664	3664000.000
6274	3659	3659000.000
6275	3633	3633000.000
6276	3792	3792000.000
6277	3710	3710000.000
6278	3577	3577000.000
6279	3577	3577000.000
6280	3598	3598000.000
6281	3579	3579000.000
6282	3552	3552000.000
6283	3572	3572000.000
6284	3599	3599000.000
6285	3532	3532000.000
6286	3666	3666000.000
6287	3671	3671000.000
6288	3778	3778000.000
6289	3737	3737000.000
6290	3648	3648000.000
6291	3752	3752000.000
6292	3699	3699000.000
6293	3647	3647000.000
6294	3589	3589000.000
6295	3690	3690000.000
6296	3597	3597000.000
6297	3666	3666000.000
6298	3745	3745000.000
6299	3767	3767000.000
6300	3607	3607000.000
6301	3670	3670000.000
6302	3628	3628000.000
6303	3581	3581000.000
6304	3586	3586000.000
6305	3465	3465000.000
6306	3600	3600000.000
6307	3543	3543000.000
6308	3522	3522000.000
6309	3621	3621000.000
6310	3709	3709000.000
6311	3713	3713000.000
6312	3629	3629000.000
6313	3745	3745000.000
6314	3652	3652000.000
6315	3649	3649000.000
6316	3637	3637000.000
6317	3641	3641000.000
6318	3664	3664000.000
6319	3697	3697000.000
6320	3681	3681000.000
6321	3661	3661000.000
6322	3782	3782000.000
6323	3722	3722000.000
6324	3718	3718000.000
6325	3544	3544000.000
6326	3599	3599000.000
6327	3530	3530000.000
6328	3644	3644000.000
6329	3525	3525000.000
6330	3602	3602000.000
6331	3611	3611000.000
6332	3605	3605000.000
6333	3698	3698000.000
6334	3675	3675000.000
6335	3776	3776000.000
6336	3728	3728000.000
6337	3804	3804000.000
6338	3611	3611000.000
6339	3664	3664000.000
6340	3719	3719000.000
6341	3569	3569000.000
6342	3619	3619000.000
6343	3680	3680000.000
6344	3655	3655000.000
6345	3746	3746000.000
6346	3636	3636000.000
6347	3654	3654000.000
6348	3592	3592000.000
6349	3586	3586000.000
6350	3529	3529000.000
6351	3564	3564000.000
6352	3625	3625000.000
6353	3590	3590000.000
6354	3549	3549000.000
6355	3708	3708000.000
6356	3627	3627000.000
6357	3592	3592000.000
6358	3672	3672000.000
6359	3800	3800000.000
6360	3660	3660000.000
6361	3617	3617000.000
6362	3659	3659000.000
6363	3579	3579000.000
6364	3615	3615000.000
6365	3670	3670000.000
6366	3747	3747000.000
6367	3708	3708000.000
6368	3710	3710000.000
6369	3732	3732000.000
6370	3719	3719000.000
6371	3525	3525000.000
6372	3479	3479000.000
6373	3515	3515000.000
6374	3576	3576000.000
6375	3671	3671000.000
6376	3550	3550000.000
6377	3520	3520000.000
6378	3569	3569000.000
6379	3548	3548000.000
6380	3652	3652000.000
6381	3713	3713000.000
6382	3756	3756000.000
6383	3684	3684000.000
6384	3705	3705000.000
6385	3561	3561000.000
6386	3649	3649000.000
6387	3653	3653000.000
6388	3603	3603000.000
6389	3712	3712000.000
6390	3675	3675000.000
6391	3677	3677000.000
6392	3657	3657000.000
6393	3667	3667000.000
6394	3589	3589000.000
6395	3605	3605000.000
6396	3600	3600000.000
6397	3600	3600000.000
6398	3526	3526000.000
6399	3660	3660000.000
6400	3589	3589000.000
6401	3550	3550000.000
6402	3588	3588000.000
6403	3638	3638000.000
6404	3702	3702000.000
6405	3699	3699000.000
6406	3788	3788000.000
6407	3668	3668000.000
6408	3607	3607000.000
6409	3620	3620000.000
6410	3669	3669000.000
6411	3692	3692000.000
6412	3755	3755000.000
6413	3720	3720000.000
6414	3604	3604000.000
6415	3592	3592000.000
6416	3597	3597000.000
6417	3579	3579000.000
6418	3613	3613000.000
6419	3698	3698000.000
6420	3571	3571000.000
6421	3595	3595000.000
6422	3603	3603000.000
6423	3580	3580000.000
6424	3595	3595000.000
6425	3494	3494000.000
6426	3637	3637000.000
6427	3740	3740000.000
6428	3551	3551000.000
6429	3757	3757000.000
6430	3674	3674000.000
6431	3832	3832000.000
6432	3676	3676000.000
6433	3688	3688000.000
6434	3632	3632000.000
6435	3776	3776000.000
6436	3701	3701000.000
6437	3781	3781000.000
6438	3629	3629000.000
6439	3539	3539000.000
6440	3605	3605000.000
6441	3494	3494000.000
6442	3694	3694000.000
6443	3651	3651000.000
6444	3610	3610000.000
6445	3479	3479000.000
6446	3543	3543000.000
6447	3530	3530000.000
6448	3626	3626000.000
6449	3651	3651000.000
6450	3659	3659000.000
6451	3684	3684000.000
6452	3706	3706000.000
6453	3679	3679000.000
6454	3639	3639000.000
6455	3564	3564000.000
6456	3631	3631000.000
6457	3677	3677000.000
6458	3624	3624000.000
6459	3689	3689000.000
6460	3790	3790000.000
6461	3686	3686000.000
6462	3711	3711000.000
6463	3589	3589000.000
6464	3610	3610000.000
6465	3566	3566000.000
6466	3533	3533000.000
6467	3660	3660000.000
6468	3649	3649000.000
6469	3622	3622000.000
6470	3463	3463000.000
6471	3533	3533000.000
6472	3685	3685000.000
6473	3627	3627000.000
6474	3722	3722000.000
6475	3753	3753000.000
6476	3753	3753000.000
6477	3629	3629000.000
6478	3644	3644000.000
6479	3670	3670000.000
6480	3668	3668000.000
6481	3679	3679000.000
6482	3679	3679000.000
6483	3689	3689000.000
6484	3791	3791000.000
6485	3631	3631000.000
6486	3627	3627000.000
6487	3560	3560000.000
6488	3657	3657000.000
6489	3617	3617000.000
6490	3498	3498000.000
6491	3623	3623000.000
6492	3607	3607000.000
6493	3657	3657000.000
6494	3592	3592000.000
6495	3606	3606000.000
6496	3607	3607000.000
6497	3668	3668000.000
6498	3685	3685000.000
6499	3617	3617000.000
6500	3657	3657000.000
6501	3708	3708000.000
6502	3727	3727000.000
6503	3640	3640000.000
6504	3730	3730000.000
6505	3752	3752000.000
6506	3690	3690000.000
6507	3755	3755000.000
6508	3682	3682000.000
6509	3588	3588000.000
6510	3565	3565000.000
6511	3592	3592000.000
6512	3554	3554000.000
6513	3583	3583000.000
6514	3598	3598000.000
6515	3505	3505000.000
6516	3582	3582000.000
6517	3549	3549000.000
6518	3490	3490000.000
6519	3644	3644000.000
6520	3731	3731000.000
6521	3697	3697000.000
6522	3655	3655000.000
6523	3683	3683000.000
6524	3703	3703000.000
6525	3617	3617000.000
6526	3663	3663000.000
6527	3697	3697000.000
6528	3583	3583000.000
6529	3662	3662000.000
6530	3790	3790000.000
6531	3584	3584000.000
6532	3670	3670000.000
6533	3609	3609000.000
6534	3557	3557000.000
6535	3598	3598000.000
6536	3556	3556000.000
6537	3624	3624000.000
6538	3464	3464000.000
6539	3591	3591000.000
6540	3544	3544000.000
6541	3557	3557000.000
6542	3582	3582000.000
6543	3572	3572000.000
6544	3676	3676000.000
6545	3774	3774000.000
6546	3722	3722000.000
6547	3654	3654000.000
6548	3675	3675000.000
6549	3598	3598000.000
6550	3601	3601000.000
6551	3652	3652000.000
6552	3630	3630000.000
6553	3713	3713000.000
6554	3676	3676000.000
6555	3661	3661000.000
6556	3499	3499000.000
6557	3520	3520000.000
6558	3637	3637000.000
6559	3650	3650000.000
6560	3630	3630000.000
6561	3636	3636000.000
6562	3529	3529000.000
6563	3578	3578000.000
6564	3567	3567000.000
6565	3555	3555000.000
6566	3684	3684000.000
6567	3696	3696000.000
6568	3674	3674000.000
6569	3672	3672000.000
6570	3662	3662000.000
6571	3705	3705000.000
6572	3636	3636000.000
6573	3597	3597000.000
6574	3739	3739000.000
6575	3766	3766000.000
6576	3658	3658000.000
6577	3647	3647000.000
6578	3559	3559000.000
6579	3521	3521000.000
6580	3536	3536000.000
6581	3708	3708000.000
6582	3615	3615000.000
6583	3615	3615000.000
6584	3553	3553000.000
6585	3584	3584000.000
6586	3620	3620000.000
6587	3546	3546000.000
6588	3571	3571000.000
6589	3733	3733000.000
6590	3665	3665000.000
6591	3806	3806000.000
6592	3765	3765000.000
6593	3716	3716000.000
6594	3649	3649000.000
6595	3727	3727000.000
6596	3696	3696000.000
6597	3710	3710000.000
6598	3725	3725000.000
6599	3687	3687000.000
6600	3689	3689000.000
6601	3662	3662000.000
6602	3571	3571000.000
6603	3494	3494000.000
6604	3596	3596000.000
6605	3651	3651000.000
6606	3623	3623000.000
6607	3636	3636000.000
6608	3570	3570000.000
6609	3553	3553000.000
6610	3583	3583000.000
6611	3501	3501000.000
6612	3542	3542000.000
6613	3639	3639000.000
6614	3765	3765000.000
6615	3797	3797000.000
6616	3665	3665000.000
6617	3728	3728000.000
6618	3657	3657000.000
6619	3674	3674000.000
6620	3711	3711000.000
6621	3761	3761000.000
6622	3723	3723000.000
6623	3633	3633000.000
6624	3655	3655000.000
6625	3586	3586000.000
6626	3646	3646000.000
6627	3554	3554000.000
6628	3514	3514000.000
6629	3605	3605000.000
6630	3627	3627000.000
6631	3541	3541000.000
6632	3527	3527000.000
6633	3547	3547000.000
6634	3539	3539000.000
6635	3620	3620000.000
6636	3682	3682000.000
6637	3735	3735000.000
6638	3689	3689000.000
6639	3719	3719000.000
6640	3706	3706000.000
6641	3614	3614000.000
6642	3701	3701000.000
6643	3750	3750000.000
6644	3718	3718000.000
6645	3688	3688000.000
6646	3655	3655000.000
6647	3641	3641000.000
6648	3607	3607000.000
6649	3650	3650000.000
6650	3559	3559000.000
6651	3579	3579000.000
6652	3573	3573000.000
6653	3592	3592000.000
6654	3652	3652000.000
6655	3598	3598000.000
6656	3497	3497000.000
6657	3623	3623000.000
6658	3655	3655000.000
6659	3622	3622000.000
6660	3637	3637000.000
6661	3739	3739000.000
6662	3693	3693000.000
6663	3779	3779000.000
6664	3728	3728000.000
6665	3737	3737000.000
6666	3689	3689000.000
6667	3757	3757000.000
6668	3682	3682000.000
6669	3681	3681000.000
6670	3627	3627000.000
6671	3589	3589000.000
6672	3485	3485000.000
6673	3590	3590000.000
6674	3611	3611000.000
6675	3545	3545000.000
6676	3622	3622000.000
6677	3607	3607000.000
6678	3669	3669000.000
6679	3600	3600000.000
6680	3648	3648000.000
6681	3628	3628000.000
6682	3683	3683000.000
6683	3703	3703000.000
6684	3713	3713000.000
6685	3708	3708000.000
6686	3697	3697000.000
6687	3695	3695000.000
6688	3776	3776000.000
6689	3706	3706000.000
6690	3742	3742000.000
6691	3769	3769000.000
6692	3730	3730000.000
6693	3621	3621000.000
6694	3637	3637000.000
6695	3543	3543000.000
6696	3633	3633000.000
6697	3534	3534000.000
6698	3644	3644000.000
6699	3576	3576000.000
6700	3600	3600000.000
6701	3566	3566000.000
6702	3495	3495000.000
6703	3527	3527000.000
6704	3599	3599000.000
6705	3720	3720000.000
6706	3741	3741000.000
6707	3662	3662000.000
6708	3744	3744000.000
6709	3679	3679000.000
6710	3740	3740000.000
6711	3682	3682000.000
6712	3705	3705000.000
6713	3770	3770000.000
6714	3710	3710000.000
6715	3721	3721000.000
6716	3739	3739000.000
6717	3647	3647000.000
6718	3601	3601000.000
6719	3668	3668000.000
6720	3624	3624000.000
6721	3539	3539000.000
6722	3624	3624000.000
6723	3501	3501000.000
6724	3500	3500000.000
6725	3693	3693000.000
6726	3536	3536000.000
6727	3702	3702000.000
6728	3632	3632000.000
6729	3743	3743000.000
6730	3698	3698000.000
6731	3702	3702000.000
6732	3716	3716000.000
6733	3778	3778000.000
6734	3735	3735000.000
6735	3672	3672000.000
6736	3807	3807000.000
6737	3701	3701000.000
6738	3642	3642000.000
6739	3697	3697000.000
6740	3641	3641000.000
6741	3526	3526000.000
6742	3661	3661000.000
6743	3564	3564000.000
6744	3688	3688000.000
6745	3643	3643000.000
6746	3628	3628000.000
6747	3605	3605000.000
6748	3594	3594000.000
6749	3552	3552000.000
6750	3545	3545000.000
6751	3716	3716000.000
6752	3684	3684000.000
6753	3729	3729000.000
6754	3658	3658000.000
6755	3735	3735000.000
6756	3757	3757000.000
6757	3721	3721000.000
6758	3703	3703000.000
6759	3792	3792000.000
6760	3701	3701000.000
6761	3741	3741000.000
6762	3662	3662000.000
6763	3679	3679000.000
6764	3596	3596000.000
6765	3575	3575000.000
6766	3601	3601000.000
6767	3679	3679000.000
6768	3561	3561000.000
6769	3641	3641000.000
6770	3557	3557000.000
6771	3571	3571000.000
6772	3592	3592000.000
6773	3580	3580000.000
6774	3611	3611000.000
6775	3697	3697000.000
6776	3684	3684000.000
6777	3785	3785000.000
6778	3690	3690000.000
6779	3768	3768000.000
6780	3748	3748000.000
6781	3713	3713000.000
6782	3730	3730000.000
6783	3698	3698000.000
6784	3681	3681000.000
6785	3770	3770000.000
6786	3692	3692000.000
6787	3584	3584000.000
6788	3496	3496000.000
6789	3553	3553000.000
6790	3593	3593000.000
6791	3528	3528000.000
6792	3666	3666000.000
6793	3600	3600000.000
6794	3502	3502000.000
6795	3686	3686000.000
6796	3596	3596000.000
6797	3720	3720000.000
6798	3694	3694000.000
6799	3645	3645000.000
6800	3695	3695000.000
6801	3712	3712000.000
6802	3670	3670000.000
6803	3741	3741000.000
6804	3742	3742000.000
6805	3704	3704000.000
6806	3769	3769000.000
6807	3709	3709000.000
6808	3713	3713000.000
6809	3733	3733000.000
6810	3572	3572000.000
6811	3548	3548000.000
6812	3604	3604000.000
6813	3583	3583000.000
6814	3483	3483000.000
6815	3580	3580000.000
6816	3637	3637000.000
6817	3539	3539000.000
6818	3624	3624000.000
6819	3563	3563000.000
6820	3579	3579000.000
6821	3670	3670000.000
6822	3742	3742000.000
6823	3708	3708000.000
6824	3745	3745000.000
6825	3619	3619000.000
6826	3638	3638000.000
6827	3709	3709000.000
6828	3656	3656000.000
6829	3881	3881000.000
6830	3677	3677000.000
6831	3703	3703000.000
6832	3667	3667000.000
6833	3616	3616000.000
6834	3522	3522000.000
6835	3578	3578000.000
6836	3604	3604000.000
6837	3486	3486000.000
6838	3567	3567000.000
6839	3577	3577000.000
6840	3569	3569000.000
6841	3606	3606000.000
6842	3512	3512000.000
6843	3620	3620000.000
6844	3612	3612000.000
6845	3704	3704000.000
6846	3706	3706000.000
6847	3715	3715000.000
6848	3700	3700000.000
6849	3652	3652000.000
6850	3687	3687000.000
6851	3739	3739000.000
6852	3634	3634000.000
6853	3684	3684000.000
6854	3680	3680000.000
6855	3603	3603000.000
6856	3652	3652000.000
6857	3566	3566000.000
6858	3632	3632000.000
6859	3600	3600000.000
6860	3600	3600000.000
6861	3665	3665000.000
6862	3583	3583000.000
6863	3513	3513000.000
6864	3558	3558000.000
6865	3541	3541000.000
6866	3530	3530000.000
6867	3690	3690000.000
6868	3659	3659000.000
6869	3684	3684000.000
6870	3689	3689000.000
6871	3723	3723000.000
6872	3610	3610000.000
6873	3638	3638000.000
6874	3730	3730000.000
6875	3613	3613000.000
6876	3689	3689000.000
6877	3716	3716000.000
6878	3642	3642000.000
6879	3562	3562000.000
6880	3527	3527000.000
6881	3567	3567000.000
6882	3585	3585000.000
6883	3460	3460000.000
6884	3565	3565000.000
6885	3503	3503000.000
6886	3644	3644000.000
6887	3595	3595000.000
6888	3543	3543000.000
6889	3563	3563000.000
6890	3637	3637000.000
6891	3714	3714000.000
6892	3753	3753000.000
6893	3817	3817000.000
6894	3778	3778000.000
6895	3711	3711000.000
6896	3710	3710000.000
6897	3755	3755000.000
6898	3727	3727000.000
6899	3814	3814000.000
6900	3682	3682000.000
6901	3661	3661000.000
6902	3535	3535000.000
6903	3609	3609000.000
6904	3553	3553000.000
6905	3634	3634000.000
6906	3636	3636000.000
6907	3710	3710000.000
6908	3670	3670000.000
6909	3597	3597000.000
6910	3604	3604000.000
6911	3598	3598000.000
6912	3631	3631000.000
6913	3592	3592000.000
6914	3638	3638000.000
6915	3663	3663000.000
6916	3693	3693000.000
6917	3739	3739000.000
6918	3735	3735000.000
6919	3694	3694000.000
6920	3698	3698000.000
6921	3678	3678000.000
6922	3812	3812000.000
6923	3744	3744000.000
6924	3607	3607000.000
6925	3616	3616000.000
6926	3496	3496000.000
6927	3594	3594000.000
6928	3568	3568000.000
6929	3571	3571000.000
6930	3641	3641000.000
6931	3476	3476000.000
6932	3570	3570000.000
6933	3577	3577000.000
6934	3562	3562000.000
6935	3514	3514000.000
6936	3633	3633000.000
6937	3668	3668000.000
6938	3855	3855000.000
6939	3713	3713000.000
6940	3684	3684000.000
6941	3774	3774000.000
6942	3565	3565000.000
6943	3731	3731000.000
6944	3762	3762000.000
6945	3719	3719000.000
6946	3700	3700000.000
6947	3638	3638000.000
6948	3659	3659000.000
6949	3585	3585000.000
6950	3658	3658000.000
6951	3650	3650000.000
6952	3557	3557000.000
6953	3545	3545000.000
6954	3607	3607000.000
6955	3527	3527000.000
6956	3606	3606000.000
6957	3591	3591000.000
6958	3568	3568000.000
6959	3619	3619000.000
6960	3676	3676000.000
6961	3730	3730000.000
6962	3678	3678000.000
6963	3761	3761000.000
6964	3671	3671000.000
6965	3609	3609000.000
6966	3739	3739000.000
6967	3655	3655000.000
6968	3712	3712000.000
6969	3697	3697000.000
6970	3741	3741000.000
6971	3584	3584000.000
6972	3582	3582000.000
6973	3523	3523000.000
6974	3644	3644000.000
6975	3541	3541000.000
6976	3576	3576000.000
6977	3635	3635000.000
6978	3561	3561000.000
6979	3584	3584000.000
6980	3582	3582000.000
6981	3563	3563000.000
6982	3651	3651000.000
6983	3603	3603000.000
6984	3729	3729000.000
6985	3683	3683000.000
6986	3678	3678000.000
6987	3724	3724000.000
6988	3673	3673000.000
6989	3707	3707000.000
6990	3677	3677000.000
6991	3765	3765000.000
6992	3705	3705000.000
6993	3620	3620000.000
6994	3646	3646000.000
6995	3584	3584000.000
6996	3605	3605000.000
6997	3570	3570000.000
6998	3625	3625000.000
6999	3594	3594000.000
7000	3545	3545000.000
7001	3615	3615000.000
7002	3495	3495000.000
7003	3638	3638000.000
7004	3616	3616000.000
7005	3660	3660000.000
7006	3727	3727000.000
7007	3660	3660000.000
7008	3763	3763000.000
7009	3744	3744000.000
7010	3674	3674000.000
7011	3714	3714000.000
7012	3694	3694000.000
7013	3762	3762000.000
7014	3801	3801000.000
7015	3776	3776000.000
7016	3674	3674000.000
7017	3604	3604000.000
7018	3597	3597000.000
7019	3640	3640000.000
7020	3520	3520000.000
7021	3569	3569000.000
7022	3589	3589000.000
7023	3676	3676000.000
7024	3671	3671000.000
7025	3551	3551000.000
7026	3476	3476000.000
7027	3571	3571000.000
7028	3613	3613000.000
7029	3596	3596000.000
7030	3645	3645000.000
7031	3717	3717000.000
7032	3646	3646000.000
7033	3645	3645000.000
7034	3637	3637000.000
7035	3658	3658000.000
7036	3728	3728000.000
7037	3709	3709000.000
7038	3652	3652000.000
7039	3668	3668000.000
7040	3665	3665000.000
7041	3562	3562000.000
7042	3593	3593000.000
7043	3615	3615000.000
7044	3712	3712000.000
7045	3665	3665000.000
7046	3614	3614000.000
7047	3682	3682000.000
7048	3562	3562000.000
7049	3609	3609000.000
7050	3629	3629000.000
7051	3668	3668000.000
7052	3626	3626000.000
7053	3686	3686000.000
7054	3753	3753000.000
7055	3762	3762000.000
7056	3759	3759000.000
7057	3765	3765000.000
7058	3709	3709000.000
7059	3782	3782000.000
7060	3675	3675000.000
7061	3700	3700000.000
7062	3673	3673000.000
7063	3771	3771000.000
7064	3520	3520000.000
7065	3575	3575000.000
7066	3549	3549000.000
7067	3648	3648000.000
7068	3621	3621000.000
7069	3571	3571000.000
7070	3578	3578000.000
7071	3555	3555000.000
7072	3550	3550000.000
7073	3618	3618000.000
7074	3561	3561000.000
7075	3665	3665000.000
7076	3674	3674000.000
7077	3791	3791000.000
7078	3659	3659000.000
7079	3734	3734000.000
7080	3741	3741000.000
7081	3691	3691000.000
7082	3732	3732000.000
7083	3700	3700000.000
7084	3727	3727000.000
7085	3667	3667000.000
7086	3572	3572000.000
7087	3581	3581000.000
7088	3637	3637000.000
7089	3449	3449000.000
7090	3629	3629000.000
7091	3668	3668000.000
7092	3597	3597000.000
7093	3668	3668000.000
7094	3719	3719000.000
7095	3651	3651000.000
7096	3615	3615000.000
7097	3591	3591000.000
7098	3695	3695000.000
7099	3564	3564000.000
7100	3628	3628000.000
7101	3695	3695000.000
7102	3689	3689000.000
7103	3652	3652000.000
7104	3644	3644000.000
7105	3705	3705000.000
7106	3783	3783000.000
7107	3685	3685000.000
7108	3689	3689000.000
7109	3691	3691000.000
7110	3567	3567000.000
7111	3659	3659000.000
7112	3571	3571000.000
7113	3709	3709000.000
7114	3664	3664000.000
7115	3737	3737000.000
7116	3599	3599000.000
7117	3662	3662000.000
7118	3521	3521000.000
7119	3539	3539000.000
7120	3599	3599000.000
7121	3690	3690000.000
7122	3640	3640000.000
7123	3747	3747000.000
7124	3724	3724000.000
7125	3725	3725000.000
7126	3652	3652000.000
7127	3674	3674000.000
7128	3675	3675000.000
7129	3872	3872000.000
7130	3715	3715000.000
7131	3660	3660000.000
7132	3664	3664000.000
7133	3560	3560000.000
7134	3589	3589000.000
7135	3662	3662000.000
7136	3604	3604000.000
7137	3573	3573000.000
7138	3623	3623000.000
7139	3726	3726000.000
7140	3630	3630000.000
7141	3536	3536000.000
7142	3608	3608000.000
7143	3602	3602000.000
7144	3561	3561000.000
7145	3588	3588000.000
7146	3614	3614000.000
7147	3761	3761000.000
7148	3695	3695000.000
7149	3690	3690000.000
7150	3699	3699000.000
7151	3748	3748000.000
7152	3694	3694000.000
7153	3644	3644000.000
7154	3645	3645000.000
7155	3701	3701000.000
7156	3612	3612000.000
7157	3582	3582000.000
7158	3480	3480000.000
7159	3626	3626000.000
7160	3545	3545000.000
7161	3620	3620000.000
7162	3589	3589000.000
7163	3705	3705000.000
7164	3638	3638000.000
7165	3564	3564000.000
7166	3530	3530000.000
7167	3578	3578000.000
7168	3608	3608000.000
7169	3711	3711000.000
7170	3694	3694000.000
7171	3673	3673000.000
7172	3597	3597000.000
7173	3727	3727000.000
7174	3711	3711000.000
7175	3713	3713000.000
7176	3731	3731000.000
7177	3763	3763000.000
7178	3718	3718000.000
7179	3613	3613000.000
7180	3577	3577000.000
7181	3482	3482000.000
7182	3550	3550000.000
7183	3582	3582000.000
7184	3631	3631000.000
7185	3629	3629000.000
7186	3582	3582000.000
7187	3649	3649000.000
7188	3594	3594000.000
7189	3611	3611000.000
7190	3510	3510000.000
7191	3666	3666000.000
7192	3674	3674000.000
7193	3693	3693000.000
7194	3722	3722000.000
7195	3748	3748000.000
7196	3667	3667000.000
7197	3713	3713000.000
7198	3740	3740000.000
7199	3638	3638000.000
7200	3729	3729000.000
7201	3600	3600000.000
7202	3587	3587000.000
7203	3524	3524000.000
7204	3585	3585000.000
7205	3631	3631000.000
7206	3607	3607000.000
7207	3653	3653000.000
7208	3610	3610000.000
7209	3646	3646000.000
7210	3659	3659000.000
7211	3641	3641000.000
7212	3611	3611000.000
7213	3675	3675000.000
7214	3643	3643000.000
7215	3560	3560000.000
7216	3757	3757000.000
7217	3728	3728000.000
7218	3789	3789000.000
7219	3762	3762000.000
7220	3764	3764000.000
7221	3601	3601000.000
7222	3647	3647000.000
7223	3644	3644000.000
7224	3735	3735000.000
7225	3598	3598000.000
7226	3615	3615000.000
7227	3629	3629000.000
7228	3614	3614000.000
7229	3601	3601000.000
7230	3598	3598000.000
7231	3596	3596000.000
7232	3578	3578000.000
7233	3684	3684000.000
7234	3730	3730000.000
7235	3648	3648000.000
7236	3557	3557000.000
7237	3612	3612000.000
7238	3743	3743000.000
7239	3693	3693000.000
7240	3702	3702000.000
7241	3638	3638000.000
7242	3796	3796000.000
7243	3708	3708000.000
7244	3687	3687000.000
7245	3656	3656000.000
7246	3658	3658000.000
7247	3526	3526000.000
7248	3698	3698000.000
7249	3663	3663000.000
7250	3607	3607000.000
7251	3576	3576000.000
7252	3568	3568000.000
7253	3589	3589000.000
7254	3727	3727000.000
7255	3715	3715000.000
7256	3645	3645000.000
7257	3649	3649000.000
7258	3657	3657000.000
7259	3597	3597000.000
7260	3607	3607000.000
7261	3692	3692000.000
7262	3708	3708000.000
7263	3768	3768000.000
7264	3695	3695000.000
7265	3730	3730000.000
7266	3733	3733000.000
7267	3658	3658000.000
7268	3698	3698000.000
7269	3762	3762000.000
7270	3712	3712000.000
7271	3671	3671000.000
7272	3644	3644000.000
7273	3505	3505000.000
7274	3629	3629000.000
7275	3557	3557000.000
7276	3612	3612000.000
7277	3604	3604000.000
7278	3617	3617000.000
7279	3586	3586000.000
7280	3453	3453000.000
7281	3662	3662000.000
7282	3621	3621000.000
7283	3620	3620000.000
7284	3553	3553000.000
7285	3701	3701000.000
7286	3705	3705000.000
7287	3727	3727000.000
7288	3737	3737000.000
7289	3771	3771000.000
7290	3700	3700000.000
7291	3751	3751000.000
7292	3820	3820000.000
7293	3698	3698000.000
7294	3643	3643000.000
7295	3581	3581000.000
7296	3596	3596000.000
7297	3626	3626000.000
7298	3567	3567000.000
7299	3663	3663000.000
7300	3807	3807000.000
7301	3638	3638000.000
7302	3664	3664000.000
7303	3624	3624000.000
7304	3580	3580000.000
7305	3615	3615000.000
7306	3579	3579000.000
7307	3523	3523000.000
7308	3645	3645000.000
7309	3741	3741000.000
7310	3689	3689000.000
7311	3760	3760000.000
7312	3794	3794000.000
7313	3679	3679000.000
7314	3817	3817000.000
7315	3711	3711000.000
7316	3781	3781000.000
7317	3657	3657000.000
7318	3582	3582000.000
7319	3574	3574000.000
7320	3621	3621000.000
7321	3626	3626000.000
7322	3621	3621000.000
7323	3621	3621000.000
7324	3599	3599000.000
7325	3617	3617000.000
7326	3661	3661000.000
7327	3718	3718000.000
7328	3612	3612000.000
7329	3579	3579000.000
7330	3529	3529000.000
7331	3648	3648000.000
7332	3690	3690000.000
7333	3730	3730000.000
7334	3705	3705000.000
7335	3724	3724000.000
7336	3683	3683000.000
7337	3682	3682000.000
7338	3750	3750000.000
7339	3682	3682000.000
7340	3644	3644000.000
7341	3704	3704000.000
7342	3563	3563000.000
7343	3707	3707000.000
7344	3514	3514000.000
7345	3649	3649000.000
7346	3687	3687000.000
7347	3601	3601000.000
7348	3626	3626000.000
7349	3687	3687000.000
7350	3531	3531000.000
7351	3622	3622000.000
7352	3596	3596000.000
7353	3617	3617000.000
7354	3605	3605000.000
7355	3644	3644000.000
7356	3781	3781000.000
7357	3652	3652000.000
7358	3688	3688000.000
7359	3689	3689000.000
7360	3734	3734000.000
7361	3818	3818000.000
7362	3692	3692000.000
7363	3605	3605000.000
7364	3636	3636000.000
7365	3588	3588000.000
7366	3584	3584000.000
7367	3590	3590000.000
7368	3577	3577000.000
7369	3618	3618000.000
7370	3657	3657000.000
7371	3678	3678000.000
7372	3607	3607000.000
7373	3638	3638000.000
7374	3571	3571000.000
7375	3580	3580000.000
7376	3555	3555000.000
7377	3707	3707000.000
7378	3674	3674000.000
7379	3607	3607000.000
7380	3617	3617000.000
7381	3675	3675000.000
7382	3687	3687000.000
7383	3764	3764000.000
7384	3695	3695000.000
7385	3557	3557000.000
7386	3625	3625000.000
7387	3671	3671000.000
7388	3660	3660000.000
7389	3627	3627000.000
7390	3601	3601000.000
7391	3641	3641000.000
7392	3663	3663000.000
7393	3716	3716000.000
7394	3612	3612000.000
7395	3593	3593000.000
7396	3593	3593000.000
7397	3560	3560000.000
7398	3533	3533000.000
7399	3576	3576000.000
7400	3612	3612000.000
7401	3664	3664000.000
7402	3766	3766000.000
7403	3737	3737000.000
7404	3747	3747000.000
7405	3698	3698000.000
7406	3715	3715000.000
7407	3774	3774000.000
7408	3650	3650000.000
7409	3735	3735000.000
7410	3666	3666000.000
7411	3565	3565000.000
7412	3603	3603000.000
7413	3627	3627000.000
7414	3697	3697000.000
7415	3675	3675000.000
7416	3727	3727000.000
7417	3665	3665000.000
7418	3610	3610000.000
7419	3566	3566000.000
7420	3632	3632000.000
7421	3554	3554000.000
7422	3662	3662000.000
7423	3569	3569000.000
7424	3778	3778000.000
7425	3716	3716000.000
7426	3739	3739000.000
7427	3815	3815000.000
7428	3723	3723000.000
7429	3679	3679000.000
7430	3696	3696000.000
7431	3742	3742000.000
7432	3686	3686000.000
7433	3595	3595000.000
7434	3559	3559000.000
7435	3658	3658000.000
7436	3661	3661000.000
7437	3660	3660000.000
7438	3626	3626000.000
7439	3649	3649000.000
7440	3695	3695000.000
7441	3708	3708000.000
7442	3657	3657000.000
7443	3576	3576000.000
7444	3641	3641000.000
7445	3565	3565000.000
7446	3634	3634000.000
7447	3758	3758000.000
7448	3711	3711000.000
7449	3634	3634000.000
7450	3690	3690000.000
7451	3702	3702000.000
7452	3681	3681000.000
7453	3721	3721000.000
7454	3733	3733000.000
7455	3739	3739000.000
7456	3677	3677000.000
7457	3637	3637000.000
7458	3564	3564000.000
7459	3631	3631000.000
7460	3602	3602000.000
7461	3625	3625000.000
7462	3653	3653000.000
7463	3580	3580000.000
7464	3591	3591000.000
7465	3699	3699000.000
7466	3662	3662000.000
7467	3480	3480000.000
7468	3595	3595000.000
7469	3706	3706000.000
7470	3652	3652000.000
7471	3641	3641000.000
7472	3691	3691000.000
7473	3704	3704000.000
7474	3687	3687000.000
7475	3732	3732000.000
7476	3635	3635000.000
7477	3689	3689000.000
7478	3681	3681000.000
7479	3537	3537000.000
7480	3665	3665000.000
7481	3564	3564000.000
7482	3499	3499000.000
7483	3673	3673000.000
7484	3633	3633000.000
7485	3675	3675000.000
7486	3695	3695000.000
7487	3740	3740000.000
7488	3651	3651000.000
7489	3516	3516000.000
7490	3627	3627000.000
7491	3605	3605000.000
7492	3625	3625000.000
7493	3617	3617000.000
7494	3635	3635000.000
7495	3625	3625000.000
7496	3793	3793000.000
7497	3734	3734000.000
7498	3722	3722000.000
7499	3633	3633000.000
7500	3687	3687000.000
7501	3725	3725000.000
7502	3619	3619000.000
7503	3610	3610000.000
7504	3530	3530000.000
7505	3533	3533000.000
7506	3640	3640000.000
7507	3597	3597000.000
7508	3680	3680000.000
7509	3592	3592000.000
7510	3710	3710000.000
7511	3676	3676000.000
7512	3613	3613000.000
7513	3579	3579000.000
7514	3578	3578000.000
7515	3596	3596000.000
7516	3591	3591000.000
7517	3533	3533000.000
7518	3679	3679000.000
7519	3677	3677000.000
7520	3778	3778000.000
7521	3805	3805000.000
7522	3719	3719000.000
7523	3728	3728000.000
7524	3828	3828000.000
7525	3631	3631000.000
7526	3612	3612000.000
7527	3572	3572000.000
7528	3634	3634000.000
7529	3734	3734000.000
7530	3664	3664000.000
7531	3636	3636000.000
7532	3688	3688000.000
7533	3667	3667000.000
7534	3685	3685000.000
7535	3615	3615000.000
7536	3676	3676000.000
7537	3433	3433000.000
7538	3583	3583000.000
7539	3631	3631000.000
7540	3630	3630000.000
7541	3699	3699000.000
7542	3651	3651000.000
7543	3794	3794000.000
7544	3761	3761000.000
7545	3782	3782000.000
7546	3671	3671000.000
7547	3725	3725000.000
7548	3601	3601000.000
7549	3604	3604000.000
7550	3635	3635000.000
7551	3682	3682000.000
7552	3637	3637000.000
7553	3704	3704000.000
7554	3673	3673000.000
7555	3762	3762000.000
7556	3679	3679000.000
7557	3663	3663000.000
7558	3651	3651000.000
7559	3559	3559000.000
7560	3515	3515000.000
7561	3534	3534000.000
7562	3608	3608000.000
7563	3646	3646000.000
7564	3640	3640000.000
7565	3730	3730000.000
7566	3666	3666000.000
7567	3613	3613000.000
7568	3726	3726000.000
7569	3713	3713000.000
7570	3632	3632000.000
7571	3643	3643000.000
7572	3673	3673000.000
7573	3628	3628000.000
7574	3565	3565000.000
7575	3557	3557000.000
7576	3702	3702000.000
7577	3690	3690000.000
7578	3704	3704000.000
7579	3815	3815000.000
7580	3689	3689000.000
7581	3601	3601000.000
7582	3568	3568000.000
7583	3578	3578000.000
7584	3515	3515000.000
7585	3571	3571000.000
7586	3695	3695000.000
7587	3591	3591000.000
7588	3692	3692000.000
7589	3703	3703000.000
7590	3714	3714000.000
7591	3720	3720000.000
7592	3705	3705000.000
7593	3663	3663000.000
7594	3665	3665000.000
7595	3500	3500000.000
7596	3572	3572000.000
7597	3651	3651000.000
7598	3662	3662000.000
7599	3762	3762000.000
7600	3648	3648000.000
7601	3625	3625000.000
7602	3713	3713000.000
7603	3604	3604000.000
7604	3647	3647000.000
7605	3650	3650000.000
7606	3512	3512000.000
7607	3610	3610000.000
7608	3576	3576000.000
7609	3687	3687000.000
7610	3612	3612000.000
7611	3695	3695000.000
7612	3796	3796000.000
7613	3695	3695000.000
7614	3682	3682000.000
7615	3669	3669000.000
7616	3669	3669000.000
7617	3578	3578000.000
7618	3563	3563000.000
7619	3584	3584000.000
7620	3567	3567000.000
7621	3685	3685000.000
7622	3698	3698000.000
7623	3728	3728000.000
7624	3785	3785000.000
7625	3816	3816000.000
7626	3703	3703000.000
7627	3762	3762000.000
7628	3680	3680000.000
7629	3664	3664000.000
7630	3552	3552000.000
7631	3527	3527000.000
7632	3671	3671000.000
7633	3729	3729000.000
7634	3696	3696000.000
7635	3721	3721000.000
7636	3715	3715000.000
7637	3735	3735000.000
7638	3707	3707000.000
7639	3729	3729000.000
7640	3675	3675000.000
7641	3612	3612000.000
7642	3543	3543000.000
7643	3651	3651000.000
7644	3621	3621000.000
7645	3649	3649000.000
7646	3666	3666000.000
7647	3704	3704000.000
7648	3810	3810000.000
7649	3688	3688000.000
7650	3690	3690000.000
7651	3666	3666000.000
7652	3699	3699000.000
7653	3576	3576000.000
7654	3611	3611000.000
7655	3597	3597000.000
7656	3761	3761000.000
7657	3720	3720000.000
7658	3683	3683000.000
7659	3751	3751000.000
7660	3737	3737000.000
7661	3683	3683000.000
7662	3619	3619000.000
7663	3634	3634000.000
7664	3632	3632000.000
7665	3675	3675000.000
7666	3552	3552000.000
7667	3639	3639000.000
7668	3687	3687000.000
7669	3632	3632000.000
7670	3750	3750000.000
7671	3652	3652000.000
7672	3675	3675000.000
7673	3660	3660000.000
7674	3724	3724000.000
7675	3579	3579000.000
7676	3581	3581000.000
7677	3571	3571000.000
7678	3630	3630000.000
7679	3698	3698000.000
7680	3611	3611000.000
7681	3670	3670000.000
7682	3747	3747000.000
7683	3758	3758000.000
7684	3688	3688000.000
7685	3709	3709000.000
7686	3688	3688000.000
7687	3669	3669000.000
7688	3520	3520000.000
7689	3577	3577000.000
7690	3635	3635000.000
7691	3708	3708000.000
7692	3635	3635000.000
7693	3712	3712000.000
7694	3792	3792000.000
7695	3760	3760000.000
7696	3724	3724000.000
7697	3721	3721000.000
7698	3545	3545000.000
7699	3524	3524000.000
7700	3520	3520000.000
7701	3638	3638000.000
7702	3571	3571000.000
7703	3703	3703000.000
7704	3690	3690000.000
7705	3747	3747000.000
7706	3765	3765000.000
7707	3682	3682000.000
7708	3783	3783000.000
7709	3681	3681000.000
7710	3589	3589000.000
7711	3598	3598000.000
7712	3577	3577000.000
7713	3570	3570000.000
7714	3708	3708000.000
7715	3607	3607000.000
7716	3703	3703000.000
7717	3638	3638000.000
7718	3698	3698000.000
7719	3675	3675000.000
7720	3789	3789000.000
7721	3636	3636000.000
7722	3682	3682000.000
7723	3610	3610000.000
7724	3611	3611000.000
7725	3679	3679000.000
7726	3713	3713000.000
7727	3676	3676000.000
7728	3731	3731000.000
7729	3765	3765000.000
7730	3738	3738000.000
7731	3749	3749000.000
7732	3638	3638000.000
7733	3597	3597000.000
7734	3497	3497000.000
7735	3649	3649000.000
7736	3650	3650000.000
7737	3642	3642000.000
7738	3661	3661000.000
7739	3679	3679000.000
7740	3770	3770000.000
7741	3688	3688000.000
7742	3703	3703000.000
7743	3621	3621000.000
7744	3640	3640000.000
7745	3595	3595000.000
7746	3644	3644000.000
7747	3551	3551000.000
7748	3716	3716000.000
7749	3676	3676000.000
7750	3752	3752000.000
7751	3648	3648000.000
7752	3691	3691000.000
7753	3579	3579000.000
7754	3775	3775000.000
7755	3689	3689000.000
7756	3666	3666000.000
7757	3587	3587000.000
7758	3597	3597000.000
7759	3546	3546000.000
7760	3559	3559000.000
7761	3661	3661000.000
7762	3675	3675000.000
7763	3771	3771000.000
7764	3721	3721000.000
7765	3630	3630000.000
7766	3607	3607000.000
7767	3612	3612000.000
7768	3574	3574000.000
7769	3561	3561000.000
7770	3638	3638000.000
7771	3645	3645000.000
7772	3843	3843000.000
7773	3682	3682000.000
7774	3702	3702000.000
7775	3719	3719000.000
7776	3590	3590000.000
7777	3666	3666000.000
7778	3653	3653000.000
7779	3638	3638000.000
7780	3518	3518000.000
7781	3585	3585000.000
7782	3504	3504000.000
7783	3634	3634000.000
7784	3624	3624000.000
7785	3771	3771000.000
7786	3814	3814000.000
7787	3723	3723000.000
7788	3690	3690000.000
7789	3635	3635000.000
7790	3685	3685000.000
7791	3633	3633000.000
7792	3605	3605000.000
7793	3689	3689000.000
7794	3624	3624000.000
7795	3736	3736000.000
7796	3682	3682000.000
7797	3718	3718000.000
7798	3760	3760000.000
7799	3703	3703000.000
7800	3743	3743000.000
7801	3602	3602000.000
7802	3724	3724000.000
7803	3551	3551000.000
7804	3653	3653000.000
7805	3509	3509000.000
7806	3632	3632000.000
7807	3709	3709000.000
7808	3667	3667000.000
7809	3694	3694000.000
7810	3763	3763000.000
7811	3630	3630000.000
7812	3630	3630000.000
7813	3646	3646000.000
7814	3519	3519000.000
7815	3609	3609000.000
7816	3678	3678000.000
7817	3666	3666000.000
7818	3692	3692000.000
7819	3689	3689000.000
7820	3570	3570000.000
7821	3784	3784000.000
7822	3729	3729000.000
7823	3728	3728000.000
7824	3710	3710000.000
7825	3687	3687000.000
7826	3684	3684000.000
7827	3504	3504000.000
7828	3509	3509000.000
7829	3625	3625000.000
7830	3610	3610000.000
7831	3694	3694000.000
7832	3691	3691000.000
7833	3672	3672000.000
7834	3720	3720000.000
7835	3662	3662000.000
7836	3617	3617000.000
7837	3586	3586000.000
7838	3490	3490000.000
7839	3571	3571000.000
7840	3702	3702000.000
7841	3555	3555000.000
7842	3664	3664000.000
7843	3722	3722000.000
7844	3753	3753000.000
7845	3767	3767000.000
7846	3670	3670000.000
7847	3742	3742000.000
7848	3636	3636000.000
7849	3661	3661000.000
7850	3582	3582000.000
7851	3521	3521000.000
7852	3629	3629000.000
7853	3650	3650000.000
7854	3737	3737000.000
7855	3719	3719000.000
7856	3700	3700000.000
7857	3670	3670000.000
7858	3713	3713000.000
7859	3661	3661000.000
7860	3616	3616000.000
7861	3537	3537000.000
7862	3577	3577000.000
7863	3640	3640000.000
7864	3718	3718000.000
7865	3716	3716000.000
7866	3673	3673000.000
7867	3780	3780000.000
7868	3675	3675000.000
7869	3798	3798000.000
7870	3767	3767000.000
7871	3698	3698000.000
7872	3587	3587000.000
7873	3582	3582000.000
7874	3621	3621000.000
7875	3552	3552000.000
7876	3750	3750000.000
7877	3700	3700000.000
7878	3700	3700000.000
7879	3773	3773000.000
7880	3712	3712000.000
7881	3802	3802000.000
7882	3646	3646000.000
7883	3618	3618000.000
7884	3599	3599000.000
7885	3628	3628000.000
7886	3680	3680000.000
7887	3643	3643000.000
7888	3561	3561000.000
7889	3681	3681000.000
7890	3715	3715000.000
7891	3732	3732000.000
7892	3679	3679000.000
7893	3690	3690000.000
7894	3600	3600000.000
7895	3651	3651000.000
7896	3605	3605000.000
7897	3619	3619000.000
7898	3589	3589000.000
7899	3649	3649000.000
7900	3633	3633000.000
7901	3812	3812000.000
7902	3650	3650000.000
7903	3614	3614000.000
7904	3578	3578000.000
7905	3626	3626000.000
7906	3635	3635000.000
7907	3644	3644000.000
7908	3733	3733000.000
7909	3585	3585000.000
7910	3606	3606000.000
7911	3680	3680000.000
7912	3798	3798000.000
7913	3761	3761000.000
7914	3732	3732000.000
7915	3779	3779000.000
7916	3745	3745000.000
7917	3580	3580000.000
7918	3645	3645000.000
7919	3619	3619000.000
7920	3627	3627000.000
7921	3597	3597000.000
7922	3627	3627000.000
7923	3652	3652000.000
7924	3583	3583000.000
7925	3776	3776000.000
7926	3734	3734000.000
7927	3634	3634000.000
7928	3668	3668000.000
7929	3651	3651000.000
7930	3519	3519000.000
7931	3587	3587000.000
7932	3620	3620000.000
7933	3713	3713000.000
7934	3716	3716000.000
7935	3738	3738000.000
7936	3724	3724000.000
7937	3743	3743000.000
7938	3863	3863000.000
7939	3740	3740000.000
7940	3754	3754000.000
7941	3677	3677000.000
7942	3601	3601000.000
7943	3617	3617000.000
7944	3584	3584000.000
7945	3603	3603000.000
7946	3726	3726000.000
7947	3696	3696000.000
7948	3748	3748000.000
7949	3719	3719000.000
7950	3709	3709000.000
7951	3651	3651000.000
7952	3556	3556000.000
7953	3651	3651000.000
7954	3556	3556000.000
7955	3627	3627000.000
7956	3619	3619000.000
7957	3720	3720000.000
7958	3662	3662000.000
7959	3758	3758000.000
7960	3666	3666000.000
7961	3675	3675000.000
7962	3755	3755000.000
7963	3703	3703000.000
7964	3787	3787000.000
7965	3715	3715000.000
7966	3582	3582000.000
7967	3552	3552000.000
7968	3698	3698000.000
7969	3686	3686000.000
7970	3719	3719000.000
7971	3695	3695000.000
7972	3693	3693000.000
7973	3637	3637000.000
7974	3620	3620000.000
7975	3689	3689000.000
7976	3555	3555000.000
7977	3633	3633000.000
7978	3634	3634000.000
7979	3634	3634000.000
7980	3707	3707000.000
7981	3731	3731000.000
7982	3751	3751000.000
7983	3767	3767000.000
7984	3615	3615000.000
7985	3757	3757000.000
7986	3688	3688000.000
7987	3752	3752000.000
7988	3688	3688000.000
7989	3619	3619000.000
7990	3558	3558000.000
7991	3613	3613000.000
7992	3625	3625000.000
7993	3703	3703000.000
7994	3708	3708000.000
7995	3648	3648000.000
7996	3753	3753000.000
7997	3637	3637000.000
7998	3608	3608000.000
7999	3605	3605000.000
8000	3626	3626000.000
8001	3583	3583000.000
8002	3622	3622000.000
8003	3692	3692000.000
8004	3628	3628000.000
8005	3704	3704000.000
8006	3746	3746000.000
8007	3683	3683000.000
8008	3701	3701000.000
8009	3727	3727000.000
8010	3712	3712000.000
8011	3629	3629000.000
8012	3635	3635000.000
8013	3420	3420000.000
8014	3589	3589000.000
8015	3683	3683000.000
8016	3609	3609000.000
8017	3623	3623000.000
8018	3747	3747000.000
8019	3693	3693000.000
8020	3672	3672000.000
8021	3704	3704000.000
8022	3601	3601000.000
8023	3544	3544000.000
8024	3610	3610000.000
8025	3677	3677000.000
8026	3767	3767000.000
8027	3774	3774000.000
8028	3717	3717000.000
8029	3781	3781000.000
8030	3680	3680000.000
8031	3661	3661000.000
8032	3704	3704000.000
8033	3656	3656000.000
8034	3516	3516000.000
8035	3599	3599000.000
8036	3537	3537000.000
8037	3587	3587000.000
8038	3536	3536000.000
8039	3755	3755000.000
8040	3739	3739000.000
8041	3725	3725000.000
8042	3656	3656000.000
8043	3691	3691000.000
8044	3651	3651000.000
8045	3559	3559000.000
8046	3612	3612000.000
8047	3670	3670000.000
8048	3679	3679000.000
8049	3668	3668000.000
8050	3727	3727000.000
8051	3717	3717000.000
8052	3599	3599000.000
8053	3800	3800000.000
8054	3703	3703000.000
8055	3718	3718000.000
8056	3689	3689000.000
8057	3601	3601000.000
8058	3585	3585000.000
8059	3593	3593000.000
8060	3641	3641000.000
8061	3686	3686000.000
8062	3723	3723000.000
8063	3694	3694000.000
8064	3722	3722000.000
8065	3654	3654000.000
8066	3595	3595000.000
8067	3530	3530000.000
8068	3496	3496000.000
8069	3679	3679000.000
8070	3564	3564000.000
8071	3656	3656000.000
8072	3726	3726000.000
8073	3650	3650000.000
8074	3619	3619000.000
8075	3724	3724000.000
8076	3870	3870000.000
8077	3718	3718000.000
8078	3652	3652000.000
8079	3748	3748000.000
8080	3724	3724000.000
8081	3576	3576000.000
8082	3554	3554000.000
8083	3532	3532000.000
8084	3586	3586000.000
8085	3676	3676000.000
8086	3642	3642000.000
8087	3693	3693000.000
8088	3688	3688000.000
8089	3672	3672000.000
8090	3688	3688000.000
8091	3606	3606000.000
8092	3642	3642000.000
8093	3596	3596000.000
8094	3560	3560000.000
8095	3747	3747000.000
8096	3700	3700000.000
8097	3787	3787000.000
8098	3733	3733000.000
8099	3633	3633000.000
8100	3719	3719000.000
8101	3540	3540000.000
8102	3851	3851000.000
8103	3747	3747000.000
8104	3635	3635000.000
8105	3544	3544000.000
8106	3548	3548000.000
8107	3546	3546000.000
8108	3577	3577000.000
8109	3754	3754000.000
8110	3651	3651000.000
8111	3671	3671000.000
8112	3680	3680000.000
8113	3703	3703000.000
8114	3695	3695000.000
8115	3612	3612000.000
8116	3618	3618000.000
8117	3569	3569000.000
8118	3657	3657000.000
8119	3710	3710000.000
8120	3783	3783000.000
8121	3689	3689000.000
8122	3690	3690000.000
8123	3705	3705000.000
8124	3716	3716000.000
8125	3714	3714000.000
8126	3635	3635000.000
8127	3634	3634000.000
8128	3583	3583000.000
8129	3497	3497000.000
8130	3542	3542000.000
8131	3659	3659000.000
8132	3682	3682000.000
8133	3700	3700000.000
8134	3681	3681000.000
8135	3818	3818000.000
8136	3670	3670000.000
8137	3726	3726000.000
8138	3667	3667000.000
8139	3575	3575000.000
8140	3658	3658000.000
8141	3645	3645000.000
8142	3658	3658000.000
8143	3631	3631000.000
8144	3634	3634000.000
8145	3628	3628000.000
8146	3746	3746000.000
8147	3648	3648000.000
8148	3723	3723000.000
8149	3691	3691000.000
8150	3692	3692000.000
8151	3583	3583000.000
8152	3670	3670000.000
8153	3598	3598000.000
8154	3759	3759000.000
8155	3619	3619000.000
8156	3714	3714000.000
8157	3693	3693000.000
8158	3692	3692000.000
8159	3730	3730000.000
8160	3634	3634000.000
8161	3644	3644000.000
8162	3637	3637000.000
8163	3604	3604000.000
8164	3654	3654000.000
8165	3777	3777000.000
8166	3698	3698000.000
8167	3729	3729000.000
8168	3748	3748000.000
8169	3607	3607000.000
8170	3736	3736000.000
8171	3807	3807000.000
8172	3682	3682000.000
8173	3676	3676000.000
8174	3666	3666000.000
8175	3625	3625000.000
8176	3622	3622000.000
8177	3656	3656000.000
8178	3684	3684000.000
8179	3588	3588000.000
8180	3690	3690000.000
8181	3757	3757000.000
8182	3608	3608000.000
8183	3653	3653000.000
8184	3621	3621000.000
8185	3649	3649000.000
8186	3626	3626000.000
8187	3625	3625000.000
8188	3664	3664000.000
8189	3724	3724000.000
8190	3598	3598000.000
8191	3718	3718000.000
8192	3869	3869000.000
8193	3647	3647000.000
8194	3755	3755000.000
8195	3661	3661000.000
8196	3651	3651000.000
8197	3682	3682000.000
8198	3451	3451000.000
8199	3568	3568000.000
8200	3599	3599000.000
8201	3780	3780000.000
8202	3621	3621000.000
8203	3700	3700000.000
8204	3695	3695000.000
8205	3673	3673000.000
8206	3717	3717000.000
8207	3642	3642000.000
8208	3673	3673000.000
8209	3680	3680000.000
8210	3677	3677000.000
8211	3655	3655000.000
8212	3691	3691000.000
8213	3682	3682000.000
8214	3685	3685000.000
8215	3712	3712000.000
8216	3746	3746000.000
8217	3679	3679000.000
8218	3723	3723000.000
8219	3743	3743000.000
8220	3536	3536000.000
8221	3591	3591000.000
8222	3638	3638000.000
8223	3588	3588000.000
8224	3641	3641000.000
8225	3733	3733000.000
8226	3707	3707000.000
8227	3627	3627000.000
8228	3651	3651000.000
8229	3655	3655000.000
8230	3598	3598000.000
8231	3570	3570000.000
8232	3620	3620000.000
8233	3624	3624000.000
8234	3609	3609000.000
8235	3766	3766000.000
8236	3737	3737000.000
8237	3658	3658000.000
8238	3791	3791000.000
8239	3747	3747000.000
8240	3755	3755000.000
8241	3724	3724000.000
8242	3638	3638000.000
8243	3610	3610000.000
8244	3691	3691000.000
8245	3563	3563000.000
8246	3645	3645000.000
8247	3648	3648000.000
8248	3650	3650000.000
8249	3756	3756000.000
8250	3732	3732000.000
8251	3720	3720000.000
8252	3639	3639000.000
8253	3618	3618000.000
8254	3557	3557000.000
8255	3617	3617000.000
8256	3721	3721000.000
8257	3673	3673000.000
8258	3678	3678000.000
8259	3714	3714000.000
8260	3671	3671000.000
8261	3786	3786000.000
8262	3663	3663000.000
8263	3601	3601000.000
8264	3664	3664000.000
8265	3678	3678000.000
8266	3620	3620000.000
8267	3605	3605000.000
8268	3627	3627000.000
8269	3627	3627000.000
8270	3671	3671000.000
8271	3779	3779000.000
8272	3728	3728000.000
8273	3744	3744000.000
8274	3670	3670000.000
8275	3641	3641000.000
8276	3593	3593000.000
8277	3600	3600000.000
8278	3629	3629000.000
8279	3643	3643000.000
8280	3739	3739000.000
8281	3667	3667000.000
8282	3685	3685000.000
8283	3782	3782000.000
8284	3662	3662000.000
8285	3745	3745000.000
8286	3743	3743000.000
8287	3760	3760000.000
8288	3706	3706000.000
8289	3689	3689000.000
8290	3473	3473000.000
8291	3573	3573000.000
8292	3616	3616000.000
8293	3672	3672000.000
8294	3649	3649000.000
8295	3699	3699000.000
8296	3719	3719000.000
8297	3589	3589000.000
8298	3629	3629000.000
8299	3628	3628000.000
8300	3683	3683000.000
8301	3549	3549000.000
8302	3589	3589000.000
8303	3700	3700000.000
8304	3708	3708000.000
8305	3814	3814000.000
8306	3595	3595000.000
8307	3691	3691000.000
8308	3687	3687000.000
8309	3697	3697000.000
8310	3757	3757000.000
8311	3603	3603000.000
8312	3733	3733000.000
8313	3638	3638000.000
8314	3659	3659000.000
8315	3574	3574000.000
8316	3637	3637000.000
8317	3691	3691000.000
8318	3775	3775000.000
8319	3695	3695000.000
8320	3696	3696000.000
8321	3706	3706000.000
8322	3648	3648000.000
8323	3520	3520000.000
8324	3557	3557000.000
8325	3589	3589000.000
8326	3620	3620000.000
8327	3650	3650000.000
8328	3632	3632000.000
8329	3739	3739000.000
8330	3719	3719000.000
8331	3709	3709000.000
8332	3700	3700000.000
8333	3667	3667000.000
8334	3738	3738000.000
8335	3678	3678000.000
8336	3615	3615000.000
8337	3559	3559000.000
8338	3659	3659000.000
8339	3622	3622000.000
8340	3692	3692000.000
8341	3654	3654000.000
8342	3647	3647000.000
8343	3701	3701000.000
8344	3677	3677000.000
8345	3548	3548000.000
8346	3545	3545000.000
8347	3562	3562000.000
8348	3634	3634000.000
8349	3708	3708000.000
8350	3714	3714000.000
8351	3743	3743000.000
8352	3738	3738000.000
8353	3641	3641000.000
8354	3705	3705000.000
8355	3717	3717000.000
8356	3713	3713000.000
8357	3637	3637000.000
8358	3581	3581000.000
8359	3640	3640000.000
8360	3537	3537000.000
8361	3622	3622000.000
8362	3634	3634000.000
8363	3580	3580000.000
8364	3696	3696000.000
8365	3778	3778000.000
8366	3715	3715000.000
8367	3599	3599000.000
8368	3627	3627000.000
8369	3527	3527000.000
8370	3622	3622000.000
8371	3609	3609000.000
8372	3717	3717000.000
8373	3617	3617000.000
8374	3556	3556000.000
8375	3695	3695000.000
8376	3748	3748000.000
8377	3657	3657000.000
8378	3634	3634000.000
8379	3784	3784000.000
8380	3624	3624000.000
8381	3558	3558000.000
8382	3472	3472000.000
8383	3568	3568000.000
8384	3544	3544000.000
8385	3735	3735000.000
8386	3681	3681000.000
8387	3727	3727000.000
8388	3627	3627000.000
8389	3731	3731000.000
8390	3703	3703000.000
8391	3658	3658000.000
8392	3598	3598000.000
8393	3578	3578000.000
8394	3550	3550000.000
8395	3555	3555000.000
8396	3630	3630000.000
8397	3700	3700000.000
8398	3631	3631000.000
8399	3703	3703000.000
8400	3696	3696000.000
8401	3663	3663000.000
8402	3684	3684000.000
8403	3572	3572000.000
8404	3554	3554000.000
8405	3564	3564000.000
8406	3682	3682000.000
8407	3623	3623000.000
8408	3624	3624000.000
8409	3702	3702000.000
8410	3638	3638000.000
8411	3736	3736000.000
8412	3707	3707000.000
8413	3738	3738000.000
8414	3604	3604000.000
8415	3677	3677000.000
8416	3688	3688000.000
8417	3526	3526000.000
8418	3558	3558000.000
8419	3639	3639000.000
8420	3654	3654000.000
8421	3602	3602000.000
8422	3711	3711000.000
8423	3694	3694000.000
8424	3676	3676000.000
8425	3657	3657000.000
8426	3562	3562000.000
8427	3717	3717000.000
8428	3637	3637000.000
8429	3548	3548000.000
8430	3613	3613000.000
8431	3711	3711000.000
8432	3623	3623000.000
8433	3701	3701000.000
8434	3728	3728000.000
8435	3762	3762000.000
8436	3690	3690000.000
8437	3822	3822000.000
8438	3697	3697000.000
8439	3584	3584000.000
8440	3593	3593000.000
8441	3596	3596000.000
8442	3737	3737000.000
8443	3692	3692000.000
8444	3736	3736000.000
8445	3732	3732000.000
8446	3714	3714000.000
8447	3681	3681000.000
8448	3768	3768000.000
8449	3594	3594000.000
8450	3614	3614000.000
8451	3620	3620000.000
8452	3629	3629000.000
8453	3673	3673000.000
8454	3699	3699000.000
8455	3766	3766000.000
8456	3656	3656000.000
8457	3681	3681000.000
8458	3718	3718000.000
8459	3697	3697000.000
8460	3616	3616000.000
8461	3689	3689000.000
8462	3664	3664000.000
8463	3571	3571000.000
8464	3639	3639000.000
8465	3628	3628000.000
8466	3676	3676000.000
8467	3678	3678000.000
8468	3654	3654000.000
8469	3763	3763000.000
8470	3606	3606000.000
8471	3680	3680000.000
8472	3734	3734000.000
8473	3567	3567000.000
8474	3588	3588000.000
8475	3653	3653000.000
8476	3655	3655000.000
8477	3805	3805000.000
8478	3727	3727000.000
8479	3675	3675000.000
8480	3686	3686000.000
8481	3678	3678000.000
8482	3729	3729000.000
8483	3795	3795000.000
8484	3769	3769000.000
8485	3596	3596000.000
8486	3693	3693000.000
8487	3647	3647000.000
8488	3625	3625000.000
8489	3641	3641000.000
8490	3598	3598000.000
8491	3678	3678000.000
8492	3631	3631000.000
8493	3602	3602000.000
8494	3684	3684000.000
8495	3634	3634000.000
8496	3627	3627000.000
8497	3607	3607000.000
8498	3639	3639000.000
8499	3629	3629000.000
8500	3605	3605000.000
8501	3604	3604000.000
8502	3716	3716000.000
8503	3726	3726000.000
8504	3685	3685000.000
8505	3678	3678000.000
8506	3767	3767000.000
8507	3756	3756000.000
8508	3704	3704000.000
8509	3643	3643000.000
8510	3677	3677000.000
8511	3626	3626000.000
8512	3658	3658000.000
8513	3665	3665000.000
8514	3674	3674000.000
8515	3730	3730000.000
8516	3701	3701000.000
8517	3663	3663000.000
8518	3606	3606000.000
8519	3540	3540000.000
8520	3534	3534000.000
8521	3622	3622000.000
8522	3691	3691000.000
8523	3797	3797000.000
8524	3673	3673000.000
8525	3766	3766000.000
8526	3758	3758000.000
8527	3708	3708000.000
8528	3713	3713000.000
8529	3791	3791000.000
8530	3662	3662000.000
8531	3600	3600000.000
8532	3642	3642000.000
8533	3670	3670000.000
8534	3636	3636000.000
8535	3760	3760000.000
8536	3745	3745000.000
8537	3641	3641000.000
8538	3762	3762000.000
8539	3745	3745000.000
8540	3754	3754000.000
8541	3565	3565000.000
8542	3593	3593000.000
8543	3637	3637000.000
8544	3631	3631000.000
8545	3664	3664000.000
8546	3727	3727000.000
8547	3790	3790000.000
8548	3750	3750000.000
8549	3736	3736000.000
8550	3775	3775000.000
8551	3799	3799000.000
8552	3752	3752000.000
8553	3656	3656000.000
8554	3737	3737000.000
8555	3703	3703000.000
8556	3666	3666000.000
8557	3527	3527000.000
8558	3564	3564000.000
8559	3690	3690000.000
8560	3717	3717000.000
8561	3672	3672000.000
8562	3709	3709000.000
8563	3614	3614000.000
8564	3630	3630000.000
8565	3622	3622000.000
8566	3749	3749000.000
8567	3650	3650000.000
8568	3662	3662000.000
8569	3800	3800000.000
8570	3703	3703000.000
8571	3702	3702000.000
8572	3789	3789000.000
8573	3750	3750000.000
8574	3778	3778000.000
8575	3750	3750000.000
8576	3794	3794000.000
8577	3658	3658000.000
8578	3602	3602000.000
8579	3585	3585000.000
8580	3717	3717000.000
8581	3658	3658000.000
8582	3726	3726000.000
8583	3642	3642000.000
8584	3693	3693000.000
8585	3696	3696000.000
8586	3655	3655000.000
8587	3593	3593000.000
8588	3686	3686000.000
8589	3625	3625000.000
8590	3624	3624000.000
8591	3673	3673000.000
8592	3686	3686000.000
8593	3785	3785000.000
8594	3734	3734000.000
8595	3736	3736000.000
8596	3784	3784000.000
8597	3768	3768000.000
8598	3708	3708000.000
8599	3677	3677000.000
8600	3715	3715000.000
8601	3677	3677000.000
8602	3644	3644000.000
8603	3599	3599000.000
8604	3594	3594000.000
8605	3637	3637000.000
8606	3727	3727000.000
8607	3729	3729000.000
8608	3694	3694000.000
8609	3746	3746000.000
8610	3680	3680000.000
8611	3662	3662000.000
8612	3703	3703000.000
8613	3632	3632000.000
8614	3707	3707000.000
8615	3694	3694000.000
8616	3748	3748000.000
8617	3659	3659000.000
8618	3792	3792000.000
8619	3736	3736000.000
8620	3697	3697000.000
8621	3788	3788000.000
8622	3721	3721000.000
8623	3864	3864000.000
8624	3595	3595000.000
8625	3646	3646000.000
8626	3602	3602000.000
8627	3749	3749000.000
8628	3570	3570000.000
8629	3768	3768000.000
8630	3735	3735000.000
8631	3692	3692000.000
8632	3701	3701000.000
8633	3682	3682000.000
8634	3665	3665000.000
8635	3604	3604000.000
8636	3643	3643000.000
8637	3644	3644000.000
8638	3751	3751000.000
8639	3664	3664000.000
8640	3768	3768000.000
8641	3693	3693000.000
8642	3766	3766000.000
8643	3783	3783000.000
8644	3755	3755000.000
8645	3831	3831000.000
8646	3713	3713000.000
8647	3589	3589000.000
8648	3608	3608000.000
8649	3510	3510000.000
8650	3577	3577000.000
8651	3668	3668000.000
8652	3703	3703000.000
8653	3642	3642000.000
8654	3733	3733000.000
8655	3749	3749000.000
8656	3763	3763000.000
8657	3612	3612000.000
8658	3621	3621000.000
8659	3605	3605000.000
8660	3647	3647000.000
8661	3549	3549000.000
8662	3697	3697000.000
8663	3753	3753000.000
8664	3805	3805000.000
8665	3784	3784000.000
8666	3752	3752000.000
8667	3749	3749000.000
8668	3752	3752000.000
8669	3693	3693000.000
8670	3652	3652000.000
8671	3629	3629000.000
8672	3545	3545000.000
8673	3633	3633000.000
8674	3547	3547000.000
8675	3682	3682000.000
8676	3668	3668000.000
8677	3694	3694000.000
8678	3752	3752000.000
8679	3739	3739000.000
8680	3742	3742000.000
8681	3568	3568000.000
8682	3607	3607000.000
8683	3583	3583000.000
8684	3656	3656000.000
8685	3683	3683000.000
8686	3669	3669000.000
8687	3840	3840000.000
8688	3731	3731000.000
8689	3695	3695000.000
8690	3770	3770000.000
8691	3667	3667000.000
8692	3721	3721000.000
8693	3770	3770000.000
8694	3632	3632000.000
8695	3570	3570000.000
8696	3584	3584000.000
8697	3607	3607000.000
8698	3697	3697000.000
8699	3717	3717000.000
8700	3773	3773000.000
8701	3718	3718000.000
8702	3796	3796000.000
8703	3733	3733000.000
8704	3577	3577000.000
8705	3621	3621000.000
8706	3611	3611000.000
8707	3628	3628000.000
8708	3680	3680000.000
8709	3713	3713000.000
8710	3715	3715000.000
8711	3750	3750000.000
8712	3679	3679000.000
8713	3670	3670000.000
8714	3704	3704000.000
8715	3689	3689000.000
8716	3643	3643000.000
8717	3579	3579000.000
8718	3589	3589000.000
8719	3663	3663000.000
8720	3642	3642000.000
8721	3627	3627000.000
8722	3713	3713000.000
8723	3788	3788000.000
8724	3733	3733000.000
8725	3686	3686000.000
8726	3686	3686000.000
8727	3652	3652000.000
8728	3538	3538000.000
8729	3533	3533000.000
8730	3596	3596000.000
8731	3565	3565000.000
8732	3683	3683000.000
8733	3683	3683000.000
8734	3775	3775000.000
8735	3752	3752000.000
8736	3694	3694000.000
8737	3715	3715000.000
8738	3755	3755000.000
8739	3724	3724000.000
8740	3738	3738000.000
8741	3532	3532000.000
8742	3581	3581000.000
8743	3533	3533000.000
8744	3668	3668000.000
8745	3752	3752000.000
8746	3708	3708000.000
8747	3731	3731000.000
8748	3711	3711000.000
8749	3674	3674000.000
8750	3663	3663000.000
8751	3584	3584000.000
8752	3623	3623000.000
8753	3555	3555000.000
8754	3760	3760000.000
8755	3721	3721000.000
8756	3745	3745000.000
8757	3724	3724000.000
8758	3705	3705000.000
8759	3826	3826000.000
8760	3786	3786000.000
8761	3796	3796000.000
8762	3660	3660000.000
8763	3581	3581000.000
8764	3673	3673000.000
8765	3611	3611000.000
8766	3601	3601000.000
8767	3652	3652000.000
8768	3661	3661000.000
8769	3628	3628000.000
8770	3710	3710000.000
8771	3526	3526000.000
8772	3674	3674000.000
8773	3689	3689000.000
8774	3581	3581000.000
8775	3590	3590000.000
8776	3644	3644000.000
8777	3667	3667000.000
8778	3728	3728000.000
8779	3706	3706000.000
8780	3738	3738000.000
8781	3724	3724000.000
8782	3730	3730000.000
8783	3775	3775000.000
8784	3722	3722000.000
8785	3775	3775000.000
8786	3541	3541000.000
8787	3586	3586000.000
8788	3643	3643000.000
8789	3604	3604000.000
8790	3671	3671000.000
8791	3722	3722000.000
8792	3848	3848000.000
8793	3749	3749000.000
8794	3690	3690000.000
8795	3678	3678000.000
8796	3629	3629000.000
8797	3618	3618000.000
8798	3619	3619000.000
8799	3535	3535000.000
8800	3678	3678000.000
8801	3678	3678000.000
8802	3712	3712000.000
8803	3637	3637000.000
8804	3755	3755000.000
8805	3688	3688000.000
8806	3702	3702000.000
8807	3778	3778000.000
8808	3714	3714000.000
8809	3645	3645000.000
8810	3598	3598000.000
8811	3704	3704000.000
8812	3609	3609000.000
8813	3622	3622000.000
8814	3621	3621000.000
8815	3683	3683000.000
8816	3689	3689000.000
8817	3758	3758000.000
8818	3746	3746000.000
8819	3492	3492000.000
8820	3636	3636000.000
8821	3551	3551000.000
8822	3675	3675000.000
8823	3565	3565000.000
8824	3680	3680000.000
8825	3704	3704000.000
8826	3653	3653000.000
8827	3632	3632000.000
8828	3791	3791000.000
8829	3787	3787000.000
8830	3644	3644000.000
8831	3646	3646000.000
8832	3696	3696000.000
8833	3564	3564000.000
8834	3694	3694000.000
8835	3624	3624000.000
8836	3747	3747000.000
8837	3702	3702000.000
8838	3670	3670000.000
8839	3724	3724000.000
8840	3624	3624000.000
8841	3663	3663000.000
8842	3673	3673000.000
8843	3674	3674000.000
8844	3646	3646000.000
8845	3639	3639000.000
8846	3680	3680000.000
8847	3672	3672000.000
8848	3829	3829000.000
8849	3694	3694000.000
8850	3763	3763000.000
8851	3720	3720000.000
8852	3731	3731000.000
8853	3794	3794000.000
8854	3630	3630000.000
8855	3635	3635000.000
8856	3617	3617000.000
8857	3541	3541000.000
8858	3585	3585000.000
8859	3546	3546000.000
8860	3652	3652000.000
8861	3620	3620000.000
8862	3754	3754000.000
8863	3669	3669000.000
8864	3682	3682000.000
8865	3646	3646000.000
8866	3561	3561000.000
8867	3541	3541000.000
8868	3606	3606000.000
8869	3603	3603000.000
8870	3582	3582000.000
8871	3807	3807000.000
8872	3743	3743000.000
8873	3650	3650000.000
8874	3815	3815000.000
8875	3579	3579000.000
8876	3723	3723000.000
8877	3706	3706000.000
8878	3561	3561000.000
8879	3553	3553000.000
8880	3562	3562000.000
8881	3576	3576000.000
8882	3676	3676000.000
8883	3703	3703000.000
8884	3719	3719000.000
8885	3714	3714000.000
8886	3728	3728000.000
8887	3700	3700000.000
8888	3646	3646000.000
8889	3545	3545000.000
8890	3546	3546000.000
8891	3544	3544000.000
8892	3588	3588000.000
8893	3498	3498000.000
8894	3591	3591000.000
8895	3657	3657000.000
8896	3727	3727000.000
8897	3637	3637000.000
8898	3577	3577000.000
8899	3736	3736000.000
8900	3682	3682000.000
8901	3672	3672000.000
8902	3631	3631000.000
8903	3591	3591000.000
8904	3526	3526000.000
8905	3595	3595000.000
8906	3631	3631000.000
8907	3718	3718000.000
8908	3727	3727000.000
8909	3621	3621000.000
8910	3648	3648000.000
8911	3706	3706000.000
8912	3641	3641000.000
8913	3583	3583000.000
8914	3564	3564000.000
8915	3594	3594000.000
8916	3626	3626000.000
8917	3747	3747000.000
8918	3727	3727000.000
8919	3705	3705000.000
8920	3775	3775000.000
8921	3785	3785000.000
8922	3773	3773000.000
8923	3737	3737000.000
8924	3630	3630000.000
8925	3718	3718000.000
8926	3610	3610000.000
8927	3632	3632000.000
8928	3648	3648000.000
8929	3671	3671000.000
8930	3658	3658000.000
8931	3680	3680000.000
8932	3742	3742000.000
8933	3576	3576000.000
8934	3686	3686000.000
8935	3678	3678000.000
8936	3596	3596000.000
8937	3696	3696000.000
8938	3645	3645000.000
8939	3673	3673000.000
8940	3606	3606000.000
8941	3798	3798000.000
8942	3719	3719000.000
8943	3771	3771000.000
8944	3701	3701000.000
8945	3770	3770000.000
8946	3701	3701000.000
8947	3675	3675000.000
8948	3613	3613000.000
8949	3594	3594000.000
8950	3521	3521000.000
8951	3614	3614000.000
8952	3775	3775000.000
8953	3682	3682000.000
8954	3677	3677000.000
8955	3738	3738000.000
8956	3799	3799000.000
8957	3713	3713000.000
8958	3631	3631000.000
8959	3635	3635000.000
8960	3616	3616000.000
8961	3597	3597000.000
8962	3612	3612000.000
8963	3693	3693000.000
8964	3753	3753000.000
8965	3745	3745000.000
8966	3650	3650000.000
8967	3739	3739000.000
8968	3773	3773000.000
8969	3602	3602000.000
8970	3658	3658000.000
8971	3618	3618000.000
8972	3610	3610000.000
8973	3602	3602000.000
8974	3610	3610000.000
8975	3701	3701000.000
8976	3611	3611000.000
8977	3702	3702000.000
8978	3736	3736000.000
8979	3686	3686000.000
8980	3728	3728000.000
8981	3642	3642000.000
8982	3594	3594000.000
8983	3568	3568000.000
8984	3632	3632000.000
8985	3632	3632000.000
8986	3639	3639000.000
8987	3630	3630000.000
8988	3766	3766000.000
8989	3659	3659000.000
8990	3818	3818000.000
8991	3721	3721000.000
8992	3719	3719000.000
8993	3688	3688000.000
8994	3551	3551000.000
8995	3634	3634000.000
8996	3589	3589000.000
8997	3621	3621000.000
8998	3617	3617000.000
8999	3751	3751000.000
9000	3699	3699000.000
9001	3650	3650000.000
9002	3664	3664000.000
9003	3650	3650000.000
9004	3729	3729000.000
9005	3504	3504000.000
9006	3643	3643000.000
9007	3566	3566000.000
9008	3594	3594000.000
9009	3676	3676000.000
9010	3745	3745000.000
9011	3740	3740000.000
9012	3664	3664000.000
9013	3742	3742000.000
9014	3691	3691000.000
9015	3637	3637000.000
9016	3677	3677000.000
9017	3654	3654000.000
9018	3675	3675000.000
9019	3581	3581000.000
9020	3651	3651000.000
9021	3551	3551000.000
9022	3568	3568000.000
9023	3660	3660000.000
9024	3646	3646000.000
9025	3688	3688000.000
9026	3562	3562000.000
9027	3687	3687000.000
9028	3574	3574000.000
9029	3652	3652000.000
9030	3570	3570000.000
9031	3588	3588000.000
9032	3598	3598000.000
9033	3695	3695000.000
9034	3689	3689000.000
9035	3748	3748000.000
9036	3724	3724000.000
9037	3683	3683000.000
9038	3768	3768000.000
9039	3733	3733000.000
9040	3654	3654000.000
9041	3631	3631000.000
9042	3556	3556000.000
9043	3628	3628000.000
9044	3614	3614000.000
9045	3645	3645000.000
9046	3664	3664000.000
9047	3604	3604000.000
9048	3724	3724000.000
9049	3762	3762000.000
9050	3592	3592000.000
9051	3625	3625000.000
9052	3573	3573000.000
9053	3624	3624000.000
9054	3613	3613000.000
9055	3637	3637000.000
9056	3508	3508000.000
9057	3653	3653000.000
9058	3716	3716000.000
9059	3705	3705000.000
9060	3687	3687000.000
9061	3794	3794000.000
9062	3691	3691000.000
9063	3673	3673000.000
9064	3740	3740000.000
9065	3616	3616000.000
9066	3569	3569000.000
9067	3569	3569000.000
9068	3577	3577000.000
9069	3730	3730000.000
9070	3676	3676000.000
9071	3761	3761000.000
9072	3702	3702000.000
9073	3784	3784000.000
9074	3700	3700000.000
9075	3534	3534000.000
9076	3545	3545000.000
9077	3555	3555000.000
9078	3599	3599000.000
9079	3606	3606000.000
9080	3628	3628000.000
9081	3665	3665000.000
9082	3599	3599000.000
9083	3636	3636000.000
9084	3666	3666000.000
9085	3788	3788000.000
9086	3642	3642000.000
9087	3683	3683000.000
9088	3505	3505000.000
9089	3677	3677000.000
9090	3668	3668000.000
9091	3674	3674000.000
9092	3703	3703000.000
9093	3692	3692000.000
9094	3725	3725000.000
9095	3734	3734000.000
9096	3812	3812000.000
9097	3707	3707000.000
9098	3624	3624000.000
9099	3529	3529000.000
9100	3580	3580000.000
9101	3644	3644000.000
9102	3663	3663000.000
9103	3672	3672000.000
9104	3672	3672000.000
9105	3701	3701000.000
9106	3689	3689000.000
9107	3710	3710000.000
9108	3656	3656000.000
9109	3616	3616000.000
9110	3657	3657000.000
9111	3575	3575000.000
9112	3760	3760000.000
9113	3657	3657000.000
9114	3722	3722000.000
9115	3703	3703000.000
9116	3755	3755000.000
9117	3774	3774000.000
9118	3733	3733000.000
9119	3775	3775000.000
9120	3720	3720000.000
9121	3724	3724000.000
9122	3647	3647000.000
9123	3568	3568000.000
9124	3635	3635000.000
9125	3750	3750000.000
9126	3651	3651000.000
9127	3699	3699000.000
9128	3720	3720000.000
9129	3726	3726000.000
9130	3734	3734000.000
9131	3658	3658000.000
9132	3649	3649000.000
9133	3638	3638000.000
9134	3601	3601000.000
9135	3666	3666000.000
9136	3678	3678000.000
9137	3785	3785000.000
9138	3730	3730000.000
9139	3668	3668000.000
9140	3744	3744000.000
9141	3790	3790000.000
9142	3791	3791000.000
9143	3697	3697000.000
9144	3662	3662000.000
9145	3649	3649000.000
9146	3630	3630000.000
9147	3688	3688000.000
9148	3656	3656000.000
9149	3663	3663000.000
9150	3633	3633000.000
9151	3691	3691000.000
9152	3698	3698000.000
9153	3701	3701000.000
9154	3607	3607000.000
9155	3628	3628000.000
9156	3585	3585000.000
9157	3693	3693000.000
9158	3695	3695000.000
9159	3634	3634000.000
9160	3689	3689000.000
9161	3693	3693000.000
9162	3743	3743000.000
9163	3731	3731000.000
9164	3739	3739000.000
9165	3753	3753000.000
9166	3744	3744000.000
9167	3805	3805000.000
9168	3680	3680000.000
9169	3655	3655000.000
9170	3630	3630000.000
9171	3617	3617000.000
9172	3674	3674000.000
9173	3665	3665000.000
9174	3713	3713000.000
9175	3628	3628000.000
9176	3697	3697000.000
9177	3664	3664000.000
9178	3668	3668000.000
9179	3681	3681000.000
9180	3633	3633000.000
9181	3664	3664000.000
9182	3681	3681000.000
9183	3789	3789000.000
9184	3734	3734000.000
9185	3788	3788000.000
9186	3847	3847000.000
9187	3739	3739000.000
9188	3822	3822000.000
9189	3708	3708000.000
9190	3751	3751000.000
9191	3654	3654000.000
9192	3734	3734000.000
9193	3610	3610000.000
9194	3566	3566000.000
9195	3580	3580000.000
9196	3570	3570000.000
9197	3569	3569000.000
9198	3731	3731000.000
9199	3639	3639000.000
9200	3607	3607000.000
9201	3628	3628000.000
9202	3646	3646000.000
9203	3562	3562000.000
9204	3613	3613000.000
9205	3752	3752000.000
9206	3728	3728000.000
9207	3722	3722000.000
9208	3781	3781000.000
9209	3715	3715000.000
9210	3703	3703000.000
9211	3681	3681000.000
9212	3679	3679000.000
9213	3614	3614000.000
9214	3694	3694000.000
9215	3619	3619000.000
9216	3599	3599000.000
9217	3553	3553000.000
9218	3605	3605000.000
9219	3586	3586000.000
9220	3629	3629000.000
9221	3638	3638000.000
9222	3641	3641000.000
9223	3653	3653000.000
9224	3585	3585000.000
9225	3590	3590000.000
9226	3566	3566000.000
9227	3577	3577000.000
9228	3652	3652000.000
9229	3716	3716000.000
9230	3659	3659000.000
9231	3664	3664000.000
9232	3624	3624000.000
9233	3713	3713000.000
9234	3679	3679000.000
9235	3722	3722000.000
9236	3538	3538000.000
9237	3549	3549000.000
9238	3669	3669000.000
9239	3638	3638000.000
9240	3506	3506000.000
9241	3541	3541000.000
9242	3503	3503000.000
9243	3553	3553000.000
9244	3475	3475000.000
9245	3581	3581000.000
9246	3672	3672000.000
9247	3495	3495000.000
9248	3567	3567000.000
9249	3533	3533000.000
9250	3541	3541000.000
9251	3684	3684000.000
9252	3627	3627000.000
9253	3631	3631000.000
9254	3704	3704000.000
9255	3761	3761000.000
9256	3699	3699000.000
9257	3735	3735000.000
9258	3684	3684000.000
9259	3630	3630000.000
9260	3590	3590000.000
9261	3623	3623000.000
9262	3512	3512000.000
9263	3546	3546000.000
9264	3565	3565000.000
9265	3576	3576000.000
9266	3548	3548000.000
9267	3616	3616000.000
9268	3587	3587000.000
9269	3670	3670000.000
9270	3615	3615000.000
9271	3543	3543000.000
9272	3573	3573000.000
9273	3569	3569000.000
9274	3580	3580000.000
9275	3628	3628000.000
9276	3647	3647000.000
9277	3703	3703000.000
9278	3672	3672000.000
9279	3746	3746000.000
9280	3593	3593000.000
9281	3641	3641000.000
9282	3785	3785000.000
9283	3733	3733000.000
9284	3717	3717000.000
9285	3550	3550000.000
9286	3565	3565000.000
9287	3415	3415000.000
9288	3588	3588000.000
9289	3650	3650000.000
9290	3663	3663000.000
9291	3651	3651000.000
9292	3602	3602000.000
9293	3558	3558000.000
9294	3601	3601000.000
9295	3618	3618000.000
9296	3529	3529000.000
9297	3587	3587000.000
9298	3699	3699000.000
9299	3697	3697000.000
9300	3672	3672000.000
9301	3698	3698000.000
9302	3626	3626000.000
9303	3732	3732000.000
9304	3708	3708000.000
9305	3664	3664000.000
9306	3735	3735000.000
9307	3624	3624000.000
9308	3522	3522000.000
9309	3613	3613000.000
9310	3654	3654000.000
9311	3584	3584000.000
9312	3620	3620000.000
9313	3663	3663000.000
9314	3600	3600000.000
9315	3517	3517000.000
9316	3548	3548000.000
9317	3542	3542000.000
9318	3646	3646000.000
9319	3587	3587000.000
9320	3669	3669000.000
9321	3678	3678000.000
9322	3743	3743000.000
9323	3631	3631000.000
9324	3793	3793000.000
9325	3715	3715000.000
9326	3660	3660000.000
9327	3699	3699000.000
9328	3639	3639000.000
9329	3674	3674000.000
9330	3605	3605000.000
9331	3565	3565000.000
9332	3626	3626000.000
9333	3661	3661000.000
9334	3507	3507000.000
9335	3656	3656000.000
9336	3623	3623000.000
9337	3680	3680000.000
9338	3660	3660000.000
9339	3687	3687000.000
9340	3618	3618000.000
9341	3591	3591000.000
9342	3588	3588000.000
9343	3634	3634000.000
9344	3703	3703000.000
9345	3696	3696000.000
9346	3649	3649000.000
9347	3610	3610000.000
9348	3729	3729000.000
9349	3700	3700000.000
9350	3785	3785000.000
9351	3654	3654000.000
9352	3758	3758000.000
9353	3582	3582000.000
9354	3556	3556000.000
9355	3541	3541000.000
9356	3593	3593000.000
9357	3662	3662000.000
9358	3604	3604000.000
9359	3619	3619000.000
9360	3621	3621000.000
9361	3675	3675000.000
9362	3552	3552000.000
9363	3575	3575000.000
9364	3547	3547000.000
9365	3598	3598000.000
9366	3719	3719000.000
9367	3680	3680000.000
9368	3708	3708000.000
9369	3751	3751000.000
9370	3714	3714000.000
9371	3774	3774000.000
9372	3753	3753000.000
9373	3747	3747000.000
9374	3734	3734000.000
9375	3725	3725000.000
9376	3788	3788000.000
9377	3656	3656000.000
9378	3500	3500000.000
9379	3588	3588000.000
9380	3520	3520000.000
9381	3549	3549000.000
9382	3631	3631000.000
9383	3639	3639000.000
9384	3655	3655000.000
9385	3655	3655000.000
9386	3669	3669000.000
9387	3514	3514000.000
9388	3643	3643000.000
9389	3626	3626000.000
9390	3804	3804000.000
9391	3738	3738000.000
9392	3803	3803000.000
9393	3646	3646000.000
9394	3610	3610000.000
9395	3717	3717000.000
9396	3699	3699000.000
9397	3736	3736000.000
9398	3632	3632000.000
9399	3678	3678000.000
9400	3713	3713000.000
9401	3678	3678000.000
9402	3591	3591000.000
9403	3581	3581000.000
9404	3564	3564000.000
9405	3511	3511000.000
9406	3687	3687000.000
9407	3591	3591000.000
9408	3553	3553000.000
9409	3551	3551000.000
9410	3557	3557000.000
9411	3590	3590000.000
9412	3681	3681000.000
9413	3615	3615000.000
9414	3728	3728000.000
9415	3799	3799000.000
9416	3710	3710000.000
9417	3693	3693000.000
9418	3820	3820000.000
9419	3757	3757000.000
9420	3701	3701000.000
9421	3751	3751000.000
9422	3741	3741000.000
9423	3709	3709000.000
9424	3562	3562000.000
9425	3646	3646000.000
9426	3610	3610000.000
9427	3614	3614000.000
9428	3603	3603000.000
9429	3593	3593000.000
9430	3594	3594000.000
9431	3681	3681000.000
9432	3614	3614000.000
9433	3551	3551000.000
9434	3612	3612000.000
9435	3638	3638000.000
9436	3647	3647000.000
9437	3615	3615000.000
9438	3786	3786000.000
9439	3701	3701000.000
9440	3726	3726000.000
9441	3723	3723000.000
9442	3730	3730000.000
9443	3747	3747000.000
9444	3644	3644000.000
9445	3624	3624000.000
9446	3657	3657000.000
9447	3710	3710000.000
9448	3651	3651000.000
9449	3601	3601000.000
9450	3667	3667000.000
9451	3694	3694000.000
9452	3646	3646000.000
9453	3593	3593000.000
9454	3691	3691000.000
9455	3566	3566000.000
9456	3635	3635000.000
9457	3589	3589000.000
9458	3701	3701000.000
9459	3655	3655000.000
9460	3711	3711000.000
9461	3665	3665000.000
9462	3755	3755000.000
9463	3724	3724000.000
9464	3815	3815000.000
9465	3718	3718000.000
9466	3783	3783000.000
9467	3692	3692000.000
9468	3755	3755000.000
9469	3703	3703000.000
9470	3752	3752000.000
9471	3580	3580000.000
9472	3681	3681000.000
9473	3614	3614000.000
9474	3560	3560000.000
9475	3609	3609000.000
9476	3717	3717000.000
9477	3672	3672000.000
9478	3565	3565000.000
9479	3645	3645000.000
9480	3593	3593000.000
9481	3628	3628000.000
9482	3674	3674000.000
9483	3710	3710000.000
9484	3701	3701000.000
9485	3665	3665000.000
9486	3717	3717000.000
9487	3705	3705000.000
9488	3692	3692000.000
9489	3795	3795000.000
9490	3729	3729000.000
9491	3720	3720000.000
9492	3617	3617000.000
9493	3561	3561000.000
9494	3650	3650000.000
9495	3540	3540000.000
9496	3633	3633000.000
9497	3738	3738000.000
9498	3679	3679000.000
9499	3707	3707000.000
9500	3696	3696000.000
9501	3640	3640000.000
9502	3675	3675000.000
9503	3612	3612000.000
9504	3634	3634000.000
9505	3600	3600000.000
9506	3710	3710000.000
9507	3704	3704000.000
9508	3660	3660000.000
9509	3772	3772000.000
9510	3775	3775000.000
9511	3803	3803000.000
9512	3775	3775000.000
9513	3647	3647000.000
9514	3680	3680000.000
9515	3595	3595000.000
9516	3606	3606000.000
9517	3677	3677000.000
9518	3619	3619000.000
9519	3625	3625000.000
9520	3826	3826000.000
9521	3753	3753000.000
9522	3738	3738000.000
9523	3726	3726000.000
9524	3679	3679000.000
9525	3649	3649000.000
9526	3640	3640000.000
9527	3544	3544000.000
9528	3608	3608000.000
9529	3733	3733000.000
9530	3664	3664000.000
9531	3673	3673000.000
9532	3704	3704000.000
9533	3857	3857000.000
9534	3838	3838000.000
9535	3668	3668000.000
9536	3588	3588000.000
9537	3656	3656000.000
9538	3721	3721000.000
9539	3647	3647000.000
9540	3610	3610000.000
9541	3611	3611000.000
9542	3684	3684000.000
9543	3585	3585000.000
9544	3697	3697000.000
9545	3693	3693000.000
9546	3733	3733000.000
9547	3622	3622000.000
9548	3719	3719000.000
9549	3598	3598000.000
9550	3560	3560000.000
9551	3552	3552000.000
9552	3618	3618000.000
9553	3587	3587000.000
9554	3555	3555000.000
9555	3717	3717000.000
9556	3634	3634000.000
9557	3633	3633000.000
9558	3715	3715000.000
9559	3736	3736000.000
9560	3705	3705000.000
9561	3649	3649000.000
9562	3546	3546000.000
9563	3451	3451000.000
9564	3550	3550000.000
9565	3655	3655000.000
9566	3727	3727000.000
9567	3775	3775000.000
9568	3665	3665000.000
9569	3710	3710000.000
9570	3733	3733000.000
9571	3732	3732000.000
9572	3575	3575000.000
9573	3638	3638000.000
9574	3532	3532000.000
9575	3609	3609000.000
9576	3649	3649000.000
9577	3630	3630000.000
9578	3697	3697000.000
9579	3702	3702000.000
9580	3787	3787000.000
9581	3688	3688000.000
9582	3752	3752000.000
9583	3593	3593000.000
9584	3584	3584000.000
9585	3549	3549000.000
9586	3556	3556000.000
9587	3631	3631000.000
9588	3630	3630000.000
9589	3754	3754000.000
9590	3716	3716000.000
9591	3844	3844000.000
9592	3701	3701000.000
9593	3744	3744000.000
9594	3741	3741000.000
9595	3762	3762000.000
9596	3562	3562000.000
9597	3509	3509000.000
9598	3608	3608000.000
9599	3616	3616000.000
9600	3633	3633000.000
9601	3614	3614000.000
9602	3680	3680000.000
9603	3708	3708000.000
9604	3708	3708000.000
9605	3699	3699000.000
9606	3640	3640000.000
9607	3652	3652000.000
9608	3592	3592000.000
9609	3557	3557000.000
9610	3705	3705000.000
9611	3703	3703000.000
9612	3723	3723000.000
9613	3764	3764000.000
9614	3677	3677000.000
9615	3799	3799000.000
9616	3764	3764000.000
9617	3814	3814000.000
9618	3764	3764000.000
9619	3660	3660000.000
9620	3515	3515000.000
9621	3575	3575000.000
9622	3611	3611000.000
9623	3670	3670000.000
9624	3635	3635000.000
9625	3716	3716000.000
9626	3618	3618000.000
9627	3725	3725000.000
9628	3684	3684000.000
9629	3615	3615000.000
9630	3597	3597000.000
9631	3617	3617000.000
9632	3696	3696000.000
9633	3684	3684000.000
9634	3747	3747000.000
9635	3748	3748000.000
9636	3744	3744000.000
9637	3704	3704000.000
9638	3666	3666000.000
9639	3768	3768000.000
9640	3653	3653000.000
9641	3718	3718000.000
9642	3604	3604000.000
9643	3681	3681000.000
9644	3649	3649000.000
9645	3613	3613000.000
9646	3580	3580000.000
9647	3755	3755000.000
9648	3683	3683000.000
9649	3667	3667000.000
9650	3801	3801000.000
9651	3563	3563000.000
9652	3628	3628000.000
9653	3645	3645000.000
9654	3588	3588000.000
9655	3616	3616000.000
9656	3602	3602000.000
9657	3578	3578000.000
9658	3617	3617000.000
9659	3675	3675000.000
9660	3735	3735000.000
9661	3718	3718000.000
9662	3747	3747000.000
9663	3642	3642000.000
9664	3658	3658000.000
9665	3734	3734000.000
9666	3682	3682000.000
9667	3719	3719000.000
9668	3519	3519000.000
9669	3552	3552000.000
9670	3627	3627000.000
9671	3617	3617000.000
9672	3721	3721000.000
9673	3699	3699000.000
9674	3608	3608000.000
9675	3676	3676000.000
9676	3541	3541000.000
9677	3656	3656000.000
9678	3530	3530000.000
9679	3533	3533000.000
9680	3723	3723000.000
9681	3593	3593000.000
9682	3702	3702000.000
9683	3609	3609000.000
9684	3702	3702000.000
9685	3766	3766000.000
9686	3632	3632000.000
9687	3673	3673000.000
9688	3608	3608000.000
9689	3599	3599000.000
9690	3690	3690000.000
9691	3590	3590000.000
9692	3634	3634000.000
9693	3728	3728000.000
9694	3535	3535000.000
9695	3750	3750000.000
9696	3674	3674000.000
9697	3556	3556000.000
9698	3596	3596000.000
9699	3575	3575000.000
9700	3584	3584000.000
9701	3683	3683000.000
9702	3572	3572000.000
9703	3645	3645000.000
9704	3711	3711000.000
9705	3699	3699000.000
9706	3717	3717000.000
9707	3701	3701000.000
9708	3687	3687000.000
9709	3646	3646000.000
9710	3666	3666000.000
9711	3701	3701000.000
9712	3642	3642000.000
9713	3560	3560000.000
9714	3606	3606000.000
9715	3640	3640000.000
9716	3628	3628000.000
9717	3668	3668000.000
9718	3737	3737000.000
9719	3682	3682000.000
9720	3666	3666000.000
9721	3678	3678000.000
9722	3662	3662000.000
9723	3580	3580000.000
9724	3555	3555000.000
9725	3547	3547000.000
9726	3568	3568000.000
9727	3695	3695000.000
9728	3681	3681000.000
9729	3754	3754000.000
9730	3678	3678000.000
9731	3666	3666000.000
9732	3716	3716000.000
9733	3684	3684000.000
9734	3710	3710000.000
9735	3624	3624000.000
9736	3498	3498000.000
9737	3599	3599000.000
9738	3585	3585000.000
9739	3647	3647000.000
9740	3682	3682000.000
9741	3723	3723000.000
9742	3674	3674000.000
9743	3618	3618000.000
9744	3727	3727000.000
9745	3607	3607000.000
9746	3578	3578000.000
9747	3643	3643000.000
9748	3573	3573000.000
9749	3677	3677000.000
9750	3632	3632000.000
9751	3707	3707000.000
9752	3676	3676000.000
9753	3746	3746000.000
9754	3645	3645000.000
9755	3684	3684000.000
9756	3730	3730000.000
9757	3590	3590000.000
9758	3672	3672000.000
9759	3561	3561000.000
9760	3547	3547000.000
9761	3582	3582000.000
9762	3623	3623000.000
9763	3683	3683000.000
9764	3628	3628000.000
9765	3650	3650000.000
9766	3724	3724000.000
9767	3646	3646000.000
9768	3604	3604000.000
9769	3511	3511000.000
9770	3645	3645000.000
9771	3573	3573000.000
9772	3555	3555000.000
9773	3777	3777000.000
9774	3776	3776000.000
9775	3654	3654000.000
9776	3746	3746000.000
9777	3728	3728000.000
9778	3705	3705000.000
9779	3794	3794000.000
9780	3721	3721000.000
9781	3664	3664000.000
9782	3659	3659000.000
9783	3620	3620000.000
9784	3577	3577000.000
9785	3498	3498000.000
9786	3665	3665000.000
9787	3699	3699000.000
9788	3707	3707000.000
9789	3720	3720000.000
9790	3723	3723000.000
9791	3675	3675000.000
9792	3578	3578000.000
9793	3597	3597000.000
9794	3535	3535000.000
9795	3604	3604000.000
9796	3645	3645000.000
9797	3665	3665000.000
9798	3770	3770000.000
9799	3703	3703000.000
9800	3643	3643000.000
9801	3670	3670000.000
9802	3726	3726000.000
9803	3655	3655000.000
9804	3634	3634000.000
9805	3580	3580000.000
9806	3601	3601000.000
9807	3531	3531000.000
9808	3592	3592000.000
9809	3635	3635000.000
9810	3598	3598000.000
9811	3753	3753000.000
9812	3666	3666000.000
9813	3650	3650000.000
9814	3627	3627000.000
9815	3662	3662000.000
9816	3624	3624000.000
9817	3476	3476000.000
9818	3563	3563000.000
9819	3612	3612000.000
9820	3663	3663000.000
9821	3720	3720000.000
9822	3751	3751000.000
9823	3684	3684000.000
9824	3650	3650000.000
9825	3710	3710000.000
9826	3718	3718000.000
9827	3635	3635000.000
9828	3599	3599000.000
9829	3610	3610000.000
9830	3636	3636000.000
9831	3564	3564000.000
9832	3641	3641000.000
9833	3762	3762000.000
9834	3571	3571000.000
9835	3618	3618000.000
9836	3621	3621000.000
9837	3690	3690000.000
9838	3558	3558000.000
9839	3510	3510000.000
9840	3524	3524000.000
9841	3577	3577000.000
9842	3676	3676000.000
9843	3729	3729000.000
9844	3690	3690000.000
9845	3802	3802000.000
9846	3750	3750000.000
9847	3679	3679000.000
9848	3686	3686000.000
9849	3723	3723000.000
9850	3534	3534000.000
9851	3597	3597000.000
9852	3583	3583000.000
9853	3524	3524000.000
9854	3606	3606000.000
9855	3584	3584000.000
9856	3611	3611000.000
9857	3686	3686000.000
9858	3693	3693000.000
9859	3733	3733000.000
9860	3581	3581000.000
9861	3599	3599000.000
9862	3529	3529000.000
9863	3659	3659000.000
9864	3596	3596000.000
9865	3625	3625000.000
9866	3646	3646000.000
9867	3826	3826000.000
9868	3616	3616000.000
9869	3704	3704000.000
9870	3730	3730000.000
9871	3701	3701000.000
9872	3716	3716000.000
9873	3678	3678000.000
9874	3593	3593000.000
9875	3563	3563000.000
9876	3573	3573000.000
9877	3535	3535000.000
9878	3634	3634000.000
9879	3634	3634000.000
9880	3705	3705000.000
9881	3726	3726000.000
9882	3654	3654000.000
9883	3678	3678000.000
9884	3573	3573000.000
9885	3622	3622000.000
9886	3637	3637000.000
9887	3631	3631000.000
9888	3600	3600000.000
9889	3713	3713000.000
9890	3793	3793000.000
9891	3701	3701000.000
9892	3760	3760000.000
9893	3766	3766000.000
9894	3752	3752000.000
9895	3671	3671000.000
9896	3640	3640000.000
9897	3723	3723000.000
9898	3588	3588000.000
9899	3519	3519000.000
9900	3558	3558000.000
9901	3638	3638000.000
9902	3616	3616000.000
9903	3737	3737000.000
9904	3782	3782000.000
9905	3728	3728000.000
9906	3602	3602000.000
9907	3674	3674000.000
9908	3573	3573000.000
9909	3540	3540000.000
9910	3622	3622000.000
9911	3631	3631000.000
9912	3651	3651000.000
9913	3654	3654000.000
9914	3654	3654000.000
9915	3678	3678000.000
9916	3667	3667000.000
9917	3765	3765000.000
9918	3679	3679000.000
9919	3670	3670000.000
9920	3741	3741000.000
9921	3570	3570000.000
9922	3567	3567000.000
9923	3576	3576000.000
9924	3521	3521000.000
9925	3576	3576000.000
9926	3680	3680000.000
9927	3694	3694000.000
9928	3652	3652000.000
9929	3704	3704000.000
9930	3532	3532000.000
9931	3648	3648000.000
9932	3528	3528000.000
9933	3612	3612000.000
9934	3609	3609000.000
9935	3660	3660000.000
9936	3658	3658000.000
9937	3668	3668000.000
9938	3652	3652000.000
9939	3722	3722000.000
9940	3819	3819000.000
9941	3728	3728000.000
9942	3645	3645000.000
9943	3650	3650000.000
9944	3578	3578000.000
9945	3595	3595000.000
9946	3572	3572000.000
9947	3586	3586000.000
9948	3599	3599000.000
9949	3634	3634000.000
9950	3578	3578000.000
9951	3677	3677000.000
9952	3546	3546000.000
9953	3677	3677000.000
9954	3591	3591000.000
9955	3582	3582000.000
9956	3503	3503000.000
9957	3511	3511000.000
9958	3551	3551000.000
9959	3745	3745000.000
9960	3734	3734000.000
9961	3756	3756000.000
9962	3760	3760000.000
9963	3699	3699000.000
9964	3731	3731000.000
9965	3665	3665000.000
9966	3683	3683000.000
9967	3581	3581000.000
9968	3526	3526000.000
9969	3563	3563000.000
9970	3686	3686000.000
9971	3607	3607000.000
9972	3551	3551000.000
9973	3686	3686000.000
9974	3663	3663000.000
9975	3701	3701000.000
9976	3606	3606000.000
9977	3507	3507000.000
9978	3681	3681000.000
9979	3625	3625000.000
9980	3645	3645000.000
9981	3709	3709000.000
9982	3673	3673000.000
9983	3618	3618000.000
9984	3601	3601000.000
9985	3617	3617000.000
9986	3698	3698000.000
9987	3761	3761000.000
9988	3695	3695000.000
9989	3703	3703000.000
9990	3529	3529000.000
9991	3617	3617000.000
9992	3514	3514000.000
9993	3649	3649000.000
9994	3540	3540000.000
9995	3659	3659000.000
9996	3605	3605000.000
9997	3746	3746000.000
9998	3549	3549000.000
9999	3672	3672000.000
10000	3566	3566000.000
