# bins en theta = 150.00 deg
# bin_length_s = 0.001000
# bin	counts	CPS
1	4388	4388000.000
2	4429	4429000.000
3	4369	4369000.000
4	4350	4350000.000
5	4426	4426000.000
6	4367	4367000.000
7	4408	4408000.000
8	4415	4415000.000
9	4435	4435000.000
10	4369	4369000.000
11	4269	4269000.000
12	4242	4242000.000
13	4373	4373000.000
14	4473	4473000.000
15	4368	4368000.000
16	4501	4501000.000
17	4466	4466000.000
18	4463	4463000.000
19	4495	4495000.000
20	4437	4437000.000
21	4447	4447000.000
22	4609	4609000.000
23	4448	4448000.000
24	4346	4346000.000
25	4291	4291000.000
26	4300	4300000.000
27	4365	4365000.000
28	4399	4399000.000
29	4454	4454000.000
30	4377	4377000.000
31	4395	4395000.000
32	4317	4317000.000
33	4333	4333000.000
34	4222	4222000.000
35	4356	4356000.000
36	4502	4502000.000
37	4507	4507000.000
38	4376	4376000.000
39	4433	4433000.000
40	4482	4482000.000
41	4549	4549000.000
42	4461	4461000.000
43	4548	4548000.000
44	4461	4461000.000
45	4469	4469000.000
46	4310	4310000.000
47	4329	4329000.000
48	4423	4423000.000
49	4322	4322000.000
50	4415	4415000.000
51	4509	4509000.000
52	4377	4377000.000
53	4360	4360000.000
54	4414	4414000.000
55	4407	4407000.000
56	4355	4355000.000
57	4326	4326000.000
58	4353	4353000.000
59	4399	4399000.000
60	4519	4519000.000
61	4431	4431000.000
62	4461	4461000.000
63	4455	4455000.000
64	4462	4462000.000
65	4471	4471000.000
66	4502	4502000.000
67	4527	4527000.000
68	4394	4394000.000
69	4389	4389000.000
70	4402	4402000.000
71	4257	4257000.000
72	4351	4351000.000
73	4326	4326000.000
74	4393	4393000.000
75	4329	4329000.000
76	4345	4345000.000
77	4382	4382000.000
78	4346	4346000.000
79	4398	4398000.000
80	4360	4360000.000
81	4265	4265000.000
82	4468	4468000.000
83	4402	4402000.000
84	4519	4519000.000
85	4397	4397000.000
86	4481	4481000.000
87	4491	4491000.000
88	4510	4510000.000
89	4537	4537000.000
90	4519	4519000.000
91	4510	4510000.000
92	4404	4404000.000
93	4412	4412000.000
94	4324	4324000.000
95	4277	4277000.000
96	4218	4218000.000
97	4336	4336000.000
98	4452	4452000.000
99	4248	4248000.000
100	4376	4376000.000
101	4377	4377000.000
102	4404	4404000.000
103	4336	4336000.000
104	4353	4353000.000
105	4362	4362000.000
106	4425	4425000.000
107	4439	4439000.000
108	4434	4434000.000
109	4465	4465000.000
110	4546	4546000.000
111	4433	4433000.000
112	4422	4422000.000
113	4532	4532000.000
114	4471	4471000.000
115	4387	4387000.000
116	4337	4337000.000
117	4339	4339000.000
118	4365	4365000.000
119	4324	4324000.000
120	4418	4418000.000
121	4409	4409000.000
122	4378	4378000.000
123	4279	4279000.000
124	4376	4376000.000
125	4362	4362000.000
126	4385	4385000.000
127	4356	4356000.000
128	4406	4406000.000
129	4451	4451000.000
130	4367	4367000.000
131	4468	4468000.000
132	4482	4482000.000
133	4536	4536000.000
134	4540	4540000.000
135	4462	4462000.000
136	4533	4533000.000
137	4489	4489000.000
138	4414	4414000.000
139	4405	4405000.000
140	4267	4267000.000
141	4340	4340000.000
142	4301	4301000.000
143	4374	4374000.000
144	4411	4411000.000
145	4420	4420000.000
146	4473	4473000.000
147	4322	4322000.000
148	4408	4408000.000
149	4344	4344000.000
150	4405	4405000.000
151	4325	4325000.000
152	4452	4452000.000
153	4362	4362000.000
154	4431	4431000.000
155	4496	4496000.000
156	4497	4497000.000
157	4559	4559000.000
158	4604	4604000.000
159	4453	4453000.000
160	4553	4553000.000
161	4511	4511000.000
162	4371	4371000.000
163	4282	4282000.000
164	4425	4425000.000
165	4314	4314000.000
166	4368	4368000.000
167	4348	4348000.000
168	4416	4416000.000
169	4374	4374000.000
170	4382	4382000.000
171	4421	4421000.000
172	4339	4339000.000
173	4408	4408000.000
174	4321	4321000.000
175	4483	4483000.000
176	4441	4441000.000
177	4422	4422000.000
178	4583	4583000.000
179	4604	4604000.000
180	4440	4440000.000
181	4514	4514000.000
182	4439	4439000.000
183	4377	4377000.000
184	4402	4402000.000
185	4429	4429000.000
186	4190	4190000.000
187	4382	4382000.000
188	4375	4375000.000
189	4288	4288000.000
190	4304	4304000.000
191	4350	4350000.000
192	4387	4387000.000
193	4400	4400000.000
194	4297	4297000.000
195	4415	4415000.000
196	4315	4315000.000
197	4336	4336000.000
198	4414	4414000.000
199	4490	4490000.000
200	4401	4401000.000
201	4534	4534000.000
202	4517	4517000.000
203	4487	4487000.000
204	4443	4443000.000
205	4449	4449000.000
206	4455	4455000.000
207	4428	4428000.000
208	4460	4460000.000
209	4304	4304000.000
210	4422	4422000.000
211	4261	4261000.000
212	4369	4369000.000
213	4371	4371000.000
214	4337	4337000.000
215	4320	4320000.000
216	4284	4284000.000
217	4298	4298000.000
218	4413	4413000.000
219	4296	4296000.000
220	4281	4281000.000
221	4396	4396000.000
222	4333	4333000.000
223	4468	4468000.000
224	4477	4477000.000
225	4475	4475000.000
226	4503	4503000.000
227	4584	4584000.000
228	4446	4446000.000
229	4399	4399000.000
230	4439	4439000.000
231	4425	4425000.000
232	4460	4460000.000
233	4313	4313000.000
234	4381	4381000.000
235	4389	4389000.000
236	4400	4400000.000
237	4359	4359000.000
238	4385	4385000.000
239	4359	4359000.000
240	4386	4386000.000
241	4432	4432000.000
242	4363	4363000.000
243	4369	4369000.000
244	4352	4352000.000
245	4383	4383000.000
246	4478	4478000.000
247	4569	4569000.000
248	4486	4486000.000
249	4400	4400000.000
250	4477	4477000.000
251	4459	4459000.000
252	4552	4552000.000
253	4542	4542000.000
254	4492	4492000.000
255	4394	4394000.000
256	4267	4267000.000
257	4285	4285000.000
258	4431	4431000.000
259	4344	4344000.000
260	4412	4412000.000
261	4362	4362000.000
262	4346	4346000.000
263	4408	4408000.000
264	4440	4440000.000
265	4341	4341000.000
266	4372	4372000.000
267	4459	4459000.000
268	4412	4412000.000
269	4500	4500000.000
270	4479	4479000.000
271	4487	4487000.000
272	4490	4490000.000
273	4455	4455000.000
274	4419	4419000.000
275	4486	4486000.000
276	4414	4414000.000
277	4385	4385000.000
278	4386	4386000.000
279	4335	4335000.000
280	4316	4316000.000
281	4397	4397000.000
282	4346	4346000.000
283	4430	4430000.000
284	4353	4353000.000
285	4395	4395000.000
286	4354	4354000.000
287	4338	4338000.000
288	4402	4402000.000
289	4442	4442000.000
290	4354	4354000.000
291	4435	4435000.000
292	4516	4516000.000
293	4527	4527000.000
294	4514	4514000.000
295	4363	4363000.000
296	4663	4663000.000
297	4381	4381000.000
298	4486	4486000.000
299	4453	4453000.000
300	4377	4377000.000
301	4327	4327000.000
302	4358	4358000.000
303	4410	4410000.000
304	4348	4348000.000
305	4438	4438000.000
306	4419	4419000.000
307	4484	4484000.000
308	4395	4395000.000
309	4449	4449000.000
310	4311	4311000.000
311	4376	4376000.000
312	4297	4297000.000
313	4356	4356000.000
314	4522	4522000.000
315	4546	4546000.000
316	4521	4521000.000
317	4471	4471000.000
318	4588	4588000.000
319	4440	4440000.000
320	4447	4447000.000
321	4462	4462000.000
322	4470	4470000.000
323	4452	4452000.000
324	4390	4390000.000
325	4402	4402000.000
326	4283	4283000.000
327	4282	4282000.000
328	4352	4352000.000
329	4361	4361000.000
330	4422	4422000.000
331	4510	4510000.000
332	4466	4466000.000
333	4374	4374000.000
334	4354	4354000.000
335	4417	4417000.000
336	4331	4331000.000
337	4393	4393000.000
338	4397	4397000.000
339	4392	4392000.000
340	4466	4466000.000
341	4421	4421000.000
342	4520	4520000.000
343	4481	4481000.000
344	4418	4418000.000
345	4511	4511000.000
346	4435	4435000.000
347	4424	4424000.000
348	4270	4270000.000
349	4250	4250000.000
350	4305	4305000.000
351	4305	4305000.000
352	4289	4289000.000
353	4362	4362000.000
354	4444	4444000.000
355	4361	4361000.000
356	4396	4396000.000
357	4217	4217000.000
358	4291	4291000.000
359	4253	4253000.000
360	4348	4348000.000
361	4304	4304000.000
362	4503	4503000.000
363	4445	4445000.000
364	4396	4396000.000
365	4489	4489000.000
366	4436	4436000.000
367	4474	4474000.000
368	4399	4399000.000
369	4381	4381000.000
370	4303	4303000.000
371	4317	4317000.000
372	4323	4323000.000
373	4251	4251000.000
374	4402	4402000.000
375	4389	4389000.000
376	4260	4260000.000
377	4452	4452000.000
378	4341	4341000.000
379	4366	4366000.000
380	4293	4293000.000
381	4238	4238000.000
382	4320	4320000.000
383	4348	4348000.000
384	4345	4345000.000
385	4404	4404000.000
386	4379	4379000.000
387	4484	4484000.000
388	4426	4426000.000
389	4514	4514000.000
390	4509	4509000.000
391	4428	4428000.000
392	4393	4393000.000
393	4342	4342000.000
394	4260	4260000.000
395	4276	4276000.000
396	4427	4427000.000
397	4319	4319000.000
398	4399	4399000.000
399	4362	4362000.000
400	4437	4437000.000
401	4481	4481000.000
402	4381	4381000.000
403	4404	4404000.000
404	4282	4282000.000
405	4286	4286000.000
406	4365	4365000.000
407	4265	4265000.000
408	4461	4461000.000
409	4399	4399000.000
410	4418	4418000.000
411	4476	4476000.000
412	4425	4425000.000
413	4532	4532000.000
414	4447	4447000.000
415	4523	4523000.000
416	4288	4288000.000
417	4283	4283000.000
418	4315	4315000.000
419	4330	4330000.000
420	4373	4373000.000
421	4303	4303000.000
422	4518	4518000.000
423	4501	4501000.000
424	4586	4586000.000
425	4461	4461000.000
426	4275	4275000.000
427	4377	4377000.000
428	4318	4318000.000
429	4324	4324000.000
430	4351	4351000.000
431	4307	4307000.000
432	4415	4415000.000
433	4400	4400000.000
434	4568	4568000.000
435	4500	4500000.000
436	4369	4369000.000
437	4390	4390000.000
438	4477	4477000.000
439	4507	4507000.000
440	4227	4227000.000
441	4324	4324000.000
442	4394	4394000.000
443	4381	4381000.000
444	4436	4436000.000
445	4450	4450000.000
446	4448	4448000.000
447	4422	4422000.000
448	4393	4393000.000
449	4331	4331000.000
450	4334	4334000.000
451	4240	4240000.000
452	4225	4225000.000
453	4349	4349000.000
454	4425	4425000.000
455	4346	4346000.000
456	4420	4420000.000
457	4510	4510000.000
458	4498	4498000.000
459	4341	4341000.000
460	4432	4432000.000
461	4328	4328000.000
462	4357	4357000.000
463	4388	4388000.000
464	4414	4414000.000
465	4369	4369000.000
466	4392	4392000.000
467	4544	4544000.000
468	4407	4407000.000
469	4469	4469000.000
470	4490	4490000.000
471	4414	4414000.000
472	4435	4435000.000
473	4450	4450000.000
474	4329	4329000.000
475	4372	4372000.000
476	4222	4222000.000
477	4325	4325000.000
478	4331	4331000.000
479	4481	4481000.000
480	4519	4519000.000
481	4489	4489000.000
482	4457	4457000.000
483	4539	4539000.000
484	4451	4451000.000
485	4327	4327000.000
486	4290	4290000.000
487	4293	4293000.000
488	4438	4438000.000
489	4353	4353000.000
490	4533	4533000.000
491	4470	4470000.000
492	4489	4489000.000
493	4567	4567000.000
494	4469	4469000.000
495	4440	4440000.000
496	4484	4484000.000
497	4455	4455000.000
498	4400	4400000.000
499	4363	4363000.000
500	4302	4302000.000
501	4340	4340000.000
502	4496	4496000.000
503	4470	4470000.000
504	4489	4489000.000
505	4425	4425000.000
506	4452	4452000.000
507	4466	4466000.000
508	4388	4388000.000
509	4455	4455000.000
510	4364	4364000.000
511	4207	4207000.000
512	4424	4424000.000
513	4364	4364000.000
514	4433	4433000.000
515	4540	4540000.000
516	4496	4496000.000
517	4406	4406000.000
518	4549	4549000.000
519	4361	4361000.000
520	4389	4389000.000
521	4300	4300000.000
522	4342	4342000.000
523	4333	4333000.000
524	4384	4384000.000
525	4476	4476000.000
526	4534	4534000.000
527	4390	4390000.000
528	4573	4573000.000
529	4506	4506000.000
530	4373	4373000.000
531	4328	4328000.000
532	4310	4310000.000
533	4447	4447000.000
534	4395	4395000.000
535	4400	4400000.000
536	4450	4450000.000
537	4469	4469000.000
538	4521	4521000.000
539	4464	4464000.000
540	4484	4484000.000
541	4571	4571000.000
542	4479	4479000.000
543	4393	4393000.000
544	4311	4311000.000
545	4384	4384000.000
546	4281	4281000.000
547	4438	4438000.000
548	4529	4529000.000
549	4499	4499000.000
550	4458	4458000.000
551	4454	4454000.000
552	4421	4421000.000
553	4491	4491000.000
554	4519	4519000.000
555	4274	4274000.000
556	4349	4349000.000
557	4314	4314000.000
558	4453	4453000.000
559	4462	4462000.000
560	4477	4477000.000
561	4491	4491000.000
562	4566	4566000.000
563	4497	4497000.000
564	4467	4467000.000
565	4508	4508000.000
566	4471	4471000.000
567	4384	4384000.000
568	4484	4484000.000
569	4384	4384000.000
570	4410	4410000.000
571	4341	4341000.000
572	4459	4459000.000
573	4420	4420000.000
574	4417	4417000.000
575	4456	4456000.000
576	4457	4457000.000
577	4399	4399000.000
578	4357	4357000.000
579	4367	4367000.000
580	4336	4336000.000
581	4421	4421000.000
582	4488	4488000.000
583	4535	4535000.000
584	4489	4489000.000
585	4555	4555000.000
586	4518	4518000.000
587	4461	4461000.000
588	4561	4561000.000
589	4386	4386000.000
590	4392	4392000.000
591	4460	4460000.000
592	4398	4398000.000
593	4259	4259000.000
594	4409	4409000.000
595	4402	4402000.000
596	4470	4470000.000
597	4427	4427000.000
598	4570	4570000.000
599	4545	4545000.000
600	4381	4381000.000
601	4331	4331000.000
602	4406	4406000.000
603	4427	4427000.000
604	4469	4469000.000
605	4490	4490000.000
606	4519	4519000.000
607	4405	4405000.000
608	4544	4544000.000
609	4578	4578000.000
610	4408	4408000.000
611	4538	4538000.000
612	4418	4418000.000
613	4402	4402000.000
614	4446	4446000.000
615	4357	4357000.000
616	4430	4430000.000
617	4373	4373000.000
618	4503	4503000.000
619	4423	4423000.000
620	4486	4486000.000
621	4359	4359000.000
622	4495	4495000.000
623	4449	4449000.000
624	4336	4336000.000
625	4406	4406000.000
626	4311	4311000.000
627	4352	4352000.000
628	4454	4454000.000
629	4519	4519000.000
630	4513	4513000.000
631	4511	4511000.000
632	4485	4485000.000
633	4426	4426000.000
634	4477	4477000.000
635	4418	4418000.000
636	4479	4479000.000
637	4422	4422000.000
638	4334	4334000.000
639	4389	4389000.000
640	4346	4346000.000
641	4407	4407000.000
642	4456	4456000.000
643	4453	4453000.000
644	4410	4410000.000
645	4380	4380000.000
646	4442	4442000.000
647	4334	4334000.000
648	4360	4360000.000
649	4424	4424000.000
650	4396	4396000.000
651	4381	4381000.000
652	4507	4507000.000
653	4581	4581000.000
654	4578	4578000.000
655	4562	4562000.000
656	4544	4544000.000
657	4528	4528000.000
658	4401	4401000.000
659	4494	4494000.000
660	4449	4449000.000
661	4400	4400000.000
662	4395	4395000.000
663	4364	4364000.000
664	4432	4432000.000
665	4396	4396000.000
666	4500	4500000.000
667	4416	4416000.000
668	4479	4479000.000
669	4523	4523000.000
670	4419	4419000.000
671	4366	4366000.000
672	4323	4323000.000
673	4380	4380000.000
674	4458	4458000.000
675	4471	4471000.000
676	4600	4600000.000
677	4545	4545000.000
678	4475	4475000.000
679	4475	4475000.000
680	4564	4564000.000
681	4483	4483000.000
682	4424	4424000.000
683	4431	4431000.000
684	4427	4427000.000
685	4431	4431000.000
686	4470	4470000.000
687	4467	4467000.000
688	4546	4546000.000
689	4429	4429000.000
690	4521	4521000.000
691	4571	4571000.000
692	4394	4394000.000
693	4456	4456000.000
694	4386	4386000.000
695	4378	4378000.000
696	4459	4459000.000
697	4445	4445000.000
698	4482	4482000.000
699	4481	4481000.000
700	4602	4602000.000
701	4475	4475000.000
702	4596	4596000.000
703	4514	4514000.000
704	4468	4468000.000
705	4314	4314000.000
706	4504	4504000.000
707	4318	4318000.000
708	4304	4304000.000
709	4395	4395000.000
710	4428	4428000.000
711	4426	4426000.000
712	4587	4587000.000
713	4538	4538000.000
714	4427	4427000.000
715	4499	4499000.000
716	4452	4452000.000
717	4279	4279000.000
718	4346	4346000.000
719	4412	4412000.000
720	4417	4417000.000
721	4459	4459000.000
722	4489	4489000.000
723	4637	4637000.000
724	4509	4509000.000
725	4459	4459000.000
726	4488	4488000.000
727	4465	4465000.000
728	4325	4325000.000
729	4404	4404000.000
730	4395	4395000.000
731	4425	4425000.000
732	4410	4410000.000
733	4429	4429000.000
734	4490	4490000.000
735	4500	4500000.000
736	4445	4445000.000
737	4474	4474000.000
738	4372	4372000.000
739	4359	4359000.000
740	4326	4326000.000
741	4351	4351000.000
742	4392	4392000.000
743	4394	4394000.000
744	4437	4437000.000
745	4421	4421000.000
746	4411	4411000.000
747	4526	4526000.000
748	4521	4521000.000
749	4560	4560000.000
750	4529	4529000.000
751	4356	4356000.000
752	4401	4401000.000
753	4414	4414000.000
754	4315	4315000.000
755	4489	4489000.000
756	4516	4516000.000
757	4464	4464000.000
758	4533	4533000.000
759	4482	4482000.000
760	4523	4523000.000
761	4496	4496000.000
762	4451	4451000.000
763	4386	4386000.000
764	4431	4431000.000
765	4319	4319000.000
766	4377	4377000.000
767	4500	4500000.000
768	4568	4568000.000
769	4547	4547000.000
770	4393	4393000.000
771	4497	4497000.000
772	4404	4404000.000
773	4354	4354000.000
774	4326	4326000.000
775	4378	4378000.000
776	4407	4407000.000
777	4426	4426000.000
778	4510	4510000.000
779	4429	4429000.000
780	4520	4520000.000
781	4457	4457000.000
782	4476	4476000.000
783	4423	4423000.000
784	4422	4422000.000
785	4364	4364000.000
786	4376	4376000.000
787	4348	4348000.000
788	4316	4316000.000
789	4465	4465000.000
790	4320	4320000.000
791	4390	4390000.000
792	4467	4467000.000
793	4515	4515000.000
794	4420	4420000.000
795	4479	4479000.000
796	4444	4444000.000
797	4365	4365000.000
798	4393	4393000.000
799	4356	4356000.000
800	4261	4261000.000
801	4378	4378000.000
802	4303	4303000.000
803	4381	4381000.000
804	4512	4512000.000
805	4433	4433000.000
806	4400	4400000.000
807	4476	4476000.000
808	4447	4447000.000
809	4313	4313000.000
810	4393	4393000.000
811	4370	4370000.000
812	4317	4317000.000
813	4417	4417000.000
814	4378	4378000.000
815	4454	4454000.000
816	4482	4482000.000
817	4524	4524000.000
818	4424	4424000.000
819	4415	4415000.000
820	4342	4342000.000
821	4282	4282000.000
822	4326	4326000.000
823	4345	4345000.000
824	4347	4347000.000
825	4507	4507000.000
826	4585	4585000.000
827	4528	4528000.000
828	4539	4539000.000
829	4485	4485000.000
830	4413	4413000.000
831	4475	4475000.000
832	4446	4446000.000
833	4387	4387000.000
834	4310	4310000.000
835	4365	4365000.000
836	4441	4441000.000
837	4501	4501000.000
838	4427	4427000.000
839	4471	4471000.000
840	4412	4412000.000
841	4520	4520000.000
842	4417	4417000.000
843	4343	4343000.000
844	4158	4158000.000
845	4316	4316000.000
846	4419	4419000.000
847	4354	4354000.000
848	4462	4462000.000
849	4356	4356000.000
850	4513	4513000.000
851	4461	4461000.000
852	4574	4574000.000
853	4486	4486000.000
854	4445	4445000.000
855	4397	4397000.000
856	4429	4429000.000
857	4388	4388000.000
858	4313	4313000.000
859	4367	4367000.000
860	4374	4374000.000
861	4374	4374000.000
862	4531	4531000.000
863	4545	4545000.000
864	4452	4452000.000
865	4397	4397000.000
866	4427	4427000.000
867	4452	4452000.000
868	4383	4383000.000
869	4377	4377000.000
870	4440	4440000.000
871	4359	4359000.000
872	4508	4508000.000
873	4454	4454000.000
874	4519	4519000.000
875	4468	4468000.000
876	4449	4449000.000
877	4502	4502000.000
878	4450	4450000.000
879	4399	4399000.000
880	4368	4368000.000
881	4286	4286000.000
882	4284	4284000.000
883	4356	4356000.000
884	4493	4493000.000
885	4469	4469000.000
886	4463	4463000.000
887	4531	4531000.000
888	4408	4408000.000
889	4444	4444000.000
890	4371	4371000.000
891	4278	4278000.000
892	4313	4313000.000
893	4462	4462000.000
894	4427	4427000.000
895	4420	4420000.000
896	4357	4357000.000
897	4460	4460000.000
898	4493	4493000.000
899	4484	4484000.000
900	4488	4488000.000
901	4322	4322000.000
902	4324	4324000.000
903	4334	4334000.000
904	4334	4334000.000
905	4411	4411000.000
906	4471	4471000.000
907	4467	4467000.000
908	4413	4413000.000
909	4470	4470000.000
910	4517	4517000.000
911	4436	4436000.000
912	4421	4421000.000
913	4366	4366000.000
914	4357	4357000.000
915	4397	4397000.000
916	4491	4491000.000
917	4495	4495000.000
918	4545	4545000.000
919	4477	4477000.000
920	4408	4408000.000
921	4467	4467000.000
922	4478	4478000.000
923	4435	4435000.000
924	4445	4445000.000
925	4409	4409000.000
926	4429	4429000.000
927	4382	4382000.000
928	4403	4403000.000
929	4412	4412000.000
930	4469	4469000.000
931	4515	4515000.000
932	4496	4496000.000
933	4450	4450000.000
934	4446	4446000.000
935	4409	4409000.000
936	4386	4386000.000
937	4414	4414000.000
938	4235	4235000.000
939	4414	4414000.000
940	4491	4491000.000
941	4446	4446000.000
942	4430	4430000.000
943	4496	4496000.000
944	4404	4404000.000
945	4450	4450000.000
946	4490	4490000.000
947	4434	4434000.000
948	4321	4321000.000
949	4441	4441000.000
950	4302	4302000.000
951	4359	4359000.000
952	4371	4371000.000
953	4397	4397000.000
954	4421	4421000.000
955	4403	4403000.000
956	4379	4379000.000
957	4417	4417000.000
958	4346	4346000.000
959	4425	4425000.000
960	4354	4354000.000
961	4235	4235000.000
962	4398	4398000.000
963	4434	4434000.000
964	4497	4497000.000
965	4514	4514000.000
966	4534	4534000.000
967	4460	4460000.000
968	4439	4439000.000
969	4519	4519000.000
970	4358	4358000.000
971	4391	4391000.000
972	4374	4374000.000
973	4304	4304000.000
974	4318	4318000.000
975	4271	4271000.000
976	4365	4365000.000
977	4383	4383000.000
978	4441	4441000.000
979	4412	4412000.000
980	4455	4455000.000
981	4448	4448000.000
982	4419	4419000.000
983	4310	4310000.000
984	4367	4367000.000
985	4430	4430000.000
986	4444	4444000.000
987	4496	4496000.000
988	4443	4443000.000
989	4522	4522000.000
990	4552	4552000.000
991	4476	4476000.000
992	4442	4442000.000
993	4342	4342000.000
994	4434	4434000.000
995	4443	4443000.000
996	4155	4155000.000
997	4236	4236000.000
998	4297	4297000.000
999	4398	4398000.000
1000	4494	4494000.000
1001	4394	4394000.000
1002	4368	4368000.000
1003	4380	4380000.000
1004	4469	4469000.000
1005	4435	4435000.000
1006	4330	4330000.000
1007	4278	4278000.000
1008	4384	4384000.000
1009	4347	4347000.000
1010	4440	4440000.000
1011	4420	4420000.000
1012	4508	4508000.000
1013	4424	4424000.000
1014	4437	4437000.000
1015	4566	4566000.000
1016	4472	4472000.000
1017	4376	4376000.000
1018	4346	4346000.000
1019	4308	4308000.000
1020	4280	4280000.000
1021	4355	4355000.000
1022	4362	4362000.000
1023	4430	4430000.000
1024	4278	4278000.000
1025	4493	4493000.000
1026	4424	4424000.000
1027	4326	4326000.000
1028	4355	4355000.000
1029	4302	4302000.000
1030	4358	4358000.000
1031	4333	4333000.000
1032	4421	4421000.000
1033	4424	4424000.000
1034	4469	4469000.000
1035	4366	4366000.000
1036	4502	4502000.000
1037	4487	4487000.000
1038	4490	4490000.000
1039	4485	4485000.000
1040	4435	4435000.000
1041	4371	4371000.000
1042	4278	4278000.000
1043	4333	4333000.000
1044	4342	4342000.000
1045	4318	4318000.000
1046	4382	4382000.000
1047	4413	4413000.000
1048	4467	4467000.000
1049	4448	4448000.000
1050	4405	4405000.000
1051	4397	4397000.000
1052	4392	4392000.000
1053	4361	4361000.000
1054	4317	4317000.000
1055	4359	4359000.000
1056	4503	4503000.000
1057	4498	4498000.000
1058	4498	4498000.000
1059	4414	4414000.000
1060	4522	4522000.000
1061	4466	4466000.000
1062	4541	4541000.000
1063	4423	4423000.000
1064	4397	4397000.000
1065	4357	4357000.000
1066	4294	4294000.000
1067	4261	4261000.000
1068	4339	4339000.000
1069	4335	4335000.000
1070	4442	4442000.000
1071	4514	4514000.000
1072	4453	4453000.000
1073	4465	4465000.000
1074	4398	4398000.000
1075	4306	4306000.000
1076	4445	4445000.000
1077	4453	4453000.000
1078	4414	4414000.000
1079	4380	4380000.000
1080	4357	4357000.000
1081	4428	4428000.000
1082	4469	4469000.000
1083	4465	4465000.000
1084	4510	4510000.000
1085	4442	4442000.000
1086	4431	4431000.000
1087	4392	4392000.000
1088	4363	4363000.000
1089	4458	4458000.000
1090	4342	4342000.000
1091	4417	4417000.000
1092	4450	4450000.000
1093	4438	4438000.000
1094	4315	4315000.000
1095	4364	4364000.000
1096	4427	4427000.000
1097	4354	4354000.000
1098	4382	4382000.000
1099	4253	4253000.000
1100	4311	4311000.000
1101	4360	4360000.000
1102	4354	4354000.000
1103	4513	4513000.000
1104	4466	4466000.000
1105	4585	4585000.000
1106	4491	4491000.000
1107	4408	4408000.000
1108	4458	4458000.000
1109	4539	4539000.000
1110	4449	4449000.000
1111	4451	4451000.000
1112	4372	4372000.000
1113	4317	4317000.000
1114	4349	4349000.000
1115	4430	4430000.000
1116	4474	4474000.000
1117	4515	4515000.000
1118	4377	4377000.000
1119	4360	4360000.000
1120	4321	4321000.000
1121	4345	4345000.000
1122	4235	4235000.000
1123	4306	4306000.000
1124	4417	4417000.000
1125	4469	4469000.000
1126	4399	4399000.000
1127	4518	4518000.000
1128	4456	4456000.000
1129	4414	4414000.000
1130	4457	4457000.000
1131	4537	4537000.000
1132	4407	4407000.000
1133	4447	4447000.000
1134	4380	4380000.000
1135	4358	4358000.000
1136	4265	4265000.000
1137	4395	4395000.000
1138	4365	4365000.000
1139	4436	4436000.000
1140	4400	4400000.000
1141	4407	4407000.000
1142	4391	4391000.000
1143	4331	4331000.000
1144	4380	4380000.000
1145	4259	4259000.000
1146	4443	4443000.000
1147	4343	4343000.000
1148	4560	4560000.000
1149	4500	4500000.000
1150	4455	4455000.000
1151	4479	4479000.000
1152	4452	4452000.000
1153	4426	4426000.000
1154	4379	4379000.000
1155	4441	4441000.000
1156	4396	4396000.000
1157	4297	4297000.000
1158	4374	4374000.000
1159	4316	4316000.000
1160	4341	4341000.000
1161	4311	4311000.000
1162	4393	4393000.000
1163	4408	4408000.000
1164	4441	4441000.000
1165	4299	4299000.000
1166	4312	4312000.000
1167	4314	4314000.000
1168	4279	4279000.000
1169	4325	4325000.000
1170	4408	4408000.000
1171	4348	4348000.000
1172	4400	4400000.000
1173	4405	4405000.000
1174	4457	4457000.000
1175	4498	4498000.000
1176	4510	4510000.000
1177	4520	4520000.000
1178	4449	4449000.000
1179	4454	4454000.000
1180	4385	4385000.000
1181	4325	4325000.000
1182	4351	4351000.000
1183	4288	4288000.000
1184	4321	4321000.000
1185	4378	4378000.000
1186	4436	4436000.000
1187	4379	4379000.000
1188	4382	4382000.000
1189	4377	4377000.000
1190	4365	4365000.000
1191	4335	4335000.000
1192	4364	4364000.000
1193	4235	4235000.000
1194	4441	4441000.000
1195	4473	4473000.000
1196	4565	4565000.000
1197	4430	4430000.000
1198	4456	4456000.000
1199	4345	4345000.000
1200	4380	4380000.000
1201	4484	4484000.000
1202	4449	4449000.000
1203	4400	4400000.000
1204	4277	4277000.000
1205	4307	4307000.000
1206	4354	4354000.000
1207	4371	4371000.000
1208	4442	4442000.000
1209	4395	4395000.000
1210	4481	4481000.000
1211	4382	4382000.000
1212	4460	4460000.000
1213	4343	4343000.000
1214	4373	4373000.000
1215	4360	4360000.000
1216	4392	4392000.000
1217	4467	4467000.000
1218	4476	4476000.000
1219	4473	4473000.000
1220	4551	4551000.000
1221	4434	4434000.000
1222	4449	4449000.000
1223	4475	4475000.000
1224	4515	4515000.000
1225	4504	4504000.000
1226	4396	4396000.000
1227	4212	4212000.000
1228	4323	4323000.000
1229	4297	4297000.000
1230	4334	4334000.000
1231	4312	4312000.000
1232	4425	4425000.000
1233	4498	4498000.000
1234	4424	4424000.000
1235	4483	4483000.000
1236	4366	4366000.000
1237	4319	4319000.000
1238	4276	4276000.000
1239	4433	4433000.000
1240	4356	4356000.000
1241	4389	4389000.000
1242	4497	4497000.000
1243	4419	4419000.000
1244	4524	4524000.000
1245	4413	4413000.000
1246	4470	4470000.000
1247	4463	4463000.000
1248	4458	4458000.000
1249	4291	4291000.000
1250	4314	4314000.000
1251	4314	4314000.000
1252	4286	4286000.000
1253	4333	4333000.000
1254	4390	4390000.000
1255	4471	4471000.000
1256	4447	4447000.000
1257	4391	4391000.000
1258	4549	4549000.000
1259	4307	4307000.000
1260	4335	4335000.000
1261	4333	4333000.000
1262	4364	4364000.000
1263	4391	4391000.000
1264	4439	4439000.000
1265	4473	4473000.000
1266	4402	4402000.000
1267	4458	4458000.000
1268	4496	4496000.000
1269	4492	4492000.000
1270	4377	4377000.000
1271	4495	4495000.000
1272	4401	4401000.000
1273	4337	4337000.000
1274	4366	4366000.000
1275	4298	4298000.000
1276	4330	4330000.000
1277	4422	4422000.000
1278	4365	4365000.000
1279	4536	4536000.000
1280	4489	4489000.000
1281	4426	4426000.000
1282	4416	4416000.000
1283	4339	4339000.000
1284	4352	4352000.000
1285	4263	4263000.000
1286	4349	4349000.000
1287	4534	4534000.000
1288	4411	4411000.000
1289	4373	4373000.000
1290	4414	4414000.000
1291	4477	4477000.000
1292	4398	4398000.000
1293	4374	4374000.000
1294	4464	4464000.000
1295	4483	4483000.000
1296	4387	4387000.000
1297	4257	4257000.000
1298	4283	4283000.000
1299	4400	4400000.000
1300	4397	4397000.000
1301	4508	4508000.000
1302	4534	4534000.000
1303	4418	4418000.000
1304	4350	4350000.000
1305	4330	4330000.000
1306	4319	4319000.000
1307	4310	4310000.000
1308	4246	4246000.000
1309	4378	4378000.000
1310	4421	4421000.000
1311	4491	4491000.000
1312	4468	4468000.000
1313	4512	4512000.000
1314	4495	4495000.000
1315	4406	4406000.000
1316	4475	4475000.000
1317	4465	4465000.000
1318	4409	4409000.000
1319	4356	4356000.000
1320	4431	4431000.000
1321	4324	4324000.000
1322	4374	4374000.000
1323	4448	4448000.000
1324	4444	4444000.000
1325	4519	4519000.000
1326	4460	4460000.000
1327	4319	4319000.000
1328	4516	4516000.000
1329	4315	4315000.000
1330	4377	4377000.000
1331	4257	4257000.000
1332	4403	4403000.000
1333	4561	4561000.000
1334	4377	4377000.000
1335	4521	4521000.000
1336	4566	4566000.000
1337	4488	4488000.000
1338	4499	4499000.000
1339	4469	4469000.000
1340	4535	4535000.000
1341	4398	4398000.000
1342	4420	4420000.000
1343	4415	4415000.000
1344	4403	4403000.000
1345	4251	4251000.000
1346	4350	4350000.000
1347	4433	4433000.000
1348	4320	4320000.000
1349	4403	4403000.000
1350	4361	4361000.000
1351	4303	4303000.000
1352	4321	4321000.000
1353	4247	4247000.000
1354	4363	4363000.000
1355	4360	4360000.000
1356	4504	4504000.000
1357	4531	4531000.000
1358	4425	4425000.000
1359	4583	4583000.000
1360	4513	4513000.000
1361	4405	4405000.000
1362	4462	4462000.000
1363	4402	4402000.000
1364	4438	4438000.000
1365	4423	4423000.000
1366	4369	4369000.000
1367	4308	4308000.000
1368	4330	4330000.000
1369	4343	4343000.000
1370	4375	4375000.000
1371	4469	4469000.000
1372	4523	4523000.000
1373	4521	4521000.000
1374	4466	4466000.000
1375	4356	4356000.000
1376	4366	4366000.000
1377	4288	4288000.000
1378	4348	4348000.000
1379	4334	4334000.000
1380	4486	4486000.000
1381	4346	4346000.000
1382	4525	4525000.000
1383	4448	4448000.000
1384	4501	4501000.000
1385	4420	4420000.000
1386	4486	4486000.000
1387	4508	4508000.000
1388	4354	4354000.000
1389	4352	4352000.000
1390	4331	4331000.000
1391	4347	4347000.000
1392	4488	4488000.000
1393	4491	4491000.000
1394	4527	4527000.000
1395	4472	4472000.000
1396	4565	4565000.000
1397	4321	4321000.000
1398	4312	4312000.000
1399	4349	4349000.000
1400	4431	4431000.000
1401	4469	4469000.000
1402	4522	4522000.000
1403	4464	4464000.000
1404	4410	4410000.000
1405	4420	4420000.000
1406	4434	4434000.000
1407	4326	4326000.000
1408	4412	4412000.000
1409	4412	4412000.000
1410	4466	4466000.000
1411	4529	4529000.000
1412	4408	4408000.000
1413	4405	4405000.000
1414	4379	4379000.000
1415	4316	4316000.000
1416	4393	4393000.000
1417	4434	4434000.000
1418	4405	4405000.000
1419	4495	4495000.000
1420	4403	4403000.000
1421	4462	4462000.000
1422	4400	4400000.000
1423	4351	4351000.000
1424	4318	4318000.000
1425	4338	4338000.000
1426	4356	4356000.000
1427	4419	4419000.000
1428	4492	4492000.000
1429	4361	4361000.000
1430	4495	4495000.000
1431	4469	4469000.000
1432	4406	4406000.000
1433	4520	4520000.000
1434	4402	4402000.000
1435	4415	4415000.000
1436	4275	4275000.000
1437	4308	4308000.000
1438	4321	4321000.000
1439	4317	4317000.000
1440	4467	4467000.000
1441	4414	4414000.000
1442	4541	4541000.000
1443	4492	4492000.000
1444	4406	4406000.000
1445	4321	4321000.000
1446	4333	4333000.000
1447	4308	4308000.000
1448	4324	4324000.000
1449	4448	4448000.000
1450	4546	4546000.000
1451	4420	4420000.000
1452	4437	4437000.000
1453	4438	4438000.000
1454	4511	4511000.000
1455	4479	4479000.000
1456	4436	4436000.000
1457	4406	4406000.000
1458	4421	4421000.000
1459	4451	4451000.000
1460	4309	4309000.000
1461	4326	4326000.000
1462	4363	4363000.000
1463	4381	4381000.000
1464	4402	4402000.000
1465	4474	4474000.000
1466	4446	4446000.000
1467	4411	4411000.000
1468	4252	4252000.000
1469	4350	4350000.000
1470	4355	4355000.000
1471	4360	4360000.000
1472	4425	4425000.000
1473	4479	4479000.000
1474	4472	4472000.000
1475	4405	4405000.000
1476	4364	4364000.000
1477	4397	4397000.000
1478	4473	4473000.000
1479	4454	4454000.000
1480	4400	4400000.000
1481	4482	4482000.000
1482	4431	4431000.000
1483	4413	4413000.000
1484	4334	4334000.000
1485	4322	4322000.000
1486	4288	4288000.000
1487	4355	4355000.000
1488	4459	4459000.000
1489	4365	4365000.000
1490	4463	4463000.000
1491	4341	4341000.000
1492	4385	4385000.000
1493	4337	4337000.000
1494	4384	4384000.000
1495	4392	4392000.000
1496	4455	4455000.000
1497	4394	4394000.000
1498	4494	4494000.000
1499	4444	4444000.000
1500	4471	4471000.000
1501	4545	4545000.000
1502	4445	4445000.000
1503	4440	4440000.000
1504	4409	4409000.000
1505	4275	4275000.000
1506	4278	4278000.000
1507	4299	4299000.000
1508	4513	4513000.000
1509	4400	4400000.000
1510	4456	4456000.000
1511	4397	4397000.000
1512	4477	4477000.000
1513	4413	4413000.000
1514	4377	4377000.000
1515	4234	4234000.000
1516	4275	4275000.000
1517	4319	4319000.000
1518	4372	4372000.000
1519	4339	4339000.000
1520	4456	4456000.000
1521	4515	4515000.000
1522	4431	4431000.000
1523	4524	4524000.000
1524	4440	4440000.000
1525	4502	4502000.000
1526	4442	4442000.000
1527	4360	4360000.000
1528	4310	4310000.000
1529	4243	4243000.000
1530	4384	4384000.000
1531	4340	4340000.000
1532	4225	4225000.000
1533	4369	4369000.000
1534	4379	4379000.000
1535	4453	4453000.000
1536	4486	4486000.000
1537	4295	4295000.000
1538	4325	4325000.000
1539	4343	4343000.000
1540	4351	4351000.000
1541	4449	4449000.000
1542	4486	4486000.000
1543	4489	4489000.000
1544	4504	4504000.000
1545	4480	4480000.000
1546	4385	4385000.000
1547	4404	4404000.000
1548	4374	4374000.000
1549	4471	4471000.000
1550	4478	4478000.000
1551	4334	4334000.000
1552	4390	4390000.000
1553	4394	4394000.000
1554	4355	4355000.000
1555	4378	4378000.000
1556	4412	4412000.000
1557	4450	4450000.000
1558	4446	4446000.000
1559	4438	4438000.000
1560	4322	4322000.000
1561	4431	4431000.000
1562	4368	4368000.000
1563	4364	4364000.000
1564	4402	4402000.000
1565	4441	4441000.000
1566	4447	4447000.000
1567	4558	4558000.000
1568	4543	4543000.000
1569	4487	4487000.000
1570	4455	4455000.000
1571	4458	4458000.000
1572	4426	4426000.000
1573	4431	4431000.000
1574	4332	4332000.000
1575	4348	4348000.000
1576	4375	4375000.000
1577	4480	4480000.000
1578	4517	4517000.000
1579	4498	4498000.000
1580	4410	4410000.000
1581	4390	4390000.000
1582	4509	4509000.000
1583	4414	4414000.000
1584	4355	4355000.000
1585	4279	4279000.000
1586	4306	4306000.000
1587	4372	4372000.000
1588	4467	4467000.000
1589	4567	4567000.000
1590	4368	4368000.000
1591	4501	4501000.000
1592	4540	4540000.000
1593	4470	4470000.000
1594	4418	4418000.000
1595	4459	4459000.000
1596	4491	4491000.000
1597	4353	4353000.000
1598	4344	4344000.000
1599	4354	4354000.000
1600	4308	4308000.000
1601	4365	4365000.000
1602	4396	4396000.000
1603	4289	4289000.000
1604	4347	4347000.000
1605	4344	4344000.000
1606	4297	4297000.000
1607	4358	4358000.000
1608	4388	4388000.000
1609	4447	4447000.000
1610	4427	4427000.000
1611	4426	4426000.000
1612	4514	4514000.000
1613	4442	4442000.000
1614	4472	4472000.000
1615	4489	4489000.000
1616	4484	4484000.000
1617	4516	4516000.000
1618	4494	4494000.000
1619	4422	4422000.000
1620	4418	4418000.000
1621	4416	4416000.000
1622	4329	4329000.000
1623	4384	4384000.000
1624	4418	4418000.000
1625	4403	4403000.000
1626	4466	4466000.000
1627	4498	4498000.000
1628	4345	4345000.000
1629	4397	4397000.000
1630	4412	4412000.000
1631	4334	4334000.000
1632	4257	4257000.000
1633	4370	4370000.000
1634	4437	4437000.000
1635	4357	4357000.000
1636	4403	4403000.000
1637	4584	4584000.000
1638	4467	4467000.000
1639	4555	4555000.000
1640	4543	4543000.000
1641	4452	4452000.000
1642	4357	4357000.000
1643	4310	4310000.000
1644	4277	4277000.000
1645	4268	4268000.000
1646	4373	4373000.000
1647	4402	4402000.000
1648	4479	4479000.000
1649	4417	4417000.000
1650	4420	4420000.000
1651	4475	4475000.000
1652	4396	4396000.000
1653	4354	4354000.000
1654	4357	4357000.000
1655	4362	4362000.000
1656	4327	4327000.000
1657	4305	4305000.000
1658	4362	4362000.000
1659	4490	4490000.000
1660	4435	4435000.000
1661	4515	4515000.000
1662	4461	4461000.000
1663	4490	4490000.000
1664	4486	4486000.000
1665	4341	4341000.000
1666	4381	4381000.000
1667	4400	4400000.000
1668	4325	4325000.000
1669	4294	4294000.000
1670	4388	4388000.000
1671	4380	4380000.000
1672	4398	4398000.000
1673	4404	4404000.000
1674	4446	4446000.000
1675	4459	4459000.000
1676	4359	4359000.000
1677	4367	4367000.000
1678	4274	4274000.000
1679	4397	4397000.000
1680	4333	4333000.000
1681	4388	4388000.000
1682	4470	4470000.000
1683	4365	4365000.000
1684	4409	4409000.000
1685	4407	4407000.000
1686	4383	4383000.000
1687	4486	4486000.000
1688	4493	4493000.000
1689	4444	4444000.000
1690	4449	4449000.000
1691	4282	4282000.000
1692	4300	4300000.000
1693	4342	4342000.000
1694	4414	4414000.000
1695	4393	4393000.000
1696	4406	4406000.000
1697	4345	4345000.000
1698	4378	4378000.000
1699	4399	4399000.000
1700	4332	4332000.000
1701	4335	4335000.000
1702	4266	4266000.000
1703	4352	4352000.000
1704	4425	4425000.000
1705	4454	4454000.000
1706	4481	4481000.000
1707	4509	4509000.000
1708	4488	4488000.000
1709	4465	4465000.000
1710	4448	4448000.000
1711	4382	4382000.000
1712	4358	4358000.000
1713	4328	4328000.000
1714	4300	4300000.000
1715	4295	4295000.000
1716	4426	4426000.000
1717	4475	4475000.000
1718	4539	4539000.000
1719	4558	4558000.000
1720	4573	4573000.000
1721	4440	4440000.000
1722	4425	4425000.000
1723	4388	4388000.000
1724	4348	4348000.000
1725	4336	4336000.000
1726	4410	4410000.000
1727	4399	4399000.000
1728	4497	4497000.000
1729	4594	4594000.000
1730	4426	4426000.000
1731	4445	4445000.000
1732	4454	4454000.000
1733	4558	4558000.000
1734	4467	4467000.000
1735	4346	4346000.000
1736	4382	4382000.000
1737	4258	4258000.000
1738	4325	4325000.000
1739	4315	4315000.000
1740	4450	4450000.000
1741	4355	4355000.000
1742	4528	4528000.000
1743	4383	4383000.000
1744	4369	4369000.000
1745	4503	4503000.000
1746	4340	4340000.000
1747	4382	4382000.000
1748	4326	4326000.000
1749	4294	4294000.000
1750	4402	4402000.000
1751	4475	4475000.000
1752	4541	4541000.000
1753	4472	4472000.000
1754	4526	4526000.000
1755	4482	4482000.000
1756	4386	4386000.000
1757	4571	4571000.000
1758	4351	4351000.000
1759	4458	4458000.000
1760	4332	4332000.000
1761	4357	4357000.000
1762	4395	4395000.000
1763	4494	4494000.000
1764	4477	4477000.000
1765	4469	4469000.000
1766	4552	4552000.000
1767	4467	4467000.000
1768	4413	4413000.000
1769	4374	4374000.000
1770	4399	4399000.000
1771	4264	4264000.000
1772	4266	4266000.000
1773	4474	4474000.000
1774	4404	4404000.000
1775	4483	4483000.000
1776	4465	4465000.000
1777	4407	4407000.000
1778	4492	4492000.000
1779	4477	4477000.000
1780	4575	4575000.000
1781	4417	4417000.000
1782	4344	4344000.000
1783	4272	4272000.000
1784	4269	4269000.000
1785	4353	4353000.000
1786	4363	4363000.000
1787	4477	4477000.000
1788	4392	4392000.000
1789	4384	4384000.000
1790	4458	4458000.000
1791	4354	4354000.000
1792	4390	4390000.000
1793	4307	4307000.000
1794	4341	4341000.000
1795	4284	4284000.000
1796	4376	4376000.000
1797	4357	4357000.000
1798	4438	4438000.000
1799	4494	4494000.000
1800	4476	4476000.000
1801	4546	4546000.000
1802	4457	4457000.000
1803	4457	4457000.000
1804	4384	4384000.000
1805	4357	4357000.000
1806	4383	4383000.000
1807	4358	4358000.000
1808	4348	4348000.000
1809	4338	4338000.000
1810	4309	4309000.000
1811	4430	4430000.000
1812	4455	4455000.000
1813	4387	4387000.000
1814	4423	4423000.000
1815	4417	4417000.000
1816	4319	4319000.000
1817	4274	4274000.000
1818	4296	4296000.000
1819	4269	4269000.000
1820	4386	4386000.000
1821	4524	4524000.000
1822	4470	4470000.000
1823	4402	4402000.000
1824	4463	4463000.000
1825	4476	4476000.000
1826	4421	4421000.000
1827	4344	4344000.000
1828	4422	4422000.000
1829	4305	4305000.000
1830	4391	4391000.000
1831	4234	4234000.000
1832	4289	4289000.000
1833	4370	4370000.000
1834	4269	4269000.000
1835	4399	4399000.000
1836	4339	4339000.000
1837	4323	4323000.000
1838	4303	4303000.000
1839	4318	4318000.000
1840	4367	4367000.000
1841	4393	4393000.000
1842	4296	4296000.000
1843	4382	4382000.000
1844	4435	4435000.000
1845	4435	4435000.000
1846	4471	4471000.000
1847	4455	4455000.000
1848	4496	4496000.000
1849	4502	4502000.000
1850	4415	4415000.000
1851	4357	4357000.000
1852	4405	4405000.000
1853	4349	4349000.000
1854	4342	4342000.000
1855	4323	4323000.000
1856	4420	4420000.000
1857	4413	4413000.000
1858	4321	4321000.000
1859	4378	4378000.000
1860	4378	4378000.000
1861	4310	4310000.000
1862	4432	4432000.000
1863	4354	4354000.000
1864	4391	4391000.000
1865	4503	4503000.000
1866	4453	4453000.000
1867	4460	4460000.000
1868	4433	4433000.000
1869	4509	4509000.000
1870	4477	4477000.000
1871	4398	4398000.000
1872	4468	4468000.000
1873	4493	4493000.000
1874	4326	4326000.000
1875	4364	4364000.000
1876	4254	4254000.000
1877	4227	4227000.000
1878	4369	4369000.000
1879	4415	4415000.000
1880	4432	4432000.000
1881	4391	4391000.000
1882	4360	4360000.000
1883	4388	4388000.000
1884	4298	4298000.000
1885	4249	4249000.000
1886	4357	4357000.000
1887	4437	4437000.000
1888	4376	4376000.000
1889	4436	4436000.000
1890	4429	4429000.000
1891	4483	4483000.000
1892	4539	4539000.000
1893	4465	4465000.000
1894	4524	4524000.000
1895	4466	4466000.000
1896	4492	4492000.000
1897	4420	4420000.000
1898	4375	4375000.000
1899	4275	4275000.000
1900	4337	4337000.000
1901	4403	4403000.000
1902	4314	4314000.000
1903	4437	4437000.000
1904	4485	4485000.000
1905	4528	4528000.000
1906	4350	4350000.000
1907	4384	4384000.000
1908	4359	4359000.000
1909	4377	4377000.000
1910	4339	4339000.000
1911	4332	4332000.000
1912	4421	4421000.000
1913	4339	4339000.000
1914	4487	4487000.000
1915	4483	4483000.000
1916	4511	4511000.000
1917	4487	4487000.000
1918	4479	4479000.000
1919	4519	4519000.000
1920	4333	4333000.000
1921	4347	4347000.000
1922	4308	4308000.000
1923	4337	4337000.000
1924	4301	4301000.000
1925	4325	4325000.000
1926	4343	4343000.000
1927	4381	4381000.000
1928	4417	4417000.000
1929	4409	4409000.000
1930	4355	4355000.000
1931	4263	4263000.000
1932	4368	4368000.000
1933	4427	4427000.000
1934	4387	4387000.000
1935	4442	4442000.000
1936	4453	4453000.000
1937	4498	4498000.000
1938	4481	4481000.000
1939	4451	4451000.000
1940	4606	4606000.000
1941	4556	4556000.000
1942	4464	4464000.000
1943	4382	4382000.000
1944	4329	4329000.000
1945	4329	4329000.000
1946	4297	4297000.000
1947	4293	4293000.000
1948	4204	4204000.000
1949	4327	4327000.000
1950	4410	4410000.000
1951	4420	4420000.000
1952	4439	4439000.000
1953	4353	4353000.000
1954	4320	4320000.000
1955	4365	4365000.000
1956	4362	4362000.000
1957	4384	4384000.000
1958	4472	4472000.000
1959	4383	4383000.000
1960	4441	4441000.000
1961	4439	4439000.000
1962	4473	4473000.000
1963	4421	4421000.000
1964	4425	4425000.000
1965	4356	4356000.000
1966	4360	4360000.000
1967	4451	4451000.000
1968	4381	4381000.000
1969	4375	4375000.000
1970	4416	4416000.000
1971	4416	4416000.000
1972	4352	4352000.000
1973	4430	4430000.000
1974	4358	4358000.000
1975	4362	4362000.000
1976	4361	4361000.000
1977	4295	4295000.000
1978	4446	4446000.000
1979	4331	4331000.000
1980	4384	4384000.000
1981	4488	4488000.000
1982	4393	4393000.000
1983	4503	4503000.000
1984	4388	4388000.000
1985	4501	4501000.000
1986	4463	4463000.000
1987	4547	4547000.000
1988	4394	4394000.000
1989	4332	4332000.000
1990	4489	4489000.000
1991	4309	4309000.000
1992	4267	4267000.000
1993	4325	4325000.000
1994	4348	4348000.000
1995	4439	4439000.000
1996	4489	4489000.000
1997	4510	4510000.000
1998	4500	4500000.000
1999	4286	4286000.000
2000	4414	4414000.000
2001	4369	4369000.000
2002	4278	4278000.000
2003	4362	4362000.000
2004	4434	4434000.000
2005	4417	4417000.000
2006	4397	4397000.000
2007	4512	4512000.000
2008	4516	4516000.000
2009	4466	4466000.000
2010	4398	4398000.000
2011	4395	4395000.000
2012	4320	4320000.000
2013	4421	4421000.000
2014	4381	4381000.000
2015	4261	4261000.000
2016	4311	4311000.000
2017	4482	4482000.000
2018	4387	4387000.000
2019	4405	4405000.000
2020	4597	4597000.000
2021	4431	4431000.000
2022	4323	4323000.000
2023	4306	4306000.000
2024	4280	4280000.000
2025	4311	4311000.000
2026	4359	4359000.000
2027	4387	4387000.000
2028	4490	4490000.000
2029	4504	4504000.000
2030	4471	4471000.000
2031	4470	4470000.000
2032	4500	4500000.000
2033	4483	4483000.000
2034	4452	4452000.000
2035	4367	4367000.000
2036	4387	4387000.000
2037	4361	4361000.000
2038	4405	4405000.000
2039	4341	4341000.000
2040	4323	4323000.000
2041	4433	4433000.000
2042	4471	4471000.000
2043	4407	4407000.000
2044	4404	4404000.000
2045	4418	4418000.000
2046	4286	4286000.000
2047	4355	4355000.000
2048	4450	4450000.000
2049	4230	4230000.000
2050	4356	4356000.000
2051	4509	4509000.000
2052	4475	4475000.000
2053	4523	4523000.000
2054	4428	4428000.000
2055	4378	4378000.000
2056	4441	4441000.000
2057	4525	4525000.000
2058	4373	4373000.000
2059	4369	4369000.000
2060	4341	4341000.000
2061	4311	4311000.000
2062	4431	4431000.000
2063	4314	4314000.000
2064	4423	4423000.000
2065	4408	4408000.000
2066	4423	4423000.000
2067	4382	4382000.000
2068	4326	4326000.000
2069	4290	4290000.000
2070	4275	4275000.000
2071	4325	4325000.000
2072	4364	4364000.000
2073	4453	4453000.000
2074	4437	4437000.000
2075	4488	4488000.000
2076	4491	4491000.000
2077	4496	4496000.000
2078	4504	4504000.000
2079	4470	4470000.000
2080	4494	4494000.000
2081	4320	4320000.000
2082	4369	4369000.000
2083	4388	4388000.000
2084	4310	4310000.000
2085	4350	4350000.000
2086	4311	4311000.000
2087	4488	4488000.000
2088	4525	4525000.000
2089	4411	4411000.000
2090	4478	4478000.000
2091	4301	4301000.000
2092	4417	4417000.000
2093	4342	4342000.000
2094	4300	4300000.000
2095	4414	4414000.000
2096	4440	4440000.000
2097	4415	4415000.000
2098	4477	4477000.000
2099	4465	4465000.000
2100	4434	4434000.000
2101	4467	4467000.000
2102	4531	4531000.000
2103	4475	4475000.000
2104	4381	4381000.000
2105	4448	4448000.000
2106	4256	4256000.000
2107	4320	4320000.000
2108	4398	4398000.000
2109	4418	4418000.000
2110	4382	4382000.000
2111	4386	4386000.000
2112	4421	4421000.000
2113	4452	4452000.000
2114	4470	4470000.000
2115	4423	4423000.000
2116	4288	4288000.000
2117	4354	4354000.000
2118	4374	4374000.000
2119	4382	4382000.000
2120	4449	4449000.000
2121	4495	4495000.000
2122	4475	4475000.000
2123	4527	4527000.000
2124	4525	4525000.000
2125	4564	4564000.000
2126	4492	4492000.000
2127	4432	4432000.000
2128	4304	4304000.000
2129	4282	4282000.000
2130	4344	4344000.000
2131	4394	4394000.000
2132	4259	4259000.000
2133	4299	4299000.000
2134	4347	4347000.000
2135	4435	4435000.000
2136	4397	4397000.000
2137	4423	4423000.000
2138	4373	4373000.000
2139	4294	4294000.000
2140	4233	4233000.000
2141	4403	4403000.000
2142	4305	4305000.000
2143	4456	4456000.000
2144	4453	4453000.000
2145	4451	4451000.000
2146	4511	4511000.000
2147	4405	4405000.000
2148	4429	4429000.000
2149	4435	4435000.000
2150	4450	4450000.000
2151	4493	4493000.000
2152	4316	4316000.000
2153	4341	4341000.000
2154	4319	4319000.000
2155	4332	4332000.000
2156	4442	4442000.000
2157	4471	4471000.000
2158	4552	4552000.000
2159	4491	4491000.000
2160	4488	4488000.000
2161	4425	4425000.000
2162	4412	4412000.000
2163	4395	4395000.000
2164	4311	4311000.000
2165	4389	4389000.000
2166	4524	4524000.000
2167	4416	4416000.000
2168	4478	4478000.000
2169	4491	4491000.000
2170	4505	4505000.000
2171	4483	4483000.000
2172	4526	4526000.000
2173	4460	4460000.000
2174	4467	4467000.000
2175	4334	4334000.000
2176	4374	4374000.000
2177	4299	4299000.000
2178	4388	4388000.000
2179	4425	4425000.000
2180	4428	4428000.000
2181	4414	4414000.000
2182	4498	4498000.000
2183	4525	4525000.000
2184	4306	4306000.000
2185	4363	4363000.000
2186	4283	4283000.000
2187	4296	4296000.000
2188	4446	4446000.000
2189	4418	4418000.000
2190	4419	4419000.000
2191	4536	4536000.000
2192	4443	4443000.000
2193	4495	4495000.000
2194	4420	4420000.000
2195	4497	4497000.000
2196	4438	4438000.000
2197	4519	4519000.000
2198	4443	4443000.000
2199	4321	4321000.000
2200	4367	4367000.000
2201	4456	4456000.000
2202	4509	4509000.000
2203	4359	4359000.000
2204	4368	4368000.000
2205	4397	4397000.000
2206	4446	4446000.000
2207	4364	4364000.000
2208	4302	4302000.000
2209	4345	4345000.000
2210	4366	4366000.000
2211	4301	4301000.000
2212	4429	4429000.000
2213	4393	4393000.000
2214	4423	4423000.000
2215	4421	4421000.000
2216	4506	4506000.000
2217	4439	4439000.000
2218	4553	4553000.000
2219	4453	4453000.000
2220	4473	4473000.000
2221	4298	4298000.000
2222	4300	4300000.000
2223	4359	4359000.000
2224	4350	4350000.000
2225	4431	4431000.000
2226	4415	4415000.000
2227	4530	4530000.000
2228	4441	4441000.000
2229	4404	4404000.000
2230	4329	4329000.000
2231	4332	4332000.000
2232	4309	4309000.000
2233	4343	4343000.000
2234	4321	4321000.000
2235	4481	4481000.000
2236	4471	4471000.000
2237	4493	4493000.000
2238	4479	4479000.000
2239	4468	4468000.000
2240	4554	4554000.000
2241	4486	4486000.000
2242	4495	4495000.000
2243	4511	4511000.000
2244	4464	4464000.000
2245	4414	4414000.000
2246	4301	4301000.000
2247	4266	4266000.000
2248	4446	4446000.000
2249	4444	4444000.000
2250	4459	4459000.000
2251	4508	4508000.000
2252	4489	4489000.000
2253	4453	4453000.000
2254	4353	4353000.000
2255	4312	4312000.000
2256	4318	4318000.000
2257	4308	4308000.000
2258	4416	4416000.000
2259	4455	4455000.000
2260	4516	4516000.000
2261	4488	4488000.000
2262	4587	4587000.000
2263	4466	4466000.000
2264	4488	4488000.000
2265	4481	4481000.000
2266	4501	4501000.000
2267	4530	4530000.000
2268	4343	4343000.000
2269	4308	4308000.000
2270	4241	4241000.000
2271	4283	4283000.000
2272	4379	4379000.000
2273	4419	4419000.000
2274	4421	4421000.000
2275	4377	4377000.000
2276	4408	4408000.000
2277	4281	4281000.000
2278	4292	4292000.000
2279	4340	4340000.000
2280	4361	4361000.000
2281	4364	4364000.000
2282	4514	4514000.000
2283	4445	4445000.000
2284	4502	4502000.000
2285	4487	4487000.000
2286	4374	4374000.000
2287	4474	4474000.000
2288	4585	4585000.000
2289	4423	4423000.000
2290	4420	4420000.000
2291	4410	4410000.000
2292	4318	4318000.000
2293	4377	4377000.000
2294	4326	4326000.000
2295	4344	4344000.000
2296	4414	4414000.000
2297	4463	4463000.000
2298	4321	4321000.000
2299	4450	4450000.000
2300	4393	4393000.000
2301	4377	4377000.000
2302	4315	4315000.000
2303	4279	4279000.000
2304	4405	4405000.000
2305	4472	4472000.000
2306	4424	4424000.000
2307	4437	4437000.000
2308	4455	4455000.000
2309	4358	4358000.000
2310	4496	4496000.000
2311	4385	4385000.000
2312	4524	4524000.000
2313	4459	4459000.000
2314	4487	4487000.000
2315	4411	4411000.000
2316	4331	4331000.000
2317	4313	4313000.000
2318	4348	4348000.000
2319	4456	4456000.000
2320	4414	4414000.000
2321	4434	4434000.000
2322	4448	4448000.000
2323	4348	4348000.000
2324	4254	4254000.000
2325	4414	4414000.000
2326	4311	4311000.000
2327	4469	4469000.000
2328	4436	4436000.000
2329	4503	4503000.000
2330	4471	4471000.000
2331	4479	4479000.000
2332	4397	4397000.000
2333	4369	4369000.000
2334	4377	4377000.000
2335	4372	4372000.000
2336	4534	4534000.000
2337	4402	4402000.000
2338	4434	4434000.000
2339	4369	4369000.000
2340	4398	4398000.000
2341	4378	4378000.000
2342	4365	4365000.000
2343	4330	4330000.000
2344	4386	4386000.000
2345	4390	4390000.000
2346	4296	4296000.000
2347	4442	4442000.000
2348	4240	4240000.000
2349	4363	4363000.000
2350	4421	4421000.000
2351	4472	4472000.000
2352	4390	4390000.000
2353	4463	4463000.000
2354	4501	4501000.000
2355	4446	4446000.000
2356	4447	4447000.000
2357	4500	4500000.000
2358	4438	4438000.000
2359	4388	4388000.000
2360	4411	4411000.000
2361	4412	4412000.000
2362	4304	4304000.000
2363	4292	4292000.000
2364	4370	4370000.000
2365	4298	4298000.000
2366	4403	4403000.000
2367	4467	4467000.000
2368	4378	4378000.000
2369	4330	4330000.000
2370	4243	4243000.000
2371	4264	4264000.000
2372	4303	4303000.000
2373	4392	4392000.000
2374	4456	4456000.000
2375	4454	4454000.000
2376	4494	4494000.000
2377	4476	4476000.000
2378	4490	4490000.000
2379	4509	4509000.000
2380	4409	4409000.000
2381	4398	4398000.000
2382	4465	4465000.000
2383	4353	4353000.000
2384	4357	4357000.000
2385	4284	4284000.000
2386	4279	4279000.000
2387	4339	4339000.000
2388	4403	4403000.000
2389	4362	4362000.000
2390	4463	4463000.000
2391	4442	4442000.000
2392	4442	4442000.000
2393	4372	4372000.000
2394	4399	4399000.000
2395	4285	4285000.000
2396	4425	4425000.000
2397	4444	4444000.000
2398	4461	4461000.000
2399	4509	4509000.000
2400	4360	4360000.000
2401	4425	4425000.000
2402	4417	4417000.000
2403	4406	4406000.000
2404	4450	4450000.000
2405	4440	4440000.000
2406	4459	4459000.000
2407	4377	4377000.000
2408	4327	4327000.000
2409	4306	4306000.000
2410	4352	4352000.000
2411	4384	4384000.000
2412	4381	4381000.000
2413	4347	4347000.000
2414	4417	4417000.000
2415	4312	4312000.000
2416	4323	4323000.000
2417	4245	4245000.000
2418	4241	4241000.000
2419	4357	4357000.000
2420	4416	4416000.000
2421	4490	4490000.000
2422	4470	4470000.000
2423	4419	4419000.000
2424	4439	4439000.000
2425	4466	4466000.000
2426	4393	4393000.000
2427	4370	4370000.000
2428	4463	4463000.000
2429	4433	4433000.000
2430	4392	4392000.000
2431	4315	4315000.000
2432	4304	4304000.000
2433	4348	4348000.000
2434	4346	4346000.000
2435	4276	4276000.000
2436	4358	4358000.000
2437	4356	4356000.000
2438	4420	4420000.000
2439	4354	4354000.000
2440	4240	4240000.000
2441	4298	4298000.000
2442	4319	4319000.000
2443	4461	4461000.000
2444	4492	4492000.000
2445	4396	4396000.000
2446	4452	4452000.000
2447	4458	4458000.000
2448	4437	4437000.000
2449	4492	4492000.000
2450	4506	4506000.000
2451	4390	4390000.000
2452	4379	4379000.000
2453	4402	4402000.000
2454	4353	4353000.000
2455	4306	4306000.000
2456	4317	4317000.000
2457	4349	4349000.000
2458	4353	4353000.000
2459	4415	4415000.000
2460	4455	4455000.000
2461	4433	4433000.000
2462	4391	4391000.000
2463	4373	4373000.000
2464	4249	4249000.000
2465	4227	4227000.000
2466	4480	4480000.000
2467	4404	4404000.000
2468	4366	4366000.000
2469	4509	4509000.000
2470	4472	4472000.000
2471	4287	4287000.000
2472	4424	4424000.000
2473	4416	4416000.000
2474	4479	4479000.000
2475	4510	4510000.000
2476	4381	4381000.000
2477	4375	4375000.000
2478	4403	4403000.000
2479	4320	4320000.000
2480	4289	4289000.000
2481	4350	4350000.000
2482	4352	4352000.000
2483	4351	4351000.000
2484	4368	4368000.000
2485	4373	4373000.000
2486	4322	4322000.000
2487	4271	4271000.000
2488	4344	4344000.000
2489	4339	4339000.000
2490	4427	4427000.000
2491	4489	4489000.000
2492	4448	4448000.000
2493	4442	4442000.000
2494	4387	4387000.000
2495	4383	4383000.000
2496	4355	4355000.000
2497	4474	4474000.000
2498	4318	4318000.000
2499	4465	4465000.000
2500	4368	4368000.000
2501	4334	4334000.000
2502	4405	4405000.000
2503	4281	4281000.000
2504	4446	4446000.000
2505	4414	4414000.000
2506	4371	4371000.000
2507	4391	4391000.000
2508	4361	4361000.000
2509	4400	4400000.000
2510	4418	4418000.000
2511	4215	4215000.000
2512	4315	4315000.000
2513	4344	4344000.000
2514	4485	4485000.000
2515	4454	4454000.000
2516	4459	4459000.000
2517	4435	4435000.000
2518	4451	4451000.000
2519	4370	4370000.000
2520	4445	4445000.000
2521	4373	4373000.000
2522	4364	4364000.000
2523	4328	4328000.000
2524	4294	4294000.000
2525	4406	4406000.000
2526	4341	4341000.000
2527	4399	4399000.000
2528	4481	4481000.000
2529	4379	4379000.000
2530	4345	4345000.000
2531	4403	4403000.000
2532	4385	4385000.000
2533	4246	4246000.000
2534	4289	4289000.000
2535	4397	4397000.000
2536	4429	4429000.000
2537	4577	4577000.000
2538	4461	4461000.000
2539	4469	4469000.000
2540	4490	4490000.000
2541	4401	4401000.000
2542	4500	4500000.000
2543	4379	4379000.000
2544	4473	4473000.000
2545	4466	4466000.000
2546	4448	4448000.000
2547	4310	4310000.000
2548	4371	4371000.000
2549	4325	4325000.000
2550	4401	4401000.000
2551	4325	4325000.000
2552	4511	4511000.000
2553	4418	4418000.000
2554	4406	4406000.000
2555	4411	4411000.000
2556	4425	4425000.000
2557	4334	4334000.000
2558	4380	4380000.000
2559	4379	4379000.000
2560	4566	4566000.000
2561	4412	4412000.000
2562	4405	4405000.000
2563	4416	4416000.000
2564	4550	4550000.000
2565	4434	4434000.000
2566	4476	4476000.000
2567	4419	4419000.000
2568	4411	4411000.000
2569	4388	4388000.000
2570	4325	4325000.000
2571	4362	4362000.000
2572	4445	4445000.000
2573	4355	4355000.000
2574	4362	4362000.000
2575	4445	4445000.000
2576	4380	4380000.000
2577	4389	4389000.000
2578	4360	4360000.000
2579	4284	4284000.000
2580	4399	4399000.000
2581	4261	4261000.000
2582	4409	4409000.000
2583	4408	4408000.000
2584	4495	4495000.000
2585	4476	4476000.000
2586	4387	4387000.000
2587	4402	4402000.000
2588	4465	4465000.000
2589	4510	4510000.000
2590	4460	4460000.000
2591	4352	4352000.000
2592	4357	4357000.000
2593	4337	4337000.000
2594	4284	4284000.000
2595	4337	4337000.000
2596	4375	4375000.000
2597	4422	4422000.000
2598	4272	4272000.000
2599	4380	4380000.000
2600	4433	4433000.000
2601	4333	4333000.000
2602	4228	4228000.000
2603	4324	4324000.000
2604	4257	4257000.000
2605	4421	4421000.000
2606	4449	4449000.000
2607	4471	4471000.000
2608	4419	4419000.000
2609	4439	4439000.000
2610	4358	4358000.000
2611	4399	4399000.000
2612	4439	4439000.000
2613	4542	4542000.000
2614	4412	4412000.000
2615	4396	4396000.000
2616	4310	4310000.000
2617	4298	4298000.000
2618	4332	4332000.000
2619	4373	4373000.000
2620	4310	4310000.000
2621	4410	4410000.000
2622	4429	4429000.000
2623	4375	4375000.000
2624	4380	4380000.000
2625	4291	4291000.000
2626	4343	4343000.000
2627	4316	4316000.000
2628	4471	4471000.000
2629	4504	4504000.000
2630	4367	4367000.000
2631	4477	4477000.000
2632	4429	4429000.000
2633	4463	4463000.000
2634	4399	4399000.000
2635	4342	4342000.000
2636	4450	4450000.000
2637	4482	4482000.000
2638	4434	4434000.000
2639	4381	4381000.000
2640	4312	4312000.000
2641	4348	4348000.000
2642	4287	4287000.000
2643	4402	4402000.000
2644	4408	4408000.000
2645	4364	4364000.000
2646	4373	4373000.000
2647	4375	4375000.000
2648	4401	4401000.000
2649	4302	4302000.000
2650	4360	4360000.000
2651	4293	4293000.000
2652	4401	4401000.000
2653	4478	4478000.000
2654	4462	4462000.000
2655	4376	4376000.000
2656	4418	4418000.000
2657	4455	4455000.000
2658	4455	4455000.000
2659	4417	4417000.000
2660	4500	4500000.000
2661	4368	4368000.000
2662	4394	4394000.000
2663	4380	4380000.000
2664	4298	4298000.000
2665	4322	4322000.000
2666	4416	4416000.000
2667	4423	4423000.000
2668	4480	4480000.000
2669	4332	4332000.000
2670	4336	4336000.000
2671	4359	4359000.000
2672	4398	4398000.000
2673	4291	4291000.000
2674	4423	4423000.000
2675	4523	4523000.000
2676	4428	4428000.000
2677	4313	4313000.000
2678	4510	4510000.000
2679	4297	4297000.000
2680	4369	4369000.000
2681	4506	4506000.000
2682	4551	4551000.000
2683	4510	4510000.000
2684	4436	4436000.000
2685	4319	4319000.000
2686	4324	4324000.000
2687	4352	4352000.000
2688	4375	4375000.000
2689	4410	4410000.000
2690	4389	4389000.000
2691	4422	4422000.000
2692	4403	4403000.000
2693	4314	4314000.000
2694	4376	4376000.000
2695	4320	4320000.000
2696	4367	4367000.000
2697	4351	4351000.000
2698	4514	4514000.000
2699	4438	4438000.000
2700	4468	4468000.000
2701	4521	4521000.000
2702	4472	4472000.000
2703	4510	4510000.000
2704	4546	4546000.000
2705	4491	4491000.000
2706	4430	4430000.000
2707	4517	4517000.000
2708	4331	4331000.000
2709	4373	4373000.000
2710	4422	4422000.000
2711	4378	4378000.000
2712	4347	4347000.000
2713	4281	4281000.000
2714	4336	4336000.000
2715	4323	4323000.000
2716	4317	4317000.000
2717	4332	4332000.000
2718	4329	4329000.000
2719	4309	4309000.000
2720	4412	4412000.000
2721	4415	4415000.000
2722	4414	4414000.000
2723	4562	4562000.000
2724	4348	4348000.000
2725	4400	4400000.000
2726	4492	4492000.000
2727	4467	4467000.000
2728	4417	4417000.000
2729	4481	4481000.000
2730	4589	4589000.000
2731	4490	4490000.000
2732	4386	4386000.000
2733	4265	4265000.000
2734	4296	4296000.000
2735	4290	4290000.000
2736	4432	4432000.000
2737	4390	4390000.000
2738	4344	4344000.000
2739	4419	4419000.000
2740	4378	4378000.000
2741	4299	4299000.000
2742	4348	4348000.000
2743	4410	4410000.000
2744	4316	4316000.000
2745	4465	4465000.000
2746	4555	4555000.000
2747	4470	4470000.000
2748	4542	4542000.000
2749	4473	4473000.000
2750	4489	4489000.000
2751	4503	4503000.000
2752	4432	4432000.000
2753	4458	4458000.000
2754	4405	4405000.000
2755	4397	4397000.000
2756	4282	4282000.000
2757	4303	4303000.000
2758	4351	4351000.000
2759	4371	4371000.000
2760	4285	4285000.000
2761	4403	4403000.000
2762	4355	4355000.000
2763	4270	4270000.000
2764	4268	4268000.000
2765	4387	4387000.000
2766	4420	4420000.000
2767	4393	4393000.000
2768	4443	4443000.000
2769	4437	4437000.000
2770	4409	4409000.000
2771	4452	4452000.000
2772	4465	4465000.000
2773	4461	4461000.000
2774	4467	4467000.000
2775	4487	4487000.000
2776	4483	4483000.000
2777	4526	4526000.000
2778	4465	4465000.000
2779	4366	4366000.000
2780	4324	4324000.000
2781	4327	4327000.000
2782	4286	4286000.000
2783	4331	4331000.000
2784	4311	4311000.000
2785	4348	4348000.000
2786	4340	4340000.000
2787	4322	4322000.000
2788	4431	4431000.000
2789	4422	4422000.000
2790	4320	4320000.000
2791	4509	4509000.000
2792	4436	4436000.000
2793	4503	4503000.000
2794	4376	4376000.000
2795	4381	4381000.000
2796	4445	4445000.000
2797	4361	4361000.000
2798	4454	4454000.000
2799	4420	4420000.000
2800	4477	4477000.000
2801	4420	4420000.000
2802	4350	4350000.000
2803	4290	4290000.000
2804	4420	4420000.000
2805	4258	4258000.000
2806	4331	4331000.000
2807	4367	4367000.000
2808	4384	4384000.000
2809	4413	4413000.000
2810	4292	4292000.000
2811	4413	4413000.000
2812	4310	4310000.000
2813	4350	4350000.000
2814	4460	4460000.000
2815	4411	4411000.000
2816	4418	4418000.000
2817	4316	4316000.000
2818	4400	4400000.000
2819	4357	4357000.000
2820	4544	4544000.000
2821	4545	4545000.000
2822	4416	4416000.000
2823	4364	4364000.000
2824	4427	4427000.000
2825	4320	4320000.000
2826	4314	4314000.000
2827	4295	4295000.000
2828	4315	4315000.000
2829	4324	4324000.000
2830	4348	4348000.000
2831	4385	4385000.000
2832	4381	4381000.000
2833	4339	4339000.000
2834	4259	4259000.000
2835	4335	4335000.000
2836	4428	4428000.000
2837	4493	4493000.000
2838	4383	4383000.000
2839	4412	4412000.000
2840	4326	4326000.000
2841	4476	4476000.000
2842	4353	4353000.000
2843	4482	4482000.000
2844	4409	4409000.000
2845	4479	4479000.000
2846	4433	4433000.000
2847	4408	4408000.000
2848	4329	4329000.000
2849	4332	4332000.000
2850	4308	4308000.000
2851	4315	4315000.000
2852	4377	4377000.000
2853	4286	4286000.000
2854	4423	4423000.000
2855	4297	4297000.000
2856	4315	4315000.000
2857	4333	4333000.000
2858	4280	4280000.000
2859	4350	4350000.000
2860	4482	4482000.000
2861	4408	4408000.000
2862	4423	4423000.000
2863	4357	4357000.000
2864	4340	4340000.000
2865	4338	4338000.000
2866	4440	4440000.000
2867	4376	4376000.000
2868	4566	4566000.000
2869	4447	4447000.000
2870	4459	4459000.000
2871	4286	4286000.000
2872	4338	4338000.000
2873	4281	4281000.000
2874	4241	4241000.000
2875	4340	4340000.000
2876	4292	4292000.000
2877	4311	4311000.000
2878	4295	4295000.000
2879	4241	4241000.000
2880	4379	4379000.000
2881	4388	4388000.000
2882	4458	4458000.000
2883	4504	4504000.000
2884	4506	4506000.000
2885	4518	4518000.000
2886	4462	4462000.000
2887	4393	4393000.000
2888	4291	4291000.000
2889	4470	4470000.000
2890	4507	4507000.000
2891	4506	4506000.000
2892	4381	4381000.000
2893	4432	4432000.000
2894	4291	4291000.000
2895	4299	4299000.000
2896	4304	4304000.000
2897	4430	4430000.000
2898	4388	4388000.000
2899	4387	4387000.000
2900	4338	4338000.000
2901	4255	4255000.000
2902	4337	4337000.000
2903	4294	4294000.000
2904	4362	4362000.000
2905	4525	4525000.000
2906	4513	4513000.000
2907	4466	4466000.000
2908	4394	4394000.000
2909	4411	4411000.000
2910	4353	4353000.000
2911	4406	4406000.000
2912	4379	4379000.000
2913	4409	4409000.000
2914	4427	4427000.000
2915	4482	4482000.000
2916	4399	4399000.000
2917	4312	4312000.000
2918	4354	4354000.000
2919	4314	4314000.000
2920	4293	4293000.000
2921	4374	4374000.000
2922	4312	4312000.000
2923	4325	4325000.000
2924	4331	4331000.000
2925	4309	4309000.000
2926	4247	4247000.000
2927	4379	4379000.000
2928	4436	4436000.000
2929	4411	4411000.000
2930	4503	4503000.000
2931	4480	4480000.000
2932	4436	4436000.000
2933	4430	4430000.000
2934	4349	4349000.000
2935	4503	4503000.000
2936	4500	4500000.000
2937	4432	4432000.000
2938	4458	4458000.000
2939	4411	4411000.000
2940	4367	4367000.000
2941	4371	4371000.000
2942	4357	4357000.000
2943	4288	4288000.000
2944	4382	4382000.000
2945	4362	4362000.000
2946	4356	4356000.000
2947	4292	4292000.000
2948	4265	4265000.000
2949	4397	4397000.000
2950	4425	4425000.000
2951	4316	4316000.000
2952	4353	4353000.000
2953	4430	4430000.000
2954	4367	4367000.000
2955	4383	4383000.000
2956	4383	4383000.000
2957	4279	4279000.000
2958	4416	4416000.000
2959	4391	4391000.000
2960	4435	4435000.000
2961	4408	4408000.000
2962	4463	4463000.000
2963	4409	4409000.000
2964	4363	4363000.000
2965	4390	4390000.000
2966	4344	4344000.000
2967	4291	4291000.000
2968	4228	4228000.000
2969	4345	4345000.000
2970	4327	4327000.000
2971	4329	4329000.000
2972	4420	4420000.000
2973	4409	4409000.000
2974	4396	4396000.000
2975	4515	4515000.000
2976	4419	4419000.000
2977	4533	4533000.000
2978	4377	4377000.000
2979	4379	4379000.000
2980	4317	4317000.000
2981	4444	4444000.000
2982	4350	4350000.000
2983	4364	4364000.000
2984	4468	4468000.000
2985	4384	4384000.000
2986	4376	4376000.000
2987	4358	4358000.000
2988	4396	4396000.000
2989	4304	4304000.000
2990	4379	4379000.000
2991	4283	4283000.000
2992	4336	4336000.000
2993	4159	4159000.000
2994	4452	4452000.000
2995	4275	4275000.000
2996	4382	4382000.000
2997	4372	4372000.000
2998	4497	4497000.000
2999	4424	4424000.000
3000	4407	4407000.000
3001	4327	4327000.000
3002	4304	4304000.000
3003	4281	4281000.000
3004	4341	4341000.000
3005	4405	4405000.000
3006	4474	4474000.000
3007	4447	4447000.000
3008	4352	4352000.000
3009	4417	4417000.000
3010	4345	4345000.000
3011	4339	4339000.000
3012	4305	4305000.000
3013	4421	4421000.000
3014	4273	4273000.000
3015	4351	4351000.000
3016	4265	4265000.000
3017	4421	4421000.000
3018	4379	4379000.000
3019	4386	4386000.000
3020	4399	4399000.000
3021	4449	4449000.000
3022	4479	4479000.000
3023	4344	4344000.000
3024	4351	4351000.000
3025	4326	4326000.000
3026	4393	4393000.000
3027	4325	4325000.000
3028	4347	4347000.000
3029	4405	4405000.000
3030	4344	4344000.000
3031	4351	4351000.000
3032	4432	4432000.000
3033	4358	4358000.000
3034	4342	4342000.000
3035	4317	4317000.000
3036	4262	4262000.000
3037	4395	4395000.000
3038	4305	4305000.000
3039	4393	4393000.000
3040	4269	4269000.000
3041	4379	4379000.000
3042	4392	4392000.000
3043	4338	4338000.000
3044	4409	4409000.000
3045	4420	4420000.000
3046	4404	4404000.000
3047	4468	4468000.000
3048	4417	4417000.000
3049	4401	4401000.000
3050	4327	4327000.000
3051	4479	4479000.000
3052	4478	4478000.000
3053	4422	4422000.000
3054	4452	4452000.000
3055	4378	4378000.000
3056	4328	4328000.000
3057	4298	4298000.000
3058	4402	4402000.000
3059	4346	4346000.000
3060	4330	4330000.000
3061	4151	4151000.000
3062	4327	4327000.000
3063	4311	4311000.000
3064	4239	4239000.000
3065	4361	4361000.000
3066	4314	4314000.000
3067	4463	4463000.000
3068	4403	4403000.000
3069	4430	4430000.000
3070	4459	4459000.000
3071	4295	4295000.000
3072	4462	4462000.000
3073	4443	4443000.000
3074	4385	4385000.000
3075	4379	4379000.000
3076	4507	4507000.000
3077	4552	4552000.000
3078	4497	4497000.000
3079	4390	4390000.000
3080	4399	4399000.000
3081	4260	4260000.000
3082	4321	4321000.000
3083	4337	4337000.000
3084	4340	4340000.000
3085	4255	4255000.000
3086	4336	4336000.000
3087	4244	4244000.000
3088	4382	4382000.000
3089	4327	4327000.000
3090	4381	4381000.000
3091	4395	4395000.000
3092	4458	4458000.000
3093	4400	4400000.000
3094	4409	4409000.000
3095	4300	4300000.000
3096	4413	4413000.000
3097	4404	4404000.000
3098	4471	4471000.000
3099	4428	4428000.000
3100	4442	4442000.000
3101	4549	4549000.000
3102	4392	4392000.000
3103	4293	4293000.000
3104	4221	4221000.000
3105	4281	4281000.000
3106	4265	4265000.000
3107	4386	4386000.000
3108	4331	4331000.000
3109	4290	4290000.000
3110	4358	4358000.000
3111	4386	4386000.000
3112	4409	4409000.000
3113	4397	4397000.000
3114	4441	4441000.000
3115	4456	4456000.000
3116	4391	4391000.000
3117	4403	4403000.000
3118	4390	4390000.000
3119	4471	4471000.000
3120	4428	4428000.000
3121	4416	4416000.000
3122	4450	4450000.000
3123	4444	4444000.000
3124	4314	4314000.000
3125	4372	4372000.000
3126	4250	4250000.000
3127	4218	4218000.000
3128	4273	4273000.000
3129	4414	4414000.000
3130	4349	4349000.000
3131	4295	4295000.000
3132	4329	4329000.000
3133	4319	4319000.000
3134	4247	4247000.000
3135	4292	4292000.000
3136	4426	4426000.000
3137	4479	4479000.000
3138	4465	4465000.000
3139	4356	4356000.000
3140	4367	4367000.000
3141	4425	4425000.000
3142	4378	4378000.000
3143	4451	4451000.000
3144	4417	4417000.000
3145	4471	4471000.000
3146	4386	4386000.000
3147	4419	4419000.000
3148	4257	4257000.000
3149	4254	4254000.000
3150	4266	4266000.000
3151	4299	4299000.000
3152	4337	4337000.000
3153	4335	4335000.000
3154	4333	4333000.000
3155	4383	4383000.000
3156	4299	4299000.000
3157	4185	4185000.000
3158	4317	4317000.000
3159	4373	4373000.000
3160	4361	4361000.000
3161	4406	4406000.000
3162	4505	4505000.000
3163	4384	4384000.000
3164	4450	4450000.000
3165	4384	4384000.000
3166	4412	4412000.000
3167	4429	4429000.000
3168	4377	4377000.000
3169	4445	4445000.000
3170	4336	4336000.000
3171	4240	4240000.000
3172	4380	4380000.000
3173	4346	4346000.000
3174	4354	4354000.000
3175	4391	4391000.000
3176	4258	4258000.000
3177	4420	4420000.000
3178	4383	4383000.000
3179	4204	4204000.000
3180	4290	4290000.000
3181	4337	4337000.000
3182	4471	4471000.000
3183	4377	4377000.000
3184	4450	4450000.000
3185	4497	4497000.000
3186	4501	4501000.000
3187	4417	4417000.000
3188	4340	4340000.000
3189	4376	4376000.000
3190	4478	4478000.000
3191	4369	4369000.000
3192	4404	4404000.000
3193	4426	4426000.000
3194	4446	4446000.000
3195	4322	4322000.000
3196	4367	4367000.000
3197	4322	4322000.000
3198	4314	4314000.000
3199	4317	4317000.000
3200	4284	4284000.000
3201	4321	4321000.000
3202	4279	4279000.000
3203	4343	4343000.000
3204	4343	4343000.000
3205	4326	4326000.000
3206	4404	4404000.000
3207	4555	4555000.000
3208	4475	4475000.000
3209	4477	4477000.000
3210	4369	4369000.000
3211	4419	4419000.000
3212	4397	4397000.000
3213	4459	4459000.000
3214	4352	4352000.000
3215	4373	4373000.000
3216	4321	4321000.000
3217	4365	4365000.000
3218	4347	4347000.000
3219	4260	4260000.000
3220	4347	4347000.000
3221	4299	4299000.000
3222	4339	4339000.000
3223	4421	4421000.000
3224	4263	4263000.000
3225	4335	4335000.000
3226	4318	4318000.000
3227	4321	4321000.000
3228	4311	4311000.000
3229	4327	4327000.000
3230	4447	4447000.000
3231	4492	4492000.000
3232	4379	4379000.000
3233	4535	4535000.000
3234	4374	4374000.000
3235	4397	4397000.000
3236	4410	4410000.000
3237	4472	4472000.000
3238	4396	4396000.000
3239	4421	4421000.000
3240	4359	4359000.000
3241	4250	4250000.000
3242	4309	4309000.000
3243	4399	4399000.000
3244	4299	4299000.000
3245	4380	4380000.000
3246	4345	4345000.000
3247	4290	4290000.000
3248	4338	4338000.000
3249	4266	4266000.000
3250	4387	4387000.000
3251	4346	4346000.000
3252	4428	4428000.000
3253	4380	4380000.000
3254	4368	4368000.000
3255	4374	4374000.000
3256	4544	4544000.000
3257	4383	4383000.000
3258	4425	4425000.000
3259	4433	4433000.000
3260	4512	4512000.000
3261	4467	4467000.000
3262	4350	4350000.000
3263	4354	4354000.000
3264	4411	4411000.000
3265	4326	4326000.000
3266	4353	4353000.000
3267	4353	4353000.000
3268	4446	4446000.000
3269	4471	4471000.000
3270	4291	4291000.000
3271	4311	4311000.000
3272	4302	4302000.000
3273	4314	4314000.000
3274	4329	4329000.000
3275	4458	4458000.000
3276	4390	4390000.000
3277	4514	4514000.000
3278	4402	4402000.000
3279	4417	4417000.000
3280	4395	4395000.000
3281	4378	4378000.000
3282	4392	4392000.000
3283	4434	4434000.000
3284	4412	4412000.000
3285	4398	4398000.000
3286	4354	4354000.000
3287	4274	4274000.000
3288	4363	4363000.000
3289	4356	4356000.000
3290	4371	4371000.000
3291	4502	4502000.000
3292	4409	4409000.000
3293	4419	4419000.000
3294	4419	4419000.000
3295	4279	4279000.000
3296	4348	4348000.000
3297	4338	4338000.000
3298	4422	4422000.000
3299	4356	4356000.000
3300	4505	4505000.000
3301	4483	4483000.000
3302	4476	4476000.000
3303	4407	4407000.000
3304	4382	4382000.000
3305	4338	4338000.000
3306	4432	4432000.000
3307	4318	4318000.000
3308	4451	4451000.000
3309	4435	4435000.000
3310	4299	4299000.000
3311	4399	4399000.000
3312	4292	4292000.000
3313	4300	4300000.000
3314	4329	4329000.000
3315	4350	4350000.000
3316	4498	4498000.000
3317	4286	4286000.000
3318	4318	4318000.000
3319	4344	4344000.000
3320	4346	4346000.000
3321	4357	4357000.000
3322	4459	4459000.000
3323	4393	4393000.000
3324	4524	4524000.000
3325	4416	4416000.000
3326	4438	4438000.000
3327	4409	4409000.000
3328	4447	4447000.000
3329	4385	4385000.000
3330	4471	4471000.000
3331	4397	4397000.000
3332	4366	4366000.000
3333	4347	4347000.000
3334	4297	4297000.000
3335	4303	4303000.000
3336	4469	4469000.000
3337	4327	4327000.000
3338	4411	4411000.000
3339	4325	4325000.000
3340	4273	4273000.000
3341	4316	4316000.000
3342	4354	4354000.000
3343	4326	4326000.000
3344	4439	4439000.000
3345	4355	4355000.000
3346	4445	4445000.000
3347	4512	4512000.000
3348	4434	4434000.000
3349	4407	4407000.000
3350	4487	4487000.000
3351	4445	4445000.000
3352	4342	4342000.000
3353	4505	4505000.000
3354	4466	4466000.000
3355	4375	4375000.000
3356	4337	4337000.000
3357	4287	4287000.000
3358	4362	4362000.000
3359	4453	4453000.000
3360	4354	4354000.000
3361	4375	4375000.000
3362	4348	4348000.000
3363	4440	4440000.000
3364	4330	4330000.000
3365	4236	4236000.000
3366	4333	4333000.000
3367	4365	4365000.000
3368	4443	4443000.000
3369	4415	4415000.000
3370	4421	4421000.000
3371	4452	4452000.000
3372	4451	4451000.000
3373	4459	4459000.000
3374	4379	4379000.000
3375	4459	4459000.000
3376	4434	4434000.000
3377	4521	4521000.000
3378	4433	4433000.000
3379	4324	4324000.000
3380	4306	4306000.000
3381	4319	4319000.000
3382	4312	4312000.000
3383	4386	4386000.000
3384	4383	4383000.000
3385	4357	4357000.000
3386	4322	4322000.000
3387	4338	4338000.000
3388	4354	4354000.000
3389	4324	4324000.000
3390	4312	4312000.000
3391	4381	4381000.000
3392	4469	4469000.000
3393	4433	4433000.000
3394	4393	4393000.000
3395	4510	4510000.000
3396	4477	4477000.000
3397	4518	4518000.000
3398	4518	4518000.000
3399	4470	4470000.000
3400	4429	4429000.000
3401	4328	4328000.000
3402	4377	4377000.000
3403	4310	4310000.000
3404	4289	4289000.000
3405	4375	4375000.000
3406	4316	4316000.000
3407	4384	4384000.000
3408	4379	4379000.000
3409	4424	4424000.000
3410	4381	4381000.000
3411	4338	4338000.000
3412	4369	4369000.000
3413	4323	4323000.000
3414	4371	4371000.000
3415	4413	4413000.000
3416	4464	4464000.000
3417	4437	4437000.000
3418	4434	4434000.000
3419	4419	4419000.000
3420	4441	4441000.000
3421	4452	4452000.000
3422	4451	4451000.000
3423	4540	4540000.000
3424	4517	4517000.000
3425	4317	4317000.000
3426	4367	4367000.000
3427	4372	4372000.000
3428	4285	4285000.000
3429	4390	4390000.000
3430	4373	4373000.000
3431	4361	4361000.000
3432	4325	4325000.000
3433	4372	4372000.000
3434	4303	4303000.000
3435	4276	4276000.000
3436	4388	4388000.000
3437	4362	4362000.000
3438	4457	4457000.000
3439	4408	4408000.000
3440	4404	4404000.000
3441	4491	4491000.000
3442	4398	4398000.000
3443	4483	4483000.000
3444	4438	4438000.000
3445	4410	4410000.000
3446	4431	4431000.000
3447	4519	4519000.000
3448	4366	4366000.000
3449	4333	4333000.000
3450	4419	4419000.000
3451	4381	4381000.000
3452	4349	4349000.000
3453	4399	4399000.000
3454	4363	4363000.000
3455	4395	4395000.000
3456	4377	4377000.000
3457	4496	4496000.000
3458	4282	4282000.000
3459	4427	4427000.000
3460	4412	4412000.000
3461	4424	4424000.000
3462	4477	4477000.000
3463	4491	4491000.000
3464	4435	4435000.000
3465	4495	4495000.000
3466	4526	4526000.000
3467	4523	4523000.000
3468	4451	4451000.000
3469	4437	4437000.000
3470	4414	4414000.000
3471	4330	4330000.000
3472	4362	4362000.000
3473	4305	4305000.000
3474	4374	4374000.000
3475	4469	4469000.000
3476	4357	4357000.000
3477	4367	4367000.000
3478	4434	4434000.000
3479	4362	4362000.000
3480	4281	4281000.000
3481	4396	4396000.000
3482	4291	4291000.000
3483	4251	4251000.000
3484	4508	4508000.000
3485	4483	4483000.000
3486	4432	4432000.000
3487	4507	4507000.000
3488	4370	4370000.000
3489	4436	4436000.000
3490	4409	4409000.000
3491	4510	4510000.000
3492	4528	4528000.000
3493	4498	4498000.000
3494	4332	4332000.000
3495	4259	4259000.000
3496	4264	4264000.000
3497	4377	4377000.000
3498	4362	4362000.000
3499	4371	4371000.000
3500	4439	4439000.000
3501	4382	4382000.000
3502	4451	4451000.000
3503	4253	4253000.000
3504	4342	4342000.000
3505	4382	4382000.000
3506	4388	4388000.000
3507	4357	4357000.000
3508	4503	4503000.000
3509	4476	4476000.000
3510	4444	4444000.000
3511	4427	4427000.000
3512	4513	4513000.000
3513	4448	4448000.000
3514	4434	4434000.000
3515	4451	4451000.000
3516	4438	4438000.000
3517	4428	4428000.000
3518	4408	4408000.000
3519	4302	4302000.000
3520	4343	4343000.000
3521	4376	4376000.000
3522	4413	4413000.000
3523	4462	4462000.000
3524	4360	4360000.000
3525	4349	4349000.000
3526	4343	4343000.000
3527	4322	4322000.000
3528	4374	4374000.000
3529	4351	4351000.000
3530	4356	4356000.000
3531	4422	4422000.000
3532	4464	4464000.000
3533	4472	4472000.000
3534	4523	4523000.000
3535	4464	4464000.000
3536	4623	4623000.000
3537	4462	4462000.000
3538	4439	4439000.000
3539	4451	4451000.000
3540	4299	4299000.000
3541	4352	4352000.000
3542	4422	4422000.000
3543	4339	4339000.000
3544	4459	4459000.000
3545	4394	4394000.000
3546	4332	4332000.000
3547	4452	4452000.000
3548	4428	4428000.000
3549	4236	4236000.000
3550	4355	4355000.000
3551	4211	4211000.000
3552	4242	4242000.000
3553	4382	4382000.000
3554	4417	4417000.000
3555	4392	4392000.000
3556	4441	4441000.000
3557	4468	4468000.000
3558	4449	4449000.000
3559	4466	4466000.000
3560	4502	4502000.000
3561	4464	4464000.000
3562	4438	4438000.000
3563	4394	4394000.000
3564	4302	4302000.000
3565	4330	4330000.000
3566	4301	4301000.000
3567	4370	4370000.000
3568	4383	4383000.000
3569	4397	4397000.000
3570	4345	4345000.000
3571	4459	4459000.000
3572	4316	4316000.000
3573	4328	4328000.000
3574	4206	4206000.000
3575	4349	4349000.000
3576	4363	4363000.000
3577	4405	4405000.000
3578	4445	4445000.000
3579	4457	4457000.000
3580	4444	4444000.000
3581	4458	4458000.000
3582	4440	4440000.000
3583	4459	4459000.000
3584	4424	4424000.000
3585	4496	4496000.000
3586	4401	4401000.000
3587	4325	4325000.000
3588	4347	4347000.000
3589	4403	4403000.000
3590	4326	4326000.000
3591	4457	4457000.000
3592	4419	4419000.000
3593	4458	4458000.000
3594	4434	4434000.000
3595	4431	4431000.000
3596	4366	4366000.000
3597	4319	4319000.000
3598	4274	4274000.000
3599	4309	4309000.000
3600	4341	4341000.000
3601	4364	4364000.000
3602	4501	4501000.000
3603	4422	4422000.000
3604	4488	4488000.000
3605	4500	4500000.000
3606	4437	4437000.000
3607	4500	4500000.000
3608	4456	4456000.000
3609	4304	4304000.000
3610	4350	4350000.000
3611	4331	4331000.000
3612	4342	4342000.000
3613	4486	4486000.000
3614	4420	4420000.000
3615	4467	4467000.000
3616	4471	4471000.000
3617	4298	4298000.000
3618	4378	4378000.000
3619	4282	4282000.000
3620	4275	4275000.000
3621	4278	4278000.000
3622	4384	4384000.000
3623	4324	4324000.000
3624	4383	4383000.000
3625	4461	4461000.000
3626	4465	4465000.000
3627	4408	4408000.000
3628	4433	4433000.000
3629	4406	4406000.000
3630	4530	4530000.000
3631	4467	4467000.000
3632	4372	4372000.000
3633	4398	4398000.000
3634	4320	4320000.000
3635	4362	4362000.000
3636	4365	4365000.000
3637	4400	4400000.000
3638	4442	4442000.000
3639	4387	4387000.000
3640	4419	4419000.000
3641	4461	4461000.000
3642	4234	4234000.000
3643	4390	4390000.000
3644	4343	4343000.000
3645	4275	4275000.000
3646	4316	4316000.000
3647	4440	4440000.000
3648	4511	4511000.000
3649	4436	4436000.000
3650	4333	4333000.000
3651	4423	4423000.000
3652	4378	4378000.000
3653	4526	4526000.000
3654	4410	4410000.000
3655	4491	4491000.000
3656	4310	4310000.000
3657	4295	4295000.000
3658	4362	4362000.000
3659	4342	4342000.000
3660	4386	4386000.000
3661	4495	4495000.000
3662	4413	4413000.000
3663	4472	4472000.000
3664	4444	4444000.000
3665	4363	4363000.000
3666	4252	4252000.000
3667	4298	4298000.000
3668	4415	4415000.000
3669	4453	4453000.000
3670	4504	4504000.000
3671	4474	4474000.000
3672	4450	4450000.000
3673	4494	4494000.000
3674	4444	4444000.000
3675	4381	4381000.000
3676	4490	4490000.000
3677	4537	4537000.000
3678	4428	4428000.000
3679	4387	4387000.000
3680	4391	4391000.000
3681	4418	4418000.000
3682	4267	4267000.000
3683	4271	4271000.000
3684	4429	4429000.000
3685	4375	4375000.000
3686	4410	4410000.000
3687	4465	4465000.000
3688	4348	4348000.000
3689	4234	4234000.000
3690	4279	4279000.000
3691	4397	4397000.000
3692	4364	4364000.000
3693	4518	4518000.000
3694	4441	4441000.000
3695	4447	4447000.000
3696	4458	4458000.000
3697	4430	4430000.000
3698	4451	4451000.000
3699	4342	4342000.000
3700	4403	4403000.000
3701	4473	4473000.000
3702	4425	4425000.000
3703	4345	4345000.000
3704	4256	4256000.000
3705	4373	4373000.000
3706	4343	4343000.000
3707	4382	4382000.000
3708	4419	4419000.000
3709	4553	4553000.000
3710	4425	4425000.000
3711	4314	4314000.000
3712	4316	4316000.000
3713	4313	4313000.000
3714	4287	4287000.000
3715	4294	4294000.000
3716	4382	4382000.000
3717	4488	4488000.000
3718	4405	4405000.000
3719	4369	4369000.000
3720	4414	4414000.000
3721	4483	4483000.000
3722	4418	4418000.000
3723	4507	4507000.000
3724	4530	4530000.000
3725	4355	4355000.000
3726	4268	4268000.000
3727	4311	4311000.000
3728	4352	4352000.000
3729	4382	4382000.000
3730	4469	4469000.000
3731	4359	4359000.000
3732	4505	4505000.000
3733	4546	4546000.000
3734	4345	4345000.000
3735	4416	4416000.000
3736	4292	4292000.000
3737	4278	4278000.000
3738	4299	4299000.000
3739	4379	4379000.000
3740	4368	4368000.000
3741	4515	4515000.000
3742	4446	4446000.000
3743	4324	4324000.000
3744	4378	4378000.000
3745	4489	4489000.000
3746	4470	4470000.000
3747	4357	4357000.000
3748	4456	4456000.000
3749	4258	4258000.000
3750	4296	4296000.000
3751	4330	4330000.000
3752	4460	4460000.000
3753	4399	4399000.000
3754	4491	4491000.000
3755	4486	4486000.000
3756	4484	4484000.000
3757	4477	4477000.000
3758	4413	4413000.000
3759	4359	4359000.000
3760	4290	4290000.000
3761	4260	4260000.000
3762	4353	4353000.000
3763	4416	4416000.000
3764	4460	4460000.000
3765	4511	4511000.000
3766	4411	4411000.000
3767	4474	4474000.000
3768	4494	4494000.000
3769	4487	4487000.000
3770	4411	4411000.000
3771	4403	4403000.000
3772	4361	4361000.000
3773	4383	4383000.000
3774	4368	4368000.000
3775	4391	4391000.000
3776	4454	4454000.000
3777	4441	4441000.000
3778	4487	4487000.000
3779	4376	4376000.000
3780	4533	4533000.000
3781	4300	4300000.000
3782	4333	4333000.000
3783	4337	4337000.000
3784	4423	4423000.000
3785	4265	4265000.000
3786	4461	4461000.000
3787	4388	4388000.000
3788	4406	4406000.000
3789	4592	4592000.000
3790	4480	4480000.000
3791	4403	4403000.000
3792	4422	4422000.000
3793	4412	4412000.000
3794	4416	4416000.000
3795	4340	4340000.000
3796	4370	4370000.000
3797	4387	4387000.000
3798	4346	4346000.000
3799	4383	4383000.000
3800	4513	4513000.000
3801	4479	4479000.000
3802	4432	4432000.000
3803	4428	4428000.000
3804	4458	4458000.000
3805	4361	4361000.000
3806	4298	4298000.000
3807	4287	4287000.000
3808	4328	4328000.000
3809	4414	4414000.000
3810	4394	4394000.000
3811	4441	4441000.000
3812	4438	4438000.000
3813	4545	4545000.000
3814	4428	4428000.000
3815	4365	4365000.000
3816	4436	4436000.000
3817	4436	4436000.000
3818	4304	4304000.000
3819	4383	4383000.000
3820	4365	4365000.000
3821	4316	4316000.000
3822	4412	4412000.000
3823	4513	4513000.000
3824	4490	4490000.000
3825	4507	4507000.000
3826	4422	4422000.000
3827	4422	4422000.000
3828	4320	4320000.000
3829	4417	4417000.000
3830	4457	4457000.000
3831	4493	4493000.000
3832	4365	4365000.000
3833	4433	4433000.000
3834	4488	4488000.000
3835	4442	4442000.000
3836	4478	4478000.000
3837	4546	4546000.000
3838	4517	4517000.000
3839	4414	4414000.000
3840	4403	4403000.000
3841	4321	4321000.000
3842	4356	4356000.000
3843	4360	4360000.000
3844	4428	4428000.000
3845	4527	4527000.000
3846	4439	4439000.000
3847	4482	4482000.000
3848	4449	4449000.000
3849	4466	4466000.000
3850	4383	4383000.000
3851	4379	4379000.000
3852	4428	4428000.000
3853	4433	4433000.000
3854	4299	4299000.000
3855	4508	4508000.000
3856	4410	4410000.000
3857	4417	4417000.000
3858	4452	4452000.000
3859	4423	4423000.000
3860	4562	4562000.000
3861	4398	4398000.000
3862	4490	4490000.000
3863	4345	4345000.000
3864	4426	4426000.000
3865	4305	4305000.000
3866	4269	4269000.000
3867	4320	4320000.000
3868	4528	4528000.000
3869	4419	4419000.000
3870	4451	4451000.000
3871	4370	4370000.000
3872	4399	4399000.000
3873	4465	4465000.000
3874	4384	4384000.000
3875	4349	4349000.000
3876	4394	4394000.000
3877	4436	4436000.000
3878	4373	4373000.000
3879	4454	4454000.000
3880	4486	4486000.000
3881	4499	4499000.000
3882	4469	4469000.000
3883	4526	4526000.000
3884	4450	4450000.000
3885	4396	4396000.000
3886	4523	4523000.000
3887	4372	4372000.000
3888	4294	4294000.000
3889	4305	4305000.000
3890	4351	4351000.000
3891	4350	4350000.000
3892	4460	4460000.000
3893	4536	4536000.000
3894	4493	4493000.000
3895	4394	4394000.000
3896	4474	4474000.000
3897	4397	4397000.000
3898	4396	4396000.000
3899	4455	4455000.000
3900	4341	4341000.000
3901	4379	4379000.000
3902	4417	4417000.000
3903	4395	4395000.000
3904	4413	4413000.000
3905	4547	4547000.000
3906	4583	4583000.000
3907	4481	4481000.000
3908	4472	4472000.000
3909	4377	4377000.000
3910	4373	4373000.000
3911	4233	4233000.000
3912	4254	4254000.000
3913	4434	4434000.000
3914	4468	4468000.000
3915	4445	4445000.000
3916	4477	4477000.000
3917	4576	4576000.000
3918	4447	4447000.000
3919	4477	4477000.000
3920	4502	4502000.000
3921	4346	4346000.000
3922	4374	4374000.000
3923	4287	4287000.000
3924	4433	4433000.000
3925	4381	4381000.000
3926	4562	4562000.000
3927	4541	4541000.000
3928	4412	4412000.000
3929	4469	4469000.000
3930	4448	4448000.000
3931	4386	4386000.000
3932	4450	4450000.000
3933	4386	4386000.000
3934	4359	4359000.000
3935	4301	4301000.000
3936	4451	4451000.000
3937	4313	4313000.000
3938	4504	4504000.000
3939	4529	4529000.000
3940	4469	4469000.000
3941	4632	4632000.000
3942	4432	4432000.000
3943	4350	4350000.000
3944	4352	4352000.000
3945	4425	4425000.000
3946	4276	4276000.000
3947	4513	4513000.000
3948	4442	4442000.000
3949	4483	4483000.000
3950	4538	4538000.000
3951	4551	4551000.000
3952	4439	4439000.000
3953	4431	4431000.000
3954	4429	4429000.000
3955	4388	4388000.000
3956	4274	4274000.000
3957	4272	4272000.000
3958	4355	4355000.000
3959	4385	4385000.000
3960	4563	4563000.000
3961	4404	4404000.000
3962	4553	4553000.000
3963	4559	4559000.000
3964	4472	4472000.000
3965	4472	4472000.000
3966	4413	4413000.000
3967	4351	4351000.000
3968	4372	4372000.000
3969	4303	4303000.000
3970	4386	4386000.000
3971	4339	4339000.000
3972	4431	4431000.000
3973	4483	4483000.000
3974	4489	4489000.000
3975	4522	4522000.000
3976	4475	4475000.000
3977	4400	4400000.000
3978	4446	4446000.000
3979	4372	4372000.000
3980	4451	4451000.000
3981	4284	4284000.000
3982	4342	4342000.000
3983	4370	4370000.000
3984	4469	4469000.000
3985	4581	4581000.000
3986	4485	4485000.000
3987	4511	4511000.000
3988	4510	4510000.000
3989	4435	4435000.000
3990	4458	4458000.000
3991	4329	4329000.000
3992	4455	4455000.000
3993	4292	4292000.000
3994	4334	4334000.000
3995	4482	4482000.000
3996	4468	4468000.000
3997	4482	4482000.000
3998	4523	4523000.000
3999	4413	4413000.000
4000	4565	4565000.000
4001	4469	4469000.000
4002	4418	4418000.000
4003	4452	4452000.000
4004	4473	4473000.000
4005	4317	4317000.000
4006	4357	4357000.000
4007	4570	4570000.000
4008	4548	4548000.000
4009	4467	4467000.000
4010	4461	4461000.000
4011	4548	4548000.000
4012	4444	4444000.000
4013	4317	4317000.000
4014	4404	4404000.000
4015	4419	4419000.000
4016	4395	4395000.000
4017	4532	4532000.000
4018	4462	4462000.000
4019	4455	4455000.000
4020	4507	4507000.000
4021	4462	4462000.000
4022	4528	4528000.000
4023	4467	4467000.000
4024	4445	4445000.000
4025	4341	4341000.000
4026	4360	4360000.000
4027	4358	4358000.000
4028	4439	4439000.000
4029	4327	4327000.000
4030	4392	4392000.000
4031	4494	4494000.000
4032	4500	4500000.000
4033	4514	4514000.000
4034	4524	4524000.000
4035	4518	4518000.000
4036	4374	4374000.000
4037	4383	4383000.000
4038	4354	4354000.000
4039	4343	4343000.000
4040	4353	4353000.000
4041	4511	4511000.000
4042	4496	4496000.000
4043	4523	4523000.000
4044	4544	4544000.000
4045	4498	4498000.000
4046	4559	4559000.000
4047	4520	4520000.000
4048	4487	4487000.000
4049	4401	4401000.000
4050	4338	4338000.000
4051	4269	4269000.000
4052	4379	4379000.000
4053	4416	4416000.000
4054	4444	4444000.000
4055	4412	4412000.000
4056	4378	4378000.000
4057	4487	4487000.000
4058	4405	4405000.000
4059	4535	4535000.000
4060	4244	4244000.000
4061	4401	4401000.000
4062	4404	4404000.000
4063	4359	4359000.000
4064	4528	4528000.000
4065	4439	4439000.000
4066	4478	4478000.000
4067	4438	4438000.000
4068	4481	4481000.000
4069	4487	4487000.000
4070	4399	4399000.000
4071	4430	4430000.000
4072	4483	4483000.000
4073	4287	4287000.000
4074	4289	4289000.000
4075	4376	4376000.000
4076	4394	4394000.000
4077	4516	4516000.000
4078	4428	4428000.000
4079	4458	4458000.000
4080	4601	4601000.000
4081	4444	4444000.000
4082	4471	4471000.000
4083	4362	4362000.000
4084	4335	4335000.000
4085	4341	4341000.000
4086	4423	4423000.000
4087	4440	4440000.000
4088	4466	4466000.000
4089	4523	4523000.000
4090	4481	4481000.000
4091	4406	4406000.000
4092	4510	4510000.000
4093	4526	4526000.000
4094	4427	4427000.000
4095	4417	4417000.000
4096	4361	4361000.000
4097	4429	4429000.000
4098	4343	4343000.000
4099	4404	4404000.000
4100	4368	4368000.000
4101	4523	4523000.000
4102	4489	4489000.000
4103	4502	4502000.000
4104	4437	4437000.000
4105	4411	4411000.000
4106	4379	4379000.000
4107	4353	4353000.000
4108	4352	4352000.000
4109	4355	4355000.000
4110	4500	4500000.000
4111	4468	4468000.000
4112	4480	4480000.000
4113	4429	4429000.000
4114	4438	4438000.000
4115	4459	4459000.000
4116	4366	4366000.000
4117	4508	4508000.000
4118	4331	4331000.000
4119	4302	4302000.000
4120	4324	4324000.000
4121	4409	4409000.000
4122	4431	4431000.000
4123	4432	4432000.000
4124	4413	4413000.000
4125	4475	4475000.000
4126	4450	4450000.000
4127	4475	4475000.000
4128	4484	4484000.000
4129	4423	4423000.000
4130	4383	4383000.000
4131	4282	4282000.000
4132	4323	4323000.000
4133	4481	4481000.000
4134	4393	4393000.000
4135	4444	4444000.000
4136	4425	4425000.000
4137	4475	4475000.000
4138	4514	4514000.000
4139	4475	4475000.000
4140	4369	4369000.000
4141	4412	4412000.000
4142	4345	4345000.000
4143	4415	4415000.000
4144	4324	4324000.000
4145	4341	4341000.000
4146	4435	4435000.000
4147	4584	4584000.000
4148	4459	4459000.000
4149	4533	4533000.000
4150	4439	4439000.000
4151	4427	4427000.000
4152	4416	4416000.000
4153	4342	4342000.000
4154	4337	4337000.000
4155	4323	4323000.000
4156	4357	4357000.000
4157	4436	4436000.000
4158	4461	4461000.000
4159	4398	4398000.000
4160	4432	4432000.000
4161	4370	4370000.000
4162	4512	4512000.000
4163	4459	4459000.000
4164	4515	4515000.000
4165	4390	4390000.000
4166	4400	4400000.000
4167	4365	4365000.000
4168	4260	4260000.000
4169	4435	4435000.000
4170	4466	4466000.000
4171	4495	4495000.000
4172	4544	4544000.000
4173	4455	4455000.000
4174	4417	4417000.000
4175	4432	4432000.000
4176	4414	4414000.000
4177	4238	4238000.000
4178	4350	4350000.000
4179	4407	4407000.000
4180	4469	4469000.000
4181	4443	4443000.000
4182	4507	4507000.000
4183	4493	4493000.000
4184	4450	4450000.000
4185	4492	4492000.000
4186	4565	4565000.000
4187	4452	4452000.000
4188	4473	4473000.000
4189	4395	4395000.000
4190	4289	4289000.000
4191	4256	4256000.000
4192	4325	4325000.000
4193	4344	4344000.000
4194	4490	4490000.000
4195	4560	4560000.000
4196	4405	4405000.000
4197	4461	4461000.000
4198	4352	4352000.000
4199	4400	4400000.000
4200	4325	4325000.000
4201	4371	4371000.000
4202	4453	4453000.000
4203	4400	4400000.000
4204	4530	4530000.000
4205	4485	4485000.000
4206	4467	4467000.000
4207	4465	4465000.000
4208	4375	4375000.000
4209	4489	4489000.000
4210	4539	4539000.000
4211	4446	4446000.000
4212	4456	4456000.000
4213	4276	4276000.000
4214	4363	4363000.000
4215	4404	4404000.000
4216	4367	4367000.000
4217	4550	4550000.000
4218	4390	4390000.000
4219	4486	4486000.000
4220	4423	4423000.000
4221	4547	4547000.000
4222	4325	4325000.000
4223	4358	4358000.000
4224	4403	4403000.000
4225	4492	4492000.000
4226	4358	4358000.000
4227	4458	4458000.000
4228	4517	4517000.000
4229	4372	4372000.000
4230	4447	4447000.000
4231	4328	4328000.000
4232	4479	4479000.000
4233	4416	4416000.000
4234	4383	4383000.000
4235	4255	4255000.000
4236	4285	4285000.000
4237	4292	4292000.000
4238	4396	4396000.000
4239	4359	4359000.000
4240	4446	4446000.000
4241	4454	4454000.000
4242	4413	4413000.000
4243	4431	4431000.000
4244	4321	4321000.000
4245	4332	4332000.000
4246	4350	4350000.000
4247	4323	4323000.000
4248	4406	4406000.000
4249	4450	4450000.000
4250	4466	4466000.000
4251	4478	4478000.000
4252	4536	4536000.000
4253	4504	4504000.000
4254	4549	4549000.000
4255	4518	4518000.000
4256	4447	4447000.000
4257	4419	4419000.000
4258	4456	4456000.000
4259	4313	4313000.000
4260	4363	4363000.000
4261	4473	4473000.000
4262	4454	4454000.000
4263	4410	4410000.000
4264	4446	4446000.000
4265	4456	4456000.000
4266	4458	4458000.000
4267	4424	4424000.000
4268	4424	4424000.000
4269	4291	4291000.000
4270	4343	4343000.000
4271	4352	4352000.000
4272	4480	4480000.000
4273	4407	4407000.000
4274	4490	4490000.000
4275	4518	4518000.000
4276	4502	4502000.000
4277	4516	4516000.000
4278	4499	4499000.000
4279	4559	4559000.000
4280	4425	4425000.000
4281	4283	4283000.000
4282	4337	4337000.000
4283	4357	4357000.000
4284	4273	4273000.000
4285	4324	4324000.000
4286	4388	4388000.000
4287	4519	4519000.000
4288	4439	4439000.000
4289	4548	4548000.000
4290	4323	4323000.000
4291	4390	4390000.000
4292	4360	4360000.000
4293	4296	4296000.000
4294	4398	4398000.000
4295	4490	4490000.000
4296	4325	4325000.000
4297	4460	4460000.000
4298	4473	4473000.000
4299	4408	4408000.000
4300	4463	4463000.000
4301	4561	4561000.000
4302	4506	4506000.000
4303	4500	4500000.000
4304	4374	4374000.000
4305	4298	4298000.000
4306	4296	4296000.000
4307	4315	4315000.000
4308	4337	4337000.000
4309	4421	4421000.000
4310	4477	4477000.000
4311	4421	4421000.000
4312	4412	4412000.000
4313	4508	4508000.000
4314	4433	4433000.000
4315	4343	4343000.000
4316	4311	4311000.000
4317	4297	4297000.000
4318	4394	4394000.000
4319	4526	4526000.000
4320	4467	4467000.000
4321	4472	4472000.000
4322	4473	4473000.000
4323	4455	4455000.000
4324	4476	4476000.000
4325	4505	4505000.000
4326	4352	4352000.000
4327	4511	4511000.000
4328	4407	4407000.000
4329	4216	4216000.000
4330	4334	4334000.000
4331	4452	4452000.000
4332	4465	4465000.000
4333	4512	4512000.000
4334	4448	4448000.000
4335	4411	4411000.000
4336	4442	4442000.000
4337	4404	4404000.000
4338	4375	4375000.000
4339	4428	4428000.000
4340	4407	4407000.000
4341	4374	4374000.000
4342	4495	4495000.000
4343	4374	4374000.000
4344	4336	4336000.000
4345	4550	4550000.000
4346	4431	4431000.000
4347	4490	4490000.000
4348	4454	4454000.000
4349	4487	4487000.000
4350	4381	4381000.000
4351	4388	4388000.000
4352	4343	4343000.000
4353	4380	4380000.000
4354	4419	4419000.000
4355	4492	4492000.000
4356	4489	4489000.000
4357	4450	4450000.000
4358	4479	4479000.000
4359	4361	4361000.000
4360	4348	4348000.000
4361	4261	4261000.000
4362	4241	4241000.000
4363	4337	4337000.000
4364	4448	4448000.000
4365	4491	4491000.000
4366	4451	4451000.000
4367	4480	4480000.000
4368	4495	4495000.000
4369	4530	4530000.000
4370	4408	4408000.000
4371	4410	4410000.000
4372	4499	4499000.000
4373	4396	4396000.000
4374	4389	4389000.000
4375	4332	4332000.000
4376	4335	4335000.000
4377	4355	4355000.000
4378	4418	4418000.000
4379	4386	4386000.000
4380	4404	4404000.000
4381	4347	4347000.000
4382	4345	4345000.000
4383	4403	4403000.000
4384	4385	4385000.000
4385	4371	4371000.000
4386	4340	4340000.000
4387	4413	4413000.000
4388	4398	4398000.000
4389	4429	4429000.000
4390	4471	4471000.000
4391	4539	4539000.000
4392	4547	4547000.000
4393	4570	4570000.000
4394	4523	4523000.000
4395	4328	4328000.000
4396	4397	4397000.000
4397	4403	4403000.000
4398	4286	4286000.000
4399	4437	4437000.000
4400	4369	4369000.000
4401	4412	4412000.000
4402	4448	4448000.000
4403	4468	4468000.000
4404	4444	4444000.000
4405	4482	4482000.000
4406	4454	4454000.000
4407	4405	4405000.000
4408	4391	4391000.000
4409	4342	4342000.000
4410	4354	4354000.000
4411	4440	4440000.000
4412	4499	4499000.000
4413	4371	4371000.000
4414	4522	4522000.000
4415	4422	4422000.000
4416	4406	4406000.000
4417	4400	4400000.000
4418	4356	4356000.000
4419	4371	4371000.000
4420	4345	4345000.000
4421	4392	4392000.000
4422	4332	4332000.000
4423	4350	4350000.000
4424	4359	4359000.000
4425	4518	4518000.000
4426	4447	4447000.000
4427	4395	4395000.000
4428	4432	4432000.000
4429	4390	4390000.000
4430	4440	4440000.000
4431	4400	4400000.000
4432	4321	4321000.000
4433	4397	4397000.000
4434	4424	4424000.000
4435	4487	4487000.000
4436	4527	4527000.000
4437	4422	4422000.000
4438	4479	4479000.000
4439	4470	4470000.000
4440	4434	4434000.000
4441	4495	4495000.000
4442	4413	4413000.000
4443	4348	4348000.000
4444	4349	4349000.000
4445	4385	4385000.000
4446	4364	4364000.000
4447	4422	4422000.000
4448	4370	4370000.000
4449	4409	4409000.000
4450	4436	4436000.000
4451	4345	4345000.000
4452	4319	4319000.000
4453	4399	4399000.000
4454	4251	4251000.000
4455	4275	4275000.000
4456	4392	4392000.000
4457	4394	4394000.000
4458	4543	4543000.000
4459	4455	4455000.000
4460	4437	4437000.000
4461	4489	4489000.000
4462	4471	4471000.000
4463	4414	4414000.000
4464	4497	4497000.000
4465	4472	4472000.000
4466	4406	4406000.000
4467	4249	4249000.000
4468	4359	4359000.000
4469	4451	4451000.000
4470	4496	4496000.000
4471	4501	4501000.000
4472	4415	4415000.000
4473	4424	4424000.000
4474	4413	4413000.000
4475	4476	4476000.000
4476	4349	4349000.000
4477	4375	4375000.000
4478	4360	4360000.000
4479	4440	4440000.000
4480	4451	4451000.000
4481	4438	4438000.000
4482	4488	4488000.000
4483	4430	4430000.000
4484	4514	4514000.000
4485	4501	4501000.000
4486	4609	4609000.000
4487	4390	4390000.000
4488	4484	4484000.000
4489	4432	4432000.000
4490	4283	4283000.000
4491	4408	4408000.000
4492	4390	4390000.000
4493	4375	4375000.000
4494	4586	4586000.000
4495	4513	4513000.000
4496	4483	4483000.000
4497	4466	4466000.000
4498	4523	4523000.000
4499	4396	4396000.000
4500	4385	4385000.000
4501	4387	4387000.000
4502	4264	4264000.000
4503	4441	4441000.000
4504	4404	4404000.000
4505	4481	4481000.000
4506	4375	4375000.000
4507	4429	4429000.000
4508	4524	4524000.000
4509	4432	4432000.000
4510	4489	4489000.000
4511	4428	4428000.000
4512	4385	4385000.000
4513	4398	4398000.000
4514	4418	4418000.000
4515	4389	4389000.000
4516	4462	4462000.000
4517	4409	4409000.000
4518	4470	4470000.000
4519	4435	4435000.000
4520	4441	4441000.000
4521	4414	4414000.000
4522	4443	4443000.000
4523	4354	4354000.000
4524	4253	4253000.000
4525	4342	4342000.000
4526	4214	4214000.000
4527	4327	4327000.000
4528	4423	4423000.000
4529	4469	4469000.000
4530	4481	4481000.000
4531	4508	4508000.000
4532	4408	4408000.000
4533	4459	4459000.000
4534	4406	4406000.000
4535	4351	4351000.000
4536	4318	4318000.000
4537	4256	4256000.000
4538	4350	4350000.000
4539	4369	4369000.000
4540	4560	4560000.000
4541	4553	4553000.000
4542	4548	4548000.000
4543	4569	4569000.000
4544	4430	4430000.000
4545	4307	4307000.000
4546	4377	4377000.000
4547	4377	4377000.000
4548	4313	4313000.000
4549	4442	4442000.000
4550	4381	4381000.000
4551	4483	4483000.000
4552	4405	4405000.000
4553	4389	4389000.000
4554	4475	4475000.000
4555	4458	4458000.000
4556	4394	4394000.000
4557	4371	4371000.000
4558	4310	4310000.000
4559	4424	4424000.000
4560	4367	4367000.000
4561	4314	4314000.000
4562	4441	4441000.000
4563	4357	4357000.000
4564	4492	4492000.000
4565	4396	4396000.000
4566	4459	4459000.000
4567	4439	4439000.000
4568	4497	4497000.000
4569	4410	4410000.000
4570	4351	4351000.000
4571	4307	4307000.000
4572	4440	4440000.000
4573	4457	4457000.000
4574	4477	4477000.000
4575	4478	4478000.000
4576	4467	4467000.000
4577	4566	4566000.000
4578	4368	4368000.000
4579	4402	4402000.000
4580	4428	4428000.000
4581	4307	4307000.000
4582	4340	4340000.000
4583	4387	4387000.000
4584	4410	4410000.000
4585	4390	4390000.000
4586	4435	4435000.000
4587	4480	4480000.000
4588	4573	4573000.000
4589	4414	4414000.000
4590	4458	4458000.000
4591	4533	4533000.000
4592	4471	4471000.000
4593	4488	4488000.000
4594	4345	4345000.000
4595	4350	4350000.000
4596	4299	4299000.000
4597	4477	4477000.000
4598	4422	4422000.000
4599	4403	4403000.000
4600	4438	4438000.000
4601	4320	4320000.000
4602	4293	4293000.000
4603	4293	4293000.000
4604	4179	4179000.000
4605	4271	4271000.000
4606	4344	4344000.000
4607	4423	4423000.000
4608	4358	4358000.000
4609	4471	4471000.000
4610	4570	4570000.000
4611	4491	4491000.000
4612	4484	4484000.000
4613	4526	4526000.000
4614	4450	4450000.000
4615	4400	4400000.000
4616	4533	4533000.000
4617	4438	4438000.000
4618	4495	4495000.000
4619	4460	4460000.000
4620	4514	4514000.000
4621	4490	4490000.000
4622	4350	4350000.000
4623	4374	4374000.000
4624	4376	4376000.000
4625	4276	4276000.000
4626	4362	4362000.000
4627	4366	4366000.000
4628	4308	4308000.000
4629	4375	4375000.000
4630	4450	4450000.000
4631	4469	4469000.000
4632	4443	4443000.000
4633	4508	4508000.000
4634	4377	4377000.000
4635	4516	4516000.000
4636	4465	4465000.000
4637	4404	4404000.000
4638	4448	4448000.000
4639	4396	4396000.000
4640	4371	4371000.000
4641	4399	4399000.000
4642	4360	4360000.000
4643	4317	4317000.000
4644	4314	4314000.000
4645	4270	4270000.000
4646	4249	4249000.000
4647	4219	4219000.000
4648	4196	4196000.000
4649	4375	4375000.000
4650	4568	4568000.000
4651	4529	4529000.000
4652	4409	4409000.000
4653	4503	4503000.000
4654	4371	4371000.000
4655	4385	4385000.000
4656	4420	4420000.000
4657	4476	4476000.000
4658	4446	4446000.000
4659	4561	4561000.000
4660	4341	4341000.000
4661	4453	4453000.000
4662	4241	4241000.000
4663	4334	4334000.000
4664	4185	4185000.000
4665	4259	4259000.000
4666	4335	4335000.000
4667	4532	4532000.000
4668	4424	4424000.000
4669	4509	4509000.000
4670	4432	4432000.000
4671	4499	4499000.000
4672	4592	4592000.000
4673	4523	4523000.000
4674	4449	4449000.000
4675	4414	4414000.000
4676	4420	4420000.000
4677	4387	4387000.000
4678	4313	4313000.000
4679	4349	4349000.000
4680	4235	4235000.000
4681	4167	4167000.000
4682	4227	4227000.000
4683	4328	4328000.000
4684	4281	4281000.000
4685	4331	4331000.000
4686	4352	4352000.000
4687	4426	4426000.000
4688	4445	4445000.000
4689	4487	4487000.000
4690	4453	4453000.000
4691	4586	4586000.000
4692	4416	4416000.000
4693	4478	4478000.000
4694	4299	4299000.000
4695	4403	4403000.000
4696	4307	4307000.000
4697	4423	4423000.000
4698	4448	4448000.000
4699	4495	4495000.000
4700	4401	4401000.000
4701	4419	4419000.000
4702	4358	4358000.000
4703	4391	4391000.000
4704	4358	4358000.000
4705	4420	4420000.000
4706	4437	4437000.000
4707	4286	4286000.000
4708	4416	4416000.000
4709	4427	4427000.000
4710	4582	4582000.000
4711	4449	4449000.000
4712	4381	4381000.000
4713	4451	4451000.000
4714	4404	4404000.000
4715	4362	4362000.000
4716	4412	4412000.000
4717	4340	4340000.000
4718	4386	4386000.000
4719	4326	4326000.000
4720	4274	4274000.000
4721	4285	4285000.000
4722	4308	4308000.000
4723	4320	4320000.000
4724	4332	4332000.000
4725	4348	4348000.000
4726	4350	4350000.000
4727	4415	4415000.000
4728	4419	4419000.000
4729	4367	4367000.000
4730	4401	4401000.000
4731	4389	4389000.000
4732	4339	4339000.000
4733	4366	4366000.000
4734	4315	4315000.000
4735	4286	4286000.000
4736	4300	4300000.000
4737	4247	4247000.000
4738	4303	4303000.000
4739	4219	4219000.000
4740	4210	4210000.000
4741	4294	4294000.000
4742	4252	4252000.000
4743	4315	4315000.000
4744	4316	4316000.000
4745	4372	4372000.000
4746	4401	4401000.000
4747	4416	4416000.000
4748	4385	4385000.000
4749	4467	4467000.000
4750	4596	4596000.000
4751	4458	4458000.000
4752	4446	4446000.000
4753	4454	4454000.000
4754	4548	4548000.000
4755	4524	4524000.000
4756	4321	4321000.000
4757	4321	4321000.000
4758	4258	4258000.000
4759	4340	4340000.000
4760	4332	4332000.000
4761	4262	4262000.000
4762	4416	4416000.000
4763	4465	4465000.000
4764	4507	4507000.000
4765	4531	4531000.000
4766	4566	4566000.000
4767	4525	4525000.000
4768	4533	4533000.000
4769	4538	4538000.000
4770	4565	4565000.000
4771	4491	4491000.000
4772	4416	4416000.000
4773	4223	4223000.000
4774	4247	4247000.000
4775	4388	4388000.000
4776	4467	4467000.000
4777	4344	4344000.000
4778	4386	4386000.000
4779	4381	4381000.000
4780	4477	4477000.000
4781	4269	4269000.000
4782	4407	4407000.000
4783	4458	4458000.000
4784	4458	4458000.000
4785	4549	4549000.000
4786	4480	4480000.000
4787	4615	4615000.000
4788	4617	4617000.000
4789	4528	4528000.000
4790	4449	4449000.000
4791	4372	4372000.000
4792	4202	4202000.000
4793	4303	4303000.000
4794	4234	4234000.000
4795	4332	4332000.000
4796	4394	4394000.000
4797	4417	4417000.000
4798	4404	4404000.000
4799	4481	4481000.000
4800	4492	4492000.000
4801	4369	4369000.000
4802	4504	4504000.000
4803	4574	4574000.000
4804	4488	4488000.000
4805	4561	4561000.000
4806	4490	4490000.000
4807	4418	4418000.000
4808	4310	4310000.000
4809	4307	4307000.000
4810	4317	4317000.000
4811	4301	4301000.000
4812	4347	4347000.000
4813	4365	4365000.000
4814	4192	4192000.000
4815	4281	4281000.000
4816	4192	4192000.000
4817	4298	4298000.000
4818	4338	4338000.000
4819	4299	4299000.000
4820	4338	4338000.000
4821	4412	4412000.000
4822	4396	4396000.000
4823	4406	4406000.000
4824	4364	4364000.000
4825	4324	4324000.000
4826	4335	4335000.000
4827	4377	4377000.000
4828	4287	4287000.000
4829	4173	4173000.000
4830	4240	4240000.000
4831	4221	4221000.000
4832	4381	4381000.000
4833	4360	4360000.000
4834	4314	4314000.000
4835	4411	4411000.000
4836	4422	4422000.000
4837	4453	4453000.000
4838	4494	4494000.000
4839	4505	4505000.000
4840	4591	4591000.000
4841	4438	4438000.000
4842	4550	4550000.000
4843	4354	4354000.000
4844	4414	4414000.000
4845	4454	4454000.000
4846	4482	4482000.000
4847	4458	4458000.000
4848	4497	4497000.000
4849	4412	4412000.000
4850	4290	4290000.000
4851	4347	4347000.000
4852	4367	4367000.000
4853	4369	4369000.000
4854	4386	4386000.000
4855	4356	4356000.000
4856	4299	4299000.000
4857	4370	4370000.000
4858	4523	4523000.000
4859	4551	4551000.000
4860	4500	4500000.000
4861	4539	4539000.000
4862	4456	4456000.000
4863	4533	4533000.000
4864	4516	4516000.000
4865	4496	4496000.000
4866	4470	4470000.000
4867	4343	4343000.000
4868	4294	4294000.000
4869	4272	4272000.000
4870	4561	4561000.000
4871	4476	4476000.000
4872	4393	4393000.000
4873	4210	4210000.000
4874	4336	4336000.000
4875	4308	4308000.000
4876	4375	4375000.000
4877	4477	4477000.000
4878	4521	4521000.000
4879	4525	4525000.000
4880	4344	4344000.000
4881	4533	4533000.000
4882	4467	4467000.000
4883	4528	4528000.000
4884	4407	4407000.000
4885	4463	4463000.000
4886	4426	4426000.000
4887	4500	4500000.000
4888	4345	4345000.000
4889	4300	4300000.000
4890	4269	4269000.000
4891	4174	4174000.000
4892	4270	4270000.000
4893	4351	4351000.000
4894	4411	4411000.000
4895	4400	4400000.000
4896	4512	4512000.000
4897	4451	4451000.000
4898	4449	4449000.000
4899	4506	4506000.000
4900	4553	4553000.000
4901	4509	4509000.000
4902	4399	4399000.000
4903	4347	4347000.000
4904	4392	4392000.000
4905	4415	4415000.000
4906	4536	4536000.000
4907	4449	4449000.000
4908	4375	4375000.000
4909	4431	4431000.000
4910	4432	4432000.000
4911	4472	4472000.000
4912	4461	4461000.000
4913	4335	4335000.000
4914	4256	4256000.000
4915	4373	4373000.000
4916	4372	4372000.000
4917	4347	4347000.000
4918	4400	4400000.000
4919	4402	4402000.000
4920	4405	4405000.000
4921	4472	4472000.000
4922	4539	4539000.000
4923	4487	4487000.000
4924	4367	4367000.000
4925	4311	4311000.000
4926	4179	4179000.000
4927	4315	4315000.000
4928	4318	4318000.000
4929	4419	4419000.000
4930	4458	4458000.000
4931	4473	4473000.000
4932	4377	4377000.000
4933	4433	4433000.000
4934	4535	4535000.000
4935	4526	4526000.000
4936	4620	4620000.000
4937	4407	4407000.000
4938	4412	4412000.000
4939	4380	4380000.000
4940	4425	4425000.000
4941	4656	4656000.000
4942	4392	4392000.000
4943	4401	4401000.000
4944	4423	4423000.000
4945	4321	4321000.000
4946	4382	4382000.000
4947	4232	4232000.000
4948	4392	4392000.000
4949	4386	4386000.000
4950	4489	4489000.000
4951	4306	4306000.000
4952	4319	4319000.000
4953	4458	4458000.000
4954	4462	4462000.000
4955	4558	4558000.000
4956	4548	4548000.000
4957	4460	4460000.000
4958	4609	4609000.000
4959	4499	4499000.000
4960	4502	4502000.000
4961	4351	4351000.000
4962	4270	4270000.000
4963	4296	4296000.000
4964	4480	4480000.000
4965	4412	4412000.000
4966	4293	4293000.000
4967	4332	4332000.000
4968	4295	4295000.000
4969	4301	4301000.000
4970	4412	4412000.000
4971	4412	4412000.000
4972	4409	4409000.000
4973	4371	4371000.000
4974	4434	4434000.000
4975	4437	4437000.000
4976	4471	4471000.000
4977	4424	4424000.000
4978	4344	4344000.000
4979	4391	4391000.000
4980	4309	4309000.000
4981	4329	4329000.000
4982	4345	4345000.000
4983	4366	4366000.000
4984	4519	4519000.000
4985	4356	4356000.000
4986	4320	4320000.000
4987	4331	4331000.000
4988	4343	4343000.000
4989	4489	4489000.000
4990	4402	4402000.000
4991	4385	4385000.000
4992	4454	4454000.000
4993	4481	4481000.000
4994	4571	4571000.000
4995	4502	4502000.000
4996	4440	4440000.000
4997	4327	4327000.000
4998	4288	4288000.000
4999	4429	4429000.000
5000	4389	4389000.000
5001	4383	4383000.000
5002	4500	4500000.000
5003	4514	4514000.000
5004	4457	4457000.000
5005	4482	4482000.000
5006	4376	4376000.000
5007	4359	4359000.000
5008	4441	4441000.000
5009	4401	4401000.000
5010	4329	4329000.000
5011	4484	4484000.000
5012	4511	4511000.000
5013	4477	4477000.000
5014	4539	4539000.000
5015	4410	4410000.000
5016	4503	4503000.000
5017	4455	4455000.000
5018	4468	4468000.000
5019	4419	4419000.000
5020	4419	4419000.000
5021	4347	4347000.000
5022	4322	4322000.000
5023	4318	4318000.000
5024	4438	4438000.000
5025	4408	4408000.000
5026	4539	4539000.000
5027	4510	4510000.000
5028	4522	4522000.000
5029	4413	4413000.000
5030	4528	4528000.000
5031	4506	4506000.000
5032	4518	4518000.000
5033	4348	4348000.000
5034	4387	4387000.000
5035	4498	4498000.000
5036	4502	4502000.000
5037	4492	4492000.000
5038	4364	4364000.000
5039	4418	4418000.000
5040	4389	4389000.000
5041	4454	4454000.000
5042	4441	4441000.000
5043	4386	4386000.000
5044	4298	4298000.000
5045	4290	4290000.000
5046	4491	4491000.000
5047	4390	4390000.000
5048	4496	4496000.000
5049	4459	4459000.000
5050	4453	4453000.000
5051	4444	4444000.000
5052	4546	4546000.000
5053	4444	4444000.000
5054	4557	4557000.000
5055	4455	4455000.000
5056	4317	4317000.000
5057	4352	4352000.000
5058	4408	4408000.000
5059	4382	4382000.000
5060	4436	4436000.000
5061	4401	4401000.000
5062	4284	4284000.000
5063	4314	4314000.000
5064	4401	4401000.000
5065	4402	4402000.000
5066	4407	4407000.000
5067	4427	4427000.000
5068	4313	4313000.000
5069	4591	4591000.000
5070	4350	4350000.000
5071	4450	4450000.000
5072	4475	4475000.000
5073	4381	4381000.000
5074	4380	4380000.000
5075	4384	4384000.000
5076	4296	4296000.000
5077	4406	4406000.000
5078	4516	4516000.000
5079	4320	4320000.000
5080	4346	4346000.000
5081	4460	4460000.000
5082	4556	4556000.000
5083	4475	4475000.000
5084	4422	4422000.000
5085	4547	4547000.000
5086	4562	4562000.000
5087	4499	4499000.000
5088	4529	4529000.000
5089	4521	4521000.000
5090	4420	4420000.000
5091	4423	4423000.000
5092	4417	4417000.000
5093	4504	4504000.000
5094	4509	4509000.000
5095	4446	4446000.000
5096	4503	4503000.000
5097	4464	4464000.000
5098	4539	4539000.000
5099	4399	4399000.000
5100	4333	4333000.000
5101	4404	4404000.000
5102	4390	4390000.000
5103	4346	4346000.000
5104	4480	4480000.000
5105	4492	4492000.000
5106	4535	4535000.000
5107	4447	4447000.000
5108	4390	4390000.000
5109	4473	4473000.000
5110	4461	4461000.000
5111	4524	4524000.000
5112	4420	4420000.000
5113	4440	4440000.000
5114	4271	4271000.000
5115	4308	4308000.000
5116	4364	4364000.000
5117	4431	4431000.000
5118	4383	4383000.000
5119	4381	4381000.000
5120	4441	4441000.000
5121	4459	4459000.000
5122	4430	4430000.000
5123	4478	4478000.000
5124	4589	4589000.000
5125	4549	4549000.000
5126	4362	4362000.000
5127	4323	4323000.000
5128	4428	4428000.000
5129	4427	4427000.000
5130	4547	4547000.000
5131	4474	4474000.000
5132	4515	4515000.000
5133	4406	4406000.000
5134	4455	4455000.000
5135	4336	4336000.000
5136	4333	4333000.000
5137	4320	4320000.000
5138	4370	4370000.000
5139	4249	4249000.000
5140	4391	4391000.000
5141	4472	4472000.000
5142	4432	4432000.000
5143	4444	4444000.000
5144	4460	4460000.000
5145	4393	4393000.000
5146	4493	4493000.000
5147	4421	4421000.000
5148	4430	4430000.000
5149	4386	4386000.000
5150	4432	4432000.000
5151	4432	4432000.000
5152	4456	4456000.000
5153	4367	4367000.000
5154	4343	4343000.000
5155	4336	4336000.000
5156	4372	4372000.000
5157	4309	4309000.000
5158	4437	4437000.000
5159	4463	4463000.000
5160	4381	4381000.000
5161	4383	4383000.000
5162	4354	4354000.000
5163	4490	4490000.000
5164	4463	4463000.000
5165	4456	4456000.000
5166	4441	4441000.000
5167	4567	4567000.000
5168	4413	4413000.000
5169	4383	4383000.000
5170	4562	4562000.000
5171	4431	4431000.000
5172	4415	4415000.000
5173	4367	4367000.000
5174	4292	4292000.000
5175	4482	4482000.000
5176	4482	4482000.000
5177	4509	4509000.000
5178	4501	4501000.000
5179	4508	4508000.000
5180	4471	4471000.000
5181	4464	4464000.000
5182	4490	4490000.000
5183	4421	4421000.000
5184	4305	4305000.000
5185	4358	4358000.000
5186	4488	4488000.000
5187	4443	4443000.000
5188	4543	4543000.000
5189	4578	4578000.000
5190	4381	4381000.000
5191	4426	4426000.000
5192	4495	4495000.000
5193	4486	4486000.000
5194	4550	4550000.000
5195	4330	4330000.000
5196	4413	4413000.000
5197	4498	4498000.000
5198	4500	4500000.000
5199	4461	4461000.000
5200	4461	4461000.000
5201	4506	4506000.000
5202	4522	4522000.000
5203	4483	4483000.000
5204	4551	4551000.000
5205	4462	4462000.000
5206	4475	4475000.000
5207	4309	4309000.000
5208	4273	4273000.000
5209	4344	4344000.000
5210	4396	4396000.000
5211	4430	4430000.000
5212	4493	4493000.000
5213	4404	4404000.000
5214	4446	4446000.000
5215	4534	4534000.000
5216	4508	4508000.000
5217	4455	4455000.000
5218	4457	4457000.000
5219	4439	4439000.000
5220	4299	4299000.000
5221	4288	4288000.000
5222	4446	4446000.000
5223	4445	4445000.000
5224	4441	4441000.000
5225	4485	4485000.000
5226	4500	4500000.000
5227	4480	4480000.000
5228	4421	4421000.000
5229	4317	4317000.000
5230	4394	4394000.000
5231	4292	4292000.000
5232	4378	4378000.000
5233	4473	4473000.000
5234	4543	4543000.000
5235	4420	4420000.000
5236	4409	4409000.000
5237	4465	4465000.000
5238	4547	4547000.000
5239	4492	4492000.000
5240	4404	4404000.000
5241	4405	4405000.000
5242	4375	4375000.000
5243	4352	4352000.000
5244	4474	4474000.000
5245	4540	4540000.000
5246	4560	4560000.000
5247	4487	4487000.000
5248	4497	4497000.000
5249	4393	4393000.000
5250	4493	4493000.000
5251	4519	4519000.000
5252	4539	4539000.000
5253	4375	4375000.000
5254	4292	4292000.000
5255	4290	4290000.000
5256	4475	4475000.000
5257	4487	4487000.000
5258	4542	4542000.000
5259	4538	4538000.000
5260	4455	4455000.000
5261	4545	4545000.000
5262	4478	4478000.000
5263	4575	4575000.000
5264	4464	4464000.000
5265	4378	4378000.000
5266	4374	4374000.000
5267	4371	4371000.000
5268	4444	4444000.000
5269	4436	4436000.000
5270	4467	4467000.000
5271	4419	4419000.000
5272	4417	4417000.000
5273	4477	4477000.000
5274	4486	4486000.000
5275	4409	4409000.000
5276	4335	4335000.000
5277	4240	4240000.000
5278	4332	4332000.000
5279	4461	4461000.000
5280	4465	4465000.000
5281	4501	4501000.000
5282	4431	4431000.000
5283	4270	4270000.000
5284	4398	4398000.000
5285	4417	4417000.000
5286	4351	4351000.000
5287	4378	4378000.000
5288	4306	4306000.000
5289	4265	4265000.000
5290	4333	4333000.000
5291	4437	4437000.000
5292	4486	4486000.000
5293	4455	4455000.000
5294	4431	4431000.000
5295	4503	4503000.000
5296	4507	4507000.000
5297	4446	4446000.000
5298	4519	4519000.000
5299	4423	4423000.000
5300	4398	4398000.000
5301	4273	4273000.000
5302	4211	4211000.000
5303	4495	4495000.000
5304	4435	4435000.000
5305	4424	4424000.000
5306	4519	4519000.000
5307	4316	4316000.000
5308	4441	4441000.000
5309	4381	4381000.000
5310	4375	4375000.000
5311	4362	4362000.000
5312	4315	4315000.000
5313	4386	4386000.000
5314	4439	4439000.000
5315	4481	4481000.000
5316	4417	4417000.000
5317	4558	4558000.000
5318	4497	4497000.000
5319	4466	4466000.000
5320	4429	4429000.000
5321	4427	4427000.000
5322	4414	4414000.000
5323	4385	4385000.000
5324	4302	4302000.000
5325	4326	4326000.000
5326	4353	4353000.000
5327	4445	4445000.000
5328	4489	4489000.000
5329	4506	4506000.000
5330	4376	4376000.000
5331	4497	4497000.000
5332	4448	4448000.000
5333	4488	4488000.000
5334	4388	4388000.000
5335	4391	4391000.000
5336	4288	4288000.000
5337	4381	4381000.000
5338	4526	4526000.000
5339	4392	4392000.000
5340	4463	4463000.000
5341	4411	4411000.000
5342	4534	4534000.000
5343	4448	4448000.000
5344	4314	4314000.000
5345	4380	4380000.000
5346	4339	4339000.000
5347	4350	4350000.000
5348	4400	4400000.000
5349	4415	4415000.000
5350	4532	4532000.000
5351	4501	4501000.000
5352	4583	4583000.000
5353	4429	4429000.000
5354	4479	4479000.000
5355	4483	4483000.000
5356	4497	4497000.000
5357	4335	4335000.000
5358	4393	4393000.000
5359	4315	4315000.000
5360	4394	4394000.000
5361	4466	4466000.000
5362	4358	4358000.000
5363	4474	4474000.000
5364	4477	4477000.000
5365	4417	4417000.000
5366	4451	4451000.000
5367	4489	4489000.000
5368	4345	4345000.000
5369	4417	4417000.000
5370	4272	4272000.000
5371	4265	4265000.000
5372	4392	4392000.000
5373	4502	4502000.000
5374	4437	4437000.000
5375	4544	4544000.000
5376	4471	4471000.000
5377	4486	4486000.000
5378	4350	4350000.000
5379	4468	4468000.000
5380	4460	4460000.000
5381	4351	4351000.000
5382	4333	4333000.000
5383	4328	4328000.000
5384	4452	4452000.000
5385	4488	4488000.000
5386	4433	4433000.000
5387	4487	4487000.000
5388	4438	4438000.000
5389	4437	4437000.000
5390	4462	4462000.000
5391	4422	4422000.000
5392	4501	4501000.000
5393	4365	4365000.000
5394	4397	4397000.000
5395	4439	4439000.000
5396	4446	4446000.000
5397	4505	4505000.000
5398	4439	4439000.000
5399	4458	4458000.000
5400	4432	4432000.000
5401	4506	4506000.000
5402	4462	4462000.000
5403	4321	4321000.000
5404	4334	4334000.000
5405	4337	4337000.000
5406	4348	4348000.000
5407	4470	4470000.000
5408	4550	4550000.000
5409	4517	4517000.000
5410	4409	4409000.000
5411	4425	4425000.000
5412	4512	4512000.000
5413	4428	4428000.000
5414	4442	4442000.000
5415	4385	4385000.000
5416	4264	4264000.000
5417	4294	4294000.000
5418	4399	4399000.000
5419	4514	4514000.000
5420	4508	4508000.000
5421	4501	4501000.000
5422	4453	4453000.000
5423	4349	4349000.000
5424	4398	4398000.000
5425	4398	4398000.000
5426	4413	4413000.000
5427	4392	4392000.000
5428	4256	4256000.000
5429	4306	4306000.000
5430	4462	4462000.000
5431	4445	4445000.000
5432	4502	4502000.000
5433	4383	4383000.000
5434	4484	4484000.000
5435	4449	4449000.000
5436	4497	4497000.000
5437	4510	4510000.000
5438	4467	4467000.000
5439	4379	4379000.000
5440	4356	4356000.000
5441	4292	4292000.000
5442	4310	4310000.000
5443	4396	4396000.000
5444	4457	4457000.000
5445	4396	4396000.000
5446	4525	4525000.000
5447	4475	4475000.000
5448	4524	4524000.000
5449	4440	4440000.000
5450	4366	4366000.000
5451	4419	4419000.000
5452	4276	4276000.000
5453	4461	4461000.000
5454	4458	4458000.000
5455	4512	4512000.000
5456	4426	4426000.000
5457	4374	4374000.000
5458	4430	4430000.000
5459	4401	4401000.000
5460	4487	4487000.000
5461	4373	4373000.000
5462	4442	4442000.000
5463	4309	4309000.000
5464	4278	4278000.000
5465	4314	4314000.000
5466	4411	4411000.000
5467	4456	4456000.000
5468	4505	4505000.000
5469	4459	4459000.000
5470	4546	4546000.000
5471	4491	4491000.000
5472	4472	4472000.000
5473	4279	4279000.000
5474	4264	4264000.000
5475	4254	4254000.000
5476	4449	4449000.000
5477	4366	4366000.000
5478	4446	4446000.000
5479	4458	4458000.000
5480	4508	4508000.000
5481	4452	4452000.000
5482	4521	4521000.000
5483	4499	4499000.000
5484	4386	4386000.000
5485	4394	4394000.000
5486	4390	4390000.000
5487	4261	4261000.000
5488	4476	4476000.000
5489	4433	4433000.000
5490	4396	4396000.000
5491	4468	4468000.000
5492	4460	4460000.000
5493	4417	4417000.000
5494	4458	4458000.000
5495	4381	4381000.000
5496	4278	4278000.000
5497	4329	4329000.000
5498	4296	4296000.000
5499	4357	4357000.000
5500	4394	4394000.000
5501	4481	4481000.000
5502	4498	4498000.000
5503	4438	4438000.000
5504	4455	4455000.000
5505	4444	4444000.000
5506	4512	4512000.000
5507	4508	4508000.000
5508	4476	4476000.000
5509	4278	4278000.000
5510	4237	4237000.000
5511	4297	4297000.000
5512	4514	4514000.000
5513	4428	4428000.000
5514	4403	4403000.000
5515	4432	4432000.000
5516	4382	4382000.000
5517	4401	4401000.000
5518	4328	4328000.000
5519	4440	4440000.000
5520	4310	4310000.000
5521	4361	4361000.000
5522	4390	4390000.000
5523	4375	4375000.000
5524	4479	4479000.000
5525	4465	4465000.000
5526	4447	4447000.000
5527	4575	4575000.000
5528	4493	4493000.000
5529	4504	4504000.000
5530	4470	4470000.000
5531	4445	4445000.000
5532	4437	4437000.000
5533	4351	4351000.000
5534	4346	4346000.000
5535	4306	4306000.000
5536	4497	4497000.000
5537	4402	4402000.000
5538	4471	4471000.000
5539	4505	4505000.000
5540	4457	4457000.000
5541	4488	4488000.000
5542	4515	4515000.000
5543	4362	4362000.000
5544	4430	4430000.000
5545	4357	4357000.000
5546	4436	4436000.000
5547	4415	4415000.000
5548	4487	4487000.000
5549	4505	4505000.000
5550	4443	4443000.000
5551	4482	4482000.000
5552	4419	4419000.000
5553	4374	4374000.000
5554	4470	4470000.000
5555	4451	4451000.000
5556	4318	4318000.000
5557	4248	4248000.000
5558	4408	4408000.000
5559	4365	4365000.000
5560	4386	4386000.000
5561	4426	4426000.000
5562	4405	4405000.000
5563	4399	4399000.000
5564	4380	4380000.000
5565	4353	4353000.000
5566	4287	4287000.000
5567	4383	4383000.000
5568	4341	4341000.000
5569	4386	4386000.000
5570	4398	4398000.000
5571	4508	4508000.000
5572	4443	4443000.000
5573	4420	4420000.000
5574	4474	4474000.000
5575	4494	4494000.000
5576	4501	4501000.000
5577	4460	4460000.000
5578	4348	4348000.000
5579	4362	4362000.000
5580	4320	4320000.000
5581	4339	4339000.000
5582	4410	4410000.000
5583	4385	4385000.000
5584	4488	4488000.000
5585	4390	4390000.000
5586	4467	4467000.000
5587	4380	4380000.000
5588	4340	4340000.000
5589	4373	4373000.000
5590	4315	4315000.000
5591	4358	4358000.000
5592	4312	4312000.000
5593	4435	4435000.000
5594	4495	4495000.000
5595	4457	4457000.000
5596	4548	4548000.000
5597	4516	4516000.000
5598	4468	4468000.000
5599	4432	4432000.000
5600	4431	4431000.000
5601	4393	4393000.000
5602	4372	4372000.000
5603	4325	4325000.000
5604	4293	4293000.000
5605	4268	4268000.000
5606	4324	4324000.000
5607	4331	4331000.000
5608	4325	4325000.000
5609	4283	4283000.000
5610	4310	4310000.000
5611	4341	4341000.000
5612	4259	4259000.000
5613	4303	4303000.000
5614	4330	4330000.000
5615	4409	4409000.000
5616	4462	4462000.000
5617	4471	4471000.000
5618	4487	4487000.000
5619	4458	4458000.000
5620	4449	4449000.000
5621	4457	4457000.000
5622	4428	4428000.000
5623	4399	4399000.000
5624	4308	4308000.000
5625	4311	4311000.000
5626	4324	4324000.000
5627	4385	4385000.000
5628	4361	4361000.000
5629	4410	4410000.000
5630	4377	4377000.000
5631	4337	4337000.000
5632	4492	4492000.000
5633	4385	4385000.000
5634	4429	4429000.000
5635	4392	4392000.000
5636	4292	4292000.000
5637	4299	4299000.000
5638	4418	4418000.000
5639	4452	4452000.000
5640	4361	4361000.000
5641	4375	4375000.000
5642	4461	4461000.000
5643	4449	4449000.000
5644	4499	4499000.000
5645	4464	4464000.000
5646	4556	4556000.000
5647	4341	4341000.000
5648	4320	4320000.000
5649	4404	4404000.000
5650	4323	4323000.000
5651	4297	4297000.000
5652	4319	4319000.000
5653	4327	4327000.000
5654	4457	4457000.000
5655	4369	4369000.000
5656	4439	4439000.000
5657	4333	4333000.000
5658	4314	4314000.000
5659	4375	4375000.000
5660	4397	4397000.000
5661	4394	4394000.000
5662	4423	4423000.000
5663	4549	4549000.000
5664	4430	4430000.000
5665	4423	4423000.000
5666	4492	4492000.000
5667	4498	4498000.000
5668	4438	4438000.000
5669	4420	4420000.000
5670	4343	4343000.000
5671	4456	4456000.000
5672	4295	4295000.000
5673	4228	4228000.000
5674	4315	4315000.000
5675	4270	4270000.000
5676	4330	4330000.000
5677	4427	4427000.000
5678	4330	4330000.000
5679	4250	4250000.000
5680	4313	4313000.000
5681	4271	4271000.000
5682	4305	4305000.000
5683	4357	4357000.000
5684	4303	4303000.000
5685	4469	4469000.000
5686	4477	4477000.000
5687	4472	4472000.000
5688	4475	4475000.000
5689	4410	4410000.000
5690	4430	4430000.000
5691	4396	4396000.000
5692	4489	4489000.000
5693	4253	4253000.000
5694	4403	4403000.000
5695	4326	4326000.000
5696	4317	4317000.000
5697	4368	4368000.000
5698	4367	4367000.000
5699	4212	4212000.000
5700	4326	4326000.000
5701	4325	4325000.000
5702	4305	4305000.000
5703	4383	4383000.000
5704	4294	4294000.000
5705	4435	4435000.000
5706	4445	4445000.000
5707	4407	4407000.000
5708	4352	4352000.000
5709	4484	4484000.000
5710	4450	4450000.000
5711	4434	4434000.000
5712	4453	4453000.000
5713	4340	4340000.000
5714	4417	4417000.000
5715	4395	4395000.000
5716	4290	4290000.000
5717	4328	4328000.000
5718	4396	4396000.000
5719	4352	4352000.000
5720	4344	4344000.000
5721	4382	4382000.000
5722	4320	4320000.000
5723	4392	4392000.000
5724	4412	4412000.000
5725	4337	4337000.000
5726	4401	4401000.000
5727	4308	4308000.000
5728	4380	4380000.000
5729	4299	4299000.000
5730	4382	4382000.000
5731	4462	4462000.000
5732	4461	4461000.000
5733	4395	4395000.000
5734	4531	4531000.000
5735	4499	4499000.000
5736	4450	4450000.000
5737	4344	4344000.000
5738	4432	4432000.000
5739	4444	4444000.000
5740	4400	4400000.000
5741	4310	4310000.000
5742	4334	4334000.000
5743	4280	4280000.000
5744	4345	4345000.000
5745	4310	4310000.000
5746	4361	4361000.000
5747	4324	4324000.000
5748	4327	4327000.000
5749	4259	4259000.000
5750	4336	4336000.000
5751	4392	4392000.000
5752	4372	4372000.000
5753	4404	4404000.000
5754	4453	4453000.000
5755	4444	4444000.000
5756	4437	4437000.000
5757	4386	4386000.000
5758	4432	4432000.000
5759	4373	4373000.000
5760	4343	4343000.000
5761	4342	4342000.000
5762	4394	4394000.000
5763	4241	4241000.000
5764	4291	4291000.000
5765	4337	4337000.000
5766	4324	4324000.000
5767	4349	4349000.000
5768	4337	4337000.000
5769	4361	4361000.000
5770	4390	4390000.000
5771	4304	4304000.000
5772	4290	4290000.000
5773	4254	4254000.000
5774	4340	4340000.000
5775	4381	4381000.000
5776	4425	4425000.000
5777	4459	4459000.000
5778	4430	4430000.000
5779	4420	4420000.000
5780	4454	4454000.000
5781	4475	4475000.000
5782	4465	4465000.000
5783	4297	4297000.000
5784	4390	4390000.000
5785	4387	4387000.000
5786	4328	4328000.000
5787	4276	4276000.000
5788	4339	4339000.000
5789	4310	4310000.000
5790	4365	4365000.000
5791	4438	4438000.000
5792	4426	4426000.000
5793	4449	4449000.000
5794	4371	4371000.000
5795	4358	4358000.000
5796	4286	4286000.000
5797	4328	4328000.000
5798	4460	4460000.000
5799	4463	4463000.000
5800	4478	4478000.000
5801	4556	4556000.000
5802	4514	4514000.000
5803	4551	4551000.000
5804	4380	4380000.000
5805	4476	4476000.000
5806	4421	4421000.000
5807	4330	4330000.000
5808	4278	4278000.000
5809	4216	4216000.000
5810	4323	4323000.000
5811	4457	4457000.000
5812	4416	4416000.000
5813	4393	4393000.000
5814	4392	4392000.000
5815	4473	4473000.000
5816	4459	4459000.000
5817	4347	4347000.000
5818	4380	4380000.000
5819	4390	4390000.000
5820	4223	4223000.000
5821	4296	4296000.000
5822	4317	4317000.000
5823	4395	4395000.000
5824	4444	4444000.000
5825	4473	4473000.000
5826	4427	4427000.000
5827	4432	4432000.000
5828	4419	4419000.000
5829	4390	4390000.000
5830	4474	4474000.000
5831	4346	4346000.000
5832	4276	4276000.000
5833	4290	4290000.000
5834	4356	4356000.000
5835	4434	4434000.000
5836	4372	4372000.000
5837	4396	4396000.000
5838	4505	4505000.000
5839	4339	4339000.000
5840	4270	4270000.000
5841	4370	4370000.000
5842	4211	4211000.000
5843	4341	4341000.000
5844	4382	4382000.000
5845	4433	4433000.000
5846	4396	4396000.000
5847	4447	4447000.000
5848	4407	4407000.000
5849	4477	4477000.000
5850	4462	4462000.000
5851	4501	4501000.000
5852	4610	4610000.000
5853	4421	4421000.000
5854	4366	4366000.000
5855	4402	4402000.000
5856	4318	4318000.000
5857	4345	4345000.000
5858	4389	4389000.000
5859	4395	4395000.000
5860	4484	4484000.000
5861	4408	4408000.000
5862	4438	4438000.000
5863	4385	4385000.000
5864	4310	4310000.000
5865	4417	4417000.000
5866	4424	4424000.000
5867	4366	4366000.000
5868	4383	4383000.000
5869	4510	4510000.000
5870	4428	4428000.000
5871	4464	4464000.000
5872	4456	4456000.000
5873	4483	4483000.000
5874	4610	4610000.000
5875	4410	4410000.000
5876	4404	4404000.000
5877	4397	4397000.000
5878	4278	4278000.000
5879	4379	4379000.000
5880	4312	4312000.000
5881	4275	4275000.000
5882	4364	4364000.000
5883	4456	4456000.000
5884	4433	4433000.000
5885	4437	4437000.000
5886	4410	4410000.000
5887	4349	4349000.000
5888	4390	4390000.000
5889	4292	4292000.000
5890	4350	4350000.000
5891	4391	4391000.000
5892	4470	4470000.000
5893	4514	4514000.000
5894	4553	4553000.000
5895	4431	4431000.000
5896	4538	4538000.000
5897	4543	4543000.000
5898	4438	4438000.000
5899	4425	4425000.000
5900	4485	4485000.000
5901	4363	4363000.000
5902	4348	4348000.000
5903	4311	4311000.000
5904	4493	4493000.000
5905	4480	4480000.000
5906	4377	4377000.000
5907	4456	4456000.000
5908	4376	4376000.000
5909	4353	4353000.000
5910	4299	4299000.000
5911	4268	4268000.000
5912	4233	4233000.000
5913	4424	4424000.000
5914	4281	4281000.000
5915	4424	4424000.000
5916	4455	4455000.000
5917	4359	4359000.000
5918	4496	4496000.000
5919	4514	4514000.000
5920	4461	4461000.000
5921	4514	4514000.000
5922	4503	4503000.000
5923	4416	4416000.000
5924	4332	4332000.000
5925	4389	4389000.000
5926	4332	4332000.000
5927	4405	4405000.000
5928	4413	4413000.000
5929	4438	4438000.000
5930	4385	4385000.000
5931	4416	4416000.000
5932	4431	4431000.000
5933	4384	4384000.000
5934	4332	4332000.000
5935	4326	4326000.000
5936	4337	4337000.000
5937	4330	4330000.000
5938	4491	4491000.000
5939	4528	4528000.000
5940	4492	4492000.000
5941	4425	4425000.000
5942	4478	4478000.000
5943	4431	4431000.000
5944	4475	4475000.000
5945	4435	4435000.000
5946	4406	4406000.000
5947	4379	4379000.000
5948	4288	4288000.000
5949	4261	4261000.000
5950	4337	4337000.000
5951	4312	4312000.000
5952	4395	4395000.000
5953	4534	4534000.000
5954	4363	4363000.000
5955	4282	4282000.000
5956	4389	4389000.000
5957	4354	4354000.000
5958	4287	4287000.000
5959	4347	4347000.000
5960	4359	4359000.000
5961	4493	4493000.000
5962	4541	4541000.000
5963	4510	4510000.000
5964	4516	4516000.000
5965	4340	4340000.000
5966	4409	4409000.000
5967	4492	4492000.000
5968	4416	4416000.000
5969	4378	4378000.000
5970	4422	4422000.000
5971	4305	4305000.000
5972	4379	4379000.000
5973	4377	4377000.000
5974	4435	4435000.000
5975	4441	4441000.000
5976	4370	4370000.000
5977	4482	4482000.000
5978	4519	4519000.000
5979	4416	4416000.000
5980	4339	4339000.000
5981	4452	4452000.000
5982	4411	4411000.000
5983	4271	4271000.000
5984	4395	4395000.000
5985	4449	4449000.000
5986	4475	4475000.000
5987	4522	4522000.000
5988	4461	4461000.000
5989	4530	4530000.000
5990	4371	4371000.000
5991	4407	4407000.000
5992	4347	4347000.000
5993	4343	4343000.000
5994	4284	4284000.000
5995	4288	4288000.000
5996	4312	4312000.000
5997	4491	4491000.000
5998	4558	4558000.000
5999	4525	4525000.000
6000	4513	4513000.000
6001	4542	4542000.000
6002	4413	4413000.000
6003	4413	4413000.000
6004	4346	4346000.000
6005	4382	4382000.000
6006	4357	4357000.000
6007	4426	4426000.000
6008	4403	4403000.000
6009	4408	4408000.000
6010	4506	4506000.000
6011	4553	4553000.000
6012	4491	4491000.000
6013	4422	4422000.000
6014	4442	4442000.000
6015	4393	4393000.000
6016	4382	4382000.000
6017	4361	4361000.000
6018	4407	4407000.000
6019	4389	4389000.000
6020	4328	4328000.000
6021	4446	4446000.000
6022	4351	4351000.000
6023	4397	4397000.000
6024	4432	4432000.000
6025	4477	4477000.000
6026	4414	4414000.000
6027	4302	4302000.000
6028	4296	4296000.000
6029	4346	4346000.000
6030	4401	4401000.000
6031	4485	4485000.000
6032	4375	4375000.000
6033	4437	4437000.000
6034	4474	4474000.000
6035	4533	4533000.000
6036	4348	4348000.000
6037	4437	4437000.000
6038	4443	4443000.000
6039	4424	4424000.000
6040	4375	4375000.000
6041	4320	4320000.000
6042	4346	4346000.000
6043	4427	4427000.000
6044	4484	4484000.000
6045	4499	4499000.000
6046	4510	4510000.000
6047	4471	4471000.000
6048	4467	4467000.000
6049	4404	4404000.000
6050	4399	4399000.000
6051	4378	4378000.000
6052	4353	4353000.000
6053	4423	4423000.000
6054	4558	4558000.000
6055	4578	4578000.000
6056	4456	4456000.000
6057	4525	4525000.000
6058	4502	4502000.000
6059	4574	4574000.000
6060	4525	4525000.000
6061	4467	4467000.000
6062	4425	4425000.000
6063	4374	4374000.000
6064	4311	4311000.000
6065	4418	4418000.000
6066	4353	4353000.000
6067	4537	4537000.000
6068	4506	4506000.000
6069	4450	4450000.000
6070	4396	4396000.000
6071	4444	4444000.000
6072	4440	4440000.000
6073	4346	4346000.000
6074	4403	4403000.000
6075	4371	4371000.000
6076	4490	4490000.000
6077	4435	4435000.000
6078	4464	4464000.000
6079	4486	4486000.000
6080	4433	4433000.000
6081	4415	4415000.000
6082	4523	4523000.000
6083	4402	4402000.000
6084	4417	4417000.000
6085	4466	4466000.000
6086	4437	4437000.000
6087	4385	4385000.000
6088	4433	4433000.000
6089	4386	4386000.000
6090	4374	4374000.000
6091	4455	4455000.000
6092	4459	4459000.000
6093	4415	4415000.000
6094	4356	4356000.000
6095	4422	4422000.000
6096	4377	4377000.000
6097	4345	4345000.000
6098	4338	4338000.000
6099	4428	4428000.000
6100	4431	4431000.000
6101	4435	4435000.000
6102	4565	4565000.000
6103	4505	4505000.000
6104	4593	4593000.000
6105	4409	4409000.000
6106	4535	4535000.000
6107	4512	4512000.000
6108	4416	4416000.000
6109	4411	4411000.000
6110	4411	4411000.000
6111	4386	4386000.000
6112	4335	4335000.000
6113	4387	4387000.000
6114	4371	4371000.000
6115	4416	4416000.000
6116	4425	4425000.000
6117	4458	4458000.000
6118	4474	4474000.000
6119	4353	4353000.000
6120	4364	4364000.000
6121	4420	4420000.000
6122	4528	4528000.000
6123	4439	4439000.000
6124	4341	4341000.000
6125	4480	4480000.000
6126	4451	4451000.000
6127	4503	4503000.000
6128	4495	4495000.000
6129	4448	4448000.000
6130	4393	4393000.000
6131	4473	4473000.000
6132	4454	4454000.000
6133	4441	4441000.000
6134	4345	4345000.000
6135	4339	4339000.000
6136	4409	4409000.000
6137	4442	4442000.000
6138	4503	4503000.000
6139	4483	4483000.000
6140	4487	4487000.000
6141	4340	4340000.000
6142	4289	4289000.000
6143	4353	4353000.000
6144	4343	4343000.000
6145	4442	4442000.000
6146	4508	4508000.000
6147	4438	4438000.000
6148	4374	4374000.000
6149	4488	4488000.000
6150	4468	4468000.000
6151	4433	4433000.000
6152	4406	4406000.000
6153	4473	4473000.000
6154	4469	4469000.000
6155	4415	4415000.000
6156	4397	4397000.000
6157	4396	4396000.000
6158	4367	4367000.000
6159	4295	4295000.000
6160	4408	4408000.000
6161	4390	4390000.000
6162	4404	4404000.000
6163	4387	4387000.000
6164	4371	4371000.000
6165	4319	4319000.000
6166	4269	4269000.000
6167	4322	4322000.000
6168	4439	4439000.000
6169	4404	4404000.000
6170	4538	4538000.000
6171	4526	4526000.000
6172	4479	4479000.000
6173	4348	4348000.000
6174	4495	4495000.000
6175	4513	4513000.000
6176	4471	4471000.000
6177	4582	4582000.000
6178	4385	4385000.000
6179	4412	4412000.000
6180	4295	4295000.000
6181	4316	4316000.000
6182	4382	4382000.000
6183	4389	4389000.000
6184	4347	4347000.000
6185	4428	4428000.000
6186	4437	4437000.000
6187	4400	4400000.000
6188	4262	4262000.000
6189	4283	4283000.000
6190	4277	4277000.000
6191	4234	4234000.000
6192	4438	4438000.000
6193	4521	4521000.000
6194	4481	4481000.000
6195	4536	4536000.000
6196	4498	4498000.000
6197	4475	4475000.000
6198	4481	4481000.000
6199	4487	4487000.000
6200	4483	4483000.000
6201	4407	4407000.000
6202	4407	4407000.000
6203	4290	4290000.000
6204	4290	4290000.000
6205	4423	4423000.000
6206	4447	4447000.000
6207	4487	4487000.000
6208	4435	4435000.000
6209	4385	4385000.000
6210	4453	4453000.000
6211	4410	4410000.000
6212	4341	4341000.000
6213	4424	4424000.000
6214	4444	4444000.000
6215	4408	4408000.000
6216	4383	4383000.000
6217	4458	4458000.000
6218	4491	4491000.000
6219	4376	4376000.000
6220	4432	4432000.000
6221	4494	4494000.000
6222	4574	4574000.000
6223	4381	4381000.000
6224	4453	4453000.000
6225	4402	4402000.000
6226	4300	4300000.000
6227	4230	4230000.000
6228	4471	4471000.000
6229	4453	4453000.000
6230	4524	4524000.000
6231	4451	4451000.000
6232	4455	4455000.000
6233	4471	4471000.000
6234	4376	4376000.000
6235	4358	4358000.000
6236	4340	4340000.000
6237	4358	4358000.000
6238	4227	4227000.000
6239	4461	4461000.000
6240	4435	4435000.000
6241	4576	4576000.000
6242	4471	4471000.000
6243	4426	4426000.000
6244	4502	4502000.000
6245	4421	4421000.000
6246	4450	4450000.000
6247	4456	4456000.000
6248	4442	4442000.000
6249	4421	4421000.000
6250	4322	4322000.000
6251	4259	4259000.000
6252	4477	4477000.000
6253	4449	4449000.000
6254	4420	4420000.000
6255	4425	4425000.000
6256	4413	4413000.000
6257	4335	4335000.000
6258	4264	4264000.000
6259	4337	4337000.000
6260	4368	4368000.000
6261	4330	4330000.000
6262	4446	4446000.000
6263	4503	4503000.000
6264	4401	4401000.000
6265	4570	4570000.000
6266	4394	4394000.000
6267	4430	4430000.000
6268	4447	4447000.000
6269	4428	4428000.000
6270	4506	4506000.000
6271	4391	4391000.000
6272	4327	4327000.000
6273	4336	4336000.000
6274	4386	4386000.000
6275	4420	4420000.000
6276	4437	4437000.000
6277	4447	4447000.000
6278	4453	4453000.000
6279	4413	4413000.000
6280	4338	4338000.000
6281	4311	4311000.000
6282	4294	4294000.000
6283	4213	4213000.000
6284	4378	4378000.000
6285	4432	4432000.000
6286	4527	4527000.000
6287	4414	4414000.000
6288	4438	4438000.000
6289	4454	4454000.000
6290	4502	4502000.000
6291	4427	4427000.000
6292	4412	4412000.000
6293	4460	4460000.000
6294	4420	4420000.000
6295	4318	4318000.000
6296	4400	4400000.000
6297	4267	4267000.000
6298	4412	4412000.000
6299	4424	4424000.000
6300	4457	4457000.000
6301	4355	4355000.000
6302	4414	4414000.000
6303	4420	4420000.000
6304	4393	4393000.000
6305	4330	4330000.000
6306	4329	4329000.000
6307	4331	4331000.000
6308	4417	4417000.000
6309	4467	4467000.000
6310	4349	4349000.000
6311	4422	4422000.000
6312	4461	4461000.000
6313	4413	4413000.000
6314	4503	4503000.000
6315	4415	4415000.000
6316	4452	4452000.000
6317	4489	4489000.000
6318	4336	4336000.000
6319	4364	4364000.000
6320	4285	4285000.000
6321	4413	4413000.000
6322	4311	4311000.000
6323	4513	4513000.000
6324	4384	4384000.000
6325	4404	4404000.000
6326	4462	4462000.000
6327	4353	4353000.000
6328	4392	4392000.000
6329	4332	4332000.000
6330	4321	4321000.000
6331	4385	4385000.000
6332	4466	4466000.000
6333	4398	4398000.000
6334	4470	4470000.000
6335	4409	4409000.000
6336	4504	4504000.000
6337	4498	4498000.000
6338	4407	4407000.000
6339	4526	4526000.000
6340	4414	4414000.000
6341	4382	4382000.000
6342	4303	4303000.000
6343	4319	4319000.000
6344	4378	4378000.000
6345	4403	4403000.000
6346	4373	4373000.000
6347	4458	4458000.000
6348	4346	4346000.000
6349	4350	4350000.000
6350	4335	4335000.000
6351	4352	4352000.000
6352	4267	4267000.000
6353	4321	4321000.000
6354	4441	4441000.000
6355	4390	4390000.000
6356	4443	4443000.000
6357	4497	4497000.000
6358	4444	4444000.000
6359	4444	4444000.000
6360	4510	4510000.000
6361	4505	4505000.000
6362	4443	4443000.000
6363	4452	4452000.000
6364	4456	4456000.000
6365	4357	4357000.000
6366	4333	4333000.000
6367	4402	4402000.000
6368	4301	4301000.000
6369	4380	4380000.000
6370	4526	4526000.000
6371	4445	4445000.000
6372	4400	4400000.000
6373	4519	4519000.000
6374	4377	4377000.000
6375	4339	4339000.000
6376	4246	4246000.000
6377	4346	4346000.000
6378	4431	4431000.000
6379	4442	4442000.000
6380	4404	4404000.000
6381	4498	4498000.000
6382	4521	4521000.000
6383	4492	4492000.000
6384	4496	4496000.000
6385	4493	4493000.000
6386	4525	4525000.000
6387	4444	4444000.000
6388	4325	4325000.000
6389	4254	4254000.000
6390	4365	4365000.000
6391	4366	4366000.000
6392	4270	4270000.000
6393	4460	4460000.000
6394	4365	4365000.000
6395	4406	4406000.000
6396	4328	4328000.000
6397	4337	4337000.000
6398	4301	4301000.000
6399	4267	4267000.000
6400	4343	4343000.000
6401	4477	4477000.000
6402	4426	4426000.000
6403	4477	4477000.000
6404	4415	4415000.000
6405	4478	4478000.000
6406	4522	4522000.000
6407	4516	4516000.000
6408	4493	4493000.000
6409	4485	4485000.000
6410	4360	4360000.000
6411	4355	4355000.000
6412	4379	4379000.000
6413	4352	4352000.000
6414	4295	4295000.000
6415	4405	4405000.000
6416	4452	4452000.000
6417	4421	4421000.000
6418	4363	4363000.000
6419	4464	4464000.000
6420	4296	4296000.000
6421	4360	4360000.000
6422	4272	4272000.000
6423	4297	4297000.000
6424	4530	4530000.000
6425	4450	4450000.000
6426	4508	4508000.000
6427	4468	4468000.000
6428	4408	4408000.000
6429	4397	4397000.000
6430	4453	4453000.000
6431	4442	4442000.000
6432	4472	4472000.000
6433	4377	4377000.000
6434	4385	4385000.000
6435	4304	4304000.000
6436	4316	4316000.000
6437	4292	4292000.000
6438	4400	4400000.000
6439	4419	4419000.000
6440	4420	4420000.000
6441	4431	4431000.000
6442	4453	4453000.000
6443	4408	4408000.000
6444	4353	4353000.000
6445	4333	4333000.000
6446	4464	4464000.000
6447	4479	4479000.000
6448	4492	4492000.000
6449	4562	4562000.000
6450	4464	4464000.000
6451	4498	4498000.000
6452	4495	4495000.000
6453	4471	4471000.000
6454	4422	4422000.000
6455	4437	4437000.000
6456	4439	4439000.000
6457	4389	4389000.000
6458	4446	4446000.000
6459	4273	4273000.000
6460	4392	4392000.000
6461	4369	4369000.000
6462	4373	4373000.000
6463	4418	4418000.000
6464	4387	4387000.000
6465	4417	4417000.000
6466	4313	4313000.000
6467	4308	4308000.000
6468	4357	4357000.000
6469	4316	4316000.000
6470	4428	4428000.000
6471	4449	4449000.000
6472	4367	4367000.000
6473	4437	4437000.000
6474	4454	4454000.000
6475	4465	4465000.000
6476	4532	4532000.000
6477	4419	4419000.000
6478	4430	4430000.000
6479	4359	4359000.000
6480	4395	4395000.000
6481	4360	4360000.000
6482	4266	4266000.000
6483	4342	4342000.000
6484	4225	4225000.000
6485	4380	4380000.000
6486	4411	4411000.000
6487	4371	4371000.000
6488	4304	4304000.000
6489	4454	4454000.000
6490	4242	4242000.000
6491	4256	4256000.000
6492	4266	4266000.000
6493	4373	4373000.000
6494	4376	4376000.000
6495	4401	4401000.000
6496	4583	4583000.000
6497	4442	4442000.000
6498	4442	4442000.000
6499	4513	4513000.000
6500	4497	4497000.000
6501	4454	4454000.000
6502	4403	4403000.000
6503	4327	4327000.000
6504	4353	4353000.000
6505	4344	4344000.000
6506	4312	4312000.000
6507	4384	4384000.000
6508	4345	4345000.000
6509	4348	4348000.000
6510	4292	4292000.000
6511	4276	4276000.000
6512	4333	4333000.000
6513	4367	4367000.000
6514	4363	4363000.000
6515	4268	4268000.000
6516	4477	4477000.000
6517	4402	4402000.000
6518	4489	4489000.000
6519	4449	4449000.000
6520	4502	4502000.000
6521	4425	4425000.000
6522	4541	4541000.000
6523	4449	4449000.000
6524	4497	4497000.000
6525	4427	4427000.000
6526	4425	4425000.000
6527	4271	4271000.000
6528	4348	4348000.000
6529	4299	4299000.000
6530	4433	4433000.000
6531	4416	4416000.000
6532	4428	4428000.000
6533	4405	4405000.000
6534	4399	4399000.000
6535	4420	4420000.000
6536	4280	4280000.000
6537	4301	4301000.000
6538	4320	4320000.000
6539	4381	4381000.000
6540	4494	4494000.000
6541	4542	4542000.000
6542	4465	4465000.000
6543	4489	4489000.000
6544	4421	4421000.000
6545	4415	4415000.000
6546	4403	4403000.000
6547	4466	4466000.000
6548	4433	4433000.000
6549	4285	4285000.000
6550	4345	4345000.000
6551	4344	4344000.000
6552	4379	4379000.000
6553	4437	4437000.000
6554	4390	4390000.000
6555	4422	4422000.000
6556	4584	4584000.000
6557	4411	4411000.000
6558	4419	4419000.000
6559	4303	4303000.000
6560	4349	4349000.000
6561	4323	4323000.000
6562	4381	4381000.000
6563	4408	4408000.000
6564	4371	4371000.000
6565	4372	4372000.000
6566	4478	4478000.000
6567	4462	4462000.000
6568	4360	4360000.000
6569	4433	4433000.000
6570	4394	4394000.000
6571	4392	4392000.000
6572	4324	4324000.000
6573	4327	4327000.000
6574	4327	4327000.000
6575	4411	4411000.000
6576	4296	4296000.000
6577	4440	4440000.000
6578	4389	4389000.000
6579	4399	4399000.000
6580	4361	4361000.000
6581	4283	4283000.000
6582	4378	4378000.000
6583	4351	4351000.000
6584	4298	4298000.000
6585	4367	4367000.000
6586	4382	4382000.000
6587	4456	4456000.000
6588	4526	4526000.000
6589	4423	4423000.000
6590	4493	4493000.000
6591	4525	4525000.000
6592	4497	4497000.000
6593	4591	4591000.000
6594	4434	4434000.000
6595	4332	4332000.000
6596	4233	4233000.000
6597	4341	4341000.000
6598	4383	4383000.000
6599	4393	4393000.000
6600	4499	4499000.000
6601	4432	4432000.000
6602	4453	4453000.000
6603	4437	4437000.000
6604	4394	4394000.000
6605	4459	4459000.000
6606	4412	4412000.000
6607	4365	4365000.000
6608	4396	4396000.000
6609	4471	4471000.000
6610	4429	4429000.000
6611	4429	4429000.000
6612	4487	4487000.000
6613	4438	4438000.000
6614	4364	4364000.000
6615	4542	4542000.000
6616	4454	4454000.000
6617	4369	4369000.000
6618	4407	4407000.000
6619	4299	4299000.000
6620	4245	4245000.000
6621	4319	4319000.000
6622	4360	4360000.000
6623	4422	4422000.000
6624	4447	4447000.000
6625	4454	4454000.000
6626	4370	4370000.000
6627	4401	4401000.000
6628	4401	4401000.000
6629	4339	4339000.000
6630	4363	4363000.000
6631	4338	4338000.000
6632	4327	4327000.000
6633	4475	4475000.000
6634	4471	4471000.000
6635	4479	4479000.000
6636	4482	4482000.000
6637	4282	4282000.000
6638	4393	4393000.000
6639	4432	4432000.000
6640	4403	4403000.000
6641	4404	4404000.000
6642	4266	4266000.000
6643	4460	4460000.000
6644	4349	4349000.000
6645	4456	4456000.000
6646	4382	4382000.000
6647	4452	4452000.000
6648	4425	4425000.000
6649	4476	4476000.000
6650	4437	4437000.000
6651	4454	4454000.000
6652	4313	4313000.000
6653	4386	4386000.000
6654	4412	4412000.000
6655	4438	4438000.000
6656	4417	4417000.000
6657	4480	4480000.000
6658	4465	4465000.000
6659	4462	4462000.000
6660	4432	4432000.000
6661	4367	4367000.000
6662	4441	4441000.000
6663	4390	4390000.000
6664	4401	4401000.000
6665	4334	4334000.000
6666	4356	4356000.000
6667	4312	4312000.000
6668	4362	4362000.000
6669	4459	4459000.000
6670	4501	4501000.000
6671	4517	4517000.000
6672	4398	4398000.000
6673	4491	4491000.000
6674	4365	4365000.000
6675	4341	4341000.000
6676	4395	4395000.000
6677	4350	4350000.000
6678	4356	4356000.000
6679	4447	4447000.000
6680	4497	4497000.000
6681	4524	4524000.000
6682	4400	4400000.000
6683	4413	4413000.000
6684	4416	4416000.000
6685	4435	4435000.000
6686	4491	4491000.000
6687	4429	4429000.000
6688	4291	4291000.000
6689	4357	4357000.000
6690	4325	4325000.000
6691	4443	4443000.000
6692	4464	4464000.000
6693	4402	4402000.000
6694	4472	4472000.000
6695	4449	4449000.000
6696	4420	4420000.000
6697	4506	4506000.000
6698	4314	4314000.000
6699	4349	4349000.000
6700	4322	4322000.000
6701	4452	4452000.000
6702	4434	4434000.000
6703	4447	4447000.000
6704	4382	4382000.000
6705	4414	4414000.000
6706	4464	4464000.000
6707	4475	4475000.000
6708	4434	4434000.000
6709	4440	4440000.000
6710	4449	4449000.000
6711	4392	4392000.000
6712	4293	4293000.000
6713	4291	4291000.000
6714	4306	4306000.000
6715	4368	4368000.000
6716	4421	4421000.000
6717	4497	4497000.000
6718	4519	4519000.000
6719	4489	4489000.000
6720	4376	4376000.000
6721	4375	4375000.000
6722	4352	4352000.000
6723	4327	4327000.000
6724	4355	4355000.000
6725	4386	4386000.000
6726	4331	4331000.000
6727	4405	4405000.000
6728	4493	4493000.000
6729	4526	4526000.000
6730	4518	4518000.000
6731	4410	4410000.000
6732	4435	4435000.000
6733	4333	4333000.000
6734	4264	4264000.000
6735	4321	4321000.000
6736	4213	4213000.000
6737	4468	4468000.000
6738	4390	4390000.000
6739	4372	4372000.000
6740	4400	4400000.000
6741	4498	4498000.000
6742	4529	4529000.000
6743	4507	4507000.000
6744	4459	4459000.000
6745	4277	4277000.000
6746	4314	4314000.000
6747	4306	4306000.000
6748	4473	4473000.000
6749	4448	4448000.000
6750	4490	4490000.000
6751	4479	4479000.000
6752	4473	4473000.000
6753	4480	4480000.000
6754	4430	4430000.000
6755	4497	4497000.000
6756	4362	4362000.000
6757	4371	4371000.000
6758	4310	4310000.000
6759	4329	4329000.000
6760	4353	4353000.000
6761	4375	4375000.000
6762	4531	4531000.000
6763	4430	4430000.000
6764	4515	4515000.000
6765	4459	4459000.000
6766	4333	4333000.000
6767	4429	4429000.000
6768	4335	4335000.000
6769	4334	4334000.000
6770	4386	4386000.000
6771	4444	4444000.000
6772	4409	4409000.000
6773	4455	4455000.000
6774	4439	4439000.000
6775	4315	4315000.000
6776	4369	4369000.000
6777	4421	4421000.000
6778	4426	4426000.000
6779	4383	4383000.000
6780	4356	4356000.000
6781	4365	4365000.000
6782	4464	4464000.000
6783	4510	4510000.000
6784	4401	4401000.000
6785	4501	4501000.000
6786	4465	4465000.000
6787	4561	4561000.000
6788	4350	4350000.000
6789	4306	4306000.000
6790	4296	4296000.000
6791	4313	4313000.000
6792	4312	4312000.000
6793	4369	4369000.000
6794	4551	4551000.000
6795	4480	4480000.000
6796	4498	4498000.000
6797	4527	4527000.000
6798	4477	4477000.000
6799	4494	4494000.000
6800	4468	4468000.000
6801	4421	4421000.000
6802	4426	4426000.000
6803	4342	4342000.000
6804	4326	4326000.000
6805	4359	4359000.000
6806	4443	4443000.000
6807	4369	4369000.000
6808	4508	4508000.000
6809	4571	4571000.000
6810	4420	4420000.000
6811	4542	4542000.000
6812	4388	4388000.000
6813	4341	4341000.000
6814	4240	4240000.000
6815	4406	4406000.000
6816	4390	4390000.000
6817	4530	4530000.000
6818	4362	4362000.000
6819	4462	4462000.000
6820	4457	4457000.000
6821	4448	4448000.000
6822	4470	4470000.000
6823	4469	4469000.000
6824	4431	4431000.000
6825	4531	4531000.000
6826	4304	4304000.000
6827	4276	4276000.000
6828	4302	4302000.000
6829	4311	4311000.000
6830	4303	4303000.000
6831	4480	4480000.000
6832	4361	4361000.000
6833	4506	4506000.000
6834	4472	4472000.000
6835	4431	4431000.000
6836	4398	4398000.000
6837	4389	4389000.000
6838	4288	4288000.000
6839	4472	4472000.000
6840	4308	4308000.000
6841	4408	4408000.000
6842	4492	4492000.000
6843	4487	4487000.000
6844	4446	4446000.000
6845	4372	4372000.000
6846	4370	4370000.000
6847	4448	4448000.000
6848	4373	4373000.000
6849	4468	4468000.000
6850	4476	4476000.000
6851	4328	4328000.000
6852	4276	4276000.000
6853	4344	4344000.000
6854	4332	4332000.000
6855	4344	4344000.000
6856	4505	4505000.000
6857	4410	4410000.000
6858	4439	4439000.000
6859	4381	4381000.000
6860	4390	4390000.000
6861	4370	4370000.000
6862	4304	4304000.000
6863	4396	4396000.000
6864	4462	4462000.000
6865	4392	4392000.000
6866	4440	4440000.000
6867	4400	4400000.000
6868	4445	4445000.000
6869	4488	4488000.000
6870	4567	4567000.000
6871	4486	4486000.000
6872	4466	4466000.000
6873	4397	4397000.000
6874	4263	4263000.000
6875	4414	4414000.000
6876	4312	4312000.000
6877	4321	4321000.000
6878	4361	4361000.000
6879	4381	4381000.000
6880	4437	4437000.000
6881	4440	4440000.000
6882	4339	4339000.000
6883	4369	4369000.000
6884	4366	4366000.000
6885	4301	4301000.000
6886	4426	4426000.000
6887	4437	4437000.000
6888	4502	4502000.000
6889	4433	4433000.000
6890	4403	4403000.000
6891	4469	4469000.000
6892	4466	4466000.000
6893	4569	4569000.000
6894	4428	4428000.000
6895	4408	4408000.000
6896	4463	4463000.000
6897	4357	4357000.000
6898	4337	4337000.000
6899	4380	4380000.000
6900	4313	4313000.000
6901	4373	4373000.000
6902	4449	4449000.000
6903	4542	4542000.000
6904	4475	4475000.000
6905	4440	4440000.000
6906	4403	4403000.000
6907	4373	4373000.000
6908	4321	4321000.000
6909	4321	4321000.000
6910	4404	4404000.000
6911	4503	4503000.000
6912	4434	4434000.000
6913	4473	4473000.000
6914	4477	4477000.000
6915	4463	4463000.000
6916	4476	4476000.000
6917	4486	4486000.000
6918	4412	4412000.000
6919	4343	4343000.000
6920	4236	4236000.000
6921	4289	4289000.000
6922	4417	4417000.000
6923	4456	4456000.000
6924	4483	4483000.000
6925	4395	4395000.000
6926	4478	4478000.000
6927	4504	4504000.000
6928	4501	4501000.000
6929	4307	4307000.000
6930	4514	4514000.000
6931	4336	4336000.000
6932	4375	4375000.000
6933	4344	4344000.000
6934	4390	4390000.000
6935	4554	4554000.000
6936	4394	4394000.000
6937	4414	4414000.000
6938	4358	4358000.000
6939	4351	4351000.000
6940	4416	4416000.000
6941	4403	4403000.000
6942	4498	4498000.000
6943	4379	4379000.000
6944	4422	4422000.000
6945	4340	4340000.000
6946	4330	4330000.000
6947	4254	4254000.000
6948	4385	4385000.000
6949	4358	4358000.000
6950	4488	4488000.000
6951	4446	4446000.000
6952	4355	4355000.000
6953	4371	4371000.000
6954	4330	4330000.000
6955	4304	4304000.000
6956	4249	4249000.000
6957	4267	4267000.000
6958	4444	4444000.000
6959	4445	4445000.000
6960	4554	4554000.000
6961	4506	4506000.000
6962	4351	4351000.000
6963	4487	4487000.000
6964	4417	4417000.000
6965	4488	4488000.000
6966	4266	4266000.000
6967	4365	4365000.000
6968	4380	4380000.000
6969	4259	4259000.000
6970	4473	4473000.000
6971	4470	4470000.000
6972	4428	4428000.000
6973	4500	4500000.000
6974	4400	4400000.000
6975	4361	4361000.000
6976	4346	4346000.000
6977	4275	4275000.000
6978	4388	4388000.000
6979	4415	4415000.000
6980	4437	4437000.000
6981	4422	4422000.000
6982	4455	4455000.000
6983	4348	4348000.000
6984	4411	4411000.000
6985	4456	4456000.000
6986	4426	4426000.000
6987	4416	4416000.000
6988	4406	4406000.000
6989	4485	4485000.000
6990	4444	4444000.000
6991	4374	4374000.000
6992	4315	4315000.000
6993	4368	4368000.000
6994	4379	4379000.000
6995	4418	4418000.000
6996	4312	4312000.000
6997	4340	4340000.000
6998	4282	4282000.000
6999	4425	4425000.000
7000	4261	4261000.000
7001	4337	4337000.000
7002	4368	4368000.000
7003	4386	4386000.000
7004	4498	4498000.000
7005	4457	4457000.000
7006	4467	4467000.000
7007	4514	4514000.000
7008	4437	4437000.000
7009	4462	4462000.000
7010	4515	4515000.000
7011	4508	4508000.000
7012	4442	4442000.000
7013	4295	4295000.000
7014	4318	4318000.000
7015	4285	4285000.000
7016	4313	4313000.000
7017	4312	4312000.000
7018	4453	4453000.000
7019	4409	4409000.000
7020	4452	4452000.000
7021	4394	4394000.000
7022	4423	4423000.000
7023	4348	4348000.000
7024	4242	4242000.000
7025	4291	4291000.000
7026	4347	4347000.000
7027	4435	4435000.000
7028	4406	4406000.000
7029	4350	4350000.000
7030	4497	4497000.000
7031	4507	4507000.000
7032	4515	4515000.000
7033	4421	4421000.000
7034	4537	4537000.000
7035	4566	4566000.000
7036	4393	4393000.000
7037	4406	4406000.000
7038	4327	4327000.000
7039	4326	4326000.000
7040	4319	4319000.000
7041	4466	4466000.000
7042	4358	4358000.000
7043	4472	4472000.000
7044	4439	4439000.000
7045	4401	4401000.000
7046	4325	4325000.000
7047	4284	4284000.000
7048	4307	4307000.000
7049	4353	4353000.000
7050	4351	4351000.000
7051	4384	4384000.000
7052	4451	4451000.000
7053	4413	4413000.000
7054	4436	4436000.000
7055	4391	4391000.000
7056	4473	4473000.000
7057	4469	4469000.000
7058	4462	4462000.000
7059	4357	4357000.000
7060	4390	4390000.000
7061	4368	4368000.000
7062	4390	4390000.000
7063	4360	4360000.000
7064	4362	4362000.000
7065	4289	4289000.000
7066	4320	4320000.000
7067	4328	4328000.000
7068	4405	4405000.000
7069	4328	4328000.000
7070	4249	4249000.000
7071	4210	4210000.000
7072	4316	4316000.000
7073	4467	4467000.000
7074	4460	4460000.000
7075	4483	4483000.000
7076	4507	4507000.000
7077	4458	4458000.000
7078	4418	4418000.000
7079	4519	4519000.000
7080	4511	4511000.000
7081	4464	4464000.000
7082	4454	4454000.000
7083	4336	4336000.000
7084	4323	4323000.000
7085	4320	4320000.000
7086	4252	4252000.000
7087	4279	4279000.000
7088	4330	4330000.000
7089	4360	4360000.000
7090	4338	4338000.000
7091	4366	4366000.000
7092	4252	4252000.000
7093	4317	4317000.000
7094	4328	4328000.000
7095	4321	4321000.000
7096	4446	4446000.000
7097	4415	4415000.000
7098	4368	4368000.000
7099	4512	4512000.000
7100	4516	4516000.000
7101	4459	4459000.000
7102	4601	4601000.000
7103	4448	4448000.000
7104	4442	4442000.000
7105	4470	4470000.000
7106	4280	4280000.000
7107	4249	4249000.000
7108	4300	4300000.000
7109	4279	4279000.000
7110	4284	4284000.000
7111	4293	4293000.000
7112	4356	4356000.000
7113	4453	4453000.000
7114	4422	4422000.000
7115	4373	4373000.000
7116	4350	4350000.000
7117	4310	4310000.000
7118	4352	4352000.000
7119	4428	4428000.000
7120	4473	4473000.000
7121	4454	4454000.000
7122	4507	4507000.000
7123	4495	4495000.000
7124	4455	4455000.000
7125	4488	4488000.000
7126	4513	4513000.000
7127	4398	4398000.000
7128	4497	4497000.000
7129	4368	4368000.000
7130	4432	4432000.000
7131	4276	4276000.000
7132	4288	4288000.000
7133	4462	4462000.000
7134	4270	4270000.000
7135	4339	4339000.000
7136	4355	4355000.000
7137	4395	4395000.000
7138	4307	4307000.000
7139	4377	4377000.000
7140	4354	4354000.000
7141	4410	4410000.000
7142	4513	4513000.000
7143	4526	4526000.000
7144	4344	4344000.000
7145	4450	4450000.000
7146	4444	4444000.000
7147	4465	4465000.000
7148	4478	4478000.000
7149	4565	4565000.000
7150	4456	4456000.000
7151	4465	4465000.000
7152	4517	4517000.000
7153	4439	4439000.000
7154	4259	4259000.000
7155	4363	4363000.000
7156	4368	4368000.000
7157	4380	4380000.000
7158	4251	4251000.000
7159	4265	4265000.000
7160	4335	4335000.000
7161	4306	4306000.000
7162	4310	4310000.000
7163	4239	4239000.000
7164	4288	4288000.000
7165	4331	4331000.000
7166	4409	4409000.000
7167	4363	4363000.000
7168	4496	4496000.000
7169	4416	4416000.000
7170	4521	4521000.000
7171	4479	4479000.000
7172	4471	4471000.000
7173	4409	4409000.000
7174	4505	4505000.000
7175	4365	4365000.000
7176	4340	4340000.000
7177	4344	4344000.000
7178	4212	4212000.000
7179	4361	4361000.000
7180	4278	4278000.000
7181	4370	4370000.000
7182	4293	4293000.000
7183	4333	4333000.000
7184	4293	4293000.000
7185	4360	4360000.000
7186	4344	4344000.000
7187	4383	4383000.000
7188	4470	4470000.000
7189	4490	4490000.000
7190	4428	4428000.000
7191	4462	4462000.000
7192	4441	4441000.000
7193	4446	4446000.000
7194	4393	4393000.000
7195	4475	4475000.000
7196	4439	4439000.000
7197	4419	4419000.000
7198	4378	4378000.000
7199	4409	4409000.000
7200	4361	4361000.000
7201	4398	4398000.000
7202	4300	4300000.000
7203	4328	4328000.000
7204	4297	4297000.000
7205	4334	4334000.000
7206	4301	4301000.000
7207	4359	4359000.000
7208	4308	4308000.000
7209	4423	4423000.000
7210	4373	4373000.000
7211	4384	4384000.000
7212	4475	4475000.000
7213	4419	4419000.000
7214	4409	4409000.000
7215	4502	4502000.000
7216	4458	4458000.000
7217	4418	4418000.000
7218	4549	4549000.000
7219	4381	4381000.000
7220	4430	4430000.000
7221	4544	4544000.000
7222	4409	4409000.000
7223	4366	4366000.000
7224	4350	4350000.000
7225	4332	4332000.000
7226	4347	4347000.000
7227	4259	4259000.000
7228	4365	4365000.000
7229	4319	4319000.000
7230	4386	4386000.000
7231	4317	4317000.000
7232	4348	4348000.000
7233	4386	4386000.000
7234	4426	4426000.000
7235	4501	4501000.000
7236	4440	4440000.000
7237	4457	4457000.000
7238	4369	4369000.000
7239	4441	4441000.000
7240	4447	4447000.000
7241	4431	4431000.000
7242	4473	4473000.000
7243	4469	4469000.000
7244	4423	4423000.000
7245	4366	4366000.000
7246	4260	4260000.000
7247	4323	4323000.000
7248	4412	4412000.000
7249	4368	4368000.000
7250	4305	4305000.000
7251	4326	4326000.000
7252	4317	4317000.000
7253	4240	4240000.000
7254	4303	4303000.000
7255	4336	4336000.000
7256	4353	4353000.000
7257	4493	4493000.000
7258	4462	4462000.000
7259	4484	4484000.000
7260	4478	4478000.000
7261	4443	4443000.000
7262	4382	4382000.000
7263	4377	4377000.000
7264	4480	4480000.000
7265	4475	4475000.000
7266	4429	4429000.000
7267	4300	4300000.000
7268	4389	4389000.000
7269	4364	4364000.000
7270	4296	4296000.000
7271	4283	4283000.000
7272	4335	4335000.000
7273	4226	4226000.000
7274	4355	4355000.000
7275	4262	4262000.000
7276	4236	4236000.000
7277	4266	4266000.000
7278	4375	4375000.000
7279	4478	4478000.000
7280	4477	4477000.000
7281	4490	4490000.000
7282	4467	4467000.000
7283	4484	4484000.000
7284	4423	4423000.000
7285	4318	4318000.000
7286	4447	4447000.000
7287	4472	4472000.000
7288	4345	4345000.000
7289	4449	4449000.000
7290	4447	4447000.000
7291	4432	4432000.000
7292	4385	4385000.000
7293	4282	4282000.000
7294	4328	4328000.000
7295	4380	4380000.000
7296	4328	4328000.000
7297	4438	4438000.000
7298	4284	4284000.000
7299	4321	4321000.000
7300	4365	4365000.000
7301	4419	4419000.000
7302	4367	4367000.000
7303	4439	4439000.000
7304	4483	4483000.000
7305	4452	4452000.000
7306	4428	4428000.000
7307	4404	4404000.000
7308	4466	4466000.000
7309	4409	4409000.000
7310	4459	4459000.000
7311	4481	4481000.000
7312	4507	4507000.000
7313	4443	4443000.000
7314	4402	4402000.000
7315	4290	4290000.000
7316	4324	4324000.000
7317	4406	4406000.000
7318	4260	4260000.000
7319	4313	4313000.000
7320	4355	4355000.000
7321	4350	4350000.000
7322	4321	4321000.000
7323	4395	4395000.000
7324	4445	4445000.000
7325	4390	4390000.000
7326	4491	4491000.000
7327	4452	4452000.000
7328	4391	4391000.000
7329	4437	4437000.000
7330	4476	4476000.000
7331	4406	4406000.000
7332	4524	4524000.000
7333	4349	4349000.000
7334	4373	4373000.000
7335	4396	4396000.000
7336	4331	4331000.000
7337	4392	4392000.000
7338	4358	4358000.000
7339	4407	4407000.000
7340	4450	4450000.000
7341	4308	4308000.000
7342	4265	4265000.000
7343	4231	4231000.000
7344	4321	4321000.000
7345	4311	4311000.000
7346	4308	4308000.000
7347	4506	4506000.000
7348	4381	4381000.000
7349	4386	4386000.000
7350	4472	4472000.000
7351	4454	4454000.000
7352	4497	4497000.000
7353	4465	4465000.000
7354	4431	4431000.000
7355	4425	4425000.000
7356	4402	4402000.000
7357	4441	4441000.000
7358	4369	4369000.000
7359	4392	4392000.000
7360	4411	4411000.000
7361	4402	4402000.000
7362	4335	4335000.000
7363	4256	4256000.000
7364	4264	4264000.000
7365	4330	4330000.000
7366	4334	4334000.000
7367	4257	4257000.000
7368	4295	4295000.000
7369	4322	4322000.000
7370	4460	4460000.000
7371	4484	4484000.000
7372	4422	4422000.000
7373	4508	4508000.000
7374	4539	4539000.000
7375	4431	4431000.000
7376	4512	4512000.000
7377	4503	4503000.000
7378	4397	4397000.000
7379	4474	4474000.000
7380	4522	4522000.000
7381	4375	4375000.000
7382	4536	4536000.000
7383	4378	4378000.000
7384	4402	4402000.000
7385	4425	4425000.000
7386	4246	4246000.000
7387	4348	4348000.000
7388	4295	4295000.000
7389	4249	4249000.000
7390	4266	4266000.000
7391	4411	4411000.000
7392	4318	4318000.000
7393	4379	4379000.000
7394	4462	4462000.000
7395	4475	4475000.000
7396	4393	4393000.000
7397	4481	4481000.000
7398	4347	4347000.000
7399	4511	4511000.000
7400	4356	4356000.000
7401	4439	4439000.000
7402	4399	4399000.000
7403	4423	4423000.000
7404	4463	4463000.000
7405	4489	4489000.000
7406	4384	4384000.000
7407	4310	4310000.000
7408	4353	4353000.000
7409	4273	4273000.000
7410	4292	4292000.000
7411	4346	4346000.000
7412	4466	4466000.000
7413	4267	4267000.000
7414	4236	4236000.000
7415	4362	4362000.000
7416	4378	4378000.000
7417	4356	4356000.000
7418	4373	4373000.000
7419	4439	4439000.000
7420	4538	4538000.000
7421	4432	4432000.000
7422	4370	4370000.000
7423	4305	4305000.000
7424	4425	4425000.000
7425	4453	4453000.000
7426	4469	4469000.000
7427	4476	4476000.000
7428	4379	4379000.000
7429	4380	4380000.000
7430	4348	4348000.000
7431	4336	4336000.000
7432	4294	4294000.000
7433	4262	4262000.000
7434	4308	4308000.000
7435	4395	4395000.000
7436	4276	4276000.000
7437	4384	4384000.000
7438	4426	4426000.000
7439	4450	4450000.000
7440	4542	4542000.000
7441	4503	4503000.000
7442	4488	4488000.000
7443	4388	4388000.000
7444	4382	4382000.000
7445	4358	4358000.000
7446	4326	4326000.000
7447	4366	4366000.000
7448	4453	4453000.000
7449	4444	4444000.000
7450	4461	4461000.000
7451	4412	4412000.000
7452	4426	4426000.000
7453	4395	4395000.000
7454	4358	4358000.000
7455	4269	4269000.000
7456	4262	4262000.000
7457	4270	4270000.000
7458	4241	4241000.000
7459	4327	4327000.000
7460	4393	4393000.000
7461	4353	4353000.000
7462	4251	4251000.000
7463	4376	4376000.000
7464	4414	4414000.000
7465	4420	4420000.000
7466	4422	4422000.000
7467	4465	4465000.000
7468	4429	4429000.000
7469	4372	4372000.000
7470	4386	4386000.000
7471	4355	4355000.000
7472	4442	4442000.000
7473	4369	4369000.000
7474	4426	4426000.000
7475	4426	4426000.000
7476	4306	4306000.000
7477	4356	4356000.000
7478	4271	4271000.000
7479	4335	4335000.000
7480	4310	4310000.000
7481	4356	4356000.000
7482	4248	4248000.000
7483	4291	4291000.000
7484	4379	4379000.000
7485	4327	4327000.000
7486	4359	4359000.000
7487	4414	4414000.000
7488	4422	4422000.000
7489	4448	4448000.000
7490	4271	4271000.000
7491	4306	4306000.000
7492	4324	4324000.000
7493	4394	4394000.000
7494	4368	4368000.000
7495	4323	4323000.000
7496	4492	4492000.000
7497	4398	4398000.000
7498	4461	4461000.000
7499	4465	4465000.000
7500	4305	4305000.000
7501	4318	4318000.000
7502	4205	4205000.000
7503	4367	4367000.000
7504	4386	4386000.000
7505	4353	4353000.000
7506	4415	4415000.000
7507	4302	4302000.000
7508	4423	4423000.000
7509	4406	4406000.000
7510	4469	4469000.000
7511	4546	4546000.000
7512	4411	4411000.000
7513	4479	4479000.000
7514	4359	4359000.000
7515	4470	4470000.000
7516	4296	4296000.000
7517	4414	4414000.000
7518	4315	4315000.000
7519	4354	4354000.000
7520	4432	4432000.000
7521	4444	4444000.000
7522	4358	4358000.000
7523	4375	4375000.000
7524	4352	4352000.000
7525	4330	4330000.000
7526	4341	4341000.000
7527	4272	4272000.000
7528	4405	4405000.000
7529	4324	4324000.000
7530	4309	4309000.000
7531	4275	4275000.000
7532	4338	4338000.000
7533	4383	4383000.000
7534	4432	4432000.000
7535	4528	4528000.000
7536	4419	4419000.000
7537	4302	4302000.000
7538	4481	4481000.000
7539	4346	4346000.000
7540	4332	4332000.000
7541	4390	4390000.000
7542	4516	4516000.000
7543	4431	4431000.000
7544	4467	4467000.000
7545	4382	4382000.000
7546	4367	4367000.000
7547	4234	4234000.000
7548	4289	4289000.000
7549	4341	4341000.000
7550	4298	4298000.000
7551	4194	4194000.000
7552	4338	4338000.000
7553	4324	4324000.000
7554	4348	4348000.000
7555	4391	4391000.000
7556	4430	4430000.000
7557	4403	4403000.000
7558	4327	4327000.000
7559	4438	4438000.000
7560	4359	4359000.000
7561	4374	4374000.000
7562	4321	4321000.000
7563	4340	4340000.000
7564	4412	4412000.000
7565	4436	4436000.000
7566	4532	4532000.000
7567	4465	4465000.000
7568	4401	4401000.000
7569	4254	4254000.000
7570	4296	4296000.000
7571	4299	4299000.000
7572	4327	4327000.000
7573	4278	4278000.000
7574	4349	4349000.000
7575	4180	4180000.000
7576	4360	4360000.000
7577	4344	4344000.000
7578	4397	4397000.000
7579	4441	4441000.000
7580	4380	4380000.000
7581	4407	4407000.000
7582	4360	4360000.000
7583	4403	4403000.000
7584	4348	4348000.000
7585	4349	4349000.000
7586	4389	4389000.000
7587	4340	4340000.000
7588	4344	4344000.000
7589	4442	4442000.000
7590	4498	4498000.000
7591	4432	4432000.000
7592	4456	4456000.000
7593	4360	4360000.000
7594	4282	4282000.000
7595	4275	4275000.000
7596	4279	4279000.000
7597	4275	4275000.000
7598	4282	4282000.000
7599	4288	4288000.000
7600	4335	4335000.000
7601	4324	4324000.000
7602	4406	4406000.000
7603	4404	4404000.000
7604	4474	4474000.000
7605	4520	4520000.000
7606	4311	4311000.000
7607	4298	4298000.000
7608	4343	4343000.000
7609	4369	4369000.000
7610	4473	4473000.000
7611	4434	4434000.000
7612	4524	4524000.000
7613	4419	4419000.000
7614	4395	4395000.000
7615	4403	4403000.000
7616	4288	4288000.000
7617	4326	4326000.000
7618	4324	4324000.000
7619	4309	4309000.000
7620	4285	4285000.000
7621	4327	4327000.000
7622	4258	4258000.000
7623	4369	4369000.000
7624	4285	4285000.000
7625	4266	4266000.000
7626	4429	4429000.000
7627	4506	4506000.000
7628	4495	4495000.000
7629	4384	4384000.000
7630	4355	4355000.000
7631	4289	4289000.000
7632	4366	4366000.000
7633	4401	4401000.000
7634	4309	4309000.000
7635	4432	4432000.000
7636	4537	4537000.000
7637	4425	4425000.000
7638	4458	4458000.000
7639	4358	4358000.000
7640	4320	4320000.000
7641	4285	4285000.000
7642	4292	4292000.000
7643	4218	4218000.000
7644	4279	4279000.000
7645	4334	4334000.000
7646	4296	4296000.000
7647	4344	4344000.000
7648	4424	4424000.000
7649	4417	4417000.000
7650	4359	4359000.000
7651	4445	4445000.000
7652	4385	4385000.000
7653	4310	4310000.000
7654	4290	4290000.000
7655	4375	4375000.000
7656	4402	4402000.000
7657	4368	4368000.000
7658	4412	4412000.000
7659	4449	4449000.000
7660	4446	4446000.000
7661	4455	4455000.000
7662	4361	4361000.000
7663	4263	4263000.000
7664	4335	4335000.000
7665	4293	4293000.000
7666	4314	4314000.000
7667	4247	4247000.000
7668	4303	4303000.000
7669	4343	4343000.000
7670	4381	4381000.000
7671	4292	4292000.000
7672	4426	4426000.000
7673	4398	4398000.000
7674	4436	4436000.000
7675	4439	4439000.000
7676	4461	4461000.000
7677	4370	4370000.000
7678	4286	4286000.000
7679	4397	4397000.000
7680	4312	4312000.000
7681	4440	4440000.000
7682	4384	4384000.000
7683	4593	4593000.000
7684	4400	4400000.000
7685	4493	4493000.000
7686	4351	4351000.000
7687	4293	4293000.000
7688	4309	4309000.000
7689	4338	4338000.000
7690	4281	4281000.000
7691	4314	4314000.000
7692	4336	4336000.000
7693	4377	4377000.000
7694	4370	4370000.000
7695	4495	4495000.000
7696	4509	4509000.000
7697	4463	4463000.000
7698	4368	4368000.000
7699	4372	4372000.000
7700	4460	4460000.000
7701	4347	4347000.000
7702	4341	4341000.000
7703	4419	4419000.000
7704	4360	4360000.000
7705	4377	4377000.000
7706	4512	4512000.000
7707	4420	4420000.000
7708	4422	4422000.000
7709	4415	4415000.000
7710	4262	4262000.000
7711	4296	4296000.000
7712	4375	4375000.000
7713	4367	4367000.000
7714	4307	4307000.000
7715	4343	4343000.000
7716	4349	4349000.000
7717	4354	4354000.000
7718	4471	4471000.000
7719	4478	4478000.000
7720	4388	4388000.000
7721	4385	4385000.000
7722	4336	4336000.000
7723	4343	4343000.000
7724	4383	4383000.000
7725	4295	4295000.000
7726	4307	4307000.000
7727	4386	4386000.000
7728	4367	4367000.000
7729	4480	4480000.000
7730	4475	4475000.000
7731	4387	4387000.000
7732	4251	4251000.000
7733	4263	4263000.000
7734	4341	4341000.000
7735	4379	4379000.000
7736	4321	4321000.000
7737	4377	4377000.000
7738	4356	4356000.000
7739	4416	4416000.000
7740	4348	4348000.000
7741	4459	4459000.000
7742	4396	4396000.000
7743	4394	4394000.000
7744	4390	4390000.000
7745	4440	4440000.000
7746	4409	4409000.000
7747	4349	4349000.000
7748	4322	4322000.000
7749	4390	4390000.000
7750	4328	4328000.000
7751	4489	4489000.000
7752	4442	4442000.000
7753	4474	4474000.000
7754	4354	4354000.000
7755	4392	4392000.000
7756	4261	4261000.000
7757	4304	4304000.000
7758	4400	4400000.000
7759	4372	4372000.000
7760	4306	4306000.000
7761	4394	4394000.000
7762	4363	4363000.000
7763	4403	4403000.000
7764	4323	4323000.000
7765	4465	4465000.000
7766	4487	4487000.000
7767	4452	4452000.000
7768	4443	4443000.000
7769	4439	4439000.000
7770	4346	4346000.000
7771	4400	4400000.000
7772	4461	4461000.000
7773	4389	4389000.000
7774	4445	4445000.000
7775	4392	4392000.000
7776	4305	4305000.000
7777	4323	4323000.000
7778	4197	4197000.000
7779	4310	4310000.000
7780	4281	4281000.000
7781	4282	4282000.000
7782	4380	4380000.000
7783	4279	4279000.000
7784	4307	4307000.000
7785	4298	4298000.000
7786	4370	4370000.000
7787	4408	4408000.000
7788	4425	4425000.000
7789	4444	4444000.000
7790	4424	4424000.000
7791	4453	4453000.000
7792	4313	4313000.000
7793	4282	4282000.000
7794	4305	4305000.000
7795	4359	4359000.000
7796	4512	4512000.000
7797	4480	4480000.000
7798	4423	4423000.000
7799	4470	4470000.000
7800	4363	4363000.000
7801	4374	4374000.000
7802	4332	4332000.000
7803	4306	4306000.000
7804	4397	4397000.000
7805	4333	4333000.000
7806	4378	4378000.000
7807	4391	4391000.000
7808	4339	4339000.000
7809	4331	4331000.000
7810	4378	4378000.000
7811	4416	4416000.000
7812	4451	4451000.000
7813	4472	4472000.000
7814	4519	4519000.000
7815	4313	4313000.000
7816	4326	4326000.000
7817	4363	4363000.000
7818	4363	4363000.000
7819	4332	4332000.000
7820	4415	4415000.000
7821	4579	4579000.000
7822	4381	4381000.000
7823	4445	4445000.000
7824	4404	4404000.000
7825	4335	4335000.000
7826	4344	4344000.000
7827	4259	4259000.000
7828	4270	4270000.000
7829	4321	4321000.000
7830	4299	4299000.000
7831	4395	4395000.000
7832	4338	4338000.000
7833	4399	4399000.000
7834	4322	4322000.000
7835	4538	4538000.000
7836	4408	4408000.000
7837	4418	4418000.000
7838	4367	4367000.000
7839	4359	4359000.000
7840	4323	4323000.000
7841	4314	4314000.000
7842	4372	4372000.000
7843	4454	4454000.000
7844	4365	4365000.000
7845	4549	4549000.000
7846	4337	4337000.000
7847	4346	4346000.000
7848	4336	4336000.000
7849	4352	4352000.000
7850	4383	4383000.000
7851	4367	4367000.000
7852	4295	4295000.000
7853	4263	4263000.000
7854	4330	4330000.000
7855	4347	4347000.000
7856	4358	4358000.000
7857	4421	4421000.000
7858	4414	4414000.000
7859	4423	4423000.000
7860	4428	4428000.000
7861	4354	4354000.000
7862	4420	4420000.000
7863	4287	4287000.000
7864	4394	4394000.000
7865	4538	4538000.000
7866	4412	4412000.000
7867	4524	4524000.000
7868	4490	4490000.000
7869	4374	4374000.000
7870	4362	4362000.000
7871	4257	4257000.000
7872	4383	4383000.000
7873	4331	4331000.000
7874	4329	4329000.000
7875	4246	4246000.000
7876	4266	4266000.000
7877	4307	4307000.000
7878	4370	4370000.000
7879	4387	4387000.000
7880	4465	4465000.000
7881	4525	4525000.000
7882	4493	4493000.000
7883	4468	4468000.000
7884	4337	4337000.000
7885	4267	4267000.000
7886	4320	4320000.000
7887	4343	4343000.000
7888	4334	4334000.000
7889	4420	4420000.000
7890	4451	4451000.000
7891	4414	4414000.000
7892	4445	4445000.000
7893	4365	4365000.000
7894	4288	4288000.000
7895	4293	4293000.000
7896	4281	4281000.000
7897	4275	4275000.000
7898	4402	4402000.000
7899	4327	4327000.000
7900	4306	4306000.000
7901	4358	4358000.000
7902	4330	4330000.000
7903	4490	4490000.000
7904	4463	4463000.000
7905	4347	4347000.000
7906	4403	4403000.000
7907	4381	4381000.000
7908	4387	4387000.000
7909	4437	4437000.000
7910	4421	4421000.000
7911	4449	4449000.000
7912	4433	4433000.000
7913	4463	4463000.000
7914	4482	4482000.000
7915	4497	4497000.000
7916	4424	4424000.000
7917	4341	4341000.000
7918	4367	4367000.000
7919	4327	4327000.000
7920	4291	4291000.000
7921	4299	4299000.000
7922	4349	4349000.000
7923	4251	4251000.000
7924	4281	4281000.000
7925	4332	4332000.000
7926	4381	4381000.000
7927	4377	4377000.000
7928	4469	4469000.000
7929	4360	4360000.000
7930	4424	4424000.000
7931	4423	4423000.000
7932	4362	4362000.000
7933	4337	4337000.000
7934	4362	4362000.000
7935	4441	4441000.000
7936	4514	4514000.000
7937	4405	4405000.000
7938	4477	4477000.000
7939	4332	4332000.000
7940	4352	4352000.000
7941	4400	4400000.000
7942	4371	4371000.000
7943	4288	4288000.000
7944	4192	4192000.000
7945	4241	4241000.000
7946	4360	4360000.000
7947	4285	4285000.000
7948	4367	4367000.000
7949	4431	4431000.000
7950	4452	4452000.000
7951	4522	4522000.000
7952	4482	4482000.000
7953	4413	4413000.000
7954	4419	4419000.000
7955	4439	4439000.000
7956	4394	4394000.000
7957	4360	4360000.000
7958	4459	4459000.000
7959	4484	4484000.000
7960	4472	4472000.000
7961	4450	4450000.000
7962	4384	4384000.000
7963	4362	4362000.000
7964	4311	4311000.000
7965	4263	4263000.000
7966	4255	4255000.000
7967	4309	4309000.000
7968	4356	4356000.000
7969	4264	4264000.000
7970	4252	4252000.000
7971	4374	4374000.000
7972	4392	4392000.000
7973	4339	4339000.000
7974	4427	4427000.000
7975	4352	4352000.000
7976	4438	4438000.000
7977	4367	4367000.000
7978	4426	4426000.000
7979	4366	4366000.000
7980	4349	4349000.000
7981	4338	4338000.000
7982	4400	4400000.000
7983	4487	4487000.000
7984	4483	4483000.000
7985	4432	4432000.000
7986	4305	4305000.000
7987	4305	4305000.000
7988	4203	4203000.000
7989	4336	4336000.000
7990	4402	4402000.000
7991	4229	4229000.000
7992	4273	4273000.000
7993	4369	4369000.000
7994	4458	4458000.000
7995	4423	4423000.000
7996	4382	4382000.000
7997	4497	4497000.000
7998	4416	4416000.000
7999	4536	4536000.000
8000	4354	4354000.000
8001	4293	4293000.000
8002	4358	4358000.000
8003	4433	4433000.000
8004	4449	4449000.000
8005	4486	4486000.000
8006	4482	4482000.000
8007	4452	4452000.000
8008	4462	4462000.000
8009	4283	4283000.000
8010	4288	4288000.000
8011	4382	4382000.000
8012	4287	4287000.000
8013	4336	4336000.000
8014	4339	4339000.000
8015	4309	4309000.000
8016	4324	4324000.000
8017	4251	4251000.000
8018	4260	4260000.000
8019	4322	4322000.000
8020	4471	4471000.000
8021	4412	4412000.000
8022	4501	4501000.000
8023	4445	4445000.000
8024	4387	4387000.000
8025	4402	4402000.000
8026	4354	4354000.000
8027	4406	4406000.000
8028	4488	4488000.000
8029	4524	4524000.000
8030	4529	4529000.000
8031	4489	4489000.000
8032	4363	4363000.000
8033	4396	4396000.000
8034	4239	4239000.000
8035	4257	4257000.000
8036	4333	4333000.000
8037	4290	4290000.000
8038	4357	4357000.000
8039	4172	4172000.000
8040	4277	4277000.000
8041	4382	4382000.000
8042	4371	4371000.000
8043	4378	4378000.000
8044	4459	4459000.000
8045	4465	4465000.000
8046	4402	4402000.000
8047	4516	4516000.000
8048	4403	4403000.000
8049	4402	4402000.000
8050	4467	4467000.000
8051	4441	4441000.000
8052	4415	4415000.000
8053	4407	4407000.000
8054	4400	4400000.000
8055	4270	4270000.000
8056	4312	4312000.000
8057	4307	4307000.000
8058	4365	4365000.000
8059	4285	4285000.000
8060	4356	4356000.000
8061	4369	4369000.000
8062	4392	4392000.000
8063	4338	4338000.000
8064	4339	4339000.000
8065	4406	4406000.000
8066	4395	4395000.000
8067	4385	4385000.000
8068	4438	4438000.000
8069	4448	4448000.000
8070	4421	4421000.000
8071	4416	4416000.000
8072	4461	4461000.000
8073	4418	4418000.000
8074	4436	4436000.000
8075	4398	4398000.000
8076	4462	4462000.000
8077	4298	4298000.000
8078	4367	4367000.000
8079	4412	4412000.000
8080	4299	4299000.000
8081	4299	4299000.000
8082	4290	4290000.000
8083	4258	4258000.000
8084	4303	4303000.000
8085	4248	4248000.000
8086	4278	4278000.000
8087	4271	4271000.000
8088	4382	4382000.000
8089	4417	4417000.000
8090	4423	4423000.000
8091	4507	4507000.000
8092	4442	4442000.000
8093	4427	4427000.000
8094	4429	4429000.000
8095	4428	4428000.000
8096	4453	4453000.000
8097	4357	4357000.000
8098	4420	4420000.000
8099	4483	4483000.000
8100	4319	4319000.000
8101	4411	4411000.000
8102	4238	4238000.000
8103	4280	4280000.000
8104	4342	4342000.000
8105	4400	4400000.000
8106	4284	4284000.000
8107	4424	4424000.000
8108	4328	4328000.000
8109	4420	4420000.000
8110	4282	4282000.000
8111	4411	4411000.000
8112	4360	4360000.000
8113	4413	4413000.000
8114	4462	4462000.000
8115	4451	4451000.000
8116	4407	4407000.000
8117	4448	4448000.000
8118	4473	4473000.000
8119	4380	4380000.000
8120	4442	4442000.000
8121	4484	4484000.000
8122	4306	4306000.000
8123	4342	4342000.000
8124	4255	4255000.000
8125	4286	4286000.000
8126	4297	4297000.000
8127	4317	4317000.000
8128	4278	4278000.000
8129	4426	4426000.000
8130	4290	4290000.000
8131	4280	4280000.000
8132	4293	4293000.000
8133	4249	4249000.000
8134	4317	4317000.000
8135	4415	4415000.000
8136	4366	4366000.000
8137	4439	4439000.000
8138	4401	4401000.000
8139	4470	4470000.000
8140	4302	4302000.000
8141	4494	4494000.000
8142	4394	4394000.000
8143	4378	4378000.000
8144	4359	4359000.000
8145	4502	4502000.000
8146	4501	4501000.000
8147	4285	4285000.000
8148	4273	4273000.000
8149	4303	4303000.000
8150	4359	4359000.000
8151	4335	4335000.000
8152	4336	4336000.000
8153	4315	4315000.000
8154	4301	4301000.000
8155	4378	4378000.000
8156	4291	4291000.000
8157	4394	4394000.000
8158	4448	4448000.000
8159	4406	4406000.000
8160	4520	4520000.000
8161	4452	4452000.000
8162	4488	4488000.000
8163	4453	4453000.000
8164	4434	4434000.000
8165	4422	4422000.000
8166	4425	4425000.000
8167	4349	4349000.000
8168	4317	4317000.000
8169	4270	4270000.000
8170	4367	4367000.000
8171	4304	4304000.000
8172	4356	4356000.000
8173	4404	4404000.000
8174	4401	4401000.000
8175	4392	4392000.000
8176	4407	4407000.000
8177	4321	4321000.000
8178	4346	4346000.000
8179	4274	4274000.000
8180	4286	4286000.000
8181	4417	4417000.000
8182	4441	4441000.000
8183	4450	4450000.000
8184	4455	4455000.000
8185	4418	4418000.000
8186	4453	4453000.000
8187	4485	4485000.000
8188	4549	4549000.000
8189	4487	4487000.000
8190	4411	4411000.000
8191	4426	4426000.000
8192	4382	4382000.000
8193	4377	4377000.000
8194	4281	4281000.000
8195	4339	4339000.000
8196	4287	4287000.000
8197	4346	4346000.000
8198	4365	4365000.000
8199	4405	4405000.000
8200	4371	4371000.000
8201	4416	4416000.000
8202	4301	4301000.000
8203	4349	4349000.000
8204	4373	4373000.000
8205	4478	4478000.000
8206	4385	4385000.000
8207	4445	4445000.000
8208	4568	4568000.000
8209	4441	4441000.000
8210	4381	4381000.000
8211	4389	4389000.000
8212	4509	4509000.000
8213	4403	4403000.000
8214	4341	4341000.000
8215	4370	4370000.000
8216	4354	4354000.000
8217	4341	4341000.000
8218	4279	4279000.000
8219	4443	4443000.000
8220	4433	4433000.000
8221	4460	4460000.000
8222	4373	4373000.000
8223	4376	4376000.000
8224	4323	4323000.000
8225	4350	4350000.000
8226	4369	4369000.000
8227	4353	4353000.000
8228	4385	4385000.000
8229	4403	4403000.000
8230	4401	4401000.000
8231	4480	4480000.000
8232	4527	4527000.000
8233	4462	4462000.000
8234	4427	4427000.000
8235	4340	4340000.000
8236	4501	4501000.000
8237	4367	4367000.000
8238	4319	4319000.000
8239	4379	4379000.000
8240	4355	4355000.000
8241	4282	4282000.000
8242	4400	4400000.000
8243	4393	4393000.000
8244	4416	4416000.000
8245	4424	4424000.000
8246	4378	4378000.000
8247	4400	4400000.000
8248	4358	4358000.000
8249	4367	4367000.000
8250	4277	4277000.000
8251	4205	4205000.000
8252	4469	4469000.000
8253	4431	4431000.000
8254	4424	4424000.000
8255	4448	4448000.000
8256	4449	4449000.000
8257	4542	4542000.000
8258	4402	4402000.000
8259	4378	4378000.000
8260	4466	4466000.000
8261	4332	4332000.000
8262	4420	4420000.000
8263	4313	4313000.000
8264	4327	4327000.000
8265	4351	4351000.000
8266	4430	4430000.000
8267	4313	4313000.000
8268	4392	4392000.000
8269	4417	4417000.000
8270	4467	4467000.000
8271	4306	4306000.000
8272	4345	4345000.000
8273	4360	4360000.000
8274	4362	4362000.000
8275	4390	4390000.000
8276	4368	4368000.000
8277	4313	4313000.000
8278	4460	4460000.000
8279	4412	4412000.000
8280	4406	4406000.000
8281	4433	4433000.000
8282	4418	4418000.000
8283	4297	4297000.000
8284	4345	4345000.000
8285	4284	4284000.000
8286	4356	4356000.000
8287	4349	4349000.000
8288	4360	4360000.000
8289	4349	4349000.000
8290	4415	4415000.000
8291	4363	4363000.000
8292	4444	4444000.000
8293	4352	4352000.000
8294	4362	4362000.000
8295	4357	4357000.000
8296	4376	4376000.000
8297	4344	4344000.000
8298	4418	4418000.000
8299	4402	4402000.000
8300	4401	4401000.000
8301	4477	4477000.000
8302	4432	4432000.000
8303	4495	4495000.000
8304	4414	4414000.000
8305	4452	4452000.000
8306	4451	4451000.000
8307	4229	4229000.000
8308	4332	4332000.000
8309	4399	4399000.000
8310	4364	4364000.000
8311	4297	4297000.000
8312	4393	4393000.000
8313	4420	4420000.000
8314	4364	4364000.000
8315	4413	4413000.000
8316	4494	4494000.000
8317	4337	4337000.000
8318	4412	4412000.000
8319	4402	4402000.000
8320	4339	4339000.000
8321	4323	4323000.000
8322	4421	4421000.000
8323	4443	4443000.000
8324	4422	4422000.000
8325	4485	4485000.000
8326	4468	4468000.000
8327	4469	4469000.000
8328	4424	4424000.000
8329	4424	4424000.000
8330	4401	4401000.000
8331	4324	4324000.000
8332	4371	4371000.000
8333	4350	4350000.000
8334	4367	4367000.000
8335	4405	4405000.000
8336	4470	4470000.000
8337	4452	4452000.000
8338	4496	4496000.000
8339	4439	4439000.000
8340	4442	4442000.000
8341	4322	4322000.000
8342	4330	4330000.000
8343	4353	4353000.000
8344	4394	4394000.000
8345	4433	4433000.000
8346	4456	4456000.000
8347	4483	4483000.000
8348	4377	4377000.000
8349	4558	4558000.000
8350	4484	4484000.000
8351	4459	4459000.000
8352	4522	4522000.000
8353	4485	4485000.000
8354	4334	4334000.000
8355	4263	4263000.000
8356	4391	4391000.000
8357	4417	4417000.000
8358	4327	4327000.000
8359	4407	4407000.000
8360	4350	4350000.000
8361	4418	4418000.000
8362	4433	4433000.000
8363	4436	4436000.000
8364	4350	4350000.000
8365	4310	4310000.000
8366	4310	4310000.000
8367	4383	4383000.000
8368	4486	4486000.000
8369	4380	4380000.000
8370	4391	4391000.000
8371	4488	4488000.000
8372	4492	4492000.000
8373	4421	4421000.000
8374	4440	4440000.000
8375	4409	4409000.000
8376	4266	4266000.000
8377	4446	4446000.000
8378	4332	4332000.000
8379	4350	4350000.000
8380	4471	4471000.000
8381	4423	4423000.000
8382	4412	4412000.000
8383	4470	4470000.000
8384	4472	4472000.000
8385	4350	4350000.000
8386	4352	4352000.000
8387	4440	4440000.000
8388	4291	4291000.000
8389	4270	4270000.000
8390	4365	4365000.000
8391	4412	4412000.000
8392	4461	4461000.000
8393	4441	4441000.000
8394	4441	4441000.000
8395	4430	4430000.000
8396	4476	4476000.000
8397	4458	4458000.000
8398	4410	4410000.000
8399	4414	4414000.000
8400	4291	4291000.000
8401	4443	4443000.000
8402	4286	4286000.000
8403	4390	4390000.000
8404	4394	4394000.000
8405	4344	4344000.000
8406	4517	4517000.000
8407	4448	4448000.000
8408	4529	4529000.000
8409	4369	4369000.000
8410	4406	4406000.000
8411	4340	4340000.000
8412	4330	4330000.000
8413	4447	4447000.000
8414	4338	4338000.000
8415	4479	4479000.000
8416	4435	4435000.000
8417	4416	4416000.000
8418	4528	4528000.000
8419	4545	4545000.000
8420	4449	4449000.000
8421	4336	4336000.000
8422	4442	4442000.000
8423	4345	4345000.000
8424	4380	4380000.000
8425	4270	4270000.000
8426	4333	4333000.000
8427	4389	4389000.000
8428	4391	4391000.000
8429	4468	4468000.000
8430	4481	4481000.000
8431	4486	4486000.000
8432	4413	4413000.000
8433	4359	4359000.000
8434	4350	4350000.000
8435	4337	4337000.000
8436	4406	4406000.000
8437	4424	4424000.000
8438	4392	4392000.000
8439	4500	4500000.000
8440	4386	4386000.000
8441	4466	4466000.000
8442	4506	4506000.000
8443	4411	4411000.000
8444	4413	4413000.000
8445	4347	4347000.000
8446	4308	4308000.000
8447	4399	4399000.000
8448	4325	4325000.000
8449	4305	4305000.000
8450	4396	4396000.000
8451	4513	4513000.000
8452	4444	4444000.000
8453	4455	4455000.000
8454	4438	4438000.000
8455	4370	4370000.000
8456	4353	4353000.000
8457	4281	4281000.000
8458	4286	4286000.000
8459	4341	4341000.000
8460	4473	4473000.000
8461	4469	4469000.000
8462	4477	4477000.000
8463	4551	4551000.000
8464	4474	4474000.000
8465	4323	4323000.000
8466	4464	4464000.000
8467	4405	4405000.000
8468	4475	4475000.000
8469	4515	4515000.000
8470	4411	4411000.000
8471	4324	4324000.000
8472	4365	4365000.000
8473	4415	4415000.000
8474	4429	4429000.000
8475	4429	4429000.000
8476	4456	4456000.000
8477	4478	4478000.000
8478	4363	4363000.000
8479	4340	4340000.000
8480	4303	4303000.000
8481	4310	4310000.000
8482	4348	4348000.000
8483	4506	4506000.000
8484	4446	4446000.000
8485	4510	4510000.000
8486	4481	4481000.000
8487	4513	4513000.000
8488	4449	4449000.000
8489	4445	4445000.000
8490	4553	4553000.000
8491	4509	4509000.000
8492	4461	4461000.000
8493	4341	4341000.000
8494	4370	4370000.000
8495	4348	4348000.000
8496	4402	4402000.000
8497	4411	4411000.000
8498	4521	4521000.000
8499	4424	4424000.000
8500	4465	4465000.000
8501	4372	4372000.000
8502	4342	4342000.000
8503	4294	4294000.000
8504	4400	4400000.000
8505	4420	4420000.000
8506	4413	4413000.000
8507	4471	4471000.000
8508	4472	4472000.000
8509	4470	4470000.000
8510	4526	4526000.000
8511	4508	4508000.000
8512	4599	4599000.000
8513	4406	4406000.000
8514	4392	4392000.000
8515	4417	4417000.000
8516	4299	4299000.000
8517	4371	4371000.000
8518	4351	4351000.000
8519	4298	4298000.000
8520	4344	4344000.000
8521	4392	4392000.000
8522	4449	4449000.000
8523	4368	4368000.000
8524	4375	4375000.000
8525	4322	4322000.000
8526	4350	4350000.000
8527	4342	4342000.000
8528	4349	4349000.000
8529	4424	4424000.000
8530	4474	4474000.000
8531	4600	4600000.000
8532	4401	4401000.000
8533	4535	4535000.000
8534	4539	4539000.000
8535	4537	4537000.000
8536	4452	4452000.000
8537	4490	4490000.000
8538	4343	4343000.000
8539	4450	4450000.000
8540	4373	4373000.000
8541	4255	4255000.000
8542	4406	4406000.000
8543	4371	4371000.000
8544	4504	4504000.000
8545	4416	4416000.000
8546	4434	4434000.000
8547	4274	4274000.000
8548	4379	4379000.000
8549	4328	4328000.000
8550	4338	4338000.000
8551	4395	4395000.000
8552	4407	4407000.000
8553	4513	4513000.000
8554	4484	4484000.000
8555	4489	4489000.000
8556	4404	4404000.000
8557	4477	4477000.000
8558	4542	4542000.000
8559	4469	4469000.000
8560	4545	4545000.000
8561	4378	4378000.000
8562	4341	4341000.000
8563	4391	4391000.000
8564	4340	4340000.000
8565	4243	4243000.000
8566	4381	4381000.000
8567	4388	4388000.000
8568	4465	4465000.000
8569	4342	4342000.000
8570	4313	4313000.000
8571	4286	4286000.000
8572	4308	4308000.000
8573	4241	4241000.000
8574	4395	4395000.000
8575	4377	4377000.000
8576	4496	4496000.000
8577	4483	4483000.000
8578	4448	4448000.000
8579	4441	4441000.000
8580	4436	4436000.000
8581	4496	4496000.000
8582	4581	4581000.000
8583	4491	4491000.000
8584	4532	4532000.000
8585	4429	4429000.000
8586	4329	4329000.000
8587	4306	4306000.000
8588	4318	4318000.000
8589	4436	4436000.000
8590	4288	4288000.000
8591	4457	4457000.000
8592	4344	4344000.000
8593	4256	4256000.000
8594	4328	4328000.000
8595	4413	4413000.000
8596	4299	4299000.000
8597	4414	4414000.000
8598	4431	4431000.000
8599	4527	4527000.000
8600	4471	4471000.000
8601	4499	4499000.000
8602	4551	4551000.000
8603	4446	4446000.000
8604	4526	4526000.000
8605	4492	4492000.000
8606	4406	4406000.000
8607	4521	4521000.000
8608	4383	4383000.000
8609	4405	4405000.000
8610	4351	4351000.000
8611	4317	4317000.000
8612	4346	4346000.000
8613	4342	4342000.000
8614	4359	4359000.000
8615	4299	4299000.000
8616	4347	4347000.000
8617	4342	4342000.000
8618	4369	4369000.000
8619	4312	4312000.000
8620	4443	4443000.000
8621	4399	4399000.000
8622	4390	4390000.000
8623	4407	4407000.000
8624	4444	4444000.000
8625	4532	4532000.000
8626	4444	4444000.000
8627	4463	4463000.000
8628	4432	4432000.000
8629	4470	4470000.000
8630	4549	4549000.000
8631	4446	4446000.000
8632	4392	4392000.000
8633	4356	4356000.000
8634	4392	4392000.000
8635	4424	4424000.000
8636	4312	4312000.000
8637	4392	4392000.000
8638	4424	4424000.000
8639	4430	4430000.000
8640	4300	4300000.000
8641	4318	4318000.000
8642	4348	4348000.000
8643	4307	4307000.000
8644	4398	4398000.000
8645	4353	4353000.000
8646	4402	4402000.000
8647	4507	4507000.000
8648	4432	4432000.000
8649	4471	4471000.000
8650	4372	4372000.000
8651	4456	4456000.000
8652	4467	4467000.000
8653	4458	4458000.000
8654	4408	4408000.000
8655	4414	4414000.000
8656	4423	4423000.000
8657	4254	4254000.000
8658	4289	4289000.000
8659	4370	4370000.000
8660	4334	4334000.000
8661	4469	4469000.000
8662	4412	4412000.000
8663	4358	4358000.000
8664	4330	4330000.000
8665	4271	4271000.000
8666	4441	4441000.000
8667	4448	4448000.000
8668	4499	4499000.000
8669	4421	4421000.000
8670	4492	4492000.000
8671	4519	4519000.000
8672	4448	4448000.000
8673	4607	4607000.000
8674	4437	4437000.000
8675	4506	4506000.000
8676	4562	4562000.000
8677	4533	4533000.000
8678	4326	4326000.000
8679	4343	4343000.000
8680	4390	4390000.000
8681	4416	4416000.000
8682	4349	4349000.000
8683	4424	4424000.000
8684	4406	4406000.000
8685	4398	4398000.000
8686	4375	4375000.000
8687	4386	4386000.000
8688	4363	4363000.000
8689	4385	4385000.000
8690	4462	4462000.000
8691	4499	4499000.000
8692	4583	4583000.000
8693	4422	4422000.000
8694	4531	4531000.000
8695	4492	4492000.000
8696	4463	4463000.000
8697	4531	4531000.000
8698	4600	4600000.000
8699	4401	4401000.000
8700	4436	4436000.000
8701	4346	4346000.000
8702	4324	4324000.000
8703	4276	4276000.000
8704	4340	4340000.000
8705	4335	4335000.000
8706	4372	4372000.000
8707	4319	4319000.000
8708	4422	4422000.000
8709	4407	4407000.000
8710	4334	4334000.000
8711	4299	4299000.000
8712	4361	4361000.000
8713	4419	4419000.000
8714	4401	4401000.000
8715	4503	4503000.000
8716	4488	4488000.000
8717	4447	4447000.000
8718	4472	4472000.000
8719	4479	4479000.000
8720	4510	4510000.000
8721	4457	4457000.000
8722	4487	4487000.000
8723	4452	4452000.000
8724	4499	4499000.000
8725	4408	4408000.000
8726	4451	4451000.000
8727	4420	4420000.000
8728	4419	4419000.000
8729	4427	4427000.000
8730	4407	4407000.000
8731	4421	4421000.000
8732	4498	4498000.000
8733	4405	4405000.000
8734	4399	4399000.000
8735	4393	4393000.000
8736	4326	4326000.000
8737	4361	4361000.000
8738	4453	4453000.000
8739	4458	4458000.000
8740	4504	4504000.000
8741	4548	4548000.000
8742	4458	4458000.000
8743	4501	4501000.000
8744	4604	4604000.000
8745	4460	4460000.000
8746	4421	4421000.000
8747	4467	4467000.000
8748	4405	4405000.000
8749	4253	4253000.000
8750	4405	4405000.000
8751	4339	4339000.000
8752	4418	4418000.000
8753	4427	4427000.000
8754	4358	4358000.000
8755	4445	4445000.000
8756	4362	4362000.000
8757	4362	4362000.000
8758	4375	4375000.000
8759	4439	4439000.000
8760	4486	4486000.000
8761	4436	4436000.000
8762	4523	4523000.000
8763	4523	4523000.000
8764	4385	4385000.000
8765	4395	4395000.000
8766	4414	4414000.000
8767	4483	4483000.000
8768	4462	4462000.000
8769	4474	4474000.000
8770	4478	4478000.000
8771	4471	4471000.000
8772	4357	4357000.000
8773	4434	4434000.000
8774	4378	4378000.000
8775	4353	4353000.000
8776	4443	4443000.000
8777	4463	4463000.000
8778	4398	4398000.000
8779	4389	4389000.000
8780	4365	4365000.000
8781	4412	4412000.000
8782	4432	4432000.000
8783	4349	4349000.000
8784	4525	4525000.000
8785	4460	4460000.000
8786	4487	4487000.000
8787	4488	4488000.000
8788	4480	4480000.000
8789	4405	4405000.000
8790	4451	4451000.000
8791	4598	4598000.000
8792	4544	4544000.000
8793	4504	4504000.000
8794	4414	4414000.000
8795	4257	4257000.000
8796	4352	4352000.000
8797	4362	4362000.000
8798	4474	4474000.000
8799	4405	4405000.000
8800	4428	4428000.000
8801	4407	4407000.000
8802	4364	4364000.000
8803	4515	4515000.000
8804	4347	4347000.000
8805	4336	4336000.000
8806	4517	4517000.000
8807	4480	4480000.000
8808	4528	4528000.000
8809	4529	4529000.000
8810	4474	4474000.000
8811	4384	4384000.000
8812	4436	4436000.000
8813	4482	4482000.000
8814	4507	4507000.000
8815	4524	4524000.000
8816	4551	4551000.000
8817	4486	4486000.000
8818	4456	4456000.000
8819	4353	4353000.000
8820	4333	4333000.000
8821	4418	4418000.000
8822	4466	4466000.000
8823	4372	4372000.000
8824	4414	4414000.000
8825	4515	4515000.000
8826	4428	4428000.000
8827	4417	4417000.000
8828	4336	4336000.000
8829	4392	4392000.000
8830	4548	4548000.000
8831	4540	4540000.000
8832	4540	4540000.000
8833	4479	4479000.000
8834	4472	4472000.000
8835	4442	4442000.000
8836	4541	4541000.000
8837	4547	4547000.000
8838	4482	4482000.000
8839	4495	4495000.000
8840	4455	4455000.000
8841	4310	4310000.000
8842	4370	4370000.000
8843	4336	4336000.000
8844	4301	4301000.000
8845	4404	4404000.000
8846	4314	4314000.000
8847	4393	4393000.000
8848	4367	4367000.000
8849	4331	4331000.000
8850	4335	4335000.000
8851	4435	4435000.000
8852	4576	4576000.000
8853	4496	4496000.000
8854	4458	4458000.000
8855	4540	4540000.000
8856	4481	4481000.000
8857	4459	4459000.000
8858	4406	4406000.000
8859	4551	4551000.000
8860	4500	4500000.000
8861	4451	4451000.000
8862	4419	4419000.000
8863	4448	4448000.000
8864	4339	4339000.000
8865	4325	4325000.000
8866	4423	4423000.000
8867	4380	4380000.000
8868	4328	4328000.000
8869	4464	4464000.000
8870	4251	4251000.000
8871	4361	4361000.000
8872	4255	4255000.000
8873	4367	4367000.000
8874	4427	4427000.000
8875	4504	4504000.000
8876	4477	4477000.000
8877	4475	4475000.000
8878	4533	4533000.000
8879	4485	4485000.000
8880	4451	4451000.000
8881	4443	4443000.000
8882	4356	4356000.000
8883	4389	4389000.000
8884	4478	4478000.000
8885	4487	4487000.000
8886	4458	4458000.000
8887	4489	4489000.000
8888	4335	4335000.000
8889	4308	4308000.000
8890	4307	4307000.000
8891	4360	4360000.000
8892	4315	4315000.000
8893	4359	4359000.000
8894	4336	4336000.000
8895	4369	4369000.000
8896	4424	4424000.000
8897	4431	4431000.000
8898	4418	4418000.000
8899	4456	4456000.000
8900	4417	4417000.000
8901	4449	4449000.000
8902	4468	4468000.000
8903	4507	4507000.000
8904	4423	4423000.000
8905	4427	4427000.000
8906	4378	4378000.000
8907	4472	4472000.000
8908	4477	4477000.000
8909	4410	4410000.000
8910	4391	4391000.000
8911	4365	4365000.000
8912	4417	4417000.000
8913	4353	4353000.000
8914	4335	4335000.000
8915	4369	4369000.000
8916	4371	4371000.000
8917	4371	4371000.000
8918	4371	4371000.000
8919	4335	4335000.000
8920	4423	4423000.000
8921	4315	4315000.000
8922	4400	4400000.000
8923	4424	4424000.000
8924	4493	4493000.000
8925	4518	4518000.000
8926	4489	4489000.000
8927	4366	4366000.000
8928	4464	4464000.000
8929	4441	4441000.000
8930	4431	4431000.000
8931	4341	4341000.000
8932	4448	4448000.000
8933	4392	4392000.000
8934	4350	4350000.000
8935	4240	4240000.000
8936	4318	4318000.000
8937	4264	4264000.000
8938	4324	4324000.000
8939	4362	4362000.000
8940	4265	4265000.000
8941	4379	4379000.000
8942	4373	4373000.000
8943	4337	4337000.000
8944	4353	4353000.000
8945	4412	4412000.000
8946	4454	4454000.000
8947	4437	4437000.000
8948	4496	4496000.000
8949	4438	4438000.000
8950	4533	4533000.000
8951	4526	4526000.000
8952	4479	4479000.000
8953	4463	4463000.000
8954	4507	4507000.000
8955	4486	4486000.000
8956	4469	4469000.000
8957	4390	4390000.000
8958	4338	4338000.000
8959	4321	4321000.000
8960	4347	4347000.000
8961	4343	4343000.000
8962	4347	4347000.000
8963	4337	4337000.000
8964	4315	4315000.000
8965	4341	4341000.000
8966	4273	4273000.000
8967	4405	4405000.000
8968	4343	4343000.000
8969	4455	4455000.000
8970	4417	4417000.000
8971	4436	4436000.000
8972	4384	4384000.000
8973	4443	4443000.000
8974	4272	4272000.000
8975	4331	4331000.000
8976	4470	4470000.000
8977	4376	4376000.000
8978	4541	4541000.000
8979	4446	4446000.000
8980	4425	4425000.000
8981	4277	4277000.000
8982	4321	4321000.000
8983	4209	4209000.000
8984	4353	4353000.000
8985	4305	4305000.000
8986	4416	4416000.000
8987	4272	4272000.000
8988	4303	4303000.000
8989	4273	4273000.000
8990	4337	4337000.000
8991	4384	4384000.000
8992	4404	4404000.000
8993	4430	4430000.000
8994	4497	4497000.000
8995	4450	4450000.000
8996	4374	4374000.000
8997	4346	4346000.000
8998	4411	4411000.000
8999	4493	4493000.000
9000	4558	4558000.000
9001	4506	4506000.000
9002	4402	4402000.000
9003	4298	4298000.000
9004	4300	4300000.000
9005	4279	4279000.000
9006	4357	4357000.000
9007	4354	4354000.000
9008	4310	4310000.000
9009	4369	4369000.000
9010	4445	4445000.000
9011	4363	4363000.000
9012	4317	4317000.000
9013	4375	4375000.000
9014	4297	4297000.000
9015	4474	4474000.000
9016	4439	4439000.000
9017	4468	4468000.000
9018	4376	4376000.000
9019	4334	4334000.000
9020	4475	4475000.000
9021	4447	4447000.000
9022	4435	4435000.000
9023	4482	4482000.000
9024	4391	4391000.000
9025	4403	4403000.000
9026	4325	4325000.000
9027	4365	4365000.000
9028	4315	4315000.000
9029	4327	4327000.000
9030	4326	4326000.000
9031	4436	4436000.000
9032	4317	4317000.000
9033	4412	4412000.000
9034	4363	4363000.000
9035	4317	4317000.000
9036	4404	4404000.000
9037	4461	4461000.000
9038	4384	4384000.000
9039	4505	4505000.000
9040	4503	4503000.000
9041	4464	4464000.000
9042	4418	4418000.000
9043	4484	4484000.000
9044	4433	4433000.000
9045	4445	4445000.000
9046	4384	4384000.000
9047	4519	4519000.000
9048	4501	4501000.000
9049	4422	4422000.000
9050	4362	4362000.000
9051	4301	4301000.000
9052	4255	4255000.000
9053	4405	4405000.000
9054	4367	4367000.000
9055	4420	4420000.000
9056	4370	4370000.000
9057	4408	4408000.000
9058	4297	4297000.000
9059	4247	4247000.000
9060	4361	4361000.000
9061	4420	4420000.000
9062	4384	4384000.000
9063	4455	4455000.000
9064	4394	4394000.000
9065	4395	4395000.000
9066	4409	4409000.000
9067	4525	4525000.000
9068	4398	4398000.000
9069	4511	4511000.000
9070	4445	4445000.000
9071	4438	4438000.000
9072	4419	4419000.000
9073	4288	4288000.000
9074	4379	4379000.000
9075	4281	4281000.000
9076	4381	4381000.000
9077	4339	4339000.000
9078	4411	4411000.000
9079	4344	4344000.000
9080	4324	4324000.000
9081	4406	4406000.000
9082	4311	4311000.000
9083	4317	4317000.000
9084	4396	4396000.000
9085	4471	4471000.000
9086	4484	4484000.000
9087	4392	4392000.000
9088	4463	4463000.000
9089	4366	4366000.000
9090	4481	4481000.000
9091	4489	4489000.000
9092	4424	4424000.000
9093	4459	4459000.000
9094	4454	4454000.000
9095	4370	4370000.000
9096	4365	4365000.000
9097	4292	4292000.000
9098	4343	4343000.000
9099	4324	4324000.000
9100	4357	4357000.000
9101	4370	4370000.000
9102	4348	4348000.000
9103	4377	4377000.000
9104	4274	4274000.000
9105	4354	4354000.000
9106	4274	4274000.000
9107	4438	4438000.000
9108	4395	4395000.000
9109	4431	4431000.000
9110	4421	4421000.000
9111	4454	4454000.000
9112	4429	4429000.000
9113	4444	4444000.000
9114	4446	4446000.000
9115	4430	4430000.000
9116	4407	4407000.000
9117	4483	4483000.000
9118	4326	4326000.000
9119	4307	4307000.000
9120	4319	4319000.000
9121	4290	4290000.000
9122	4364	4364000.000
9123	4334	4334000.000
9124	4475	4475000.000
9125	4243	4243000.000
9126	4275	4275000.000
9127	4275	4275000.000
9128	4366	4366000.000
9129	4253	4253000.000
9130	4416	4416000.000
9131	4391	4391000.000
9132	4392	4392000.000
9133	4442	4442000.000
9134	4346	4346000.000
9135	4471	4471000.000
9136	4398	4398000.000
9137	4350	4350000.000
9138	4344	4344000.000
9139	4454	4454000.000
9140	4473	4473000.000
9141	4436	4436000.000
9142	4422	4422000.000
9143	4210	4210000.000
9144	4359	4359000.000
9145	4333	4333000.000
9146	4276	4276000.000
9147	4406	4406000.000
9148	4286	4286000.000
9149	4314	4314000.000
9150	4313	4313000.000
9151	4362	4362000.000
9152	4296	4296000.000
9153	4334	4334000.000
9154	4437	4437000.000
9155	4430	4430000.000
9156	4388	4388000.000
9157	4400	4400000.000
9158	4439	4439000.000
9159	4505	4505000.000
9160	4410	4410000.000
9161	4452	4452000.000
9162	4503	4503000.000
9163	4421	4421000.000
9164	4351	4351000.000
9165	4432	4432000.000
9166	4262	4262000.000
9167	4470	4470000.000
9168	4342	4342000.000
9169	4308	4308000.000
9170	4411	4411000.000
9171	4361	4361000.000
9172	4309	4309000.000
9173	4276	4276000.000
9174	4298	4298000.000
9175	4321	4321000.000
9176	4365	4365000.000
9177	4424	4424000.000
9178	4387	4387000.000
9179	4433	4433000.000
9180	4391	4391000.000
9181	4380	4380000.000
9182	4435	4435000.000
9183	4454	4454000.000
9184	4345	4345000.000
9185	4485	4485000.000
9186	4511	4511000.000
9187	4504	4504000.000
9188	4323	4323000.000
9189	4224	4224000.000
9190	4271	4271000.000
9191	4324	4324000.000
9192	4288	4288000.000
9193	4365	4365000.000
9194	4352	4352000.000
9195	4425	4425000.000
9196	4270	4270000.000
9197	4286	4286000.000
9198	4292	4292000.000
9199	4403	4403000.000
9200	4415	4415000.000
9201	4514	4514000.000
9202	4477	4477000.000
9203	4483	4483000.000
9204	4387	4387000.000
9205	4251	4251000.000
9206	4402	4402000.000
9207	4427	4427000.000
9208	4450	4450000.000
9209	4424	4424000.000
9210	4405	4405000.000
9211	4404	4404000.000
9212	4269	4269000.000
9213	4340	4340000.000
9214	4374	4374000.000
9215	4324	4324000.000
9216	4386	4386000.000
9217	4349	4349000.000
9218	4347	4347000.000
9219	4292	4292000.000
9220	4295	4295000.000
9221	4354	4354000.000
9222	4263	4263000.000
9223	4343	4343000.000
9224	4438	4438000.000
9225	4483	4483000.000
9226	4516	4516000.000
9227	4470	4470000.000
9228	4397	4397000.000
9229	4471	4471000.000
9230	4429	4429000.000
9231	4416	4416000.000
9232	4509	4509000.000
9233	4497	4497000.000
9234	4415	4415000.000
9235	4279	4279000.000
9236	4336	4336000.000
9237	4309	4309000.000
9238	4339	4339000.000
9239	4408	4408000.000
9240	4363	4363000.000
9241	4313	4313000.000
9242	4278	4278000.000
9243	4311	4311000.000
9244	4247	4247000.000
9245	4252	4252000.000
9246	4411	4411000.000
9247	4403	4403000.000
9248	4435	4435000.000
9249	4433	4433000.000
9250	4406	4406000.000
9251	4437	4437000.000
9252	4369	4369000.000
9253	4400	4400000.000
9254	4426	4426000.000
9255	4440	4440000.000
9256	4441	4441000.000
9257	4296	4296000.000
9258	4306	4306000.000
9259	4398	4398000.000
9260	4376	4376000.000
9261	4340	4340000.000
9262	4333	4333000.000
9263	4345	4345000.000
9264	4304	4304000.000
9265	4281	4281000.000
9266	4335	4335000.000
9267	4251	4251000.000
9268	4327	4327000.000
9269	4460	4460000.000
9270	4397	4397000.000
9271	4427	4427000.000
9272	4402	4402000.000
9273	4397	4397000.000
9274	4360	4360000.000
9275	4376	4376000.000
9276	4386	4386000.000
9277	4494	4494000.000
9278	4426	4426000.000
9279	4438	4438000.000
9280	4392	4392000.000
9281	4204	4204000.000
9282	4289	4289000.000
9283	4374	4374000.000
9284	4275	4275000.000
9285	4411	4411000.000
9286	4258	4258000.000
9287	4381	4381000.000
9288	4424	4424000.000
9289	4352	4352000.000
9290	4341	4341000.000
9291	4355	4355000.000
9292	4328	4328000.000
9293	4423	4423000.000
9294	4447	4447000.000
9295	4396	4396000.000
9296	4458	4458000.000
9297	4354	4354000.000
9298	4470	4470000.000
9299	4486	4486000.000
9300	4466	4466000.000
9301	4483	4483000.000
9302	4354	4354000.000
9303	4418	4418000.000
9304	4299	4299000.000
9305	4358	4358000.000
9306	4401	4401000.000
9307	4305	4305000.000
9308	4405	4405000.000
9309	4436	4436000.000
9310	4398	4398000.000
9311	4461	4461000.000
9312	4341	4341000.000
9313	4340	4340000.000
9314	4253	4253000.000
9315	4363	4363000.000
9316	4283	4283000.000
9317	4486	4486000.000
9318	4449	4449000.000
9319	4554	4554000.000
9320	4427	4427000.000
9321	4426	4426000.000
9322	4413	4413000.000
9323	4451	4451000.000
9324	4553	4553000.000
9325	4506	4506000.000
9326	4426	4426000.000
9327	4311	4311000.000
9328	4249	4249000.000
9329	4330	4330000.000
9330	4381	4381000.000
9331	4317	4317000.000
9332	4420	4420000.000
9333	4385	4385000.000
9334	4335	4335000.000
9335	4370	4370000.000
9336	4270	4270000.000
9337	4320	4320000.000
9338	4287	4287000.000
9339	4493	4493000.000
9340	4424	4424000.000
9341	4481	4481000.000
9342	4440	4440000.000
9343	4486	4486000.000
9344	4500	4500000.000
9345	4489	4489000.000
9346	4375	4375000.000
9347	4494	4494000.000
9348	4397	4397000.000
9349	4378	4378000.000
9350	4415	4415000.000
9351	4227	4227000.000
9352	4360	4360000.000
9353	4360	4360000.000
9354	4313	4313000.000
9355	4417	4417000.000
9356	4355	4355000.000
9357	4338	4338000.000
9358	4201	4201000.000
9359	4396	4396000.000
9360	4269	4269000.000
9361	4275	4275000.000
9362	4320	4320000.000
9363	4506	4506000.000
9364	4450	4450000.000
9365	4466	4466000.000
9366	4479	4479000.000
9367	4360	4360000.000
9368	4384	4384000.000
9369	4472	4472000.000
9370	4433	4433000.000
9371	4419	4419000.000
9372	4373	4373000.000
9373	4313	4313000.000
9374	4297	4297000.000
9375	4229	4229000.000
9376	4315	4315000.000
9377	4479	4479000.000
9378	4389	4389000.000
9379	4383	4383000.000
9380	4362	4362000.000
9381	4410	4410000.000
9382	4228	4228000.000
9383	4351	4351000.000
9384	4343	4343000.000
9385	4316	4316000.000
9386	4406	4406000.000
9387	4527	4527000.000
9388	4464	4464000.000
9389	4420	4420000.000
9390	4518	4518000.000
9391	4478	4478000.000
9392	4506	4506000.000
9393	4450	4450000.000
9394	4426	4426000.000
9395	4347	4347000.000
9396	4370	4370000.000
9397	4208	4208000.000
9398	4366	4366000.000
9399	4321	4321000.000
9400	4407	4407000.000
9401	4396	4396000.000
9402	4302	4302000.000
9403	4409	4409000.000
9404	4416	4416000.000
9405	4305	4305000.000
9406	4322	4322000.000
9407	4395	4395000.000
9408	4357	4357000.000
9409	4421	4421000.000
9410	4405	4405000.000
9411	4429	4429000.000
9412	4377	4377000.000
9413	4374	4374000.000
9414	4450	4450000.000
9415	4482	4482000.000
9416	4460	4460000.000
9417	4399	4399000.000
9418	4373	4373000.000
9419	4408	4408000.000
9420	4261	4261000.000
9421	4380	4380000.000
9422	4388	4388000.000
9423	4324	4324000.000
9424	4395	4395000.000
9425	4403	4403000.000
9426	4427	4427000.000
9427	4314	4314000.000
9428	4401	4401000.000
9429	4310	4310000.000
9430	4366	4366000.000
9431	4310	4310000.000
9432	4345	4345000.000
9433	4436	4436000.000
9434	4442	4442000.000
9435	4452	4452000.000
9436	4419	4419000.000
9437	4374	4374000.000
9438	4442	4442000.000
9439	4525	4525000.000
9440	4392	4392000.000
9441	4344	4344000.000
9442	4398	4398000.000
9443	4367	4367000.000
9444	4334	4334000.000
9445	4359	4359000.000
9446	4302	4302000.000
9447	4459	4459000.000
9448	4424	4424000.000
9449	4433	4433000.000
9450	4431	4431000.000
9451	4384	4384000.000
9452	4398	4398000.000
9453	4296	4296000.000
9454	4434	4434000.000
9455	4369	4369000.000
9456	4539	4539000.000
9457	4437	4437000.000
9458	4440	4440000.000
9459	4505	4505000.000
9460	4410	4410000.000
9461	4374	4374000.000
9462	4498	4498000.000
9463	4514	4514000.000
9464	4404	4404000.000
9465	4424	4424000.000
9466	4304	4304000.000
9467	4288	4288000.000
9468	4379	4379000.000
9469	4440	4440000.000
9470	4491	4491000.000
9471	4445	4445000.000
9472	4321	4321000.000
9473	4402	4402000.000
9474	4358	4358000.000
9475	4412	4412000.000
9476	4385	4385000.000
9477	4407	4407000.000
9478	4311	4311000.000
9479	4473	4473000.000
9480	4436	4436000.000
9481	4470	4470000.000
9482	4451	4451000.000
9483	4463	4463000.000
9484	4437	4437000.000
9485	4405	4405000.000
9486	4447	4447000.000
9487	4456	4456000.000
9488	4405	4405000.000
9489	4233	4233000.000
9490	4343	4343000.000
9491	4271	4271000.000
9492	4350	4350000.000
9493	4372	4372000.000
9494	4289	4289000.000
9495	4374	4374000.000
9496	4365	4365000.000
9497	4294	4294000.000
9498	4412	4412000.000
9499	4239	4239000.000
9500	4337	4337000.000
9501	4380	4380000.000
9502	4395	4395000.000
9503	4341	4341000.000
9504	4455	4455000.000
9505	4456	4456000.000
9506	4439	4439000.000
9507	4430	4430000.000
9508	4593	4593000.000
9509	4414	4414000.000
9510	4414	4414000.000
9511	4350	4350000.000
9512	4294	4294000.000
9513	4397	4397000.000
9514	4324	4324000.000
9515	4332	4332000.000
9516	4338	4338000.000
9517	4381	4381000.000
9518	4372	4372000.000
9519	4290	4290000.000
9520	4387	4387000.000
9521	4357	4357000.000
9522	4382	4382000.000
9523	4288	4288000.000
9524	4417	4417000.000
9525	4404	4404000.000
9526	4494	4494000.000
9527	4411	4411000.000
9528	4505	4505000.000
9529	4511	4511000.000
9530	4419	4419000.000
9531	4443	4443000.000
9532	4336	4336000.000
9533	4489	4489000.000
9534	4270	4270000.000
9535	4331	4331000.000
9536	4333	4333000.000
9537	4333	4333000.000
9538	4303	4303000.000
9539	4358	4358000.000
9540	4489	4489000.000
9541	4328	4328000.000
9542	4378	4378000.000
9543	4337	4337000.000
9544	4343	4343000.000
9545	4309	4309000.000
9546	4249	4249000.000
9547	4347	4347000.000
9548	4439	4439000.000
9549	4474	4474000.000
9550	4542	4542000.000
9551	4465	4465000.000
9552	4567	4567000.000
9553	4469	4469000.000
9554	4421	4421000.000
9555	4507	4507000.000
9556	4363	4363000.000
9557	4347	4347000.000
9558	4341	4341000.000
9559	4390	4390000.000
9560	4354	4354000.000
9561	4313	4313000.000
9562	4369	4369000.000
9563	4359	4359000.000
9564	4337	4337000.000
9565	4393	4393000.000
9566	4369	4369000.000
9567	4361	4361000.000
9568	4310	4310000.000
9569	4218	4218000.000
9570	4283	4283000.000
9571	4469	4469000.000
9572	4465	4465000.000
9573	4579	4579000.000
9574	4495	4495000.000
9575	4516	4516000.000
9576	4482	4482000.000
9577	4465	4465000.000
9578	4338	4338000.000
9579	4440	4440000.000
9580	4353	4353000.000
9581	4364	4364000.000
9582	4325	4325000.000
9583	4387	4387000.000
9584	4455	4455000.000
9585	4362	4362000.000
9586	4367	4367000.000
9587	4324	4324000.000
9588	4404	4404000.000
9589	4396	4396000.000
9590	4345	4345000.000
9591	4396	4396000.000
9592	4294	4294000.000
9593	4373	4373000.000
9594	4362	4362000.000
9595	4458	4458000.000
9596	4364	4364000.000
9597	4402	4402000.000
9598	4450	4450000.000
9599	4554	4554000.000
9600	4438	4438000.000
9601	4411	4411000.000
9602	4373	4373000.000
9603	4440	4440000.000
9604	4415	4415000.000
9605	4321	4321000.000
9606	4287	4287000.000
9607	4311	4311000.000
9608	4392	4392000.000
9609	4465	4465000.000
9610	4466	4466000.000
9611	4452	4452000.000
9612	4331	4331000.000
9613	4353	4353000.000
9614	4262	4262000.000
9615	4345	4345000.000
9616	4264	4264000.000
9617	4384	4384000.000
9618	4435	4435000.000
9619	4441	4441000.000
9620	4404	4404000.000
9621	4435	4435000.000
9622	4477	4477000.000
9623	4501	4501000.000
9624	4491	4491000.000
9625	4393	4393000.000
9626	4445	4445000.000
9627	4350	4350000.000
9628	4255	4255000.000
9629	4417	4417000.000
9630	4316	4316000.000
9631	4454	4454000.000
9632	4434	4434000.000
9633	4417	4417000.000
9634	4436	4436000.000
9635	4413	4413000.000
9636	4265	4265000.000
9637	4360	4360000.000
9638	4338	4338000.000
9639	4305	4305000.000
9640	4355	4355000.000
9641	4374	4374000.000
9642	4494	4494000.000
9643	4451	4451000.000
9644	4456	4456000.000
9645	4460	4460000.000
9646	4476	4476000.000
9647	4481	4481000.000
9648	4514	4514000.000
9649	4420	4420000.000
9650	4332	4332000.000
9651	4403	4403000.000
9652	4336	4336000.000
9653	4378	4378000.000
9654	4375	4375000.000
9655	4299	4299000.000
9656	4392	4392000.000
9657	4383	4383000.000
9658	4370	4370000.000
9659	4345	4345000.000
9660	4390	4390000.000
9661	4392	4392000.000
9662	4313	4313000.000
9663	4343	4343000.000
9664	4422	4422000.000
9665	4317	4317000.000
9666	4483	4483000.000
9667	4433	4433000.000
9668	4446	4446000.000
9669	4443	4443000.000
9670	4423	4423000.000
9671	4344	4344000.000
9672	4485	4485000.000
9673	4371	4371000.000
9674	4337	4337000.000
9675	4312	4312000.000
9676	4367	4367000.000
9677	4384	4384000.000
9678	4385	4385000.000
9679	4543	4543000.000
9680	4472	4472000.000
9681	4438	4438000.000
9682	4479	4479000.000
9683	4355	4355000.000
9684	4384	4384000.000
9685	4284	4284000.000
9686	4440	4440000.000
9687	4385	4385000.000
9688	4426	4426000.000
9689	4471	4471000.000
9690	4541	4541000.000
9691	4450	4450000.000
9692	4434	4434000.000
9693	4539	4539000.000
9694	4471	4471000.000
9695	4511	4511000.000
9696	4329	4329000.000
9697	4231	4231000.000
9698	4286	4286000.000
9699	4305	4305000.000
9700	4442	4442000.000
9701	4293	4293000.000
9702	4321	4321000.000
9703	4289	4289000.000
9704	4394	4394000.000
9705	4329	4329000.000
9706	4354	4354000.000
9707	4245	4245000.000
9708	4256	4256000.000
9709	4329	4329000.000
9710	4383	4383000.000
9711	4446	4446000.000
9712	4526	4526000.000
9713	4498	4498000.000
9714	4394	4394000.000
9715	4485	4485000.000
9716	4456	4456000.000
9717	4534	4534000.000
9718	4472	4472000.000
9719	4335	4335000.000
9720	4398	4398000.000
9721	4359	4359000.000
9722	4354	4354000.000
9723	4407	4407000.000
9724	4306	4306000.000
9725	4401	4401000.000
9726	4366	4366000.000
9727	4308	4308000.000
9728	4380	4380000.000
9729	4290	4290000.000
9730	4408	4408000.000
9731	4383	4383000.000
9732	4387	4387000.000
9733	4389	4389000.000
9734	4436	4436000.000
9735	4501	4501000.000
9736	4475	4475000.000
9737	4401	4401000.000
9738	4528	4528000.000
9739	4465	4465000.000
9740	4445	4445000.000
9741	4495	4495000.000
9742	4393	4393000.000
9743	4463	4463000.000
9744	4329	4329000.000
9745	4325	4325000.000
9746	4338	4338000.000
9747	4480	4480000.000
9748	4435	4435000.000
9749	4385	4385000.000
9750	4482	4482000.000
9751	4436	4436000.000
9752	4293	4293000.000
9753	4329	4329000.000
9754	4326	4326000.000
9755	4390	4390000.000
9756	4312	4312000.000
9757	4460	4460000.000
9758	4570	4570000.000
9759	4519	4519000.000
9760	4497	4497000.000
9761	4464	4464000.000
9762	4476	4476000.000
9763	4526	4526000.000
9764	4533	4533000.000
9765	4406	4406000.000
9766	4334	4334000.000
9767	4454	4454000.000
9768	4249	4249000.000
9769	4380	4380000.000
9770	4290	4290000.000
9771	4422	4422000.000
9772	4442	4442000.000
9773	4416	4416000.000
9774	4333	4333000.000
9775	4294	4294000.000
9776	4313	4313000.000
9777	4367	4367000.000
9778	4389	4389000.000
9779	4398	4398000.000
9780	4457	4457000.000
9781	4412	4412000.000
9782	4458	4458000.000
9783	4533	4533000.000
9784	4518	4518000.000
9785	4367	4367000.000
9786	4475	4475000.000
9787	4440	4440000.000
9788	4457	4457000.000
9789	4425	4425000.000
9790	4278	4278000.000
9791	4434	4434000.000
9792	4451	4451000.000
9793	4431	4431000.000
9794	4412	4412000.000
9795	4442	4442000.000
9796	4440	4440000.000
9797	4477	4477000.000
9798	4351	4351000.000
9799	4329	4329000.000
9800	4349	4349000.000
9801	4264	4264000.000
9802	4454	4454000.000
9803	4452	4452000.000
9804	4525	4525000.000
9805	4391	4391000.000
9806	4435	4435000.000
9807	4581	4581000.000
9808	4505	4505000.000
9809	4416	4416000.000
9810	4376	4376000.000
9811	4513	4513000.000
9812	4415	4415000.000
9813	4264	4264000.000
9814	4246	4246000.000
9815	4314	4314000.000
9816	4357	4357000.000
9817	4335	4335000.000
9818	4378	4378000.000
9819	4403	4403000.000
9820	4456	4456000.000
9821	4412	4412000.000
9822	4400	4400000.000
9823	4384	4384000.000
9824	4307	4307000.000
9825	4497	4497000.000
9826	4438	4438000.000
9827	4430	4430000.000
9828	4543	4543000.000
9829	4390	4390000.000
9830	4419	4419000.000
9831	4453	4453000.000
9832	4424	4424000.000
9833	4462	4462000.000
9834	4483	4483000.000
9835	4419	4419000.000
9836	4400	4400000.000
9837	4303	4303000.000
9838	4315	4315000.000
9839	4400	4400000.000
9840	4308	4308000.000
9841	4443	4443000.000
9842	4416	4416000.000
9843	4462	4462000.000
9844	4480	4480000.000
9845	4401	4401000.000
9846	4289	4289000.000
9847	4270	4270000.000
9848	4467	4467000.000
9849	4395	4395000.000
9850	4538	4538000.000
9851	4431	4431000.000
9852	4456	4456000.000
9853	4426	4426000.000
9854	4480	4480000.000
9855	4508	4508000.000
9856	4376	4376000.000
9857	4416	4416000.000
9858	4372	4372000.000
9859	4377	4377000.000
9860	4340	4340000.000
9861	4351	4351000.000
9862	4308	4308000.000
9863	4373	4373000.000
9864	4516	4516000.000
9865	4487	4487000.000
9866	4391	4391000.000
9867	4326	4326000.000
9868	4279	4279000.000
9869	4459	4459000.000
9870	4394	4394000.000
9871	4363	4363000.000
9872	4443	4443000.000
9873	4437	4437000.000
9874	4447	4447000.000
9875	4502	4502000.000
9876	4471	4471000.000
9877	4386	4386000.000
9878	4514	4514000.000
9879	4444	4444000.000
9880	4362	4362000.000
9881	4400	4400000.000
9882	4355	4355000.000
9883	4320	4320000.000
9884	4280	4280000.000
9885	4476	4476000.000
9886	4322	4322000.000
9887	4395	4395000.000
9888	4409	4409000.000
9889	4525	4525000.000
9890	4325	4325000.000
9891	4357	4357000.000
9892	4296	4296000.000
9893	4312	4312000.000
9894	4429	4429000.000
9895	4421	4421000.000
9896	4432	4432000.000
9897	4507	4507000.000
9898	4362	4362000.000
9899	4408	4408000.000
9900	4422	4422000.000
9901	4536	4536000.000
9902	4479	4479000.000
9903	4521	4521000.000
9904	4369	4369000.000
9905	4339	4339000.000
9906	4234	4234000.000
9907	4323	4323000.000
9908	4422	4422000.000
9909	4398	4398000.000
9910	4376	4376000.000
9911	4401	4401000.000
9912	4408	4408000.000
9913	4431	4431000.000
9914	4407	4407000.000
9915	4386	4386000.000
9916	4315	4315000.000
9917	4247	4247000.000
9918	4322	4322000.000
9919	4488	4488000.000
9920	4431	4431000.000
9921	4584	4584000.000
9922	4387	4387000.000
9923	4422	4422000.000
9924	4457	4457000.000
9925	4422	4422000.000
9926	4486	4486000.000
9927	4412	4412000.000
9928	4402	4402000.000
9929	4305	4305000.000
9930	4338	4338000.000
9931	4311	4311000.000
9932	4466	4466000.000
9933	4434	4434000.000
9934	4423	4423000.000
9935	4441	4441000.000
9936	4468	4468000.000
9937	4366	4366000.000
9938	4365	4365000.000
9939	4364	4364000.000
9940	4329	4329000.000
9941	4416	4416000.000
9942	4426	4426000.000
9943	4353	4353000.000
9944	4461	4461000.000
9945	4460	4460000.000
9946	4427	4427000.000
9947	4411	4411000.000
9948	4518	4518000.000
9949	4419	4419000.000
9950	4371	4371000.000
9951	4383	4383000.000
9952	4278	4278000.000
9953	4378	4378000.000
9954	4219	4219000.000
9955	4425	4425000.000
9956	4370	4370000.000
9957	4353	4353000.000
9958	4485	4485000.000
9959	4385	4385000.000
9960	4417	4417000.000
9961	4297	4297000.000
9962	4350	4350000.000
9963	4326	4326000.000
9964	4415	4415000.000
9965	4415	4415000.000
9966	4416	4416000.000
9967	4410	4410000.000
9968	4515	4515000.000
9969	4445	4445000.000
9970	4496	4496000.000
9971	4464	4464000.000
9972	4421	4421000.000
9973	4499	4499000.000
9974	4324	4324000.000
9975	4286	4286000.000
9976	4276	4276000.000
9977	4234	4234000.000
9978	4422	4422000.000
9979	4312	4312000.000
9980	4452	4452000.000
9981	4367	4367000.000
9982	4414	4414000.000
9983	4384	4384000.000
9984	4314	4314000.000
9985	4281	4281000.000
9986	4291	4291000.000
9987	4344	4344000.000
9988	4314	4314000.000
9989	4505	4505000.000
9990	4435	4435000.000
9991	4459	4459000.000
9992	4547	4547000.000
9993	4480	4480000.000
9994	4421	4421000.000
9995	4428	4428000.000
9996	4389	4389000.000
9997	4382	4382000.000
9998	4377	4377000.000
9999	4310	4310000.000
10000	4350	4350000.000
