# bins en theta = 340.00 deg
# bin_length_s = 0.001000
# bin	counts	CPS
1	3997	3997000.000
2	3892	3892000.000
3	3868	3868000.000
4	3941	3941000.000
5	3805	3805000.000
6	3955	3955000.000
7	3943	3943000.000
8	3909	3909000.000
9	3957	3957000.000
10	3888	3888000.000
11	3859	3859000.000
12	4024	4024000.000
13	4128	4128000.000
14	3982	3982000.000
15	4002	4002000.000
16	4024	4024000.000
17	3859	3859000.000
18	3952	3952000.000
19	4021	4021000.000
20	3970	3970000.000
21	4030	4030000.000
22	4052	4052000.000
23	4084	4084000.000
24	3985	3985000.000
25	3904	3904000.000
26	3967	3967000.000
27	3986	3986000.000
28	3825	3825000.000
29	3924	3924000.000
30	3902	3902000.000
31	3824	3824000.000
32	3914	3914000.000
33	3885	3885000.000
34	4018	4018000.000
35	4005	4005000.000
36	4020	4020000.000
37	4025	4025000.000
38	3999	3999000.000
39	3943	3943000.000
40	3976	3976000.000
41	3997	3997000.000
42	3970	3970000.000
43	3954	3954000.000
44	4051	4051000.000
45	4025	4025000.000
46	4047	4047000.000
47	4090	4090000.000
48	3934	3934000.000
49	4014	4014000.000
50	3938	3938000.000
51	3833	3833000.000
52	3871	3871000.000
53	3895	3895000.000
54	3984	3984000.000
55	3911	3911000.000
56	3907	3907000.000
57	3942	3942000.000
58	3997	3997000.000
59	4033	4033000.000
60	4002	4002000.000
61	4104	4104000.000
62	4054	4054000.000
63	3939	3939000.000
64	3913	3913000.000
65	3921	3921000.000
66	3930	3930000.000
67	3945	3945000.000
68	4017	4017000.000
69	3942	3942000.000
70	4019	4019000.000
71	4001	4001000.000
72	3906	3906000.000
73	3967	3967000.000
74	3944	3944000.000
75	3886	3886000.000
76	3949	3949000.000
77	3958	3958000.000
78	3842	3842000.000
79	3891	3891000.000
80	3887	3887000.000
81	3948	3948000.000
82	3957	3957000.000
83	3971	3971000.000
84	3982	3982000.000
85	4046	4046000.000
86	3886	3886000.000
87	4038	4038000.000
88	3962	3962000.000
89	3955	3955000.000
90	3964	3964000.000
91	4044	4044000.000
92	4059	4059000.000
93	4018	4018000.000
94	4018	4018000.000
95	3913	3913000.000
96	3976	3976000.000
97	3954	3954000.000
98	3838	3838000.000
99	3962	3962000.000
100	3937	3937000.000
101	3914	3914000.000
102	3910	3910000.000
103	3893	3893000.000
104	4075	4075000.000
105	4044	4044000.000
106	3948	3948000.000
107	4074	4074000.000
108	4030	4030000.000
109	4002	4002000.000
110	4053	4053000.000
111	4031	4031000.000
112	4001	4001000.000
113	4025	4025000.000
114	4025	4025000.000
115	4055	4055000.000
116	4048	4048000.000
117	3939	3939000.000
118	3949	3949000.000
119	3877	3877000.000
120	3936	3936000.000
121	3951	3951000.000
122	3962	3962000.000
123	3921	3921000.000
124	3815	3815000.000
125	3878	3878000.000
126	3883	3883000.000
127	3978	3978000.000
128	4007	4007000.000
129	4090	4090000.000
130	3986	3986000.000
131	4012	4012000.000
132	3964	3964000.000
133	3966	3966000.000
134	3953	3953000.000
135	3954	3954000.000
136	3995	3995000.000
137	3980	3980000.000
138	3939	3939000.000
139	4005	4005000.000
140	4006	4006000.000
141	3917	3917000.000
142	3853	3853000.000
143	3894	3894000.000
144	3857	3857000.000
145	3878	3878000.000
146	3973	3973000.000
147	3857	3857000.000
148	3885	3885000.000
149	3873	3873000.000
150	3952	3952000.000
151	4000	4000000.000
152	4084	4084000.000
153	3946	3946000.000
154	3998	3998000.000
155	4018	4018000.000
156	3939	3939000.000
157	4007	4007000.000
158	3957	3957000.000
159	3870	3870000.000
160	3968	3968000.000
161	3947	3947000.000
162	4038	4038000.000
163	4000	4000000.000
164	3947	3947000.000
165	3872	3872000.000
166	4001	4001000.000
167	3887	3887000.000
168	3885	3885000.000
169	3977	3977000.000
170	3891	3891000.000
171	3826	3826000.000
172	3909	3909000.000
173	3875	3875000.000
174	4039	4039000.000
175	4056	4056000.000
176	4053	4053000.000
177	3955	3955000.000
178	4058	4058000.000
179	4039	4039000.000
180	4007	4007000.000
181	3892	3892000.000
182	3934	3934000.000
183	4088	4088000.000
184	3956	3956000.000
185	3977	3977000.000
186	4051	4051000.000
187	3931	3931000.000
188	3947	3947000.000
189	3907	3907000.000
190	3784	3784000.000
191	3887	3887000.000
192	3966	3966000.000
193	3946	3946000.000
194	3933	3933000.000
195	3871	3871000.000
196	3896	3896000.000
197	3946	3946000.000
198	4088	4088000.000
199	4070	4070000.000
200	4063	4063000.000
201	3976	3976000.000
202	3913	3913000.000
203	3963	3963000.000
204	3980	3980000.000
205	3945	3945000.000
206	4028	4028000.000
207	3967	3967000.000
208	4014	4014000.000
209	4057	4057000.000
210	3881	3881000.000
211	3893	3893000.000
212	3866	3866000.000
213	3793	3793000.000
214	3939	3939000.000
215	3919	3919000.000
216	4003	4003000.000
217	3966	3966000.000
218	4010	4010000.000
219	3957	3957000.000
220	3981	3981000.000
221	4071	4071000.000
222	4094	4094000.000
223	4036	4036000.000
224	4041	4041000.000
225	4116	4116000.000
226	3981	3981000.000
227	3878	3878000.000
228	3963	3963000.000
229	3940	3940000.000
230	4029	4029000.000
231	3942	3942000.000
232	3995	3995000.000
233	3961	3961000.000
234	3924	3924000.000
235	3835	3835000.000
236	3969	3969000.000
237	3913	3913000.000
238	3886	3886000.000
239	3968	3968000.000
240	3811	3811000.000
241	3949	3949000.000
242	3826	3826000.000
243	3944	3944000.000
244	3966	3966000.000
245	3969	3969000.000
246	4092	4092000.000
247	4019	4019000.000
248	4005	4005000.000
249	4058	4058000.000
250	3963	3963000.000
251	3968	3968000.000
252	3965	3965000.000
253	4033	4033000.000
254	3974	3974000.000
255	3980	3980000.000
256	4033	4033000.000
257	3977	3977000.000
258	3903	3903000.000
259	3876	3876000.000
260	3904	3904000.000
261	3899	3899000.000
262	3907	3907000.000
263	3899	3899000.000
264	3847	3847000.000
265	3835	3835000.000
266	3883	3883000.000
267	3984	3984000.000
268	4047	4047000.000
269	4012	4012000.000
270	4030	4030000.000
271	3994	3994000.000
272	3969	3969000.000
273	3996	3996000.000
274	4003	4003000.000
275	3912	3912000.000
276	4021	4021000.000
277	4018	4018000.000
278	4007	4007000.000
279	3939	3939000.000
280	3897	3897000.000
281	3953	3953000.000
282	3846	3846000.000
283	3903	3903000.000
284	3939	3939000.000
285	3982	3982000.000
286	3910	3910000.000
287	3885	3885000.000
288	3893	3893000.000
289	3935	3935000.000
290	4070	4070000.000
291	4027	4027000.000
292	4029	4029000.000
293	4091	4091000.000
294	4032	4032000.000
295	3983	3983000.000
296	3897	3897000.000
297	3857	3857000.000
298	4066	4066000.000
299	4051	4051000.000
300	4077	4077000.000
301	4153	4153000.000
302	4102	4102000.000
303	3968	3968000.000
304	3889	3889000.000
305	3988	3988000.000
306	3942	3942000.000
307	3935	3935000.000
308	3938	3938000.000
309	3979	3979000.000
310	3861	3861000.000
311	3946	3946000.000
312	3994	3994000.000
313	4038	4038000.000
314	4068	4068000.000
315	3985	3985000.000
316	3965	3965000.000
317	4021	4021000.000
318	4000	4000000.000
319	4038	4038000.000
320	3978	3978000.000
321	3965	3965000.000
322	3987	3987000.000
323	3951	3951000.000
324	4005	4005000.000
325	3966	3966000.000
326	3945	3945000.000
327	3966	3966000.000
328	3868	3868000.000
329	3875	3875000.000
330	3924	3924000.000
331	3860	3860000.000
332	3907	3907000.000
333	3831	3831000.000
334	3894	3894000.000
335	3848	3848000.000
336	3891	3891000.000
337	4009	4009000.000
338	3999	3999000.000
339	3996	3996000.000
340	3957	3957000.000
341	3874	3874000.000
342	4031	4031000.000
343	3977	3977000.000
344	3953	3953000.000
345	4054	4054000.000
346	3949	3949000.000
347	4000	4000000.000
348	4066	4066000.000
349	3935	3935000.000
350	3951	3951000.000
351	3930	3930000.000
352	3993	3993000.000
353	3974	3974000.000
354	3925	3925000.000
355	3999	3999000.000
356	3933	3933000.000
357	3826	3826000.000
358	3845	3845000.000
359	3939	3939000.000
360	4103	4103000.000
361	4054	4054000.000
362	4049	4049000.000
363	4014	4014000.000
364	4015	4015000.000
365	4025	4025000.000
366	4025	4025000.000
367	3945	3945000.000
368	3906	3906000.000
369	3968	3968000.000
370	4019	4019000.000
371	4055	4055000.000
372	4043	4043000.000
373	3919	3919000.000
374	3871	3871000.000
375	3914	3914000.000
376	3877	3877000.000
377	3935	3935000.000
378	3915	3915000.000
379	3883	3883000.000
380	3915	3915000.000
381	3850	3850000.000
382	3938	3938000.000
383	3961	3961000.000
384	4071	4071000.000
385	4091	4091000.000
386	4044	4044000.000
387	3975	3975000.000
388	4053	4053000.000
389	3940	3940000.000
390	4021	4021000.000
391	4131	4131000.000
392	3996	3996000.000
393	4009	4009000.000
394	4159	4159000.000
395	3977	3977000.000
396	3909	3909000.000
397	3866	3866000.000
398	3884	3884000.000
399	3984	3984000.000
400	3860	3860000.000
401	3936	3936000.000
402	3941	3941000.000
403	3901	3901000.000
404	3928	3928000.000
405	3939	3939000.000
406	3911	3911000.000
407	3983	3983000.000
408	4077	4077000.000
409	4006	4006000.000
410	4042	4042000.000
411	4029	4029000.000
412	4053	4053000.000
413	4002	4002000.000
414	4026	4026000.000
415	4003	4003000.000
416	4060	4060000.000
417	4058	4058000.000
418	3931	3931000.000
419	3882	3882000.000
420	3902	3902000.000
421	3928	3928000.000
422	3959	3959000.000
423	3961	3961000.000
424	3920	3920000.000
425	3997	3997000.000
426	3848	3848000.000
427	3912	3912000.000
428	3853	3853000.000
429	3873	3873000.000
430	3986	3986000.000
431	3993	3993000.000
432	4086	4086000.000
433	4033	4033000.000
434	4017	4017000.000
435	4045	4045000.000
436	3885	3885000.000
437	3919	3919000.000
438	4027	4027000.000
439	4061	4061000.000
440	4051	4051000.000
441	3856	3856000.000
442	3945	3945000.000
443	4005	4005000.000
444	3844	3844000.000
445	3855	3855000.000
446	3926	3926000.000
447	3973	3973000.000
448	3900	3900000.000
449	3897	3897000.000
450	3775	3775000.000
451	3982	3982000.000
452	3902	3902000.000
453	4011	4011000.000
454	4073	4073000.000
455	4010	4010000.000
456	4041	4041000.000
457	3909	3909000.000
458	4046	4046000.000
459	3925	3925000.000
460	4014	4014000.000
461	4076	4076000.000
462	4035	4035000.000
463	4030	4030000.000
464	3883	3883000.000
465	3945	3945000.000
466	3858	3858000.000
467	3949	3949000.000
468	3951	3951000.000
469	3825	3825000.000
470	3902	3902000.000
471	3870	3870000.000
472	3946	3946000.000
473	3926	3926000.000
474	3974	3974000.000
475	3866	3866000.000
476	3884	3884000.000
477	3928	3928000.000
478	4060	4060000.000
479	3978	3978000.000
480	3962	3962000.000
481	3912	3912000.000
482	3978	3978000.000
483	4007	4007000.000
484	4066	4066000.000
485	3977	3977000.000
486	4034	4034000.000
487	3944	3944000.000
488	3901	3901000.000
489	3968	3968000.000
490	3902	3902000.000
491	3838	3838000.000
492	3985	3985000.000
493	4001	4001000.000
494	3836	3836000.000
495	3885	3885000.000
496	3878	3878000.000
497	3948	3948000.000
498	3929	3929000.000
499	3936	3936000.000
500	3970	3970000.000
501	4028	4028000.000
502	4052	4052000.000
503	3989	3989000.000
504	4011	4011000.000
505	4020	4020000.000
506	3921	3921000.000
507	3925	3925000.000
508	3979	3979000.000
509	4035	4035000.000
510	3926	3926000.000
511	3955	3955000.000
512	3933	3933000.000
513	3910	3910000.000
514	3960	3960000.000
515	3942	3942000.000
516	3938	3938000.000
517	3922	3922000.000
518	3854	3854000.000
519	4001	4001000.000
520	3937	3937000.000
521	3989	3989000.000
522	3916	3916000.000
523	4066	4066000.000
524	3966	3966000.000
525	4030	4030000.000
526	4017	4017000.000
527	4054	4054000.000
528	3946	3946000.000
529	3986	3986000.000
530	4030	4030000.000
531	4055	4055000.000
532	4056	4056000.000
533	3962	3962000.000
534	3819	3819000.000
535	3930	3930000.000
536	3950	3950000.000
537	3842	3842000.000
538	3928	3928000.000
539	3935	3935000.000
540	3979	3979000.000
541	3913	3913000.000
542	3882	3882000.000
543	3975	3975000.000
544	3784	3784000.000
545	3886	3886000.000
546	3977	3977000.000
547	4164	4164000.000
548	3973	3973000.000
549	4032	4032000.000
550	3974	3974000.000
551	4061	4061000.000
552	3991	3991000.000
553	4027	4027000.000
554	4003	4003000.000
555	3937	3937000.000
556	4097	4097000.000
557	3978	3978000.000
558	3901	3901000.000
559	3871	3871000.000
560	3899	3899000.000
561	3906	3906000.000
562	4031	4031000.000
563	3925	3925000.000
564	3908	3908000.000
565	3893	3893000.000
566	3885	3885000.000
567	3908	3908000.000
568	3984	3984000.000
569	4002	4002000.000
570	3946	3946000.000
571	3957	3957000.000
572	3967	3967000.000
573	3928	3928000.000
574	3940	3940000.000
575	3935	3935000.000
576	3886	3886000.000
577	4052	4052000.000
578	4005	4005000.000
579	4047	4047000.000
580	3920	3920000.000
581	3919	3919000.000
582	3842	3842000.000
583	3931	3931000.000
584	3996	3996000.000
585	3931	3931000.000
586	3846	3846000.000
587	3927	3927000.000
588	3972	3972000.000
589	3896	3896000.000
590	3888	3888000.000
591	3986	3986000.000
592	4064	4064000.000
593	4011	4011000.000
594	3989	3989000.000
595	3955	3955000.000
596	4011	4011000.000
597	4011	4011000.000
598	3918	3918000.000
599	4020	4020000.000
600	3981	3981000.000
601	4040	4040000.000
602	4002	4002000.000
603	4000	4000000.000
604	3930	3930000.000
605	3870	3870000.000
606	3796	3796000.000
607	3878	3878000.000
608	3965	3965000.000
609	3887	3887000.000
610	3873	3873000.000
611	3973	3973000.000
612	3879	3879000.000
613	3812	3812000.000
614	3914	3914000.000
615	4000	4000000.000
616	4006	4006000.000
617	4046	4046000.000
618	3962	3962000.000
619	3975	3975000.000
620	4008	4008000.000
621	3979	3979000.000
622	3973	3973000.000
623	3942	3942000.000
624	3948	3948000.000
625	3927	3927000.000
626	3946	3946000.000
627	3978	3978000.000
628	3871	3871000.000
629	3875	3875000.000
630	3908	3908000.000
631	3870	3870000.000
632	3865	3865000.000
633	3927	3927000.000
634	3925	3925000.000
635	3890	3890000.000
636	3898	3898000.000
637	3940	3940000.000
638	3971	3971000.000
639	3885	3885000.000
640	3976	3976000.000
641	4003	4003000.000
642	3998	3998000.000
643	4027	4027000.000
644	4058	4058000.000
645	3929	3929000.000
646	4153	4153000.000
647	4077	4077000.000
648	3971	3971000.000
649	4008	4008000.000
650	3968	3968000.000
651	3943	3943000.000
652	3934	3934000.000
653	3881	3881000.000
654	3913	3913000.000
655	3869	3869000.000
656	3893	3893000.000
657	3821	3821000.000
658	3880	3880000.000
659	3925	3925000.000
660	3897	3897000.000
661	3954	3954000.000
662	4018	4018000.000
663	4034	4034000.000
664	4054	4054000.000
665	4071	4071000.000
666	3994	3994000.000
667	3996	3996000.000
668	4051	4051000.000
669	3992	3992000.000
670	4072	4072000.000
671	4050	4050000.000
672	4024	4024000.000
673	3895	3895000.000
674	3899	3899000.000
675	3874	3874000.000
676	3863	3863000.000
677	3906	3906000.000
678	3892	3892000.000
679	3847	3847000.000
680	3778	3778000.000
681	3967	3967000.000
682	3920	3920000.000
683	3966	3966000.000
684	3918	3918000.000
685	4037	4037000.000
686	3999	3999000.000
687	4037	4037000.000
688	3990	3990000.000
689	3964	3964000.000
690	3936	3936000.000
691	3954	3954000.000
692	3966	3966000.000
693	4106	4106000.000
694	4121	4121000.000
695	4022	4022000.000
696	3981	3981000.000
697	3962	3962000.000
698	3866	3866000.000
699	3881	3881000.000
700	3969	3969000.000
701	4020	4020000.000
702	3984	3984000.000
703	3842	3842000.000
704	3853	3853000.000
705	3871	3871000.000
706	3926	3926000.000
707	3963	3963000.000
708	3984	3984000.000
709	4014	4014000.000
710	4011	4011000.000
711	3987	3987000.000
712	3934	3934000.000
713	3941	3941000.000
714	4058	4058000.000
715	4015	4015000.000
716	3972	3972000.000
717	3921	3921000.000
718	4062	4062000.000
719	3895	3895000.000
720	3853	3853000.000
721	3902	3902000.000
722	3917	3917000.000
723	3841	3841000.000
724	3953	3953000.000
725	3990	3990000.000
726	3930	3930000.000
727	3914	3914000.000
728	3803	3803000.000
729	3937	3937000.000
730	3945	3945000.000
731	4047	4047000.000
732	3964	3964000.000
733	3959	3959000.000
734	3967	3967000.000
735	3939	3939000.000
736	3903	3903000.000
737	4105	4105000.000
738	3960	3960000.000
739	4074	4074000.000
740	3921	3921000.000
741	4080	4080000.000
742	3961	3961000.000
743	3935	3935000.000
744	3944	3944000.000
745	3926	3926000.000
746	3874	3874000.000
747	3882	3882000.000
748	3946	3946000.000
749	3871	3871000.000
750	3920	3920000.000
751	3904	3904000.000
752	3856	3856000.000
753	3958	3958000.000
754	3999	3999000.000
755	4154	4154000.000
756	3983	3983000.000
757	4084	4084000.000
758	3951	3951000.000
759	4033	4033000.000
760	3920	3920000.000
761	3957	3957000.000
762	4113	4113000.000
763	4080	4080000.000
764	3947	3947000.000
765	3912	3912000.000
766	3905	3905000.000
767	3970	3970000.000
768	3893	3893000.000
769	3902	3902000.000
770	3840	3840000.000
771	3912	3912000.000
772	3981	3981000.000
773	3826	3826000.000
774	3951	3951000.000
775	3885	3885000.000
776	3907	3907000.000
777	4003	4003000.000
778	4085	4085000.000
779	3946	3946000.000
780	3958	3958000.000
781	4028	4028000.000
782	4032	4032000.000
783	3990	3990000.000
784	3955	3955000.000
785	4002	4002000.000
786	3990	3990000.000
787	3981	3981000.000
788	3947	3947000.000
789	3820	3820000.000
790	3858	3858000.000
791	3787	3787000.000
792	3887	3887000.000
793	3952	3952000.000
794	3933	3933000.000
795	3937	3937000.000
796	3899	3899000.000
797	3793	3793000.000
798	3848	3848000.000
799	3932	3932000.000
800	3963	3963000.000
801	4070	4070000.000
802	4053	4053000.000
803	3922	3922000.000
804	3928	3928000.000
805	3956	3956000.000
806	4016	4016000.000
807	4022	4022000.000
808	4046	4046000.000
809	4061	4061000.000
810	3999	3999000.000
811	4026	4026000.000
812	3955	3955000.000
813	3882	3882000.000
814	3916	3916000.000
815	3902	3902000.000
816	3884	3884000.000
817	3868	3868000.000
818	3941	3941000.000
819	3875	3875000.000
820	3889	3889000.000
821	3955	3955000.000
822	3897	3897000.000
823	3879	3879000.000
824	4105	4105000.000
825	3996	3996000.000
826	4067	4067000.000
827	3922	3922000.000
828	4049	4049000.000
829	3975	3975000.000
830	3853	3853000.000
831	3957	3957000.000
832	4045	4045000.000
833	4070	4070000.000
834	4066	4066000.000
835	3957	3957000.000
836	3926	3926000.000
837	3862	3862000.000
838	3946	3946000.000
839	3907	3907000.000
840	3911	3911000.000
841	3899	3899000.000
842	3809	3809000.000
843	3838	3838000.000
844	3977	3977000.000
845	4009	4009000.000
846	4062	4062000.000
847	4005	4005000.000
848	4072	4072000.000
849	4147	4147000.000
850	3940	3940000.000
851	4014	4014000.000
852	3988	3988000.000
853	3956	3956000.000
854	4045	4045000.000
855	3996	3996000.000
856	4050	4050000.000
857	3995	3995000.000
858	3856	3856000.000
859	3905	3905000.000
860	3853	3853000.000
861	3955	3955000.000
862	3999	3999000.000
863	3853	3853000.000
864	3837	3837000.000
865	3859	3859000.000
866	4072	4072000.000
867	3960	3960000.000
868	3956	3956000.000
869	3911	3911000.000
870	3994	3994000.000
871	4019	4019000.000
872	4041	4041000.000
873	4015	4015000.000
874	3927	3927000.000
875	3998	3998000.000
876	4003	4003000.000
877	4055	4055000.000
878	4070	4070000.000
879	3991	3991000.000
880	4077	4077000.000
881	3952	3952000.000
882	3851	3851000.000
883	3897	3897000.000
884	3943	3943000.000
885	3843	3843000.000
886	3978	3978000.000
887	3950	3950000.000
888	3950	3950000.000
889	3903	3903000.000
890	3829	3829000.000
891	3886	3886000.000
892	3942	3942000.000
893	3974	3974000.000
894	4087	4087000.000
895	4040	4040000.000
896	3977	3977000.000
897	3848	3848000.000
898	4028	4028000.000
899	4008	4008000.000
900	3992	3992000.000
901	4008	4008000.000
902	4025	4025000.000
903	4015	4015000.000
904	3936	3936000.000
905	3896	3896000.000
906	3891	3891000.000
907	3881	3881000.000
908	3953	3953000.000
909	3912	3912000.000
910	3996	3996000.000
911	3917	3917000.000
912	3911	3911000.000
913	3929	3929000.000
914	3851	3851000.000
915	3979	3979000.000
916	4025	4025000.000
917	4080	4080000.000
918	4065	4065000.000
919	3999	3999000.000
920	4066	4066000.000
921	3983	3983000.000
922	4003	4003000.000
923	4028	4028000.000
924	4068	4068000.000
925	4083	4083000.000
926	4086	4086000.000
927	3936	3936000.000
928	3936	3936000.000
929	3817	3817000.000
930	3875	3875000.000
931	3937	3937000.000
932	3955	3955000.000
933	3868	3868000.000
934	3977	3977000.000
935	3848	3848000.000
936	3951	3951000.000
937	4024	4024000.000
938	3834	3834000.000
939	4066	4066000.000
940	4093	4093000.000
941	4123	4123000.000
942	4022	4022000.000
943	3953	3953000.000
944	4080	4080000.000
945	4002	4002000.000
946	4045	4045000.000
947	3936	3936000.000
948	4002	4002000.000
949	4093	4093000.000
950	3987	3987000.000
951	3986	3986000.000
952	3873	3873000.000
953	3903	3903000.000
954	3895	3895000.000
955	3894	3894000.000
956	3946	3946000.000
957	3975	3975000.000
958	3978	3978000.000
959	3894	3894000.000
960	3859	3859000.000
961	3912	3912000.000
962	4024	4024000.000
963	4070	4070000.000
964	4003	4003000.000
965	3963	3963000.000
966	3941	3941000.000
967	3998	3998000.000
968	3964	3964000.000
969	3986	3986000.000
970	4082	4082000.000
971	4009	4009000.000
972	4078	4078000.000
973	3988	3988000.000
974	3978	3978000.000
975	3888	3888000.000
976	3785	3785000.000
977	3902	3902000.000
978	3920	3920000.000
979	3912	3912000.000
980	3919	3919000.000
981	3896	3896000.000
982	3853	3853000.000
983	3841	3841000.000
984	3896	3896000.000
985	4042	4042000.000
986	4043	4043000.000
987	4015	4015000.000
988	4016	4016000.000
989	3949	3949000.000
990	4015	4015000.000
991	3926	3926000.000
992	4029	4029000.000
993	4066	4066000.000
994	4030	4030000.000
995	3983	3983000.000
996	3909	3909000.000
997	3785	3785000.000
998	3918	3918000.000
999	3874	3874000.000
1000	3872	3872000.000
1001	3997	3997000.000
1002	3977	3977000.000
1003	3847	3847000.000
1004	3882	3882000.000
1005	3949	3949000.000
1006	3986	3986000.000
1007	3940	3940000.000
1008	3952	3952000.000
1009	4058	4058000.000
1010	4008	4008000.000
1011	4025	4025000.000
1012	3956	3956000.000
1013	4012	4012000.000
1014	4011	4011000.000
1015	4024	4024000.000
1016	4029	4029000.000
1017	3980	3980000.000
1018	4152	4152000.000
1019	4039	4039000.000
1020	3927	3927000.000
1021	3859	3859000.000
1022	3832	3832000.000
1023	3884	3884000.000
1024	3918	3918000.000
1025	4036	4036000.000
1026	3925	3925000.000
1027	3915	3915000.000
1028	3947	3947000.000
1029	3895	3895000.000
1030	3906	3906000.000
1031	4119	4119000.000
1032	4129	4129000.000
1033	4060	4060000.000
1034	4022	4022000.000
1035	4064	4064000.000
1036	3952	3952000.000
1037	4004	4004000.000
1038	3995	3995000.000
1039	4050	4050000.000
1040	4050	4050000.000
1041	4118	4118000.000
1042	4039	4039000.000
1043	3879	3879000.000
1044	3846	3846000.000
1045	3936	3936000.000
1046	3920	3920000.000
1047	3803	3803000.000
1048	3876	3876000.000
1049	3928	3928000.000
1050	3835	3835000.000
1051	3998	3998000.000
1052	3904	3904000.000
1053	3979	3979000.000
1054	3943	3943000.000
1055	3955	3955000.000
1056	3948	3948000.000
1057	4054	4054000.000
1058	3983	3983000.000
1059	3961	3961000.000
1060	4086	4086000.000
1061	4000	4000000.000
1062	4019	4019000.000
1063	4028	4028000.000
1064	4049	4049000.000
1065	4040	4040000.000
1066	3915	3915000.000
1067	3897	3897000.000
1068	3855	3855000.000
1069	4004	4004000.000
1070	3931	3931000.000
1071	3997	3997000.000
1072	3892	3892000.000
1073	3955	3955000.000
1074	3897	3897000.000
1075	3880	3880000.000
1076	3958	3958000.000
1077	3997	3997000.000
1078	3924	3924000.000
1079	3992	3992000.000
1080	3982	3982000.000
1081	3958	3958000.000
1082	4011	4011000.000
1083	4067	4067000.000
1084	3965	3965000.000
1085	3990	3990000.000
1086	3980	3980000.000
1087	4058	4058000.000
1088	4017	4017000.000
1089	4014	4014000.000
1090	3887	3887000.000
1091	3962	3962000.000
1092	4009	4009000.000
1093	3946	3946000.000
1094	3940	3940000.000
1095	3836	3836000.000
1096	3920	3920000.000
1097	3898	3898000.000
1098	3817	3817000.000
1099	3917	3917000.000
1100	3912	3912000.000
1101	3974	3974000.000
1102	4057	4057000.000
1103	4071	4071000.000
1104	4026	4026000.000
1105	4115	4115000.000
1106	4059	4059000.000
1107	3987	3987000.000
1108	3963	3963000.000
1109	3918	3918000.000
1110	3952	3952000.000
1111	3939	3939000.000
1112	3878	3878000.000
1113	3879	3879000.000
1114	3772	3772000.000
1115	3910	3910000.000
1116	3948	3948000.000
1117	3985	3985000.000
1118	4007	4007000.000
1119	3993	3993000.000
1120	3948	3948000.000
1121	3822	3822000.000
1122	3895	3895000.000
1123	3932	3932000.000
1124	3987	3987000.000
1125	3978	3978000.000
1126	3974	3974000.000
1127	3993	3993000.000
1128	4059	4059000.000
1129	3972	3972000.000
1130	3975	3975000.000
1131	3998	3998000.000
1132	4037	4037000.000
1133	3998	3998000.000
1134	4010	4010000.000
1135	3923	3923000.000
1136	3959	3959000.000
1137	3983	3983000.000
1138	3873	3873000.000
1139	3961	3961000.000
1140	4005	4005000.000
1141	4004	4004000.000
1142	3866	3866000.000
1143	3964	3964000.000
1144	3903	3903000.000
1145	3835	3835000.000
1146	3920	3920000.000
1147	3901	3901000.000
1148	4048	4048000.000
1149	4048	4048000.000
1150	3912	3912000.000
1151	4047	4047000.000
1152	4022	4022000.000
1153	4024	4024000.000
1154	3944	3944000.000
1155	3966	3966000.000
1156	3983	3983000.000
1157	4040	4040000.000
1158	3947	3947000.000
1159	3829	3829000.000
1160	3914	3914000.000
1161	3947	3947000.000
1162	3931	3931000.000
1163	3923	3923000.000
1164	3859	3859000.000
1165	3915	3915000.000
1166	3881	3881000.000
1167	3900	3900000.000
1168	3915	3915000.000
1169	3874	3874000.000
1170	3865	3865000.000
1171	4012	4012000.000
1172	3976	3976000.000
1173	3983	3983000.000
1174	4029	4029000.000
1175	4014	4014000.000
1176	3988	3988000.000
1177	3996	3996000.000
1178	4045	4045000.000
1179	4048	4048000.000
1180	3994	3994000.000
1181	3869	3869000.000
1182	3821	3821000.000
1183	3859	3859000.000
1184	3899	3899000.000
1185	3984	3984000.000
1186	4015	4015000.000
1187	3967	3967000.000
1188	3964	3964000.000
1189	3868	3868000.000
1190	3894	3894000.000
1191	3910	3910000.000
1192	3932	3932000.000
1193	3943	3943000.000
1194	4073	4073000.000
1195	3985	3985000.000
1196	3974	3974000.000
1197	4003	4003000.000
1198	3907	3907000.000
1199	3910	3910000.000
1200	4040	4040000.000
1201	4063	4063000.000
1202	3985	3985000.000
1203	4025	4025000.000
1204	4000	4000000.000
1205	3945	3945000.000
1206	3839	3839000.000
1207	3949	3949000.000
1208	3841	3841000.000
1209	3960	3960000.000
1210	3989	3989000.000
1211	3973	3973000.000
1212	3939	3939000.000
1213	3782	3782000.000
1214	3878	3878000.000
1215	3977	3977000.000
1216	3956	3956000.000
1217	4081	4081000.000
1218	4058	4058000.000
1219	3935	3935000.000
1220	3945	3945000.000
1221	3975	3975000.000
1222	3993	3993000.000
1223	4016	4016000.000
1224	4041	4041000.000
1225	4066	4066000.000
1226	4007	4007000.000
1227	3942	3942000.000
1228	3881	3881000.000
1229	3886	3886000.000
1230	3900	3900000.000
1231	3945	3945000.000
1232	3939	3939000.000
1233	4011	4011000.000
1234	3971	3971000.000
1235	4007	4007000.000
1236	3950	3950000.000
1237	3947	3947000.000
1238	3859	3859000.000
1239	3827	3827000.000
1240	4039	4039000.000
1241	3964	3964000.000
1242	4033	4033000.000
1243	4001	4001000.000
1244	4016	4016000.000
1245	4026	4026000.000
1246	4075	4075000.000
1247	3976	3976000.000
1248	4002	4002000.000
1249	3946	3946000.000
1250	3859	3859000.000
1251	3956	3956000.000
1252	3873	3873000.000
1253	3929	3929000.000
1254	3927	3927000.000
1255	3961	3961000.000
1256	3926	3926000.000
1257	3863	3863000.000
1258	3908	3908000.000
1259	3965	3965000.000
1260	3956	3956000.000
1261	3924	3924000.000
1262	3840	3840000.000
1263	3881	3881000.000
1264	3915	3915000.000
1265	4022	4022000.000
1266	3957	3957000.000
1267	4040	4040000.000
1268	3944	3944000.000
1269	4042	4042000.000
1270	4052	4052000.000
1271	3983	3983000.000
1272	3975	3975000.000
1273	3845	3845000.000
1274	3857	3857000.000
1275	3889	3889000.000
1276	3891	3891000.000
1277	3941	3941000.000
1278	3917	3917000.000
1279	3885	3885000.000
1280	3976	3976000.000
1281	3879	3879000.000
1282	3890	3890000.000
1283	3815	3815000.000
1284	3859	3859000.000
1285	3859	3859000.000
1286	3904	3904000.000
1287	4067	4067000.000
1288	4007	4007000.000
1289	4000	4000000.000
1290	3937	3937000.000
1291	3996	3996000.000
1292	4059	4059000.000
1293	4088	4088000.000
1294	4094	4094000.000
1295	4042	4042000.000
1296	3872	3872000.000
1297	3973	3973000.000
1298	3803	3803000.000
1299	3899	3899000.000
1300	3932	3932000.000
1301	3979	3979000.000
1302	3923	3923000.000
1303	3937	3937000.000
1304	4018	4018000.000
1305	4031	4031000.000
1306	3890	3890000.000
1307	3888	3888000.000
1308	3878	3878000.000
1309	4033	4033000.000
1310	4055	4055000.000
1311	4069	4069000.000
1312	4050	4050000.000
1313	3971	3971000.000
1314	4028	4028000.000
1315	3936	3936000.000
1316	3984	3984000.000
1317	4055	4055000.000
1318	4039	4039000.000
1319	3959	3959000.000
1320	3922	3922000.000
1321	3977	3977000.000
1322	3861	3861000.000
1323	3955	3955000.000
1324	4000	4000000.000
1325	3890	3890000.000
1326	3955	3955000.000
1327	3906	3906000.000
1328	3900	3900000.000
1329	3934	3934000.000
1330	3835	3835000.000
1331	3993	3993000.000
1332	3875	3875000.000
1333	3898	3898000.000
1334	3968	3968000.000
1335	3926	3926000.000
1336	4007	4007000.000
1337	3901	3901000.000
1338	3909	3909000.000
1339	4003	4003000.000
1340	4010	4010000.000
1341	3918	3918000.000
1342	3970	3970000.000
1343	3849	3849000.000
1344	3924	3924000.000
1345	3899	3899000.000
1346	3933	3933000.000
1347	4027	4027000.000
1348	3989	3989000.000
1349	3947	3947000.000
1350	3967	3967000.000
1351	3852	3852000.000
1352	3908	3908000.000
1353	3905	3905000.000
1354	3804	3804000.000
1355	3919	3919000.000
1356	4030	4030000.000
1357	4002	4002000.000
1358	4026	4026000.000
1359	3965	3965000.000
1360	3977	3977000.000
1361	3938	3938000.000
1362	3917	3917000.000
1363	3958	3958000.000
1364	4040	4040000.000
1365	3999	3999000.000
1366	3984	3984000.000
1367	3910	3910000.000
1368	3849	3849000.000
1369	3946	3946000.000
1370	3889	3889000.000
1371	3903	3903000.000
1372	3978	3978000.000
1373	3980	3980000.000
1374	3934	3934000.000
1375	3954	3954000.000
1376	3887	3887000.000
1377	3844	3844000.000
1378	4038	4038000.000
1379	4076	4076000.000
1380	4031	4031000.000
1381	4009	4009000.000
1382	4061	4061000.000
1383	3974	3974000.000
1384	4029	4029000.000
1385	3990	3990000.000
1386	4052	4052000.000
1387	3926	3926000.000
1388	3906	3906000.000
1389	3831	3831000.000
1390	3821	3821000.000
1391	3903	3903000.000
1392	3958	3958000.000
1393	3966	3966000.000
1394	3940	3940000.000
1395	3976	3976000.000
1396	4118	4118000.000
1397	3872	3872000.000
1398	3889	3889000.000
1399	3877	3877000.000
1400	3937	3937000.000
1401	3858	3858000.000
1402	4019	4019000.000
1403	4062	4062000.000
1404	4060	4060000.000
1405	4049	4049000.000
1406	4023	4023000.000
1407	3912	3912000.000
1408	4020	4020000.000
1409	4040	4040000.000
1410	4052	4052000.000
1411	3964	3964000.000
1412	3904	3904000.000
1413	3942	3942000.000
1414	3818	3818000.000
1415	3804	3804000.000
1416	3854	3854000.000
1417	3838	3838000.000
1418	3979	3979000.000
1419	3923	3923000.000
1420	3943	3943000.000
1421	3849	3849000.000
1422	3893	3893000.000
1423	3953	3953000.000
1424	3901	3901000.000
1425	3954	3954000.000
1426	4012	4012000.000
1427	4037	4037000.000
1428	3967	3967000.000
1429	4036	4036000.000
1430	3992	3992000.000
1431	4010	4010000.000
1432	3969	3969000.000
1433	4002	4002000.000
1434	4024	4024000.000
1435	3898	3898000.000
1436	3813	3813000.000
1437	3938	3938000.000
1438	3910	3910000.000
1439	4004	4004000.000
1440	3956	3956000.000
1441	4044	4044000.000
1442	3925	3925000.000
1443	3961	3961000.000
1444	3961	3961000.000
1445	3848	3848000.000
1446	3976	3976000.000
1447	3909	3909000.000
1448	3924	3924000.000
1449	3956	3956000.000
1450	4020	4020000.000
1451	4004	4004000.000
1452	4025	4025000.000
1453	4083	4083000.000
1454	4024	4024000.000
1455	3993	3993000.000
1456	4038	4038000.000
1457	4003	4003000.000
1458	3954	3954000.000
1459	3898	3898000.000
1460	3926	3926000.000
1461	3854	3854000.000
1462	4022	4022000.000
1463	4001	4001000.000
1464	3894	3894000.000
1465	3986	3986000.000
1466	3983	3983000.000
1467	3904	3904000.000
1468	3885	3885000.000
1469	3876	3876000.000
1470	3905	3905000.000
1471	3809	3809000.000
1472	3935	3935000.000
1473	3907	3907000.000
1474	4021	4021000.000
1475	3947	3947000.000
1476	4018	4018000.000
1477	4003	4003000.000
1478	4027	4027000.000
1479	3989	3989000.000
1480	3974	3974000.000
1481	3935	3935000.000
1482	3861	3861000.000
1483	3950	3950000.000
1484	3846	3846000.000
1485	4054	4054000.000
1486	3989	3989000.000
1487	3983	3983000.000
1488	4007	4007000.000
1489	3939	3939000.000
1490	4034	4034000.000
1491	4024	4024000.000
1492	3956	3956000.000
1493	3851	3851000.000
1494	3892	3892000.000
1495	3938	3938000.000
1496	4065	4065000.000
1497	3962	3962000.000
1498	3885	3885000.000
1499	3997	3997000.000
1500	4050	4050000.000
1501	3978	3978000.000
1502	3952	3952000.000
1503	3972	3972000.000
1504	4016	4016000.000
1505	3904	3904000.000
1506	3879	3879000.000
1507	3924	3924000.000
1508	3891	3891000.000
1509	3878	3878000.000
1510	3987	3987000.000
1511	3914	3914000.000
1512	3936	3936000.000
1513	4053	4053000.000
1514	3928	3928000.000
1515	3847	3847000.000
1516	3917	3917000.000
1517	3945	3945000.000
1518	4003	4003000.000
1519	3985	3985000.000
1520	3962	3962000.000
1521	3943	3943000.000
1522	3960	3960000.000
1523	4043	4043000.000
1524	4076	4076000.000
1525	4091	4091000.000
1526	3965	3965000.000
1527	3966	3966000.000
1528	3791	3791000.000
1529	3919	3919000.000
1530	3890	3890000.000
1531	3862	3862000.000
1532	3925	3925000.000
1533	4061	4061000.000
1534	4033	4033000.000
1535	3929	3929000.000
1536	3966	3966000.000
1537	4016	4016000.000
1538	3819	3819000.000
1539	3938	3938000.000
1540	3931	3931000.000
1541	3951	3951000.000
1542	3945	3945000.000
1543	3909	3909000.000
1544	4062	4062000.000
1545	3985	3985000.000
1546	4014	4014000.000
1547	4023	4023000.000
1548	4106	4106000.000
1549	3951	3951000.000
1550	3945	3945000.000
1551	3878	3878000.000
1552	3804	3804000.000
1553	3896	3896000.000
1554	3869	3869000.000
1555	3944	3944000.000
1556	3966	3966000.000
1557	4006	4006000.000
1558	3909	3909000.000
1559	3951	3951000.000
1560	3853	3853000.000
1561	3851	3851000.000
1562	3939	3939000.000
1563	3907	3907000.000
1564	3934	3934000.000
1565	3907	3907000.000
1566	3958	3958000.000
1567	3998	3998000.000
1568	3873	3873000.000
1569	4079	4079000.000
1570	4092	4092000.000
1571	4012	4012000.000
1572	3954	3954000.000
1573	3999	3999000.000
1574	3877	3877000.000
1575	3950	3950000.000
1576	3870	3870000.000
1577	3966	3966000.000
1578	3900	3900000.000
1579	3990	3990000.000
1580	3992	3992000.000
1581	3974	3974000.000
1582	4024	4024000.000
1583	3953	3953000.000
1584	3813	3813000.000
1585	3903	3903000.000
1586	3878	3878000.000
1587	3845	3845000.000
1588	3968	3968000.000
1589	4046	4046000.000
1590	4095	4095000.000
1591	4080	4080000.000
1592	3933	3933000.000
1593	3969	3969000.000
1594	3994	3994000.000
1595	4151	4151000.000
1596	3989	3989000.000
1597	3954	3954000.000
1598	3921	3921000.000
1599	3949	3949000.000
1600	3814	3814000.000
1601	3778	3778000.000
1602	3951	3951000.000
1603	4026	4026000.000
1604	3944	3944000.000
1605	3988	3988000.000
1606	3955	3955000.000
1607	3828	3828000.000
1608	3842	3842000.000
1609	3840	3840000.000
1610	4017	4017000.000
1611	3984	3984000.000
1612	4017	4017000.000
1613	3982	3982000.000
1614	3989	3989000.000
1615	4015	4015000.000
1616	4002	4002000.000
1617	4036	4036000.000
1618	4015	4015000.000
1619	3948	3948000.000
1620	3826	3826000.000
1621	3983	3983000.000
1622	3802	3802000.000
1623	3870	3870000.000
1624	3899	3899000.000
1625	3960	3960000.000
1626	3946	3946000.000
1627	3889	3889000.000
1628	3918	3918000.000
1629	4026	4026000.000
1630	3878	3878000.000
1631	3918	3918000.000
1632	3854	3854000.000
1633	3869	3869000.000
1634	3986	3986000.000
1635	3994	3994000.000
1636	4036	4036000.000
1637	3957	3957000.000
1638	3948	3948000.000
1639	3942	3942000.000
1640	3938	3938000.000
1641	4021	4021000.000
1642	4021	4021000.000
1643	3790	3790000.000
1644	3828	3828000.000
1645	3852	3852000.000
1646	3821	3821000.000
1647	3942	3942000.000
1648	3946	3946000.000
1649	3922	3922000.000
1650	3964	3964000.000
1651	3996	3996000.000
1652	3872	3872000.000
1653	3945	3945000.000
1654	3773	3773000.000
1655	3867	3867000.000
1656	3957	3957000.000
1657	3896	3896000.000
1658	3943	3943000.000
1659	3965	3965000.000
1660	3953	3953000.000
1661	3935	3935000.000
1662	4080	4080000.000
1663	3986	3986000.000
1664	4012	4012000.000
1665	3953	3953000.000
1666	3986	3986000.000
1667	3918	3918000.000
1668	3788	3788000.000
1669	3795	3795000.000
1670	3869	3869000.000
1671	3888	3888000.000
1672	3935	3935000.000
1673	3990	3990000.000
1674	3962	3962000.000
1675	3991	3991000.000
1676	4036	4036000.000
1677	3878	3878000.000
1678	3884	3884000.000
1679	3891	3891000.000
1680	3849	3849000.000
1681	3964	3964000.000
1682	3954	3954000.000
1683	4045	4045000.000
1684	4006	4006000.000
1685	4011	4011000.000
1686	4023	4023000.000
1687	3991	3991000.000
1688	3970	3970000.000
1689	3865	3865000.000
1690	3940	3940000.000
1691	3958	3958000.000
1692	3881	3881000.000
1693	3937	3937000.000
1694	4014	4014000.000
1695	3929	3929000.000
1696	4032	4032000.000
1697	4006	4006000.000
1698	4027	4027000.000
1699	3858	3858000.000
1700	3840	3840000.000
1701	3859	3859000.000
1702	3891	3891000.000
1703	3941	3941000.000
1704	4017	4017000.000
1705	3972	3972000.000
1706	3983	3983000.000
1707	4032	4032000.000
1708	4065	4065000.000
1709	3955	3955000.000
1710	3872	3872000.000
1711	4027	4027000.000
1712	3942	3942000.000
1713	3845	3845000.000
1714	3831	3831000.000
1715	3885	3885000.000
1716	3897	3897000.000
1717	3933	3933000.000
1718	3942	3942000.000
1719	4031	4031000.000
1720	3989	3989000.000
1721	4052	4052000.000
1722	3893	3893000.000
1723	3825	3825000.000
1724	3782	3782000.000
1725	3898	3898000.000
1726	3839	3839000.000
1727	3943	3943000.000
1728	3910	3910000.000
1729	4008	4008000.000
1730	3984	3984000.000
1731	4054	4054000.000
1732	3981	3981000.000
1733	3918	3918000.000
1734	3971	3971000.000
1735	3952	3952000.000
1736	3807	3807000.000
1737	3834	3834000.000
1738	3931	3931000.000
1739	3914	3914000.000
1740	3964	3964000.000
1741	3926	3926000.000
1742	3918	3918000.000
1743	4027	4027000.000
1744	3964	3964000.000
1745	3986	3986000.000
1746	4005	4005000.000
1747	3947	3947000.000
1748	3935	3935000.000
1749	3930	3930000.000
1750	3867	3867000.000
1751	3948	3948000.000
1752	3954	3954000.000
1753	3968	3968000.000
1754	4045	4045000.000
1755	3980	3980000.000
1756	4117	4117000.000
1757	3970	3970000.000
1758	3987	3987000.000
1759	3951	3951000.000
1760	3858	3858000.000
1761	3918	3918000.000
1762	3937	3937000.000
1763	3935	3935000.000
1764	3830	3830000.000
1765	4025	4025000.000
1766	3970	3970000.000
1767	4055	4055000.000
1768	3910	3910000.000
1769	3984	3984000.000
1770	3880	3880000.000
1771	3979	3979000.000
1772	3870	3870000.000
1773	3906	3906000.000
1774	3953	3953000.000
1775	3983	3983000.000
1776	4007	4007000.000
1777	4017	4017000.000
1778	4060	4060000.000
1779	4044	4044000.000
1780	4030	4030000.000
1781	3992	3992000.000
1782	3931	3931000.000
1783	3897	3897000.000
1784	3969	3969000.000
1785	3877	3877000.000
1786	3988	3988000.000
1787	3933	3933000.000
1788	3825	3825000.000
1789	3970	3970000.000
1790	3893	3893000.000
1791	3952	3952000.000
1792	3865	3865000.000
1793	3830	3830000.000
1794	3900	3900000.000
1795	3884	3884000.000
1796	3852	3852000.000
1797	4023	4023000.000
1798	3947	3947000.000
1799	4005	4005000.000
1800	3993	3993000.000
1801	4017	4017000.000
1802	4070	4070000.000
1803	3960	3960000.000
1804	3925	3925000.000
1805	3920	3920000.000
1806	3947	3947000.000
1807	3808	3808000.000
1808	3887	3887000.000
1809	4031	4031000.000
1810	3966	3966000.000
1811	3910	3910000.000
1812	4024	4024000.000
1813	4007	4007000.000
1814	3956	3956000.000
1815	3966	3966000.000
1816	3847	3847000.000
1817	3809	3809000.000
1818	3967	3967000.000
1819	3909	3909000.000
1820	3943	3943000.000
1821	4006	4006000.000
1822	3963	3963000.000
1823	4049	4049000.000
1824	4079	4079000.000
1825	4062	4062000.000
1826	3979	3979000.000
1827	3930	3930000.000
1828	3913	3913000.000
1829	3934	3934000.000
1830	3941	3941000.000
1831	3957	3957000.000
1832	3900	3900000.000
1833	4038	4038000.000
1834	3994	3994000.000
1835	4056	4056000.000
1836	3976	3976000.000
1837	3998	3998000.000
1838	3935	3935000.000
1839	3908	3908000.000
1840	3790	3790000.000
1841	3858	3858000.000
1842	3874	3874000.000
1843	3924	3924000.000
1844	4003	4003000.000
1845	4036	4036000.000
1846	3996	3996000.000
1847	4060	4060000.000
1848	3967	3967000.000
1849	4019	4019000.000
1850	3916	3916000.000
1851	3860	3860000.000
1852	3975	3975000.000
1853	3894	3894000.000
1854	3935	3935000.000
1855	3887	3887000.000
1856	3893	3893000.000
1857	3949	3949000.000
1858	3940	3940000.000
1859	3959	3959000.000
1860	3967	3967000.000
1861	3923	3923000.000
1862	3981	3981000.000
1863	3898	3898000.000
1864	3864	3864000.000
1865	3863	3863000.000
1866	3902	3902000.000
1867	4017	4017000.000
1868	4007	4007000.000
1869	4006	4006000.000
1870	4058	4058000.000
1871	3986	3986000.000
1872	3957	3957000.000
1873	3807	3807000.000
1874	3863	3863000.000
1875	3873	3873000.000
1876	3944	3944000.000
1877	3865	3865000.000
1878	3963	3963000.000
1879	4043	4043000.000
1880	3997	3997000.000
1881	4036	4036000.000
1882	4077	4077000.000
1883	4042	4042000.000
1884	3988	3988000.000
1885	3895	3895000.000
1886	3947	3947000.000
1887	3924	3924000.000
1888	3834	3834000.000
1889	3929	3929000.000
1890	3946	3946000.000
1891	4062	4062000.000
1892	3903	3903000.000
1893	4014	4014000.000
1894	4027	4027000.000
1895	4009	4009000.000
1896	3880	3880000.000
1897	3802	3802000.000
1898	3827	3827000.000
1899	3904	3904000.000
1900	3909	3909000.000
1901	3909	3909000.000
1902	4002	4002000.000
1903	3908	3908000.000
1904	3920	3920000.000
1905	3990	3990000.000
1906	3898	3898000.000
1907	3938	3938000.000
1908	3889	3889000.000
1909	3931	3931000.000
1910	3925	3925000.000
1911	3877	3877000.000
1912	3926	3926000.000
1913	3978	3978000.000
1914	4078	4078000.000
1915	4015	4015000.000
1916	4043	4043000.000
1917	4018	4018000.000
1918	3957	3957000.000
1919	3982	3982000.000
1920	3887	3887000.000
1921	3875	3875000.000
1922	3845	3845000.000
1923	3869	3869000.000
1924	3976	3976000.000
1925	4038	4038000.000
1926	4010	4010000.000
1927	3995	3995000.000
1928	4009	4009000.000
1929	3990	3990000.000
1930	3930	3930000.000
1931	3951	3951000.000
1932	3876	3876000.000
1933	3798	3798000.000
1934	3953	3953000.000
1935	3939	3939000.000
1936	4004	4004000.000
1937	4001	4001000.000
1938	3913	3913000.000
1939	3952	3952000.000
1940	4013	4013000.000
1941	3991	3991000.000
1942	3959	3959000.000
1943	3883	3883000.000
1944	3837	3837000.000
1945	3903	3903000.000
1946	3987	3987000.000
1947	3978	3978000.000
1948	3944	3944000.000
1949	3940	3940000.000
1950	4001	4001000.000
1951	4016	4016000.000
1952	3988	3988000.000
1953	4012	4012000.000
1954	3975	3975000.000
1955	3781	3781000.000
1956	3820	3820000.000
1957	3849	3849000.000
1958	3844	3844000.000
1959	3918	3918000.000
1960	4021	4021000.000
1961	4016	4016000.000
1962	3997	3997000.000
1963	4001	4001000.000
1964	3936	3936000.000
1965	3877	3877000.000
1966	3914	3914000.000
1967	3858	3858000.000
1968	3891	3891000.000
1969	4023	4023000.000
1970	3925	3925000.000
1971	4065	4065000.000
1972	3996	3996000.000
1973	4017	4017000.000
1974	3976	3976000.000
1975	3985	3985000.000
1976	4052	4052000.000
1977	3977	3977000.000
1978	3897	3897000.000
1979	3936	3936000.000
1980	3927	3927000.000
1981	3913	3913000.000
1982	3860	3860000.000
1983	3844	3844000.000
1984	3917	3917000.000
1985	3950	3950000.000
1986	4007	4007000.000
1987	3993	3993000.000
1988	3994	3994000.000
1989	3837	3837000.000
1990	3969	3969000.000
1991	3930	3930000.000
1992	3918	3918000.000
1993	3906	3906000.000
1994	3979	3979000.000
1995	3978	3978000.000
1996	3990	3990000.000
1997	3998	3998000.000
1998	4104	4104000.000
1999	4061	4061000.000
2000	3935	3935000.000
2001	3871	3871000.000
2002	3918	3918000.000
2003	3885	3885000.000
2004	3933	3933000.000
2005	3984	3984000.000
2006	3806	3806000.000
2007	3946	3946000.000
2008	4052	4052000.000
2009	3893	3893000.000
2010	3920	3920000.000
2011	3948	3948000.000
2012	3911	3911000.000
2013	3823	3823000.000
2014	3805	3805000.000
2015	3850	3850000.000
2016	3951	3951000.000
2017	4082	4082000.000
2018	4008	4008000.000
2019	4072	4072000.000
2020	3973	3973000.000
2021	4043	4043000.000
2022	4067	4067000.000
2023	3954	3954000.000
2024	4021	4021000.000
2025	3936	3936000.000
2026	3895	3895000.000
2027	3916	3916000.000
2028	3853	3853000.000
2029	3835	3835000.000
2030	4003	4003000.000
2031	3941	3941000.000
2032	4019	4019000.000
2033	4045	4045000.000
2034	4034	4034000.000
2035	3791	3791000.000
2036	3931	3931000.000
2037	3753	3753000.000
2038	3873	3873000.000
2039	3938	3938000.000
2040	3947	3947000.000
2041	4029	4029000.000
2042	3904	3904000.000
2043	3994	3994000.000
2044	4023	4023000.000
2045	4012	4012000.000
2046	3979	3979000.000
2047	3920	3920000.000
2048	3894	3894000.000
2049	3870	3870000.000
2050	3951	3951000.000
2051	3806	3806000.000
2052	3951	3951000.000
2053	3988	3988000.000
2054	4006	4006000.000
2055	3926	3926000.000
2056	3974	3974000.000
2057	3957	3957000.000
2058	3951	3951000.000
2059	3864	3864000.000
2060	3929	3929000.000
2061	3898	3898000.000
2062	3902	3902000.000
2063	3924	3924000.000
2064	4056	4056000.000
2065	4011	4011000.000
2066	4041	4041000.000
2067	4086	4086000.000
2068	4087	4087000.000
2069	4041	4041000.000
2070	3969	3969000.000
2071	4027	4027000.000
2072	3833	3833000.000
2073	4011	4011000.000
2074	3956	3956000.000
2075	3935	3935000.000
2076	4001	4001000.000
2077	4042	4042000.000
2078	3988	3988000.000
2079	3969	3969000.000
2080	3961	3961000.000
2081	3889	3889000.000
2082	3819	3819000.000
2083	3966	3966000.000
2084	3906	3906000.000
2085	3884	3884000.000
2086	3991	3991000.000
2087	3984	3984000.000
2088	3963	3963000.000
2089	4004	4004000.000
2090	4002	4002000.000
2091	4026	4026000.000
2092	3911	3911000.000
2093	3959	3959000.000
2094	3896	3896000.000
2095	3805	3805000.000
2096	3882	3882000.000
2097	3872	3872000.000
2098	3909	3909000.000
2099	3916	3916000.000
2100	4038	4038000.000
2101	3916	3916000.000
2102	3992	3992000.000
2103	3946	3946000.000
2104	3995	3995000.000
2105	3960	3960000.000
2106	3856	3856000.000
2107	3831	3831000.000
2108	3889	3889000.000
2109	3985	3985000.000
2110	3980	3980000.000
2111	4038	4038000.000
2112	4013	4013000.000
2113	4055	4055000.000
2114	4100	4100000.000
2115	3950	3950000.000
2116	4037	4037000.000
2117	4013	4013000.000
2118	3996	3996000.000
2119	3795	3795000.000
2120	3893	3893000.000
2121	3985	3985000.000
2122	3932	3932000.000
2123	4047	4047000.000
2124	4063	4063000.000
2125	3950	3950000.000
2126	3987	3987000.000
2127	3927	3927000.000
2128	3865	3865000.000
2129	3790	3790000.000
2130	3873	3873000.000
2131	3921	3921000.000
2132	4019	4019000.000
2133	3973	3973000.000
2134	4071	4071000.000
2135	3918	3918000.000
2136	4033	4033000.000
2137	3916	3916000.000
2138	4009	4009000.000
2139	3905	3905000.000
2140	3884	3884000.000
2141	3818	3818000.000
2142	3807	3807000.000
2143	3826	3826000.000
2144	3930	3930000.000
2145	3904	3904000.000
2146	3915	3915000.000
2147	3944	3944000.000
2148	4027	4027000.000
2149	3973	3973000.000
2150	3835	3835000.000
2151	3869	3869000.000
2152	3880	3880000.000
2153	3974	3974000.000
2154	3933	3933000.000
2155	3994	3994000.000
2156	3991	3991000.000
2157	3960	3960000.000
2158	4048	4048000.000
2159	4042	4042000.000
2160	3946	3946000.000
2161	3905	3905000.000
2162	4118	4118000.000
2163	4033	4033000.000
2164	3998	3998000.000
2165	3787	3787000.000
2166	3943	3943000.000
2167	3825	3825000.000
2168	3952	3952000.000
2169	3966	3966000.000
2170	4021	4021000.000
2171	4029	4029000.000
2172	3994	3994000.000
2173	4058	4058000.000
2174	3962	3962000.000
2175	3897	3897000.000
2176	3908	3908000.000
2177	3965	3965000.000
2178	3975	3975000.000
2179	3912	3912000.000
2180	3968	3968000.000
2181	3923	3923000.000
2182	3960	3960000.000
2183	3954	3954000.000
2184	4015	4015000.000
2185	4025	4025000.000
2186	4027	4027000.000
2187	3827	3827000.000
2188	3915	3915000.000
2189	3847	3847000.000
2190	3928	3928000.000
2191	3973	3973000.000
2192	4051	4051000.000
2193	4024	4024000.000
2194	4019	4019000.000
2195	4048	4048000.000
2196	4055	4055000.000
2197	3943	3943000.000
2198	3921	3921000.000
2199	3861	3861000.000
2200	3959	3959000.000
2201	3893	3893000.000
2202	3915	3915000.000
2203	4006	4006000.000
2204	4081	4081000.000
2205	4015	4015000.000
2206	3969	3969000.000
2207	4060	4060000.000
2208	3993	3993000.000
2209	3932	3932000.000
2210	3895	3895000.000
2211	3947	3947000.000
2212	3899	3899000.000
2213	3960	3960000.000
2214	3914	3914000.000
2215	4021	4021000.000
2216	4009	4009000.000
2217	3993	3993000.000
2218	3961	3961000.000
2219	3939	3939000.000
2220	3943	3943000.000
2221	3925	3925000.000
2222	3962	3962000.000
2223	3869	3869000.000
2224	3974	3974000.000
2225	3965	3965000.000
2226	4036	4036000.000
2227	4073	4073000.000
2228	4086	4086000.000
2229	4032	4032000.000
2230	3943	3943000.000
2231	4000	4000000.000
2232	3902	3902000.000
2233	3913	3913000.000
2234	3815	3815000.000
2235	3845	3845000.000
2236	3923	3923000.000
2237	3992	3992000.000
2238	3896	3896000.000
2239	4006	4006000.000
2240	4113	4113000.000
2241	3981	3981000.000
2242	4055	4055000.000
2243	3905	3905000.000
2244	3985	3985000.000
2245	3891	3891000.000
2246	3885	3885000.000
2247	3909	3909000.000
2248	4007	4007000.000
2249	4004	4004000.000
2250	4099	4099000.000
2251	4022	4022000.000
2252	4030	4030000.000
2253	3950	3950000.000
2254	4016	4016000.000
2255	4033	4033000.000
2256	3848	3848000.000
2257	3970	3970000.000
2258	3925	3925000.000
2259	3871	3871000.000
2260	3956	3956000.000
2261	4092	4092000.000
2262	3972	3972000.000
2263	4004	4004000.000
2264	4013	4013000.000
2265	3959	3959000.000
2266	3984	3984000.000
2267	3936	3936000.000
2268	3928	3928000.000
2269	3923	3923000.000
2270	3994	3994000.000
2271	3993	3993000.000
2272	4050	4050000.000
2273	4052	4052000.000
2274	4054	4054000.000
2275	3906	3906000.000
2276	4052	4052000.000
2277	3939	3939000.000
2278	3949	3949000.000
2279	3895	3895000.000
2280	3884	3884000.000
2281	3914	3914000.000
2282	3877	3877000.000
2283	3961	3961000.000
2284	3991	3991000.000
2285	3978	3978000.000
2286	3990	3990000.000
2287	4011	4011000.000
2288	3960	3960000.000
2289	3864	3864000.000
2290	3832	3832000.000
2291	3960	3960000.000
2292	3968	3968000.000
2293	4031	4031000.000
2294	3971	3971000.000
2295	3951	3951000.000
2296	3921	3921000.000
2297	4034	4034000.000
2298	3981	3981000.000
2299	3994	3994000.000
2300	3962	3962000.000
2301	3944	3944000.000
2302	3992	3992000.000
2303	3965	3965000.000
2304	3886	3886000.000
2305	3915	3915000.000
2306	3958	3958000.000
2307	3924	3924000.000
2308	4069	4069000.000
2309	4082	4082000.000
2310	3993	3993000.000
2311	4109	4109000.000
2312	4027	4027000.000
2313	3906	3906000.000
2314	3813	3813000.000
2315	3811	3811000.000
2316	3917	3917000.000
2317	4035	4035000.000
2318	4058	4058000.000
2319	3992	3992000.000
2320	4078	4078000.000
2321	4074	4074000.000
2322	4030	4030000.000
2323	3962	3962000.000
2324	3999	3999000.000
2325	3921	3921000.000
2326	3899	3899000.000
2327	3827	3827000.000
2328	3958	3958000.000
2329	3990	3990000.000
2330	4056	4056000.000
2331	3953	3953000.000
2332	4016	4016000.000
2333	3915	3915000.000
2334	4011	4011000.000
2335	3948	3948000.000
2336	3978	3978000.000
2337	3903	3903000.000
2338	3885	3885000.000
2339	3933	3933000.000
2340	4008	4008000.000
2341	3991	3991000.000
2342	3999	3999000.000
2343	3962	3962000.000
2344	4039	4039000.000
2345	3967	3967000.000
2346	4022	4022000.000
2347	3937	3937000.000
2348	4006	4006000.000
2349	3815	3815000.000
2350	3953	3953000.000
2351	3954	3954000.000
2352	3936	3936000.000
2353	4045	4045000.000
2354	3998	3998000.000
2355	4033	4033000.000
2356	4046	4046000.000
2357	4041	4041000.000
2358	4070	4070000.000
2359	3868	3868000.000
2360	3973	3973000.000
2361	3919	3919000.000
2362	4001	4001000.000
2363	3961	3961000.000
2364	4074	4074000.000
2365	4003	4003000.000
2366	4041	4041000.000
2367	4064	4064000.000
2368	3927	3927000.000
2369	3995	3995000.000
2370	3916	3916000.000
2371	3985	3985000.000
2372	3854	3854000.000
2373	3869	3869000.000
2374	3954	3954000.000
2375	3937	3937000.000
2376	4013	4013000.000
2377	4087	4087000.000
2378	3981	3981000.000
2379	4047	4047000.000
2380	3938	3938000.000
2381	4049	4049000.000
2382	3815	3815000.000
2383	3843	3843000.000
2384	3790	3790000.000
2385	3920	3920000.000
2386	3983	3983000.000
2387	4008	4008000.000
2388	3956	3956000.000
2389	3986	3986000.000
2390	3992	3992000.000
2391	4074	4074000.000
2392	4135	4135000.000
2393	3968	3968000.000
2394	3975	3975000.000
2395	3908	3908000.000
2396	3855	3855000.000
2397	4010	4010000.000
2398	3947	3947000.000
2399	3946	3946000.000
2400	4103	4103000.000
2401	4155	4155000.000
2402	4072	4072000.000
2403	4020	4020000.000
2404	3999	3999000.000
2405	3891	3891000.000
2406	3913	3913000.000
2407	3969	3969000.000
2408	3919	3919000.000
2409	3955	3955000.000
2410	4084	4084000.000
2411	4048	4048000.000
2412	4026	4026000.000
2413	3966	3966000.000
2414	4043	4043000.000
2415	3945	3945000.000
2416	4078	4078000.000
2417	3836	3836000.000
2418	3918	3918000.000
2419	3919	3919000.000
2420	3844	3844000.000
2421	3966	3966000.000
2422	4023	4023000.000
2423	4069	4069000.000
2424	4103	4103000.000
2425	3999	3999000.000
2426	4011	4011000.000
2427	4073	4073000.000
2428	3832	3832000.000
2429	3870	3870000.000
2430	3808	3808000.000
2431	3914	3914000.000
2432	3920	3920000.000
2433	3961	3961000.000
2434	3966	3966000.000
2435	3929	3929000.000
2436	4013	4013000.000
2437	4029	4029000.000
2438	4107	4107000.000
2439	4060	4060000.000
2440	3887	3887000.000
2441	3804	3804000.000
2442	3891	3891000.000
2443	3986	3986000.000
2444	3934	3934000.000
2445	4024	4024000.000
2446	4023	4023000.000
2447	3951	3951000.000
2448	3985	3985000.000
2449	4026	4026000.000
2450	3995	3995000.000
2451	3960	3960000.000
2452	3898	3898000.000
2453	3807	3807000.000
2454	3864	3864000.000
2455	3922	3922000.000
2456	3987	3987000.000
2457	4009	4009000.000
2458	4021	4021000.000
2459	4068	4068000.000
2460	3947	3947000.000
2461	4004	4004000.000
2462	3981	3981000.000
2463	4018	4018000.000
2464	3957	3957000.000
2465	3862	3862000.000
2466	3893	3893000.000
2467	3934	3934000.000
2468	4001	4001000.000
2469	4013	4013000.000
2470	4041	4041000.000
2471	3975	3975000.000
2472	4035	4035000.000
2473	4043	4043000.000
2474	3942	3942000.000
2475	3939	3939000.000
2476	3954	3954000.000
2477	3929	3929000.000
2478	3922	3922000.000
2479	3939	3939000.000
2480	3977	3977000.000
2481	4042	4042000.000
2482	3957	3957000.000
2483	4039	4039000.000
2484	3964	3964000.000
2485	3939	3939000.000
2486	3925	3925000.000
2487	3867	3867000.000
2488	3909	3909000.000
2489	3871	3871000.000
2490	3780	3780000.000
2491	3943	3943000.000
2492	4085	4085000.000
2493	3984	3984000.000
2494	4017	4017000.000
2495	4009	4009000.000
2496	3949	3949000.000
2497	4034	4034000.000
2498	3893	3893000.000
2499	3945	3945000.000
2500	3840	3840000.000
2501	3935	3935000.000
2502	3949	3949000.000
2503	3951	3951000.000
2504	3986	3986000.000
2505	3966	3966000.000
2506	4093	4093000.000
2507	4080	4080000.000
2508	3949	3949000.000
2509	3935	3935000.000
2510	3931	3931000.000
2511	3869	3869000.000
2512	3804	3804000.000
2513	4019	4019000.000
2514	3972	3972000.000
2515	4140	4140000.000
2516	3977	3977000.000
2517	3999	3999000.000
2518	4023	4023000.000
2519	4032	4032000.000
2520	3955	3955000.000
2521	3854	3854000.000
2522	3867	3867000.000
2523	3888	3888000.000
2524	3889	3889000.000
2525	3962	3962000.000
2526	3934	3934000.000
2527	3975	3975000.000
2528	3937	3937000.000
2529	4062	4062000.000
2530	4061	4061000.000
2531	3941	3941000.000
2532	3858	3858000.000
2533	3846	3846000.000
2534	3903	3903000.000
2535	3883	3883000.000
2536	3952	3952000.000
2537	3956	3956000.000
2538	3987	3987000.000
2539	4106	4106000.000
2540	4035	4035000.000
2541	4068	4068000.000
2542	3870	3870000.000
2543	3853	3853000.000
2544	3965	3965000.000
2545	3888	3888000.000
2546	3909	3909000.000
2547	3964	3964000.000
2548	3869	3869000.000
2549	4076	4076000.000
2550	3939	3939000.000
2551	3950	3950000.000
2552	3926	3926000.000
2553	4071	4071000.000
2554	4015	4015000.000
2555	3938	3938000.000
2556	3968	3968000.000
2557	3920	3920000.000
2558	3811	3811000.000
2559	3849	3849000.000
2560	3918	3918000.000
2561	3965	3965000.000
2562	3983	3983000.000
2563	4049	4049000.000
2564	4044	4044000.000
2565	4031	4031000.000
2566	3921	3921000.000
2567	3871	3871000.000
2568	3861	3861000.000
2569	3901	3901000.000
2570	3944	3944000.000
2571	3987	3987000.000
2572	3987	3987000.000
2573	3951	3951000.000
2574	4028	4028000.000
2575	4074	4074000.000
2576	3985	3985000.000
2577	4017	4017000.000
2578	4077	4077000.000
2579	4002	4002000.000
2580	3921	3921000.000
2581	3974	3974000.000
2582	3918	3918000.000
2583	3785	3785000.000
2584	3972	3972000.000
2585	3959	3959000.000
2586	4004	4004000.000
2587	4036	4036000.000
2588	4000	4000000.000
2589	4090	4090000.000
2590	4039	4039000.000
2591	3767	3767000.000
2592	3949	3949000.000
2593	3905	3905000.000
2594	3905	3905000.000
2595	4061	4061000.000
2596	4006	4006000.000
2597	4034	4034000.000
2598	4064	4064000.000
2599	4032	4032000.000
2600	3881	3881000.000
2601	3895	3895000.000
2602	3891	3891000.000
2603	3888	3888000.000
2604	3881	3881000.000
2605	3813	3813000.000
2606	3974	3974000.000
2607	3992	3992000.000
2608	4037	4037000.000
2609	3983	3983000.000
2610	4063	4063000.000
2611	4073	4073000.000
2612	4003	4003000.000
2613	3969	3969000.000
2614	3971	3971000.000
2615	3881	3881000.000
2616	3855	3855000.000
2617	3896	3896000.000
2618	3911	3911000.000
2619	3941	3941000.000
2620	3992	3992000.000
2621	3972	3972000.000
2622	4020	4020000.000
2623	4006	4006000.000
2624	4018	4018000.000
2625	4035	4035000.000
2626	3903	3903000.000
2627	3855	3855000.000
2628	3836	3836000.000
2629	3886	3886000.000
2630	4023	4023000.000
2631	4126	4126000.000
2632	3934	3934000.000
2633	4003	4003000.000
2634	4040	4040000.000
2635	3975	3975000.000
2636	3915	3915000.000
2637	3835	3835000.000
2638	3907	3907000.000
2639	3853	3853000.000
2640	3953	3953000.000
2641	3967	3967000.000
2642	4000	4000000.000
2643	4014	4014000.000
2644	3857	3857000.000
2645	4061	4061000.000
2646	3972	3972000.000
2647	4042	4042000.000
2648	3965	3965000.000
2649	3927	3927000.000
2650	3922	3922000.000
2651	3878	3878000.000
2652	3824	3824000.000
2653	3980	3980000.000
2654	4019	4019000.000
2655	4069	4069000.000
2656	3908	3908000.000
2657	4088	4088000.000
2658	4019	4019000.000
2659	3957	3957000.000
2660	3890	3890000.000
2661	3916	3916000.000
2662	3958	3958000.000
2663	3929	3929000.000
2664	3926	3926000.000
2665	4028	4028000.000
2666	4013	4013000.000
2667	3978	3978000.000
2668	4043	4043000.000
2669	4064	4064000.000
2670	3971	3971000.000
2671	4009	4009000.000
2672	3811	3811000.000
2673	3896	3896000.000
2674	3892	3892000.000
2675	3876	3876000.000
2676	3980	3980000.000
2677	4098	4098000.000
2678	4006	4006000.000
2679	3948	3948000.000
2680	4033	4033000.000
2681	4002	4002000.000
2682	4000	4000000.000
2683	3906	3906000.000
2684	3849	3849000.000
2685	3868	3868000.000
2686	3858	3858000.000
2687	3894	3894000.000
2688	3992	3992000.000
2689	3954	3954000.000
2690	3912	3912000.000
2691	4034	4034000.000
2692	4059	4059000.000
2693	4011	4011000.000
2694	3973	3973000.000
2695	3933	3933000.000
2696	3917	3917000.000
2697	3815	3815000.000
2698	3911	3911000.000
2699	3868	3868000.000
2700	4007	4007000.000
2701	3873	3873000.000
2702	3975	3975000.000
2703	4035	4035000.000
2704	4048	4048000.000
2705	4037	4037000.000
2706	3897	3897000.000
2707	3934	3934000.000
2708	3938	3938000.000
2709	3914	3914000.000
2710	3968	3968000.000
2711	3944	3944000.000
2712	3912	3912000.000
2713	4020	4020000.000
2714	3960	3960000.000
2715	3995	3995000.000
2716	4009	4009000.000
2717	3989	3989000.000
2718	3970	3970000.000
2719	3889	3889000.000
2720	3874	3874000.000
2721	3993	3993000.000
2722	3964	3964000.000
2723	4006	4006000.000
2724	4025	4025000.000
2725	4001	4001000.000
2726	4061	4061000.000
2727	3967	3967000.000
2728	4062	4062000.000
2729	4062	4062000.000
2730	3907	3907000.000
2731	3830	3830000.000
2732	3847	3847000.000
2733	3902	3902000.000
2734	3936	3936000.000
2735	4007	4007000.000
2736	3933	3933000.000
2737	3995	3995000.000
2738	3997	3997000.000
2739	3910	3910000.000
2740	3954	3954000.000
2741	3960	3960000.000
2742	3876	3876000.000
2743	3785	3785000.000
2744	3853	3853000.000
2745	3863	3863000.000
2746	4079	4079000.000
2747	3923	3923000.000
2748	4104	4104000.000
2749	3953	3953000.000
2750	4015	4015000.000
2751	4064	4064000.000
2752	3985	3985000.000
2753	3860	3860000.000
2754	3956	3956000.000
2755	3790	3790000.000
2756	3836	3836000.000
2757	3981	3981000.000
2758	3857	3857000.000
2759	4019	4019000.000
2760	4033	4033000.000
2761	3963	3963000.000
2762	4003	4003000.000
2763	3983	3983000.000
2764	3999	3999000.000
2765	3807	3807000.000
2766	3843	3843000.000
2767	3858	3858000.000
2768	3970	3970000.000
2769	4022	4022000.000
2770	4120	4120000.000
2771	4008	4008000.000
2772	4046	4046000.000
2773	3984	3984000.000
2774	4028	4028000.000
2775	4045	4045000.000
2776	3954	3954000.000
2777	3873	3873000.000
2778	3819	3819000.000
2779	3905	3905000.000
2780	3989	3989000.000
2781	3900	3900000.000
2782	3930	3930000.000
2783	4027	4027000.000
2784	3951	3951000.000
2785	3970	3970000.000
2786	3896	3896000.000
2787	3931	3931000.000
2788	3914	3914000.000
2789	3836	3836000.000
2790	3918	3918000.000
2791	3930	3930000.000
2792	4019	4019000.000
2793	4049	4049000.000
2794	4041	4041000.000
2795	3932	3932000.000
2796	3982	3982000.000
2797	4008	4008000.000
2798	4061	4061000.000
2799	4091	4091000.000
2800	3844	3844000.000
2801	3841	3841000.000
2802	3884	3884000.000
2803	3995	3995000.000
2804	3934	3934000.000
2805	3979	3979000.000
2806	3944	3944000.000
2807	4013	4013000.000
2808	3872	3872000.000
2809	3978	3978000.000
2810	3941	3941000.000
2811	3900	3900000.000
2812	3849	3849000.000
2813	3866	3866000.000
2814	3871	3871000.000
2815	4020	4020000.000
2816	4011	4011000.000
2817	4036	4036000.000
2818	4002	4002000.000
2819	4040	4040000.000
2820	4058	4058000.000
2821	4008	4008000.000
2822	3986	3986000.000
2823	3943	3943000.000
2824	3901	3901000.000
2825	3898	3898000.000
2826	3869	3869000.000
2827	3898	3898000.000
2828	3941	3941000.000
2829	4027	4027000.000
2830	3911	3911000.000
2831	4062	4062000.000
2832	3957	3957000.000
2833	4026	4026000.000
2834	3874	3874000.000
2835	3965	3965000.000
2836	3870	3870000.000
2837	3962	3962000.000
2838	4000	4000000.000
2839	4017	4017000.000
2840	4040	4040000.000
2841	3961	3961000.000
2842	4012	4012000.000
2843	3998	3998000.000
2844	3948	3948000.000
2845	3903	3903000.000
2846	3843	3843000.000
2847	3918	3918000.000
2848	3906	3906000.000
2849	3904	3904000.000
2850	3952	3952000.000
2851	3994	3994000.000
2852	4003	4003000.000
2853	4047	4047000.000
2854	4064	4064000.000
2855	3999	3999000.000
2856	3931	3931000.000
2857	3945	3945000.000
2858	3876	3876000.000
2859	3829	3829000.000
2860	3887	3887000.000
2861	4051	4051000.000
2862	3958	3958000.000
2863	3948	3948000.000
2864	3964	3964000.000
2865	3996	3996000.000
2866	3918	3918000.000
2867	3953	3953000.000
2868	3934	3934000.000
2869	3949	3949000.000
2870	3858	3858000.000
2871	3844	3844000.000
2872	3918	3918000.000
2873	3937	3937000.000
2874	3979	3979000.000
2875	3929	3929000.000
2876	4010	4010000.000
2877	3839	3839000.000
2878	3954	3954000.000
2879	3905	3905000.000
2880	3943	3943000.000
2881	3896	3896000.000
2882	3863	3863000.000
2883	3839	3839000.000
2884	3926	3926000.000
2885	4083	4083000.000
2886	3999	3999000.000
2887	3911	3911000.000
2888	3998	3998000.000
2889	3993	3993000.000
2890	4047	4047000.000
2891	3989	3989000.000
2892	3973	3973000.000
2893	3868	3868000.000
2894	3997	3997000.000
2895	3910	3910000.000
2896	3905	3905000.000
2897	3939	3939000.000
2898	3963	3963000.000
2899	3908	3908000.000
2900	3950	3950000.000
2901	3918	3918000.000
2902	3956	3956000.000
2903	3837	3837000.000
2904	3838	3838000.000
2905	3851	3851000.000
2906	3962	3962000.000
2907	3957	3957000.000
2908	3954	3954000.000
2909	3959	3959000.000
2910	3975	3975000.000
2911	4053	4053000.000
2912	3996	3996000.000
2913	4028	4028000.000
2914	4010	4010000.000
2915	3984	3984000.000
2916	4005	4005000.000
2917	3957	3957000.000
2918	3926	3926000.000
2919	3872	3872000.000
2920	3849	3849000.000
2921	3954	3954000.000
2922	3932	3932000.000
2923	4018	4018000.000
2924	3869	3869000.000
2925	3930	3930000.000
2926	3940	3940000.000
2927	3844	3844000.000
2928	3956	3956000.000
2929	3951	3951000.000
2930	3939	3939000.000
2931	4021	4021000.000
2932	4028	4028000.000
2933	3976	3976000.000
2934	3976	3976000.000
2935	4036	4036000.000
2936	3998	3998000.000
2937	4070	4070000.000
2938	4079	4079000.000
2939	3895	3895000.000
2940	3898	3898000.000
2941	3930	3930000.000
2942	3873	3873000.000
2943	3873	3873000.000
2944	4016	4016000.000
2945	3922	3922000.000
2946	3953	3953000.000
2947	3974	3974000.000
2948	3968	3968000.000
2949	3868	3868000.000
2950	3879	3879000.000
2951	3871	3871000.000
2952	3944	3944000.000
2953	4011	4011000.000
2954	4006	4006000.000
2955	4009	4009000.000
2956	4020	4020000.000
2957	3932	3932000.000
2958	4045	4045000.000
2959	4001	4001000.000
2960	3974	3974000.000
2961	3993	3993000.000
2962	4037	4037000.000
2963	3856	3856000.000
2964	3834	3834000.000
2965	3814	3814000.000
2966	3875	3875000.000
2967	3981	3981000.000
2968	3934	3934000.000
2969	3982	3982000.000
2970	3877	3877000.000
2971	3921	3921000.000
2972	3885	3885000.000
2973	3877	3877000.000
2974	3793	3793000.000
2975	3882	3882000.000
2976	3982	3982000.000
2977	4047	4047000.000
2978	3993	3993000.000
2979	3921	3921000.000
2980	3953	3953000.000
2981	3966	3966000.000
2982	4027	4027000.000
2983	3945	3945000.000
2984	3881	3881000.000
2985	3952	3952000.000
2986	3934	3934000.000
2987	3882	3882000.000
2988	3876	3876000.000
2989	3886	3886000.000
2990	3863	3863000.000
2991	3975	3975000.000
2992	3898	3898000.000
2993	3861	3861000.000
2994	3957	3957000.000
2995	3851	3851000.000
2996	3857	3857000.000
2997	3974	3974000.000
2998	3894	3894000.000
2999	4009	4009000.000
3000	4047	4047000.000
3001	4031	4031000.000
3002	4014	4014000.000
3003	3946	3946000.000
3004	4046	4046000.000
3005	3979	3979000.000
3006	4107	4107000.000
3007	4002	4002000.000
3008	3955	3955000.000
3009	3925	3925000.000
3010	3801	3801000.000
3011	3857	3857000.000
3012	3823	3823000.000
3013	3945	3945000.000
3014	3916	3916000.000
3015	3981	3981000.000
3016	3955	3955000.000
3017	3850	3850000.000
3018	3911	3911000.000
3019	3760	3760000.000
3020	3895	3895000.000
3021	3852	3852000.000
3022	4027	4027000.000
3023	4008	4008000.000
3024	3971	3971000.000
3025	3981	3981000.000
3026	3977	3977000.000
3027	4027	4027000.000
3028	3981	3981000.000
3029	4010	4010000.000
3030	4066	4066000.000
3031	4044	4044000.000
3032	3902	3902000.000
3033	3898	3898000.000
3034	3888	3888000.000
3035	3840	3840000.000
3036	3850	3850000.000
3037	3937	3937000.000
3038	3900	3900000.000
3039	3872	3872000.000
3040	3878	3878000.000
3041	3818	3818000.000
3042	3984	3984000.000
3043	3929	3929000.000
3044	3962	3962000.000
3045	4006	4006000.000
3046	4033	4033000.000
3047	3973	3973000.000
3048	3986	3986000.000
3049	3896	3896000.000
3050	3980	3980000.000
3051	3918	3918000.000
3052	3908	3908000.000
3053	4053	4053000.000
3054	3864	3864000.000
3055	4030	4030000.000
3056	3949	3949000.000
3057	3784	3784000.000
3058	3825	3825000.000
3059	3902	3902000.000
3060	3840	3840000.000
3061	3900	3900000.000
3062	3905	3905000.000
3063	3901	3901000.000
3064	3931	3931000.000
3065	3973	3973000.000
3066	3822	3822000.000
3067	3826	3826000.000
3068	4004	4004000.000
3069	4041	4041000.000
3070	3997	3997000.000
3071	4051	4051000.000
3072	3973	3973000.000
3073	3894	3894000.000
3074	3951	3951000.000
3075	3977	3977000.000
3076	3943	3943000.000
3077	4050	4050000.000
3078	4044	4044000.000
3079	3997	3997000.000
3080	3906	3906000.000
3081	3860	3860000.000
3082	3843	3843000.000
3083	3874	3874000.000
3084	3927	3927000.000
3085	3885	3885000.000
3086	3867	3867000.000
3087	3963	3963000.000
3088	3904	3904000.000
3089	3896	3896000.000
3090	3957	3957000.000
3091	3969	3969000.000
3092	4027	4027000.000
3093	4023	4023000.000
3094	4007	4007000.000
3095	4025	4025000.000
3096	4015	4015000.000
3097	3990	3990000.000
3098	3983	3983000.000
3099	3968	3968000.000
3100	4020	4020000.000
3101	4033	4033000.000
3102	3889	3889000.000
3103	3887	3887000.000
3104	3785	3785000.000
3105	3854	3854000.000
3106	3946	3946000.000
3107	3929	3929000.000
3108	3968	3968000.000
3109	3861	3861000.000
3110	3815	3815000.000
3111	3910	3910000.000
3112	3988	3988000.000
3113	3857	3857000.000
3114	3939	3939000.000
3115	4026	4026000.000
3116	4022	4022000.000
3117	3997	3997000.000
3118	4009	4009000.000
3119	3966	3966000.000
3120	3905	3905000.000
3121	4093	4093000.000
3122	3974	3974000.000
3123	3933	3933000.000
3124	3999	3999000.000
3125	4135	4135000.000
3126	3960	3960000.000
3127	3894	3894000.000
3128	3763	3763000.000
3129	3951	3951000.000
3130	3821	3821000.000
3131	3898	3898000.000
3132	3857	3857000.000
3133	3856	3856000.000
3134	3851	3851000.000
3135	3904	3904000.000
3136	4015	4015000.000
3137	4026	4026000.000
3138	4034	4034000.000
3139	4070	4070000.000
3140	3931	3931000.000
3141	3895	3895000.000
3142	3996	3996000.000
3143	3879	3879000.000
3144	4022	4022000.000
3145	4031	4031000.000
3146	3998	3998000.000
3147	4083	4083000.000
3148	3917	3917000.000
3149	3968	3968000.000
3150	3873	3873000.000
3151	3911	3911000.000
3152	3941	3941000.000
3153	3831	3831000.000
3154	3915	3915000.000
3155	3893	3893000.000
3156	3754	3754000.000
3157	3839	3839000.000
3158	3990	3990000.000
3159	4053	4053000.000
3160	3977	3977000.000
3161	4014	4014000.000
3162	4055	4055000.000
3163	4014	4014000.000
3164	4018	4018000.000
3165	3925	3925000.000
3166	4040	4040000.000
3167	4008	4008000.000
3168	4012	4012000.000
3169	3995	3995000.000
3170	4016	4016000.000
3171	4067	4067000.000
3172	3936	3936000.000
3173	3949	3949000.000
3174	3937	3937000.000
3175	3927	3927000.000
3176	3906	3906000.000
3177	3884	3884000.000
3178	3949	3949000.000
3179	3932	3932000.000
3180	3970	3970000.000
3181	3894	3894000.000
3182	3924	3924000.000
3183	3988	3988000.000
3184	4085	4085000.000
3185	4034	4034000.000
3186	4034	4034000.000
3187	4020	4020000.000
3188	3988	3988000.000
3189	3991	3991000.000
3190	4018	4018000.000
3191	4037	4037000.000
3192	4030	4030000.000
3193	4033	4033000.000
3194	4015	4015000.000
3195	3943	3943000.000
3196	4020	4020000.000
3197	3909	3909000.000
3198	3982	3982000.000
3199	3890	3890000.000
3200	3869	3869000.000
3201	3933	3933000.000
3202	4007	4007000.000
3203	3891	3891000.000
3204	3934	3934000.000
3205	4025	4025000.000
3206	4085	4085000.000
3207	4067	4067000.000
3208	3948	3948000.000
3209	4037	4037000.000
3210	3893	3893000.000
3211	4024	4024000.000
3212	4046	4046000.000
3213	3971	3971000.000
3214	4070	4070000.000
3215	3986	3986000.000
3216	4067	4067000.000
3217	3965	3965000.000
3218	3905	3905000.000
3219	3977	3977000.000
3220	3922	3922000.000
3221	3891	3891000.000
3222	3956	3956000.000
3223	3860	3860000.000
3224	3958	3958000.000
3225	3934	3934000.000
3226	3929	3929000.000
3227	3845	3845000.000
3228	3956	3956000.000
3229	3953	3953000.000
3230	4056	4056000.000
3231	4004	4004000.000
3232	4060	4060000.000
3233	4037	4037000.000
3234	4042	4042000.000
3235	4002	4002000.000
3236	4069	4069000.000
3237	3944	3944000.000
3238	3995	3995000.000
3239	4054	4054000.000
3240	3973	3973000.000
3241	3950	3950000.000
3242	3914	3914000.000
3243	3934	3934000.000
3244	3943	3943000.000
3245	3903	3903000.000
3246	3904	3904000.000
3247	3940	3940000.000
3248	3876	3876000.000
3249	3989	3989000.000
3250	3929	3929000.000
3251	3967	3967000.000
3252	4047	4047000.000
3253	3947	3947000.000
3254	4042	4042000.000
3255	4051	4051000.000
3256	3982	3982000.000
3257	3931	3931000.000
3258	3958	3958000.000
3259	4021	4021000.000
3260	4009	4009000.000
3261	4031	4031000.000
3262	4050	4050000.000
3263	3959	3959000.000
3264	4058	4058000.000
3265	3902	3902000.000
3266	3882	3882000.000
3267	3990	3990000.000
3268	3845	3845000.000
3269	3967	3967000.000
3270	3974	3974000.000
3271	3933	3933000.000
3272	3944	3944000.000
3273	3921	3921000.000
3274	4040	4040000.000
3275	4047	4047000.000
3276	4194	4194000.000
3277	4073	4073000.000
3278	3933	3933000.000
3279	4009	4009000.000
3280	3835	3835000.000
3281	3910	3910000.000
3282	3943	3943000.000
3283	4001	4001000.000
3284	3942	3942000.000
3285	4123	4123000.000
3286	4068	4068000.000
3287	4029	4029000.000
3288	3971	3971000.000
3289	3830	3830000.000
3290	3917	3917000.000
3291	3975	3975000.000
3292	3842	3842000.000
3293	3902	3902000.000
3294	3895	3895000.000
3295	3889	3889000.000
3296	3917	3917000.000
3297	4077	4077000.000
3298	4043	4043000.000
3299	4097	4097000.000
3300	4145	4145000.000
3301	3987	3987000.000
3302	4001	4001000.000
3303	4001	4001000.000
3304	4044	4044000.000
3305	3960	3960000.000
3306	4004	4004000.000
3307	4093	4093000.000
3308	4028	4028000.000
3309	4113	4113000.000
3310	4024	4024000.000
3311	4036	4036000.000
3312	3977	3977000.000
3313	3965	3965000.000
3314	3897	3897000.000
3315	3941	3941000.000
3316	3976	3976000.000
3317	3926	3926000.000
3318	3860	3860000.000
3319	3938	3938000.000
3320	3918	3918000.000
3321	3992	3992000.000
3322	4041	4041000.000
3323	4132	4132000.000
3324	3994	3994000.000
3325	4001	4001000.000
3326	3975	3975000.000
3327	4037	4037000.000
3328	4064	4064000.000
3329	4090	4090000.000
3330	4016	4016000.000
3331	4022	4022000.000
3332	4077	4077000.000
3333	4061	4061000.000
3334	3967	3967000.000
3335	3977	3977000.000
3336	3914	3914000.000
3337	3956	3956000.000
3338	3971	3971000.000
3339	3895	3895000.000
3340	3834	3834000.000
3341	3916	3916000.000
3342	3902	3902000.000
3343	3972	3972000.000
3344	3929	3929000.000
3345	4128	4128000.000
3346	3997	3997000.000
3347	3935	3935000.000
3348	3970	3970000.000
3349	3940	3940000.000
3350	4003	4003000.000
3351	3971	3971000.000
3352	3967	3967000.000
3353	4074	4074000.000
3354	4034	4034000.000
3355	3998	3998000.000
3356	3950	3950000.000
3357	4046	4046000.000
3358	3840	3840000.000
3359	3972	3972000.000
3360	3852	3852000.000
3361	3867	3867000.000
3362	3863	3863000.000
3363	3906	3906000.000
3364	3893	3893000.000
3365	3941	3941000.000
3366	3953	3953000.000
3367	4040	4040000.000
3368	4058	4058000.000
3369	4041	4041000.000
3370	4208	4208000.000
3371	4017	4017000.000
3372	3925	3925000.000
3373	3921	3921000.000
3374	4035	4035000.000
3375	4058	4058000.000
3376	4013	4013000.000
3377	4044	4044000.000
3378	4083	4083000.000
3379	4034	4034000.000
3380	4014	4014000.000
3381	3803	3803000.000
3382	3942	3942000.000
3383	3826	3826000.000
3384	3990	3990000.000
3385	3942	3942000.000
3386	3881	3881000.000
3387	3931	3931000.000
3388	3936	3936000.000
3389	3879	3879000.000
3390	3883	3883000.000
3391	3946	3946000.000
3392	4167	4167000.000
3393	3989	3989000.000
3394	3978	3978000.000
3395	3983	3983000.000
3396	3973	3973000.000
3397	3956	3956000.000
3398	3907	3907000.000
3399	3988	3988000.000
3400	4063	4063000.000
3401	4065	4065000.000
3402	4001	4001000.000
3403	3963	3963000.000
3404	3928	3928000.000
3405	4023	4023000.000
3406	3877	3877000.000
3407	3930	3930000.000
3408	4009	4009000.000
3409	3866	3866000.000
3410	3827	3827000.000
3411	3904	3904000.000
3412	3998	3998000.000
3413	3986	3986000.000
3414	4074	4074000.000
3415	4056	4056000.000
3416	4043	4043000.000
3417	4183	4183000.000
3418	4058	4058000.000
3419	3916	3916000.000
3420	3908	3908000.000
3421	4005	4005000.000
3422	4010	4010000.000
3423	4051	4051000.000
3424	4116	4116000.000
3425	4063	4063000.000
3426	4033	4033000.000
3427	3905	3905000.000
3428	3940	3940000.000
3429	3946	3946000.000
3430	3949	3949000.000
3431	3918	3918000.000
3432	3883	3883000.000
3433	3870	3870000.000
3434	3910	3910000.000
3435	3949	3949000.000
3436	3922	3922000.000
3437	4044	4044000.000
3438	4089	4089000.000
3439	4100	4100000.000
3440	3962	3962000.000
3441	4004	4004000.000
3442	3981	3981000.000
3443	3952	3952000.000
3444	4030	4030000.000
3445	4114	4114000.000
3446	4055	4055000.000
3447	3992	3992000.000
3448	4051	4051000.000
3449	4025	4025000.000
3450	3922	3922000.000
3451	3973	3973000.000
3452	3900	3900000.000
3453	3910	3910000.000
3454	3973	3973000.000
3455	3926	3926000.000
3456	3967	3967000.000
3457	3903	3903000.000
3458	3980	3980000.000
3459	4021	4021000.000
3460	4024	4024000.000
3461	4008	4008000.000
3462	4042	4042000.000
3463	4016	4016000.000
3464	4043	4043000.000
3465	4060	4060000.000
3466	4076	4076000.000
3467	3942	3942000.000
3468	4035	4035000.000
3469	4013	4013000.000
3470	4041	4041000.000
3471	4017	4017000.000
3472	3972	3972000.000
3473	3976	3976000.000
3474	3979	3979000.000
3475	3867	3867000.000
3476	3848	3848000.000
3477	3873	3873000.000
3478	3890	3890000.000
3479	3975	3975000.000
3480	3915	3915000.000
3481	3905	3905000.000
3482	3829	3829000.000
3483	3963	3963000.000
3484	4096	4096000.000
3485	4093	4093000.000
3486	4064	4064000.000
3487	3990	3990000.000
3488	4025	4025000.000
3489	4005	4005000.000
3490	4039	4039000.000
3491	3989	3989000.000
3492	4077	4077000.000
3493	3977	3977000.000
3494	4029	4029000.000
3495	4084	4084000.000
3496	4071	4071000.000
3497	3949	3949000.000
3498	3942	3942000.000
3499	3829	3829000.000
3500	3894	3894000.000
3501	4030	4030000.000
3502	3954	3954000.000
3503	3905	3905000.000
3504	3839	3839000.000
3505	3884	3884000.000
3506	4030	4030000.000
3507	4132	4132000.000
3508	4062	4062000.000
3509	4046	4046000.000
3510	4039	4039000.000
3511	3980	3980000.000
3512	3979	3979000.000
3513	3932	3932000.000
3514	3948	3948000.000
3515	3916	3916000.000
3516	3982	3982000.000
3517	4007	4007000.000
3518	3884	3884000.000
3519	3974	3974000.000
3520	3919	3919000.000
3521	3798	3798000.000
3522	3967	3967000.000
3523	3856	3856000.000
3524	3806	3806000.000
3525	3931	3931000.000
3526	3885	3885000.000
3527	4092	4092000.000
3528	3899	3899000.000
3529	4046	4046000.000
3530	4031	4031000.000
3531	3978	3978000.000
3532	4013	4013000.000
3533	4004	4004000.000
3534	4075	4075000.000
3535	4049	4049000.000
3536	4062	4062000.000
3537	4075	4075000.000
3538	3993	3993000.000
3539	4048	4048000.000
3540	3941	3941000.000
3541	3959	3959000.000
3542	3879	3879000.000
3543	3908	3908000.000
3544	3883	3883000.000
3545	3968	3968000.000
3546	3903	3903000.000
3547	3893	3893000.000
3548	3918	3918000.000
3549	3992	3992000.000
3550	3884	3884000.000
3551	3833	3833000.000
3552	3967	3967000.000
3553	4085	4085000.000
3554	4010	4010000.000
3555	4065	4065000.000
3556	3988	3988000.000
3557	4065	4065000.000
3558	3984	3984000.000
3559	3943	3943000.000
3560	3978	3978000.000
3561	3998	3998000.000
3562	3975	3975000.000
3563	3984	3984000.000
3564	4008	4008000.000
3565	3972	3972000.000
3566	3945	3945000.000
3567	3921	3921000.000
3568	3929	3929000.000
3569	3912	3912000.000
3570	3994	3994000.000
3571	3897	3897000.000
3572	3948	3948000.000
3573	3935	3935000.000
3574	3971	3971000.000
3575	3955	3955000.000
3576	3973	3973000.000
3577	4105	4105000.000
3578	3997	3997000.000
3579	4007	4007000.000
3580	4090	4090000.000
3581	4000	4000000.000
3582	3952	3952000.000
3583	3930	3930000.000
3584	4041	4041000.000
3585	4088	4088000.000
3586	4078	4078000.000
3587	3989	3989000.000
3588	3874	3874000.000
3589	3882	3882000.000
3590	3982	3982000.000
3591	4013	4013000.000
3592	3923	3923000.000
3593	3990	3990000.000
3594	3873	3873000.000
3595	3807	3807000.000
3596	3898	3898000.000
3597	3924	3924000.000
3598	3948	3948000.000
3599	3991	3991000.000
3600	4173	4173000.000
3601	3941	3941000.000
3602	3985	3985000.000
3603	4033	4033000.000
3604	3912	3912000.000
3605	3981	3981000.000
3606	4012	4012000.000
3607	3989	3989000.000
3608	3858	3858000.000
3609	4062	4062000.000
3610	3982	3982000.000
3611	3973	3973000.000
3612	3857	3857000.000
3613	3906	3906000.000
3614	3881	3881000.000
3615	3968	3968000.000
3616	3918	3918000.000
3617	3959	3959000.000
3618	3829	3829000.000
3619	3898	3898000.000
3620	3885	3885000.000
3621	3851	3851000.000
3622	3876	3876000.000
3623	4030	4030000.000
3624	4083	4083000.000
3625	3967	3967000.000
3626	4006	4006000.000
3627	4001	4001000.000
3628	3969	3969000.000
3629	3946	3946000.000
3630	4047	4047000.000
3631	4054	4054000.000
3632	4014	4014000.000
3633	3988	3988000.000
3634	3990	3990000.000
3635	3847	3847000.000
3636	3806	3806000.000
3637	3919	3919000.000
3638	3856	3856000.000
3639	4003	4003000.000
3640	4021	4021000.000
3641	3963	3963000.000
3642	3931	3931000.000
3643	3902	3902000.000
3644	3912	3912000.000
3645	4109	4109000.000
3646	4001	4001000.000
3647	3975	3975000.000
3648	3945	3945000.000
3649	4007	4007000.000
3650	4014	4014000.000
3651	3932	3932000.000
3652	3898	3898000.000
3653	4035	4035000.000
3654	3988	3988000.000
3655	4069	4069000.000
3656	4064	4064000.000
3657	3976	3976000.000
3658	3906	3906000.000
3659	3973	3973000.000
3660	3830	3830000.000
3661	3871	3871000.000
3662	3962	3962000.000
3663	3955	3955000.000
3664	3841	3841000.000
3665	3953	3953000.000
3666	3876	3876000.000
3667	3944	3944000.000
3668	3911	3911000.000
3669	3957	3957000.000
3670	4088	4088000.000
3671	3974	3974000.000
3672	3966	3966000.000
3673	4025	4025000.000
3674	3982	3982000.000
3675	4078	4078000.000
3676	3909	3909000.000
3677	4032	4032000.000
3678	4049	4049000.000
3679	4059	4059000.000
3680	3956	3956000.000
3681	3890	3890000.000
3682	3871	3871000.000
3683	3869	3869000.000
3684	3900	3900000.000
3685	3876	3876000.000
3686	3851	3851000.000
3687	3891	3891000.000
3688	3917	3917000.000
3689	3887	3887000.000
3690	3879	3879000.000
3691	3885	3885000.000
3692	3991	3991000.000
3693	4066	4066000.000
3694	4082	4082000.000
3695	4035	4035000.000
3696	4065	4065000.000
3697	3952	3952000.000
3698	3889	3889000.000
3699	3938	3938000.000
3700	4063	4063000.000
3701	4063	4063000.000
3702	4049	4049000.000
3703	3988	3988000.000
3704	3872	3872000.000
3705	3924	3924000.000
3706	3914	3914000.000
3707	3914	3914000.000
3708	3882	3882000.000
3709	3939	3939000.000
3710	3981	3981000.000
3711	3947	3947000.000
3712	3927	3927000.000
3713	3873	3873000.000
3714	3934	3934000.000
3715	3943	3943000.000
3716	3998	3998000.000
3717	4030	4030000.000
3718	4047	4047000.000
3719	3978	3978000.000
3720	3897	3897000.000
3721	3960	3960000.000
3722	3912	3912000.000
3723	3988	3988000.000
3724	4061	4061000.000
3725	4072	4072000.000
3726	4008	4008000.000
3727	3917	3917000.000
3728	3899	3899000.000
3729	3868	3868000.000
3730	3856	3856000.000
3731	3892	3892000.000
3732	3900	3900000.000
3733	3924	3924000.000
3734	3882	3882000.000
3735	3879	3879000.000
3736	3872	3872000.000
3737	3966	3966000.000
3738	3885	3885000.000
3739	4041	4041000.000
3740	4042	4042000.000
3741	3995	3995000.000
3742	4005	4005000.000
3743	3957	3957000.000
3744	3898	3898000.000
3745	3904	3904000.000
3746	3952	3952000.000
3747	3997	3997000.000
3748	4032	4032000.000
3749	4072	4072000.000
3750	3954	3954000.000
3751	3978	3978000.000
3752	3926	3926000.000
3753	3956	3956000.000
3754	3863	3863000.000
3755	3977	3977000.000
3756	3933	3933000.000
3757	3819	3819000.000
3758	3978	3978000.000
3759	3991	3991000.000
3760	3898	3898000.000
3761	3951	3951000.000
3762	3941	3941000.000
3763	4145	4145000.000
3764	3977	3977000.000
3765	3936	3936000.000
3766	3904	3904000.000
3767	3912	3912000.000
3768	4008	4008000.000
3769	3951	3951000.000
3770	4044	4044000.000
3771	4074	4074000.000
3772	4083	4083000.000
3773	3968	3968000.000
3774	3942	3942000.000
3775	3941	3941000.000
3776	3851	3851000.000
3777	3895	3895000.000
3778	3899	3899000.000
3779	3873	3873000.000
3780	3937	3937000.000
3781	3890	3890000.000
3782	3915	3915000.000
3783	3880	3880000.000
3784	3939	3939000.000
3785	3985	3985000.000
3786	3970	3970000.000
3787	4036	4036000.000
3788	3935	3935000.000
3789	3964	3964000.000
3790	4000	4000000.000
3791	4077	4077000.000
3792	3963	3963000.000
3793	4037	4037000.000
3794	3991	3991000.000
3795	4012	4012000.000
3796	4011	4011000.000
3797	3917	3917000.000
3798	3930	3930000.000
3799	3862	3862000.000
3800	3940	3940000.000
3801	3842	3842000.000
3802	3892	3892000.000
3803	3896	3896000.000
3804	3813	3813000.000
3805	3837	3837000.000
3806	3893	3893000.000
3807	3950	3950000.000
3808	4021	4021000.000
3809	3989	3989000.000
3810	3978	3978000.000
3811	3910	3910000.000
3812	3983	3983000.000
3813	3961	3961000.000
3814	3949	3949000.000
3815	4022	4022000.000
3816	4055	4055000.000
3817	3971	3971000.000
3818	4006	4006000.000
3819	4058	4058000.000
3820	3989	3989000.000
3821	3793	3793000.000
3822	3975	3975000.000
3823	3872	3872000.000
3824	3933	3933000.000
3825	3830	3830000.000
3826	3918	3918000.000
3827	3893	3893000.000
3828	3894	3894000.000
3829	3912	3912000.000
3830	3939	3939000.000
3831	4027	4027000.000
3832	4025	4025000.000
3833	3940	3940000.000
3834	4052	4052000.000
3835	4039	4039000.000
3836	4039	4039000.000
3837	4022	4022000.000
3838	4055	4055000.000
3839	3993	3993000.000
3840	3964	3964000.000
3841	4076	4076000.000
3842	3989	3989000.000
3843	3927	3927000.000
3844	3918	3918000.000
3845	3892	3892000.000
3846	3827	3827000.000
3847	3965	3965000.000
3848	3869	3869000.000
3849	3897	3897000.000
3850	3950	3950000.000
3851	3929	3929000.000
3852	3865	3865000.000
3853	3940	3940000.000
3854	3937	3937000.000
3855	4011	4011000.000
3856	4088	4088000.000
3857	3990	3990000.000
3858	4050	4050000.000
3859	3990	3990000.000
3860	3982	3982000.000
3861	4029	4029000.000
3862	3921	3921000.000
3863	4027	4027000.000
3864	4007	4007000.000
3865	4156	4156000.000
3866	3868	3868000.000
3867	3931	3931000.000
3868	3928	3928000.000
3869	3979	3979000.000
3870	3882	3882000.000
3871	3838	3838000.000
3872	3807	3807000.000
3873	3901	3901000.000
3874	3893	3893000.000
3875	3950	3950000.000
3876	3880	3880000.000
3877	4073	4073000.000
3878	4023	4023000.000
3879	3974	3974000.000
3880	3959	3959000.000
3881	3952	3952000.000
3882	4005	4005000.000
3883	3968	3968000.000
3884	3930	3930000.000
3885	3963	3963000.000
3886	4001	4001000.000
3887	4014	4014000.000
3888	3955	3955000.000
3889	4067	4067000.000
3890	3879	3879000.000
3891	3921	3921000.000
3892	3885	3885000.000
3893	4004	4004000.000
3894	3926	3926000.000
3895	3851	3851000.000
3896	3988	3988000.000
3897	3779	3779000.000
3898	3960	3960000.000
3899	4078	4078000.000
3900	4007	4007000.000
3901	4042	4042000.000
3902	4000	4000000.000
3903	4024	4024000.000
3904	3961	3961000.000
3905	3980	3980000.000
3906	3924	3924000.000
3907	3908	3908000.000
3908	4004	4004000.000
3909	4003	4003000.000
3910	3995	3995000.000
3911	4037	4037000.000
3912	4052	4052000.000
3913	3788	3788000.000
3914	3935	3935000.000
3915	3902	3902000.000
3916	4026	4026000.000
3917	3957	3957000.000
3918	3868	3868000.000
3919	3792	3792000.000
3920	3787	3787000.000
3921	3960	3960000.000
3922	3851	3851000.000
3923	4006	4006000.000
3924	3978	3978000.000
3925	4051	4051000.000
3926	3996	3996000.000
3927	4009	4009000.000
3928	4020	4020000.000
3929	4048	4048000.000
3930	4045	4045000.000
3931	4037	4037000.000
3932	4072	4072000.000
3933	3994	3994000.000
3934	3975	3975000.000
3935	3985	3985000.000
3936	3928	3928000.000
3937	3879	3879000.000
3938	3933	3933000.000
3939	3935	3935000.000
3940	3979	3979000.000
3941	3884	3884000.000
3942	3966	3966000.000
3943	3892	3892000.000
3944	3900	3900000.000
3945	3989	3989000.000
3946	4101	4101000.000
3947	4069	4069000.000
3948	4035	4035000.000
3949	4050	4050000.000
3950	4012	4012000.000
3951	4002	4002000.000
3952	3963	3963000.000
3953	3951	3951000.000
3954	3948	3948000.000
3955	4065	4065000.000
3956	3947	3947000.000
3957	4019	4019000.000
3958	4043	4043000.000
3959	3961	3961000.000
3960	3980	3980000.000
3961	3910	3910000.000
3962	3828	3828000.000
3963	3910	3910000.000
3964	3948	3948000.000
3965	3891	3891000.000
3966	3921	3921000.000
3967	3941	3941000.000
3968	3901	3901000.000
3969	3970	3970000.000
3970	4069	4069000.000
3971	4050	4050000.000
3972	3976	3976000.000
3973	4007	4007000.000
3974	4032	4032000.000
3975	3966	3966000.000
3976	3948	3948000.000
3977	4110	4110000.000
3978	3986	3986000.000
3979	4064	4064000.000
3980	4087	4087000.000
3981	4002	4002000.000
3982	3940	3940000.000
3983	3927	3927000.000
3984	3874	3874000.000
3985	3987	3987000.000
3986	3949	3949000.000
3987	3970	3970000.000
3988	3872	3872000.000
3989	3973	3973000.000
3990	3894	3894000.000
3991	3759	3759000.000
3992	3916	3916000.000
3993	4035	4035000.000
3994	4043	4043000.000
3995	4149	4149000.000
3996	4022	4022000.000
3997	4087	4087000.000
3998	4069	4069000.000
3999	4069	4069000.000
4000	3988	3988000.000
4001	4044	4044000.000
4002	4032	4032000.000
4003	4068	4068000.000
4004	3979	3979000.000
4005	3978	3978000.000
4006	3860	3860000.000
4007	3893	3893000.000
4008	3937	3937000.000
4009	4033	4033000.000
4010	3907	3907000.000
4011	3871	3871000.000
4012	3958	3958000.000
4013	3841	3841000.000
4014	3877	3877000.000
4015	3984	3984000.000
4016	4084	4084000.000
4017	4047	4047000.000
4018	4003	4003000.000
4019	3970	3970000.000
4020	4027	4027000.000
4021	3979	3979000.000
4022	3967	3967000.000
4023	3913	3913000.000
4024	3964	3964000.000
4025	4050	4050000.000
4026	4013	4013000.000
4027	3949	3949000.000
4028	3907	3907000.000
4029	3905	3905000.000
4030	3861	3861000.000
4031	3861	3861000.000
4032	3881	3881000.000
4033	3867	3867000.000
4034	3913	3913000.000
4035	3877	3877000.000
4036	3899	3899000.000
4037	3914	3914000.000
4038	3965	3965000.000
4039	4081	4081000.000
4040	4083	4083000.000
4041	4011	4011000.000
4042	3981	3981000.000
4043	3972	3972000.000
4044	3989	3989000.000
4045	3943	3943000.000
4046	3957	3957000.000
4047	3932	3932000.000
4048	3968	3968000.000
4049	3998	3998000.000
4050	3991	3991000.000
4051	3869	3869000.000
4052	3930	3930000.000
4053	3962	3962000.000
4054	3886	3886000.000
4055	3829	3829000.000
4056	4015	4015000.000
4057	3910	3910000.000
4058	3911	3911000.000
4059	3850	3850000.000
4060	3788	3788000.000
4061	3893	3893000.000
4062	3910	3910000.000
4063	4000	4000000.000
4064	4076	4076000.000
4065	3890	3890000.000
4066	3970	3970000.000
4067	3918	3918000.000
4068	3995	3995000.000
4069	4009	4009000.000
4070	4033	4033000.000
4071	4154	4154000.000
4072	4076	4076000.000
4073	3960	3960000.000
4074	3946	3946000.000
4075	3982	3982000.000
4076	3888	3888000.000
4077	3895	3895000.000
4078	3877	3877000.000
4079	3847	3847000.000
4080	3954	3954000.000
4081	3832	3832000.000
4082	3823	3823000.000
4083	3821	3821000.000
4084	3852	3852000.000
4085	3974	3974000.000
4086	3953	3953000.000
4087	4043	4043000.000
4088	4017	4017000.000
4089	3992	3992000.000
4090	3959	3959000.000
4091	4019	4019000.000
4092	3880	3880000.000
4093	4050	4050000.000
4094	4082	4082000.000
4095	4049	4049000.000
4096	3876	3876000.000
4097	3871	3871000.000
4098	3834	3834000.000
4099	3898	3898000.000
4100	3989	3989000.000
4101	4009	4009000.000
4102	3888	3888000.000
4103	3838	3838000.000
4104	3914	3914000.000
4105	3818	3818000.000
4106	3987	3987000.000
4107	3787	3787000.000
4108	3984	3984000.000
4109	3978	3978000.000
4110	4102	4102000.000
4111	3932	3932000.000
4112	4009	4009000.000
4113	3945	3945000.000
4114	4007	4007000.000
4115	3988	3988000.000
4116	3977	3977000.000
4117	3932	3932000.000
4118	4022	4022000.000
4119	3948	3948000.000
4120	3885	3885000.000
4121	3925	3925000.000
4122	3941	3941000.000
4123	3928	3928000.000
4124	3897	3897000.000
4125	3896	3896000.000
4126	3978	3978000.000
4127	3905	3905000.000
4128	3983	3983000.000
4129	3899	3899000.000
4130	3851	3851000.000
4131	3894	3894000.000
4132	3845	3845000.000
4133	3899	3899000.000
4134	3996	3996000.000
4135	3941	3941000.000
4136	3946	3946000.000
4137	3991	3991000.000
4138	4000	4000000.000
4139	4000	4000000.000
4140	4060	4060000.000
4141	3925	3925000.000
4142	4054	4054000.000
4143	4015	4015000.000
4144	3885	3885000.000
4145	3902	3902000.000
4146	3753	3753000.000
4147	3915	3915000.000
4148	3895	3895000.000
4149	3953	3953000.000
4150	3881	3881000.000
4151	3866	3866000.000
4152	3934	3934000.000
4153	3919	3919000.000
4154	3873	3873000.000
4155	3886	3886000.000
4156	4012	4012000.000
4157	3990	3990000.000
4158	4025	4025000.000
4159	3975	3975000.000
4160	3967	3967000.000
4161	3971	3971000.000
4162	3987	3987000.000
4163	3961	3961000.000
4164	4013	4013000.000
4165	4016	4016000.000
4166	4001	4001000.000
4167	3859	3859000.000
4168	3887	3887000.000
4169	3809	3809000.000
4170	3915	3915000.000
4171	3924	3924000.000
4172	3849	3849000.000
4173	3941	3941000.000
4174	3833	3833000.000
4175	3951	3951000.000
4176	3935	3935000.000
4177	3870	3870000.000
4178	3839	3839000.000
4179	3963	3963000.000
4180	4021	4021000.000
4181	4067	4067000.000
4182	3990	3990000.000
4183	3980	3980000.000
4184	3940	3940000.000
4185	4022	4022000.000
4186	3982	3982000.000
4187	4082	4082000.000
4188	3973	3973000.000
4189	3905	3905000.000
4190	3918	3918000.000
4191	3923	3923000.000
4192	3847	3847000.000
4193	3871	3871000.000
4194	3859	3859000.000
4195	3906	3906000.000
4196	3970	3970000.000
4197	3922	3922000.000
4198	3965	3965000.000
4199	3869	3869000.000
4200	3917	3917000.000
4201	3931	3931000.000
4202	3970	3970000.000
4203	4040	4040000.000
4204	3958	3958000.000
4205	3912	3912000.000
4206	3966	3966000.000
4207	3933	3933000.000
4208	3951	3951000.000
4209	4031	4031000.000
4210	3991	3991000.000
4211	3931	3931000.000
4212	3998	3998000.000
4213	3927	3927000.000
4214	3845	3845000.000
4215	3930	3930000.000
4216	3943	3943000.000
4217	3931	3931000.000
4218	3950	3950000.000
4219	3882	3882000.000
4220	3867	3867000.000
4221	3836	3836000.000
4222	3816	3816000.000
4223	3995	3995000.000
4224	3930	3930000.000
4225	3929	3929000.000
4226	3940	3940000.000
4227	3992	3992000.000
4228	3967	3967000.000
4229	4002	4002000.000
4230	3977	3977000.000
4231	3970	3970000.000
4232	4101	4101000.000
4233	3939	3939000.000
4234	3979	3979000.000
4235	4008	4008000.000
4236	3993	3993000.000
4237	3997	3997000.000
4238	3917	3917000.000
4239	3832	3832000.000
4240	3938	3938000.000
4241	3833	3833000.000
4242	3877	3877000.000
4243	3937	3937000.000
4244	3817	3817000.000
4245	3898	3898000.000
4246	3890	3890000.000
4247	3789	3789000.000
4248	3915	3915000.000
4249	3962	3962000.000
4250	3993	3993000.000
4251	3972	3972000.000
4252	4089	4089000.000
4253	3947	3947000.000
4254	3957	3957000.000
4255	3975	3975000.000
4256	3969	3969000.000
4257	3986	3986000.000
4258	3963	3963000.000
4259	3867	3867000.000
4260	3776	3776000.000
4261	3853	3853000.000
4262	3852	3852000.000
4263	3805	3805000.000
4264	3942	3942000.000
4265	3874	3874000.000
4266	3872	3872000.000
4267	3909	3909000.000
4268	3880	3880000.000
4269	3813	3813000.000
4270	3883	3883000.000
4271	4013	4013000.000
4272	4000	4000000.000
4273	4017	4017000.000
4274	4060	4060000.000
4275	3960	3960000.000
4276	3908	3908000.000
4277	3922	3922000.000
4278	3979	3979000.000
4279	3963	3963000.000
4280	3965	3965000.000
4281	3956	3956000.000
4282	4026	4026000.000
4283	3871	3871000.000
4284	3872	3872000.000
4285	3816	3816000.000
4286	3872	3872000.000
4287	3939	3939000.000
4288	3941	3941000.000
4289	3849	3849000.000
4290	3855	3855000.000
4291	3853	3853000.000
4292	3931	3931000.000
4293	3898	3898000.000
4294	4006	4006000.000
4295	3994	3994000.000
4296	4081	4081000.000
4297	3943	3943000.000
4298	3923	3923000.000
4299	3973	3973000.000
4300	3956	3956000.000
4301	3977	3977000.000
4302	3952	3952000.000
4303	3967	3967000.000
4304	3960	3960000.000
4305	4059	4059000.000
4306	3942	3942000.000
4307	3824	3824000.000
4308	3869	3869000.000
4309	3980	3980000.000
4310	3956	3956000.000
4311	3861	3861000.000
4312	3945	3945000.000
4313	3799	3799000.000
4314	3950	3950000.000
4315	3900	3900000.000
4316	3902	3902000.000
4317	3902	3902000.000
4318	3979	3979000.000
4319	3919	3919000.000
4320	3981	3981000.000
4321	4027	4027000.000
4322	3883	3883000.000
4323	4003	4003000.000
4324	3937	3937000.000
4325	3997	3997000.000
4326	4106	4106000.000
4327	3953	3953000.000
4328	4014	4014000.000
4329	3925	3925000.000
4330	3827	3827000.000
4331	3883	3883000.000
4332	3806	3806000.000
4333	3950	3950000.000
4334	3918	3918000.000
4335	3909	3909000.000
4336	3922	3922000.000
4337	3804	3804000.000
4338	3951	3951000.000
4339	3863	3863000.000
4340	3950	3950000.000
4341	3961	3961000.000
4342	4077	4077000.000
4343	4049	4049000.000
4344	3990	3990000.000
4345	4043	4043000.000
4346	3924	3924000.000
4347	4007	4007000.000
4348	3980	3980000.000
4349	4015	4015000.000
4350	4011	4011000.000
4351	3982	3982000.000
4352	3827	3827000.000
4353	4038	4038000.000
4354	3770	3770000.000
4355	3938	3938000.000
4356	3955	3955000.000
4357	3920	3920000.000
4358	3882	3882000.000
4359	3882	3882000.000
4360	3949	3949000.000
4361	3909	3909000.000
4362	3925	3925000.000
4363	3903	3903000.000
4364	3868	3868000.000
4365	4034	4034000.000
4366	4061	4061000.000
4367	3990	3990000.000
4368	3984	3984000.000
4369	3926	3926000.000
4370	3973	3973000.000
4371	3998	3998000.000
4372	3969	3969000.000
4373	3986	3986000.000
4374	4027	4027000.000
4375	3944	3944000.000
4376	3823	3823000.000
4377	3878	3878000.000
4378	3920	3920000.000
4379	3913	3913000.000
4380	3879	3879000.000
4381	3883	3883000.000
4382	3925	3925000.000
4383	3863	3863000.000
4384	3876	3876000.000
4385	3902	3902000.000
4386	4011	4011000.000
4387	4014	4014000.000
4388	4030	4030000.000
4389	3993	3993000.000
4390	3954	3954000.000
4391	3931	3931000.000
4392	3951	3951000.000
4393	4052	4052000.000
4394	3880	3880000.000
4395	3986	3986000.000
4396	4003	4003000.000
4397	4113	4113000.000
4398	3940	3940000.000
4399	3906	3906000.000
4400	3855	3855000.000
4401	3916	3916000.000
4402	3943	3943000.000
4403	3936	3936000.000
4404	3874	3874000.000
4405	3884	3884000.000
4406	3788	3788000.000
4407	3848	3848000.000
4408	3924	3924000.000
4409	3937	3937000.000
4410	4016	4016000.000
4411	4056	4056000.000
4412	3857	3857000.000
4413	4121	4121000.000
4414	3996	3996000.000
4415	3978	3978000.000
4416	3995	3995000.000
4417	4033	4033000.000
4418	3973	3973000.000
4419	4037	4037000.000
4420	4013	4013000.000
4421	3893	3893000.000
4422	3854	3854000.000
4423	3865	3865000.000
4424	3946	3946000.000
4425	3927	3927000.000
4426	3890	3890000.000
4427	3886	3886000.000
4428	3918	3918000.000
4429	3991	3991000.000
4430	3938	3938000.000
4431	3893	3893000.000
4432	3855	3855000.000
4433	3997	3997000.000
4434	3986	3986000.000
4435	4034	4034000.000
4436	4059	4059000.000
4437	3987	3987000.000
4438	3943	3943000.000
4439	4012	4012000.000
4440	4000	4000000.000
4441	3991	3991000.000
4442	3975	3975000.000
4443	4039	4039000.000
4444	4017	4017000.000
4445	3864	3864000.000
4446	3779	3779000.000
4447	3871	3871000.000
4448	3881	3881000.000
4449	3758	3758000.000
4450	3955	3955000.000
4451	3902	3902000.000
4452	3848	3848000.000
4453	3887	3887000.000
4454	3860	3860000.000
4455	3837	3837000.000
4456	3941	3941000.000
4457	4069	4069000.000
4458	3979	3979000.000
4459	3956	3956000.000
4460	3951	3951000.000
4461	3935	3935000.000
4462	4042	4042000.000
4463	3967	3967000.000
4464	3976	3976000.000
4465	3965	3965000.000
4466	3972	3972000.000
4467	3991	3991000.000
4468	3998	3998000.000
4469	3844	3844000.000
4470	3984	3984000.000
4471	3920	3920000.000
4472	3853	3853000.000
4473	3856	3856000.000
4474	3855	3855000.000
4475	3953	3953000.000
4476	3910	3910000.000
4477	3865	3865000.000
4478	3902	3902000.000
4479	3943	3943000.000
4480	4002	4002000.000
4481	3864	3864000.000
4482	4006	4006000.000
4483	3963	3963000.000
4484	3948	3948000.000
4485	4058	4058000.000
4486	4055	4055000.000
4487	3949	3949000.000
4488	4039	4039000.000
4489	4008	4008000.000
4490	3965	3965000.000
4491	3932	3932000.000
4492	3880	3880000.000
4493	3918	3918000.000
4494	3960	3960000.000
4495	3963	3963000.000
4496	3864	3864000.000
4497	3968	3968000.000
4498	3962	3962000.000
4499	3780	3780000.000
4500	3850	3850000.000
4501	3840	3840000.000
4502	3903	3903000.000
4503	4039	4039000.000
4504	4043	4043000.000
4505	3950	3950000.000
4506	3984	3984000.000
4507	4043	4043000.000
4508	3917	3917000.000
4509	3896	3896000.000
4510	3989	3989000.000
4511	3988	3988000.000
4512	3944	3944000.000
4513	3926	3926000.000
4514	3908	3908000.000
4515	3931	3931000.000
4516	3844	3844000.000
4517	3903	3903000.000
4518	3975	3975000.000
4519	3907	3907000.000
4520	3875	3875000.000
4521	3888	3888000.000
4522	3908	3908000.000
4523	3932	3932000.000
4524	3862	3862000.000
4525	3930	3930000.000
4526	4024	4024000.000
4527	3985	3985000.000
4528	3997	3997000.000
4529	4008	4008000.000
4530	3948	3948000.000
4531	3945	3945000.000
4532	3959	3959000.000
4533	4026	4026000.000
4534	3970	3970000.000
4535	4016	4016000.000
4536	3976	3976000.000
4537	3928	3928000.000
4538	3896	3896000.000
4539	3895	3895000.000
4540	3845	3845000.000
4541	3907	3907000.000
4542	3878	3878000.000
4543	3934	3934000.000
4544	3919	3919000.000
4545	3841	3841000.000
4546	3835	3835000.000
4547	3934	3934000.000
4548	3889	3889000.000
4549	4036	4036000.000
4550	3978	3978000.000
4551	4098	4098000.000
4552	4031	4031000.000
4553	4014	4014000.000
4554	4026	4026000.000
4555	3972	3972000.000
4556	3999	3999000.000
4557	3987	3987000.000
4558	3967	3967000.000
4559	3946	3946000.000
4560	3941	3941000.000
4561	3879	3879000.000
4562	3848	3848000.000
4563	3824	3824000.000
4564	3885	3885000.000
4565	3981	3981000.000
4566	3976	3976000.000
4567	3846	3846000.000
4568	3804	3804000.000
4569	3940	3940000.000
4570	3878	3878000.000
4571	3870	3870000.000
4572	3906	3906000.000
4573	4044	4044000.000
4574	3972	3972000.000
4575	3931	3931000.000
4576	4056	4056000.000
4577	4015	4015000.000
4578	3892	3892000.000
4579	4012	4012000.000
4580	3969	3969000.000
4581	4038	4038000.000
4582	3874	3874000.000
4583	3866	3866000.000
4584	3862	3862000.000
4585	3953	3953000.000
4586	3906	3906000.000
4587	3905	3905000.000
4588	3945	3945000.000
4589	3995	3995000.000
4590	3975	3975000.000
4591	3922	3922000.000
4592	3867	3867000.000
4593	3936	3936000.000
4594	3897	3897000.000
4595	4074	4074000.000
4596	3993	3993000.000
4597	4004	4004000.000
4598	4050	4050000.000
4599	4053	4053000.000
4600	3962	3962000.000
4601	4002	4002000.000
4602	3984	3984000.000
4603	3987	3987000.000
4604	3986	3986000.000
4605	3999	3999000.000
4606	3832	3832000.000
4607	3861	3861000.000
4608	3883	3883000.000
4609	3869	3869000.000
4610	3821	3821000.000
4611	3945	3945000.000
4612	3966	3966000.000
4613	3974	3974000.000
4614	3929	3929000.000
4615	3831	3831000.000
4616	3828	3828000.000
4617	3982	3982000.000
4618	3900	3900000.000
4619	3915	3915000.000
4620	3978	3978000.000
4621	3983	3983000.000
4622	3973	3973000.000
4623	4020	4020000.000
4624	3951	3951000.000
4625	3997	3997000.000
4626	4047	4047000.000
4627	4014	4014000.000
4628	3921	3921000.000
4629	3940	3940000.000
4630	3776	3776000.000
4631	3839	3839000.000
4632	3857	3857000.000
4633	3900	3900000.000
4634	3943	3943000.000
4635	3964	3964000.000
4636	3988	3988000.000
4637	3920	3920000.000
4638	3931	3931000.000
4639	3734	3734000.000
4640	3864	3864000.000
4641	3844	3844000.000
4642	3922	3922000.000
4643	4058	4058000.000
4644	3955	3955000.000
4645	3989	3989000.000
4646	4004	4004000.000
4647	4019	4019000.000
4648	4021	4021000.000
4649	4046	4046000.000
4650	3972	3972000.000
4651	3937	3937000.000
4652	3936	3936000.000
4653	3889	3889000.000
4654	4004	4004000.000
4655	3864	3864000.000
4656	3823	3823000.000
4657	4038	4038000.000
4658	3897	3897000.000
4659	3944	3944000.000
4660	3881	3881000.000
4661	3912	3912000.000
4662	3780	3780000.000
4663	3840	3840000.000
4664	3858	3858000.000
4665	3960	3960000.000
4666	4029	4029000.000
4667	4013	4013000.000
4668	4047	4047000.000
4669	3932	3932000.000
4670	3997	3997000.000
4671	4019	4019000.000
4672	3888	3888000.000
4673	4022	4022000.000
4674	4164	4164000.000
4675	3868	3868000.000
4676	3947	3947000.000
4677	3831	3831000.000
4678	3861	3861000.000
4679	3884	3884000.000
4680	3824	3824000.000
4681	3902	3902000.000
4682	3955	3955000.000
4683	3843	3843000.000
4684	3831	3831000.000
4685	3828	3828000.000
4686	3830	3830000.000
4687	3901	3901000.000
4688	3941	3941000.000
4689	3916	3916000.000
4690	4022	4022000.000
4691	4059	4059000.000
4692	4128	4128000.000
4693	3912	3912000.000
4694	4017	4017000.000
4695	3960	3960000.000
4696	4045	4045000.000
4697	4019	4019000.000
4698	3977	3977000.000
4699	3920	3920000.000
4700	3890	3890000.000
4701	3872	3872000.000
4702	3946	3946000.000
4703	3943	3943000.000
4704	3941	3941000.000
4705	3965	3965000.000
4706	3940	3940000.000
4707	3871	3871000.000
4708	3912	3912000.000
4709	3792	3792000.000
4710	3906	3906000.000
4711	3961	3961000.000
4712	4077	4077000.000
4713	4101	4101000.000
4714	3988	3988000.000
4715	4027	4027000.000
4716	4092	4092000.000
4717	3855	3855000.000
4718	3977	3977000.000
4719	4045	4045000.000
4720	3988	3988000.000
4721	3935	3935000.000
4722	3881	3881000.000
4723	3903	3903000.000
4724	3865	3865000.000
4725	3939	3939000.000
4726	3917	3917000.000
4727	3831	3831000.000
4728	3877	3877000.000
4729	3926	3926000.000
4730	3837	3837000.000
4731	3966	3966000.000
4732	3844	3844000.000
4733	3896	3896000.000
4734	4033	4033000.000
4735	4106	4106000.000
4736	3989	3989000.000
4737	4083	4083000.000
4738	4049	4049000.000
4739	4032	4032000.000
4740	3879	3879000.000
4741	4066	4066000.000
4742	3992	3992000.000
4743	3998	3998000.000
4744	4029	4029000.000
4745	3973	3973000.000
4746	3848	3848000.000
4747	3896	3896000.000
4748	3937	3937000.000
4749	3852	3852000.000
4750	3899	3899000.000
4751	3965	3965000.000
4752	3930	3930000.000
4753	3842	3842000.000
4754	3879	3879000.000
4755	3898	3898000.000
4756	3892	3892000.000
4757	3925	3925000.000
4758	3932	3932000.000
4759	3977	3977000.000
4760	3941	3941000.000
4761	3933	3933000.000
4762	3950	3950000.000
4763	4041	4041000.000
4764	3985	3985000.000
4765	3986	3986000.000
4766	4014	4014000.000
4767	3994	3994000.000
4768	3906	3906000.000
4769	3948	3948000.000
4770	3899	3899000.000
4771	3874	3874000.000
4772	3878	3878000.000
4773	3873	3873000.000
4774	3866	3866000.000
4775	3867	3867000.000
4776	3935	3935000.000
4777	3850	3850000.000
4778	3928	3928000.000
4779	3920	3920000.000
4780	4070	4070000.000
4781	3980	3980000.000
4782	4063	4063000.000
4783	4040	4040000.000
4784	3953	3953000.000
4785	3924	3924000.000
4786	3992	3992000.000
4787	4003	4003000.000
4788	3977	3977000.000
4789	4025	4025000.000
4790	4007	4007000.000
4791	3962	3962000.000
4792	3898	3898000.000
4793	3900	3900000.000
4794	3926	3926000.000
4795	3864	3864000.000
4796	3933	3933000.000
4797	3961	3961000.000
4798	3937	3937000.000
4799	3945	3945000.000
4800	3934	3934000.000
4801	3883	3883000.000
4802	3831	3831000.000
4803	4035	4035000.000
4804	3999	3999000.000
4805	4006	4006000.000
4806	4050	4050000.000
4807	4042	4042000.000
4808	3963	3963000.000
4809	3938	3938000.000
4810	3968	3968000.000
4811	3994	3994000.000
4812	4067	4067000.000
4813	3945	3945000.000
4814	3965	3965000.000
4815	3898	3898000.000
4816	3896	3896000.000
4817	3886	3886000.000
4818	3804	3804000.000
4819	3905	3905000.000
4820	3878	3878000.000
4821	3912	3912000.000
4822	4013	4013000.000
4823	3878	3878000.000
4824	3898	3898000.000
4825	3923	3923000.000
4826	4014	4014000.000
4827	3945	3945000.000
4828	4073	4073000.000
4829	3953	3953000.000
4830	3968	3968000.000
4831	4015	4015000.000
4832	4087	4087000.000
4833	3976	3976000.000
4834	4028	4028000.000
4835	4052	4052000.000
4836	4086	4086000.000
4837	3966	3966000.000
4838	3879	3879000.000
4839	3794	3794000.000
4840	3852	3852000.000
4841	3917	3917000.000
4842	3953	3953000.000
4843	3923	3923000.000
4844	3955	3955000.000
4845	3883	3883000.000
4846	3926	3926000.000
4847	3831	3831000.000
4848	3877	3877000.000
4849	3972	3972000.000
4850	3966	3966000.000
4851	4000	4000000.000
4852	4005	4005000.000
4853	3958	3958000.000
4854	3930	3930000.000
4855	3970	3970000.000
4856	4033	4033000.000
4857	4061	4061000.000
4858	4019	4019000.000
4859	4049	4049000.000
4860	4026	4026000.000
4861	3859	3859000.000
4862	3888	3888000.000
4863	3881	3881000.000
4864	3948	3948000.000
4865	3969	3969000.000
4866	4007	4007000.000
4867	4032	4032000.000
4868	3893	3893000.000
4869	3899	3899000.000
4870	3970	3970000.000
4871	3954	3954000.000
4872	3923	3923000.000
4873	3968	3968000.000
4874	4039	4039000.000
4875	4038	4038000.000
4876	4026	4026000.000
4877	4053	4053000.000
4878	3952	3952000.000
4879	4000	4000000.000
4880	4090	4090000.000
4881	3956	3956000.000
4882	3999	3999000.000
4883	3975	3975000.000
4884	3928	3928000.000
4885	3864	3864000.000
4886	3956	3956000.000
4887	3902	3902000.000
4888	3901	3901000.000
4889	3889	3889000.000
4890	4020	4020000.000
4891	3996	3996000.000
4892	3856	3856000.000
4893	3939	3939000.000
4894	3938	3938000.000
4895	4020	4020000.000
4896	4078	4078000.000
4897	4034	4034000.000
4898	3985	3985000.000
4899	4046	4046000.000
4900	4049	4049000.000
4901	4054	4054000.000
4902	4018	4018000.000
4903	3975	3975000.000
4904	4055	4055000.000
4905	3930	3930000.000
4906	3952	3952000.000
4907	3920	3920000.000
4908	3903	3903000.000
4909	3871	3871000.000
4910	3883	3883000.000
4911	3894	3894000.000
4912	3965	3965000.000
4913	3978	3978000.000
4914	3955	3955000.000
4915	3841	3841000.000
4916	3969	3969000.000
4917	3889	3889000.000
4918	3975	3975000.000
4919	4044	4044000.000
4920	4086	4086000.000
4921	4049	4049000.000
4922	4051	4051000.000
4923	4049	4049000.000
4924	3986	3986000.000
4925	3984	3984000.000
4926	4013	4013000.000
4927	4062	4062000.000
4928	3982	3982000.000
4929	4011	4011000.000
4930	3995	3995000.000
4931	3916	3916000.000
4932	3989	3989000.000
4933	3887	3887000.000
4934	3899	3899000.000
4935	3918	3918000.000
4936	3920	3920000.000
4937	3930	3930000.000
4938	3980	3980000.000
4939	3806	3806000.000
4940	3818	3818000.000
4941	3850	3850000.000
4942	3956	3956000.000
4943	3980	3980000.000
4944	4095	4095000.000
4945	4128	4128000.000
4946	4050	4050000.000
4947	4048	4048000.000
4948	3932	3932000.000
4949	4033	4033000.000
4950	4075	4075000.000
4951	4043	4043000.000
4952	3962	3962000.000
4953	3885	3885000.000
4954	3811	3811000.000
4955	3939	3939000.000
4956	3891	3891000.000
4957	4016	4016000.000
4958	4005	4005000.000
4959	3970	3970000.000
4960	3870	3870000.000
4961	4067	4067000.000
4962	3839	3839000.000
4963	3882	3882000.000
4964	3916	3916000.000
4965	4033	4033000.000
4966	4105	4105000.000
4967	4030	4030000.000
4968	3990	3990000.000
4969	4102	4102000.000
4970	3971	3971000.000
4971	4011	4011000.000
4972	4028	4028000.000
4973	3970	3970000.000
4974	3999	3999000.000
4975	4000	4000000.000
4976	4015	4015000.000
4977	3902	3902000.000
4978	3955	3955000.000
4979	3927	3927000.000
4980	3995	3995000.000
4981	3938	3938000.000
4982	3838	3838000.000
4983	3955	3955000.000
4984	3989	3989000.000
4985	3890	3890000.000
4986	3855	3855000.000
4987	3946	3946000.000
4988	3944	3944000.000
4989	4008	4008000.000
4990	4030	4030000.000
4991	4110	4110000.000
4992	4075	4075000.000
4993	3926	3926000.000
4994	3985	3985000.000
4995	3950	3950000.000
4996	4059	4059000.000
4997	3970	3970000.000
4998	4049	4049000.000
4999	3889	3889000.000
5000	3976	3976000.000
5001	3818	3818000.000
5002	3954	3954000.000
5003	3989	3989000.000
5004	4021	4021000.000
5005	4025	4025000.000
5006	4013	4013000.000
5007	3946	3946000.000
5008	3833	3833000.000
5009	3861	3861000.000
5010	3826	3826000.000
5011	3953	3953000.000
5012	4009	4009000.000
5013	4006	4006000.000
5014	4004	4004000.000
5015	3992	3992000.000
5016	3995	3995000.000
5017	3949	3949000.000
5018	3950	3950000.000
5019	3997	3997000.000
5020	4022	4022000.000
5021	4036	4036000.000
5022	3907	3907000.000
5023	3939	3939000.000
5024	4031	4031000.000
5025	3821	3821000.000
5026	3971	3971000.000
5027	3994	3994000.000
5028	4075	4075000.000
5029	3961	3961000.000
5030	3820	3820000.000
5031	3913	3913000.000
5032	3979	3979000.000
5033	3922	3922000.000
5034	3973	3973000.000
5035	4071	4071000.000
5036	4075	4075000.000
5037	4008	4008000.000
5038	4025	4025000.000
5039	4026	4026000.000
5040	3917	3917000.000
5041	4003	4003000.000
5042	4080	4080000.000
5043	4050	4050000.000
5044	3957	3957000.000
5045	3935	3935000.000
5046	3936	3936000.000
5047	3898	3898000.000
5048	3896	3896000.000
5049	3961	3961000.000
5050	3920	3920000.000
5051	3980	3980000.000
5052	4041	4041000.000
5053	3906	3906000.000
5054	3966	3966000.000
5055	3868	3868000.000
5056	3944	3944000.000
5057	3921	3921000.000
5058	4020	4020000.000
5059	3937	3937000.000
5060	4020	4020000.000
5061	3980	3980000.000
5062	4015	4015000.000
5063	3954	3954000.000
5064	3996	3996000.000
5065	3978	3978000.000
5066	3972	3972000.000
5067	4046	4046000.000
5068	4010	4010000.000
5069	3916	3916000.000
5070	3870	3870000.000
5071	3919	3919000.000
5072	4002	4002000.000
5073	3912	3912000.000
5074	4046	4046000.000
5075	3950	3950000.000
5076	3952	3952000.000
5077	3878	3878000.000
5078	3913	3913000.000
5079	3856	3856000.000
5080	3866	3866000.000
5081	3945	3945000.000
5082	4007	4007000.000
5083	4048	4048000.000
5084	3983	3983000.000
5085	4057	4057000.000
5086	4047	4047000.000
5087	4026	4026000.000
5088	4009	4009000.000
5089	4012	4012000.000
5090	4073	4073000.000
5091	3978	3978000.000
5092	3925	3925000.000
5093	3842	3842000.000
5094	3803	3803000.000
5095	3897	3897000.000
5096	3972	3972000.000
5097	3922	3922000.000
5098	3922	3922000.000
5099	3886	3886000.000
5100	3850	3850000.000
5101	3961	3961000.000
5102	3972	3972000.000
5103	3996	3996000.000
5104	4097	4097000.000
5105	4087	4087000.000
5106	4088	4088000.000
5107	3963	3963000.000
5108	4001	4001000.000
5109	4009	4009000.000
5110	3964	3964000.000
5111	4002	4002000.000
5112	3952	3952000.000
5113	4021	4021000.000
5114	3926	3926000.000
5115	3975	3975000.000
5116	3872	3872000.000
5117	3984	3984000.000
5118	3933	3933000.000
5119	3939	3939000.000
5120	4069	4069000.000
5121	4017	4017000.000
5122	3944	3944000.000
5123	3972	3972000.000
5124	3920	3920000.000
5125	3874	3874000.000
5126	3910	3910000.000
5127	3901	3901000.000
5128	4041	4041000.000
5129	4090	4090000.000
5130	3966	3966000.000
5131	4006	4006000.000
5132	4026	4026000.000
5133	4005	4005000.000
5134	3960	3960000.000
5135	4093	4093000.000
5136	4002	4002000.000
5137	3895	3895000.000
5138	3983	3983000.000
5139	3902	3902000.000
5140	3837	3837000.000
5141	3880	3880000.000
5142	3934	3934000.000
5143	3959	3959000.000
5144	3991	3991000.000
5145	3999	3999000.000
5146	3878	3878000.000
5147	3971	3971000.000
5148	3863	3863000.000
5149	3857	3857000.000
5150	3965	3965000.000
5151	4004	4004000.000
5152	4095	4095000.000
5153	4086	4086000.000
5154	4085	4085000.000
5155	3930	3930000.000
5156	4049	4049000.000
5157	3977	3977000.000
5158	3945	3945000.000
5159	4098	4098000.000
5160	4003	4003000.000
5161	3947	3947000.000
5162	3875	3875000.000
5163	3932	3932000.000
5164	3847	3847000.000
5165	3831	3831000.000
5166	3849	3849000.000
5167	3905	3905000.000
5168	3925	3925000.000
5169	3831	3831000.000
5170	3810	3810000.000
5171	3892	3892000.000
5172	3872	3872000.000
5173	4009	4009000.000
5174	4066	4066000.000
5175	3981	3981000.000
5176	4009	4009000.000
5177	3931	3931000.000
5178	4010	4010000.000
5179	4035	4035000.000
5180	3950	3950000.000
5181	4010	4010000.000
5182	4013	4013000.000
5183	4058	4058000.000
5184	4068	4068000.000
5185	3883	3883000.000
5186	3885	3885000.000
5187	3864	3864000.000
5188	3893	3893000.000
5189	3876	3876000.000
5190	3873	3873000.000
5191	3900	3900000.000
5192	3968	3968000.000
5193	3778	3778000.000
5194	3816	3816000.000
5195	3965	3965000.000
5196	3902	3902000.000
5197	3989	3989000.000
5198	4038	4038000.000
5199	4086	4086000.000
5200	4017	4017000.000
5201	3929	3929000.000
5202	4016	4016000.000
5203	3926	3926000.000
5204	3980	3980000.000
5205	3961	3961000.000
5206	4003	4003000.000
5207	4035	4035000.000
5208	3947	3947000.000
5209	3852	3852000.000
5210	3947	3947000.000
5211	3916	3916000.000
5212	3880	3880000.000
5213	3991	3991000.000
5214	3862	3862000.000
5215	3962	3962000.000
5216	3867	3867000.000
5217	3980	3980000.000
5218	3934	3934000.000
5219	3971	3971000.000
5220	4025	4025000.000
5221	4086	4086000.000
5222	4055	4055000.000
5223	3961	3961000.000
5224	4047	4047000.000
5225	4033	4033000.000
5226	4084	4084000.000
5227	3954	3954000.000
5228	4072	4072000.000
5229	4079	4079000.000
5230	4062	4062000.000
5231	4011	4011000.000
5232	3946	3946000.000
5233	3898	3898000.000
5234	4001	4001000.000
5235	3982	3982000.000
5236	3936	3936000.000
5237	3960	3960000.000
5238	3977	3977000.000
5239	3969	3969000.000
5240	3896	3896000.000
5241	3934	3934000.000
5242	3908	3908000.000
5243	4066	4066000.000
5244	4018	4018000.000
5245	4036	4036000.000
5246	4016	4016000.000
5247	3886	3886000.000
5248	4036	4036000.000
5249	4027	4027000.000
5250	3991	3991000.000
5251	4097	4097000.000
5252	3929	3929000.000
5253	3969	3969000.000
5254	4021	4021000.000
5255	3870	3870000.000
5256	3962	3962000.000
5257	3922	3922000.000
5258	4031	4031000.000
5259	3899	3899000.000
5260	4033	4033000.000
5261	3920	3920000.000
5262	3979	3979000.000
5263	3878	3878000.000
5264	3799	3799000.000
5265	3903	3903000.000
5266	4017	4017000.000
5267	4009	4009000.000
5268	4149	4149000.000
5269	3991	3991000.000
5270	4004	4004000.000
5271	3974	3974000.000
5272	3962	3962000.000
5273	4020	4020000.000
5274	3973	3973000.000
5275	4025	4025000.000
5276	3962	3962000.000
5277	3983	3983000.000
5278	4032	4032000.000
5279	3925	3925000.000
5280	3978	3978000.000
5281	3925	3925000.000
5282	3890	3890000.000
5283	3889	3889000.000
5284	3957	3957000.000
5285	3941	3941000.000
5286	3869	3869000.000
5287	3916	3916000.000
5288	3967	3967000.000
5289	4025	4025000.000
5290	3998	3998000.000
5291	4079	4079000.000
5292	4070	4070000.000
5293	3999	3999000.000
5294	4014	4014000.000
5295	3970	3970000.000
5296	3961	3961000.000
5297	4003	4003000.000
5298	4051	4051000.000
5299	4034	4034000.000
5300	3928	3928000.000
5301	3912	3912000.000
5302	3953	3953000.000
5303	4023	4023000.000
5304	3931	3931000.000
5305	3857	3857000.000
5306	3918	3918000.000
5307	3883	3883000.000
5308	3922	3922000.000
5309	3883	3883000.000
5310	3874	3874000.000
5311	3955	3955000.000
5312	3972	3972000.000
5313	3893	3893000.000
5314	4061	4061000.000
5315	3957	3957000.000
5316	3930	3930000.000
5317	4024	4024000.000
5318	3987	3987000.000
5319	3993	3993000.000
5320	4066	4066000.000
5321	4098	4098000.000
5322	4078	4078000.000
5323	3967	3967000.000
5324	3890	3890000.000
5325	3907	3907000.000
5326	3838	3838000.000
5327	3941	3941000.000
5328	3990	3990000.000
5329	4051	4051000.000
5330	4044	4044000.000
5331	3882	3882000.000
5332	3990	3990000.000
5333	3885	3885000.000
5334	3871	3871000.000
5335	3892	3892000.000
5336	3995	3995000.000
5337	3993	3993000.000
5338	4036	4036000.000
5339	3989	3989000.000
5340	4026	4026000.000
5341	4034	4034000.000
5342	3994	3994000.000
5343	4041	4041000.000
5344	4128	4128000.000
5345	4011	4011000.000
5346	3998	3998000.000
5347	3929	3929000.000
5348	3951	3951000.000
5349	3905	3905000.000
5350	3999	3999000.000
5351	3968	3968000.000
5352	3940	3940000.000
5353	3997	3997000.000
5354	3927	3927000.000
5355	3949	3949000.000
5356	3947	3947000.000
5357	3863	3863000.000
5358	3952	3952000.000
5359	4068	4068000.000
5360	3996	3996000.000
5361	4094	4094000.000
5362	4027	4027000.000
5363	4041	4041000.000
5364	4096	4096000.000
5365	3945	3945000.000
5366	4024	4024000.000
5367	3994	3994000.000
5368	4099	4099000.000
5369	3930	3930000.000
5370	3978	3978000.000
5371	3882	3882000.000
5372	3870	3870000.000
5373	3855	3855000.000
5374	4009	4009000.000
5375	3995	3995000.000
5376	4018	4018000.000
5377	4006	4006000.000
5378	3938	3938000.000
5379	3898	3898000.000
5380	3958	3958000.000
5381	3923	3923000.000
5382	3926	3926000.000
5383	4012	4012000.000
5384	4019	4019000.000
5385	4040	4040000.000
5386	4010	4010000.000
5387	4042	4042000.000
5388	3994	3994000.000
5389	4041	4041000.000
5390	4067	4067000.000
5391	4074	4074000.000
5392	4098	4098000.000
5393	3913	3913000.000
5394	3852	3852000.000
5395	3826	3826000.000
5396	3862	3862000.000
5397	3891	3891000.000
5398	3924	3924000.000
5399	3904	3904000.000
5400	4011	4011000.000
5401	3986	3986000.000
5402	3884	3884000.000
5403	3904	3904000.000
5404	3832	3832000.000
5405	3911	3911000.000
5406	4014	4014000.000
5407	4096	4096000.000
5408	4059	4059000.000
5409	3994	3994000.000
5410	3961	3961000.000
5411	4073	4073000.000
5412	4088	4088000.000
5413	4032	4032000.000
5414	4030	4030000.000
5415	4025	4025000.000
5416	3998	3998000.000
5417	3878	3878000.000
5418	4021	4021000.000
5419	3963	3963000.000
5420	3946	3946000.000
5421	3989	3989000.000
5422	3931	3931000.000
5423	3949	3949000.000
5424	3883	3883000.000
5425	3934	3934000.000
5426	3909	3909000.000
5427	3849	3849000.000
5428	4037	4037000.000
5429	3939	3939000.000
5430	4070	4070000.000
5431	4080	4080000.000
5432	4024	4024000.000
5433	3993	3993000.000
5434	3901	3901000.000
5435	3988	3988000.000
5436	4018	4018000.000
5437	4059	4059000.000
5438	4071	4071000.000
5439	3942	3942000.000
5440	3972	3972000.000
5441	3917	3917000.000
5442	3849	3849000.000
5443	3929	3929000.000
5444	3934	3934000.000
5445	3965	3965000.000
5446	3969	3969000.000
5447	3954	3954000.000
5448	3907	3907000.000
5449	3897	3897000.000
5450	3923	3923000.000
5451	3995	3995000.000
5452	3985	3985000.000
5453	4030	4030000.000
5454	4056	4056000.000
5455	3994	3994000.000
5456	4023	4023000.000
5457	4003	4003000.000
5458	4088	4088000.000
5459	4037	4037000.000
5460	4002	4002000.000
5461	4005	4005000.000
5462	3987	3987000.000
5463	3893	3893000.000
5464	3849	3849000.000
5465	3823	3823000.000
5466	3924	3924000.000
5467	3949	3949000.000
5468	3939	3939000.000
5469	4003	4003000.000
5470	3911	3911000.000
5471	3912	3912000.000
5472	3918	3918000.000
5473	3914	3914000.000
5474	3868	3868000.000
5475	3971	3971000.000
5476	4054	4054000.000
5477	3993	3993000.000
5478	3961	3961000.000
5479	4034	4034000.000
5480	4048	4048000.000
5481	3961	3961000.000
5482	4063	4063000.000
5483	4063	4063000.000
5484	4024	4024000.000
5485	3885	3885000.000
5486	3921	3921000.000
5487	3853	3853000.000
5488	3890	3890000.000
5489	3933	3933000.000
5490	3940	3940000.000
5491	3951	3951000.000
5492	3983	3983000.000
5493	3996	3996000.000
5494	3881	3881000.000
5495	3917	3917000.000
5496	3961	3961000.000
5497	3817	3817000.000
5498	4006	4006000.000
5499	3998	3998000.000
5500	4083	4083000.000
5501	4018	4018000.000
5502	3980	3980000.000
5503	4086	4086000.000
5504	3965	3965000.000
5505	3990	3990000.000
5506	3978	3978000.000
5507	4036	4036000.000
5508	4003	4003000.000
5509	3984	3984000.000
5510	3944	3944000.000
5511	3934	3934000.000
5512	3866	3866000.000
5513	4004	4004000.000
5514	4009	4009000.000
5515	3927	3927000.000
5516	3900	3900000.000
5517	3943	3943000.000
5518	3865	3865000.000
5519	3934	3934000.000
5520	3927	3927000.000
5521	3981	3981000.000
5522	4029	4029000.000
5523	3985	3985000.000
5524	4051	4051000.000
5525	4012	4012000.000
5526	4047	4047000.000
5527	4021	4021000.000
5528	4025	4025000.000
5529	4051	4051000.000
5530	4082	4082000.000
5531	4013	4013000.000
5532	3964	3964000.000
5533	3859	3859000.000
5534	3947	3947000.000
5535	3979	3979000.000
5536	4017	4017000.000
5537	3868	3868000.000
5538	3909	3909000.000
5539	4011	4011000.000
5540	3973	3973000.000
5541	3948	3948000.000
5542	3843	3843000.000
5543	3941	3941000.000
5544	3976	3976000.000
5545	3994	3994000.000
5546	3991	3991000.000
5547	4125	4125000.000
5548	3976	3976000.000
5549	3970	3970000.000
5550	4039	4039000.000
5551	3979	3979000.000
5552	4065	4065000.000
5553	4103	4103000.000
5554	4025	4025000.000
5555	3937	3937000.000
5556	3932	3932000.000
5557	3857	3857000.000
5558	3961	3961000.000
5559	3844	3844000.000
5560	3870	3870000.000
5561	3958	3958000.000
5562	3857	3857000.000
5563	3924	3924000.000
5564	3973	3973000.000
5565	3898	3898000.000
5566	3998	3998000.000
5567	4035	4035000.000
5568	3971	3971000.000
5569	3985	3985000.000
5570	4006	4006000.000
5571	3958	3958000.000
5572	3932	3932000.000
5573	4064	4064000.000
5574	3983	3983000.000
5575	3999	3999000.000
5576	3940	3940000.000
5577	4074	4074000.000
5578	3978	3978000.000
5579	4019	4019000.000
5580	3845	3845000.000
5581	3964	3964000.000
5582	3905	3905000.000
5583	3896	3896000.000
5584	3910	3910000.000
5585	3896	3896000.000
5586	3903	3903000.000
5587	3884	3884000.000
5588	3882	3882000.000
5589	4002	4002000.000
5590	3973	3973000.000
5591	3989	3989000.000
5592	3983	3983000.000
5593	4024	4024000.000
5594	4056	4056000.000
5595	3946	3946000.000
5596	3932	3932000.000
5597	3963	3963000.000
5598	4063	4063000.000
5599	4016	4016000.000
5600	4087	4087000.000
5601	4035	4035000.000
5602	3918	3918000.000
5603	3916	3916000.000
5604	3919	3919000.000
5605	3905	3905000.000
5606	3903	3903000.000
5607	3852	3852000.000
5608	3967	3967000.000
5609	3929	3929000.000
5610	3976	3976000.000
5611	3839	3839000.000
5612	4013	4013000.000
5613	4039	4039000.000
5614	3993	3993000.000
5615	3992	3992000.000
5616	4108	4108000.000
5617	4011	4011000.000
5618	3990	3990000.000
5619	3817	3817000.000
5620	4000	4000000.000
5621	3993	3993000.000
5622	4023	4023000.000
5623	4093	4093000.000
5624	4009	4009000.000
5625	3922	3922000.000
5626	3852	3852000.000
5627	3842	3842000.000
5628	3860	3860000.000
5629	3887	3887000.000
5630	4069	4069000.000
5631	3884	3884000.000
5632	3927	3927000.000
5633	3919	3919000.000
5634	3862	3862000.000
5635	3874	3874000.000
5636	3977	3977000.000
5637	3969	3969000.000
5638	4071	4071000.000
5639	4085	4085000.000
5640	4006	4006000.000
5641	3989	3989000.000
5642	3995	3995000.000
5643	3984	3984000.000
5644	3954	3954000.000
5645	3968	3968000.000
5646	4064	4064000.000
5647	4043	4043000.000
5648	4026	4026000.000
5649	3888	3888000.000
5650	3955	3955000.000
5651	3913	3913000.000
5652	4020	4020000.000
5653	3939	3939000.000
5654	3977	3977000.000
5655	3905	3905000.000
5656	3902	3902000.000
5657	3974	3974000.000
5658	3838	3838000.000
5659	4000	4000000.000
5660	4079	4079000.000
5661	4089	4089000.000
5662	4140	4140000.000
5663	4002	4002000.000
5664	3941	3941000.000
5665	4057	4057000.000
5666	4020	4020000.000
5667	3986	3986000.000
5668	4040	4040000.000
5669	3985	3985000.000
5670	3995	3995000.000
5671	3934	3934000.000
5672	3871	3871000.000
5673	3876	3876000.000
5674	3877	3877000.000
5675	3896	3896000.000
5676	3941	3941000.000
5677	3827	3827000.000
5678	3833	3833000.000
5679	3795	3795000.000
5680	3922	3922000.000
5681	3995	3995000.000
5682	4054	4054000.000
5683	3990	3990000.000
5684	4050	4050000.000
5685	4052	4052000.000
5686	4050	4050000.000
5687	3999	3999000.000
5688	4039	4039000.000
5689	3968	3968000.000
5690	4051	4051000.000
5691	4017	4017000.000
5692	3956	3956000.000
5693	3900	3900000.000
5694	3948	3948000.000
5695	3866	3866000.000
5696	3855	3855000.000
5697	3895	3895000.000
5698	3912	3912000.000
5699	3906	3906000.000
5700	3864	3864000.000
5701	3907	3907000.000
5702	3980	3980000.000
5703	3855	3855000.000
5704	3959	3959000.000
5705	3993	3993000.000
5706	4086	4086000.000
5707	3985	3985000.000
5708	3944	3944000.000
5709	3968	3968000.000
5710	3986	3986000.000
5711	4061	4061000.000
5712	4082	4082000.000
5713	3976	3976000.000
5714	3967	3967000.000
5715	3983	3983000.000
5716	4040	4040000.000
5717	3938	3938000.000
5718	3900	3900000.000
5719	3941	3941000.000
5720	3953	3953000.000
5721	3954	3954000.000
5722	3982	3982000.000
5723	4011	4011000.000
5724	3862	3862000.000
5725	3911	3911000.000
5726	3887	3887000.000
5727	3850	3850000.000
5728	3919	3919000.000
5729	3909	3909000.000
5730	4029	4029000.000
5731	4077	4077000.000
5732	4065	4065000.000
5733	3983	3983000.000
5734	3994	3994000.000
5735	3995	3995000.000
5736	4052	4052000.000
5737	3987	3987000.000
5738	4028	4028000.000
5739	4030	4030000.000
5740	3909	3909000.000
5741	3939	3939000.000
5742	3912	3912000.000
5743	3925	3925000.000
5744	3940	3940000.000
5745	3806	3806000.000
5746	3989	3989000.000
5747	3874	3874000.000
5748	4023	4023000.000
5749	3876	3876000.000
5750	3956	3956000.000
5751	3943	3943000.000
5752	3976	3976000.000
5753	3971	3971000.000
5754	3992	3992000.000
5755	4004	4004000.000
5756	4000	4000000.000
5757	4020	4020000.000
5758	4081	4081000.000
5759	4058	4058000.000
5760	4069	4069000.000
5761	4061	4061000.000
5762	4038	4038000.000
5763	3982	3982000.000
5764	3955	3955000.000
5765	3841	3841000.000
5766	3845	3845000.000
5767	3878	3878000.000
5768	3997	3997000.000
5769	3894	3894000.000
5770	4079	4079000.000
5771	3915	3915000.000
5772	3871	3871000.000
5773	3871	3871000.000
5774	3905	3905000.000
5775	4025	4025000.000
5776	4055	4055000.000
5777	3916	3916000.000
5778	4097	4097000.000
5779	4058	4058000.000
5780	3972	3972000.000
5781	4042	4042000.000
5782	4003	4003000.000
5783	3985	3985000.000
5784	4058	4058000.000
5785	3963	3963000.000
5786	3888	3888000.000
5787	3921	3921000.000
5788	3887	3887000.000
5789	3922	3922000.000
5790	3917	3917000.000
5791	3957	3957000.000
5792	3994	3994000.000
5793	3857	3857000.000
5794	3899	3899000.000
5795	3912	3912000.000
5796	3935	3935000.000
5797	3900	3900000.000
5798	3945	3945000.000
5799	4034	4034000.000
5800	4019	4019000.000
5801	4020	4020000.000
5802	4042	4042000.000
5803	3953	3953000.000
5804	4051	4051000.000
5805	4073	4073000.000
5806	3977	3977000.000
5807	4108	4108000.000
5808	4025	4025000.000
5809	4023	4023000.000
5810	3993	3993000.000
5811	3915	3915000.000
5812	3849	3849000.000
5813	3936	3936000.000
5814	3955	3955000.000
5815	3948	3948000.000
5816	3910	3910000.000
5817	3923	3923000.000
5818	3931	3931000.000
5819	3842	3842000.000
5820	3962	3962000.000
5821	3956	3956000.000
5822	4007	4007000.000
5823	4112	4112000.000
5824	3960	3960000.000
5825	4056	4056000.000
5826	4073	4073000.000
5827	3968	3968000.000
5828	3957	3957000.000
5829	3965	3965000.000
5830	4185	4185000.000
5831	3950	3950000.000
5832	4001	4001000.000
5833	3957	3957000.000
5834	3904	3904000.000
5835	3867	3867000.000
5836	3846	3846000.000
5837	3886	3886000.000
5838	3888	3888000.000
5839	3854	3854000.000
5840	3877	3877000.000
5841	3929	3929000.000
5842	3796	3796000.000
5843	4000	4000000.000
5844	4058	4058000.000
5845	4012	4012000.000
5846	4080	4080000.000
5847	3946	3946000.000
5848	3936	3936000.000
5849	3968	3968000.000
5850	4005	4005000.000
5851	3946	3946000.000
5852	4016	4016000.000
5853	4021	4021000.000
5854	3992	3992000.000
5855	3904	3904000.000
5856	3958	3958000.000
5857	3887	3887000.000
5858	3889	3889000.000
5859	3864	3864000.000
5860	3919	3919000.000
5861	3953	3953000.000
5862	3946	3946000.000
5863	3937	3937000.000
5864	3930	3930000.000
5865	3942	3942000.000
5866	3809	3809000.000
5867	3928	3928000.000
5868	3964	3964000.000
5869	3937	3937000.000
5870	3928	3928000.000
5871	4010	4010000.000
5872	4052	4052000.000
5873	4017	4017000.000
5874	3998	3998000.000
5875	4046	4046000.000
5876	4014	4014000.000
5877	4057	4057000.000
5878	3985	3985000.000
5879	3877	3877000.000
5880	3850	3850000.000
5881	3962	3962000.000
5882	3875	3875000.000
5883	3960	3960000.000
5884	3982	3982000.000
5885	3957	3957000.000
5886	3871	3871000.000
5887	3877	3877000.000
5888	3885	3885000.000
5889	3930	3930000.000
5890	3923	3923000.000
5891	3846	3846000.000
5892	3963	3963000.000
5893	3994	3994000.000
5894	3990	3990000.000
5895	3961	3961000.000
5896	3951	3951000.000
5897	3981	3981000.000
5898	3958	3958000.000
5899	3959	3959000.000
5900	4038	4038000.000
5901	4013	4013000.000
5902	3952	3952000.000
5903	3895	3895000.000
5904	3854	3854000.000
5905	3932	3932000.000
5906	3879	3879000.000
5907	3875	3875000.000
5908	3918	3918000.000
5909	3986	3986000.000
5910	3931	3931000.000
5911	3856	3856000.000
5912	3850	3850000.000
5913	3821	3821000.000
5914	3914	3914000.000
5915	3999	3999000.000
5916	3984	3984000.000
5917	4012	4012000.000
5918	4022	4022000.000
5919	4075	4075000.000
5920	3966	3966000.000
5921	4018	4018000.000
5922	4107	4107000.000
5923	4095	4095000.000
5924	4079	4079000.000
5925	3913	3913000.000
5926	3858	3858000.000
5927	3879	3879000.000
5928	3804	3804000.000
5929	3899	3899000.000
5930	3873	3873000.000
5931	3864	3864000.000
5932	3894	3894000.000
5933	3930	3930000.000
5934	3939	3939000.000
5935	3824	3824000.000
5936	3798	3798000.000
5937	3912	3912000.000
5938	3899	3899000.000
5939	3855	3855000.000
5940	4042	4042000.000
5941	3931	3931000.000
5942	3976	3976000.000
5943	3856	3856000.000
5944	3919	3919000.000
5945	4002	4002000.000
5946	4073	4073000.000
5947	4000	4000000.000
5948	3802	3802000.000
5949	3895	3895000.000
5950	3897	3897000.000
5951	3855	3855000.000
5952	3913	3913000.000
5953	3927	3927000.000
5954	3935	3935000.000
5955	3907	3907000.000
5956	3884	3884000.000
5957	3983	3983000.000
5958	3820	3820000.000
5959	3922	3922000.000
5960	4063	4063000.000
5961	3942	3942000.000
5962	3993	3993000.000
5963	3966	3966000.000
5964	3983	3983000.000
5965	4002	4002000.000
5966	3913	3913000.000
5967	4067	4067000.000
5968	3902	3902000.000
5969	4052	4052000.000
5970	3933	3933000.000
5971	3890	3890000.000
5972	3905	3905000.000
5973	3805	3805000.000
5974	3766	3766000.000
5975	3933	3933000.000
5976	3978	3978000.000
5977	3975	3975000.000
5978	3879	3879000.000
5979	3843	3843000.000
5980	3933	3933000.000
5981	3840	3840000.000
5982	3922	3922000.000
5983	4006	4006000.000
5984	3961	3961000.000
5985	4051	4051000.000
5986	3923	3923000.000
5987	4081	4081000.000
5988	3981	3981000.000
5989	3925	3925000.000
5990	3947	3947000.000
5991	3975	3975000.000
5992	3980	3980000.000
5993	3934	3934000.000
5994	3999	3999000.000
5995	3885	3885000.000
5996	3935	3935000.000
5997	3874	3874000.000
5998	3838	3838000.000
5999	3888	3888000.000
6000	3953	3953000.000
6001	3827	3827000.000
6002	3884	3884000.000
6003	3838	3838000.000
6004	3863	3863000.000
6005	3860	3860000.000
6006	4000	4000000.000
6007	4068	4068000.000
6008	3977	3977000.000
6009	4003	4003000.000
6010	4001	4001000.000
6011	3940	3940000.000
6012	3955	3955000.000
6013	4026	4026000.000
6014	3908	3908000.000
6015	4075	4075000.000
6016	4037	4037000.000
6017	3991	3991000.000
6018	4034	4034000.000
6019	3914	3914000.000
6020	3941	3941000.000
6021	3810	3810000.000
6022	3901	3901000.000
6023	3949	3949000.000
6024	3877	3877000.000
6025	3937	3937000.000
6026	3870	3870000.000
6027	3885	3885000.000
6028	3915	3915000.000
6029	3939	3939000.000
6030	4043	4043000.000
6031	3977	3977000.000
6032	3995	3995000.000
6033	3895	3895000.000
6034	3959	3959000.000
6035	4048	4048000.000
6036	3988	3988000.000
6037	3885	3885000.000
6038	4116	4116000.000
6039	4111	4111000.000
6040	4105	4105000.000
6041	3890	3890000.000
6042	3893	3893000.000
6043	3962	3962000.000
6044	3872	3872000.000
6045	3858	3858000.000
6046	3881	3881000.000
6047	3975	3975000.000
6048	3914	3914000.000
6049	3928	3928000.000
6050	3877	3877000.000
6051	3846	3846000.000
6052	3939	3939000.000
6053	3979	3979000.000
6054	4073	4073000.000
6055	3974	3974000.000
6056	3955	3955000.000
6057	3978	3978000.000
6058	4005	4005000.000
6059	3907	3907000.000
6060	3855	3855000.000
6061	4049	4049000.000
6062	4065	4065000.000
6063	3995	3995000.000
6064	4009	4009000.000
6065	3866	3866000.000
6066	3794	3794000.000
6067	3803	3803000.000
6068	3914	3914000.000
6069	3925	3925000.000
6070	3951	3951000.000
6071	3895	3895000.000
6072	3844	3844000.000
6073	3834	3834000.000
6074	3903	3903000.000
6075	3910	3910000.000
6076	3902	3902000.000
6077	4011	4011000.000
6078	4025	4025000.000
6079	3904	3904000.000
6080	4074	4074000.000
6081	3941	3941000.000
6082	4008	4008000.000
6083	4002	4002000.000
6084	3951	3951000.000
6085	4071	4071000.000
6086	4017	4017000.000
6087	3911	3911000.000
6088	3880	3880000.000
6089	3909	3909000.000
6090	3786	3786000.000
6091	3901	3901000.000
6092	3996	3996000.000
6093	3940	3940000.000
6094	3914	3914000.000
6095	3947	3947000.000
6096	3857	3857000.000
6097	3958	3958000.000
6098	3927	3927000.000
6099	3948	3948000.000
6100	4023	4023000.000
6101	4064	4064000.000
6102	4023	4023000.000
6103	3941	3941000.000
6104	3987	3987000.000
6105	4021	4021000.000
6106	4063	4063000.000
6107	4061	4061000.000
6108	3931	3931000.000
6109	4134	4134000.000
6110	4085	4085000.000
6111	3907	3907000.000
6112	3907	3907000.000
6113	3773	3773000.000
6114	3886	3886000.000
6115	3942	3942000.000
6116	3912	3912000.000
6117	3879	3879000.000
6118	3865	3865000.000
6119	3823	3823000.000
6120	3910	3910000.000
6121	3948	3948000.000
6122	3970	3970000.000
6123	4053	4053000.000
6124	4032	4032000.000
6125	3941	3941000.000
6126	3977	3977000.000
6127	4013	4013000.000
6128	3980	3980000.000
6129	3845	3845000.000
6130	4029	4029000.000
6131	3928	3928000.000
6132	4049	4049000.000
6133	3996	3996000.000
6134	3987	3987000.000
6135	3970	3970000.000
6136	3845	3845000.000
6137	3957	3957000.000
6138	3969	3969000.000
6139	3931	3931000.000
6140	3923	3923000.000
6141	3836	3836000.000
6142	3923	3923000.000
6143	3949	3949000.000
6144	3955	3955000.000
6145	3899	3899000.000
6146	4017	4017000.000
6147	3941	3941000.000
6148	4101	4101000.000
6149	4169	4169000.000
6150	3974	3974000.000
6151	3992	3992000.000
6152	3968	3968000.000
6153	3979	3979000.000
6154	3984	3984000.000
6155	3974	3974000.000
6156	4038	4038000.000
6157	4016	4016000.000
6158	3972	3972000.000
6159	3952	3952000.000
6160	3868	3868000.000
6161	3949	3949000.000
6162	3929	3929000.000
6163	3989	3989000.000
6164	3915	3915000.000
6165	3912	3912000.000
6166	3897	3897000.000
6167	3843	3843000.000
6168	3947	3947000.000
6169	3983	3983000.000
6170	3980	3980000.000
6171	3984	3984000.000
6172	4004	4004000.000
6173	3937	3937000.000
6174	3968	3968000.000
6175	4032	4032000.000
6176	3990	3990000.000
6177	3955	3955000.000
6178	4015	4015000.000
6179	4025	4025000.000
6180	4040	4040000.000
6181	3979	3979000.000
6182	4017	4017000.000
6183	3911	3911000.000
6184	3900	3900000.000
6185	3972	3972000.000
6186	3998	3998000.000
6187	3965	3965000.000
6188	3867	3867000.000
6189	3817	3817000.000
6190	3939	3939000.000
6191	3930	3930000.000
6192	4053	4053000.000
6193	4055	4055000.000
6194	3992	3992000.000
6195	4080	4080000.000
6196	3862	3862000.000
6197	3899	3899000.000
6198	3971	3971000.000
6199	3988	3988000.000
6200	4093	4093000.000
6201	4054	4054000.000
6202	3999	3999000.000
6203	3940	3940000.000
6204	3956	3956000.000
6205	3851	3851000.000
6206	3988	3988000.000
6207	3898	3898000.000
6208	3830	3830000.000
6209	3859	3859000.000
6210	3950	3950000.000
6211	3897	3897000.000
6212	3947	3947000.000
6213	3963	3963000.000
6214	3973	3973000.000
6215	4051	4051000.000
6216	3981	3981000.000
6217	4074	4074000.000
6218	3977	3977000.000
6219	4005	4005000.000
6220	3964	3964000.000
6221	3947	3947000.000
6222	4051	4051000.000
6223	3999	3999000.000
6224	4070	4070000.000
6225	3934	3934000.000
6226	3930	3930000.000
6227	3937	3937000.000
6228	3864	3864000.000
6229	3865	3865000.000
6230	3933	3933000.000
6231	3918	3918000.000
6232	3934	3934000.000
6233	3949	3949000.000
6234	4007	4007000.000
6235	3855	3855000.000
6236	3862	3862000.000
6237	3847	3847000.000
6238	3897	3897000.000
6239	4017	4017000.000
6240	4089	4089000.000
6241	4052	4052000.000
6242	4019	4019000.000
6243	4090	4090000.000
6244	3969	3969000.000
6245	4049	4049000.000
6246	4001	4001000.000
6247	4063	4063000.000
6248	3994	3994000.000
6249	3974	3974000.000
6250	3928	3928000.000
6251	3891	3891000.000
6252	3936	3936000.000
6253	3922	3922000.000
6254	3911	3911000.000
6255	3933	3933000.000
6256	3972	3972000.000
6257	3940	3940000.000
6258	3891	3891000.000
6259	3969	3969000.000
6260	3993	3993000.000
6261	3992	3992000.000
6262	4033	4033000.000
6263	3999	3999000.000
6264	3971	3971000.000
6265	4003	4003000.000
6266	3929	3929000.000
6267	3988	3988000.000
6268	3983	3983000.000
6269	3932	3932000.000
6270	4018	4018000.000
6271	4091	4091000.000
6272	4019	4019000.000
6273	3943	3943000.000
6274	3924	3924000.000
6275	3836	3836000.000
6276	3821	3821000.000
6277	3936	3936000.000
6278	3932	3932000.000
6279	3889	3889000.000
6280	3917	3917000.000
6281	3902	3902000.000
6282	3970	3970000.000
6283	3955	3955000.000
6284	3974	3974000.000
6285	4066	4066000.000
6286	3891	3891000.000
6287	4056	4056000.000
6288	4059	4059000.000
6289	4000	4000000.000
6290	4011	4011000.000
6291	3979	3979000.000
6292	3935	3935000.000
6293	4045	4045000.000
6294	4016	4016000.000
6295	4001	4001000.000
6296	3981	3981000.000
6297	3971	3971000.000
6298	3858	3858000.000
6299	3896	3896000.000
6300	3925	3925000.000
6301	3888	3888000.000
6302	3878	3878000.000
6303	3900	3900000.000
6304	3849	3849000.000
6305	3886	3886000.000
6306	3905	3905000.000
6307	3947	3947000.000
6308	3957	3957000.000
6309	4036	4036000.000
6310	4066	4066000.000
6311	4054	4054000.000
6312	4083	4083000.000
6313	4057	4057000.000
6314	4048	4048000.000
6315	4007	4007000.000
6316	4041	4041000.000
6317	4086	4086000.000
6318	3941	3941000.000
6319	4047	4047000.000
6320	3878	3878000.000
6321	3791	3791000.000
6322	3882	3882000.000
6323	3910	3910000.000
6324	3891	3891000.000
6325	3770	3770000.000
6326	3985	3985000.000
6327	3881	3881000.000
6328	3866	3866000.000
6329	3852	3852000.000
6330	3942	3942000.000
6331	3989	3989000.000
6332	4053	4053000.000
6333	3992	3992000.000
6334	3997	3997000.000
6335	4124	4124000.000
6336	4025	4025000.000
6337	3960	3960000.000
6338	3973	3973000.000
6339	3973	3973000.000
6340	4041	4041000.000
6341	3988	3988000.000
6342	3879	3879000.000
6343	3843	3843000.000
6344	3914	3914000.000
6345	3863	3863000.000
6346	3944	3944000.000
6347	3998	3998000.000
6348	4033	4033000.000
6349	3935	3935000.000
6350	3927	3927000.000
6351	4011	4011000.000
6352	3912	3912000.000
6353	3879	3879000.000
6354	3965	3965000.000
6355	3963	3963000.000
6356	4017	4017000.000
6357	4047	4047000.000
6358	3932	3932000.000
6359	4017	4017000.000
6360	4057	4057000.000
6361	4033	4033000.000
6362	4009	4009000.000
6363	4021	4021000.000
6364	3963	3963000.000
6365	4051	4051000.000
6366	3950	3950000.000
6367	3873	3873000.000
6368	3961	3961000.000
6369	3821	3821000.000
6370	4011	4011000.000
6371	3938	3938000.000
6372	3991	3991000.000
6373	4027	4027000.000
6374	3913	3913000.000
6375	3940	3940000.000
6376	3895	3895000.000
6377	3993	3993000.000
6378	3980	3980000.000
6379	3988	3988000.000
6380	4038	4038000.000
6381	4047	4047000.000
6382	4053	4053000.000
6383	4076	4076000.000
6384	4130	4130000.000
6385	4066	4066000.000
6386	4104	4104000.000
6387	4082	4082000.000
6388	3992	3992000.000
6389	3988	3988000.000
6390	3817	3817000.000
6391	3853	3853000.000
6392	3878	3878000.000
6393	3989	3989000.000
6394	3865	3865000.000
6395	3934	3934000.000
6396	3825	3825000.000
6397	3799	3799000.000
6398	3911	3911000.000
6399	3851	3851000.000
6400	3965	3965000.000
6401	4046	4046000.000
6402	4013	4013000.000
6403	4162	4162000.000
6404	3951	3951000.000
6405	3917	3917000.000
6406	4002	4002000.000
6407	4006	4006000.000
6408	4067	4067000.000
6409	4009	4009000.000
6410	4123	4123000.000
6411	3933	3933000.000
6412	3975	3975000.000
6413	3923	3923000.000
6414	3861	3861000.000
6415	3998	3998000.000
6416	3948	3948000.000
6417	4007	4007000.000
6418	3930	3930000.000
6419	3867	3867000.000
6420	3946	3946000.000
6421	3948	3948000.000
6422	3945	3945000.000
6423	3984	3984000.000
6424	4091	4091000.000
6425	3944	3944000.000
6426	3963	3963000.000
6427	3968	3968000.000
6428	4025	4025000.000
6429	3952	3952000.000
6430	3991	3991000.000
6431	4145	4145000.000
6432	4091	4091000.000
6433	4011	4011000.000
6434	3945	3945000.000
6435	3860	3860000.000
6436	3893	3893000.000
6437	3906	3906000.000
6438	3766	3766000.000
6439	3904	3904000.000
6440	3970	3970000.000
6441	3874	3874000.000
6442	3917	3917000.000
6443	3856	3856000.000
6444	3987	3987000.000
6445	3913	3913000.000
6446	4064	4064000.000
6447	4006	4006000.000
6448	4025	4025000.000
6449	4060	4060000.000
6450	3974	3974000.000
6451	3998	3998000.000
6452	4062	4062000.000
6453	4055	4055000.000
6454	4022	4022000.000
6455	3976	3976000.000
6456	4146	4146000.000
6457	4044	4044000.000
6458	3909	3909000.000
6459	3882	3882000.000
6460	3854	3854000.000
6461	3840	3840000.000
6462	3807	3807000.000
6463	3861	3861000.000
6464	3985	3985000.000
6465	3911	3911000.000
6466	3938	3938000.000
6467	3830	3830000.000
6468	3913	3913000.000
6469	4039	4039000.000
6470	4068	4068000.000
6471	4128	4128000.000
6472	4028	4028000.000
6473	4064	4064000.000
6474	4067	4067000.000
6475	4008	4008000.000
6476	3966	3966000.000
6477	4061	4061000.000
6478	4038	4038000.000
6479	4138	4138000.000
6480	4033	4033000.000
6481	3951	3951000.000
6482	3880	3880000.000
6483	3822	3822000.000
6484	3929	3929000.000
6485	3886	3886000.000
6486	3942	3942000.000
6487	3953	3953000.000
6488	3877	3877000.000
6489	3923	3923000.000
6490	3964	3964000.000
6491	3949	3949000.000
6492	3996	3996000.000
6493	3955	3955000.000
6494	4066	4066000.000
6495	4014	4014000.000
6496	3965	3965000.000
6497	4018	4018000.000
6498	3957	3957000.000
6499	4116	4116000.000
6500	4065	4065000.000
6501	4007	4007000.000
6502	4051	4051000.000
6503	4050	4050000.000
6504	4045	4045000.000
6505	3961	3961000.000
6506	3869	3869000.000
6507	3975	3975000.000
6508	3806	3806000.000
6509	3960	3960000.000
6510	3984	3984000.000
6511	3923	3923000.000
6512	3953	3953000.000
6513	3852	3852000.000
6514	3866	3866000.000
6515	3972	3972000.000
6516	3983	3983000.000
6517	4015	4015000.000
6518	3980	3980000.000
6519	3991	3991000.000
6520	4014	4014000.000
6521	4026	4026000.000
6522	3977	3977000.000
6523	3983	3983000.000
6524	4070	4070000.000
6525	4066	4066000.000
6526	4081	4081000.000
6527	4060	4060000.000
6528	4026	4026000.000
6529	3948	3948000.000
6530	3915	3915000.000
6531	3946	3946000.000
6532	3879	3879000.000
6533	3947	3947000.000
6534	3974	3974000.000
6535	3888	3888000.000
6536	3958	3958000.000
6537	3857	3857000.000
6538	3905	3905000.000
6539	4104	4104000.000
6540	4027	4027000.000
6541	3957	3957000.000
6542	4041	4041000.000
6543	4025	4025000.000
6544	3987	3987000.000
6545	4012	4012000.000
6546	4091	4091000.000
6547	4060	4060000.000
6548	3970	3970000.000
6549	4013	4013000.000
6550	3937	3937000.000
6551	3904	3904000.000
6552	3962	3962000.000
6553	3872	3872000.000
6554	3805	3805000.000
6555	3895	3895000.000
6556	3903	3903000.000
6557	3920	3920000.000
6558	3926	3926000.000
6559	3918	3918000.000
6560	3872	3872000.000
6561	3911	3911000.000
6562	3936	3936000.000
6563	4133	4133000.000
6564	4022	4022000.000
6565	4096	4096000.000
6566	4037	4037000.000
6567	4056	4056000.000
6568	4056	4056000.000
6569	3994	3994000.000
6570	4090	4090000.000
6571	4008	4008000.000
6572	4125	4125000.000
6573	4067	4067000.000
6574	3970	3970000.000
6575	3854	3854000.000
6576	3885	3885000.000
6577	3911	3911000.000
6578	4016	4016000.000
6579	3979	3979000.000
6580	3938	3938000.000
6581	3878	3878000.000
6582	3919	3919000.000
6583	4011	4011000.000
6584	3907	3907000.000
6585	4070	4070000.000
6586	4075	4075000.000
6587	4039	4039000.000
6588	3992	3992000.000
6589	4096	4096000.000
6590	4075	4075000.000
6591	4088	4088000.000
6592	4132	4132000.000
6593	4086	4086000.000
6594	4128	4128000.000
6595	4084	4084000.000
6596	3982	3982000.000
6597	3857	3857000.000
6598	3897	3897000.000
6599	3824	3824000.000
6600	3931	3931000.000
6601	3941	3941000.000
6602	3861	3861000.000
6603	3938	3938000.000
6604	3793	3793000.000
6605	3881	3881000.000
6606	3906	3906000.000
6607	4025	4025000.000
6608	4003	4003000.000
6609	3964	3964000.000
6610	4056	4056000.000
6611	4030	4030000.000
6612	4075	4075000.000
6613	4042	4042000.000
6614	4060	4060000.000
6615	4063	4063000.000
6616	3984	3984000.000
6617	4028	4028000.000
6618	3988	3988000.000
6619	3963	3963000.000
6620	3902	3902000.000
6621	3882	3882000.000
6622	3900	3900000.000
6623	3967	3967000.000
6624	3961	3961000.000
6625	3925	3925000.000
6626	3901	3901000.000
6627	3891	3891000.000
6628	3914	3914000.000
6629	3994	3994000.000
6630	3925	3925000.000
6631	3922	3922000.000
6632	3998	3998000.000
6633	4064	4064000.000
6634	3979	3979000.000
6635	3998	3998000.000
6636	4058	4058000.000
6637	3998	3998000.000
6638	4101	4101000.000
6639	4046	4046000.000
6640	4057	4057000.000
6641	4092	4092000.000
6642	3954	3954000.000
6643	3893	3893000.000
6644	4018	4018000.000
6645	3877	3877000.000
6646	3974	3974000.000
6647	3917	3917000.000
6648	3974	3974000.000
6649	3940	3940000.000
6650	3916	3916000.000
6651	3900	3900000.000
6652	3875	3875000.000
6653	3845	3845000.000
6654	4004	4004000.000
6655	4007	4007000.000
6656	4017	4017000.000
6657	4026	4026000.000
6658	3972	3972000.000
6659	4029	4029000.000
6660	4129	4129000.000
6661	4080	4080000.000
6662	4053	4053000.000
6663	4014	4014000.000
6664	3959	3959000.000
6665	3988	3988000.000
6666	4004	4004000.000
6667	3862	3862000.000
6668	3843	3843000.000
6669	3935	3935000.000
6670	3889	3889000.000
6671	3971	3971000.000
6672	4014	4014000.000
6673	3933	3933000.000
6674	3983	3983000.000
6675	3901	3901000.000
6676	3955	3955000.000
6677	3985	3985000.000
6678	4066	4066000.000
6679	4069	4069000.000
6680	4181	4181000.000
6681	3981	3981000.000
6682	4042	4042000.000
6683	4015	4015000.000
6684	4035	4035000.000
6685	4140	4140000.000
6686	4051	4051000.000
6687	4002	4002000.000
6688	3977	3977000.000
6689	3859	3859000.000
6690	3871	3871000.000
6691	3912	3912000.000
6692	3932	3932000.000
6693	3905	3905000.000
6694	4010	4010000.000
6695	3952	3952000.000
6696	3939	3939000.000
6697	3930	3930000.000
6698	3854	3854000.000
6699	3919	3919000.000
6700	3969	3969000.000
6701	3991	3991000.000
6702	3970	3970000.000
6703	3944	3944000.000
6704	4073	4073000.000
6705	3968	3968000.000
6706	4037	4037000.000
6707	3994	3994000.000
6708	4003	4003000.000
6709	4121	4121000.000
6710	4043	4043000.000
6711	3940	3940000.000
6712	3942	3942000.000
6713	3847	3847000.000
6714	3871	3871000.000
6715	3912	3912000.000
6716	3906	3906000.000
6717	3909	3909000.000
6718	3964	3964000.000
6719	3852	3852000.000
6720	3878	3878000.000
6721	3877	3877000.000
6722	3968	3968000.000
6723	3910	3910000.000
6724	4012	4012000.000
6725	3985	3985000.000
6726	4001	4001000.000
6727	4017	4017000.000
6728	4070	4070000.000
6729	4054	4054000.000
6730	3975	3975000.000
6731	4029	4029000.000
6732	4070	4070000.000
6733	4026	4026000.000
6734	3913	3913000.000
6735	3916	3916000.000
6736	3853	3853000.000
6737	3923	3923000.000
6738	3896	3896000.000
6739	3844	3844000.000
6740	3917	3917000.000
6741	3968	3968000.000
6742	3951	3951000.000
6743	3948	3948000.000
6744	3853	3853000.000
6745	3895	3895000.000
6746	3895	3895000.000
6747	3909	3909000.000
6748	4078	4078000.000
6749	4120	4120000.000
6750	4034	4034000.000
6751	4077	4077000.000
6752	4000	4000000.000
6753	3956	3956000.000
6754	4094	4094000.000
6755	4094	4094000.000
6756	4078	4078000.000
6757	4085	4085000.000
6758	3953	3953000.000
6759	3985	3985000.000
6760	3974	3974000.000
6761	3875	3875000.000
6762	4018	4018000.000
6763	3846	3846000.000
6764	3896	3896000.000
6765	3875	3875000.000
6766	3939	3939000.000
6767	4000	4000000.000
6768	3911	3911000.000
6769	3889	3889000.000
6770	4041	4041000.000
6771	4117	4117000.000
6772	4105	4105000.000
6773	4066	4066000.000
6774	4018	4018000.000
6775	3988	3988000.000
6776	4074	4074000.000
6777	4026	4026000.000
6778	3982	3982000.000
6779	4003	4003000.000
6780	4020	4020000.000
6781	3895	3895000.000
6782	3937	3937000.000
6783	3946	3946000.000
6784	3981	3981000.000
6785	3930	3930000.000
6786	3879	3879000.000
6787	3931	3931000.000
6788	3952	3952000.000
6789	3928	3928000.000
6790	3893	3893000.000
6791	3939	3939000.000
6792	4012	4012000.000
6793	3962	3962000.000
6794	4054	4054000.000
6795	4059	4059000.000
6796	4055	4055000.000
6797	4042	4042000.000
6798	4057	4057000.000
6799	3970	3970000.000
6800	4041	4041000.000
6801	4058	4058000.000
6802	4037	4037000.000
6803	4031	4031000.000
6804	3931	3931000.000
6805	3935	3935000.000
6806	3888	3888000.000
6807	3964	3964000.000
6808	3779	3779000.000
6809	3844	3844000.000
6810	3836	3836000.000
6811	3835	3835000.000
6812	3864	3864000.000
6813	3826	3826000.000
6814	3997	3997000.000
6815	3884	3884000.000
6816	3947	3947000.000
6817	4062	4062000.000
6818	4068	4068000.000
6819	4102	4102000.000
6820	4078	4078000.000
6821	4108	4108000.000
6822	4101	4101000.000
6823	4031	4031000.000
6824	4013	4013000.000
6825	4066	4066000.000
6826	3971	3971000.000
6827	3912	3912000.000
6828	3945	3945000.000
6829	3861	3861000.000
6830	3990	3990000.000
6831	3899	3899000.000
6832	3985	3985000.000
6833	3990	3990000.000
6834	3920	3920000.000
6835	3933	3933000.000
6836	3918	3918000.000
6837	4000	4000000.000
6838	4058	4058000.000
6839	4012	4012000.000
6840	4090	4090000.000
6841	4028	4028000.000
6842	4046	4046000.000
6843	3938	3938000.000
6844	3914	3914000.000
6845	3988	3988000.000
6846	4058	4058000.000
6847	3976	3976000.000
6848	4069	4069000.000
6849	4064	4064000.000
6850	4010	4010000.000
6851	3952	3952000.000
6852	3877	3877000.000
6853	3786	3786000.000
6854	3859	3859000.000
6855	3916	3916000.000
6856	3955	3955000.000
6857	3890	3890000.000
6858	3937	3937000.000
6859	3943	3943000.000
6860	3928	3928000.000
6861	3880	3880000.000
6862	3887	3887000.000
6863	3990	3990000.000
6864	4069	4069000.000
6865	4001	4001000.000
6866	4009	4009000.000
6867	3974	3974000.000
6868	4057	4057000.000
6869	3987	3987000.000
6870	3994	3994000.000
6871	4082	4082000.000
6872	3883	3883000.000
6873	3944	3944000.000
6874	3890	3890000.000
6875	3884	3884000.000
6876	3895	3895000.000
6877	3981	3981000.000
6878	3983	3983000.000
6879	3897	3897000.000
6880	3898	3898000.000
6881	3885	3885000.000
6882	3841	3841000.000
6883	3920	3920000.000
6884	3948	3948000.000
6885	3825	3825000.000
6886	4001	4001000.000
6887	4082	4082000.000
6888	4063	4063000.000
6889	3947	3947000.000
6890	3960	3960000.000
6891	4012	4012000.000
6892	3975	3975000.000
6893	3996	3996000.000
6894	3951	3951000.000
6895	3997	3997000.000
6896	3909	3909000.000
6897	3941	3941000.000
6898	3867	3867000.000
6899	3935	3935000.000
6900	3925	3925000.000
6901	3983	3983000.000
6902	4002	4002000.000
6903	3937	3937000.000
6904	3929	3929000.000
6905	3938	3938000.000
6906	3831	3831000.000
6907	3930	3930000.000
6908	3906	3906000.000
6909	3931	3931000.000
6910	4079	4079000.000
6911	3928	3928000.000
6912	3989	3989000.000
6913	4050	4050000.000
6914	3960	3960000.000
6915	3987	3987000.000
6916	4051	4051000.000
6917	4001	4001000.000
6918	3987	3987000.000
6919	3911	3911000.000
6920	4016	4016000.000
6921	3860	3860000.000
6922	3934	3934000.000
6923	3911	3911000.000
6924	3872	3872000.000
6925	3943	3943000.000
6926	3938	3938000.000
6927	3960	3960000.000
6928	3955	3955000.000
6929	3921	3921000.000
6930	3902	3902000.000
6931	3941	3941000.000
6932	4093	4093000.000
6933	4055	4055000.000
6934	4082	4082000.000
6935	4109	4109000.000
6936	4041	4041000.000
6937	3918	3918000.000
6938	4019	4019000.000
6939	4056	4056000.000
6940	4019	4019000.000
6941	4002	4002000.000
6942	4035	4035000.000
6943	3847	3847000.000
6944	3879	3879000.000
6945	3906	3906000.000
6946	3948	3948000.000
6947	3971	3971000.000
6948	3919	3919000.000
6949	3987	3987000.000
6950	3921	3921000.000
6951	3812	3812000.000
6952	3897	3897000.000
6953	3956	3956000.000
6954	3913	3913000.000
6955	3950	3950000.000
6956	4011	4011000.000
6957	4036	4036000.000
6958	3935	3935000.000
6959	4006	4006000.000
6960	4085	4085000.000
6961	3968	3968000.000
6962	4006	4006000.000
6963	3984	3984000.000
6964	3995	3995000.000
6965	3932	3932000.000
6966	3970	3970000.000
6967	3896	3896000.000
6968	3826	3826000.000
6969	3946	3946000.000
6970	4014	4014000.000
6971	3894	3894000.000
6972	4061	4061000.000
6973	3903	3903000.000
6974	3970	3970000.000
6975	3930	3930000.000
6976	3838	3838000.000
6977	3916	3916000.000
6978	3906	3906000.000
6979	4025	4025000.000
6980	4053	4053000.000
6981	3997	3997000.000
6982	3969	3969000.000
6983	3993	3993000.000
6984	3953	3953000.000
6985	4046	4046000.000
6986	4036	4036000.000
6987	4022	4022000.000
6988	3981	3981000.000
6989	3937	3937000.000
6990	3895	3895000.000
6991	3912	3912000.000
6992	3996	3996000.000
6993	3949	3949000.000
6994	3913	3913000.000
6995	3952	3952000.000
6996	3896	3896000.000
6997	3903	3903000.000
6998	3958	3958000.000
6999	3951	3951000.000
7000	4009	4009000.000
7001	3979	3979000.000
7002	4033	4033000.000
7003	3913	3913000.000
7004	3931	3931000.000
7005	4098	4098000.000
7006	3973	3973000.000
7007	4061	4061000.000
7008	3983	3983000.000
7009	3961	3961000.000
7010	3999	3999000.000
7011	3977	3977000.000
7012	3889	3889000.000
7013	3836	3836000.000
7014	3944	3944000.000
7015	3911	3911000.000
7016	3948	3948000.000
7017	3911	3911000.000
7018	4053	4053000.000
7019	4030	4030000.000
7020	3976	3976000.000
7021	3939	3939000.000
7022	3922	3922000.000
7023	3923	3923000.000
7024	4029	4029000.000
7025	4016	4016000.000
7026	4019	4019000.000
7027	3957	3957000.000
7028	3989	3989000.000
7029	3935	3935000.000
7030	4014	4014000.000
7031	3969	3969000.000
7032	4052	4052000.000
7033	4041	4041000.000
7034	3991	3991000.000
7035	4010	4010000.000
7036	3972	3972000.000
7037	3882	3882000.000
7038	3958	3958000.000
7039	3848	3848000.000
7040	3912	3912000.000
7041	3936	3936000.000
7042	3889	3889000.000
7043	3929	3929000.000
7044	3915	3915000.000
7045	3945	3945000.000
7046	3815	3815000.000
7047	4002	4002000.000
7048	4043	4043000.000
7049	4093	4093000.000
7050	4024	4024000.000
7051	4024	4024000.000
7052	4046	4046000.000
7053	3985	3985000.000
7054	4028	4028000.000
7055	4036	4036000.000
7056	4084	4084000.000
7057	4060	4060000.000
7058	4008	4008000.000
7059	3975	3975000.000
7060	3853	3853000.000
7061	3929	3929000.000
7062	3897	3897000.000
7063	3849	3849000.000
7064	3933	3933000.000
7065	4011	4011000.000
7066	3994	3994000.000
7067	3933	3933000.000
7068	3884	3884000.000
7069	3890	3890000.000
7070	3948	3948000.000
7071	3885	3885000.000
7072	4048	4048000.000
7073	4032	4032000.000
7074	3990	3990000.000
7075	4065	4065000.000
7076	4059	4059000.000
7077	3905	3905000.000
7078	4118	4118000.000
7079	4038	4038000.000
7080	4073	4073000.000
7081	3972	3972000.000
7082	3875	3875000.000
7083	3917	3917000.000
7084	3949	3949000.000
7085	3934	3934000.000
7086	4025	4025000.000
7087	3965	3965000.000
7088	3990	3990000.000
7089	4052	4052000.000
7090	3932	3932000.000
7091	3796	3796000.000
7092	3829	3829000.000
7093	4008	4008000.000
7094	3997	3997000.000
7095	3956	3956000.000
7096	4109	4109000.000
7097	3912	3912000.000
7098	3972	3972000.000
7099	3980	3980000.000
7100	3981	3981000.000
7101	4021	4021000.000
7102	4002	4002000.000
7103	3995	3995000.000
7104	4015	4015000.000
7105	3992	3992000.000
7106	3807	3807000.000
7107	3864	3864000.000
7108	3857	3857000.000
7109	3931	3931000.000
7110	3953	3953000.000
7111	3995	3995000.000
7112	3909	3909000.000
7113	3946	3946000.000
7114	3926	3926000.000
7115	3918	3918000.000
7116	3950	3950000.000
7117	3953	3953000.000
7118	4015	4015000.000
7119	3981	3981000.000
7120	3935	3935000.000
7121	4000	4000000.000
7122	3968	3968000.000
7123	3977	3977000.000
7124	3968	3968000.000
7125	4062	4062000.000
7126	3998	3998000.000
7127	4044	4044000.000
7128	3954	3954000.000
7129	4014	4014000.000
7130	3922	3922000.000
7131	3769	3769000.000
7132	3903	3903000.000
7133	3931	3931000.000
7134	3913	3913000.000
7135	3945	3945000.000
7136	3916	3916000.000
7137	3923	3923000.000
7138	3833	3833000.000
7139	3941	3941000.000
7140	3943	3943000.000
7141	4075	4075000.000
7142	4080	4080000.000
7143	4048	4048000.000
7144	3997	3997000.000
7145	3923	3923000.000
7146	3986	3986000.000
7147	4057	4057000.000
7148	4017	4017000.000
7149	3902	3902000.000
7150	4120	4120000.000
7151	3966	3966000.000
7152	3966	3966000.000
7153	3985	3985000.000
7154	3884	3884000.000
7155	3974	3974000.000
7156	3888	3888000.000
7157	3846	3846000.000
7158	4020	4020000.000
7159	3893	3893000.000
7160	3881	3881000.000
7161	3857	3857000.000
7162	3902	3902000.000
7163	3935	3935000.000
7164	4028	4028000.000
7165	4019	4019000.000
7166	3985	3985000.000
7167	4081	4081000.000
7168	3989	3989000.000
7169	4035	4035000.000
7170	4044	4044000.000
7171	4046	4046000.000
7172	4033	4033000.000
7173	3995	3995000.000
7174	4054	4054000.000
7175	3915	3915000.000
7176	3946	3946000.000
7177	3918	3918000.000
7178	3925	3925000.000
7179	3862	3862000.000
7180	3948	3948000.000
7181	3951	3951000.000
7182	4020	4020000.000
7183	3994	3994000.000
7184	3858	3858000.000
7185	3891	3891000.000
7186	3963	3963000.000
7187	3998	3998000.000
7188	4003	4003000.000
7189	3858	3858000.000
7190	4076	4076000.000
7191	3951	3951000.000
7192	3981	3981000.000
7193	4044	4044000.000
7194	4046	4046000.000
7195	4093	4093000.000
7196	4181	4181000.000
7197	4148	4148000.000
7198	3988	3988000.000
7199	3856	3856000.000
7200	3991	3991000.000
7201	3993	3993000.000
7202	3930	3930000.000
7203	3954	3954000.000
7204	3928	3928000.000
7205	3886	3886000.000
7206	3928	3928000.000
7207	3962	3962000.000
7208	3879	3879000.000
7209	3831	3831000.000
7210	4014	4014000.000
7211	4016	4016000.000
7212	4062	4062000.000
7213	4120	4120000.000
7214	3993	3993000.000
7215	3997	3997000.000
7216	4053	4053000.000
7217	4055	4055000.000
7218	4036	4036000.000
7219	4090	4090000.000
7220	4099	4099000.000
7221	3988	3988000.000
7222	3937	3937000.000
7223	3892	3892000.000
7224	3863	3863000.000
7225	3978	3978000.000
7226	3848	3848000.000
7227	3882	3882000.000
7228	3956	3956000.000
7229	3847	3847000.000
7230	3848	3848000.000
7231	4021	4021000.000
7232	3961	3961000.000
7233	4077	4077000.000
7234	4073	4073000.000
7235	4010	4010000.000
7236	4011	4011000.000
7237	3897	3897000.000
7238	4033	4033000.000
7239	4075	4075000.000
7240	3938	3938000.000
7241	4044	4044000.000
7242	4059	4059000.000
7243	4107	4107000.000
7244	3973	3973000.000
7245	4005	4005000.000
7246	3917	3917000.000
7247	3960	3960000.000
7248	3996	3996000.000
7249	4027	4027000.000
7250	3915	3915000.000
7251	3882	3882000.000
7252	3882	3882000.000
7253	3898	3898000.000
7254	3972	3972000.000
7255	4031	4031000.000
7256	4033	4033000.000
7257	4060	4060000.000
7258	4090	4090000.000
7259	3959	3959000.000
7260	4035	4035000.000
7261	4004	4004000.000
7262	4002	4002000.000
7263	4071	4071000.000
7264	4039	4039000.000
7265	4045	4045000.000
7266	4006	4006000.000
7267	3975	3975000.000
7268	3840	3840000.000
7269	3882	3882000.000
7270	3906	3906000.000
7271	3884	3884000.000
7272	3816	3816000.000
7273	3934	3934000.000
7274	4016	4016000.000
7275	3818	3818000.000
7276	3837	3837000.000
7277	3964	3964000.000
7278	3906	3906000.000
7279	4023	4023000.000
7280	4022	4022000.000
7281	4113	4113000.000
7282	3997	3997000.000
7283	3946	3946000.000
7284	4022	4022000.000
7285	4055	4055000.000
7286	4007	4007000.000
7287	4018	4018000.000
7288	4125	4125000.000
7289	4039	4039000.000
7290	3944	3944000.000
7291	3977	3977000.000
7292	3893	3893000.000
7293	3907	3907000.000
7294	3882	3882000.000
7295	3968	3968000.000
7296	3959	3959000.000
7297	3855	3855000.000
7298	3844	3844000.000
7299	3900	3900000.000
7300	3953	3953000.000
7301	3900	3900000.000
7302	3923	3923000.000
7303	4043	4043000.000
7304	3996	3996000.000
7305	4065	4065000.000
7306	3947	3947000.000
7307	3992	3992000.000
7308	4024	4024000.000
7309	4090	4090000.000
7310	4131	4131000.000
7311	3988	3988000.000
7312	3993	3993000.000
7313	3999	3999000.000
7314	3964	3964000.000
7315	3887	3887000.000
7316	3919	3919000.000
7317	4003	4003000.000
7318	4025	4025000.000
7319	3964	3964000.000
7320	3934	3934000.000
7321	3983	3983000.000
7322	4001	4001000.000
7323	3877	3877000.000
7324	3966	3966000.000
7325	3971	3971000.000
7326	3931	3931000.000
7327	4113	4113000.000
7328	4025	4025000.000
7329	4086	4086000.000
7330	4027	4027000.000
7331	4085	4085000.000
7332	4193	4193000.000
7333	4008	4008000.000
7334	3942	3942000.000
7335	4076	4076000.000
7336	4008	4008000.000
7337	3835	3835000.000
7338	3865	3865000.000
7339	3869	3869000.000
7340	3911	3911000.000
7341	3887	3887000.000
7342	3899	3899000.000
7343	3923	3923000.000
7344	3918	3918000.000
7345	3932	3932000.000
7346	3958	3958000.000
7347	3931	3931000.000
7348	4040	4040000.000
7349	3960	3960000.000
7350	3969	3969000.000
7351	4107	4107000.000
7352	3999	3999000.000
7353	4023	4023000.000
7354	4042	4042000.000
7355	4051	4051000.000
7356	4011	4011000.000
7357	3970	3970000.000
7358	4065	4065000.000
7359	3946	3946000.000
7360	3911	3911000.000
7361	3909	3909000.000
7362	3936	3936000.000
7363	4006	4006000.000
7364	3891	3891000.000
7365	3851	3851000.000
7366	3985	3985000.000
7367	3870	3870000.000
7368	3925	3925000.000
7369	3947	3947000.000
7370	3888	3888000.000
7371	4073	4073000.000
7372	3934	3934000.000
7373	3982	3982000.000
7374	3988	3988000.000
7375	3948	3948000.000
7376	4003	4003000.000
7377	4091	4091000.000
7378	4102	4102000.000
7379	4008	4008000.000
7380	4023	4023000.000
7381	4040	4040000.000
7382	4041	4041000.000
7383	3919	3919000.000
7384	3900	3900000.000
7385	3905	3905000.000
7386	3903	3903000.000
7387	3923	3923000.000
7388	3895	3895000.000
7389	3894	3894000.000
7390	3910	3910000.000
7391	3872	3872000.000
7392	3876	3876000.000
7393	3966	3966000.000
7394	3982	3982000.000
7395	3982	3982000.000
7396	3975	3975000.000
7397	4057	4057000.000
7398	4076	4076000.000
7399	3945	3945000.000
7400	4066	4066000.000
7401	4013	4013000.000
7402	3990	3990000.000
7403	4086	4086000.000
7404	4201	4201000.000
7405	4015	4015000.000
7406	3905	3905000.000
7407	3903	3903000.000
7408	3883	3883000.000
7409	3896	3896000.000
7410	3881	3881000.000
7411	4021	4021000.000
7412	3926	3926000.000
7413	3884	3884000.000
7414	3928	3928000.000
7415	3888	3888000.000
7416	3896	3896000.000
7417	4019	4019000.000
7418	3974	3974000.000
7419	4031	4031000.000
7420	3984	3984000.000
7421	3990	3990000.000
7422	4083	4083000.000
7423	4033	4033000.000
7424	3988	3988000.000
7425	4041	4041000.000
7426	3912	3912000.000
7427	3952	3952000.000
7428	3891	3891000.000
7429	3940	3940000.000
7430	3856	3856000.000
7431	3846	3846000.000
7432	3855	3855000.000
7433	3770	3770000.000
7434	3870	3870000.000
7435	3976	3976000.000
7436	3931	3931000.000
7437	3840	3840000.000
7438	3956	3956000.000
7439	3864	3864000.000
7440	4013	4013000.000
7441	4036	4036000.000
7442	4175	4175000.000
7443	4082	4082000.000
7444	4039	4039000.000
7445	4108	4108000.000
7446	4034	4034000.000
7447	3944	3944000.000
7448	4019	4019000.000
7449	4082	4082000.000
7450	4122	4122000.000
7451	4047	4047000.000
7452	3905	3905000.000
7453	3806	3806000.000
7454	3936	3936000.000
7455	3971	3971000.000
7456	3892	3892000.000
7457	3873	3873000.000
7458	3925	3925000.000
7459	3997	3997000.000
7460	3832	3832000.000
7461	3892	3892000.000
7462	3963	3963000.000
7463	3924	3924000.000
7464	3967	3967000.000
7465	4040	4040000.000
7466	3955	3955000.000
7467	4046	4046000.000
7468	4114	4114000.000
7469	3955	3955000.000
7470	3985	3985000.000
7471	4005	4005000.000
7472	3944	3944000.000
7473	4024	4024000.000
7474	4113	4113000.000
7475	3984	3984000.000
7476	3969	3969000.000
7477	3876	3876000.000
7478	3936	3936000.000
7479	3922	3922000.000
7480	3929	3929000.000
7481	3930	3930000.000
7482	3928	3928000.000
7483	3882	3882000.000
7484	3853	3853000.000
7485	3831	3831000.000
7486	3838	3838000.000
7487	4098	4098000.000
7488	3946	3946000.000
7489	3997	3997000.000
7490	4049	4049000.000
7491	3982	3982000.000
7492	3957	3957000.000
7493	4027	4027000.000
7494	3987	3987000.000
7495	3958	3958000.000
7496	3998	3998000.000
7497	3968	3968000.000
7498	4000	4000000.000
7499	3886	3886000.000
7500	3983	3983000.000
7501	3984	3984000.000
7502	3866	3866000.000
7503	3954	3954000.000
7504	3918	3918000.000
7505	3922	3922000.000
7506	3851	3851000.000
7507	3817	3817000.000
7508	3863	3863000.000
7509	3933	3933000.000
7510	3985	3985000.000
7511	4010	4010000.000
7512	4035	4035000.000
7513	4058	4058000.000
7514	4054	4054000.000
7515	4024	4024000.000
7516	3983	3983000.000
7517	3930	3930000.000
7518	4040	4040000.000
7519	4156	4156000.000
7520	4046	4046000.000
7521	4058	4058000.000
7522	3875	3875000.000
7523	3990	3990000.000
7524	3963	3963000.000
7525	3902	3902000.000
7526	3884	3884000.000
7527	3917	3917000.000
7528	3869	3869000.000
7529	3909	3909000.000
7530	3859	3859000.000
7531	3903	3903000.000
7532	3835	3835000.000
7533	4014	4014000.000
7534	4031	4031000.000
7535	3969	3969000.000
7536	3993	3993000.000
7537	3936	3936000.000
7538	4026	4026000.000
7539	4026	4026000.000
7540	4009	4009000.000
7541	4094	4094000.000
7542	4096	4096000.000
7543	4046	4046000.000
7544	3998	3998000.000
7545	3922	3922000.000
7546	3902	3902000.000
7547	4013	4013000.000
7548	3880	3880000.000
7549	3905	3905000.000
7550	3956	3956000.000
7551	3855	3855000.000
7552	3866	3866000.000
7553	3863	3863000.000
7554	3918	3918000.000
7555	3863	3863000.000
7556	3861	3861000.000
7557	3943	3943000.000
7558	4103	4103000.000
7559	4061	4061000.000
7560	4027	4027000.000
7561	4097	4097000.000
7562	3981	3981000.000
7563	4052	4052000.000
7564	4008	4008000.000
7565	3990	3990000.000
7566	4031	4031000.000
7567	4016	4016000.000
7568	3920	3920000.000
7569	3900	3900000.000
7570	3887	3887000.000
7571	3939	3939000.000
7572	3894	3894000.000
7573	3952	3952000.000
7574	3908	3908000.000
7575	3886	3886000.000
7576	3976	3976000.000
7577	3917	3917000.000
7578	3954	3954000.000
7579	3895	3895000.000
7580	3951	3951000.000
7581	4064	4064000.000
7582	4015	4015000.000
7583	3914	3914000.000
7584	3979	3979000.000
7585	4007	4007000.000
7586	4106	4106000.000
7587	4065	4065000.000
7588	3888	3888000.000
7589	3971	3971000.000
7590	3985	3985000.000
7591	3934	3934000.000
7592	3764	3764000.000
7593	3842	3842000.000
7594	3891	3891000.000
7595	3853	3853000.000
7596	3939	3939000.000
7597	3870	3870000.000
7598	3864	3864000.000
7599	3883	3883000.000
7600	3890	3890000.000
7601	3923	3923000.000
7602	3946	3946000.000
7603	3972	3972000.000
7604	4067	4067000.000
7605	4048	4048000.000
7606	4071	4071000.000
7607	4011	4011000.000
7608	4027	4027000.000
7609	3995	3995000.000
7610	3999	3999000.000
7611	4062	4062000.000
7612	4027	4027000.000
7613	4115	4115000.000
7614	3941	3941000.000
7615	3825	3825000.000
7616	3898	3898000.000
7617	3800	3800000.000
7618	3938	3938000.000
7619	3992	3992000.000
7620	3922	3922000.000
7621	3939	3939000.000
7622	3957	3957000.000
7623	3840	3840000.000
7624	3914	3914000.000
7625	3964	3964000.000
7626	4068	4068000.000
7627	4008	4008000.000
7628	4053	4053000.000
7629	4092	4092000.000
7630	3969	3969000.000
7631	4001	4001000.000
7632	4078	4078000.000
7633	4035	4035000.000
7634	4062	4062000.000
7635	4097	4097000.000
7636	4001	4001000.000
7637	3969	3969000.000
7638	3914	3914000.000
7639	3968	3968000.000
7640	3940	3940000.000
7641	3926	3926000.000
7642	3883	3883000.000
7643	3971	3971000.000
7644	3997	3997000.000
7645	3885	3885000.000
7646	3870	3870000.000
7647	3886	3886000.000
7648	3971	3971000.000
7649	3921	3921000.000
7650	4015	4015000.000
7651	4051	4051000.000
7652	3985	3985000.000
7653	3967	3967000.000
7654	4012	4012000.000
7655	4016	4016000.000
7656	4083	4083000.000
7657	3991	3991000.000
7658	4028	4028000.000
7659	4142	4142000.000
7660	3836	3836000.000
7661	3938	3938000.000
7662	3874	3874000.000
7663	3941	3941000.000
7664	3861	3861000.000
7665	3940	3940000.000
7666	3818	3818000.000
7667	3980	3980000.000
7668	3978	3978000.000
7669	3940	3940000.000
7670	3918	3918000.000
7671	3860	3860000.000
7672	3919	3919000.000
7673	4003	4003000.000
7674	4034	4034000.000
7675	4018	4018000.000
7676	4086	4086000.000
7677	3969	3969000.000
7678	4064	4064000.000
7679	4061	4061000.000
7680	4101	4101000.000
7681	4041	4041000.000
7682	3947	3947000.000
7683	3889	3889000.000
7684	3913	3913000.000
7685	3865	3865000.000
7686	3925	3925000.000
7687	3884	3884000.000
7688	3882	3882000.000
7689	3954	3954000.000
7690	3912	3912000.000
7691	3917	3917000.000
7692	3921	3921000.000
7693	3908	3908000.000
7694	3914	3914000.000
7695	3879	3879000.000
7696	3980	3980000.000
7697	4089	4089000.000
7698	3974	3974000.000
7699	3944	3944000.000
7700	3924	3924000.000
7701	3982	3982000.000
7702	3952	3952000.000
7703	4144	4144000.000
7704	3997	3997000.000
7705	4130	4130000.000
7706	3945	3945000.000
7707	3822	3822000.000
7708	3952	3952000.000
7709	3935	3935000.000
7710	3901	3901000.000
7711	3912	3912000.000
7712	4017	4017000.000
7713	3958	3958000.000
7714	3954	3954000.000
7715	3856	3856000.000
7716	3887	3887000.000
7717	3860	3860000.000
7718	3937	3937000.000
7719	3973	3973000.000
7720	4061	4061000.000
7721	4028	4028000.000
7722	3964	3964000.000
7723	3991	3991000.000
7724	4059	4059000.000
7725	3997	3997000.000
7726	4092	4092000.000
7727	3991	3991000.000
7728	4055	4055000.000
7729	3932	3932000.000
7730	3858	3858000.000
7731	3937	3937000.000
7732	3939	3939000.000
7733	3979	3979000.000
7734	3920	3920000.000
7735	3963	3963000.000
7736	4003	4003000.000
7737	4019	4019000.000
7738	3887	3887000.000
7739	3810	3810000.000
7740	3956	3956000.000
7741	3898	3898000.000
7742	3957	3957000.000
7743	3947	3947000.000
7744	4121	4121000.000
7745	4102	4102000.000
7746	3933	3933000.000
7747	4032	4032000.000
7748	3950	3950000.000
7749	4065	4065000.000
7750	3949	3949000.000
7751	4001	4001000.000
7752	3943	3943000.000
7753	3902	3902000.000
7754	3890	3890000.000
7755	3875	3875000.000
7756	3864	3864000.000
7757	3940	3940000.000
7758	3930	3930000.000
7759	3960	3960000.000
7760	4017	4017000.000
7761	3865	3865000.000
7762	3881	3881000.000
7763	3854	3854000.000
7764	3853	3853000.000
7765	3918	3918000.000
7766	4069	4069000.000
7767	4023	4023000.000
7768	4065	4065000.000
7769	3993	3993000.000
7770	3999	3999000.000
7771	4065	4065000.000
7772	4063	4063000.000
7773	4029	4029000.000
7774	3978	3978000.000
7775	3982	3982000.000
7776	3925	3925000.000
7777	3874	3874000.000
7778	3851	3851000.000
7779	4003	4003000.000
7780	3968	3968000.000
7781	4010	4010000.000
7782	3927	3927000.000
7783	3907	3907000.000
7784	3883	3883000.000
7785	3883	3883000.000
7786	3895	3895000.000
7787	3877	3877000.000
7788	4008	4008000.000
7789	3990	3990000.000
7790	4030	4030000.000
7791	4023	4023000.000
7792	4053	4053000.000
7793	4038	4038000.000
7794	3933	3933000.000
7795	3956	3956000.000
7796	4136	4136000.000
7797	3975	3975000.000
7798	4029	4029000.000
7799	3890	3890000.000
7800	3829	3829000.000
7801	3914	3914000.000
7802	3946	3946000.000
7803	4001	4001000.000
7804	3930	3930000.000
7805	3907	3907000.000
7806	3856	3856000.000
7807	3991	3991000.000
7808	3917	3917000.000
7809	3871	3871000.000
7810	3863	3863000.000
7811	3950	3950000.000
7812	3928	3928000.000
7813	4038	4038000.000
7814	4088	4088000.000
7815	4030	4030000.000
7816	3995	3995000.000
7817	4023	4023000.000
7818	3940	3940000.000
7819	4102	4102000.000
7820	4044	4044000.000
7821	3908	3908000.000
7822	3904	3904000.000
7823	3888	3888000.000
7824	3887	3887000.000
7825	3900	3900000.000
7826	3876	3876000.000
7827	3870	3870000.000
7828	3924	3924000.000
7829	3907	3907000.000
7830	3962	3962000.000
7831	3909	3909000.000
7832	3899	3899000.000
7833	3858	3858000.000
7834	3894	3894000.000
7835	3941	3941000.000
7836	4021	4021000.000
7837	4008	4008000.000
7838	3989	3989000.000
7839	3992	3992000.000
7840	3924	3924000.000
7841	4003	4003000.000
7842	3855	3855000.000
7843	3995	3995000.000
7844	3904	3904000.000
7845	3894	3894000.000
7846	3855	3855000.000
7847	3978	3978000.000
7848	3882	3882000.000
7849	3959	3959000.000
7850	3936	3936000.000
7851	3972	3972000.000
7852	3968	3968000.000
7853	3830	3830000.000
7854	3904	3904000.000
7855	3925	3925000.000
7856	3904	3904000.000
7857	3811	3811000.000
7858	3999	3999000.000
7859	3972	3972000.000
7860	4040	4040000.000
7861	4034	4034000.000
7862	4012	4012000.000
7863	3999	3999000.000
7864	4014	4014000.000
7865	4031	4031000.000
7866	3992	3992000.000
7867	4016	4016000.000
7868	4049	4049000.000
7869	3873	3873000.000
7870	3878	3878000.000
7871	3779	3779000.000
7872	3927	3927000.000
7873	3856	3856000.000
7874	3927	3927000.000
7875	3814	3814000.000
7876	3886	3886000.000
7877	3847	3847000.000
7878	3816	3816000.000
7879	3812	3812000.000
7880	3882	3882000.000
7881	4000	4000000.000
7882	3960	3960000.000
7883	4109	4109000.000
7884	3924	3924000.000
7885	4044	4044000.000
7886	3988	3988000.000
7887	3888	3888000.000
7888	4043	4043000.000
7889	4022	4022000.000
7890	3932	3932000.000
7891	3907	3907000.000
7892	3964	3964000.000
7893	3919	3919000.000
7894	3828	3828000.000
7895	3909	3909000.000
7896	3985	3985000.000
7897	3933	3933000.000
7898	3911	3911000.000
7899	3858	3858000.000
7900	3908	3908000.000
7901	3926	3926000.000
7902	3897	3897000.000
7903	3924	3924000.000
7904	3977	3977000.000
7905	4090	4090000.000
7906	4033	4033000.000
7907	4019	4019000.000
7908	3959	3959000.000
7909	3983	3983000.000
7910	4000	4000000.000
7911	4088	4088000.000
7912	4120	4120000.000
7913	4003	4003000.000
7914	3986	3986000.000
7915	3867	3867000.000
7916	3885	3885000.000
7917	3847	3847000.000
7918	3910	3910000.000
7919	3913	3913000.000
7920	3890	3890000.000
7921	3978	3978000.000
7922	3963	3963000.000
7923	3868	3868000.000
7924	3819	3819000.000
7925	3921	3921000.000
7926	3944	3944000.000
7927	4003	4003000.000
7928	3966	3966000.000
7929	4019	4019000.000
7930	4043	4043000.000
7931	4019	4019000.000
7932	4043	4043000.000
7933	4028	4028000.000
7934	3997	3997000.000
7935	3941	3941000.000
7936	4053	4053000.000
7937	3982	3982000.000
7938	3989	3989000.000
7939	3932	3932000.000
7940	3895	3895000.000
7941	3948	3948000.000
7942	3951	3951000.000
7943	3914	3914000.000
7944	3827	3827000.000
7945	3940	3940000.000
7946	3893	3893000.000
7947	3891	3891000.000
7948	3966	3966000.000
7949	3960	3960000.000
7950	3994	3994000.000
7951	4005	4005000.000
7952	4028	4028000.000
7953	4158	4158000.000
7954	4033	4033000.000
7955	3894	3894000.000
7956	4007	4007000.000
7957	4023	4023000.000
7958	4022	4022000.000
7959	3974	3974000.000
7960	3988	3988000.000
7961	3945	3945000.000
7962	3913	3913000.000
7963	3839	3839000.000
7964	3934	3934000.000
7965	3961	3961000.000
7966	3894	3894000.000
7967	3812	3812000.000
7968	3944	3944000.000
7969	3884	3884000.000
7970	3829	3829000.000
7971	3894	3894000.000
7972	3952	3952000.000
7973	3903	3903000.000
7974	4020	4020000.000
7975	4053	4053000.000
7976	3996	3996000.000
7977	3998	3998000.000
7978	4070	4070000.000
7979	4016	4016000.000
7980	3987	3987000.000
7981	3931	3931000.000
7982	4001	4001000.000
7983	4020	4020000.000
7984	3876	3876000.000
7985	3872	3872000.000
7986	3904	3904000.000
7987	3822	3822000.000
7988	3866	3866000.000
7989	3885	3885000.000
7990	3962	3962000.000
7991	3976	3976000.000
7992	3904	3904000.000
7993	3835	3835000.000
7994	3866	3866000.000
7995	3848	3848000.000
7996	3926	3926000.000
7997	3997	3997000.000
7998	4084	4084000.000
7999	4048	4048000.000
8000	3994	3994000.000
8001	4022	4022000.000
8002	4086	4086000.000
8003	3998	3998000.000
8004	3927	3927000.000
8005	3961	3961000.000
8006	3988	3988000.000
8007	3967	3967000.000
8008	3844	3844000.000
8009	3870	3870000.000
8010	3878	3878000.000
8011	3973	3973000.000
8012	3900	3900000.000
8013	3923	3923000.000
8014	3923	3923000.000
8015	3905	3905000.000
8016	3811	3811000.000
8017	3871	3871000.000
8018	3872	3872000.000
8019	3908	3908000.000
8020	4013	4013000.000
8021	3988	3988000.000
8022	4054	4054000.000
8023	3921	3921000.000
8024	3983	3983000.000
8025	3963	3963000.000
8026	4006	4006000.000
8027	4031	4031000.000
8028	4064	4064000.000
8029	4008	4008000.000
8030	3827	3827000.000
8031	3962	3962000.000
8032	3906	3906000.000
8033	3900	3900000.000
8034	3929	3929000.000
8035	3961	3961000.000
8036	4002	4002000.000
8037	3922	3922000.000
8038	3881	3881000.000
8039	3922	3922000.000
8040	3885	3885000.000
8041	3832	3832000.000
8042	3870	3870000.000
8043	3929	3929000.000
8044	3986	3986000.000
8045	3985	3985000.000
8046	4076	4076000.000
8047	4007	4007000.000
8048	4073	4073000.000
8049	3980	3980000.000
8050	4000	4000000.000
8051	4088	4088000.000
8052	4014	4014000.000
8053	3952	3952000.000
8054	3874	3874000.000
8055	3927	3927000.000
8056	3928	3928000.000
8057	3792	3792000.000
8058	3927	3927000.000
8059	3914	3914000.000
8060	3916	3916000.000
8061	3975	3975000.000
8062	3990	3990000.000
8063	3853	3853000.000
8064	3920	3920000.000
8065	3998	3998000.000
8066	3967	3967000.000
8067	4016	4016000.000
8068	4095	4095000.000
8069	4045	4045000.000
8070	3907	3907000.000
8071	4123	4123000.000
8072	4003	4003000.000
8073	4041	4041000.000
8074	3993	3993000.000
8075	3990	3990000.000
8076	3902	3902000.000
8077	3941	3941000.000
8078	3897	3897000.000
8079	3875	3875000.000
8080	3830	3830000.000
8081	3912	3912000.000
8082	3926	3926000.000
8083	3975	3975000.000
8084	3875	3875000.000
8085	3999	3999000.000
8086	3931	3931000.000
8087	3799	3799000.000
8088	3916	3916000.000
8089	3920	3920000.000
8090	4007	4007000.000
8091	4014	4014000.000
8092	4049	4049000.000
8093	4075	4075000.000
8094	4058	4058000.000
8095	3956	3956000.000
8096	4070	4070000.000
8097	3881	3881000.000
8098	3951	3951000.000
8099	3913	3913000.000
8100	3886	3886000.000
8101	3868	3868000.000
8102	3819	3819000.000
8103	3894	3894000.000
8104	3932	3932000.000
8105	3953	3953000.000
8106	3957	3957000.000
8107	3917	3917000.000
8108	3852	3852000.000
8109	3914	3914000.000
8110	3844	3844000.000
8111	3934	3934000.000
8112	3930	3930000.000
8113	4047	4047000.000
8114	3999	3999000.000
8115	4039	4039000.000
8116	3882	3882000.000
8117	3949	3949000.000
8118	4022	4022000.000
8119	3942	3942000.000
8120	4031	4031000.000
8121	3903	3903000.000
8122	3957	3957000.000
8123	3992	3992000.000
8124	3989	3989000.000
8125	3958	3958000.000
8126	3917	3917000.000
8127	3928	3928000.000
8128	3901	3901000.000
8129	3908	3908000.000
8130	3928	3928000.000
8131	3883	3883000.000
8132	3895	3895000.000
8133	3905	3905000.000
8134	3889	3889000.000
8135	3992	3992000.000
8136	3982	3982000.000
8137	4058	4058000.000
8138	4093	4093000.000
8139	3927	3927000.000
8140	4022	4022000.000
8141	3994	3994000.000
8142	4118	4118000.000
8143	3992	3992000.000
8144	4028	4028000.000
8145	3992	3992000.000
8146	3985	3985000.000
8147	3936	3936000.000
8148	3856	3856000.000
8149	3942	3942000.000
8150	3912	3912000.000
8151	3957	3957000.000
8152	3957	3957000.000
8153	3941	3941000.000
8154	3872	3872000.000
8155	3920	3920000.000
8156	3874	3874000.000
8157	3906	3906000.000
8158	3863	3863000.000
8159	4038	4038000.000
8160	3885	3885000.000
8161	4073	4073000.000
8162	4053	4053000.000
8163	3997	3997000.000
8164	3956	3956000.000
8165	3984	3984000.000
8166	4035	4035000.000
8167	4049	4049000.000
8168	3913	3913000.000
8169	3921	3921000.000
8170	3916	3916000.000
8171	3873	3873000.000
8172	3860	3860000.000
8173	3949	3949000.000
8174	3939	3939000.000
8175	3907	3907000.000
8176	3933	3933000.000
8177	3871	3871000.000
8178	3929	3929000.000
8179	3761	3761000.000
8180	3807	3807000.000
8181	3888	3888000.000
8182	3882	3882000.000
8183	3988	3988000.000
8184	4009	4009000.000
8185	3996	3996000.000
8186	3986	3986000.000
8187	3939	3939000.000
8188	4003	4003000.000
8189	4034	4034000.000
8190	3933	3933000.000
8191	3917	3917000.000
8192	3965	3965000.000
8193	3849	3849000.000
8194	3953	3953000.000
8195	3976	3976000.000
8196	3989	3989000.000
8197	3886	3886000.000
8198	3933	3933000.000
8199	3990	3990000.000
8200	3918	3918000.000
8201	3848	3848000.000
8202	3842	3842000.000
8203	3862	3862000.000
8204	3874	3874000.000
8205	3943	3943000.000
8206	4009	4009000.000
8207	4005	4005000.000
8208	3947	3947000.000
8209	4051	4051000.000
8210	3940	3940000.000
8211	4117	4117000.000
8212	4054	4054000.000
8213	4006	4006000.000
8214	4011	4011000.000
8215	3938	3938000.000
8216	3828	3828000.000
8217	3837	3837000.000
8218	3855	3855000.000
8219	3860	3860000.000
8220	3925	3925000.000
8221	3981	3981000.000
8222	3925	3925000.000
8223	3921	3921000.000
8224	3856	3856000.000
8225	3836	3836000.000
8226	3885	3885000.000
8227	3900	3900000.000
8228	4020	4020000.000
8229	3939	3939000.000
8230	4082	4082000.000
8231	4029	4029000.000
8232	4030	4030000.000
8233	4049	4049000.000
8234	4015	4015000.000
8235	4113	4113000.000
8236	4027	4027000.000
8237	3992	3992000.000
8238	3955	3955000.000
8239	3900	3900000.000
8240	3820	3820000.000
8241	3804	3804000.000
8242	3912	3912000.000
8243	3928	3928000.000
8244	3977	3977000.000
8245	3917	3917000.000
8246	3844	3844000.000
8247	3877	3877000.000
8248	3847	3847000.000
8249	3849	3849000.000
8250	3932	3932000.000
8251	4087	4087000.000
8252	3953	3953000.000
8253	4067	4067000.000
8254	4087	4087000.000
8255	4023	4023000.000
8256	3970	3970000.000
8257	3991	3991000.000
8258	4041	4041000.000
8259	4023	4023000.000
8260	3952	3952000.000
8261	3913	3913000.000
8262	3929	3929000.000
8263	3905	3905000.000
8264	3868	3868000.000
8265	3921	3921000.000
8266	3915	3915000.000
8267	3984	3984000.000
8268	3965	3965000.000
8269	3883	3883000.000
8270	3836	3836000.000
8271	3874	3874000.000
8272	3933	3933000.000
8273	3901	3901000.000
8274	4097	4097000.000
8275	4014	4014000.000
8276	4037	4037000.000
8277	4007	4007000.000
8278	4004	4004000.000
8279	3966	3966000.000
8280	4030	4030000.000
8281	4006	4006000.000
8282	3990	3990000.000
8283	3961	3961000.000
8284	3868	3868000.000
8285	3903	3903000.000
8286	3845	3845000.000
8287	3896	3896000.000
8288	3813	3813000.000
8289	3965	3965000.000
8290	4037	4037000.000
8291	3961	3961000.000
8292	3930	3930000.000
8293	3913	3913000.000
8294	3814	3814000.000
8295	3858	3858000.000
8296	3883	3883000.000
8297	4022	4022000.000
8298	4007	4007000.000
8299	4007	4007000.000
8300	3999	3999000.000
8301	4005	4005000.000
8302	4027	4027000.000
8303	3978	3978000.000
8304	4031	4031000.000
8305	3925	3925000.000
8306	3969	3969000.000
8307	3936	3936000.000
8308	3918	3918000.000
8309	3951	3951000.000
8310	3837	3837000.000
8311	3873	3873000.000
8312	3920	3920000.000
8313	3901	3901000.000
8314	3901	3901000.000
8315	3921	3921000.000
8316	3982	3982000.000
8317	3895	3895000.000
8318	3859	3859000.000
8319	3938	3938000.000
8320	4094	4094000.000
8321	4004	4004000.000
8322	4052	4052000.000
8323	3979	3979000.000
8324	3984	3984000.000
8325	3987	3987000.000
8326	3979	3979000.000
8327	3981	3981000.000
8328	3965	3965000.000
8329	4135	4135000.000
8330	4039	4039000.000
8331	3852	3852000.000
8332	3865	3865000.000
8333	3937	3937000.000
8334	3956	3956000.000
8335	3914	3914000.000
8336	3882	3882000.000
8337	3943	3943000.000
8338	3988	3988000.000
8339	3920	3920000.000
8340	3829	3829000.000
8341	3876	3876000.000
8342	3802	3802000.000
8343	4019	4019000.000
8344	4015	4015000.000
8345	3943	3943000.000
8346	3969	3969000.000
8347	4072	4072000.000
8348	3918	3918000.000
8349	4029	4029000.000
8350	3992	3992000.000
8351	4020	4020000.000
8352	4066	4066000.000
8353	3980	3980000.000
8354	3895	3895000.000
8355	3872	3872000.000
8356	3862	3862000.000
8357	3869	3869000.000
8358	3964	3964000.000
8359	3820	3820000.000
8360	3946	3946000.000
8361	3960	3960000.000
8362	3850	3850000.000
8363	3862	3862000.000
8364	3919	3919000.000
8365	3797	3797000.000
8366	3954	3954000.000
8367	3994	3994000.000
8368	3973	3973000.000
8369	3960	3960000.000
8370	3962	3962000.000
8371	3938	3938000.000
8372	3922	3922000.000
8373	3987	3987000.000
8374	4012	4012000.000
8375	3966	3966000.000
8376	4026	4026000.000
8377	3938	3938000.000
8378	3905	3905000.000
8379	3783	3783000.000
8380	3795	3795000.000
8381	3889	3889000.000
8382	3944	3944000.000
8383	4054	4054000.000
8384	3944	3944000.000
8385	3918	3918000.000
8386	3860	3860000.000
8387	3949	3949000.000
8388	3838	3838000.000
8389	3993	3993000.000
8390	4078	4078000.000
8391	3967	3967000.000
8392	3955	3955000.000
8393	4044	4044000.000
8394	3955	3955000.000
8395	4017	4017000.000
8396	4088	4088000.000
8397	4001	4001000.000
8398	4043	4043000.000
8399	3978	3978000.000
8400	3979	3979000.000
8401	3932	3932000.000
8402	3956	3956000.000
8403	3856	3856000.000
8404	3810	3810000.000
8405	3937	3937000.000
8406	3982	3982000.000
8407	3915	3915000.000
8408	4027	4027000.000
8409	3857	3857000.000
8410	3967	3967000.000
8411	3966	3966000.000
8412	3964	3964000.000
8413	3954	3954000.000
8414	4006	4006000.000
8415	4011	4011000.000
8416	4018	4018000.000
8417	4036	4036000.000
8418	3948	3948000.000
8419	4049	4049000.000
8420	3933	3933000.000
8421	3941	3941000.000
8422	3923	3923000.000
8423	3983	3983000.000
8424	3941	3941000.000
8425	3881	3881000.000
8426	3880	3880000.000
8427	3852	3852000.000
8428	3932	3932000.000
8429	3923	3923000.000
8430	3923	3923000.000
8431	3927	3927000.000
8432	3863	3863000.000
8433	3889	3889000.000
8434	3917	3917000.000
8435	3959	3959000.000
8436	3938	3938000.000
8437	4089	4089000.000
8438	3947	3947000.000
8439	3981	3981000.000
8440	3974	3974000.000
8441	4054	4054000.000
8442	4079	4079000.000
8443	3993	3993000.000
8444	4023	4023000.000
8445	3968	3968000.000
8446	4049	4049000.000
8447	3910	3910000.000
8448	3867	3867000.000
8449	3867	3867000.000
8450	3913	3913000.000
8451	3882	3882000.000
8452	3940	3940000.000
8453	4004	4004000.000
8454	3951	3951000.000
8455	3914	3914000.000
8456	3875	3875000.000
8457	3813	3813000.000
8458	3998	3998000.000
8459	3982	3982000.000
8460	4061	4061000.000
8461	4011	4011000.000
8462	3983	3983000.000
8463	3998	3998000.000
8464	3890	3890000.000
8465	3970	3970000.000
8466	4054	4054000.000
8467	4028	4028000.000
8468	4002	4002000.000
8469	4057	4057000.000
8470	3939	3939000.000
8471	3886	3886000.000
8472	3893	3893000.000
8473	3986	3986000.000
8474	3966	3966000.000
8475	3902	3902000.000
8476	3904	3904000.000
8477	3873	3873000.000
8478	3951	3951000.000
8479	3861	3861000.000
8480	3872	3872000.000
8481	3955	3955000.000
8482	3943	3943000.000
8483	4042	4042000.000
8484	3934	3934000.000
8485	3916	3916000.000
8486	4064	4064000.000
8487	3919	3919000.000
8488	3980	3980000.000
8489	3918	3918000.000
8490	3997	3997000.000
8491	4012	4012000.000
8492	4028	4028000.000
8493	3917	3917000.000
8494	3909	3909000.000
8495	3829	3829000.000
8496	3858	3858000.000
8497	3938	3938000.000
8498	3964	3964000.000
8499	3983	3983000.000
8500	3915	3915000.000
8501	3808	3808000.000
8502	3807	3807000.000
8503	3878	3878000.000
8504	3846	3846000.000
8505	3973	3973000.000
8506	3928	3928000.000
8507	4003	4003000.000
8508	4098	4098000.000
8509	3981	3981000.000
8510	3952	3952000.000
8511	3962	3962000.000
8512	3975	3975000.000
8513	4026	4026000.000
8514	3952	3952000.000
8515	3912	3912000.000
8516	3926	3926000.000
8517	3922	3922000.000
8518	3915	3915000.000
8519	3900	3900000.000
8520	4015	4015000.000
8521	3956	3956000.000
8522	3891	3891000.000
8523	4046	4046000.000
8524	3877	3877000.000
8525	3944	3944000.000
8526	3861	3861000.000
8527	3839	3839000.000
8528	3938	3938000.000
8529	4087	4087000.000
8530	4005	4005000.000
8531	4020	4020000.000
8532	3918	3918000.000
8533	4006	4006000.000
8534	3871	3871000.000
8535	4009	4009000.000
8536	3913	3913000.000
8537	4000	4000000.000
8538	4049	4049000.000
8539	4012	4012000.000
8540	4003	4003000.000
8541	3873	3873000.000
8542	3975	3975000.000
8543	3901	3901000.000
8544	3992	3992000.000
8545	3900	3900000.000
8546	3958	3958000.000
8547	3823	3823000.000
8548	3866	3866000.000
8549	3942	3942000.000
8550	3916	3916000.000
8551	3973	3973000.000
8552	4015	4015000.000
8553	4075	4075000.000
8554	3974	3974000.000
8555	4006	4006000.000
8556	3905	3905000.000
8557	4004	4004000.000
8558	3976	3976000.000
8559	3939	3939000.000
8560	4102	4102000.000
8561	4072	4072000.000
8562	4054	4054000.000
8563	3933	3933000.000
8564	3898	3898000.000
8565	3819	3819000.000
8566	3847	3847000.000
8567	3937	3937000.000
8568	3917	3917000.000
8569	3911	3911000.000
8570	3900	3900000.000
8571	3959	3959000.000
8572	3913	3913000.000
8573	3853	3853000.000
8574	3940	3940000.000
8575	3995	3995000.000
8576	4049	4049000.000
8577	4018	4018000.000
8578	3983	3983000.000
8579	3942	3942000.000
8580	3996	3996000.000
8581	4059	4059000.000
8582	3998	3998000.000
8583	3991	3991000.000
8584	3960	3960000.000
8585	4050	4050000.000
8586	3911	3911000.000
8587	3830	3830000.000
8588	3905	3905000.000
8589	3958	3958000.000
8590	3899	3899000.000
8591	3955	3955000.000
8592	3986	3986000.000
8593	3977	3977000.000
8594	3922	3922000.000
8595	3792	3792000.000
8596	3963	3963000.000
8597	3929	3929000.000
8598	4034	4034000.000
8599	4022	4022000.000
8600	4028	4028000.000
8601	3981	3981000.000
8602	4014	4014000.000
8603	4018	4018000.000
8604	3970	3970000.000
8605	4023	4023000.000
8606	4026	4026000.000
8607	4019	4019000.000
8608	3883	3883000.000
8609	3946	3946000.000
8610	3908	3908000.000
8611	3907	3907000.000
8612	3843	3843000.000
8613	3889	3889000.000
8614	3963	3963000.000
8615	3916	3916000.000
8616	3917	3917000.000
8617	3895	3895000.000
8618	3853	3853000.000
8619	3852	3852000.000
8620	4001	4001000.000
8621	3978	3978000.000
8622	3988	3988000.000
8623	4070	4070000.000
8624	4036	4036000.000
8625	4029	4029000.000
8626	4025	4025000.000
8627	4060	4060000.000
8628	3939	3939000.000
8629	3943	3943000.000
8630	3954	3954000.000
8631	3895	3895000.000
8632	3830	3830000.000
8633	3904	3904000.000
8634	3877	3877000.000
8635	4093	4093000.000
8636	3964	3964000.000
8637	4032	4032000.000
8638	3981	3981000.000
8639	3923	3923000.000
8640	3901	3901000.000
8641	3897	3897000.000
8642	3871	3871000.000
8643	3853	3853000.000
8644	3973	3973000.000
8645	3974	3974000.000
8646	3935	3935000.000
8647	4026	4026000.000
8648	4051	4051000.000
8649	3977	3977000.000
8650	4019	4019000.000
8651	4020	4020000.000
8652	4106	4106000.000
8653	3939	3939000.000
8654	4025	4025000.000
8655	3924	3924000.000
8656	3837	3837000.000
8657	3809	3809000.000
8658	3970	3970000.000
8659	3938	3938000.000
8660	3999	3999000.000
8661	4004	4004000.000
8662	3945	3945000.000
8663	3882	3882000.000
8664	3933	3933000.000
8665	3953	3953000.000
8666	3928	3928000.000
8667	4004	4004000.000
8668	4028	4028000.000
8669	3988	3988000.000
8670	3936	3936000.000
8671	4011	4011000.000
8672	4033	4033000.000
8673	3985	3985000.000
8674	4017	4017000.000
8675	4016	4016000.000
8676	4058	4058000.000
8677	3919	3919000.000
8678	3880	3880000.000
8679	3832	3832000.000
8680	3940	3940000.000
8681	3870	3870000.000
8682	3897	3897000.000
8683	3917	3917000.000
8684	3915	3915000.000
8685	3931	3931000.000
8686	3982	3982000.000
8687	3938	3938000.000
8688	3870	3870000.000
8689	3862	3862000.000
8690	3799	3799000.000
8691	4142	4142000.000
8692	4063	4063000.000
8693	4113	4113000.000
8694	3986	3986000.000
8695	4016	4016000.000
8696	4014	4014000.000
8697	4004	4004000.000
8698	4060	4060000.000
8699	3965	3965000.000
8700	3942	3942000.000
8701	4010	4010000.000
8702	3892	3892000.000
8703	3986	3986000.000
8704	4006	4006000.000
8705	3932	3932000.000
8706	3945	3945000.000
8707	4030	4030000.000
8708	4060	4060000.000
8709	3889	3889000.000
8710	3882	3882000.000
8711	3920	3920000.000
8712	3839	3839000.000
8713	3890	3890000.000
8714	3885	3885000.000
8715	3915	3915000.000
8716	3925	3925000.000
8717	4005	4005000.000
8718	4064	4064000.000
8719	4018	4018000.000
8720	3992	3992000.000
8721	4013	4013000.000
8722	3923	3923000.000
8723	4099	4099000.000
8724	3913	3913000.000
8725	3934	3934000.000
8726	3861	3861000.000
8727	3919	3919000.000
8728	4008	4008000.000
8729	3893	3893000.000
8730	3853	3853000.000
8731	3911	3911000.000
8732	3931	3931000.000
8733	3922	3922000.000
8734	3842	3842000.000
8735	3837	3837000.000
8736	3876	3876000.000
8737	3978	3978000.000
8738	3948	3948000.000
8739	4018	4018000.000
8740	3926	3926000.000
8741	4057	4057000.000
8742	4087	4087000.000
8743	3908	3908000.000
8744	4009	4009000.000
8745	4058	4058000.000
8746	4042	4042000.000
8747	4041	4041000.000
8748	3898	3898000.000
8749	3805	3805000.000
8750	3893	3893000.000
8751	3915	3915000.000
8752	3862	3862000.000
8753	3929	3929000.000
8754	3888	3888000.000
8755	3926	3926000.000
8756	3859	3859000.000
8757	3811	3811000.000
8758	3898	3898000.000
8759	3992	3992000.000
8760	3923	3923000.000
8761	3997	3997000.000
8762	4109	4109000.000
8763	4028	4028000.000
8764	3985	3985000.000
8765	3935	3935000.000
8766	3929	3929000.000
8767	4120	4120000.000
8768	3998	3998000.000
8769	3970	3970000.000
8770	4059	4059000.000
8771	3865	3865000.000
8772	3855	3855000.000
8773	3925	3925000.000
8774	3888	3888000.000
8775	3892	3892000.000
8776	3959	3959000.000
8777	3992	3992000.000
8778	3960	3960000.000
8779	4025	4025000.000
8780	3907	3907000.000
8781	3921	3921000.000
8782	3887	3887000.000
8783	4009	4009000.000
8784	3982	3982000.000
8785	3976	3976000.000
8786	4001	4001000.000
8787	4021	4021000.000
8788	3985	3985000.000
8789	3858	3858000.000
8790	3985	3985000.000
8791	3968	3968000.000
8792	3996	3996000.000
8793	3995	3995000.000
8794	3924	3924000.000
8795	3909	3909000.000
8796	3827	3827000.000
8797	3919	3919000.000
8798	4020	4020000.000
8799	3861	3861000.000
8800	3972	3972000.000
8801	4032	4032000.000
8802	3941	3941000.000
8803	3955	3955000.000
8804	3869	3869000.000
8805	3860	3860000.000
8806	3967	3967000.000
8807	3993	3993000.000
8808	4021	4021000.000
8809	4010	4010000.000
8810	3993	3993000.000
8811	4043	4043000.000
8812	4010	4010000.000
8813	4012	4012000.000
8814	4132	4132000.000
8815	4163	4163000.000
8816	4052	4052000.000
8817	3934	3934000.000
8818	3836	3836000.000
8819	3958	3958000.000
8820	3817	3817000.000
8821	3908	3908000.000
8822	3948	3948000.000
8823	3987	3987000.000
8824	3971	3971000.000
8825	4003	4003000.000
8826	3937	3937000.000
8827	3785	3785000.000
8828	3894	3894000.000
8829	4026	4026000.000
8830	3929	3929000.000
8831	4019	4019000.000
8832	4043	4043000.000
8833	4022	4022000.000
8834	3972	3972000.000
8835	3967	3967000.000
8836	4021	4021000.000
8837	4038	4038000.000
8838	4071	4071000.000
8839	3964	3964000.000
8840	3888	3888000.000
8841	3970	3970000.000
8842	3867	3867000.000
8843	3913	3913000.000
8844	3864	3864000.000
8845	3876	3876000.000
8846	4007	4007000.000
8847	3901	3901000.000
8848	3997	3997000.000
8849	3857	3857000.000
8850	3812	3812000.000
8851	3868	3868000.000
8852	3951	3951000.000
8853	3957	3957000.000
8854	4109	4109000.000
8855	4021	4021000.000
8856	4062	4062000.000
8857	4030	4030000.000
8858	3963	3963000.000
8859	4030	4030000.000
8860	4018	4018000.000
8861	3982	3982000.000
8862	3976	3976000.000
8863	3900	3900000.000
8864	3831	3831000.000
8865	3930	3930000.000
8866	3891	3891000.000
8867	3934	3934000.000
8868	3844	3844000.000
8869	3890	3890000.000
8870	3929	3929000.000
8871	3857	3857000.000
8872	3861	3861000.000
8873	3825	3825000.000
8874	3914	3914000.000
8875	3845	3845000.000
8876	3942	3942000.000
8877	4016	4016000.000
8878	4016	4016000.000
8879	3995	3995000.000
8880	3993	3993000.000
8881	4027	4027000.000
8882	4029	4029000.000
8883	3974	3974000.000
8884	4101	4101000.000
8885	4007	4007000.000
8886	3916	3916000.000
8887	3858	3858000.000
8888	3917	3917000.000
8889	3903	3903000.000
8890	3933	3933000.000
8891	3923	3923000.000
8892	3883	3883000.000
8893	3914	3914000.000
8894	3807	3807000.000
8895	3892	3892000.000
8896	3994	3994000.000
8897	3892	3892000.000
8898	3923	3923000.000
8899	4007	4007000.000
8900	4026	4026000.000
8901	4068	4068000.000
8902	4008	4008000.000
8903	3943	3943000.000
8904	3962	3962000.000
8905	4126	4126000.000
8906	3994	3994000.000
8907	4050	4050000.000
8908	4025	4025000.000
8909	3924	3924000.000
8910	3914	3914000.000
8911	4027	4027000.000
8912	3938	3938000.000
8913	3876	3876000.000
8914	3932	3932000.000
8915	3974	3974000.000
8916	4028	4028000.000
8917	3910	3910000.000
8918	3885	3885000.000
8919	3852	3852000.000
8920	3922	3922000.000
8921	3889	3889000.000
8922	3979	3979000.000
8923	4108	4108000.000
8924	4062	4062000.000
8925	3997	3997000.000
8926	4130	4130000.000
8927	3945	3945000.000
8928	4030	4030000.000
8929	4062	4062000.000
8930	4012	4012000.000
8931	3979	3979000.000
8932	3902	3902000.000
8933	3866	3866000.000
8934	3834	3834000.000
8935	3885	3885000.000
8936	3932	3932000.000
8937	3917	3917000.000
8938	3938	3938000.000
8939	3947	3947000.000
8940	3967	3967000.000
8941	3932	3932000.000
8942	3909	3909000.000
8943	3940	3940000.000
8944	3880	3880000.000
8945	4023	4023000.000
8946	4055	4055000.000
8947	4007	4007000.000
8948	3970	3970000.000
8949	3952	3952000.000
8950	3922	3922000.000
8951	3981	3981000.000
8952	4003	4003000.000
8953	3969	3969000.000
8954	3974	3974000.000
8955	4019	4019000.000
8956	3926	3926000.000
8957	3915	3915000.000
8958	3839	3839000.000
8959	3939	3939000.000
8960	3928	3928000.000
8961	3803	3803000.000
8962	3956	3956000.000
8963	3870	3870000.000
8964	3885	3885000.000
8965	3936	3936000.000
8966	3910	3910000.000
8967	3948	3948000.000
8968	4054	4054000.000
8969	4108	4108000.000
8970	4048	4048000.000
8971	3999	3999000.000
8972	4015	4015000.000
8973	3980	3980000.000
8974	4018	4018000.000
8975	3994	3994000.000
8976	4063	4063000.000
8977	4049	4049000.000
8978	3967	3967000.000
8979	3855	3855000.000
8980	3933	3933000.000
8981	3852	3852000.000
8982	3924	3924000.000
8983	3860	3860000.000
8984	3933	3933000.000
8985	3984	3984000.000
8986	3919	3919000.000
8987	3880	3880000.000
8988	3876	3876000.000
8989	3871	3871000.000
8990	3974	3974000.000
8991	4072	4072000.000
8992	4076	4076000.000
8993	3988	3988000.000
8994	3967	3967000.000
8995	4029	4029000.000
8996	3979	3979000.000
8997	4039	4039000.000
8998	4000	4000000.000
8999	3975	3975000.000
9000	4005	4005000.000
9001	3929	3929000.000
9002	3985	3985000.000
9003	3847	3847000.000
9004	3953	3953000.000
9005	3973	3973000.000
9006	3835	3835000.000
9007	3980	3980000.000
9008	3986	3986000.000
9009	3956	3956000.000
9010	3895	3895000.000
9011	3917	3917000.000
9012	3900	3900000.000
9013	3961	3961000.000
9014	3987	3987000.000
9015	3997	3997000.000
9016	4047	4047000.000
9017	4005	4005000.000
9018	4046	4046000.000
9019	4134	4134000.000
9020	3921	3921000.000
9021	4052	4052000.000
9022	4032	4032000.000
9023	3984	3984000.000
9024	4039	4039000.000
9025	3949	3949000.000
9026	3927	3927000.000
9027	3852	3852000.000
9028	3919	3919000.000
9029	3924	3924000.000
9030	3844	3844000.000
9031	3903	3903000.000
9032	3922	3922000.000
9033	3883	3883000.000
9034	3822	3822000.000
9035	3947	3947000.000
9036	3930	3930000.000
9037	4062	4062000.000
9038	4004	4004000.000
9039	3989	3989000.000
9040	3954	3954000.000
9041	3956	3956000.000
9042	3931	3931000.000
9043	3984	3984000.000
9044	4044	4044000.000
9045	3938	3938000.000
9046	4053	4053000.000
9047	4004	4004000.000
9048	4015	4015000.000
9049	3885	3885000.000
9050	3876	3876000.000
9051	3887	3887000.000
9052	3937	3937000.000
9053	3901	3901000.000
9054	3935	3935000.000
9055	3855	3855000.000
9056	3949	3949000.000
9057	3867	3867000.000
9058	3780	3780000.000
9059	3872	3872000.000
9060	3913	3913000.000
9061	4056	4056000.000
9062	3979	3979000.000
9063	4072	4072000.000
9064	3950	3950000.000
9065	3907	3907000.000
9066	3978	3978000.000
9067	3981	3981000.000
9068	4034	4034000.000
9069	3990	3990000.000
9070	4014	4014000.000
9071	3911	3911000.000
9072	3905	3905000.000
9073	3897	3897000.000
9074	3804	3804000.000
9075	3902	3902000.000
9076	3898	3898000.000
9077	3934	3934000.000
9078	3974	3974000.000
9079	3952	3952000.000
9080	3904	3904000.000
9081	3789	3789000.000
9082	3822	3822000.000
9083	3901	3901000.000
9084	3979	3979000.000
9085	4051	4051000.000
9086	4068	4068000.000
9087	3990	3990000.000
9088	4014	4014000.000
9089	3962	3962000.000
9090	3996	3996000.000
9091	3982	3982000.000
9092	4065	4065000.000
9093	4049	4049000.000
9094	3982	3982000.000
9095	3921	3921000.000
9096	3914	3914000.000
9097	3916	3916000.000
9098	3937	3937000.000
9099	3905	3905000.000
9100	3892	3892000.000
9101	3948	3948000.000
9102	3908	3908000.000
9103	3892	3892000.000
9104	3907	3907000.000
9105	3935	3935000.000
9106	3994	3994000.000
9107	3956	3956000.000
9108	4083	4083000.000
9109	4029	4029000.000
9110	3969	3969000.000
9111	3993	3993000.000
9112	4005	4005000.000
9113	4027	4027000.000
9114	4085	4085000.000
9115	4028	4028000.000
9116	4011	4011000.000
9117	4101	4101000.000
9118	3975	3975000.000
9119	3935	3935000.000
9120	3930	3930000.000
9121	3861	3861000.000
9122	3939	3939000.000
9123	3966	3966000.000
9124	3989	3989000.000
9125	4002	4002000.000
9126	3964	3964000.000
9127	3839	3839000.000
9128	3899	3899000.000
9129	3969	3969000.000
9130	4006	4006000.000
9131	4050	4050000.000
9132	3987	3987000.000
9133	4086	4086000.000
9134	3935	3935000.000
9135	3952	3952000.000
9136	4002	4002000.000
9137	4024	4024000.000
9138	3999	3999000.000
9139	4106	4106000.000
9140	3988	3988000.000
9141	3904	3904000.000
9142	3940	3940000.000
9143	3853	3853000.000
9144	3857	3857000.000
9145	3981	3981000.000
9146	3977	3977000.000
9147	3960	3960000.000
9148	3941	3941000.000
9149	3905	3905000.000
9150	3901	3901000.000
9151	3979	3979000.000
9152	3980	3980000.000
9153	3861	3861000.000
9154	4031	4031000.000
9155	4072	4072000.000
9156	4141	4141000.000
9157	4052	4052000.000
9158	4085	4085000.000
9159	4012	4012000.000
9160	4045	4045000.000
9161	4026	4026000.000
9162	4009	4009000.000
9163	4063	4063000.000
9164	3955	3955000.000
9165	3817	3817000.000
9166	3892	3892000.000
9167	3807	3807000.000
9168	3924	3924000.000
9169	3975	3975000.000
9170	3973	3973000.000
9171	3912	3912000.000
9172	3965	3965000.000
9173	3870	3870000.000
9174	3891	3891000.000
9175	4000	4000000.000
9176	3939	3939000.000
9177	3997	3997000.000
9178	3862	3862000.000
9179	3948	3948000.000
9180	4066	4066000.000
9181	4014	4014000.000
9182	4037	4037000.000
9183	4136	4136000.000
9184	3943	3943000.000
9185	4126	4126000.000
9186	3904	3904000.000
9187	3911	3911000.000
9188	3922	3922000.000
9189	3859	3859000.000
9190	3911	3911000.000
9191	4037	4037000.000
9192	3962	3962000.000
9193	3959	3959000.000
9194	3890	3890000.000
9195	3874	3874000.000
9196	3853	3853000.000
9197	3881	3881000.000
9198	3929	3929000.000
9199	3871	3871000.000
9200	3967	3967000.000
9201	3949	3949000.000
9202	4052	4052000.000
9203	4042	4042000.000
9204	3979	3979000.000
9205	4044	4044000.000
9206	3996	3996000.000
9207	3963	3963000.000
9208	3970	3970000.000
9209	3978	3978000.000
9210	3879	3879000.000
9211	3880	3880000.000
9212	3962	3962000.000
9213	3867	3867000.000
9214	3933	3933000.000
9215	3938	3938000.000
9216	3976	3976000.000
9217	3975	3975000.000
9218	3997	3997000.000
9219	3968	3968000.000
9220	3931	3931000.000
9221	3924	3924000.000
9222	3854	3854000.000
9223	4087	4087000.000
9224	4068	4068000.000
9225	4033	4033000.000
9226	3992	3992000.000
9227	3978	3978000.000
9228	4017	4017000.000
9229	4069	4069000.000
9230	4036	4036000.000
9231	4043	4043000.000
9232	4007	4007000.000
9233	3924	3924000.000
9234	3919	3919000.000
9235	3966	3966000.000
9236	3905	3905000.000
9237	4037	4037000.000
9238	3913	3913000.000
9239	4003	4003000.000
9240	3985	3985000.000
9241	3986	3986000.000
9242	4029	4029000.000
9243	3923	3923000.000
9244	3849	3849000.000
9245	3948	3948000.000
9246	3952	3952000.000
9247	3987	3987000.000
9248	4026	4026000.000
9249	3980	3980000.000
9250	3938	3938000.000
9251	4023	4023000.000
9252	3954	3954000.000
9253	3957	3957000.000
9254	4035	4035000.000
9255	3974	3974000.000
9256	3927	3927000.000
9257	3904	3904000.000
9258	3921	3921000.000
9259	3897	3897000.000
9260	3944	3944000.000
9261	3985	3985000.000
9262	4012	4012000.000
9263	3980	3980000.000
9264	4003	4003000.000
9265	3918	3918000.000
9266	3838	3838000.000
9267	3850	3850000.000
9268	3937	3937000.000
9269	3951	3951000.000
9270	4052	4052000.000
9271	4006	4006000.000
9272	3980	3980000.000
9273	3914	3914000.000
9274	4004	4004000.000
9275	4016	4016000.000
9276	4017	4017000.000
9277	4082	4082000.000
9278	3932	3932000.000
9279	3747	3747000.000
9280	3889	3889000.000
9281	3795	3795000.000
9282	3932	3932000.000
9283	3985	3985000.000
9284	4019	4019000.000
9285	4050	4050000.000
9286	4021	4021000.000
9287	3988	3988000.000
9288	3990	3990000.000
9289	3827	3827000.000
9290	3930	3930000.000
9291	3837	3837000.000
9292	3950	3950000.000
9293	4004	4004000.000
9294	4050	4050000.000
9295	4086	4086000.000
9296	3981	3981000.000
9297	3955	3955000.000
9298	4055	4055000.000
9299	4065	4065000.000
9300	4107	4107000.000
9301	3970	3970000.000
9302	3960	3960000.000
9303	3765	3765000.000
9304	3918	3918000.000
9305	3900	3900000.000
9306	3953	3953000.000
9307	3966	3966000.000
9308	4001	4001000.000
9309	3942	3942000.000
9310	3979	3979000.000
9311	3930	3930000.000
9312	3846	3846000.000
9313	3942	3942000.000
9314	3920	3920000.000
9315	3928	3928000.000
9316	3941	3941000.000
9317	3980	3980000.000
9318	4024	4024000.000
9319	3991	3991000.000
9320	3919	3919000.000
9321	3940	3940000.000
9322	4022	4022000.000
9323	4040	4040000.000
9324	3992	3992000.000
9325	4034	4034000.000
9326	3925	3925000.000
9327	3896	3896000.000
9328	3871	3871000.000
9329	3867	3867000.000
9330	3969	3969000.000
9331	4017	4017000.000
9332	3954	3954000.000
9333	3950	3950000.000
9334	3828	3828000.000
9335	3808	3808000.000
9336	3872	3872000.000
9337	3889	3889000.000
9338	3897	3897000.000
9339	4039	4039000.000
9340	3971	3971000.000
9341	3989	3989000.000
9342	4024	4024000.000
9343	3994	3994000.000
9344	4082	4082000.000
9345	4004	4004000.000
9346	4041	4041000.000
9347	4000	4000000.000
9348	3958	3958000.000
9349	3915	3915000.000
9350	3901	3901000.000
9351	3806	3806000.000
9352	3906	3906000.000
9353	3938	3938000.000
9354	4014	4014000.000
9355	3933	3933000.000
9356	3886	3886000.000
9357	3924	3924000.000
9358	3833	3833000.000
9359	3852	3852000.000
9360	3894	3894000.000
9361	3834	3834000.000
9362	3887	3887000.000
9363	4000	4000000.000
9364	4018	4018000.000
9365	3945	3945000.000
9366	4009	4009000.000
9367	3991	3991000.000
9368	4008	4008000.000
9369	3990	3990000.000
9370	3966	3966000.000
9371	3969	3969000.000
9372	3880	3880000.000
9373	3848	3848000.000
9374	3838	3838000.000
9375	3896	3896000.000
9376	3958	3958000.000
9377	4049	4049000.000
9378	3951	3951000.000
9379	3906	3906000.000
9380	3902	3902000.000
9381	3952	3952000.000
9382	3952	3952000.000
9383	3942	3942000.000
9384	3932	3932000.000
9385	4070	4070000.000
9386	4032	4032000.000
9387	4026	4026000.000
9388	4017	4017000.000
9389	4037	4037000.000
9390	4063	4063000.000
9391	4098	4098000.000
9392	4055	4055000.000
9393	4029	4029000.000
9394	3985	3985000.000
9395	3878	3878000.000
9396	3979	3979000.000
9397	3864	3864000.000
9398	3858	3858000.000
9399	3934	3934000.000
9400	3996	3996000.000
9401	3991	3991000.000
9402	3892	3892000.000
9403	3967	3967000.000
9404	3903	3903000.000
9405	3856	3856000.000
9406	3853	3853000.000
9407	3876	3876000.000
9408	3973	3973000.000
9409	4005	4005000.000
9410	4007	4007000.000
9411	4008	4008000.000
9412	3975	3975000.000
9413	4053	4053000.000
9414	4046	4046000.000
9415	4021	4021000.000
9416	4090	4090000.000
9417	3911	3911000.000
9418	3878	3878000.000
9419	3826	3826000.000
9420	3906	3906000.000
9421	3885	3885000.000
9422	4002	4002000.000
9423	4008	4008000.000
9424	4036	4036000.000
9425	3955	3955000.000
9426	3932	3932000.000
9427	3963	3963000.000
9428	3861	3861000.000
9429	3878	3878000.000
9430	3888	3888000.000
9431	3975	3975000.000
9432	4036	4036000.000
9433	4057	4057000.000
9434	4123	4123000.000
9435	4004	4004000.000
9436	4083	4083000.000
9437	4021	4021000.000
9438	4028	4028000.000
9439	3980	3980000.000
9440	4022	4022000.000
9441	3850	3850000.000
9442	3843	3843000.000
9443	3851	3851000.000
9444	3940	3940000.000
9445	3970	3970000.000
9446	4067	4067000.000
9447	3946	3946000.000
9448	3926	3926000.000
9449	3944	3944000.000
9450	3842	3842000.000
9451	3904	3904000.000
9452	3936	3936000.000
9453	3981	3981000.000
9454	4048	4048000.000
9455	4010	4010000.000
9456	3984	3984000.000
9457	4077	4077000.000
9458	4007	4007000.000
9459	3999	3999000.000
9460	3960	3960000.000
9461	4044	4044000.000
9462	4019	4019000.000
9463	4074	4074000.000
9464	3928	3928000.000
9465	3815	3815000.000
9466	3929	3929000.000
9467	3873	3873000.000
9468	3887	3887000.000
9469	3996	3996000.000
9470	3893	3893000.000
9471	3960	3960000.000
9472	3836	3836000.000
9473	3895	3895000.000
9474	3927	3927000.000
9475	3878	3878000.000
9476	3962	3962000.000
9477	3975	3975000.000
9478	4035	4035000.000
9479	4041	4041000.000
9480	4000	4000000.000
9481	4040	4040000.000
9482	3991	3991000.000
9483	4093	4093000.000
9484	3996	3996000.000
9485	4019	4019000.000
9486	4035	4035000.000
9487	3945	3945000.000
9488	3894	3894000.000
9489	3883	3883000.000
9490	3921	3921000.000
9491	3924	3924000.000
9492	3922	3922000.000
9493	3935	3935000.000
9494	3887	3887000.000
9495	3899	3899000.000
9496	3934	3934000.000
9497	3818	3818000.000
9498	3962	3962000.000
9499	3924	3924000.000
9500	3888	3888000.000
9501	4051	4051000.000
9502	3989	3989000.000
9503	4073	4073000.000
9504	4072	4072000.000
9505	4052	4052000.000
9506	3943	3943000.000
9507	4073	4073000.000
9508	4022	4022000.000
9509	4023	4023000.000
9510	4030	4030000.000
9511	3879	3879000.000
9512	3915	3915000.000
9513	3878	3878000.000
9514	3894	3894000.000
9515	3952	3952000.000
9516	3843	3843000.000
9517	3971	3971000.000
9518	3942	3942000.000
9519	3912	3912000.000
9520	4021	4021000.000
9521	3897	3897000.000
9522	3858	3858000.000
9523	3985	3985000.000
9524	4106	4106000.000
9525	4022	4022000.000
9526	4029	4029000.000
9527	4040	4040000.000
9528	3989	3989000.000
9529	3983	3983000.000
9530	4045	4045000.000
9531	4037	4037000.000
9532	4077	4077000.000
9533	3953	3953000.000
9534	3973	3973000.000
9535	3797	3797000.000
9536	3816	3816000.000
9537	3962	3962000.000
9538	3988	3988000.000
9539	3938	3938000.000
9540	3927	3927000.000
9541	3943	3943000.000
9542	3858	3858000.000
9543	3931	3931000.000
9544	3818	3818000.000
9545	3920	3920000.000
9546	3873	3873000.000
9547	3921	3921000.000
9548	4041	4041000.000
9549	4007	4007000.000
9550	4017	4017000.000
9551	4022	4022000.000
9552	3991	3991000.000
9553	4057	4057000.000
9554	4004	4004000.000
9555	4009	4009000.000
9556	4000	4000000.000
9557	3932	3932000.000
9558	3936	3936000.000
9559	3878	3878000.000
9560	3894	3894000.000
9561	3928	3928000.000
9562	3868	3868000.000
9563	3890	3890000.000
9564	4010	4010000.000
9565	3990	3990000.000
9566	3910	3910000.000
9567	3911	3911000.000
9568	3841	3841000.000
9569	3920	3920000.000
9570	3973	3973000.000
9571	4148	4148000.000
9572	4057	4057000.000
9573	4007	4007000.000
9574	4024	4024000.000
9575	3962	3962000.000
9576	4128	4128000.000
9577	4036	4036000.000
9578	3948	3948000.000
9579	3923	3923000.000
9580	3981	3981000.000
9581	3819	3819000.000
9582	3883	3883000.000
9583	3991	3991000.000
9584	3991	3991000.000
9585	3918	3918000.000
9586	3940	3940000.000
9587	3972	3972000.000
9588	3969	3969000.000
9589	3877	3877000.000
9590	3927	3927000.000
9591	3869	3869000.000
9592	3826	3826000.000
9593	4004	4004000.000
9594	3926	3926000.000
9595	4009	4009000.000
9596	3981	3981000.000
9597	3990	3990000.000
9598	4001	4001000.000
9599	3976	3976000.000
9600	3914	3914000.000
9601	4069	4069000.000
9602	4044	4044000.000
9603	3888	3888000.000
9604	3903	3903000.000
9605	3923	3923000.000
9606	3766	3766000.000
9607	3892	3892000.000
9608	3977	3977000.000
9609	3991	3991000.000
9610	3969	3969000.000
9611	3917	3917000.000
9612	3907	3907000.000
9613	3939	3939000.000
9614	3881	3881000.000
9615	3899	3899000.000
9616	3945	3945000.000
9617	3865	3865000.000
9618	3993	3993000.000
9619	4008	4008000.000
9620	4107	4107000.000
9621	4070	4070000.000
9622	3919	3919000.000
9623	4040	4040000.000
9624	3987	3987000.000
9625	3950	3950000.000
9626	3989	3989000.000
9627	3865	3865000.000
9628	3890	3890000.000
9629	3855	3855000.000
9630	3961	3961000.000
9631	4006	4006000.000
9632	3965	3965000.000
9633	3938	3938000.000
9634	3915	3915000.000
9635	3938	3938000.000
9636	3799	3799000.000
9637	3808	3808000.000
9638	3894	3894000.000
9639	3878	3878000.000
9640	3995	3995000.000
9641	4079	4079000.000
9642	4022	4022000.000
9643	4052	4052000.000
9644	3915	3915000.000
9645	4003	4003000.000
9646	4063	4063000.000
9647	3960	3960000.000
9648	3991	3991000.000
9649	3880	3880000.000
9650	3916	3916000.000
9651	3966	3966000.000
9652	3882	3882000.000
9653	3969	3969000.000
9654	3904	3904000.000
9655	4028	4028000.000
9656	3956	3956000.000
9657	3909	3909000.000
9658	3922	3922000.000
9659	3889	3889000.000
9660	3875	3875000.000
9661	3956	3956000.000
9662	3953	3953000.000
9663	4018	4018000.000
9664	4050	4050000.000
9665	4033	4033000.000
9666	3989	3989000.000
9667	3920	3920000.000
9668	4009	4009000.000
9669	3989	3989000.000
9670	3989	3989000.000
9671	4005	4005000.000
9672	3904	3904000.000
9673	3933	3933000.000
9674	3845	3845000.000
9675	3925	3925000.000
9676	3854	3854000.000
9677	3957	3957000.000
9678	3949	3949000.000
9679	4027	4027000.000
9680	3960	3960000.000
9681	3899	3899000.000
9682	3926	3926000.000
9683	3893	3893000.000
9684	3815	3815000.000
9685	3954	3954000.000
9686	3968	3968000.000
9687	4068	4068000.000
9688	4059	4059000.000
9689	4010	4010000.000
9690	3964	3964000.000
9691	4000	4000000.000
9692	3963	3963000.000
9693	3996	3996000.000
9694	3949	3949000.000
9695	3940	3940000.000
9696	3927	3927000.000
9697	3926	3926000.000
9698	3822	3822000.000
9699	3791	3791000.000
9700	3966	3966000.000
9701	3954	3954000.000
9702	3908	3908000.000
9703	3903	3903000.000
9704	3866	3866000.000
9705	3935	3935000.000
9706	3877	3877000.000
9707	3862	3862000.000
9708	4011	4011000.000
9709	3990	3990000.000
9710	3998	3998000.000
9711	4081	4081000.000
9712	4027	4027000.000
9713	4096	4096000.000
9714	4006	4006000.000
9715	4134	4134000.000
9716	4111	4111000.000
9717	4103	4103000.000
9718	3960	3960000.000
9719	3872	3872000.000
9720	3882	3882000.000
9721	3871	3871000.000
9722	3892	3892000.000
9723	3790	3790000.000
9724	3965	3965000.000
9725	3918	3918000.000
9726	3972	3972000.000
9727	3895	3895000.000
9728	3940	3940000.000
9729	3812	3812000.000
9730	3916	3916000.000
9731	3867	3867000.000
9732	3937	3937000.000
9733	4060	4060000.000
9734	4023	4023000.000
9735	3913	3913000.000
9736	4010	4010000.000
9737	3975	3975000.000
9738	4063	4063000.000
9739	4125	4125000.000
9740	4047	4047000.000
9741	3904	3904000.000
9742	3877	3877000.000
9743	3857	3857000.000
9744	3896	3896000.000
9745	3997	3997000.000
9746	3910	3910000.000
9747	4001	4001000.000
9748	3931	3931000.000
9749	4026	4026000.000
9750	4022	4022000.000
9751	3905	3905000.000
9752	3874	3874000.000
9753	3829	3829000.000
9754	4009	4009000.000
9755	3934	3934000.000
9756	3944	3944000.000
9757	4061	4061000.000
9758	3882	3882000.000
9759	4082	4082000.000
9760	4027	4027000.000
9761	4070	4070000.000
9762	3993	3993000.000
9763	3937	3937000.000
9764	4031	4031000.000
9765	3906	3906000.000
9766	3896	3896000.000
9767	3845	3845000.000
9768	3936	3936000.000
9769	4016	4016000.000
9770	3914	3914000.000
9771	3857	3857000.000
9772	3943	3943000.000
9773	4021	4021000.000
9774	3929	3929000.000
9775	3928	3928000.000
9776	3920	3920000.000
9777	3880	3880000.000
9778	3863	3863000.000
9779	4011	4011000.000
9780	4034	4034000.000
9781	4086	4086000.000
9782	3975	3975000.000
9783	4014	4014000.000
9784	4045	4045000.000
9785	4014	4014000.000
9786	4004	4004000.000
9787	3931	3931000.000
9788	3935	3935000.000
9789	3876	3876000.000
9790	3814	3814000.000
9791	3923	3923000.000
9792	4011	4011000.000
9793	3959	3959000.000
9794	3886	3886000.000
9795	4088	4088000.000
9796	3983	3983000.000
9797	3945	3945000.000
9798	3905	3905000.000
9799	3842	3842000.000
9800	3923	3923000.000
9801	3977	3977000.000
9802	4030	4030000.000
9803	4033	4033000.000
9804	4019	4019000.000
9805	3854	3854000.000
9806	3906	3906000.000
9807	4003	4003000.000
9808	4118	4118000.000
9809	4057	4057000.000
9810	3979	3979000.000
9811	3955	3955000.000
9812	3794	3794000.000
9813	3858	3858000.000
9814	3895	3895000.000
9815	3914	3914000.000
9816	3937	3937000.000
9817	3878	3878000.000
9818	3877	3877000.000
9819	3932	3932000.000
9820	3997	3997000.000
9821	3907	3907000.000
9822	3859	3859000.000
9823	3901	3901000.000
9824	3975	3975000.000
9825	4075	4075000.000
9826	4028	4028000.000
9827	4055	4055000.000
9828	3969	3969000.000
9829	4002	4002000.000
9830	3990	3990000.000
9831	4023	4023000.000
9832	4054	4054000.000
9833	4001	4001000.000
9834	3895	3895000.000
9835	3910	3910000.000
9836	3964	3964000.000
9837	3820	3820000.000
9838	3937	3937000.000
9839	3888	3888000.000
9840	3957	3957000.000
9841	3948	3948000.000
9842	4023	4023000.000
9843	4058	4058000.000
9844	3969	3969000.000
9845	3839	3839000.000
9846	3916	3916000.000
9847	3966	3966000.000
9848	4008	4008000.000
9849	4002	4002000.000
9850	3940	3940000.000
9851	4063	4063000.000
9852	4048	4048000.000
9853	4074	4074000.000
9854	3993	3993000.000
9855	3984	3984000.000
9856	3992	3992000.000
9857	4016	4016000.000
9858	3916	3916000.000
9859	3952	3952000.000
9860	3824	3824000.000
9861	4007	4007000.000
9862	3964	3964000.000
9863	3967	3967000.000
9864	4021	4021000.000
9865	3975	3975000.000
9866	3921	3921000.000
9867	4010	4010000.000
9868	3894	3894000.000
9869	3873	3873000.000
9870	3931	3931000.000
9871	3960	3960000.000
9872	4064	4064000.000
9873	4027	4027000.000
9874	4045	4045000.000
9875	4019	4019000.000
9876	4020	4020000.000
9877	3994	3994000.000
9878	3996	3996000.000
9879	4005	4005000.000
9880	3953	3953000.000
9881	3997	3997000.000
9882	3807	3807000.000
9883	3976	3976000.000
9884	3847	3847000.000
9885	3915	3915000.000
9886	3888	3888000.000
9887	3915	3915000.000
9888	3903	3903000.000
9889	3936	3936000.000
9890	3998	3998000.000
9891	3950	3950000.000
9892	3979	3979000.000
9893	3898	3898000.000
9894	3976	3976000.000
9895	4036	4036000.000
9896	4118	4118000.000
9897	4026	4026000.000
9898	4029	4029000.000
9899	4003	4003000.000
9900	3992	3992000.000
9901	4075	4075000.000
9902	3979	3979000.000
9903	4029	4029000.000
9904	3990	3990000.000
9905	3938	3938000.000
9906	3881	3881000.000
9907	3850	3850000.000
9908	3945	3945000.000
9909	3999	3999000.000
9910	4004	4004000.000
9911	3968	3968000.000
9912	4038	4038000.000
9913	3918	3918000.000
9914	3958	3958000.000
9915	3965	3965000.000
9916	3835	3835000.000
9917	3969	3969000.000
9918	4155	4155000.000
9919	3969	3969000.000
9920	3995	3995000.000
9921	4020	4020000.000
9922	3942	3942000.000
9923	3966	3966000.000
9924	3960	3960000.000
9925	4049	4049000.000
9926	4011	4011000.000
9927	3969	3969000.000
9928	3890	3890000.000
9929	3946	3946000.000
9930	3895	3895000.000
9931	3935	3935000.000
9932	4009	4009000.000
9933	3900	3900000.000
9934	3935	3935000.000
9935	3989	3989000.000
9936	3932	3932000.000
9937	3857	3857000.000
9938	3903	3903000.000
9939	3888	3888000.000
9940	4048	4048000.000
9941	4039	4039000.000
9942	4021	4021000.000
9943	4051	4051000.000
9944	4088	4088000.000
9945	4011	4011000.000
9946	3957	3957000.000
9947	4102	4102000.000
9948	4032	4032000.000
9949	4064	4064000.000
9950	3947	3947000.000
9951	3883	3883000.000
9952	3860	3860000.000
9953	3904	3904000.000
9954	3902	3902000.000
9955	3845	3845000.000
9956	3976	3976000.000
9957	4016	4016000.000
9958	3878	3878000.000
9959	3880	3880000.000
9960	3863	3863000.000
9961	4032	4032000.000
9962	3912	3912000.000
9963	3966	3966000.000
9964	4037	4037000.000
9965	3948	3948000.000
9966	4050	4050000.000
9967	4002	4002000.000
9968	4026	4026000.000
9969	4038	4038000.000
9970	4049	4049000.000
9971	3921	3921000.000
9972	4009	4009000.000
9973	4018	4018000.000
9974	3995	3995000.000
9975	3959	3959000.000
9976	3914	3914000.000
9977	3871	3871000.000
9978	3966	3966000.000
9979	3984	3984000.000
9980	3970	3970000.000
9981	3996	3996000.000
9982	3916	3916000.000
9983	3906	3906000.000
9984	3891	3891000.000
9985	3910	3910000.000
9986	3984	3984000.000
9987	4038	4038000.000
9988	4014	4014000.000
9989	4042	4042000.000
9990	4013	4013000.000
9991	3981	3981000.000
9992	3963	3963000.000
9993	4036	4036000.000
9994	4033	4033000.000
9995	3954	3954000.000
9996	4070	4070000.000
9997	3960	3960000.000
9998	3922	3922000.000
9999	3833	3833000.000
10000	3947	3947000.000
