# bins en theta = 60.00 deg
# bin_length_s = 0.001000
# bin	counts	CPS
1	3190	3190000.000
2	3146	3146000.000
3	3243	3243000.000
4	3226	3226000.000
5	3156	3156000.000
6	3089	3089000.000
7	3072	3072000.000
8	3108	3108000.000
9	3095	3095000.000
10	3184	3184000.000
11	3097	3097000.000
12	3156	3156000.000
13	3144	3144000.000
14	3274	3274000.000
15	3205	3205000.000
16	3278	3278000.000
17	3139	3139000.000
18	3189	3189000.000
19	3092	3092000.000
20	3187	3187000.000
21	3144	3144000.000
22	3158	3158000.000
23	3188	3188000.000
24	3196	3196000.000
25	3197	3197000.000
26	3169	3169000.000
27	3126	3126000.000
28	3112	3112000.000
29	3118	3118000.000
30	3081	3081000.000
31	3044	3044000.000
32	3150	3150000.000
33	3162	3162000.000
34	3141	3141000.000
35	3140	3140000.000
36	3182	3182000.000
37	3177	3177000.000
38	3324	3324000.000
39	3170	3170000.000
40	3170	3170000.000
41	3167	3167000.000
42	3174	3174000.000
43	3171	3171000.000
44	3118	3118000.000
45	3237	3237000.000
46	3240	3240000.000
47	3209	3209000.000
48	3207	3207000.000
49	3254	3254000.000
50	3214	3214000.000
51	3167	3167000.000
52	3123	3123000.000
53	3150	3150000.000
54	3131	3131000.000
55	3027	3027000.000
56	3080	3080000.000
57	3167	3167000.000
58	3189	3189000.000
59	3157	3157000.000
60	3244	3244000.000
61	3234	3234000.000
62	3169	3169000.000
63	3197	3197000.000
64	3107	3107000.000
65	3117	3117000.000
66	3159	3159000.000
67	3117	3117000.000
68	3097	3097000.000
69	3129	3129000.000
70	3234	3234000.000
71	3139	3139000.000
72	3150	3150000.000
73	3163	3163000.000
74	3098	3098000.000
75	3071	3071000.000
76	3057	3057000.000
77	3002	3002000.000
78	3188	3188000.000
79	3085	3085000.000
80	3146	3146000.000
81	3165	3165000.000
82	3224	3224000.000
83	3271	3271000.000
84	3171	3171000.000
85	3196	3196000.000
86	3228	3228000.000
87	3232	3232000.000
88	3146	3146000.000
89	3193	3193000.000
90	3028	3028000.000
91	3079	3079000.000
92	3083	3083000.000
93	3166	3166000.000
94	3198	3198000.000
95	3110	3110000.000
96	3151	3151000.000
97	3182	3182000.000
98	3068	3068000.000
99	3073	3073000.000
100	3087	3087000.000
101	3084	3084000.000
102	3080	3080000.000
103	3214	3214000.000
104	3114	3114000.000
105	3167	3167000.000
106	3107	3107000.000
107	3283	3283000.000
108	3240	3240000.000
109	3185	3185000.000
110	3158	3158000.000
111	3163	3163000.000
112	3116	3116000.000
113	3089	3089000.000
114	3196	3196000.000
115	3148	3148000.000
116	3288	3288000.000
117	3222	3222000.000
118	3311	3311000.000
119	3169	3169000.000
120	3161	3161000.000
121	3208	3208000.000
122	3132	3132000.000
123	3022	3022000.000
124	3052	3052000.000
125	3089	3089000.000
126	3106	3106000.000
127	3074	3074000.000
128	3080	3080000.000
129	3107	3107000.000
130	3250	3250000.000
131	3237	3237000.000
132	3224	3224000.000
133	3142	3142000.000
134	3203	3203000.000
135	3139	3139000.000
136	3125	3125000.000
137	3196	3196000.000
138	3162	3162000.000
139	3178	3178000.000
140	3212	3212000.000
141	3175	3175000.000
142	3124	3124000.000
143	3196	3196000.000
144	3155	3155000.000
145	3154	3154000.000
146	3102	3102000.000
147	3066	3066000.000
148	3101	3101000.000
149	3068	3068000.000
150	3144	3144000.000
151	3131	3131000.000
152	3145	3145000.000
153	3243	3243000.000
154	3191	3191000.000
155	3235	3235000.000
156	3144	3144000.000
157	3087	3087000.000
158	3223	3223000.000
159	3075	3075000.000
160	3173	3173000.000
161	3194	3194000.000
162	3190	3190000.000
163	3295	3295000.000
164	3168	3168000.000
165	3220	3220000.000
166	3107	3107000.000
167	3111	3111000.000
168	3113	3113000.000
169	3134	3134000.000
170	3062	3062000.000
171	3135	3135000.000
172	3134	3134000.000
173	3028	3028000.000
174	3071	3071000.000
175	3138	3138000.000
176	3212	3212000.000
177	3290	3290000.000
178	3201	3201000.000
179	3249	3249000.000
180	3126	3126000.000
181	3175	3175000.000
182	3136	3136000.000
183	3227	3227000.000
184	3199	3199000.000
185	3145	3145000.000
186	3205	3205000.000
187	3172	3172000.000
188	3256	3256000.000
189	3188	3188000.000
190	3165	3165000.000
191	3075	3075000.000
192	3039	3039000.000
193	3067	3067000.000
194	3072	3072000.000
195	3108	3108000.000
196	3059	3059000.000
197	3238	3238000.000
198	3177	3177000.000
199	3157	3157000.000
200	3166	3166000.000
201	3183	3183000.000
202	3168	3168000.000
203	3121	3121000.000
204	3113	3113000.000
205	3179	3179000.000
206	3129	3129000.000
207	3158	3158000.000
208	3103	3103000.000
209	3177	3177000.000
210	3221	3221000.000
211	3190	3190000.000
212	3244	3244000.000
213	3080	3080000.000
214	3104	3104000.000
215	3166	3166000.000
216	3121	3121000.000
217	3070	3070000.000
218	3160	3160000.000
219	3114	3114000.000
220	3083	3083000.000
221	3107	3107000.000
222	3178	3178000.000
223	3309	3309000.000
224	3251	3251000.000
225	3152	3152000.000
226	3169	3169000.000
227	3153	3153000.000
228	3073	3073000.000
229	3087	3087000.000
230	3195	3195000.000
231	3142	3142000.000
232	3251	3251000.000
233	3206	3206000.000
234	3198	3198000.000
235	3192	3192000.000
236	3053	3053000.000
237	3120	3120000.000
238	3133	3133000.000
239	3096	3096000.000
240	3132	3132000.000
241	3073	3073000.000
242	3081	3081000.000
243	3046	3046000.000
244	3124	3124000.000
245	3105	3105000.000
246	3269	3269000.000
247	3181	3181000.000
248	3257	3257000.000
249	3089	3089000.000
250	3030	3030000.000
251	3098	3098000.000
252	3111	3111000.000
253	3217	3217000.000
254	3163	3163000.000
255	3285	3285000.000
256	3187	3187000.000
257	3293	3293000.000
258	3153	3153000.000
259	3154	3154000.000
260	3073	3073000.000
261	3086	3086000.000
262	3113	3113000.000
263	3093	3093000.000
264	3048	3048000.000
265	3150	3150000.000
266	3114	3114000.000
267	3151	3151000.000
268	3222	3222000.000
269	3213	3213000.000
270	3177	3177000.000
271	3098	3098000.000
272	3057	3057000.000
273	3161	3161000.000
274	3083	3083000.000
275	3145	3145000.000
276	3087	3087000.000
277	3202	3202000.000
278	3258	3258000.000
279	3268	3268000.000
280	3137	3137000.000
281	3155	3155000.000
282	3110	3110000.000
283	3156	3156000.000
284	3021	3021000.000
285	3073	3073000.000
286	3104	3104000.000
287	3195	3195000.000
288	3113	3113000.000
289	3086	3086000.000
290	3224	3224000.000
291	3218	3218000.000
292	3102	3102000.000
293	3294	3294000.000
294	3208	3208000.000
295	3213	3213000.000
296	3095	3095000.000
297	3194	3194000.000
298	3129	3129000.000
299	3042	3042000.000
300	3182	3182000.000
301	3195	3195000.000
302	3188	3188000.000
303	3280	3280000.000
304	3194	3194000.000
305	3088	3088000.000
306	3168	3168000.000
307	3099	3099000.000
308	3130	3130000.000
309	3099	3099000.000
310	3080	3080000.000
311	3043	3043000.000
312	2987	2987000.000
313	3089	3089000.000
314	3180	3180000.000
315	3234	3234000.000
316	3159	3159000.000
317	3224	3224000.000
318	3155	3155000.000
319	3099	3099000.000
320	3148	3148000.000
321	3210	3210000.000
322	3079	3079000.000
323	3127	3127000.000
324	3106	3106000.000
325	3253	3253000.000
326	3219	3219000.000
327	3127	3127000.000
328	3140	3140000.000
329	3103	3103000.000
330	3186	3186000.000
331	3106	3106000.000
332	3088	3088000.000
333	3100	3100000.000
334	3046	3046000.000
335	3142	3142000.000
336	3090	3090000.000
337	3219	3219000.000
338	3143	3143000.000
339	3224	3224000.000
340	3228	3228000.000
341	3185	3185000.000
342	3171	3171000.000
343	3198	3198000.000
344	3123	3123000.000
345	3223	3223000.000
346	3050	3050000.000
347	3146	3146000.000
348	3154	3154000.000
349	3169	3169000.000
350	3233	3233000.000
351	3138	3138000.000
352	3165	3165000.000
353	3111	3111000.000
354	3138	3138000.000
355	3158	3158000.000
356	3165	3165000.000
357	3135	3135000.000
358	3098	3098000.000
359	3124	3124000.000
360	3145	3145000.000
361	3225	3225000.000
362	3196	3196000.000
363	3210	3210000.000
364	3161	3161000.000
365	3169	3169000.000
366	3162	3162000.000
367	3125	3125000.000
368	3151	3151000.000
369	3198	3198000.000
370	3175	3175000.000
371	3203	3203000.000
372	3161	3161000.000
373	3303	3303000.000
374	3167	3167000.000
375	3075	3075000.000
376	3139	3139000.000
377	3070	3070000.000
378	3133	3133000.000
379	3046	3046000.000
380	3126	3126000.000
381	3002	3002000.000
382	3032	3032000.000
383	3092	3092000.000
384	3180	3180000.000
385	3230	3230000.000
386	3173	3173000.000
387	3159	3159000.000
388	3235	3235000.000
389	3218	3218000.000
390	3155	3155000.000
391	3117	3117000.000
392	3173	3173000.000
393	3198	3198000.000
394	3243	3243000.000
395	3216	3216000.000
396	3176	3176000.000
397	3225	3225000.000
398	3133	3133000.000
399	3025	3025000.000
400	3082	3082000.000
401	3106	3106000.000
402	3188	3188000.000
403	3146	3146000.000
404	3160	3160000.000
405	3158	3158000.000
406	3154	3154000.000
407	3190	3190000.000
408	3227	3227000.000
409	3301	3301000.000
410	3194	3194000.000
411	3129	3129000.000
412	3148	3148000.000
413	3174	3174000.000
414	3168	3168000.000
415	3201	3201000.000
416	3152	3152000.000
417	3205	3205000.000
418	3250	3250000.000
419	3130	3130000.000
420	3154	3154000.000
421	3191	3191000.000
422	3128	3128000.000
423	3204	3204000.000
424	3013	3013000.000
425	3104	3104000.000
426	3079	3079000.000
427	3076	3076000.000
428	3127	3127000.000
429	3125	3125000.000
430	3081	3081000.000
431	3189	3189000.000
432	3233	3233000.000
433	3243	3243000.000
434	3313	3313000.000
435	3220	3220000.000
436	3142	3142000.000
437	3092	3092000.000
438	3206	3206000.000
439	3132	3132000.000
440	3309	3309000.000
441	3210	3210000.000
442	3259	3259000.000
443	3136	3136000.000
444	3134	3134000.000
445	3061	3061000.000
446	3052	3052000.000
447	3185	3185000.000
448	3144	3144000.000
449	3130	3130000.000
450	3185	3185000.000
451	3130	3130000.000
452	3093	3093000.000
453	3172	3172000.000
454	3202	3202000.000
455	3219	3219000.000
456	3313	3313000.000
457	3257	3257000.000
458	3183	3183000.000
459	3197	3197000.000
460	3158	3158000.000
461	3110	3110000.000
462	3204	3204000.000
463	3195	3195000.000
464	3205	3205000.000
465	3251	3251000.000
466	3206	3206000.000
467	3154	3154000.000
468	3131	3131000.000
469	3153	3153000.000
470	3151	3151000.000
471	3048	3048000.000
472	3123	3123000.000
473	3114	3114000.000
474	3205	3205000.000
475	3106	3106000.000
476	3164	3164000.000
477	3205	3205000.000
478	3248	3248000.000
479	3208	3208000.000
480	3085	3085000.000
481	3133	3133000.000
482	3077	3077000.000
483	3184	3184000.000
484	3163	3163000.000
485	3024	3024000.000
486	3225	3225000.000
487	3186	3186000.000
488	3251	3251000.000
489	3200	3200000.000
490	3099	3099000.000
491	3158	3158000.000
492	3078	3078000.000
493	3132	3132000.000
494	3081	3081000.000
495	3136	3136000.000
496	3142	3142000.000
497	3116	3116000.000
498	3208	3208000.000
499	3111	3111000.000
500	3111	3111000.000
501	3146	3146000.000
502	3175	3175000.000
503	3249	3249000.000
504	3185	3185000.000
505	3118	3118000.000
506	3222	3222000.000
507	3169	3169000.000
508	3151	3151000.000
509	3142	3142000.000
510	3187	3187000.000
511	3263	3263000.000
512	3235	3235000.000
513	3205	3205000.000
514	3108	3108000.000
515	3185	3185000.000
516	3065	3065000.000
517	3130	3130000.000
518	3078	3078000.000
519	2995	2995000.000
520	3083	3083000.000
521	3159	3159000.000
522	3136	3136000.000
523	3174	3174000.000
524	3308	3308000.000
525	3154	3154000.000
526	3229	3229000.000
527	3212	3212000.000
528	3164	3164000.000
529	3022	3022000.000
530	3148	3148000.000
531	3106	3106000.000
532	3166	3166000.000
533	3233	3233000.000
534	3225	3225000.000
535	3206	3206000.000
536	3156	3156000.000
537	3080	3080000.000
538	3039	3039000.000
539	3133	3133000.000
540	3180	3180000.000
541	3051	3051000.000
542	3012	3012000.000
543	3071	3071000.000
544	3098	3098000.000
545	3070	3070000.000
546	3243	3243000.000
547	3205	3205000.000
548	3250	3250000.000
549	3280	3280000.000
550	3151	3151000.000
551	3131	3131000.000
552	3064	3064000.000
553	3173	3173000.000
554	3051	3051000.000
555	3237	3237000.000
556	3297	3297000.000
557	3273	3273000.000
558	3243	3243000.000
559	3192	3192000.000
560	3173	3173000.000
561	3126	3126000.000
562	3101	3101000.000
563	3090	3090000.000
564	3132	3132000.000
565	3045	3045000.000
566	3106	3106000.000
567	3136	3136000.000
568	3235	3235000.000
569	3214	3214000.000
570	3206	3206000.000
571	3219	3219000.000
572	3230	3230000.000
573	3191	3191000.000
574	3228	3228000.000
575	3227	3227000.000
576	3138	3138000.000
577	3076	3076000.000
578	3147	3147000.000
579	3174	3174000.000
580	3283	3283000.000
581	3261	3261000.000
582	3170	3170000.000
583	3129	3129000.000
584	3096	3096000.000
585	3078	3078000.000
586	3093	3093000.000
587	3079	3079000.000
588	3134	3134000.000
589	3095	3095000.000
590	3116	3116000.000
591	3117	3117000.000
592	3225	3225000.000
593	3220	3220000.000
594	3209	3209000.000
595	3181	3181000.000
596	3193	3193000.000
597	3065	3065000.000
598	3243	3243000.000
599	3079	3079000.000
600	3200	3200000.000
601	3156	3156000.000
602	3106	3106000.000
603	3135	3135000.000
604	3260	3260000.000
605	3200	3200000.000
606	3145	3145000.000
607	3114	3114000.000
608	3048	3048000.000
609	3118	3118000.000
610	3143	3143000.000
611	3098	3098000.000
612	3094	3094000.000
613	3125	3125000.000
614	3089	3089000.000
615	3153	3153000.000
616	3147	3147000.000
617	3195	3195000.000
618	3205	3205000.000
619	3160	3160000.000
620	3117	3117000.000
621	3192	3192000.000
622	3202	3202000.000
623	3170	3170000.000
624	3127	3127000.000
625	3148	3148000.000
626	3307	3307000.000
627	3265	3265000.000
628	3199	3199000.000
629	3238	3238000.000
630	3143	3143000.000
631	3168	3168000.000
632	3155	3155000.000
633	3080	3080000.000
634	3179	3179000.000
635	3063	3063000.000
636	3107	3107000.000
637	3105	3105000.000
638	3161	3161000.000
639	3234	3234000.000
640	3281	3281000.000
641	3223	3223000.000
642	3215	3215000.000
643	3117	3117000.000
644	3192	3192000.000
645	3161	3161000.000
646	3142	3142000.000
647	3091	3091000.000
648	3260	3260000.000
649	3182	3182000.000
650	3317	3317000.000
651	3260	3260000.000
652	3158	3158000.000
653	3099	3099000.000
654	3080	3080000.000
655	3179	3179000.000
656	3202	3202000.000
657	3218	3218000.000
658	3143	3143000.000
659	3083	3083000.000
660	3143	3143000.000
661	3274	3274000.000
662	3237	3237000.000
663	3214	3214000.000
664	3167	3167000.000
665	3157	3157000.000
666	3148	3148000.000
667	3215	3215000.000
668	3114	3114000.000
669	3145	3145000.000
670	3121	3121000.000
671	3117	3117000.000
672	3153	3153000.000
673	3196	3196000.000
674	3194	3194000.000
675	3126	3126000.000
676	3157	3157000.000
677	3098	3098000.000
678	3071	3071000.000
679	3073	3073000.000
680	3141	3141000.000
681	3200	3200000.000
682	3028	3028000.000
683	3056	3056000.000
684	3107	3107000.000
685	3252	3252000.000
686	3214	3214000.000
687	3190	3190000.000
688	3210	3210000.000
689	3172	3172000.000
690	3128	3128000.000
691	3071	3071000.000
692	3045	3045000.000
693	3169	3169000.000
694	3173	3173000.000
695	3182	3182000.000
696	3286	3286000.000
697	3212	3212000.000
698	3247	3247000.000
699	3094	3094000.000
700	3216	3216000.000
701	3116	3116000.000
702	3224	3224000.000
703	3061	3061000.000
704	3092	3092000.000
705	2995	2995000.000
706	3134	3134000.000
707	3150	3150000.000
708	3218	3218000.000
709	3267	3267000.000
710	3246	3246000.000
711	3128	3128000.000
712	3117	3117000.000
713	3139	3139000.000
714	3095	3095000.000
715	3058	3058000.000
716	3152	3152000.000
717	3202	3202000.000
718	3197	3197000.000
719	3189	3189000.000
720	3197	3197000.000
721	3194	3194000.000
722	3139	3139000.000
723	3036	3036000.000
724	3071	3071000.000
725	3115	3115000.000
726	3121	3121000.000
727	3112	3112000.000
728	3106	3106000.000
729	3259	3259000.000
730	3134	3134000.000
731	3250	3250000.000
732	3295	3295000.000
733	3164	3164000.000
734	3305	3305000.000
735	3145	3145000.000
736	3103	3103000.000
737	3184	3184000.000
738	3086	3086000.000
739	3086	3086000.000
740	3215	3215000.000
741	3202	3202000.000
742	3208	3208000.000
743	3265	3265000.000
744	3182	3182000.000
745	3202	3202000.000
746	3200	3200000.000
747	3084	3084000.000
748	3080	3080000.000
749	3068	3068000.000
750	3113	3113000.000
751	3164	3164000.000
752	3084	3084000.000
753	3204	3204000.000
754	3189	3189000.000
755	3302	3302000.000
756	3207	3207000.000
757	3150	3150000.000
758	3101	3101000.000
759	3187	3187000.000
760	3223	3223000.000
761	3142	3142000.000
762	3138	3138000.000
763	3192	3192000.000
764	3072	3072000.000
765	3217	3217000.000
766	3186	3186000.000
767	3131	3131000.000
768	3178	3178000.000
769	3077	3077000.000
770	3103	3103000.000
771	3153	3153000.000
772	3131	3131000.000
773	3137	3137000.000
774	3134	3134000.000
775	3068	3068000.000
776	3093	3093000.000
777	3239	3239000.000
778	3215	3215000.000
779	3172	3172000.000
780	3173	3173000.000
781	3196	3196000.000
782	3040	3040000.000
783	3068	3068000.000
784	3186	3186000.000
785	3156	3156000.000
786	3165	3165000.000
787	3204	3204000.000
788	3275	3275000.000
789	3233	3233000.000
790	3186	3186000.000
791	3118	3118000.000
792	3088	3088000.000
793	3167	3167000.000
794	3082	3082000.000
795	3041	3041000.000
796	3157	3157000.000
797	3154	3154000.000
798	3123	3123000.000
799	3049	3049000.000
800	3141	3141000.000
801	3272	3272000.000
802	3192	3192000.000
803	3210	3210000.000
804	3198	3198000.000
805	3067	3067000.000
806	3205	3205000.000
807	3174	3174000.000
808	3225	3225000.000
809	3134	3134000.000
810	3164	3164000.000
811	3250	3250000.000
812	3304	3304000.000
813	3230	3230000.000
814	3155	3155000.000
815	3106	3106000.000
816	3109	3109000.000
817	3236	3236000.000
818	3111	3111000.000
819	3120	3120000.000
820	3183	3183000.000
821	3169	3169000.000
822	3081	3081000.000
823	3155	3155000.000
824	3265	3265000.000
825	3211	3211000.000
826	3264	3264000.000
827	3201	3201000.000
828	3186	3186000.000
829	3171	3171000.000
830	3098	3098000.000
831	3283	3283000.000
832	3172	3172000.000
833	3314	3314000.000
834	3203	3203000.000
835	3245	3245000.000
836	3241	3241000.000
837	3193	3193000.000
838	3165	3165000.000
839	3112	3112000.000
840	3108	3108000.000
841	3058	3058000.000
842	3047	3047000.000
843	3142	3142000.000
844	3143	3143000.000
845	3050	3050000.000
846	3115	3115000.000
847	3265	3265000.000
848	3222	3222000.000
849	3171	3171000.000
850	3217	3217000.000
851	3192	3192000.000
852	3195	3195000.000
853	3118	3118000.000
854	3133	3133000.000
855	3173	3173000.000
856	3197	3197000.000
857	3288	3288000.000
858	3192	3192000.000
859	3165	3165000.000
860	3179	3179000.000
861	3068	3068000.000
862	3169	3169000.000
863	3142	3142000.000
864	3076	3076000.000
865	3127	3127000.000
866	3176	3176000.000
867	3098	3098000.000
868	3097	3097000.000
869	3140	3140000.000
870	3143	3143000.000
871	3173	3173000.000
872	3159	3159000.000
873	3174	3174000.000
874	3161	3161000.000
875	3163	3163000.000
876	3101	3101000.000
877	3105	3105000.000
878	3153	3153000.000
879	3173	3173000.000
880	3226	3226000.000
881	3251	3251000.000
882	3209	3209000.000
883	3089	3089000.000
884	3159	3159000.000
885	3145	3145000.000
886	3118	3118000.000
887	3044	3044000.000
888	3038	3038000.000
889	3104	3104000.000
890	3116	3116000.000
891	3160	3160000.000
892	3145	3145000.000
893	3300	3300000.000
894	3226	3226000.000
895	3213	3213000.000
896	3140	3140000.000
897	3228	3228000.000
898	3086	3086000.000
899	3111	3111000.000
900	3177	3177000.000
901	3148	3148000.000
902	3140	3140000.000
903	3125	3125000.000
904	3215	3215000.000
905	3265	3265000.000
906	3317	3317000.000
907	3231	3231000.000
908	3179	3179000.000
909	3160	3160000.000
910	3181	3181000.000
911	3147	3147000.000
912	3098	3098000.000
913	3158	3158000.000
914	3213	3213000.000
915	3193	3193000.000
916	3208	3208000.000
917	3214	3214000.000
918	3187	3187000.000
919	3163	3163000.000
920	3257	3257000.000
921	3102	3102000.000
922	3074	3074000.000
923	3148	3148000.000
924	3024	3024000.000
925	3131	3131000.000
926	3168	3168000.000
927	3162	3162000.000
928	3282	3282000.000
929	3198	3198000.000
930	3199	3199000.000
931	3153	3153000.000
932	3075	3075000.000
933	3151	3151000.000
934	3141	3141000.000
935	3088	3088000.000
936	3160	3160000.000
937	3078	3078000.000
938	3240	3240000.000
939	3202	3202000.000
940	3256	3256000.000
941	3255	3255000.000
942	3252	3252000.000
943	3170	3170000.000
944	3228	3228000.000
945	3210	3210000.000
946	3193	3193000.000
947	3128	3128000.000
948	3134	3134000.000
949	3257	3257000.000
950	3260	3260000.000
951	3199	3199000.000
952	3254	3254000.000
953	3207	3207000.000
954	3165	3165000.000
955	3098	3098000.000
956	3121	3121000.000
957	3133	3133000.000
958	3140	3140000.000
959	3108	3108000.000
960	3190	3190000.000
961	3205	3205000.000
962	3235	3235000.000
963	3233	3233000.000
964	3154	3154000.000
965	3164	3164000.000
966	3192	3192000.000
967	3175	3175000.000
968	3249	3249000.000
969	3090	3090000.000
970	3130	3130000.000
971	3185	3185000.000
972	3218	3218000.000
973	3178	3178000.000
974	3135	3135000.000
975	3231	3231000.000
976	3217	3217000.000
977	3180	3180000.000
978	3217	3217000.000
979	3065	3065000.000
980	3093	3093000.000
981	3134	3134000.000
982	3113	3113000.000
983	3048	3048000.000
984	3221	3221000.000
985	3246	3246000.000
986	3219	3219000.000
987	3276	3276000.000
988	3199	3199000.000
989	3115	3115000.000
990	3118	3118000.000
991	3056	3056000.000
992	3161	3161000.000
993	3166	3166000.000
994	3167	3167000.000
995	3187	3187000.000
996	3289	3289000.000
997	3331	3331000.000
998	3157	3157000.000
999	3143	3143000.000
1000	3191	3191000.000
1001	3122	3122000.000
1002	3161	3161000.000
1003	3084	3084000.000
1004	3106	3106000.000
1005	3063	3063000.000
1006	3138	3138000.000
1007	3232	3232000.000
1008	3136	3136000.000
1009	3177	3177000.000
1010	3185	3185000.000
1011	3185	3185000.000
1012	3138	3138000.000
1013	3055	3055000.000
1014	3119	3119000.000
1015	3133	3133000.000
1016	3102	3102000.000
1017	3176	3176000.000
1018	3152	3152000.000
1019	3093	3093000.000
1020	3244	3244000.000
1021	3222	3222000.000
1022	3193	3193000.000
1023	3104	3104000.000
1024	3144	3144000.000
1025	3171	3171000.000
1026	3041	3041000.000
1027	3171	3171000.000
1028	3208	3208000.000
1029	3143	3143000.000
1030	3159	3159000.000
1031	3208	3208000.000
1032	3301	3301000.000
1033	3291	3291000.000
1034	3160	3160000.000
1035	3199	3199000.000
1036	3203	3203000.000
1037	3148	3148000.000
1038	3083	3083000.000
1039	3132	3132000.000
1040	3121	3121000.000
1041	3180	3180000.000
1042	3242	3242000.000
1043	3208	3208000.000
1044	3224	3224000.000
1045	3215	3215000.000
1046	3164	3164000.000
1047	3058	3058000.000
1048	3016	3016000.000
1049	3040	3040000.000
1050	3168	3168000.000
1051	3198	3198000.000
1052	3174	3174000.000
1053	3233	3233000.000
1054	3236	3236000.000
1055	3244	3244000.000
1056	3250	3250000.000
1057	3161	3161000.000
1058	3069	3069000.000
1059	3085	3085000.000
1060	3048	3048000.000
1061	3185	3185000.000
1062	3080	3080000.000
1063	3153	3153000.000
1064	3136	3136000.000
1065	3160	3160000.000
1066	3261	3261000.000
1067	3181	3181000.000
1068	3168	3168000.000
1069	3198	3198000.000
1070	3097	3097000.000
1071	3091	3091000.000
1072	3048	3048000.000
1073	3108	3108000.000
1074	3165	3165000.000
1075	3072	3072000.000
1076	3145	3145000.000
1077	3222	3222000.000
1078	3279	3279000.000
1079	3250	3250000.000
1080	3238	3238000.000
1081	3115	3115000.000
1082	3148	3148000.000
1083	3163	3163000.000
1084	3167	3167000.000
1085	3056	3056000.000
1086	3082	3082000.000
1087	3231	3231000.000
1088	3130	3130000.000
1089	3152	3152000.000
1090	3274	3274000.000
1091	3250	3250000.000
1092	3205	3205000.000
1093	3124	3124000.000
1094	3123	3123000.000
1095	3135	3135000.000
1096	3152	3152000.000
1097	3092	3092000.000
1098	3153	3153000.000
1099	3030	3030000.000
1100	3206	3206000.000
1101	3221	3221000.000
1102	3274	3274000.000
1103	3242	3242000.000
1104	3167	3167000.000
1105	3058	3058000.000
1106	3147	3147000.000
1107	3122	3122000.000
1108	3093	3093000.000
1109	3134	3134000.000
1110	3157	3157000.000
1111	3256	3256000.000
1112	3339	3339000.000
1113	3264	3264000.000
1114	3156	3156000.000
1115	3164	3164000.000
1116	3174	3174000.000
1117	3109	3109000.000
1118	3113	3113000.000
1119	2985	2985000.000
1120	3133	3133000.000
1121	3072	3072000.000
1122	3107	3107000.000
1123	3093	3093000.000
1124	3243	3243000.000
1125	3196	3196000.000
1126	3190	3190000.000
1127	3132	3132000.000
1128	3114	3114000.000
1129	3138	3138000.000
1130	3142	3142000.000
1131	3152	3152000.000
1132	3190	3190000.000
1133	3062	3062000.000
1134	3220	3220000.000
1135	3239	3239000.000
1136	3207	3207000.000
1137	3211	3211000.000
1138	3185	3185000.000
1139	3127	3127000.000
1140	3044	3044000.000
1141	3114	3114000.000
1142	3122	3122000.000
1143	3082	3082000.000
1144	3043	3043000.000
1145	3076	3076000.000
1146	3143	3143000.000
1147	3197	3197000.000
1148	3231	3231000.000
1149	3247	3247000.000
1150	3249	3249000.000
1151	3107	3107000.000
1152	3041	3041000.000
1153	3132	3132000.000
1154	3128	3128000.000
1155	3064	3064000.000
1156	3186	3186000.000
1157	3251	3251000.000
1158	3246	3246000.000
1159	3240	3240000.000
1160	3230	3230000.000
1161	3182	3182000.000
1162	3238	3238000.000
1163	3121	3121000.000
1164	3128	3128000.000
1165	3165	3165000.000
1166	3134	3134000.000
1167	3029	3029000.000
1168	3078	3078000.000
1169	3201	3201000.000
1170	3239	3239000.000
1171	3149	3149000.000
1172	3231	3231000.000
1173	3187	3187000.000
1174	3095	3095000.000
1175	3169	3169000.000
1176	3088	3088000.000
1177	3129	3129000.000
1178	3053	3053000.000
1179	3021	3021000.000
1180	3169	3169000.000
1181	3212	3212000.000
1182	3208	3208000.000
1183	3166	3166000.000
1184	3121	3121000.000
1185	3168	3168000.000
1186	3079	3079000.000
1187	3061	3061000.000
1188	3058	3058000.000
1189	3149	3149000.000
1190	3077	3077000.000
1191	3064	3064000.000
1192	3131	3131000.000
1193	3273	3273000.000
1194	3194	3194000.000
1195	3303	3303000.000
1196	3204	3204000.000
1197	3195	3195000.000
1198	3033	3033000.000
1199	3133	3133000.000
1200	3128	3128000.000
1201	3043	3043000.000
1202	3145	3145000.000
1203	3157	3157000.000
1204	3166	3166000.000
1205	3241	3241000.000
1206	3220	3220000.000
1207	3214	3214000.000
1208	3172	3172000.000
1209	3166	3166000.000
1210	3122	3122000.000
1211	3113	3113000.000
1212	3042	3042000.000
1213	3181	3181000.000
1214	3133	3133000.000
1215	3187	3187000.000
1216	3123	3123000.000
1217	3191	3191000.000
1218	3198	3198000.000
1219	3156	3156000.000
1220	3176	3176000.000
1221	3123	3123000.000
1222	3127	3127000.000
1223	3145	3145000.000
1224	3269	3269000.000
1225	3248	3248000.000
1226	3253	3253000.000
1227	3227	3227000.000
1228	3243	3243000.000
1229	3188	3188000.000
1230	3119	3119000.000
1231	3065	3065000.000
1232	3153	3153000.000
1233	3104	3104000.000
1234	3087	3087000.000
1235	3164	3164000.000
1236	3076	3076000.000
1237	3235	3235000.000
1238	3183	3183000.000
1239	3109	3109000.000
1240	3254	3254000.000
1241	3253	3253000.000
1242	3178	3178000.000
1243	3214	3214000.000
1244	3090	3090000.000
1245	3140	3140000.000
1246	3159	3159000.000
1247	3131	3131000.000
1248	3235	3235000.000
1249	3187	3187000.000
1250	3169	3169000.000
1251	3220	3220000.000
1252	3246	3246000.000
1253	3113	3113000.000
1254	3084	3084000.000
1255	3172	3172000.000
1256	3118	3118000.000
1257	3053	3053000.000
1258	3131	3131000.000
1259	3084	3084000.000
1260	3020	3020000.000
1261	3094	3094000.000
1262	3168	3168000.000
1263	3185	3185000.000
1264	3200	3200000.000
1265	3148	3148000.000
1266	3116	3116000.000
1267	3096	3096000.000
1268	3151	3151000.000
1269	3145	3145000.000
1270	3094	3094000.000
1271	3127	3127000.000
1272	3116	3116000.000
1273	3213	3213000.000
1274	3251	3251000.000
1275	3328	3328000.000
1276	3126	3126000.000
1277	3095	3095000.000
1278	3138	3138000.000
1279	3096	3096000.000
1280	3144	3144000.000
1281	3132	3132000.000
1282	3104	3104000.000
1283	3090	3090000.000
1284	3117	3117000.000
1285	3244	3244000.000
1286	3213	3213000.000
1287	3266	3266000.000
1288	3160	3160000.000
1289	3146	3146000.000
1290	3169	3169000.000
1291	3144	3144000.000
1292	3036	3036000.000
1293	3128	3128000.000
1294	3114	3114000.000
1295	3137	3137000.000
1296	3189	3189000.000
1297	3246	3246000.000
1298	3234	3234000.000
1299	3180	3180000.000
1300	3168	3168000.000
1301	3086	3086000.000
1302	3121	3121000.000
1303	3117	3117000.000
1304	3061	3061000.000
1305	3136	3136000.000
1306	3140	3140000.000
1307	3091	3091000.000
1308	3166	3166000.000
1309	3204	3204000.000
1310	3252	3252000.000
1311	3231	3231000.000
1312	3124	3124000.000
1313	3112	3112000.000
1314	3127	3127000.000
1315	3161	3161000.000
1316	3144	3144000.000
1317	3181	3181000.000
1318	3167	3167000.000
1319	3165	3165000.000
1320	3179	3179000.000
1321	3182	3182000.000
1322	3185	3185000.000
1323	3136	3136000.000
1324	3089	3089000.000
1325	3081	3081000.000
1326	3145	3145000.000
1327	3031	3031000.000
1328	3200	3200000.000
1329	3120	3120000.000
1330	3109	3109000.000
1331	3153	3153000.000
1332	3182	3182000.000
1333	3235	3235000.000
1334	3182	3182000.000
1335	3200	3200000.000
1336	3260	3260000.000
1337	3195	3195000.000
1338	3177	3177000.000
1339	3184	3184000.000
1340	3131	3131000.000
1341	3175	3175000.000
1342	3164	3164000.000
1343	3262	3262000.000
1344	3230	3230000.000
1345	3191	3191000.000
1346	3080	3080000.000
1347	3224	3224000.000
1348	3119	3119000.000
1349	3070	3070000.000
1350	3166	3166000.000
1351	3091	3091000.000
1352	3078	3078000.000
1353	3107	3107000.000
1354	3144	3144000.000
1355	3141	3141000.000
1356	3077	3077000.000
1357	3270	3270000.000
1358	3269	3269000.000
1359	3188	3188000.000
1360	3144	3144000.000
1361	3176	3176000.000
1362	3103	3103000.000
1363	3166	3166000.000
1364	3113	3113000.000
1365	3227	3227000.000
1366	3196	3196000.000
1367	3138	3138000.000
1368	3188	3188000.000
1369	3149	3149000.000
1370	3158	3158000.000
1371	3020	3020000.000
1372	3116	3116000.000
1373	3058	3058000.000
1374	3137	3137000.000
1375	3165	3165000.000
1376	3061	3061000.000
1377	3149	3149000.000
1378	3145	3145000.000
1379	3188	3188000.000
1380	3285	3285000.000
1381	3147	3147000.000
1382	3267	3267000.000
1383	3188	3188000.000
1384	3172	3172000.000
1385	3091	3091000.000
1386	3175	3175000.000
1387	3092	3092000.000
1388	3104	3104000.000
1389	3225	3225000.000
1390	3291	3291000.000
1391	3178	3178000.000
1392	3175	3175000.000
1393	3192	3192000.000
1394	3086	3086000.000
1395	3089	3089000.000
1396	3155	3155000.000
1397	3052	3052000.000
1398	3120	3120000.000
1399	3105	3105000.000
1400	3065	3065000.000
1401	3151	3151000.000
1402	3216	3216000.000
1403	3174	3174000.000
1404	3228	3228000.000
1405	3209	3209000.000
1406	3076	3076000.000
1407	3197	3197000.000
1408	3135	3135000.000
1409	3228	3228000.000
1410	3162	3162000.000
1411	3166	3166000.000
1412	3227	3227000.000
1413	3264	3264000.000
1414	3275	3275000.000
1415	3180	3180000.000
1416	3125	3125000.000
1417	3142	3142000.000
1418	3085	3085000.000
1419	3150	3150000.000
1420	3073	3073000.000
1421	3085	3085000.000
1422	3142	3142000.000
1423	3184	3184000.000
1424	3096	3096000.000
1425	3210	3210000.000
1426	3230	3230000.000
1427	3239	3239000.000
1428	3221	3221000.000
1429	3165	3165000.000
1430	3280	3280000.000
1431	3132	3132000.000
1432	3043	3043000.000
1433	3081	3081000.000
1434	3114	3114000.000
1435	3159	3159000.000
1436	3260	3260000.000
1437	3217	3217000.000
1438	3252	3252000.000
1439	3154	3154000.000
1440	3068	3068000.000
1441	3099	3099000.000
1442	2997	2997000.000
1443	3158	3158000.000
1444	3049	3049000.000
1445	3110	3110000.000
1446	3126	3126000.000
1447	3127	3127000.000
1448	3150	3150000.000
1449	3185	3185000.000
1450	3256	3256000.000
1451	3199	3199000.000
1452	3154	3154000.000
1453	3065	3065000.000
1454	3117	3117000.000
1455	3147	3147000.000
1456	3099	3099000.000
1457	3156	3156000.000
1458	3148	3148000.000
1459	3171	3171000.000
1460	3206	3206000.000
1461	3245	3245000.000
1462	3243	3243000.000
1463	3139	3139000.000
1464	3187	3187000.000
1465	3040	3040000.000
1466	3059	3059000.000
1467	3043	3043000.000
1468	3111	3111000.000
1469	3083	3083000.000
1470	3137	3137000.000
1471	3169	3169000.000
1472	3125	3125000.000
1473	3244	3244000.000
1474	3281	3281000.000
1475	3203	3203000.000
1476	3135	3135000.000
1477	3148	3148000.000
1478	3092	3092000.000
1479	3208	3208000.000
1480	3192	3192000.000
1481	3199	3199000.000
1482	3335	3335000.000
1483	3241	3241000.000
1484	3237	3237000.000
1485	3182	3182000.000
1486	3075	3075000.000
1487	3060	3060000.000
1488	3172	3172000.000
1489	3024	3024000.000
1490	3106	3106000.000
1491	3159	3159000.000
1492	3113	3113000.000
1493	3085	3085000.000
1494	3083	3083000.000
1495	3185	3185000.000
1496	3236	3236000.000
1497	3275	3275000.000
1498	3215	3215000.000
1499	3290	3290000.000
1500	3209	3209000.000
1501	3052	3052000.000
1502	3144	3144000.000
1503	3159	3159000.000
1504	3212	3212000.000
1505	3127	3127000.000
1506	3231	3231000.000
1507	3167	3167000.000
1508	3182	3182000.000
1509	3185	3185000.000
1510	3038	3038000.000
1511	3074	3074000.000
1512	3176	3176000.000
1513	3133	3133000.000
1514	3018	3018000.000
1515	3105	3105000.000
1516	2999	2999000.000
1517	3245	3245000.000
1518	3199	3199000.000
1519	3245	3245000.000
1520	3297	3297000.000
1521	3098	3098000.000
1522	3113	3113000.000
1523	3159	3159000.000
1524	3153	3153000.000
1525	3194	3194000.000
1526	3202	3202000.000
1527	3132	3132000.000
1528	3144	3144000.000
1529	3242	3242000.000
1530	3210	3210000.000
1531	3033	3033000.000
1532	3127	3127000.000
1533	3119	3119000.000
1534	3059	3059000.000
1535	3062	3062000.000
1536	3172	3172000.000
1537	3090	3090000.000
1538	3048	3048000.000
1539	3032	3032000.000
1540	3206	3206000.000
1541	3171	3171000.000
1542	3197	3197000.000
1543	3246	3246000.000
1544	3178	3178000.000
1545	3111	3111000.000
1546	3163	3163000.000
1547	3111	3111000.000
1548	3194	3194000.000
1549	3246	3246000.000
1550	3236	3236000.000
1551	3241	3241000.000
1552	3288	3288000.000
1553	3203	3203000.000
1554	3242	3242000.000
1555	3072	3072000.000
1556	3003	3003000.000
1557	3080	3080000.000
1558	3079	3079000.000
1559	3148	3148000.000
1560	3055	3055000.000
1561	3063	3063000.000
1562	3202	3202000.000
1563	3225	3225000.000
1564	3239	3239000.000
1565	3283	3283000.000
1566	3134	3134000.000
1567	3154	3154000.000
1568	3120	3120000.000
1569	3155	3155000.000
1570	3110	3110000.000
1571	3157	3157000.000
1572	3148	3148000.000
1573	3182	3182000.000
1574	3199	3199000.000
1575	3245	3245000.000
1576	3252	3252000.000
1577	3189	3189000.000
1578	3233	3233000.000
1579	3124	3124000.000
1580	3057	3057000.000
1581	3074	3074000.000
1582	3092	3092000.000
1583	3045	3045000.000
1584	3063	3063000.000
1585	3194	3194000.000
1586	3213	3213000.000
1587	3178	3178000.000
1588	3221	3221000.000
1589	3174	3174000.000
1590	3183	3183000.000
1591	3152	3152000.000
1592	3242	3242000.000
1593	3138	3138000.000
1594	3216	3216000.000
1595	3202	3202000.000
1596	3210	3210000.000
1597	3130	3130000.000
1598	3207	3207000.000
1599	3192	3192000.000
1600	3149	3149000.000
1601	3105	3105000.000
1602	2979	2979000.000
1603	3137	3137000.000
1604	3098	3098000.000
1605	3160	3160000.000
1606	3068	3068000.000
1607	3080	3080000.000
1608	3067	3067000.000
1609	3075	3075000.000
1610	3131	3131000.000
1611	3181	3181000.000
1612	3313	3313000.000
1613	3217	3217000.000
1614	3162	3162000.000
1615	3170	3170000.000
1616	3119	3119000.000
1617	3157	3157000.000
1618	3257	3257000.000
1619	3205	3205000.000
1620	3233	3233000.000
1621	3145	3145000.000
1622	3165	3165000.000
1623	3237	3237000.000
1624	3060	3060000.000
1625	3095	3095000.000
1626	3097	3097000.000
1627	3052	3052000.000
1628	3149	3149000.000
1629	3107	3107000.000
1630	3102	3102000.000
1631	3066	3066000.000
1632	3198	3198000.000
1633	3187	3187000.000
1634	3268	3268000.000
1635	3146	3146000.000
1636	3226	3226000.000
1637	3267	3267000.000
1638	3246	3246000.000
1639	3204	3204000.000
1640	3170	3170000.000
1641	3233	3233000.000
1642	3172	3172000.000
1643	3211	3211000.000
1644	3244	3244000.000
1645	3228	3228000.000
1646	3176	3176000.000
1647	3077	3077000.000
1648	3080	3080000.000
1649	3065	3065000.000
1650	3111	3111000.000
1651	3115	3115000.000
1652	3110	3110000.000
1653	3139	3139000.000
1654	3099	3099000.000
1655	3246	3246000.000
1656	3118	3118000.000
1657	3183	3183000.000
1658	3183	3183000.000
1659	3122	3122000.000
1660	3231	3231000.000
1661	3165	3165000.000
1662	3122	3122000.000
1663	3093	3093000.000
1664	3184	3184000.000
1665	3257	3257000.000
1666	3190	3190000.000
1667	3180	3180000.000
1668	3234	3234000.000
1669	3127	3127000.000
1670	3155	3155000.000
1671	3031	3031000.000
1672	3152	3152000.000
1673	3093	3093000.000
1674	3138	3138000.000
1675	3150	3150000.000
1676	3066	3066000.000
1677	3132	3132000.000
1678	3030	3030000.000
1679	3138	3138000.000
1680	3162	3162000.000
1681	3303	3303000.000
1682	3212	3212000.000
1683	3207	3207000.000
1684	3110	3110000.000
1685	3137	3137000.000
1686	3127	3127000.000
1687	3147	3147000.000
1688	3229	3229000.000
1689	3252	3252000.000
1690	3173	3173000.000
1691	3206	3206000.000
1692	3118	3118000.000
1693	3147	3147000.000
1694	3093	3093000.000
1695	3096	3096000.000
1696	3057	3057000.000
1697	3188	3188000.000
1698	3093	3093000.000
1699	3136	3136000.000
1700	3149	3149000.000
1701	3160	3160000.000
1702	3220	3220000.000
1703	3277	3277000.000
1704	3194	3194000.000
1705	3216	3216000.000
1706	3130	3130000.000
1707	3136	3136000.000
1708	3155	3155000.000
1709	3067	3067000.000
1710	3201	3201000.000
1711	3148	3148000.000
1712	3171	3171000.000
1713	3270	3270000.000
1714	3195	3195000.000
1715	3227	3227000.000
1716	3092	3092000.000
1717	3089	3089000.000
1718	3117	3117000.000
1719	3043	3043000.000
1720	3064	3064000.000
1721	3089	3089000.000
1722	3150	3150000.000
1723	3145	3145000.000
1724	3024	3024000.000
1725	3184	3184000.000
1726	3167	3167000.000
1727	3144	3144000.000
1728	3247	3247000.000
1729	3240	3240000.000
1730	3118	3118000.000
1731	3192	3192000.000
1732	3169	3169000.000
1733	3194	3194000.000
1734	3193	3193000.000
1735	3273	3273000.000
1736	3188	3188000.000
1737	3256	3256000.000
1738	3177	3177000.000
1739	3155	3155000.000
1740	3182	3182000.000
1741	3147	3147000.000
1742	3118	3118000.000
1743	3115	3115000.000
1744	3062	3062000.000
1745	3039	3039000.000
1746	3066	3066000.000
1747	3007	3007000.000
1748	3135	3135000.000
1749	3185	3185000.000
1750	3184	3184000.000
1751	3237	3237000.000
1752	3156	3156000.000
1753	3183	3183000.000
1754	3160	3160000.000
1755	3084	3084000.000
1756	3196	3196000.000
1757	3240	3240000.000
1758	3156	3156000.000
1759	3138	3138000.000
1760	3254	3254000.000
1761	3243	3243000.000
1762	3210	3210000.000
1763	3151	3151000.000
1764	3131	3131000.000
1765	3097	3097000.000
1766	3186	3186000.000
1767	3073	3073000.000
1768	3075	3075000.000
1769	3081	3081000.000
1770	3219	3219000.000
1771	3198	3198000.000
1772	3119	3119000.000
1773	3199	3199000.000
1774	3229	3229000.000
1775	3213	3213000.000
1776	3177	3177000.000
1777	3146	3146000.000
1778	3160	3160000.000
1779	3198	3198000.000
1780	3031	3031000.000
1781	3309	3309000.000
1782	3188	3188000.000
1783	3243	3243000.000
1784	3269	3269000.000
1785	3197	3197000.000
1786	3082	3082000.000
1787	3105	3105000.000
1788	3052	3052000.000
1789	3165	3165000.000
1790	3115	3115000.000
1791	3167	3167000.000
1792	3162	3162000.000
1793	3123	3123000.000
1794	3168	3168000.000
1795	3123	3123000.000
1796	3239	3239000.000
1797	3265	3265000.000
1798	3221	3221000.000
1799	3137	3137000.000
1800	3226	3226000.000
1801	3167	3167000.000
1802	3128	3128000.000
1803	3247	3247000.000
1804	3215	3215000.000
1805	3203	3203000.000
1806	3199	3199000.000
1807	3212	3212000.000
1808	3212	3212000.000
1809	3139	3139000.000
1810	3161	3161000.000
1811	3111	3111000.000
1812	3132	3132000.000
1813	3137	3137000.000
1814	3169	3169000.000
1815	3053	3053000.000
1816	3181	3181000.000
1817	3231	3231000.000
1818	3192	3192000.000
1819	3344	3344000.000
1820	3183	3183000.000
1821	3187	3187000.000
1822	3198	3198000.000
1823	3255	3255000.000
1824	3204	3204000.000
1825	3236	3236000.000
1826	3103	3103000.000
1827	3198	3198000.000
1828	3228	3228000.000
1829	3320	3320000.000
1830	3345	3345000.000
1831	3168	3168000.000
1832	3148	3148000.000
1833	3118	3118000.000
1834	3046	3046000.000
1835	3130	3130000.000
1836	3125	3125000.000
1837	3037	3037000.000
1838	3166	3166000.000
1839	3136	3136000.000
1840	3172	3172000.000
1841	3174	3174000.000
1842	3268	3268000.000
1843	3243	3243000.000
1844	3182	3182000.000
1845	3164	3164000.000
1846	3195	3195000.000
1847	3194	3194000.000
1848	3183	3183000.000
1849	3105	3105000.000
1850	3193	3193000.000
1851	3232	3232000.000
1852	3271	3271000.000
1853	3154	3154000.000
1854	3141	3141000.000
1855	3161	3161000.000
1856	3115	3115000.000
1857	3159	3159000.000
1858	2998	2998000.000
1859	3069	3069000.000
1860	3063	3063000.000
1861	3130	3130000.000
1862	3192	3192000.000
1863	3177	3177000.000
1864	3211	3211000.000
1865	3256	3256000.000
1866	3220	3220000.000
1867	3194	3194000.000
1868	3158	3158000.000
1869	3151	3151000.000
1870	3156	3156000.000
1871	3136	3136000.000
1872	3146	3146000.000
1873	3057	3057000.000
1874	3281	3281000.000
1875	3274	3274000.000
1876	3265	3265000.000
1877	3141	3141000.000
1878	3193	3193000.000
1879	3204	3204000.000
1880	3161	3161000.000
1881	3145	3145000.000
1882	3107	3107000.000
1883	3074	3074000.000
1884	3057	3057000.000
1885	3116	3116000.000
1886	3198	3198000.000
1887	3250	3250000.000
1888	3335	3335000.000
1889	3305	3305000.000
1890	3230	3230000.000
1891	3245	3245000.000
1892	3230	3230000.000
1893	3111	3111000.000
1894	3167	3167000.000
1895	3185	3185000.000
1896	3214	3214000.000
1897	3287	3287000.000
1898	3172	3172000.000
1899	3199	3199000.000
1900	3163	3163000.000
1901	3212	3212000.000
1902	3176	3176000.000
1903	3091	3091000.000
1904	3082	3082000.000
1905	3161	3161000.000
1906	3094	3094000.000
1907	3082	3082000.000
1908	3037	3037000.000
1909	3082	3082000.000
1910	3204	3204000.000
1911	3285	3285000.000
1912	3262	3262000.000
1913	3213	3213000.000
1914	3197	3197000.000
1915	3224	3224000.000
1916	3084	3084000.000
1917	3203	3203000.000
1918	3078	3078000.000
1919	3201	3201000.000
1920	3245	3245000.000
1921	3246	3246000.000
1922	3218	3218000.000
1923	3297	3297000.000
1924	3262	3262000.000
1925	3158	3158000.000
1926	3162	3162000.000
1927	2999	2999000.000
1928	3109	3109000.000
1929	3128	3128000.000
1930	3153	3153000.000
1931	3195	3195000.000
1932	3256	3256000.000
1933	3174	3174000.000
1934	3294	3294000.000
1935	3259	3259000.000
1936	3270	3270000.000
1937	3225	3225000.000
1938	3194	3194000.000
1939	3129	3129000.000
1940	3166	3166000.000
1941	3173	3173000.000
1942	3231	3231000.000
1943	3238	3238000.000
1944	3254	3254000.000
1945	3298	3298000.000
1946	3185	3185000.000
1947	3091	3091000.000
1948	3234	3234000.000
1949	3190	3190000.000
1950	3155	3155000.000
1951	3100	3100000.000
1952	3103	3103000.000
1953	3133	3133000.000
1954	3149	3149000.000
1955	3185	3185000.000
1956	3202	3202000.000
1957	3195	3195000.000
1958	3205	3205000.000
1959	3207	3207000.000
1960	3150	3150000.000
1961	3170	3170000.000
1962	3110	3110000.000
1963	3093	3093000.000
1964	3158	3158000.000
1965	3147	3147000.000
1966	3195	3195000.000
1967	3142	3142000.000
1968	3267	3267000.000
1969	3242	3242000.000
1970	3194	3194000.000
1971	3235	3235000.000
1972	3221	3221000.000
1973	3155	3155000.000
1974	3078	3078000.000
1975	3126	3126000.000
1976	3223	3223000.000
1977	3197	3197000.000
1978	3126	3126000.000
1979	3259	3259000.000
1980	3156	3156000.000
1981	3252	3252000.000
1982	3259	3259000.000
1983	3265	3265000.000
1984	3179	3179000.000
1985	3126	3126000.000
1986	3136	3136000.000
1987	3151	3151000.000
1988	3138	3138000.000
1989	3224	3224000.000
1990	3279	3279000.000
1991	3198	3198000.000
1992	3224	3224000.000
1993	3299	3299000.000
1994	3188	3188000.000
1995	3158	3158000.000
1996	3134	3134000.000
1997	3118	3118000.000
1998	3059	3059000.000
1999	3060	3060000.000
2000	3142	3142000.000
2001	3140	3140000.000
2002	3273	3273000.000
2003	3264	3264000.000
2004	3186	3186000.000
2005	3241	3241000.000
2006	3137	3137000.000
2007	3144	3144000.000
2008	3070	3070000.000
2009	3113	3113000.000
2010	3103	3103000.000
2011	3167	3167000.000
2012	3170	3170000.000
2013	3203	3203000.000
2014	3164	3164000.000
2015	3253	3253000.000
2016	3250	3250000.000
2017	3251	3251000.000
2018	3182	3182000.000
2019	3134	3134000.000
2020	3198	3198000.000
2021	3162	3162000.000
2022	3130	3130000.000
2023	3232	3232000.000
2024	3056	3056000.000
2025	3221	3221000.000
2026	3302	3302000.000
2027	3287	3287000.000
2028	3161	3161000.000
2029	3177	3177000.000
2030	3183	3183000.000
2031	3075	3075000.000
2032	3137	3137000.000
2033	3089	3089000.000
2034	3138	3138000.000
2035	3054	3054000.000
2036	3071	3071000.000
2037	3200	3200000.000
2038	3278	3278000.000
2039	3293	3293000.000
2040	3229	3229000.000
2041	3211	3211000.000
2042	3133	3133000.000
2043	3181	3181000.000
2044	3081	3081000.000
2045	3119	3119000.000
2046	3073	3073000.000
2047	3137	3137000.000
2048	3164	3164000.000
2049	3231	3231000.000
2050	3237	3237000.000
2051	3214	3214000.000
2052	3238	3238000.000
2053	3146	3146000.000
2054	3120	3120000.000
2055	3193	3193000.000
2056	3173	3173000.000
2057	3119	3119000.000
2058	3199	3199000.000
2059	3103	3103000.000
2060	3198	3198000.000
2061	3153	3153000.000
2062	3145	3145000.000
2063	3197	3197000.000
2064	3100	3100000.000
2065	3237	3237000.000
2066	3025	3025000.000
2067	3121	3121000.000
2068	3100	3100000.000
2069	3050	3050000.000
2070	3202	3202000.000
2071	3196	3196000.000
2072	3199	3199000.000
2073	3248	3248000.000
2074	3229	3229000.000
2075	3212	3212000.000
2076	3179	3179000.000
2077	3082	3082000.000
2078	3085	3085000.000
2079	3149	3149000.000
2080	3110	3110000.000
2081	3100	3100000.000
2082	3159	3159000.000
2083	3180	3180000.000
2084	3291	3291000.000
2085	3215	3215000.000
2086	3200	3200000.000
2087	3116	3116000.000
2088	3118	3118000.000
2089	3141	3141000.000
2090	3069	3069000.000
2091	3094	3094000.000
2092	3128	3128000.000
2093	3145	3145000.000
2094	3201	3201000.000
2095	3172	3172000.000
2096	3278	3278000.000
2097	3308	3308000.000
2098	3197	3197000.000
2099	3169	3169000.000
2100	3144	3144000.000
2101	3137	3137000.000
2102	3156	3156000.000
2103	3207	3207000.000
2104	3006	3006000.000
2105	3170	3170000.000
2106	3130	3130000.000
2107	3162	3162000.000
2108	3210	3210000.000
2109	3229	3229000.000
2110	3252	3252000.000
2111	3260	3260000.000
2112	3112	3112000.000
2113	3110	3110000.000
2114	3199	3199000.000
2115	3080	3080000.000
2116	3114	3114000.000
2117	3209	3209000.000
2118	3228	3228000.000
2119	3231	3231000.000
2120	3134	3134000.000
2121	3088	3088000.000
2122	3165	3165000.000
2123	3146	3146000.000
2124	3107	3107000.000
2125	3178	3178000.000
2126	3139	3139000.000
2127	3111	3111000.000
2128	3175	3175000.000
2129	3153	3153000.000
2130	3262	3262000.000
2131	3263	3263000.000
2132	3141	3141000.000
2133	3102	3102000.000
2134	3055	3055000.000
2135	3184	3184000.000
2136	3181	3181000.000
2137	3056	3056000.000
2138	3156	3156000.000
2139	3168	3168000.000
2140	3140	3140000.000
2141	3257	3257000.000
2142	3274	3274000.000
2143	3173	3173000.000
2144	3277	3277000.000
2145	3210	3210000.000
2146	3101	3101000.000
2147	3132	3132000.000
2148	3314	3314000.000
2149	3142	3142000.000
2150	3079	3079000.000
2151	3128	3128000.000
2152	3207	3207000.000
2153	3278	3278000.000
2154	3224	3224000.000
2155	3230	3230000.000
2156	3155	3155000.000
2157	3132	3132000.000
2158	3169	3169000.000
2159	3191	3191000.000
2160	3131	3131000.000
2161	3187	3187000.000
2162	3114	3114000.000
2163	3195	3195000.000
2164	3159	3159000.000
2165	3280	3280000.000
2166	3215	3215000.000
2167	3124	3124000.000
2168	3142	3142000.000
2169	3054	3054000.000
2170	3055	3055000.000
2171	3151	3151000.000
2172	3150	3150000.000
2173	3134	3134000.000
2174	3106	3106000.000
2175	3260	3260000.000
2176	3169	3169000.000
2177	3269	3269000.000
2178	3214	3214000.000
2179	3134	3134000.000
2180	3195	3195000.000
2181	3124	3124000.000
2182	3080	3080000.000
2183	3112	3112000.000
2184	3120	3120000.000
2185	3099	3099000.000
2186	3153	3153000.000
2187	3137	3137000.000
2188	3207	3207000.000
2189	3213	3213000.000
2190	3389	3389000.000
2191	3299	3299000.000
2192	3189	3189000.000
2193	3122	3122000.000
2194	2999	2999000.000
2195	3144	3144000.000
2196	3124	3124000.000
2197	3150	3150000.000
2198	3184	3184000.000
2199	3236	3236000.000
2200	3281	3281000.000
2201	3345	3345000.000
2202	3205	3205000.000
2203	3124	3124000.000
2204	3063	3063000.000
2205	3128	3128000.000
2206	3152	3152000.000
2207	3037	3037000.000
2208	3048	3048000.000
2209	3104	3104000.000
2210	3135	3135000.000
2211	3220	3220000.000
2212	3201	3201000.000
2213	3209	3209000.000
2214	3201	3201000.000
2215	3016	3016000.000
2216	3249	3249000.000
2217	3085	3085000.000
2218	3165	3165000.000
2219	3087	3087000.000
2220	3135	3135000.000
2221	3162	3162000.000
2222	3145	3145000.000
2223	3231	3231000.000
2224	3196	3196000.000
2225	3220	3220000.000
2226	3157	3157000.000
2227	3228	3228000.000
2228	3051	3051000.000
2229	3083	3083000.000
2230	3122	3122000.000
2231	2968	2968000.000
2232	3142	3142000.000
2233	3268	3268000.000
2234	3203	3203000.000
2235	3153	3153000.000
2236	3233	3233000.000
2237	3210	3210000.000
2238	3130	3130000.000
2239	3092	3092000.000
2240	3136	3136000.000
2241	3127	3127000.000
2242	3104	3104000.000
2243	3137	3137000.000
2244	3054	3054000.000
2245	3224	3224000.000
2246	3256	3256000.000
2247	3290	3290000.000
2248	3260	3260000.000
2249	3140	3140000.000
2250	3106	3106000.000
2251	3102	3102000.000
2252	3060	3060000.000
2253	3067	3067000.000
2254	3066	3066000.000
2255	3144	3144000.000
2256	3152	3152000.000
2257	3126	3126000.000
2258	3258	3258000.000
2259	3176	3176000.000
2260	3221	3221000.000
2261	3163	3163000.000
2262	3173	3173000.000
2263	3125	3125000.000
2264	3133	3133000.000
2265	3096	3096000.000
2266	3094	3094000.000
2267	3187	3187000.000
2268	3203	3203000.000
2269	3146	3146000.000
2270	3218	3218000.000
2271	3146	3146000.000
2272	3273	3273000.000
2273	3123	3123000.000
2274	3074	3074000.000
2275	3140	3140000.000
2276	3170	3170000.000
2277	3177	3177000.000
2278	3136	3136000.000
2279	3113	3113000.000
2280	3186	3186000.000
2281	3238	3238000.000
2282	3240	3240000.000
2283	3126	3126000.000
2284	3115	3115000.000
2285	3112	3112000.000
2286	3213	3213000.000
2287	3158	3158000.000
2288	3124	3124000.000
2289	3071	3071000.000
2290	3089	3089000.000
2291	3240	3240000.000
2292	3248	3248000.000
2293	3377	3377000.000
2294	3185	3185000.000
2295	3201	3201000.000
2296	3152	3152000.000
2297	3129	3129000.000
2298	3088	3088000.000
2299	3144	3144000.000
2300	3048	3048000.000
2301	3118	3118000.000
2302	3104	3104000.000
2303	3223	3223000.000
2304	3207	3207000.000
2305	3213	3213000.000
2306	3270	3270000.000
2307	3215	3215000.000
2308	3178	3178000.000
2309	3096	3096000.000
2310	3146	3146000.000
2311	3150	3150000.000
2312	3041	3041000.000
2313	3160	3160000.000
2314	3315	3315000.000
2315	3227	3227000.000
2316	3277	3277000.000
2317	3243	3243000.000
2318	3226	3226000.000
2319	3108	3108000.000
2320	3140	3140000.000
2321	3084	3084000.000
2322	3012	3012000.000
2323	3023	3023000.000
2324	3117	3117000.000
2325	3244	3244000.000
2326	3254	3254000.000
2327	3300	3300000.000
2328	3256	3256000.000
2329	3211	3211000.000
2330	3134	3134000.000
2331	3093	3093000.000
2332	3123	3123000.000
2333	3162	3162000.000
2334	3177	3177000.000
2335	3203	3203000.000
2336	3168	3168000.000
2337	3054	3054000.000
2338	3297	3297000.000
2339	3305	3305000.000
2340	3182	3182000.000
2341	3200	3200000.000
2342	3147	3147000.000
2343	3080	3080000.000
2344	3124	3124000.000
2345	3127	3127000.000
2346	3264	3264000.000
2347	3184	3184000.000
2348	3158	3158000.000
2349	3220	3220000.000
2350	3220	3220000.000
2351	3261	3261000.000
2352	3206	3206000.000
2353	3214	3214000.000
2354	3170	3170000.000
2355	3179	3179000.000
2356	3120	3120000.000
2357	3166	3166000.000
2358	3196	3196000.000
2359	3168	3168000.000
2360	3192	3192000.000
2361	3196	3196000.000
2362	3367	3367000.000
2363	3181	3181000.000
2364	3179	3179000.000
2365	3181	3181000.000
2366	3020	3020000.000
2367	3087	3087000.000
2368	3145	3145000.000
2369	3105	3105000.000
2370	3169	3169000.000
2371	3125	3125000.000
2372	3133	3133000.000
2373	3249	3249000.000
2374	3175	3175000.000
2375	3250	3250000.000
2376	3159	3159000.000
2377	3155	3155000.000
2378	3171	3171000.000
2379	3089	3089000.000
2380	3079	3079000.000
2381	3144	3144000.000
2382	3136	3136000.000
2383	3149	3149000.000
2384	3160	3160000.000
2385	3127	3127000.000
2386	3214	3214000.000
2387	3252	3252000.000
2388	3237	3237000.000
2389	3059	3059000.000
2390	3113	3113000.000
2391	3145	3145000.000
2392	3163	3163000.000
2393	3147	3147000.000
2394	3052	3052000.000
2395	3142	3142000.000
2396	3210	3210000.000
2397	3209	3209000.000
2398	3220	3220000.000
2399	3168	3168000.000
2400	3199	3199000.000
2401	3059	3059000.000
2402	3095	3095000.000
2403	3184	3184000.000
2404	3137	3137000.000
2405	3019	3019000.000
2406	3188	3188000.000
2407	3140	3140000.000
2408	3104	3104000.000
2409	3178	3178000.000
2410	3212	3212000.000
2411	3197	3197000.000
2412	3135	3135000.000
2413	3134	3134000.000
2414	3088	3088000.000
2415	3112	3112000.000
2416	3081	3081000.000
2417	3227	3227000.000
2418	3133	3133000.000
2419	3223	3223000.000
2420	3311	3311000.000
2421	3187	3187000.000
2422	3128	3128000.000
2423	3086	3086000.000
2424	3117	3117000.000
2425	3096	3096000.000
2426	3096	3096000.000
2427	3122	3122000.000
2428	3087	3087000.000
2429	3077	3077000.000
2430	3136	3136000.000
2431	3181	3181000.000
2432	3171	3171000.000
2433	3184	3184000.000
2434	3138	3138000.000
2435	3214	3214000.000
2436	3201	3201000.000
2437	3167	3167000.000
2438	3113	3113000.000
2439	3138	3138000.000
2440	3041	3041000.000
2441	3277	3277000.000
2442	3276	3276000.000
2443	3281	3281000.000
2444	3270	3270000.000
2445	3169	3169000.000
2446	3172	3172000.000
2447	3172	3172000.000
2448	3093	3093000.000
2449	3072	3072000.000
2450	3080	3080000.000
2451	3136	3136000.000
2452	3084	3084000.000
2453	3169	3169000.000
2454	3283	3283000.000
2455	3188	3188000.000
2456	3254	3254000.000
2457	3241	3241000.000
2458	3171	3171000.000
2459	3152	3152000.000
2460	3096	3096000.000
2461	3062	3062000.000
2462	3159	3159000.000
2463	3122	3122000.000
2464	3207	3207000.000
2465	3244	3244000.000
2466	3167	3167000.000
2467	3203	3203000.000
2468	3167	3167000.000
2469	3154	3154000.000
2470	3013	3013000.000
2471	3135	3135000.000
2472	3038	3038000.000
2473	3145	3145000.000
2474	3111	3111000.000
2475	3051	3051000.000
2476	3156	3156000.000
2477	3130	3130000.000
2478	3354	3354000.000
2479	3233	3233000.000
2480	3261	3261000.000
2481	3187	3187000.000
2482	3234	3234000.000
2483	3076	3076000.000
2484	3104	3104000.000
2485	3049	3049000.000
2486	3161	3161000.000
2487	3173	3173000.000
2488	3143	3143000.000
2489	3235	3235000.000
2490	3239	3239000.000
2491	3114	3114000.000
2492	3131	3131000.000
2493	3159	3159000.000
2494	3114	3114000.000
2495	3159	3159000.000
2496	3123	3123000.000
2497	3136	3136000.000
2498	3194	3194000.000
2499	3149	3149000.000
2500	3176	3176000.000
2501	3239	3239000.000
2502	3181	3181000.000
2503	3293	3293000.000
2504	3268	3268000.000
2505	3185	3185000.000
2506	3260	3260000.000
2507	3113	3113000.000
2508	3147	3147000.000
2509	3104	3104000.000
2510	3164	3164000.000
2511	3227	3227000.000
2512	3181	3181000.000
2513	3168	3168000.000
2514	3184	3184000.000
2515	3126	3126000.000
2516	3132	3132000.000
2517	3156	3156000.000
2518	3126	3126000.000
2519	3086	3086000.000
2520	3018	3018000.000
2521	3281	3281000.000
2522	3084	3084000.000
2523	3190	3190000.000
2524	3269	3269000.000
2525	3233	3233000.000
2526	3222	3222000.000
2527	3300	3300000.000
2528	3137	3137000.000
2529	3168	3168000.000
2530	3120	3120000.000
2531	3082	3082000.000
2532	3112	3112000.000
2533	3196	3196000.000
2534	3280	3280000.000
2535	3298	3298000.000
2536	3202	3202000.000
2537	3151	3151000.000
2538	3074	3074000.000
2539	3107	3107000.000
2540	3188	3188000.000
2541	3109	3109000.000
2542	3118	3118000.000
2543	3148	3148000.000
2544	3128	3128000.000
2545	3196	3196000.000
2546	3222	3222000.000
2547	3255	3255000.000
2548	3220	3220000.000
2549	3294	3294000.000
2550	3239	3239000.000
2551	3127	3127000.000
2552	3226	3226000.000
2553	3198	3198000.000
2554	3103	3103000.000
2555	3094	3094000.000
2556	3197	3197000.000
2557	3191	3191000.000
2558	3314	3314000.000
2559	3184	3184000.000
2560	3185	3185000.000
2561	3127	3127000.000
2562	3091	3091000.000
2563	3176	3176000.000
2564	3019	3019000.000
2565	3187	3187000.000
2566	3173	3173000.000
2567	3121	3121000.000
2568	3150	3150000.000
2569	3183	3183000.000
2570	3170	3170000.000
2571	3223	3223000.000
2572	3192	3192000.000
2573	3201	3201000.000
2574	3147	3147000.000
2575	3121	3121000.000
2576	3208	3208000.000
2577	3136	3136000.000
2578	3157	3157000.000
2579	3060	3060000.000
2580	3213	3213000.000
2581	3234	3234000.000
2582	3216	3216000.000
2583	3209	3209000.000
2584	3109	3109000.000
2585	3163	3163000.000
2586	3066	3066000.000
2587	3100	3100000.000
2588	3092	3092000.000
2589	3169	3169000.000
2590	3124	3124000.000
2591	3107	3107000.000
2592	3078	3078000.000
2593	3165	3165000.000
2594	3228	3228000.000
2595	3223	3223000.000
2596	3264	3264000.000
2597	3257	3257000.000
2598	3272	3272000.000
2599	3129	3129000.000
2600	3071	3071000.000
2601	3192	3192000.000
2602	3159	3159000.000
2603	3197	3197000.000
2604	3220	3220000.000
2605	3277	3277000.000
2606	3225	3225000.000
2607	3182	3182000.000
2608	3054	3054000.000
2609	3092	3092000.000
2610	3167	3167000.000
2611	3174	3174000.000
2612	3146	3146000.000
2613	3129	3129000.000
2614	3113	3113000.000
2615	3092	3092000.000
2616	3151	3151000.000
2617	3138	3138000.000
2618	3289	3289000.000
2619	3209	3209000.000
2620	3242	3242000.000
2621	3119	3119000.000
2622	3067	3067000.000
2623	3154	3154000.000
2624	3133	3133000.000
2625	3221	3221000.000
2626	3237	3237000.000
2627	3174	3174000.000
2628	3305	3305000.000
2629	3252	3252000.000
2630	3032	3032000.000
2631	3178	3178000.000
2632	3232	3232000.000
2633	3065	3065000.000
2634	3036	3036000.000
2635	3098	3098000.000
2636	3198	3198000.000
2637	3218	3218000.000
2638	3245	3245000.000
2639	3101	3101000.000
2640	3200	3200000.000
2641	3203	3203000.000
2642	3224	3224000.000
2643	3194	3194000.000
2644	3160	3160000.000
2645	3141	3141000.000
2646	3122	3122000.000
2647	3084	3084000.000
2648	3011	3011000.000
2649	3246	3246000.000
2650	3173	3173000.000
2651	3240	3240000.000
2652	3186	3186000.000
2653	3163	3163000.000
2654	3074	3074000.000
2655	3095	3095000.000
2656	3168	3168000.000
2657	3134	3134000.000
2658	3111	3111000.000
2659	3109	3109000.000
2660	3069	3069000.000
2661	3153	3153000.000
2662	3169	3169000.000
2663	3275	3275000.000
2664	3229	3229000.000
2665	3165	3165000.000
2666	3146	3146000.000
2667	3198	3198000.000
2668	3119	3119000.000
2669	3195	3195000.000
2670	3238	3238000.000
2671	3172	3172000.000
2672	3177	3177000.000
2673	3152	3152000.000
2674	3200	3200000.000
2675	3191	3191000.000
2676	3218	3218000.000
2677	3103	3103000.000
2678	3173	3173000.000
2679	3155	3155000.000
2680	3105	3105000.000
2681	3206	3206000.000
2682	3125	3125000.000
2683	3169	3169000.000
2684	3230	3230000.000
2685	3190	3190000.000
2686	3191	3191000.000
2687	3174	3174000.000
2688	3319	3319000.000
2689	3173	3173000.000
2690	3104	3104000.000
2691	3075	3075000.000
2692	3117	3117000.000
2693	3187	3187000.000
2694	3074	3074000.000
2695	3142	3142000.000
2696	3240	3240000.000
2697	3222	3222000.000
2698	3237	3237000.000
2699	3273	3273000.000
2700	3272	3272000.000
2701	3185	3185000.000
2702	3131	3131000.000
2703	3122	3122000.000
2704	3062	3062000.000
2705	3124	3124000.000
2706	3123	3123000.000
2707	3107	3107000.000
2708	3217	3217000.000
2709	3190	3190000.000
2710	3200	3200000.000
2711	3237	3237000.000
2712	3095	3095000.000
2713	3120	3120000.000
2714	3050	3050000.000
2715	3043	3043000.000
2716	3161	3161000.000
2717	3204	3204000.000
2718	3154	3154000.000
2719	3122	3122000.000
2720	3113	3113000.000
2721	3220	3220000.000
2722	3157	3157000.000
2723	3081	3081000.000
2724	3188	3188000.000
2725	3041	3041000.000
2726	3071	3071000.000
2727	3104	3104000.000
2728	3104	3104000.000
2729	3139	3139000.000
2730	3196	3196000.000
2731	3191	3191000.000
2732	3307	3307000.000
2733	3208	3208000.000
2734	3249	3249000.000
2735	3199	3199000.000
2736	3163	3163000.000
2737	3095	3095000.000
2738	3118	3118000.000
2739	3071	3071000.000
2740	3178	3178000.000
2741	3165	3165000.000
2742	3199	3199000.000
2743	3188	3188000.000
2744	3236	3236000.000
2745	3236	3236000.000
2746	3099	3099000.000
2747	3154	3154000.000
2748	3079	3079000.000
2749	3088	3088000.000
2750	3060	3060000.000
2751	3142	3142000.000
2752	3179	3179000.000
2753	3113	3113000.000
2754	3240	3240000.000
2755	3214	3214000.000
2756	3216	3216000.000
2757	3220	3220000.000
2758	3117	3117000.000
2759	3135	3135000.000
2760	3010	3010000.000
2761	3135	3135000.000
2762	3181	3181000.000
2763	3086	3086000.000
2764	3166	3166000.000
2765	3212	3212000.000
2766	3247	3247000.000
2767	3267	3267000.000
2768	3220	3220000.000
2769	3167	3167000.000
2770	3181	3181000.000
2771	3208	3208000.000
2772	3054	3054000.000
2773	3042	3042000.000
2774	3090	3090000.000
2775	3130	3130000.000
2776	3121	3121000.000
2777	3155	3155000.000
2778	3186	3186000.000
2779	3262	3262000.000
2780	3182	3182000.000
2781	3134	3134000.000
2782	3093	3093000.000
2783	3067	3067000.000
2784	3049	3049000.000
2785	3106	3106000.000
2786	3074	3074000.000
2787	3045	3045000.000
2788	3135	3135000.000
2789	3178	3178000.000
2790	3151	3151000.000
2791	3200	3200000.000
2792	3143	3143000.000
2793	3265	3265000.000
2794	3148	3148000.000
2795	3176	3176000.000
2796	3085	3085000.000
2797	3167	3167000.000
2798	3048	3048000.000
2799	3238	3238000.000
2800	3221	3221000.000
2801	3160	3160000.000
2802	3223	3223000.000
2803	3236	3236000.000
2804	3172	3172000.000
2805	3146	3146000.000
2806	3088	3088000.000
2807	3102	3102000.000
2808	3077	3077000.000
2809	3159	3159000.000
2810	3147	3147000.000
2811	3153	3153000.000
2812	3294	3294000.000
2813	3164	3164000.000
2814	3320	3320000.000
2815	3169	3169000.000
2816	3169	3169000.000
2817	3108	3108000.000
2818	3075	3075000.000
2819	3078	3078000.000
2820	3088	3088000.000
2821	3098	3098000.000
2822	3132	3132000.000
2823	3035	3035000.000
2824	3170	3170000.000
2825	3154	3154000.000
2826	3185	3185000.000
2827	3193	3193000.000
2828	3060	3060000.000
2829	3072	3072000.000
2830	3112	3112000.000
2831	3169	3169000.000
2832	3167	3167000.000
2833	3126	3126000.000
2834	3161	3161000.000
2835	3138	3138000.000
2836	3276	3276000.000
2837	3155	3155000.000
2838	3196	3196000.000
2839	3118	3118000.000
2840	3125	3125000.000
2841	3063	3063000.000
2842	3114	3114000.000
2843	3085	3085000.000
2844	3086	3086000.000
2845	3133	3133000.000
2846	3122	3122000.000
2847	3110	3110000.000
2848	3210	3210000.000
2849	3216	3216000.000
2850	3218	3218000.000
2851	3250	3250000.000
2852	3119	3119000.000
2853	3076	3076000.000
2854	3127	3127000.000
2855	3041	3041000.000
2856	3149	3149000.000
2857	3207	3207000.000
2858	3149	3149000.000
2859	3136	3136000.000
2860	3253	3253000.000
2861	3113	3113000.000
2862	3094	3094000.000
2863	3212	3212000.000
2864	3083	3083000.000
2865	3137	3137000.000
2866	3090	3090000.000
2867	3199	3199000.000
2868	3156	3156000.000
2869	3214	3214000.000
2870	3121	3121000.000
2871	3219	3219000.000
2872	3174	3174000.000
2873	3180	3180000.000
2874	3220	3220000.000
2875	3221	3221000.000
2876	3162	3162000.000
2877	3122	3122000.000
2878	3151	3151000.000
2879	3159	3159000.000
2880	3168	3168000.000
2881	3174	3174000.000
2882	3150	3150000.000
2883	3182	3182000.000
2884	3134	3134000.000
2885	3098	3098000.000
2886	3032	3032000.000
2887	3137	3137000.000
2888	3045	3045000.000
2889	3110	3110000.000
2890	3032	3032000.000
2891	3139	3139000.000
2892	3131	3131000.000
2893	3178	3178000.000
2894	3172	3172000.000
2895	3223	3223000.000
2896	3192	3192000.000
2897	3133	3133000.000
2898	3112	3112000.000
2899	3025	3025000.000
2900	3119	3119000.000
2901	3169	3169000.000
2902	3173	3173000.000
2903	3183	3183000.000
2904	3199	3199000.000
2905	3207	3207000.000
2906	3248	3248000.000
2907	3179	3179000.000
2908	3178	3178000.000
2909	3128	3128000.000
2910	3074	3074000.000
2911	3160	3160000.000
2912	3084	3084000.000
2913	3030	3030000.000
2914	3058	3058000.000
2915	3170	3170000.000
2916	3155	3155000.000
2917	3169	3169000.000
2918	3147	3147000.000
2919	3187	3187000.000
2920	3137	3137000.000
2921	3147	3147000.000
2922	3161	3161000.000
2923	3063	3063000.000
2924	3126	3126000.000
2925	3069	3069000.000
2926	3105	3105000.000
2927	3173	3173000.000
2928	3226	3226000.000
2929	3143	3143000.000
2930	3203	3203000.000
2931	3232	3232000.000
2932	3157	3157000.000
2933	3037	3037000.000
2934	3131	3131000.000
2935	3118	3118000.000
2936	3073	3073000.000
2937	3066	3066000.000
2938	3108	3108000.000
2939	3135	3135000.000
2940	3202	3202000.000
2941	3252	3252000.000
2942	3144	3144000.000
2943	3100	3100000.000
2944	3202	3202000.000
2945	3154	3154000.000
2946	3121	3121000.000
2947	2987	2987000.000
2948	3125	3125000.000
2949	3067	3067000.000
2950	3138	3138000.000
2951	3177	3177000.000
2952	3135	3135000.000
2953	3253	3253000.000
2954	3186	3186000.000
2955	3130	3130000.000
2956	3034	3034000.000
2957	3123	3123000.000
2958	3090	3090000.000
2959	3131	3131000.000
2960	3223	3223000.000
2961	3166	3166000.000
2962	3117	3117000.000
2963	3175	3175000.000
2964	3270	3270000.000
2965	3222	3222000.000
2966	3079	3079000.000
2967	3123	3123000.000
2968	3044	3044000.000
2969	3138	3138000.000
2970	3106	3106000.000
2971	3077	3077000.000
2972	3138	3138000.000
2973	3083	3083000.000
2974	3139	3139000.000
2975	3252	3252000.000
2976	3231	3231000.000
2977	3256	3256000.000
2978	3150	3150000.000
2979	3080	3080000.000
2980	3087	3087000.000
2981	3049	3049000.000
2982	3117	3117000.000
2983	3121	3121000.000
2984	3065	3065000.000
2985	3192	3192000.000
2986	3223	3223000.000
2987	3297	3297000.000
2988	3191	3191000.000
2989	3167	3167000.000
2990	3113	3113000.000
2991	3010	3010000.000
2992	3092	3092000.000
2993	3109	3109000.000
2994	3209	3209000.000
2995	3079	3079000.000
2996	3200	3200000.000
2997	3215	3215000.000
2998	3158	3158000.000
2999	3154	3154000.000
3000	3147	3147000.000
3001	3102	3102000.000
3002	3136	3136000.000
3003	3006	3006000.000
3004	3000	3000000.000
3005	3081	3081000.000
3006	3123	3123000.000
3007	3201	3201000.000
3008	3126	3126000.000
3009	3210	3210000.000
3010	3206	3206000.000
3011	3256	3256000.000
3012	3155	3155000.000
3013	3137	3137000.000
3014	3074	3074000.000
3015	3033	3033000.000
3016	3099	3099000.000
3017	3068	3068000.000
3018	3108	3108000.000
3019	3119	3119000.000
3020	3040	3040000.000
3021	3170	3170000.000
3022	3134	3134000.000
3023	3240	3240000.000
3024	3140	3140000.000
3025	3063	3063000.000
3026	3097	3097000.000
3027	3165	3165000.000
3028	3110	3110000.000
3029	3185	3185000.000
3030	3163	3163000.000
3031	3202	3202000.000
3032	3244	3244000.000
3033	3270	3270000.000
3034	3170	3170000.000
3035	3191	3191000.000
3036	3123	3123000.000
3037	3045	3045000.000
3038	3070	3070000.000
3039	3084	3084000.000
3040	3088	3088000.000
3041	3105	3105000.000
3042	3109	3109000.000
3043	3168	3168000.000
3044	3093	3093000.000
3045	3306	3306000.000
3046	3232	3232000.000
3047	3053	3053000.000
3048	3038	3038000.000
3049	3137	3137000.000
3050	3205	3205000.000
3051	3083	3083000.000
3052	3166	3166000.000
3053	3211	3211000.000
3054	3154	3154000.000
3055	3255	3255000.000
3056	3150	3150000.000
3057	3169	3169000.000
3058	3159	3159000.000
3059	3110	3110000.000
3060	3130	3130000.000
3061	3125	3125000.000
3062	3040	3040000.000
3063	3088	3088000.000
3064	3072	3072000.000
3065	3157	3157000.000
3066	3136	3136000.000
3067	3184	3184000.000
3068	3236	3236000.000
3069	3109	3109000.000
3070	3192	3192000.000
3071	3162	3162000.000
3072	3179	3179000.000
3073	3092	3092000.000
3074	3027	3027000.000
3075	3067	3067000.000
3076	3111	3111000.000
3077	3113	3113000.000
3078	3187	3187000.000
3079	3283	3283000.000
3080	3190	3190000.000
3081	3243	3243000.000
3082	3142	3142000.000
3083	3017	3017000.000
3084	3149	3149000.000
3085	3057	3057000.000
3086	3047	3047000.000
3087	3083	3083000.000
3088	3040	3040000.000
3089	3052	3052000.000
3090	3133	3133000.000
3091	3315	3315000.000
3092	3260	3260000.000
3093	3221	3221000.000
3094	3133	3133000.000
3095	3145	3145000.000
3096	3087	3087000.000
3097	3122	3122000.000
3098	3108	3108000.000
3099	3122	3122000.000
3100	3203	3203000.000
3101	3268	3268000.000
3102	3120	3120000.000
3103	3191	3191000.000
3104	3145	3145000.000
3105	3098	3098000.000
3106	3046	3046000.000
3107	3091	3091000.000
3108	3100	3100000.000
3109	3097	3097000.000
3110	3060	3060000.000
3111	3167	3167000.000
3112	3205	3205000.000
3113	3124	3124000.000
3114	3174	3174000.000
3115	3229	3229000.000
3116	3167	3167000.000
3117	3127	3127000.000
3118	3144	3144000.000
3119	3034	3034000.000
3120	3080	3080000.000
3121	3125	3125000.000
3122	3108	3108000.000
3123	3085	3085000.000
3124	3213	3213000.000
3125	3215	3215000.000
3126	3073	3073000.000
3127	3151	3151000.000
3128	3129	3129000.000
3129	3068	3068000.000
3130	3112	3112000.000
3131	3105	3105000.000
3132	3060	3060000.000
3133	3021	3021000.000
3134	3072	3072000.000
3135	3105	3105000.000
3136	3168	3168000.000
3137	3166	3166000.000
3138	3188	3188000.000
3139	3174	3174000.000
3140	3168	3168000.000
3141	3147	3147000.000
3142	3049	3049000.000
3143	3207	3207000.000
3144	3018	3018000.000
3145	3199	3199000.000
3146	3368	3368000.000
3147	3078	3078000.000
3148	3247	3247000.000
3149	3211	3211000.000
3150	3155	3155000.000
3151	3296	3296000.000
3152	3162	3162000.000
3153	3042	3042000.000
3154	3067	3067000.000
3155	3101	3101000.000
3156	3121	3121000.000
3157	3143	3143000.000
3158	3013	3013000.000
3159	3162	3162000.000
3160	3251	3251000.000
3161	3238	3238000.000
3162	3246	3246000.000
3163	3154	3154000.000
3164	3127	3127000.000
3165	3173	3173000.000
3166	3171	3171000.000
3167	2956	2956000.000
3168	3076	3076000.000
3169	3156	3156000.000
3170	3201	3201000.000
3171	3246	3246000.000
3172	3250	3250000.000
3173	3146	3146000.000
3174	3137	3137000.000
3175	3110	3110000.000
3176	3165	3165000.000
3177	3230	3230000.000
3178	3108	3108000.000
3179	3138	3138000.000
3180	3060	3060000.000
3181	3096	3096000.000
3182	3043	3043000.000
3183	3182	3182000.000
3184	3189	3189000.000
3185	3202	3202000.000
3186	3188	3188000.000
3187	3167	3167000.000
3188	3125	3125000.000
3189	3117	3117000.000
3190	3142	3142000.000
3191	3090	3090000.000
3192	3138	3138000.000
3193	3219	3219000.000
3194	3238	3238000.000
3195	3230	3230000.000
3196	3166	3166000.000
3197	3067	3067000.000
3198	3165	3165000.000
3199	3119	3119000.000
3200	3068	3068000.000
3201	3094	3094000.000
3202	2991	2991000.000
3203	3109	3109000.000
3204	3116	3116000.000
3205	3166	3166000.000
3206	3111	3111000.000
3207	3196	3196000.000
3208	3175	3175000.000
3209	3151	3151000.000
3210	3140	3140000.000
3211	3090	3090000.000
3212	3180	3180000.000
3213	3108	3108000.000
3214	3142	3142000.000
3215	3181	3181000.000
3216	3215	3215000.000
3217	3307	3307000.000
3218	3204	3204000.000
3219	3096	3096000.000
3220	3135	3135000.000
3221	3065	3065000.000
3222	3096	3096000.000
3223	3149	3149000.000
3224	3085	3085000.000
3225	3108	3108000.000
3226	3119	3119000.000
3227	3062	3062000.000
3228	3106	3106000.000
3229	3193	3193000.000
3230	3130	3130000.000
3231	3190	3190000.000
3232	3222	3222000.000
3233	3193	3193000.000
3234	3171	3171000.000
3235	3110	3110000.000
3236	3162	3162000.000
3237	3189	3189000.000
3238	3230	3230000.000
3239	3127	3127000.000
3240	3196	3196000.000
3241	3186	3186000.000
3242	3190	3190000.000
3243	3115	3115000.000
3244	3114	3114000.000
3245	3121	3121000.000
3246	3048	3048000.000
3247	3174	3174000.000
3248	3041	3041000.000
3249	3011	3011000.000
3250	3124	3124000.000
3251	3010	3010000.000
3252	3125	3125000.000
3253	3271	3271000.000
3254	3259	3259000.000
3255	3178	3178000.000
3256	3195	3195000.000
3257	3110	3110000.000
3258	3031	3031000.000
3259	3131	3131000.000
3260	3112	3112000.000
3261	3086	3086000.000
3262	3232	3232000.000
3263	3171	3171000.000
3264	3212	3212000.000
3265	3203	3203000.000
3266	3155	3155000.000
3267	3059	3059000.000
3268	3009	3009000.000
3269	3015	3015000.000
3270	3042	3042000.000
3271	3080	3080000.000
3272	3086	3086000.000
3273	3063	3063000.000
3274	3205	3205000.000
3275	3184	3184000.000
3276	3225	3225000.000
3277	3165	3165000.000
3278	3261	3261000.000
3279	3125	3125000.000
3280	3199	3199000.000
3281	3160	3160000.000
3282	3157	3157000.000
3283	3092	3092000.000
3284	3148	3148000.000
3285	3124	3124000.000
3286	3194	3194000.000
3287	3284	3284000.000
3288	3157	3157000.000
3289	3212	3212000.000
3290	3133	3133000.000
3291	3115	3115000.000
3292	3119	3119000.000
3293	3042	3042000.000
3294	3114	3114000.000
3295	3063	3063000.000
3296	3082	3082000.000
3297	3127	3127000.000
3298	3194	3194000.000
3299	3142	3142000.000
3300	3284	3284000.000
3301	3219	3219000.000
3302	3265	3265000.000
3303	3163	3163000.000
3304	3150	3150000.000
3305	3109	3109000.000
3306	3197	3197000.000
3307	3172	3172000.000
3308	3198	3198000.000
3309	3125	3125000.000
3310	3251	3251000.000
3311	3249	3249000.000
3312	3116	3116000.000
3313	3148	3148000.000
3314	3077	3077000.000
3315	3067	3067000.000
3316	3103	3103000.000
3317	3160	3160000.000
3318	3071	3071000.000
3319	3076	3076000.000
3320	3130	3130000.000
3321	3196	3196000.000
3322	3200	3200000.000
3323	3089	3089000.000
3324	3284	3284000.000
3325	3230	3230000.000
3326	3175	3175000.000
3327	3139	3139000.000
3328	3205	3205000.000
3329	3145	3145000.000
3330	3186	3186000.000
3331	3209	3209000.000
3332	3266	3266000.000
3333	3167	3167000.000
3334	3204	3204000.000
3335	3265	3265000.000
3336	3234	3234000.000
3337	3153	3153000.000
3338	3141	3141000.000
3339	3100	3100000.000
3340	3186	3186000.000
3341	3013	3013000.000
3342	3155	3155000.000
3343	3117	3117000.000
3344	3168	3168000.000
3345	3208	3208000.000
3346	3198	3198000.000
3347	3107	3107000.000
3348	3262	3262000.000
3349	3205	3205000.000
3350	3153	3153000.000
3351	3255	3255000.000
3352	3177	3177000.000
3353	3117	3117000.000
3354	3154	3154000.000
3355	3179	3179000.000
3356	3174	3174000.000
3357	3162	3162000.000
3358	3220	3220000.000
3359	3228	3228000.000
3360	3098	3098000.000
3361	3143	3143000.000
3362	3137	3137000.000
3363	3097	3097000.000
3364	3180	3180000.000
3365	3139	3139000.000
3366	3110	3110000.000
3367	3263	3263000.000
3368	3238	3238000.000
3369	3214	3214000.000
3370	3137	3137000.000
3371	3280	3280000.000
3372	3175	3175000.000
3373	3161	3161000.000
3374	3118	3118000.000
3375	3164	3164000.000
3376	3130	3130000.000
3377	3214	3214000.000
3378	3161	3161000.000
3379	3263	3263000.000
3380	3174	3174000.000
3381	3280	3280000.000
3382	3168	3168000.000
3383	3071	3071000.000
3384	3058	3058000.000
3385	3094	3094000.000
3386	3027	3027000.000
3387	3134	3134000.000
3388	3055	3055000.000
3389	3141	3141000.000
3390	3135	3135000.000
3391	3136	3136000.000
3392	3257	3257000.000
3393	3213	3213000.000
3394	3177	3177000.000
3395	3281	3281000.000
3396	3272	3272000.000
3397	3221	3221000.000
3398	3147	3147000.000
3399	3067	3067000.000
3400	3197	3197000.000
3401	3180	3180000.000
3402	3219	3219000.000
3403	3349	3349000.000
3404	3271	3271000.000
3405	3202	3202000.000
3406	3135	3135000.000
3407	3122	3122000.000
3408	3117	3117000.000
3409	3126	3126000.000
3410	3082	3082000.000
3411	3141	3141000.000
3412	3135	3135000.000
3413	3133	3133000.000
3414	3207	3207000.000
3415	3199	3199000.000
3416	3199	3199000.000
3417	3171	3171000.000
3418	3139	3139000.000
3419	3190	3190000.000
3420	3086	3086000.000
3421	3170	3170000.000
3422	3140	3140000.000
3423	3152	3152000.000
3424	3152	3152000.000
3425	3293	3293000.000
3426	3222	3222000.000
3427	3172	3172000.000
3428	3192	3192000.000
3429	3138	3138000.000
3430	3098	3098000.000
3431	3161	3161000.000
3432	3133	3133000.000
3433	3110	3110000.000
3434	3104	3104000.000
3435	3147	3147000.000
3436	3161	3161000.000
3437	3171	3171000.000
3438	3274	3274000.000
3439	3252	3252000.000
3440	3278	3278000.000
3441	3226	3226000.000
3442	3149	3149000.000
3443	3127	3127000.000
3444	3170	3170000.000
3445	3180	3180000.000
3446	3105	3105000.000
3447	3262	3262000.000
3448	3228	3228000.000
3449	3171	3171000.000
3450	3086	3086000.000
3451	3197	3197000.000
3452	3132	3132000.000
3453	3130	3130000.000
3454	3119	3119000.000
3455	3123	3123000.000
3456	3001	3001000.000
3457	3061	3061000.000
3458	3148	3148000.000
3459	3192	3192000.000
3460	3246	3246000.000
3461	3231	3231000.000
3462	3259	3259000.000
3463	3220	3220000.000
3464	3219	3219000.000
3465	3197	3197000.000
3466	3212	3212000.000
3467	3051	3051000.000
3468	3174	3174000.000
3469	3180	3180000.000
3470	3210	3210000.000
3471	3217	3217000.000
3472	3234	3234000.000
3473	3173	3173000.000
3474	3209	3209000.000
3475	3145	3145000.000
3476	3121	3121000.000
3477	3138	3138000.000
3478	3073	3073000.000
3479	3094	3094000.000
3480	3022	3022000.000
3481	3132	3132000.000
3482	3102	3102000.000
3483	3190	3190000.000
3484	3149	3149000.000
3485	3217	3217000.000
3486	3239	3239000.000
3487	3239	3239000.000
3488	3140	3140000.000
3489	3227	3227000.000
3490	3052	3052000.000
3491	3103	3103000.000
3492	3128	3128000.000
3493	3225	3225000.000
3494	3116	3116000.000
3495	3252	3252000.000
3496	3288	3288000.000
3497	3279	3279000.000
3498	3115	3115000.000
3499	3196	3196000.000
3500	3085	3085000.000
3501	3088	3088000.000
3502	3118	3118000.000
3503	3100	3100000.000
3504	3086	3086000.000
3505	3085	3085000.000
3506	3153	3153000.000
3507	3288	3288000.000
3508	3251	3251000.000
3509	3296	3296000.000
3510	3214	3214000.000
3511	3183	3183000.000
3512	3121	3121000.000
3513	3198	3198000.000
3514	3186	3186000.000
3515	3127	3127000.000
3516	3091	3091000.000
3517	3175	3175000.000
3518	3226	3226000.000
3519	3205	3205000.000
3520	3249	3249000.000
3521	3092	3092000.000
3522	3120	3120000.000
3523	3026	3026000.000
3524	3142	3142000.000
3525	3125	3125000.000
3526	3051	3051000.000
3527	3056	3056000.000
3528	3079	3079000.000
3529	3169	3169000.000
3530	3241	3241000.000
3531	3307	3307000.000
3532	3213	3213000.000
3533	3229	3229000.000
3534	3125	3125000.000
3535	3071	3071000.000
3536	3145	3145000.000
3537	3164	3164000.000
3538	3161	3161000.000
3539	3086	3086000.000
3540	3204	3204000.000
3541	3217	3217000.000
3542	3206	3206000.000
3543	3223	3223000.000
3544	3172	3172000.000
3545	3143	3143000.000
3546	3162	3162000.000
3547	3038	3038000.000
3548	3117	3117000.000
3549	3088	3088000.000
3550	3051	3051000.000
3551	3156	3156000.000
3552	3208	3208000.000
3553	3214	3214000.000
3554	3256	3256000.000
3555	3260	3260000.000
3556	3176	3176000.000
3557	3204	3204000.000
3558	3109	3109000.000
3559	3099	3099000.000
3560	3216	3216000.000
3561	3191	3191000.000
3562	3140	3140000.000
3563	3141	3141000.000
3564	3183	3183000.000
3565	3242	3242000.000
3566	3195	3195000.000
3567	3109	3109000.000
3568	3184	3184000.000
3569	3123	3123000.000
3570	3033	3033000.000
3571	3109	3109000.000
3572	3142	3142000.000
3573	3120	3120000.000
3574	3132	3132000.000
3575	3208	3208000.000
3576	3202	3202000.000
3577	3350	3350000.000
3578	3167	3167000.000
3579	3227	3227000.000
3580	3161	3161000.000
3581	3136	3136000.000
3582	3043	3043000.000
3583	3204	3204000.000
3584	3205	3205000.000
3585	3164	3164000.000
3586	3195	3195000.000
3587	3367	3367000.000
3588	3277	3277000.000
3589	3237	3237000.000
3590	3168	3168000.000
3591	3143	3143000.000
3592	3147	3147000.000
3593	3058	3058000.000
3594	3117	3117000.000
3595	3149	3149000.000
3596	3123	3123000.000
3597	3140	3140000.000
3598	3122	3122000.000
3599	3214	3214000.000
3600	3219	3219000.000
3601	3166	3166000.000
3602	3125	3125000.000
3603	3200	3200000.000
3604	3203	3203000.000
3605	3132	3132000.000
3606	3136	3136000.000
3607	3079	3079000.000
3608	3224	3224000.000
3609	3175	3175000.000
3610	3139	3139000.000
3611	3243	3243000.000
3612	3217	3217000.000
3613	3095	3095000.000
3614	3100	3100000.000
3615	3146	3146000.000
3616	3150	3150000.000
3617	3052	3052000.000
3618	3039	3039000.000
3619	3132	3132000.000
3620	3081	3081000.000
3621	3103	3103000.000
3622	3259	3259000.000
3623	3222	3222000.000
3624	3218	3218000.000
3625	3216	3216000.000
3626	3197	3197000.000
3627	3148	3148000.000
3628	3151	3151000.000
3629	3024	3024000.000
3630	3174	3174000.000
3631	3075	3075000.000
3632	3123	3123000.000
3633	3202	3202000.000
3634	3300	3300000.000
3635	3171	3171000.000
3636	3255	3255000.000
3637	3210	3210000.000
3638	3100	3100000.000
3639	3171	3171000.000
3640	3074	3074000.000
3641	3181	3181000.000
3642	3133	3133000.000
3643	3136	3136000.000
3644	3159	3159000.000
3645	3153	3153000.000
3646	3234	3234000.000
3647	3280	3280000.000
3648	3240	3240000.000
3649	3224	3224000.000
3650	3215	3215000.000
3651	3147	3147000.000
3652	3139	3139000.000
3653	3138	3138000.000
3654	3220	3220000.000
3655	3195	3195000.000
3656	3242	3242000.000
3657	3299	3299000.000
3658	3244	3244000.000
3659	3244	3244000.000
3660	3156	3156000.000
3661	3227	3227000.000
3662	3201	3201000.000
3663	3190	3190000.000
3664	3153	3153000.000
3665	3127	3127000.000
3666	3143	3143000.000
3667	3228	3228000.000
3668	3151	3151000.000
3669	3258	3258000.000
3670	3231	3231000.000
3671	3252	3252000.000
3672	3113	3113000.000
3673	3222	3222000.000
3674	3112	3112000.000
3675	3197	3197000.000
3676	3092	3092000.000
3677	3108	3108000.000
3678	3209	3209000.000
3679	3170	3170000.000
3680	3226	3226000.000
3681	3254	3254000.000
3682	3189	3189000.000
3683	3101	3101000.000
3684	3195	3195000.000
3685	3126	3126000.000
3686	3033	3033000.000
3687	3153	3153000.000
3688	3125	3125000.000
3689	3126	3126000.000
3690	3164	3164000.000
3691	3164	3164000.000
3692	3193	3193000.000
3693	3230	3230000.000
3694	3181	3181000.000
3695	3192	3192000.000
3696	3186	3186000.000
3697	3132	3132000.000
3698	3098	3098000.000
3699	3166	3166000.000
3700	3169	3169000.000
3701	3235	3235000.000
3702	3100	3100000.000
3703	3195	3195000.000
3704	3333	3333000.000
3705	3246	3246000.000
3706	3228	3228000.000
3707	3195	3195000.000
3708	3133	3133000.000
3709	3100	3100000.000
3710	3150	3150000.000
3711	3031	3031000.000
3712	3205	3205000.000
3713	3133	3133000.000
3714	3208	3208000.000
3715	3166	3166000.000
3716	3165	3165000.000
3717	3165	3165000.000
3718	3167	3167000.000
3719	3144	3144000.000
3720	3106	3106000.000
3721	3132	3132000.000
3722	3104	3104000.000
3723	3204	3204000.000
3724	3119	3119000.000
3725	3154	3154000.000
3726	3192	3192000.000
3727	3186	3186000.000
3728	3224	3224000.000
3729	3221	3221000.000
3730	3183	3183000.000
3731	3190	3190000.000
3732	3131	3131000.000
3733	3098	3098000.000
3734	3149	3149000.000
3735	3178	3178000.000
3736	3215	3215000.000
3737	3138	3138000.000
3738	3354	3354000.000
3739	3181	3181000.000
3740	3223	3223000.000
3741	3249	3249000.000
3742	3169	3169000.000
3743	3141	3141000.000
3744	3169	3169000.000
3745	3146	3146000.000
3746	3099	3099000.000
3747	3168	3168000.000
3748	3206	3206000.000
3749	3163	3163000.000
3750	3259	3259000.000
3751	3277	3277000.000
3752	3225	3225000.000
3753	3270	3270000.000
3754	3168	3168000.000
3755	3165	3165000.000
3756	3199	3199000.000
3757	3204	3204000.000
3758	3143	3143000.000
3759	3189	3189000.000
3760	3250	3250000.000
3761	3215	3215000.000
3762	3231	3231000.000
3763	3155	3155000.000
3764	3172	3172000.000
3765	3191	3191000.000
3766	3113	3113000.000
3767	3182	3182000.000
3768	3220	3220000.000
3769	3062	3062000.000
3770	3047	3047000.000
3771	3172	3172000.000
3772	3139	3139000.000
3773	3232	3232000.000
3774	3267	3267000.000
3775	3225	3225000.000
3776	3280	3280000.000
3777	3170	3170000.000
3778	3120	3120000.000
3779	3247	3247000.000
3780	3171	3171000.000
3781	3220	3220000.000
3782	3196	3196000.000
3783	3258	3258000.000
3784	3202	3202000.000
3785	3247	3247000.000
3786	3175	3175000.000
3787	3132	3132000.000
3788	3112	3112000.000
3789	3127	3127000.000
3790	3004	3004000.000
3791	3172	3172000.000
3792	3136	3136000.000
3793	3096	3096000.000
3794	3062	3062000.000
3795	3181	3181000.000
3796	3257	3257000.000
3797	3203	3203000.000
3798	3198	3198000.000
3799	3297	3297000.000
3800	3195	3195000.000
3801	3149	3149000.000
3802	3167	3167000.000
3803	3192	3192000.000
3804	3152	3152000.000
3805	3152	3152000.000
3806	3198	3198000.000
3807	3232	3232000.000
3808	3153	3153000.000
3809	3222	3222000.000
3810	3141	3141000.000
3811	3231	3231000.000
3812	3156	3156000.000
3813	3198	3198000.000
3814	3115	3115000.000
3815	3140	3140000.000
3816	3076	3076000.000
3817	3104	3104000.000
3818	3127	3127000.000
3819	3144	3144000.000
3820	3196	3196000.000
3821	3197	3197000.000
3822	3251	3251000.000
3823	3150	3150000.000
3824	3150	3150000.000
3825	3118	3118000.000
3826	3127	3127000.000
3827	3188	3188000.000
3828	3278	3278000.000
3829	3207	3207000.000
3830	3192	3192000.000
3831	3214	3214000.000
3832	3251	3251000.000
3833	3134	3134000.000
3834	3192	3192000.000
3835	3060	3060000.000
3836	3049	3049000.000
3837	3064	3064000.000
3838	3156	3156000.000
3839	3033	3033000.000
3840	3121	3121000.000
3841	3133	3133000.000
3842	3175	3175000.000
3843	3203	3203000.000
3844	3192	3192000.000
3845	3180	3180000.000
3846	3245	3245000.000
3847	3110	3110000.000
3848	3072	3072000.000
3849	3088	3088000.000
3850	3098	3098000.000
3851	3180	3180000.000
3852	3036	3036000.000
3853	3286	3286000.000
3854	3292	3292000.000
3855	3131	3131000.000
3856	3163	3163000.000
3857	3120	3120000.000
3858	3106	3106000.000
3859	3114	3114000.000
3860	3153	3153000.000
3861	3122	3122000.000
3862	3103	3103000.000
3863	3201	3201000.000
3864	3079	3079000.000
3865	3163	3163000.000
3866	3145	3145000.000
3867	3159	3159000.000
3868	3251	3251000.000
3869	3093	3093000.000
3870	3190	3190000.000
3871	3146	3146000.000
3872	3105	3105000.000
3873	3081	3081000.000
3874	3166	3166000.000
3875	3207	3207000.000
3876	3157	3157000.000
3877	3114	3114000.000
3878	3191	3191000.000
3879	3219	3219000.000
3880	3090	3090000.000
3881	3129	3129000.000
3882	3169	3169000.000
3883	3041	3041000.000
3884	3036	3036000.000
3885	3217	3217000.000
3886	3195	3195000.000
3887	3129	3129000.000
3888	3188	3188000.000
3889	3240	3240000.000
3890	3262	3262000.000
3891	3187	3187000.000
3892	3136	3136000.000
3893	3065	3065000.000
3894	3055	3055000.000
3895	3091	3091000.000
3896	3104	3104000.000
3897	3137	3137000.000
3898	3113	3113000.000
3899	3128	3128000.000
3900	3273	3273000.000
3901	3160	3160000.000
3902	3209	3209000.000
3903	3218	3218000.000
3904	3103	3103000.000
3905	3197	3197000.000
3906	3098	3098000.000
3907	3109	3109000.000
3908	3056	3056000.000
3909	3218	3218000.000
3910	3097	3097000.000
3911	3243	3243000.000
3912	3189	3189000.000
3913	3193	3193000.000
3914	3214	3214000.000
3915	3122	3122000.000
3916	3123	3123000.000
3917	3020	3020000.000
3918	3093	3093000.000
3919	3045	3045000.000
3920	3017	3017000.000
3921	3036	3036000.000
3922	3063	3063000.000
3923	3266	3266000.000
3924	3234	3234000.000
3925	3165	3165000.000
3926	3183	3183000.000
3927	3106	3106000.000
3928	3165	3165000.000
3929	3020	3020000.000
3930	3109	3109000.000
3931	3164	3164000.000
3932	3202	3202000.000
3933	3152	3152000.000
3934	3162	3162000.000
3935	3173	3173000.000
3936	3152	3152000.000
3937	3253	3253000.000
3938	3102	3102000.000
3939	3062	3062000.000
3940	3084	3084000.000
3941	3092	3092000.000
3942	3090	3090000.000
3943	3089	3089000.000
3944	3151	3151000.000
3945	3105	3105000.000
3946	3197	3197000.000
3947	3140	3140000.000
3948	3261	3261000.000
3949	3234	3234000.000
3950	3171	3171000.000
3951	3106	3106000.000
3952	3111	3111000.000
3953	3191	3191000.000
3954	3137	3137000.000
3955	3190	3190000.000
3956	3168	3168000.000
3957	3145	3145000.000
3958	3149	3149000.000
3959	3116	3116000.000
3960	3152	3152000.000
3961	3066	3066000.000
3962	3089	3089000.000
3963	3101	3101000.000
3964	3056	3056000.000
3965	3095	3095000.000
3966	3075	3075000.000
3967	3100	3100000.000
3968	3018	3018000.000
3969	3166	3166000.000
3970	3208	3208000.000
3971	3299	3299000.000
3972	3177	3177000.000
3973	3157	3157000.000
3974	3139	3139000.000
3975	3133	3133000.000
3976	3157	3157000.000
3977	3147	3147000.000
3978	3104	3104000.000
3979	3196	3196000.000
3980	3187	3187000.000
3981	3231	3231000.000
3982	3181	3181000.000
3983	3027	3027000.000
3984	3033	3033000.000
3985	3105	3105000.000
3986	3169	3169000.000
3987	3009	3009000.000
3988	3150	3150000.000
3989	3007	3007000.000
3990	3137	3137000.000
3991	3041	3041000.000
3992	3181	3181000.000
3993	3195	3195000.000
3994	3239	3239000.000
3995	3295	3295000.000
3996	3229	3229000.000
3997	3188	3188000.000
3998	3134	3134000.000
3999	3203	3203000.000
4000	3147	3147000.000
4001	3061	3061000.000
4002	3104	3104000.000
4003	3226	3226000.000
4004	3279	3279000.000
4005	3194	3194000.000
4006	3142	3142000.000
4007	3121	3121000.000
4008	3001	3001000.000
4009	3133	3133000.000
4010	3112	3112000.000
4011	3082	3082000.000
4012	3124	3124000.000
4013	3109	3109000.000
4014	3144	3144000.000
4015	3125	3125000.000
4016	3131	3131000.000
4017	3124	3124000.000
4018	3288	3288000.000
4019	3258	3258000.000
4020	3175	3175000.000
4021	3132	3132000.000
4022	3219	3219000.000
4023	3093	3093000.000
4024	3082	3082000.000
4025	3183	3183000.000
4026	3221	3221000.000
4027	3195	3195000.000
4028	3274	3274000.000
4029	3124	3124000.000
4030	3072	3072000.000
4031	2988	2988000.000
4032	3078	3078000.000
4033	3147	3147000.000
4034	3096	3096000.000
4035	3071	3071000.000
4036	3098	3098000.000
4037	3098	3098000.000
4038	3127	3127000.000
4039	3157	3157000.000
4040	3136	3136000.000
4041	3259	3259000.000
4042	3255	3255000.000
4043	3185	3185000.000
4044	3111	3111000.000
4045	3153	3153000.000
4046	3082	3082000.000
4047	3126	3126000.000
4048	3145	3145000.000
4049	3209	3209000.000
4050	3250	3250000.000
4051	3087	3087000.000
4052	3124	3124000.000
4053	3133	3133000.000
4054	3054	3054000.000
4055	3048	3048000.000
4056	3088	3088000.000
4057	3084	3084000.000
4058	3112	3112000.000
4059	3057	3057000.000
4060	3004	3004000.000
4061	3047	3047000.000
4062	3121	3121000.000
4063	3187	3187000.000
4064	3246	3246000.000
4065	3212	3212000.000
4066	3138	3138000.000
4067	3221	3221000.000
4068	3188	3188000.000
4069	3164	3164000.000
4070	3236	3236000.000
4071	3171	3171000.000
4072	3178	3178000.000
4073	3185	3185000.000
4074	3165	3165000.000
4075	3158	3158000.000
4076	3071	3071000.000
4077	3159	3159000.000
4078	3071	3071000.000
4079	3091	3091000.000
4080	3189	3189000.000
4081	3079	3079000.000
4082	3130	3130000.000
4083	3190	3190000.000
4084	3202	3202000.000
4085	3175	3175000.000
4086	3199	3199000.000
4087	3176	3176000.000
4088	3254	3254000.000
4089	3207	3207000.000
4090	3258	3258000.000
4091	3053	3053000.000
4092	3206	3206000.000
4093	3236	3236000.000
4094	3251	3251000.000
4095	3266	3266000.000
4096	3198	3198000.000
4097	3212	3212000.000
4098	3191	3191000.000
4099	3130	3130000.000
4100	3098	3098000.000
4101	3100	3100000.000
4102	3165	3165000.000
4103	3182	3182000.000
4104	3092	3092000.000
4105	3136	3136000.000
4106	3099	3099000.000
4107	3134	3134000.000
4108	3160	3160000.000
4109	3218	3218000.000
4110	3217	3217000.000
4111	3194	3194000.000
4112	3167	3167000.000
4113	3147	3147000.000
4114	3182	3182000.000
4115	3112	3112000.000
4116	3211	3211000.000
4117	3184	3184000.000
4118	3167	3167000.000
4119	3273	3273000.000
4120	3244	3244000.000
4121	3165	3165000.000
4122	3143	3143000.000
4123	3182	3182000.000
4124	3025	3025000.000
4125	3105	3105000.000
4126	3064	3064000.000
4127	3133	3133000.000
4128	3148	3148000.000
4129	3106	3106000.000
4130	3071	3071000.000
4131	3134	3134000.000
4132	3140	3140000.000
4133	3199	3199000.000
4134	3157	3157000.000
4135	3263	3263000.000
4136	3162	3162000.000
4137	3210	3210000.000
4138	3218	3218000.000
4139	3037	3037000.000
4140	3191	3191000.000
4141	3322	3322000.000
4142	3241	3241000.000
4143	3253	3253000.000
4144	3262	3262000.000
4145	3139	3139000.000
4146	3139	3139000.000
4147	3086	3086000.000
4148	3093	3093000.000
4149	3167	3167000.000
4150	3092	3092000.000
4151	3177	3177000.000
4152	3099	3099000.000
4153	3083	3083000.000
4154	3186	3186000.000
4155	3177	3177000.000
4156	3172	3172000.000
4157	3211	3211000.000
4158	3268	3268000.000
4159	3195	3195000.000
4160	3083	3083000.000
4161	3168	3168000.000
4162	3165	3165000.000
4163	3159	3159000.000
4164	3141	3141000.000
4165	3157	3157000.000
4166	3259	3259000.000
4167	3230	3230000.000
4168	3251	3251000.000
4169	3092	3092000.000
4170	3033	3033000.000
4171	3162	3162000.000
4172	3041	3041000.000
4173	3121	3121000.000
4174	3061	3061000.000
4175	3145	3145000.000
4176	3189	3189000.000
4177	3102	3102000.000
4178	3089	3089000.000
4179	3135	3135000.000
4180	3307	3307000.000
4181	3197	3197000.000
4182	3145	3145000.000
4183	3212	3212000.000
4184	3090	3090000.000
4185	3216	3216000.000
4186	3141	3141000.000
4187	3198	3198000.000
4188	3245	3245000.000
4189	3257	3257000.000
4190	3133	3133000.000
4191	3244	3244000.000
4192	3064	3064000.000
4193	3106	3106000.000
4194	3161	3161000.000
4195	3059	3059000.000
4196	3076	3076000.000
4197	3118	3118000.000
4198	3138	3138000.000
4199	3047	3047000.000
4200	3177	3177000.000
4201	3180	3180000.000
4202	3226	3226000.000
4203	3164	3164000.000
4204	3213	3213000.000
4205	3145	3145000.000
4206	3199	3199000.000
4207	3219	3219000.000
4208	3151	3151000.000
4209	3252	3252000.000
4210	3338	3338000.000
4211	3205	3205000.000
4212	3221	3221000.000
4213	3288	3288000.000
4214	3139	3139000.000
4215	3075	3075000.000
4216	3075	3075000.000
4217	3141	3141000.000
4218	3112	3112000.000
4219	3067	3067000.000
4220	3148	3148000.000
4221	3050	3050000.000
4222	3126	3126000.000
4223	3115	3115000.000
4224	3188	3188000.000
4225	3239	3239000.000
4226	3105	3105000.000
4227	3204	3204000.000
4228	3236	3236000.000
4229	3175	3175000.000
4230	3123	3123000.000
4231	3208	3208000.000
4232	3220	3220000.000
4233	3184	3184000.000
4234	3144	3144000.000
4235	3182	3182000.000
4236	3175	3175000.000
4237	3248	3248000.000
4238	3140	3140000.000
4239	3162	3162000.000
4240	3034	3034000.000
4241	3187	3187000.000
4242	3105	3105000.000
4243	3171	3171000.000
4244	3148	3148000.000
4245	3113	3113000.000
4246	3218	3218000.000
4247	3183	3183000.000
4248	3188	3188000.000
4249	3283	3283000.000
4250	3145	3145000.000
4251	3181	3181000.000
4252	3174	3174000.000
4253	3221	3221000.000
4254	3188	3188000.000
4255	3144	3144000.000
4256	3126	3126000.000
4257	3294	3294000.000
4258	3191	3191000.000
4259	3201	3201000.000
4260	3270	3270000.000
4261	3268	3268000.000
4262	3091	3091000.000
4263	3189	3189000.000
4264	3142	3142000.000
4265	3109	3109000.000
4266	3125	3125000.000
4267	3016	3016000.000
4268	3060	3060000.000
4269	3148	3148000.000
4270	3134	3134000.000
4271	3176	3176000.000
4272	3270	3270000.000
4273	3083	3083000.000
4274	3247	3247000.000
4275	3202	3202000.000
4276	3085	3085000.000
4277	3162	3162000.000
4278	3148	3148000.000
4279	3097	3097000.000
4280	3207	3207000.000
4281	3179	3179000.000
4282	3303	3303000.000
4283	3125	3125000.000
4284	3139	3139000.000
4285	3098	3098000.000
4286	3074	3074000.000
4287	3104	3104000.000
4288	3173	3173000.000
4289	3171	3171000.000
4290	3182	3182000.000
4291	3161	3161000.000
4292	3179	3179000.000
4293	3225	3225000.000
4294	3264	3264000.000
4295	3207	3207000.000
4296	3253	3253000.000
4297	3203	3203000.000
4298	3111	3111000.000
4299	3143	3143000.000
4300	3159	3159000.000
4301	3130	3130000.000
4302	3106	3106000.000
4303	3232	3232000.000
4304	3207	3207000.000
4305	3215	3215000.000
4306	3166	3166000.000
4307	3129	3129000.000
4308	3129	3129000.000
4309	3036	3036000.000
4310	3075	3075000.000
4311	3090	3090000.000
4312	3208	3208000.000
4313	3136	3136000.000
4314	3069	3069000.000
4315	3172	3172000.000
4316	3259	3259000.000
4317	3235	3235000.000
4318	3202	3202000.000
4319	3220	3220000.000
4320	3223	3223000.000
4321	3205	3205000.000
4322	3149	3149000.000
4323	3178	3178000.000
4324	3179	3179000.000
4325	3136	3136000.000
4326	3197	3197000.000
4327	3146	3146000.000
4328	3264	3264000.000
4329	3234	3234000.000
4330	3260	3260000.000
4331	3149	3149000.000
4332	3095	3095000.000
4333	3122	3122000.000
4334	3155	3155000.000
4335	3172	3172000.000
4336	3121	3121000.000
4337	3080	3080000.000
4338	3195	3195000.000
4339	3241	3241000.000
4340	3274	3274000.000
4341	3332	3332000.000
4342	3197	3197000.000
4343	3187	3187000.000
4344	3193	3193000.000
4345	3105	3105000.000
4346	3084	3084000.000
4347	3151	3151000.000
4348	3175	3175000.000
4349	3200	3200000.000
4350	3239	3239000.000
4351	3190	3190000.000
4352	3204	3204000.000
4353	3215	3215000.000
4354	3135	3135000.000
4355	3197	3197000.000
4356	3215	3215000.000
4357	3117	3117000.000
4358	3174	3174000.000
4359	3152	3152000.000
4360	3143	3143000.000
4361	3200	3200000.000
4362	3166	3166000.000
4363	3244	3244000.000
4364	3272	3272000.000
4365	3246	3246000.000
4366	3135	3135000.000
4367	3098	3098000.000
4368	3160	3160000.000
4369	3064	3064000.000
4370	3095	3095000.000
4371	3189	3189000.000
4372	3080	3080000.000
4373	3140	3140000.000
4374	3248	3248000.000
4375	3216	3216000.000
4376	3179	3179000.000
4377	3220	3220000.000
4378	3103	3103000.000
4379	3160	3160000.000
4380	3169	3169000.000
4381	3109	3109000.000
4382	3231	3231000.000
4383	3055	3055000.000
4384	3238	3238000.000
4385	3246	3246000.000
4386	3252	3252000.000
4387	3234	3234000.000
4388	3199	3199000.000
4389	3133	3133000.000
4390	3122	3122000.000
4391	3148	3148000.000
4392	3184	3184000.000
4393	3063	3063000.000
4394	3191	3191000.000
4395	3113	3113000.000
4396	3209	3209000.000
4397	3113	3113000.000
4398	3283	3283000.000
4399	3252	3252000.000
4400	3236	3236000.000
4401	3136	3136000.000
4402	3143	3143000.000
4403	3139	3139000.000
4404	3117	3117000.000
4405	3115	3115000.000
4406	3132	3132000.000
4407	3196	3196000.000
4408	3252	3252000.000
4409	3201	3201000.000
4410	3241	3241000.000
4411	3238	3238000.000
4412	3152	3152000.000
4413	3154	3154000.000
4414	3116	3116000.000
4415	3117	3117000.000
4416	3224	3224000.000
4417	3094	3094000.000
4418	3237	3237000.000
4419	3176	3176000.000
4420	3186	3186000.000
4421	3274	3274000.000
4422	3273	3273000.000
4423	3232	3232000.000
4424	3219	3219000.000
4425	3140	3140000.000
4426	3161	3161000.000
4427	3232	3232000.000
4428	3134	3134000.000
4429	3158	3158000.000
4430	3096	3096000.000
4431	3206	3206000.000
4432	3184	3184000.000
4433	3238	3238000.000
4434	3192	3192000.000
4435	3225	3225000.000
4436	3191	3191000.000
4437	3056	3056000.000
4438	3105	3105000.000
4439	3166	3166000.000
4440	3102	3102000.000
4441	3100	3100000.000
4442	3120	3120000.000
4443	3254	3254000.000
4444	3268	3268000.000
4445	3248	3248000.000
4446	3254	3254000.000
4447	3212	3212000.000
4448	3230	3230000.000
4449	3154	3154000.000
4450	3151	3151000.000
4451	3156	3156000.000
4452	3058	3058000.000
4453	3158	3158000.000
4454	3227	3227000.000
4455	3234	3234000.000
4456	3218	3218000.000
4457	3257	3257000.000
4458	3151	3151000.000
4459	3207	3207000.000
4460	3114	3114000.000
4461	3087	3087000.000
4462	3167	3167000.000
4463	3112	3112000.000
4464	3153	3153000.000
4465	3135	3135000.000
4466	3170	3170000.000
4467	3245	3245000.000
4468	3362	3362000.000
4469	3237	3237000.000
4470	3191	3191000.000
4471	3163	3163000.000
4472	3062	3062000.000
4473	3082	3082000.000
4474	3185	3185000.000
4475	3171	3171000.000
4476	3170	3170000.000
4477	3181	3181000.000
4478	3226	3226000.000
4479	3324	3324000.000
4480	3221	3221000.000
4481	3169	3169000.000
4482	3159	3159000.000
4483	3205	3205000.000
4484	3132	3132000.000
4485	3154	3154000.000
4486	3184	3184000.000
4487	3124	3124000.000
4488	3194	3194000.000
4489	3221	3221000.000
4490	3169	3169000.000
4491	3338	3338000.000
4492	3237	3237000.000
4493	3192	3192000.000
4494	3166	3166000.000
4495	3136	3136000.000
4496	3141	3141000.000
4497	3064	3064000.000
4498	3117	3117000.000
4499	3125	3125000.000
4500	3279	3279000.000
4501	3235	3235000.000
4502	3306	3306000.000
4503	3178	3178000.000
4504	3161	3161000.000
4505	3211	3211000.000
4506	3201	3201000.000
4507	3098	3098000.000
4508	3075	3075000.000
4509	3147	3147000.000
4510	3129	3129000.000
4511	3114	3114000.000
4512	3128	3128000.000
4513	3174	3174000.000
4514	3226	3226000.000
4515	3220	3220000.000
4516	3179	3179000.000
4517	3168	3168000.000
4518	3117	3117000.000
4519	3085	3085000.000
4520	3081	3081000.000
4521	3088	3088000.000
4522	3149	3149000.000
4523	3183	3183000.000
4524	3202	3202000.000
4525	3233	3233000.000
4526	3138	3138000.000
4527	3144	3144000.000
4528	3216	3216000.000
4529	3063	3063000.000
4530	3099	3099000.000
4531	3100	3100000.000
4532	3113	3113000.000
4533	3208	3208000.000
4534	3121	3121000.000
4535	3172	3172000.000
4536	3270	3270000.000
4537	3313	3313000.000
4538	3230	3230000.000
4539	3307	3307000.000
4540	3184	3184000.000
4541	3131	3131000.000
4542	3152	3152000.000
4543	3112	3112000.000
4544	3158	3158000.000
4545	3143	3143000.000
4546	3097	3097000.000
4547	3109	3109000.000
4548	3227	3227000.000
4549	3286	3286000.000
4550	3239	3239000.000
4551	3112	3112000.000
4552	3182	3182000.000
4553	3145	3145000.000
4554	3200	3200000.000
4555	3128	3128000.000
4556	3208	3208000.000
4557	3093	3093000.000
4558	3098	3098000.000
4559	3242	3242000.000
4560	3258	3258000.000
4561	3239	3239000.000
4562	3297	3297000.000
4563	3135	3135000.000
4564	3239	3239000.000
4565	3126	3126000.000
4566	3136	3136000.000
4567	3143	3143000.000
4568	3169	3169000.000
4569	3283	3283000.000
4570	3227	3227000.000
4571	3226	3226000.000
4572	3268	3268000.000
4573	3191	3191000.000
4574	3086	3086000.000
4575	3077	3077000.000
4576	3025	3025000.000
4577	3033	3033000.000
4578	3093	3093000.000
4579	3140	3140000.000
4580	3140	3140000.000
4581	3114	3114000.000
4582	3218	3218000.000
4583	3128	3128000.000
4584	3161	3161000.000
4585	3226	3226000.000
4586	3172	3172000.000
4587	3174	3174000.000
4588	3171	3171000.000
4589	3084	3084000.000
4590	3159	3159000.000
4591	3194	3194000.000
4592	3279	3279000.000
4593	3228	3228000.000
4594	3307	3307000.000
4595	3149	3149000.000
4596	3082	3082000.000
4597	3122	3122000.000
4598	3095	3095000.000
4599	3126	3126000.000
4600	3144	3144000.000
4601	3054	3054000.000
4602	3140	3140000.000
4603	3138	3138000.000
4604	3065	3065000.000
4605	3187	3187000.000
4606	3195	3195000.000
4607	3189	3189000.000
4608	3308	3308000.000
4609	3274	3274000.000
4610	3135	3135000.000
4611	2978	2978000.000
4612	3084	3084000.000
4613	3081	3081000.000
4614	3163	3163000.000
4615	3136	3136000.000
4616	3187	3187000.000
4617	3121	3121000.000
4618	3273	3273000.000
4619	3263	3263000.000
4620	3101	3101000.000
4621	3129	3129000.000
4622	3031	3031000.000
4623	3194	3194000.000
4624	3135	3135000.000
4625	3185	3185000.000
4626	3011	3011000.000
4627	3119	3119000.000
4628	3161	3161000.000
4629	3171	3171000.000
4630	3184	3184000.000
4631	3210	3210000.000
4632	3203	3203000.000
4633	3195	3195000.000
4634	3133	3133000.000
4635	3137	3137000.000
4636	3084	3084000.000
4637	3164	3164000.000
4638	3282	3282000.000
4639	3172	3172000.000
4640	3197	3197000.000
4641	3154	3154000.000
4642	3169	3169000.000
4643	3064	3064000.000
4644	3144	3144000.000
4645	3129	3129000.000
4646	3095	3095000.000
4647	3089	3089000.000
4648	3220	3220000.000
4649	3146	3146000.000
4650	3277	3277000.000
4651	3145	3145000.000
4652	3210	3210000.000
4653	3160	3160000.000
4654	3212	3212000.000
4655	3159	3159000.000
4656	3121	3121000.000
4657	3150	3150000.000
4658	3158	3158000.000
4659	3137	3137000.000
4660	3101	3101000.000
4661	3103	3103000.000
4662	3243	3243000.000
4663	3198	3198000.000
4664	3184	3184000.000
4665	3208	3208000.000
4666	3268	3268000.000
4667	3166	3166000.000
4668	3069	3069000.000
4669	3181	3181000.000
4670	3077	3077000.000
4671	3132	3132000.000
4672	3072	3072000.000
4673	3078	3078000.000
4674	3120	3120000.000
4675	3113	3113000.000
4676	3255	3255000.000
4677	3233	3233000.000
4678	3198	3198000.000
4679	3231	3231000.000
4680	3145	3145000.000
4681	3106	3106000.000
4682	3052	3052000.000
4683	3146	3146000.000
4684	3087	3087000.000
4685	3119	3119000.000
4686	3307	3307000.000
4687	3210	3210000.000
4688	3171	3171000.000
4689	3220	3220000.000
4690	3250	3250000.000
4691	3197	3197000.000
4692	3020	3020000.000
4693	3075	3075000.000
4694	3176	3176000.000
4695	3074	3074000.000
4696	3215	3215000.000
4697	3241	3241000.000
4698	3249	3249000.000
4699	3265	3265000.000
4700	3154	3154000.000
4701	3199	3199000.000
4702	3179	3179000.000
4703	3082	3082000.000
4704	3101	3101000.000
4705	3151	3151000.000
4706	3042	3042000.000
4707	3140	3140000.000
4708	3160	3160000.000
4709	3207	3207000.000
4710	3208	3208000.000
4711	3257	3257000.000
4712	3186	3186000.000
4713	3170	3170000.000
4714	3116	3116000.000
4715	3141	3141000.000
4716	3106	3106000.000
4717	3135	3135000.000
4718	3179	3179000.000
4719	3127	3127000.000
4720	3163	3163000.000
4721	3296	3296000.000
4722	3299	3299000.000
4723	3143	3143000.000
4724	3127	3127000.000
4725	3193	3193000.000
4726	3181	3181000.000
4727	3171	3171000.000
4728	3116	3116000.000
4729	3147	3147000.000
4730	3173	3173000.000
4731	3146	3146000.000
4732	3254	3254000.000
4733	3149	3149000.000
4734	3252	3252000.000
4735	3211	3211000.000
4736	3086	3086000.000
4737	3199	3199000.000
4738	3154	3154000.000
4739	3122	3122000.000
4740	3204	3204000.000
4741	3166	3166000.000
4742	3100	3100000.000
4743	3205	3205000.000
4744	3166	3166000.000
4745	3230	3230000.000
4746	3206	3206000.000
4747	3239	3239000.000
4748	3259	3259000.000
4749	3150	3150000.000
4750	3136	3136000.000
4751	3100	3100000.000
4752	3096	3096000.000
4753	3149	3149000.000
4754	3178	3178000.000
4755	3176	3176000.000
4756	3181	3181000.000
4757	3203	3203000.000
4758	3285	3285000.000
4759	3199	3199000.000
4760	3136	3136000.000
4761	3164	3164000.000
4762	3148	3148000.000
4763	3131	3131000.000
4764	3179	3179000.000
4765	3171	3171000.000
4766	3128	3128000.000
4767	3169	3169000.000
4768	3182	3182000.000
4769	3240	3240000.000
4770	3269	3269000.000
4771	3246	3246000.000
4772	3137	3137000.000
4773	3063	3063000.000
4774	3145	3145000.000
4775	3165	3165000.000
4776	3105	3105000.000
4777	3243	3243000.000
4778	3206	3206000.000
4779	3156	3156000.000
4780	3193	3193000.000
4781	3275	3275000.000
4782	3233	3233000.000
4783	3082	3082000.000
4784	3085	3085000.000
4785	3129	3129000.000
4786	3190	3190000.000
4787	3198	3198000.000
4788	3148	3148000.000
4789	3176	3176000.000
4790	3151	3151000.000
4791	3318	3318000.000
4792	3305	3305000.000
4793	3201	3201000.000
4794	3299	3299000.000
4795	3206	3206000.000
4796	3149	3149000.000
4797	3111	3111000.000
4798	3114	3114000.000
4799	3237	3237000.000
4800	3090	3090000.000
4801	3224	3224000.000
4802	3329	3329000.000
4803	3353	3353000.000
4804	3124	3124000.000
4805	3175	3175000.000
4806	3088	3088000.000
4807	3176	3176000.000
4808	3192	3192000.000
4809	3168	3168000.000
4810	3125	3125000.000
4811	3122	3122000.000
4812	3136	3136000.000
4813	3252	3252000.000
4814	3337	3337000.000
4815	3133	3133000.000
4816	3126	3126000.000
4817	3227	3227000.000
4818	3068	3068000.000
4819	3108	3108000.000
4820	3113	3113000.000
4821	3162	3162000.000
4822	3067	3067000.000
4823	3235	3235000.000
4824	3274	3274000.000
4825	3162	3162000.000
4826	3246	3246000.000
4827	3217	3217000.000
4828	3176	3176000.000
4829	3220	3220000.000
4830	3123	3123000.000
4831	3151	3151000.000
4832	3163	3163000.000
4833	3124	3124000.000
4834	3086	3086000.000
4835	3142	3142000.000
4836	3212	3212000.000
4837	3304	3304000.000
4838	3309	3309000.000
4839	3191	3191000.000
4840	3154	3154000.000
4841	3223	3223000.000
4842	3079	3079000.000
4843	3075	3075000.000
4844	3114	3114000.000
4845	3114	3114000.000
4846	3123	3123000.000
4847	3168	3168000.000
4848	3134	3134000.000
4849	3254	3254000.000
4850	3305	3305000.000
4851	3257	3257000.000
4852	3196	3196000.000
4853	3129	3129000.000
4854	3264	3264000.000
4855	3085	3085000.000
4856	3020	3020000.000
4857	3195	3195000.000
4858	3192	3192000.000
4859	3154	3154000.000
4860	3280	3280000.000
4861	3235	3235000.000
4862	3187	3187000.000
4863	3203	3203000.000
4864	3041	3041000.000
4865	3133	3133000.000
4866	3119	3119000.000
4867	3172	3172000.000
4868	3232	3232000.000
4869	3072	3072000.000
4870	3140	3140000.000
4871	3155	3155000.000
4872	3229	3229000.000
4873	3317	3317000.000
4874	3279	3279000.000
4875	3225	3225000.000
4876	3187	3187000.000
4877	3181	3181000.000
4878	3051	3051000.000
4879	3161	3161000.000
4880	3177	3177000.000
4881	3167	3167000.000
4882	3125	3125000.000
4883	3227	3227000.000
4884	3205	3205000.000
4885	3230	3230000.000
4886	3220	3220000.000
4887	3147	3147000.000
4888	3125	3125000.000
4889	3062	3062000.000
4890	3066	3066000.000
4891	3084	3084000.000
4892	3148	3148000.000
4893	3201	3201000.000
4894	3196	3196000.000
4895	3215	3215000.000
4896	3216	3216000.000
4897	3315	3315000.000
4898	3108	3108000.000
4899	3209	3209000.000
4900	3149	3149000.000
4901	3117	3117000.000
4902	3051	3051000.000
4903	3181	3181000.000
4904	3147	3147000.000
4905	3215	3215000.000
4906	3283	3283000.000
4907	3265	3265000.000
4908	3185	3185000.000
4909	3218	3218000.000
4910	3036	3036000.000
4911	3082	3082000.000
4912	3076	3076000.000
4913	3147	3147000.000
4914	3121	3121000.000
4915	3065	3065000.000
4916	3064	3064000.000
4917	3139	3139000.000
4918	3159	3159000.000
4919	3288	3288000.000
4920	3267	3267000.000
4921	3192	3192000.000
4922	3234	3234000.000
4923	3099	3099000.000
4924	3195	3195000.000
4925	3086	3086000.000
4926	3186	3186000.000
4927	3120	3120000.000
4928	3253	3253000.000
4929	3219	3219000.000
4930	3232	3232000.000
4931	3182	3182000.000
4932	3097	3097000.000
4933	3083	3083000.000
4934	3051	3051000.000
4935	3192	3192000.000
4936	3163	3163000.000
4937	3185	3185000.000
4938	3118	3118000.000
4939	3146	3146000.000
4940	3147	3147000.000
4941	3222	3222000.000
4942	3312	3312000.000
4943	3204	3204000.000
4944	3205	3205000.000
4945	3169	3169000.000
4946	3243	3243000.000
4947	3265	3265000.000
4948	3142	3142000.000
4949	3135	3135000.000
4950	3157	3157000.000
4951	3167	3167000.000
4952	3200	3200000.000
4953	3287	3287000.000
4954	3192	3192000.000
4955	3205	3205000.000
4956	3170	3170000.000
4957	3134	3134000.000
4958	3208	3208000.000
4959	3148	3148000.000
4960	3041	3041000.000
4961	3182	3182000.000
4962	3091	3091000.000
4963	3190	3190000.000
4964	3271	3271000.000
4965	3305	3305000.000
4966	3285	3285000.000
4967	3207	3207000.000
4968	3247	3247000.000
4969	3220	3220000.000
4970	3152	3152000.000
4971	3123	3123000.000
4972	3246	3246000.000
4973	3157	3157000.000
4974	3196	3196000.000
4975	3224	3224000.000
4976	3250	3250000.000
4977	3305	3305000.000
4978	3192	3192000.000
4979	3207	3207000.000
4980	3180	3180000.000
4981	3150	3150000.000
4982	3199	3199000.000
4983	3125	3125000.000
4984	3191	3191000.000
4985	3098	3098000.000
4986	3125	3125000.000
4987	3164	3164000.000
4988	3251	3251000.000
4989	3271	3271000.000
4990	3212	3212000.000
4991	3292	3292000.000
4992	3229	3229000.000
4993	3179	3179000.000
4994	3178	3178000.000
4995	3193	3193000.000
4996	3166	3166000.000
4997	3141	3141000.000
4998	3166	3166000.000
4999	3247	3247000.000
5000	3316	3316000.000
5001	3227	3227000.000
5002	3163	3163000.000
5003	3179	3179000.000
5004	3094	3094000.000
5005	3087	3087000.000
5006	3189	3189000.000
5007	3105	3105000.000
5008	3215	3215000.000
5009	3215	3215000.000
5010	3277	3277000.000
5011	3298	3298000.000
5012	3247	3247000.000
5013	3230	3230000.000
5014	3171	3171000.000
5015	3159	3159000.000
5016	3222	3222000.000
5017	3212	3212000.000
5018	3155	3155000.000
5019	3162	3162000.000
5020	3184	3184000.000
5021	3265	3265000.000
5022	3260	3260000.000
5023	3215	3215000.000
5024	3134	3134000.000
5025	3275	3275000.000
5026	3168	3168000.000
5027	3117	3117000.000
5028	3118	3118000.000
5029	3077	3077000.000
5030	3272	3272000.000
5031	3242	3242000.000
5032	3208	3208000.000
5033	3287	3287000.000
5034	3249	3249000.000
5035	3254	3254000.000
5036	3256	3256000.000
5037	3191	3191000.000
5038	3119	3119000.000
5039	3103	3103000.000
5040	3099	3099000.000
5041	3158	3158000.000
5042	3164	3164000.000
5043	3190	3190000.000
5044	3349	3349000.000
5045	3333	3333000.000
5046	3244	3244000.000
5047	3164	3164000.000
5048	3256	3256000.000
5049	3257	3257000.000
5050	3147	3147000.000
5051	3043	3043000.000
5052	3119	3119000.000
5053	3096	3096000.000
5054	3238	3238000.000
5055	3150	3150000.000
5056	3283	3283000.000
5057	3267	3267000.000
5058	3283	3283000.000
5059	3240	3240000.000
5060	3222	3222000.000
5061	3258	3258000.000
5062	3207	3207000.000
5063	3201	3201000.000
5064	3184	3184000.000
5065	3181	3181000.000
5066	3114	3114000.000
5067	3198	3198000.000
5068	3118	3118000.000
5069	3340	3340000.000
5070	3298	3298000.000
5071	3200	3200000.000
5072	3259	3259000.000
5073	3200	3200000.000
5074	3042	3042000.000
5075	3103	3103000.000
5076	3057	3057000.000
5077	3184	3184000.000
5078	3238	3238000.000
5079	3255	3255000.000
5080	3266	3266000.000
5081	3325	3325000.000
5082	3255	3255000.000
5083	3117	3117000.000
5084	3164	3164000.000
5085	3196	3196000.000
5086	3183	3183000.000
5087	3137	3137000.000
5088	3233	3233000.000
5089	3141	3141000.000
5090	3153	3153000.000
5091	3279	3279000.000
5092	3284	3284000.000
5093	3274	3274000.000
5094	3294	3294000.000
5095	3274	3274000.000
5096	3263	3263000.000
5097	3159	3159000.000
5098	3229	3229000.000
5099	3097	3097000.000
5100	3214	3214000.000
5101	3134	3134000.000
5102	3188	3188000.000
5103	3259	3259000.000
5104	3233	3233000.000
5105	3210	3210000.000
5106	3209	3209000.000
5107	3110	3110000.000
5108	3111	3111000.000
5109	3126	3126000.000
5110	3252	3252000.000
5111	3166	3166000.000
5112	3127	3127000.000
5113	3169	3169000.000
5114	3193	3193000.000
5115	3260	3260000.000
5116	3334	3334000.000
5117	3226	3226000.000
5118	3288	3288000.000
5119	3196	3196000.000
5120	3114	3114000.000
5121	3186	3186000.000
5122	3241	3241000.000
5123	3194	3194000.000
5124	3279	3279000.000
5125	3308	3308000.000
5126	3264	3264000.000
5127	3261	3261000.000
5128	3160	3160000.000
5129	3253	3253000.000
5130	3172	3172000.000
5131	3149	3149000.000
5132	3159	3159000.000
5133	3118	3118000.000
5134	3164	3164000.000
5135	3182	3182000.000
5136	3175	3175000.000
5137	3191	3191000.000
5138	3286	3286000.000
5139	3221	3221000.000
5140	3258	3258000.000
5141	3277	3277000.000
5142	3180	3180000.000
5143	3211	3211000.000
5144	3106	3106000.000
5145	3153	3153000.000
5146	3224	3224000.000
5147	3195	3195000.000
5148	3241	3241000.000
5149	3328	3328000.000
5150	3241	3241000.000
5151	3249	3249000.000
5152	3186	3186000.000
5153	3144	3144000.000
5154	3192	3192000.000
5155	3081	3081000.000
5156	3228	3228000.000
5157	3073	3073000.000
5158	3077	3077000.000
5159	3068	3068000.000
5160	3157	3157000.000
5161	3236	3236000.000
5162	3235	3235000.000
5163	3239	3239000.000
5164	3225	3225000.000
5165	3198	3198000.000
5166	3236	3236000.000
5167	3257	3257000.000
5168	3282	3282000.000
5169	3298	3298000.000
5170	3239	3239000.000
5171	3230	3230000.000
5172	3283	3283000.000
5173	3070	3070000.000
5174	3215	3215000.000
5175	3187	3187000.000
5176	3118	3118000.000
5177	3177	3177000.000
5178	3095	3095000.000
5179	3140	3140000.000
5180	3085	3085000.000
5181	3139	3139000.000
5182	3206	3206000.000
5183	3098	3098000.000
5184	3227	3227000.000
5185	3294	3294000.000
5186	3214	3214000.000
5187	3172	3172000.000
5188	3169	3169000.000
5189	3160	3160000.000
5190	3133	3133000.000
5191	3206	3206000.000
5192	3237	3237000.000
5193	3222	3222000.000
5194	3190	3190000.000
5195	3188	3188000.000
5196	3186	3186000.000
5197	3166	3166000.000
5198	3124	3124000.000
5199	3138	3138000.000
5200	3197	3197000.000
5201	3151	3151000.000
5202	3105	3105000.000
5203	3054	3054000.000
5204	3103	3103000.000
5205	3193	3193000.000
5206	3139	3139000.000
5207	3229	3229000.000
5208	3213	3213000.000
5209	3269	3269000.000
5210	3197	3197000.000
5211	3221	3221000.000
5212	3188	3188000.000
5213	3215	3215000.000
5214	3194	3194000.000
5215	3142	3142000.000
5216	3198	3198000.000
5217	3318	3318000.000
5218	3235	3235000.000
5219	3293	3293000.000
5220	3135	3135000.000
5221	3154	3154000.000
5222	3074	3074000.000
5223	3141	3141000.000
5224	3091	3091000.000
5225	3172	3172000.000
5226	3057	3057000.000
5227	3132	3132000.000
5228	3191	3191000.000
5229	3131	3131000.000
5230	3148	3148000.000
5231	3185	3185000.000
5232	3201	3201000.000
5233	3206	3206000.000
5234	3196	3196000.000
5235	3222	3222000.000
5236	3172	3172000.000
5237	3213	3213000.000
5238	3161	3161000.000
5239	3213	3213000.000
5240	3277	3277000.000
5241	3392	3392000.000
5242	3305	3305000.000
5243	3202	3202000.000
5244	3097	3097000.000
5245	3168	3168000.000
5246	3159	3159000.000
5247	3036	3036000.000
5248	3118	3118000.000
5249	3050	3050000.000
5250	3137	3137000.000
5251	3073	3073000.000
5252	3111	3111000.000
5253	3132	3132000.000
5254	3205	3205000.000
5255	3247	3247000.000
5256	3209	3209000.000
5257	3218	3218000.000
5258	3209	3209000.000
5259	3099	3099000.000
5260	3199	3199000.000
5261	3137	3137000.000
5262	3217	3217000.000
5263	3238	3238000.000
5264	3216	3216000.000
5265	3325	3325000.000
5266	3210	3210000.000
5267	3192	3192000.000
5268	3132	3132000.000
5269	3086	3086000.000
5270	3132	3132000.000
5271	3152	3152000.000
5272	3086	3086000.000
5273	3190	3190000.000
5274	3174	3174000.000
5275	3178	3178000.000
5276	3181	3181000.000
5277	3303	3303000.000
5278	3166	3166000.000
5279	3272	3272000.000
5280	3212	3212000.000
5281	3089	3089000.000
5282	3129	3129000.000
5283	3223	3223000.000
5284	3113	3113000.000
5285	3117	3117000.000
5286	3235	3235000.000
5287	3242	3242000.000
5288	3183	3183000.000
5289	3272	3272000.000
5290	3180	3180000.000
5291	3186	3186000.000
5292	3171	3171000.000
5293	3087	3087000.000
5294	3171	3171000.000
5295	3048	3048000.000
5296	3137	3137000.000
5297	3108	3108000.000
5298	3067	3067000.000
5299	3112	3112000.000
5300	3142	3142000.000
5301	3312	3312000.000
5302	3250	3250000.000
5303	3259	3259000.000
5304	3193	3193000.000
5305	3148	3148000.000
5306	3221	3221000.000
5307	3155	3155000.000
5308	3143	3143000.000
5309	3239	3239000.000
5310	3224	3224000.000
5311	3192	3192000.000
5312	3228	3228000.000
5313	3211	3211000.000
5314	3140	3140000.000
5315	3119	3119000.000
5316	3136	3136000.000
5317	3083	3083000.000
5318	3113	3113000.000
5319	3089	3089000.000
5320	3148	3148000.000
5321	3174	3174000.000
5322	3174	3174000.000
5323	3136	3136000.000
5324	3244	3244000.000
5325	3269	3269000.000
5326	3270	3270000.000
5327	3103	3103000.000
5328	3174	3174000.000
5329	3144	3144000.000
5330	3135	3135000.000
5331	3211	3211000.000
5332	3199	3199000.000
5333	3188	3188000.000
5334	3267	3267000.000
5335	3212	3212000.000
5336	3132	3132000.000
5337	3045	3045000.000
5338	3115	3115000.000
5339	3077	3077000.000
5340	3190	3190000.000
5341	3060	3060000.000
5342	3108	3108000.000
5343	3035	3035000.000
5344	3143	3143000.000
5345	3200	3200000.000
5346	3210	3210000.000
5347	3223	3223000.000
5348	3291	3291000.000
5349	3175	3175000.000
5350	3086	3086000.000
5351	3138	3138000.000
5352	3124	3124000.000
5353	3116	3116000.000
5354	3097	3097000.000
5355	3135	3135000.000
5356	3188	3188000.000
5357	3207	3207000.000
5358	3232	3232000.000
5359	3199	3199000.000
5360	3136	3136000.000
5361	3061	3061000.000
5362	3051	3051000.000
5363	3116	3116000.000
5364	3141	3141000.000
5365	3184	3184000.000
5366	3178	3178000.000
5367	3167	3167000.000
5368	3301	3301000.000
5369	3189	3189000.000
5370	3211	3211000.000
5371	3180	3180000.000
5372	3288	3288000.000
5373	3149	3149000.000
5374	3214	3214000.000
5375	3146	3146000.000
5376	3139	3139000.000
5377	3140	3140000.000
5378	3128	3128000.000
5379	3237	3237000.000
5380	3246	3246000.000
5381	3212	3212000.000
5382	3155	3155000.000
5383	3117	3117000.000
5384	3159	3159000.000
5385	3170	3170000.000
5386	3250	3250000.000
5387	3141	3141000.000
5388	3099	3099000.000
5389	3179	3179000.000
5390	3142	3142000.000
5391	3117	3117000.000
5392	3243	3243000.000
5393	3364	3364000.000
5394	3282	3282000.000
5395	3207	3207000.000
5396	3181	3181000.000
5397	3199	3199000.000
5398	3192	3192000.000
5399	3111	3111000.000
5400	3203	3203000.000
5401	3177	3177000.000
5402	3253	3253000.000
5403	3148	3148000.000
5404	3206	3206000.000
5405	3185	3185000.000
5406	3157	3157000.000
5407	3141	3141000.000
5408	3181	3181000.000
5409	3027	3027000.000
5410	3189	3189000.000
5411	3057	3057000.000
5412	3085	3085000.000
5413	3155	3155000.000
5414	3069	3069000.000
5415	3239	3239000.000
5416	3153	3153000.000
5417	3126	3126000.000
5418	3233	3233000.000
5419	3178	3178000.000
5420	3080	3080000.000
5421	3166	3166000.000
5422	3098	3098000.000
5423	3118	3118000.000
5424	3143	3143000.000
5425	3197	3197000.000
5426	3149	3149000.000
5427	3254	3254000.000
5428	3135	3135000.000
5429	3038	3038000.000
5430	3068	3068000.000
5431	3084	3084000.000
5432	3158	3158000.000
5433	3108	3108000.000
5434	3159	3159000.000
5435	3078	3078000.000
5436	3119	3119000.000
5437	3204	3204000.000
5438	3191	3191000.000
5439	3197	3197000.000
5440	3232	3232000.000
5441	3209	3209000.000
5442	3136	3136000.000
5443	3145	3145000.000
5444	3159	3159000.000
5445	3125	3125000.000
5446	3168	3168000.000
5447	3183	3183000.000
5448	3191	3191000.000
5449	3226	3226000.000
5450	3259	3259000.000
5451	3111	3111000.000
5452	3114	3114000.000
5453	3089	3089000.000
5454	3098	3098000.000
5455	3102	3102000.000
5456	3190	3190000.000
5457	3128	3128000.000
5458	3099	3099000.000
5459	3032	3032000.000
5460	3177	3177000.000
5461	3166	3166000.000
5462	3188	3188000.000
5463	3175	3175000.000
5464	3190	3190000.000
5465	3238	3238000.000
5466	3081	3081000.000
5467	3067	3067000.000
5468	3104	3104000.000
5469	3053	3053000.000
5470	3200	3200000.000
5471	3092	3092000.000
5472	3263	3263000.000
5473	3231	3231000.000
5474	3188	3188000.000
5475	3138	3138000.000
5476	3170	3170000.000
5477	3169	3169000.000
5478	3084	3084000.000
5479	3204	3204000.000
5480	3074	3074000.000
5481	3081	3081000.000
5482	3054	3054000.000
5483	3106	3106000.000
5484	3218	3218000.000
5485	3307	3307000.000
5486	3335	3335000.000
5487	3189	3189000.000
5488	3202	3202000.000
5489	3150	3150000.000
5490	3123	3123000.000
5491	3109	3109000.000
5492	3099	3099000.000
5493	3173	3173000.000
5494	3102	3102000.000
5495	3216	3216000.000
5496	3270	3270000.000
5497	3125	3125000.000
5498	3167	3167000.000
5499	3118	3118000.000
5500	3210	3210000.000
5501	3167	3167000.000
5502	3128	3128000.000
5503	3113	3113000.000
5504	3119	3119000.000
5505	3062	3062000.000
5506	3222	3222000.000
5507	3290	3290000.000
5508	3138	3138000.000
5509	3242	3242000.000
5510	3301	3301000.000
5511	3175	3175000.000
5512	3220	3220000.000
5513	3149	3149000.000
5514	3107	3107000.000
5515	3213	3213000.000
5516	3171	3171000.000
5517	3059	3059000.000
5518	3167	3167000.000
5519	3237	3237000.000
5520	3236	3236000.000
5521	3149	3149000.000
5522	3226	3226000.000
5523	3136	3136000.000
5524	3114	3114000.000
5525	3106	3106000.000
5526	3119	3119000.000
5527	3160	3160000.000
5528	3100	3100000.000
5529	3187	3187000.000
5530	3306	3306000.000
5531	3179	3179000.000
5532	3227	3227000.000
5533	3228	3228000.000
5534	3208	3208000.000
5535	3143	3143000.000
5536	3134	3134000.000
5537	3169	3169000.000
5538	3100	3100000.000
5539	3048	3048000.000
5540	3166	3166000.000
5541	3163	3163000.000
5542	3166	3166000.000
5543	3246	3246000.000
5544	3275	3275000.000
5545	3206	3206000.000
5546	3170	3170000.000
5547	3124	3124000.000
5548	3094	3094000.000
5549	3105	3105000.000
5550	3166	3166000.000
5551	3112	3112000.000
5552	3200	3200000.000
5553	3236	3236000.000
5554	3242	3242000.000
5555	3263	3263000.000
5556	3207	3207000.000
5557	3202	3202000.000
5558	3132	3132000.000
5559	3158	3158000.000
5560	3058	3058000.000
5561	3190	3190000.000
5562	3176	3176000.000
5563	3172	3172000.000
5564	3215	3215000.000
5565	3171	3171000.000
5566	3220	3220000.000
5567	3264	3264000.000
5568	3163	3163000.000
5569	3182	3182000.000
5570	3063	3063000.000
5571	3173	3173000.000
5572	3072	3072000.000
5573	3191	3191000.000
5574	3030	3030000.000
5575	3239	3239000.000
5576	3240	3240000.000
5577	3144	3144000.000
5578	3231	3231000.000
5579	3262	3262000.000
5580	3210	3210000.000
5581	3077	3077000.000
5582	3106	3106000.000
5583	3033	3033000.000
5584	2983	2983000.000
5585	3123	3123000.000
5586	3233	3233000.000
5587	3072	3072000.000
5588	3223	3223000.000
5589	3246	3246000.000
5590	3238	3238000.000
5591	3139	3139000.000
5592	3157	3157000.000
5593	3142	3142000.000
5594	3092	3092000.000
5595	3166	3166000.000
5596	3098	3098000.000
5597	3090	3090000.000
5598	3192	3192000.000
5599	3233	3233000.000
5600	3183	3183000.000
5601	3189	3189000.000
5602	3196	3196000.000
5603	3238	3238000.000
5604	3157	3157000.000
5605	3180	3180000.000
5606	3152	3152000.000
5607	3211	3211000.000
5608	3128	3128000.000
5609	3187	3187000.000
5610	3238	3238000.000
5611	3212	3212000.000
5612	3150	3150000.000
5613	3267	3267000.000
5614	3298	3298000.000
5615	3095	3095000.000
5616	3147	3147000.000
5617	3062	3062000.000
5618	3157	3157000.000
5619	3189	3189000.000
5620	3126	3126000.000
5621	3123	3123000.000
5622	3018	3018000.000
5623	3264	3264000.000
5624	3087	3087000.000
5625	3191	3191000.000
5626	3169	3169000.000
5627	3185	3185000.000
5628	3068	3068000.000
5629	3041	3041000.000
5630	3060	3060000.000
5631	3130	3130000.000
5632	3133	3133000.000
5633	3178	3178000.000
5634	3226	3226000.000
5635	3241	3241000.000
5636	3209	3209000.000
5637	3173	3173000.000
5638	3163	3163000.000
5639	3104	3104000.000
5640	3156	3156000.000
5641	3159	3159000.000
5642	2994	2994000.000
5643	3087	3087000.000
5644	3239	3239000.000
5645	3263	3263000.000
5646	3240	3240000.000
5647	3248	3248000.000
5648	3270	3270000.000
5649	3136	3136000.000
5650	3252	3252000.000
5651	3081	3081000.000
5652	3078	3078000.000
5653	3104	3104000.000
5654	3172	3172000.000
5655	3131	3131000.000
5656	3201	3201000.000
5657	3231	3231000.000
5658	3274	3274000.000
5659	3227	3227000.000
5660	3233	3233000.000
5661	3120	3120000.000
5662	3098	3098000.000
5663	3112	3112000.000
5664	3137	3137000.000
5665	3102	3102000.000
5666	3131	3131000.000
5667	3133	3133000.000
5668	3137	3137000.000
5669	3233	3233000.000
5670	3222	3222000.000
5671	3191	3191000.000
5672	3136	3136000.000
5673	3214	3214000.000
5674	3129	3129000.000
5675	3118	3118000.000
5676	3112	3112000.000
5677	3047	3047000.000
5678	3123	3123000.000
5679	3281	3281000.000
5680	3268	3268000.000
5681	3134	3134000.000
5682	3145	3145000.000
5683	3224	3224000.000
5684	3046	3046000.000
5685	3192	3192000.000
5686	3178	3178000.000
5687	3136	3136000.000
5688	3101	3101000.000
5689	3116	3116000.000
5690	3087	3087000.000
5691	3165	3165000.000
5692	3249	3249000.000
5693	3299	3299000.000
5694	3211	3211000.000
5695	3265	3265000.000
5696	3145	3145000.000
5697	3211	3211000.000
5698	3098	3098000.000
5699	3161	3161000.000
5700	3081	3081000.000
5701	3096	3096000.000
5702	3156	3156000.000
5703	3239	3239000.000
5704	3156	3156000.000
5705	3268	3268000.000
5706	3285	3285000.000
5707	3228	3228000.000
5708	3098	3098000.000
5709	3177	3177000.000
5710	3108	3108000.000
5711	3169	3169000.000
5712	3224	3224000.000
5713	3192	3192000.000
5714	3149	3149000.000
5715	3127	3127000.000
5716	3183	3183000.000
5717	3198	3198000.000
5718	3207	3207000.000
5719	3188	3188000.000
5720	3124	3124000.000
5721	3107	3107000.000
5722	3122	3122000.000
5723	3092	3092000.000
5724	3137	3137000.000
5725	3183	3183000.000
5726	3194	3194000.000
5727	3181	3181000.000
5728	3223	3223000.000
5729	3289	3289000.000
5730	3108	3108000.000
5731	3210	3210000.000
5732	3183	3183000.000
5733	3080	3080000.000
5734	3160	3160000.000
5735	3079	3079000.000
5736	3124	3124000.000
5737	3195	3195000.000
5738	3213	3213000.000
5739	3251	3251000.000
5740	3338	3338000.000
5741	3279	3279000.000
5742	3170	3170000.000
5743	3177	3177000.000
5744	3131	3131000.000
5745	3124	3124000.000
5746	3193	3193000.000
5747	3096	3096000.000
5748	3158	3158000.000
5749	3101	3101000.000
5750	3194	3194000.000
5751	3244	3244000.000
5752	3264	3264000.000
5753	3168	3168000.000
5754	3093	3093000.000
5755	3197	3197000.000
5756	3091	3091000.000
5757	3055	3055000.000
5758	3135	3135000.000
5759	3202	3202000.000
5760	3138	3138000.000
5761	3198	3198000.000
5762	3184	3184000.000
5763	3170	3170000.000
5764	3205	3205000.000
5765	3248	3248000.000
5766	3063	3063000.000
5767	3192	3192000.000
5768	3025	3025000.000
5769	3048	3048000.000
5770	3112	3112000.000
5771	3137	3137000.000
5772	3153	3153000.000
5773	3201	3201000.000
5774	3259	3259000.000
5775	3219	3219000.000
5776	3200	3200000.000
5777	3174	3174000.000
5778	3118	3118000.000
5779	3152	3152000.000
5780	3004	3004000.000
5781	3112	3112000.000
5782	3120	3120000.000
5783	3169	3169000.000
5784	3128	3128000.000
5785	3217	3217000.000
5786	3212	3212000.000
5787	3216	3216000.000
5788	3191	3191000.000
5789	3199	3199000.000
5790	3106	3106000.000
5791	3035	3035000.000
5792	3179	3179000.000
5793	3065	3065000.000
5794	3068	3068000.000
5795	3141	3141000.000
5796	3151	3151000.000
5797	3287	3287000.000
5798	3195	3195000.000
5799	3163	3163000.000
5800	3227	3227000.000
5801	3254	3254000.000
5802	3202	3202000.000
5803	3155	3155000.000
5804	3121	3121000.000
5805	3148	3148000.000
5806	3196	3196000.000
5807	3107	3107000.000
5808	3210	3210000.000
5809	3222	3222000.000
5810	3155	3155000.000
5811	3215	3215000.000
5812	3137	3137000.000
5813	3245	3245000.000
5814	3178	3178000.000
5815	3129	3129000.000
5816	3141	3141000.000
5817	3047	3047000.000
5818	3186	3186000.000
5819	3213	3213000.000
5820	3266	3266000.000
5821	3329	3329000.000
5822	3146	3146000.000
5823	3192	3192000.000
5824	3147	3147000.000
5825	3127	3127000.000
5826	3067	3067000.000
5827	3055	3055000.000
5828	3150	3150000.000
5829	3110	3110000.000
5830	3107	3107000.000
5831	3257	3257000.000
5832	3215	3215000.000
5833	3226	3226000.000
5834	3214	3214000.000
5835	3166	3166000.000
5836	3198	3198000.000
5837	3131	3131000.000
5838	3239	3239000.000
5839	3111	3111000.000
5840	3147	3147000.000
5841	3227	3227000.000
5842	3113	3113000.000
5843	3162	3162000.000
5844	3197	3197000.000
5845	3217	3217000.000
5846	3212	3212000.000
5847	3172	3172000.000
5848	3100	3100000.000
5849	3189	3189000.000
5850	3178	3178000.000
5851	3111	3111000.000
5852	3146	3146000.000
5853	3170	3170000.000
5854	3199	3199000.000
5855	3277	3277000.000
5856	3259	3259000.000
5857	3237	3237000.000
5858	3192	3192000.000
5859	3103	3103000.000
5860	3044	3044000.000
5861	3075	3075000.000
5862	3048	3048000.000
5863	3128	3128000.000
5864	3008	3008000.000
5865	3199	3199000.000
5866	3192	3192000.000
5867	3214	3214000.000
5868	3240	3240000.000
5869	3253	3253000.000
5870	3200	3200000.000
5871	3121	3121000.000
5872	3090	3090000.000
5873	3103	3103000.000
5874	3106	3106000.000
5875	3172	3172000.000
5876	3141	3141000.000
5877	3228	3228000.000
5878	3185	3185000.000
5879	3186	3186000.000
5880	3195	3195000.000
5881	3130	3130000.000
5882	3172	3172000.000
5883	3094	3094000.000
5884	3159	3159000.000
5885	3023	3023000.000
5886	3104	3104000.000
5887	3176	3176000.000
5888	3188	3188000.000
5889	3217	3217000.000
5890	3189	3189000.000
5891	3200	3200000.000
5892	3196	3196000.000
5893	3153	3153000.000
5894	3117	3117000.000
5895	3175	3175000.000
5896	3139	3139000.000
5897	3080	3080000.000
5898	3075	3075000.000
5899	3116	3116000.000
5900	3197	3197000.000
5901	3119	3119000.000
5902	3266	3266000.000
5903	3260	3260000.000
5904	3255	3255000.000
5905	3028	3028000.000
5906	3102	3102000.000
5907	3106	3106000.000
5908	3123	3123000.000
5909	3080	3080000.000
5910	3123	3123000.000
5911	3164	3164000.000
5912	3276	3276000.000
5913	3348	3348000.000
5914	3297	3297000.000
5915	3187	3187000.000
5916	3234	3234000.000
5917	3281	3281000.000
5918	3022	3022000.000
5919	3220	3220000.000
5920	3106	3106000.000
5921	3104	3104000.000
5922	3196	3196000.000
5923	3192	3192000.000
5924	3250	3250000.000
5925	3236	3236000.000
5926	3193	3193000.000
5927	3167	3167000.000
5928	3083	3083000.000
5929	3128	3128000.000
5930	3131	3131000.000
5931	3110	3110000.000
5932	3110	3110000.000
5933	3171	3171000.000
5934	3124	3124000.000
5935	3175	3175000.000
5936	3202	3202000.000
5937	3235	3235000.000
5938	3162	3162000.000
5939	3132	3132000.000
5940	3081	3081000.000
5941	3122	3122000.000
5942	3177	3177000.000
5943	3125	3125000.000
5944	3046	3046000.000
5945	3202	3202000.000
5946	3128	3128000.000
5947	3230	3230000.000
5948	3189	3189000.000
5949	3217	3217000.000
5950	3262	3262000.000
5951	3154	3154000.000
5952	3126	3126000.000
5953	3125	3125000.000
5954	3094	3094000.000
5955	3133	3133000.000
5956	3068	3068000.000
5957	3182	3182000.000
5958	3169	3169000.000
5959	3201	3201000.000
5960	3273	3273000.000
5961	3201	3201000.000
5962	3151	3151000.000
5963	3097	3097000.000
5964	3141	3141000.000
5965	3029	3029000.000
5966	3210	3210000.000
5967	3160	3160000.000
5968	3092	3092000.000
5969	3163	3163000.000
5970	3196	3196000.000
5971	3257	3257000.000
5972	3236	3236000.000
5973	3234	3234000.000
5974	3087	3087000.000
5975	3165	3165000.000
5976	3157	3157000.000
5977	3112	3112000.000
5978	3247	3247000.000
5979	3154	3154000.000
5980	3108	3108000.000
5981	3256	3256000.000
5982	3222	3222000.000
5983	3183	3183000.000
5984	3177	3177000.000
5985	3080	3080000.000
5986	3178	3178000.000
5987	3138	3138000.000
5988	3161	3161000.000
5989	3071	3071000.000
5990	3192	3192000.000
5991	3088	3088000.000
5992	3119	3119000.000
5993	3173	3173000.000
5994	3212	3212000.000
5995	3134	3134000.000
5996	3206	3206000.000
5997	3273	3273000.000
5998	3200	3200000.000
5999	3257	3257000.000
6000	3207	3207000.000
6001	3187	3187000.000
6002	3184	3184000.000
6003	3304	3304000.000
6004	3213	3213000.000
6005	3180	3180000.000
6006	3252	3252000.000
6007	3271	3271000.000
6008	3141	3141000.000
6009	3118	3118000.000
6010	3085	3085000.000
6011	3195	3195000.000
6012	3040	3040000.000
6013	3118	3118000.000
6014	3109	3109000.000
6015	3206	3206000.000
6016	3118	3118000.000
6017	3227	3227000.000
6018	3170	3170000.000
6019	3150	3150000.000
6020	3219	3219000.000
6021	3283	3283000.000
6022	3107	3107000.000
6023	3161	3161000.000
6024	3136	3136000.000
6025	3130	3130000.000
6026	3227	3227000.000
6027	3249	3249000.000
6028	3212	3212000.000
6029	3325	3325000.000
6030	3105	3105000.000
6031	3141	3141000.000
6032	3213	3213000.000
6033	3068	3068000.000
6034	3022	3022000.000
6035	3169	3169000.000
6036	3038	3038000.000
6037	3125	3125000.000
6038	3142	3142000.000
6039	3144	3144000.000
6040	3176	3176000.000
6041	3226	3226000.000
6042	3203	3203000.000
6043	3210	3210000.000
6044	3107	3107000.000
6045	3088	3088000.000
6046	3210	3210000.000
6047	3042	3042000.000
6048	3116	3116000.000
6049	3025	3025000.000
6050	3188	3188000.000
6051	3224	3224000.000
6052	3300	3300000.000
6053	3189	3189000.000
6054	3260	3260000.000
6055	3157	3157000.000
6056	3143	3143000.000
6057	3058	3058000.000
6058	3042	3042000.000
6059	3150	3150000.000
6060	3157	3157000.000
6061	3113	3113000.000
6062	3234	3234000.000
6063	3330	3330000.000
6064	3274	3274000.000
6065	3154	3154000.000
6066	3225	3225000.000
6067	3099	3099000.000
6068	3243	3243000.000
6069	3233	3233000.000
6070	3210	3210000.000
6071	3171	3171000.000
6072	3140	3140000.000
6073	3176	3176000.000
6074	3242	3242000.000
6075	3208	3208000.000
6076	3272	3272000.000
6077	3089	3089000.000
6078	3122	3122000.000
6079	3125	3125000.000
6080	3197	3197000.000
6081	3133	3133000.000
6082	3105	3105000.000
6083	3092	3092000.000
6084	3159	3159000.000
6085	3156	3156000.000
6086	3233	3233000.000
6087	3237	3237000.000
6088	3235	3235000.000
6089	3203	3203000.000
6090	3259	3259000.000
6091	3179	3179000.000
6092	3158	3158000.000
6093	3174	3174000.000
6094	3098	3098000.000
6095	3134	3134000.000
6096	3292	3292000.000
6097	3195	3195000.000
6098	3275	3275000.000
6099	3202	3202000.000
6100	3095	3095000.000
6101	3168	3168000.000
6102	3140	3140000.000
6103	3116	3116000.000
6104	3080	3080000.000
6105	3130	3130000.000
6106	3057	3057000.000
6107	3078	3078000.000
6108	3120	3120000.000
6109	3195	3195000.000
6110	3219	3219000.000
6111	3198	3198000.000
6112	3209	3209000.000
6113	3192	3192000.000
6114	3161	3161000.000
6115	3197	3197000.000
6116	3187	3187000.000
6117	3048	3048000.000
6118	3158	3158000.000
6119	3152	3152000.000
6120	3284	3284000.000
6121	3229	3229000.000
6122	3303	3303000.000
6123	3098	3098000.000
6124	3091	3091000.000
6125	3098	3098000.000
6126	3163	3163000.000
6127	3141	3141000.000
6128	3131	3131000.000
6129	3132	3132000.000
6130	3105	3105000.000
6131	3158	3158000.000
6132	3108	3108000.000
6133	3244	3244000.000
6134	3188	3188000.000
6135	3328	3328000.000
6136	3146	3146000.000
6137	3162	3162000.000
6138	3100	3100000.000
6139	3168	3168000.000
6140	3209	3209000.000
6141	3188	3188000.000
6142	3272	3272000.000
6143	3302	3302000.000
6144	3278	3278000.000
6145	3282	3282000.000
6146	3194	3194000.000
6147	3184	3184000.000
6148	3146	3146000.000
6149	3123	3123000.000
6150	3155	3155000.000
6151	3124	3124000.000
6152	3119	3119000.000
6153	3146	3146000.000
6154	3132	3132000.000
6155	3202	3202000.000
6156	3245	3245000.000
6157	3252	3252000.000
6158	3181	3181000.000
6159	3173	3173000.000
6160	3237	3237000.000
6161	3215	3215000.000
6162	3236	3236000.000
6163	3169	3169000.000
6164	3181	3181000.000
6165	3193	3193000.000
6166	3353	3353000.000
6167	3193	3193000.000
6168	3163	3163000.000
6169	3156	3156000.000
6170	3195	3195000.000
6171	3182	3182000.000
6172	3084	3084000.000
6173	3098	3098000.000
6174	3112	3112000.000
6175	3079	3079000.000
6176	3103	3103000.000
6177	3114	3114000.000
6178	3297	3297000.000
6179	3220	3220000.000
6180	3228	3228000.000
6181	3235	3235000.000
6182	3181	3181000.000
6183	3108	3108000.000
6184	3056	3056000.000
6185	3180	3180000.000
6186	3172	3172000.000
6187	3153	3153000.000
6188	3129	3129000.000
6189	3165	3165000.000
6190	3196	3196000.000
6191	3202	3202000.000
6192	3207	3207000.000
6193	3094	3094000.000
6194	3128	3128000.000
6195	3211	3211000.000
6196	3165	3165000.000
6197	3104	3104000.000
6198	3171	3171000.000
6199	3083	3083000.000
6200	3107	3107000.000
6201	3252	3252000.000
6202	3260	3260000.000
6203	3227	3227000.000
6204	3157	3157000.000
6205	3146	3146000.000
6206	3179	3179000.000
6207	3121	3121000.000
6208	3161	3161000.000
6209	3043	3043000.000
6210	3130	3130000.000
6211	3169	3169000.000
6212	3236	3236000.000
6213	3122	3122000.000
6214	3220	3220000.000
6215	3250	3250000.000
6216	3175	3175000.000
6217	3140	3140000.000
6218	3081	3081000.000
6219	3189	3189000.000
6220	3131	3131000.000
6221	3099	3099000.000
6222	3125	3125000.000
6223	3144	3144000.000
6224	3238	3238000.000
6225	3272	3272000.000
6226	3277	3277000.000
6227	3179	3179000.000
6228	3121	3121000.000
6229	3171	3171000.000
6230	3216	3216000.000
6231	3102	3102000.000
6232	3171	3171000.000
6233	3114	3114000.000
6234	3173	3173000.000
6235	3223	3223000.000
6236	3239	3239000.000
6237	3198	3198000.000
6238	3161	3161000.000
6239	3220	3220000.000
6240	3267	3267000.000
6241	3172	3172000.000
6242	3149	3149000.000
6243	3123	3123000.000
6244	3155	3155000.000
6245	3079	3079000.000
6246	3159	3159000.000
6247	3144	3144000.000
6248	3195	3195000.000
6249	3301	3301000.000
6250	3227	3227000.000
6251	3175	3175000.000
6252	3125	3125000.000
6253	3112	3112000.000
6254	3143	3143000.000
6255	3101	3101000.000
6256	3139	3139000.000
6257	3156	3156000.000
6258	3156	3156000.000
6259	3233	3233000.000
6260	3340	3340000.000
6261	3240	3240000.000
6262	3181	3181000.000
6263	3226	3226000.000
6264	3211	3211000.000
6265	3139	3139000.000
6266	3110	3110000.000
6267	3187	3187000.000
6268	3178	3178000.000
6269	3155	3155000.000
6270	3251	3251000.000
6271	3236	3236000.000
6272	3256	3256000.000
6273	3208	3208000.000
6274	3085	3085000.000
6275	3113	3113000.000
6276	3070	3070000.000
6277	3092	3092000.000
6278	3112	3112000.000
6279	3115	3115000.000
6280	3122	3122000.000
6281	3166	3166000.000
6282	3214	3214000.000
6283	3214	3214000.000
6284	3083	3083000.000
6285	3083	3083000.000
6286	3187	3187000.000
6287	3182	3182000.000
6288	3080	3080000.000
6289	3061	3061000.000
6290	3116	3116000.000
6291	3103	3103000.000
6292	3146	3146000.000
6293	3187	3187000.000
6294	3277	3277000.000
6295	3211	3211000.000
6296	3193	3193000.000
6297	3215	3215000.000
6298	3146	3146000.000
6299	3082	3082000.000
6300	3075	3075000.000
6301	3184	3184000.000
6302	3317	3317000.000
6303	3151	3151000.000
6304	3276	3276000.000
6305	3269	3269000.000
6306	3224	3224000.000
6307	3235	3235000.000
6308	3173	3173000.000
6309	3076	3076000.000
6310	3192	3192000.000
6311	3141	3141000.000
6312	3084	3084000.000
6313	3088	3088000.000
6314	3182	3182000.000
6315	3201	3201000.000
6316	3161	3161000.000
6317	3238	3238000.000
6318	3266	3266000.000
6319	3166	3166000.000
6320	3197	3197000.000
6321	3165	3165000.000
6322	3083	3083000.000
6323	3126	3126000.000
6324	3085	3085000.000
6325	3139	3139000.000
6326	3215	3215000.000
6327	3228	3228000.000
6328	3200	3200000.000
6329	3215	3215000.000
6330	3198	3198000.000
6331	3139	3139000.000
6332	3205	3205000.000
6333	3105	3105000.000
6334	3153	3153000.000
6335	3064	3064000.000
6336	3135	3135000.000
6337	3048	3048000.000
6338	3077	3077000.000
6339	3176	3176000.000
6340	3274	3274000.000
6341	3244	3244000.000
6342	3128	3128000.000
6343	3153	3153000.000
6344	3109	3109000.000
6345	3042	3042000.000
6346	3114	3114000.000
6347	3140	3140000.000
6348	3133	3133000.000
6349	3175	3175000.000
6350	3208	3208000.000
6351	3194	3194000.000
6352	3287	3287000.000
6353	3287	3287000.000
6354	3161	3161000.000
6355	3102	3102000.000
6356	3160	3160000.000
6357	3173	3173000.000
6358	3093	3093000.000
6359	3066	3066000.000
6360	3227	3227000.000
6361	3249	3249000.000
6362	3217	3217000.000
6363	3277	3277000.000
6364	3267	3267000.000
6365	3210	3210000.000
6366	3150	3150000.000
6367	3185	3185000.000
6368	3046	3046000.000
6369	3070	3070000.000
6370	3077	3077000.000
6371	3156	3156000.000
6372	3121	3121000.000
6373	3158	3158000.000
6374	3262	3262000.000
6375	3260	3260000.000
6376	3277	3277000.000
6377	3216	3216000.000
6378	3163	3163000.000
6379	3170	3170000.000
6380	3087	3087000.000
6381	2997	2997000.000
6382	3119	3119000.000
6383	3143	3143000.000
6384	3130	3130000.000
6385	3211	3211000.000
6386	3246	3246000.000
6387	3209	3209000.000
6388	3190	3190000.000
6389	3213	3213000.000
6390	3159	3159000.000
6391	3107	3107000.000
6392	3220	3220000.000
6393	3125	3125000.000
6394	3057	3057000.000
6395	3119	3119000.000
6396	3226	3226000.000
6397	3181	3181000.000
6398	3274	3274000.000
6399	3217	3217000.000
6400	3213	3213000.000
6401	3205	3205000.000
6402	3176	3176000.000
6403	3179	3179000.000
6404	3159	3159000.000
6405	3133	3133000.000
6406	3101	3101000.000
6407	3118	3118000.000
6408	3134	3134000.000
6409	3221	3221000.000
6410	3178	3178000.000
6411	3225	3225000.000
6412	3244	3244000.000
6413	3201	3201000.000
6414	3063	3063000.000
6415	3097	3097000.000
6416	3184	3184000.000
6417	3059	3059000.000
6418	3136	3136000.000
6419	3154	3154000.000
6420	3165	3165000.000
6421	3237	3237000.000
6422	3212	3212000.000
6423	3223	3223000.000
6424	3194	3194000.000
6425	3122	3122000.000
6426	3103	3103000.000
6427	3104	3104000.000
6428	3054	3054000.000
6429	3160	3160000.000
6430	3094	3094000.000
6431	3188	3188000.000
6432	3204	3204000.000
6433	3280	3280000.000
6434	3296	3296000.000
6435	3095	3095000.000
6436	3126	3126000.000
6437	3097	3097000.000
6438	3077	3077000.000
6439	3144	3144000.000
6440	3070	3070000.000
6441	3063	3063000.000
6442	3149	3149000.000
6443	3138	3138000.000
6444	3299	3299000.000
6445	3295	3295000.000
6446	3165	3165000.000
6447	3273	3273000.000
6448	3221	3221000.000
6449	3172	3172000.000
6450	3031	3031000.000
6451	3103	3103000.000
6452	3089	3089000.000
6453	3165	3165000.000
6454	3132	3132000.000
6455	3146	3146000.000
6456	3307	3307000.000
6457	3243	3243000.000
6458	3253	3253000.000
6459	3184	3184000.000
6460	3061	3061000.000
6461	3063	3063000.000
6462	3103	3103000.000
6463	3082	3082000.000
6464	3001	3001000.000
6465	3124	3124000.000
6466	3107	3107000.000
6467	3177	3177000.000
6468	3269	3269000.000
6469	3249	3249000.000
6470	3206	3206000.000
6471	3110	3110000.000
6472	3081	3081000.000
6473	3171	3171000.000
6474	3099	3099000.000
6475	3152	3152000.000
6476	3100	3100000.000
6477	3206	3206000.000
6478	3231	3231000.000
6479	3343	3343000.000
6480	3235	3235000.000
6481	3136	3136000.000
6482	3104	3104000.000
6483	3164	3164000.000
6484	3106	3106000.000
6485	3033	3033000.000
6486	3134	3134000.000
6487	3130	3130000.000
6488	3024	3024000.000
6489	3147	3147000.000
6490	3118	3118000.000
6491	3211	3211000.000
6492	3190	3190000.000
6493	3314	3314000.000
6494	3161	3161000.000
6495	3078	3078000.000
6496	3109	3109000.000
6497	3126	3126000.000
6498	3047	3047000.000
6499	3128	3128000.000
6500	3181	3181000.000
6501	3168	3168000.000
6502	3297	3297000.000
6503	3277	3277000.000
6504	3248	3248000.000
6505	3194	3194000.000
6506	3134	3134000.000
6507	3077	3077000.000
6508	3157	3157000.000
6509	3069	3069000.000
6510	3091	3091000.000
6511	3051	3051000.000
6512	3108	3108000.000
6513	3139	3139000.000
6514	3165	3165000.000
6515	3210	3210000.000
6516	3263	3263000.000
6517	3162	3162000.000
6518	3181	3181000.000
6519	3049	3049000.000
6520	3190	3190000.000
6521	3138	3138000.000
6522	3165	3165000.000
6523	3091	3091000.000
6524	3161	3161000.000
6525	3305	3305000.000
6526	3271	3271000.000
6527	3219	3219000.000
6528	3185	3185000.000
6529	3120	3120000.000
6530	3078	3078000.000
6531	3061	3061000.000
6532	3120	3120000.000
6533	3056	3056000.000
6534	3131	3131000.000
6535	3065	3065000.000
6536	3226	3226000.000
6537	3199	3199000.000
6538	3314	3314000.000
6539	3266	3266000.000
6540	3160	3160000.000
6541	3085	3085000.000
6542	3075	3075000.000
6543	3145	3145000.000
6544	3052	3052000.000
6545	3143	3143000.000
6546	3137	3137000.000
6547	3177	3177000.000
6548	3137	3137000.000
6549	3232	3232000.000
6550	3209	3209000.000
6551	3092	3092000.000
6552	3093	3093000.000
6553	3052	3052000.000
6554	3111	3111000.000
6555	3148	3148000.000
6556	3070	3070000.000
6557	3101	3101000.000
6558	3050	3050000.000
6559	3151	3151000.000
6560	3216	3216000.000
6561	3266	3266000.000
6562	3207	3207000.000
6563	3236	3236000.000
6564	3244	3244000.000
6565	3137	3137000.000
6566	3011	3011000.000
6567	3117	3117000.000
6568	3131	3131000.000
6569	3177	3177000.000
6570	3134	3134000.000
6571	3241	3241000.000
6572	3120	3120000.000
6573	3116	3116000.000
6574	3134	3134000.000
6575	3103	3103000.000
6576	3068	3068000.000
6577	3081	3081000.000
6578	3116	3116000.000
6579	3113	3113000.000
6580	3082	3082000.000
6581	3144	3144000.000
6582	3184	3184000.000
6583	3102	3102000.000
6584	3236	3236000.000
6585	3191	3191000.000
6586	3196	3196000.000
6587	3083	3083000.000
6588	3127	3127000.000
6589	3083	3083000.000
6590	3148	3148000.000
6591	3179	3179000.000
6592	3171	3171000.000
6593	3182	3182000.000
6594	3277	3277000.000
6595	3162	3162000.000
6596	3243	3243000.000
6597	3164	3164000.000
6598	3070	3070000.000
6599	3076	3076000.000
6600	3000	3000000.000
6601	3078	3078000.000
6602	3063	3063000.000
6603	3076	3076000.000
6604	3149	3149000.000
6605	3157	3157000.000
6606	3161	3161000.000
6607	3182	3182000.000
6608	3173	3173000.000
6609	3074	3074000.000
6610	3063	3063000.000
6611	3168	3168000.000
6612	3048	3048000.000
6613	3115	3115000.000
6614	3100	3100000.000
6615	3160	3160000.000
6616	3185	3185000.000
6617	3210	3210000.000
6618	3260	3260000.000
6619	3237	3237000.000
6620	3240	3240000.000
6621	3148	3148000.000
6622	3148	3148000.000
6623	3069	3069000.000
6624	3092	3092000.000
6625	3077	3077000.000
6626	3098	3098000.000
6627	3186	3186000.000
6628	3105	3105000.000
6629	3187	3187000.000
6630	3208	3208000.000
6631	3202	3202000.000
6632	3115	3115000.000
6633	3131	3131000.000
6634	3090	3090000.000
6635	3094	3094000.000
6636	3086	3086000.000
6637	3161	3161000.000
6638	3165	3165000.000
6639	3184	3184000.000
6640	3117	3117000.000
6641	3173	3173000.000
6642	3169	3169000.000
6643	3161	3161000.000
6644	3106	3106000.000
6645	3094	3094000.000
6646	3080	3080000.000
6647	3135	3135000.000
6648	3162	3162000.000
6649	3110	3110000.000
6650	3088	3088000.000
6651	3130	3130000.000
6652	3147	3147000.000
6653	3292	3292000.000
6654	3260	3260000.000
6655	3142	3142000.000
6656	3113	3113000.000
6657	3181	3181000.000
6658	3076	3076000.000
6659	3056	3056000.000
6660	3175	3175000.000
6661	3012	3012000.000
6662	3231	3231000.000
6663	3140	3140000.000
6664	3285	3285000.000
6665	3184	3184000.000
6666	3291	3291000.000
6667	3168	3168000.000
6668	3046	3046000.000
6669	3067	3067000.000
6670	3185	3185000.000
6671	3150	3150000.000
6672	3094	3094000.000
6673	3150	3150000.000
6674	3146	3146000.000
6675	3203	3203000.000
6676	3183	3183000.000
6677	3187	3187000.000
6678	3164	3164000.000
6679	3213	3213000.000
6680	3096	3096000.000
6681	3111	3111000.000
6682	3067	3067000.000
6683	3092	3092000.000
6684	3060	3060000.000
6685	3074	3074000.000
6686	3242	3242000.000
6687	3164	3164000.000
6688	3234	3234000.000
6689	3187	3187000.000
6690	3087	3087000.000
6691	3046	3046000.000
6692	3004	3004000.000
6693	3051	3051000.000
6694	3107	3107000.000
6695	3087	3087000.000
6696	3083	3083000.000
6697	3075	3075000.000
6698	3172	3172000.000
6699	3215	3215000.000
6700	3127	3127000.000
6701	3178	3178000.000
6702	3226	3226000.000
6703	3155	3155000.000
6704	3130	3130000.000
6705	3125	3125000.000
6706	3072	3072000.000
6707	3070	3070000.000
6708	3187	3187000.000
6709	3107	3107000.000
6710	3255	3255000.000
6711	3142	3142000.000
6712	3185	3185000.000
6713	3060	3060000.000
6714	3138	3138000.000
6715	3101	3101000.000
6716	3137	3137000.000
6717	3061	3061000.000
6718	3046	3046000.000
6719	2983	2983000.000
6720	3098	3098000.000
6721	3192	3192000.000
6722	3194	3194000.000
6723	3183	3183000.000
6724	3258	3258000.000
6725	3166	3166000.000
6726	3094	3094000.000
6727	3165	3165000.000
6728	3068	3068000.000
6729	3066	3066000.000
6730	3080	3080000.000
6731	3082	3082000.000
6732	3173	3173000.000
6733	3221	3221000.000
6734	3232	3232000.000
6735	3152	3152000.000
6736	3175	3175000.000
6737	3110	3110000.000
6738	3119	3119000.000
6739	3027	3027000.000
6740	3078	3078000.000
6741	3123	3123000.000
6742	3167	3167000.000
6743	3144	3144000.000
6744	3189	3189000.000
6745	3261	3261000.000
6746	3245	3245000.000
6747	3274	3274000.000
6748	3112	3112000.000
6749	3119	3119000.000
6750	3151	3151000.000
6751	3121	3121000.000
6752	3160	3160000.000
6753	3190	3190000.000
6754	3184	3184000.000
6755	3288	3288000.000
6756	3178	3178000.000
6757	3183	3183000.000
6758	3215	3215000.000
6759	3151	3151000.000
6760	3135	3135000.000
6761	3142	3142000.000
6762	3028	3028000.000
6763	3089	3089000.000
6764	3087	3087000.000
6765	3162	3162000.000
6766	3063	3063000.000
6767	3154	3154000.000
6768	3197	3197000.000
6769	3155	3155000.000
6770	3199	3199000.000
6771	3040	3040000.000
6772	3170	3170000.000
6773	3027	3027000.000
6774	3094	3094000.000
6775	3077	3077000.000
6776	3129	3129000.000
6777	3145	3145000.000
6778	3171	3171000.000
6779	3258	3258000.000
6780	3139	3139000.000
6781	3219	3219000.000
6782	3124	3124000.000
6783	3104	3104000.000
6784	3129	3129000.000
6785	3095	3095000.000
6786	3120	3120000.000
6787	3132	3132000.000
6788	3080	3080000.000
6789	3138	3138000.000
6790	3188	3188000.000
6791	3209	3209000.000
6792	3179	3179000.000
6793	3255	3255000.000
6794	3084	3084000.000
6795	3087	3087000.000
6796	3077	3077000.000
6797	3101	3101000.000
6798	3027	3027000.000
6799	3192	3192000.000
6800	3141	3141000.000
6801	3167	3167000.000
6802	3235	3235000.000
6803	3135	3135000.000
6804	3250	3250000.000
6805	3120	3120000.000
6806	3112	3112000.000
6807	3103	3103000.000
6808	3017	3017000.000
6809	3068	3068000.000
6810	3084	3084000.000
6811	3102	3102000.000
6812	3119	3119000.000
6813	3148	3148000.000
6814	3159	3159000.000
6815	3198	3198000.000
6816	3163	3163000.000
6817	3080	3080000.000
6818	3139	3139000.000
6819	3145	3145000.000
6820	3028	3028000.000
6821	3164	3164000.000
6822	3168	3168000.000
6823	3108	3108000.000
6824	3147	3147000.000
6825	3213	3213000.000
6826	3252	3252000.000
6827	3181	3181000.000
6828	3155	3155000.000
6829	3125	3125000.000
6830	3061	3061000.000
6831	3114	3114000.000
6832	3038	3038000.000
6833	3110	3110000.000
6834	3104	3104000.000
6835	3110	3110000.000
6836	3155	3155000.000
6837	3179	3179000.000
6838	3247	3247000.000
6839	3175	3175000.000
6840	3170	3170000.000
6841	3193	3193000.000
6842	3126	3126000.000
6843	3114	3114000.000
6844	3134	3134000.000
6845	3141	3141000.000
6846	3164	3164000.000
6847	3172	3172000.000
6848	3182	3182000.000
6849	3229	3229000.000
6850	3138	3138000.000
6851	3045	3045000.000
6852	3074	3074000.000
6853	2938	2938000.000
6854	2880	2880000.000
6855	3114	3114000.000
6856	3066	3066000.000
6857	3177	3177000.000
6858	3048	3048000.000
6859	3071	3071000.000
6860	3149	3149000.000
6861	3143	3143000.000
6862	3195	3195000.000
6863	3278	3278000.000
6864	3139	3139000.000
6865	3166	3166000.000
6866	3126	3126000.000
6867	3146	3146000.000
6868	3175	3175000.000
6869	3111	3111000.000
6870	3113	3113000.000
6871	3167	3167000.000
6872	3102	3102000.000
6873	3239	3239000.000
6874	3132	3132000.000
6875	3122	3122000.000
6876	3078	3078000.000
6877	3079	3079000.000
6878	3163	3163000.000
6879	3075	3075000.000
6880	3092	3092000.000
6881	3057	3057000.000
6882	3095	3095000.000
6883	3212	3212000.000
6884	3151	3151000.000
6885	3208	3208000.000
6886	3236	3236000.000
6887	3112	3112000.000
6888	3116	3116000.000
6889	3145	3145000.000
6890	3078	3078000.000
6891	3033	3033000.000
6892	3171	3171000.000
6893	3091	3091000.000
6894	3227	3227000.000
6895	3277	3277000.000
6896	3234	3234000.000
6897	3162	3162000.000
6898	3030	3030000.000
6899	3139	3139000.000
6900	3040	3040000.000
6901	3052	3052000.000
6902	3149	3149000.000
6903	3102	3102000.000
6904	3055	3055000.000
6905	3114	3114000.000
6906	3189	3189000.000
6907	3170	3170000.000
6908	3209	3209000.000
6909	3282	3282000.000
6910	3127	3127000.000
6911	3174	3174000.000
6912	3138	3138000.000
6913	3087	3087000.000
6914	3097	3097000.000
6915	3125	3125000.000
6916	3144	3144000.000
6917	3190	3190000.000
6918	3229	3229000.000
6919	3096	3096000.000
6920	3003	3003000.000
6921	3123	3123000.000
6922	3129	3129000.000
6923	3039	3039000.000
6924	3081	3081000.000
6925	3086	3086000.000
6926	3167	3167000.000
6927	3083	3083000.000
6928	3079	3079000.000
6929	3129	3129000.000
6930	3143	3143000.000
6931	3164	3164000.000
6932	3096	3096000.000
6933	3175	3175000.000
6934	3166	3166000.000
6935	3120	3120000.000
6936	3224	3224000.000
6937	3074	3074000.000
6938	3133	3133000.000
6939	3150	3150000.000
6940	3247	3247000.000
6941	3244	3244000.000
6942	3151	3151000.000
6943	3137	3137000.000
6944	3192	3192000.000
6945	3119	3119000.000
6946	3187	3187000.000
6947	3051	3051000.000
6948	3132	3132000.000
6949	3103	3103000.000
6950	3164	3164000.000
6951	3090	3090000.000
6952	3105	3105000.000
6953	3276	3276000.000
6954	3213	3213000.000
6955	3216	3216000.000
6956	3221	3221000.000
6957	3231	3231000.000
6958	3093	3093000.000
6959	3074	3074000.000
6960	3147	3147000.000
6961	3061	3061000.000
6962	3217	3217000.000
6963	3199	3199000.000
6964	3254	3254000.000
6965	3241	3241000.000
6966	3173	3173000.000
6967	3111	3111000.000
6968	3102	3102000.000
6969	3040	3040000.000
6970	3113	3113000.000
6971	3110	3110000.000
6972	3116	3116000.000
6973	3136	3136000.000
6974	3129	3129000.000
6975	3095	3095000.000
6976	3143	3143000.000
6977	3244	3244000.000
6978	3120	3120000.000
6979	3212	3212000.000
6980	3261	3261000.000
6981	3138	3138000.000
6982	3146	3146000.000
6983	3166	3166000.000
6984	3111	3111000.000
6985	3236	3236000.000
6986	3214	3214000.000
6987	3304	3304000.000
6988	3233	3233000.000
6989	3172	3172000.000
6990	3117	3117000.000
6991	3114	3114000.000
6992	3115	3115000.000
6993	3104	3104000.000
6994	3153	3153000.000
6995	3063	3063000.000
6996	3123	3123000.000
6997	3090	3090000.000
6998	3114	3114000.000
6999	3122	3122000.000
7000	3142	3142000.000
7001	3304	3304000.000
7002	3186	3186000.000
7003	3191	3191000.000
7004	3206	3206000.000
7005	3137	3137000.000
7006	3076	3076000.000
7007	3158	3158000.000
7008	3154	3154000.000
7009	3159	3159000.000
7010	3178	3178000.000
7011	3186	3186000.000
7012	3227	3227000.000
7013	3127	3127000.000
7014	3114	3114000.000
7015	3103	3103000.000
7016	3041	3041000.000
7017	3103	3103000.000
7018	3089	3089000.000
7019	3179	3179000.000
7020	3103	3103000.000
7021	3075	3075000.000
7022	3130	3130000.000
7023	3190	3190000.000
7024	3249	3249000.000
7025	3193	3193000.000
7026	3179	3179000.000
7027	3148	3148000.000
7028	3128	3128000.000
7029	3073	3073000.000
7030	3100	3100000.000
7031	3172	3172000.000
7032	3210	3210000.000
7033	3190	3190000.000
7034	3163	3163000.000
7035	3190	3190000.000
7036	3182	3182000.000
7037	3144	3144000.000
7038	3137	3137000.000
7039	3128	3128000.000
7040	3088	3088000.000
7041	3116	3116000.000
7042	3034	3034000.000
7043	3131	3131000.000
7044	3036	3036000.000
7045	3115	3115000.000
7046	3140	3140000.000
7047	3236	3236000.000
7048	3210	3210000.000
7049	3133	3133000.000
7050	3175	3175000.000
7051	3146	3146000.000
7052	3185	3185000.000
7053	3174	3174000.000
7054	3114	3114000.000
7055	3159	3159000.000
7056	3242	3242000.000
7057	3221	3221000.000
7058	3260	3260000.000
7059	3093	3093000.000
7060	3134	3134000.000
7061	3071	3071000.000
7062	3261	3261000.000
7063	3184	3184000.000
7064	3189	3189000.000
7065	3172	3172000.000
7066	3071	3071000.000
7067	3110	3110000.000
7068	3104	3104000.000
7069	3087	3087000.000
7070	3187	3187000.000
7071	3234	3234000.000
7072	3255	3255000.000
7073	3171	3171000.000
7074	3245	3245000.000
7075	3118	3118000.000
7076	3043	3043000.000
7077	3267	3267000.000
7078	3244	3244000.000
7079	3198	3198000.000
7080	3167	3167000.000
7081	3176	3176000.000
7082	3158	3158000.000
7083	3196	3196000.000
7084	3020	3020000.000
7085	3019	3019000.000
7086	3096	3096000.000
7087	3129	3129000.000
7088	3070	3070000.000
7089	3127	3127000.000
7090	3098	3098000.000
7091	3078	3078000.000
7092	3132	3132000.000
7093	3188	3188000.000
7094	3128	3128000.000
7095	3235	3235000.000
7096	3187	3187000.000
7097	3194	3194000.000
7098	3191	3191000.000
7099	3077	3077000.000
7100	3112	3112000.000
7101	3264	3264000.000
7102	3240	3240000.000
7103	3297	3297000.000
7104	3280	3280000.000
7105	3264	3264000.000
7106	3123	3123000.000
7107	3228	3228000.000
7108	3084	3084000.000
7109	3122	3122000.000
7110	3097	3097000.000
7111	2989	2989000.000
7112	3163	3163000.000
7113	3175	3175000.000
7114	3151	3151000.000
7115	3157	3157000.000
7116	3248	3248000.000
7117	3286	3286000.000
7118	3188	3188000.000
7119	3226	3226000.000
7120	3150	3150000.000
7121	3143	3143000.000
7122	3221	3221000.000
7123	3239	3239000.000
7124	3307	3307000.000
7125	3261	3261000.000
7126	3188	3188000.000
7127	3133	3133000.000
7128	3181	3181000.000
7129	3164	3164000.000
7130	3107	3107000.000
7131	3099	3099000.000
7132	3135	3135000.000
7133	3106	3106000.000
7134	3089	3089000.000
7135	3025	3025000.000
7136	3102	3102000.000
7137	3184	3184000.000
7138	3167	3167000.000
7139	3349	3349000.000
7140	3233	3233000.000
7141	3237	3237000.000
7142	3234	3234000.000
7143	3193	3193000.000
7144	3194	3194000.000
7145	3242	3242000.000
7146	3154	3154000.000
7147	3217	3217000.000
7148	3289	3289000.000
7149	3246	3246000.000
7150	3214	3214000.000
7151	3157	3157000.000
7152	3142	3142000.000
7153	3039	3039000.000
7154	3120	3120000.000
7155	3173	3173000.000
7156	3115	3115000.000
7157	3076	3076000.000
7158	3100	3100000.000
7159	3030	3030000.000
7160	3046	3046000.000
7161	3089	3089000.000
7162	3139	3139000.000
7163	3181	3181000.000
7164	3123	3123000.000
7165	3270	3270000.000
7166	3246	3246000.000
7167	3200	3200000.000
7168	3207	3207000.000
7169	3265	3265000.000
7170	3194	3194000.000
7171	3167	3167000.000
7172	3155	3155000.000
7173	3258	3258000.000
7174	3191	3191000.000
7175	3105	3105000.000
7176	3108	3108000.000
7177	3098	3098000.000
7178	3021	3021000.000
7179	3145	3145000.000
7180	3203	3203000.000
7181	3087	3087000.000
7182	3163	3163000.000
7183	3049	3049000.000
7184	3112	3112000.000
7185	3188	3188000.000
7186	3265	3265000.000
7187	3203	3203000.000
7188	3264	3264000.000
7189	3196	3196000.000
7190	3286	3286000.000
7191	3217	3217000.000
7192	3162	3162000.000
7193	3228	3228000.000
7194	3278	3278000.000
7195	3283	3283000.000
7196	3258	3258000.000
7197	3068	3068000.000
7198	3206	3206000.000
7199	3137	3137000.000
7200	3179	3179000.000
7201	3076	3076000.000
7202	3147	3147000.000
7203	3145	3145000.000
7204	3160	3160000.000
7205	3025	3025000.000
7206	3092	3092000.000
7207	3088	3088000.000
7208	3164	3164000.000
7209	3267	3267000.000
7210	3182	3182000.000
7211	3208	3208000.000
7212	3157	3157000.000
7213	3206	3206000.000
7214	3244	3244000.000
7215	3136	3136000.000
7216	3226	3226000.000
7217	3288	3288000.000
7218	3294	3294000.000
7219	3219	3219000.000
7220	3201	3201000.000
7221	3144	3144000.000
7222	3147	3147000.000
7223	3103	3103000.000
7224	3121	3121000.000
7225	3095	3095000.000
7226	3144	3144000.000
7227	3095	3095000.000
7228	3162	3162000.000
7229	3135	3135000.000
7230	3179	3179000.000
7231	3297	3297000.000
7232	3263	3263000.000
7233	3221	3221000.000
7234	3269	3269000.000
7235	3247	3247000.000
7236	3107	3107000.000
7237	3242	3242000.000
7238	3227	3227000.000
7239	3254	3254000.000
7240	3195	3195000.000
7241	3202	3202000.000
7242	3208	3208000.000
7243	3166	3166000.000
7244	3152	3152000.000
7245	3135	3135000.000
7246	3117	3117000.000
7247	3145	3145000.000
7248	3108	3108000.000
7249	3127	3127000.000
7250	3132	3132000.000
7251	3114	3114000.000
7252	3068	3068000.000
7253	3215	3215000.000
7254	3180	3180000.000
7255	3278	3278000.000
7256	3183	3183000.000
7257	3292	3292000.000
7258	3252	3252000.000
7259	3206	3206000.000
7260	3292	3292000.000
7261	3153	3153000.000
7262	3107	3107000.000
7263	3180	3180000.000
7264	3257	3257000.000
7265	3251	3251000.000
7266	3269	3269000.000
7267	3188	3188000.000
7268	3108	3108000.000
7269	3082	3082000.000
7270	3147	3147000.000
7271	3125	3125000.000
7272	3120	3120000.000
7273	3102	3102000.000
7274	3189	3189000.000
7275	3118	3118000.000
7276	3099	3099000.000
7277	3115	3115000.000
7278	3165	3165000.000
7279	3368	3368000.000
7280	3270	3270000.000
7281	3201	3201000.000
7282	3163	3163000.000
7283	3254	3254000.000
7284	3224	3224000.000
7285	3265	3265000.000
7286	3204	3204000.000
7287	3243	3243000.000
7288	3249	3249000.000
7289	3158	3158000.000
7290	3132	3132000.000
7291	3079	3079000.000
7292	3124	3124000.000
7293	3007	3007000.000
7294	3082	3082000.000
7295	3095	3095000.000
7296	3077	3077000.000
7297	3160	3160000.000
7298	3141	3141000.000
7299	3109	3109000.000
7300	3098	3098000.000
7301	3228	3228000.000
7302	3166	3166000.000
7303	3212	3212000.000
7304	3262	3262000.000
7305	3319	3319000.000
7306	3215	3215000.000
7307	3135	3135000.000
7308	3230	3230000.000
7309	3267	3267000.000
7310	3213	3213000.000
7311	3274	3274000.000
7312	3185	3185000.000
7313	3157	3157000.000
7314	3158	3158000.000
7315	3029	3029000.000
7316	3131	3131000.000
7317	3107	3107000.000
7318	3092	3092000.000
7319	3119	3119000.000
7320	3072	3072000.000
7321	3068	3068000.000
7322	3063	3063000.000
7323	3180	3180000.000
7324	3163	3163000.000
7325	3092	3092000.000
7326	3229	3229000.000
7327	3323	3323000.000
7328	3259	3259000.000
7329	3205	3205000.000
7330	3142	3142000.000
7331	3232	3232000.000
7332	3285	3285000.000
7333	3203	3203000.000
7334	3210	3210000.000
7335	3335	3335000.000
7336	3216	3216000.000
7337	3168	3168000.000
7338	3111	3111000.000
7339	3091	3091000.000
7340	3139	3139000.000
7341	3219	3219000.000
7342	3096	3096000.000
7343	3063	3063000.000
7344	3076	3076000.000
7345	3093	3093000.000
7346	3168	3168000.000
7347	3090	3090000.000
7348	3198	3198000.000
7349	3194	3194000.000
7350	3266	3266000.000
7351	3214	3214000.000
7352	3244	3244000.000
7353	3223	3223000.000
7354	3172	3172000.000
7355	3189	3189000.000
7356	3184	3184000.000
7357	3301	3301000.000
7358	3267	3267000.000
7359	3173	3173000.000
7360	3156	3156000.000
7361	3093	3093000.000
7362	3161	3161000.000
7363	3155	3155000.000
7364	3102	3102000.000
7365	3111	3111000.000
7366	3166	3166000.000
7367	3121	3121000.000
7368	3084	3084000.000
7369	3182	3182000.000
7370	3213	3213000.000
7371	3249	3249000.000
7372	3245	3245000.000
7373	3169	3169000.000
7374	3211	3211000.000
7375	3137	3137000.000
7376	3142	3142000.000
7377	3197	3197000.000
7378	3183	3183000.000
7379	3196	3196000.000
7380	3266	3266000.000
7381	3270	3270000.000
7382	3211	3211000.000
7383	3169	3169000.000
7384	3169	3169000.000
7385	3070	3070000.000
7386	3099	3099000.000
7387	3156	3156000.000
7388	3171	3171000.000
7389	3136	3136000.000
7390	3181	3181000.000
7391	3100	3100000.000
7392	3076	3076000.000
7393	3165	3165000.000
7394	3197	3197000.000
7395	3240	3240000.000
7396	3204	3204000.000
7397	3173	3173000.000
7398	3145	3145000.000
7399	3129	3129000.000
7400	3177	3177000.000
7401	3139	3139000.000
7402	3236	3236000.000
7403	3203	3203000.000
7404	3202	3202000.000
7405	3193	3193000.000
7406	3169	3169000.000
7407	3092	3092000.000
7408	3099	3099000.000
7409	3077	3077000.000
7410	3134	3134000.000
7411	3152	3152000.000
7412	3188	3188000.000
7413	3122	3122000.000
7414	3054	3054000.000
7415	3099	3099000.000
7416	3161	3161000.000
7417	3210	3210000.000
7418	3179	3179000.000
7419	3185	3185000.000
7420	3237	3237000.000
7421	3091	3091000.000
7422	3138	3138000.000
7423	3081	3081000.000
7424	3144	3144000.000
7425	3240	3240000.000
7426	3275	3275000.000
7427	3191	3191000.000
7428	3372	3372000.000
7429	3160	3160000.000
7430	3152	3152000.000
7431	3092	3092000.000
7432	3178	3178000.000
7433	3001	3001000.000
7434	3188	3188000.000
7435	3110	3110000.000
7436	3084	3084000.000
7437	3029	3029000.000
7438	3120	3120000.000
7439	3117	3117000.000
7440	3106	3106000.000
7441	3230	3230000.000
7442	3246	3246000.000
7443	3188	3188000.000
7444	3191	3191000.000
7445	3096	3096000.000
7446	3215	3215000.000
7447	3216	3216000.000
7448	3235	3235000.000
7449	3180	3180000.000
7450	3271	3271000.000
7451	3215	3215000.000
7452	3210	3210000.000
7453	3139	3139000.000
7454	3062	3062000.000
7455	3160	3160000.000
7456	3043	3043000.000
7457	3102	3102000.000
7458	3092	3092000.000
7459	3165	3165000.000
7460	3087	3087000.000
7461	3139	3139000.000
7462	3102	3102000.000
7463	3168	3168000.000
7464	3269	3269000.000
7465	3224	3224000.000
7466	3214	3214000.000
7467	3183	3183000.000
7468	3141	3141000.000
7469	3091	3091000.000
7470	3159	3159000.000
7471	3151	3151000.000
7472	3134	3134000.000
7473	3267	3267000.000
7474	3150	3150000.000
7475	3265	3265000.000
7476	3081	3081000.000
7477	3048	3048000.000
7478	3099	3099000.000
7479	3089	3089000.000
7480	3092	3092000.000
7481	3082	3082000.000
7482	3088	3088000.000
7483	3067	3067000.000
7484	3096	3096000.000
7485	3088	3088000.000
7486	3153	3153000.000
7487	3252	3252000.000
7488	3170	3170000.000
7489	3247	3247000.000
7490	3129	3129000.000
7491	3191	3191000.000
7492	3242	3242000.000
7493	3173	3173000.000
7494	3184	3184000.000
7495	3268	3268000.000
7496	3207	3207000.000
7497	3167	3167000.000
7498	3107	3107000.000
7499	3080	3080000.000
7500	3122	3122000.000
7501	3012	3012000.000
7502	3135	3135000.000
7503	3034	3034000.000
7504	3134	3134000.000
7505	3080	3080000.000
7506	3118	3118000.000
7507	3006	3006000.000
7508	3212	3212000.000
7509	3160	3160000.000
7510	3226	3226000.000
7511	3248	3248000.000
7512	3232	3232000.000
7513	3199	3199000.000
7514	3171	3171000.000
7515	3186	3186000.000
7516	3124	3124000.000
7517	3257	3257000.000
7518	3232	3232000.000
7519	3273	3273000.000
7520	3258	3258000.000
7521	3116	3116000.000
7522	3090	3090000.000
7523	3136	3136000.000
7524	3144	3144000.000
7525	3146	3146000.000
7526	3144	3144000.000
7527	3071	3071000.000
7528	3118	3118000.000
7529	3114	3114000.000
7530	3114	3114000.000
7531	3113	3113000.000
7532	3167	3167000.000
7533	3254	3254000.000
7534	3162	3162000.000
7535	3211	3211000.000
7536	3107	3107000.000
7537	3260	3260000.000
7538	3107	3107000.000
7539	3315	3315000.000
7540	3207	3207000.000
7541	3279	3279000.000
7542	3196	3196000.000
7543	3217	3217000.000
7544	3090	3090000.000
7545	3138	3138000.000
7546	3112	3112000.000
7547	3123	3123000.000
7548	3123	3123000.000
7549	3125	3125000.000
7550	3209	3209000.000
7551	3116	3116000.000
7552	3183	3183000.000
7553	3136	3136000.000
7554	3087	3087000.000
7555	3208	3208000.000
7556	3176	3176000.000
7557	3269	3269000.000
7558	3202	3202000.000
7559	3224	3224000.000
7560	3218	3218000.000
7561	3159	3159000.000
7562	3154	3154000.000
7563	3244	3244000.000
7564	3262	3262000.000
7565	3229	3229000.000
7566	3195	3195000.000
7567	3120	3120000.000
7568	3150	3150000.000
7569	3148	3148000.000
7570	3103	3103000.000
7571	3084	3084000.000
7572	3205	3205000.000
7573	3208	3208000.000
7574	3259	3259000.000
7575	3120	3120000.000
7576	3090	3090000.000
7577	3120	3120000.000
7578	3108	3108000.000
7579	3132	3132000.000
7580	3231	3231000.000
7581	3320	3320000.000
7582	3185	3185000.000
7583	3183	3183000.000
7584	3213	3213000.000
7585	3163	3163000.000
7586	3255	3255000.000
7587	3239	3239000.000
7588	3351	3351000.000
7589	3180	3180000.000
7590	3165	3165000.000
7591	3172	3172000.000
7592	3020	3020000.000
7593	3081	3081000.000
7594	3093	3093000.000
7595	3266	3266000.000
7596	3107	3107000.000
7597	3090	3090000.000
7598	3115	3115000.000
7599	3029	3029000.000
7600	3167	3167000.000
7601	3188	3188000.000
7602	3138	3138000.000
7603	3234	3234000.000
7604	3244	3244000.000
7605	3221	3221000.000
7606	3242	3242000.000
7607	3282	3282000.000
7608	3359	3359000.000
7609	3251	3251000.000
7610	3257	3257000.000
7611	3187	3187000.000
7612	3267	3267000.000
7613	3206	3206000.000
7614	3067	3067000.000
7615	3137	3137000.000
7616	3170	3170000.000
7617	3105	3105000.000
7618	3101	3101000.000
7619	3230	3230000.000
7620	3125	3125000.000
7621	3206	3206000.000
7622	3127	3127000.000
7623	3168	3168000.000
7624	3220	3220000.000
7625	3155	3155000.000
7626	3183	3183000.000
7627	3218	3218000.000
7628	3245	3245000.000
7629	3262	3262000.000
7630	3266	3266000.000
7631	3235	3235000.000
7632	3286	3286000.000
7633	3297	3297000.000
7634	3337	3337000.000
7635	3200	3200000.000
7636	3201	3201000.000
7637	3137	3137000.000
7638	3169	3169000.000
7639	3110	3110000.000
7640	3153	3153000.000
7641	3195	3195000.000
7642	3221	3221000.000
7643	3152	3152000.000
7644	3173	3173000.000
7645	3091	3091000.000
7646	3049	3049000.000
7647	3071	3071000.000
7648	3184	3184000.000
7649	3178	3178000.000
7650	3338	3338000.000
7651	3237	3237000.000
7652	3211	3211000.000
7653	3279	3279000.000
7654	3197	3197000.000
7655	3352	3352000.000
7656	3165	3165000.000
7657	3220	3220000.000
7658	3257	3257000.000
7659	3255	3255000.000
7660	3141	3141000.000
7661	3168	3168000.000
7662	3167	3167000.000
7663	3208	3208000.000
7664	3055	3055000.000
7665	3125	3125000.000
7666	3091	3091000.000
7667	3044	3044000.000
7668	3165	3165000.000
7669	3071	3071000.000
7670	3116	3116000.000
7671	3206	3206000.000
7672	3269	3269000.000
7673	3222	3222000.000
7674	3211	3211000.000
7675	3211	3211000.000
7676	3237	3237000.000
7677	3258	3258000.000
7678	3122	3122000.000
7679	3292	3292000.000
7680	3211	3211000.000
7681	3136	3136000.000
7682	3202	3202000.000
7683	3146	3146000.000
7684	3137	3137000.000
7685	3055	3055000.000
7686	3081	3081000.000
7687	3158	3158000.000
7688	3156	3156000.000
7689	3058	3058000.000
7690	3090	3090000.000
7691	3212	3212000.000
7692	3045	3045000.000
7693	3119	3119000.000
7694	3170	3170000.000
7695	3254	3254000.000
7696	3164	3164000.000
7697	3146	3146000.000
7698	3198	3198000.000
7699	3225	3225000.000
7700	3180	3180000.000
7701	3216	3216000.000
7702	3266	3266000.000
7703	3301	3301000.000
7704	3215	3215000.000
7705	3192	3192000.000
7706	3157	3157000.000
7707	3115	3115000.000
7708	3169	3169000.000
7709	3100	3100000.000
7710	3160	3160000.000
7711	3099	3099000.000
7712	3133	3133000.000
7713	3157	3157000.000
7714	3146	3146000.000
7715	3097	3097000.000
7716	3127	3127000.000
7717	3180	3180000.000
7718	3208	3208000.000
7719	3144	3144000.000
7720	3303	3303000.000
7721	3245	3245000.000
7722	3255	3255000.000
7723	3185	3185000.000
7724	3221	3221000.000
7725	3197	3197000.000
7726	3207	3207000.000
7727	3201	3201000.000
7728	3100	3100000.000
7729	3135	3135000.000
7730	3050	3050000.000
7731	3264	3264000.000
7732	3055	3055000.000
7733	3117	3117000.000
7734	3170	3170000.000
7735	3077	3077000.000
7736	3140	3140000.000
7737	3170	3170000.000
7738	3075	3075000.000
7739	3146	3146000.000
7740	3183	3183000.000
7741	3157	3157000.000
7742	3299	3299000.000
7743	3214	3214000.000
7744	3265	3265000.000
7745	3146	3146000.000
7746	3293	3293000.000
7747	3221	3221000.000
7748	3242	3242000.000
7749	3242	3242000.000
7750	3313	3313000.000
7751	3210	3210000.000
7752	3155	3155000.000
7753	3177	3177000.000
7754	3092	3092000.000
7755	3098	3098000.000
7756	3170	3170000.000
7757	3107	3107000.000
7758	3168	3168000.000
7759	3182	3182000.000
7760	3132	3132000.000
7761	3179	3179000.000
7762	3174	3174000.000
7763	3144	3144000.000
7764	3161	3161000.000
7765	3264	3264000.000
7766	3303	3303000.000
7767	3229	3229000.000
7768	3192	3192000.000
7769	3236	3236000.000
7770	3314	3314000.000
7771	3216	3216000.000
7772	3270	3270000.000
7773	3240	3240000.000
7774	3161	3161000.000
7775	3251	3251000.000
7776	3010	3010000.000
7777	3126	3126000.000
7778	3117	3117000.000
7779	3092	3092000.000
7780	3116	3116000.000
7781	3132	3132000.000
7782	3114	3114000.000
7783	3150	3150000.000
7784	3098	3098000.000
7785	3141	3141000.000
7786	3135	3135000.000
7787	3215	3215000.000
7788	3190	3190000.000
7789	3271	3271000.000
7790	3214	3214000.000
7791	3151	3151000.000
7792	3151	3151000.000
7793	3257	3257000.000
7794	3159	3159000.000
7795	3237	3237000.000
7796	3225	3225000.000
7797	3176	3176000.000
7798	3236	3236000.000
7799	3120	3120000.000
7800	3064	3064000.000
7801	3139	3139000.000
7802	3110	3110000.000
7803	3206	3206000.000
7804	3027	3027000.000
7805	3145	3145000.000
7806	3137	3137000.000
7807	3181	3181000.000
7808	3143	3143000.000
7809	3236	3236000.000
7810	3207	3207000.000
7811	3220	3220000.000
7812	3194	3194000.000
7813	3186	3186000.000
7814	3302	3302000.000
7815	3150	3150000.000
7816	3128	3128000.000
7817	3229	3229000.000
7818	3190	3190000.000
7819	3170	3170000.000
7820	3252	3252000.000
7821	3191	3191000.000
7822	3169	3169000.000
7823	3148	3148000.000
7824	3033	3033000.000
7825	3063	3063000.000
7826	3139	3139000.000
7827	3074	3074000.000
7828	3192	3192000.000
7829	3150	3150000.000
7830	3059	3059000.000
7831	3119	3119000.000
7832	3146	3146000.000
7833	3180	3180000.000
7834	3288	3288000.000
7835	3186	3186000.000
7836	3236	3236000.000
7837	3201	3201000.000
7838	3246	3246000.000
7839	3229	3229000.000
7840	3180	3180000.000
7841	3149	3149000.000
7842	3185	3185000.000
7843	3241	3241000.000
7844	3153	3153000.000
7845	3138	3138000.000
7846	3137	3137000.000
7847	3087	3087000.000
7848	3065	3065000.000
7849	3069	3069000.000
7850	3158	3158000.000
7851	3030	3030000.000
7852	3037	3037000.000
7853	3067	3067000.000
7854	3111	3111000.000
7855	3139	3139000.000
7856	3178	3178000.000
7857	3231	3231000.000
7858	3188	3188000.000
7859	3184	3184000.000
7860	3202	3202000.000
7861	3129	3129000.000
7862	3163	3163000.000
7863	3253	3253000.000
7864	3246	3246000.000
7865	3201	3201000.000
7866	3252	3252000.000
7867	3261	3261000.000
7868	3073	3073000.000
7869	3103	3103000.000
7870	3079	3079000.000
7871	3099	3099000.000
7872	3135	3135000.000
7873	3091	3091000.000
7874	3179	3179000.000
7875	3103	3103000.000
7876	3164	3164000.000
7877	3093	3093000.000
7878	3146	3146000.000
7879	3267	3267000.000
7880	3233	3233000.000
7881	3247	3247000.000
7882	3183	3183000.000
7883	3186	3186000.000
7884	3263	3263000.000
7885	3109	3109000.000
7886	3135	3135000.000
7887	3124	3124000.000
7888	3244	3244000.000
7889	3261	3261000.000
7890	3094	3094000.000
7891	3173	3173000.000
7892	3158	3158000.000
7893	3083	3083000.000
7894	3094	3094000.000
7895	3097	3097000.000
7896	3157	3157000.000
7897	3130	3130000.000
7898	2984	2984000.000
7899	3093	3093000.000
7900	3169	3169000.000
7901	3050	3050000.000
7902	3130	3130000.000
7903	3154	3154000.000
7904	3265	3265000.000
7905	3165	3165000.000
7906	3204	3204000.000
7907	3096	3096000.000
7908	3171	3171000.000
7909	3186	3186000.000
7910	3142	3142000.000
7911	3170	3170000.000
7912	3242	3242000.000
7913	3172	3172000.000
7914	3206	3206000.000
7915	3138	3138000.000
7916	3118	3118000.000
7917	3050	3050000.000
7918	3075	3075000.000
7919	3184	3184000.000
7920	3099	3099000.000
7921	3069	3069000.000
7922	3053	3053000.000
7923	3071	3071000.000
7924	3101	3101000.000
7925	3269	3269000.000
7926	3249	3249000.000
7927	3254	3254000.000
7928	3258	3258000.000
7929	3221	3221000.000
7930	3137	3137000.000
7931	3115	3115000.000
7932	3117	3117000.000
7933	3211	3211000.000
7934	3186	3186000.000
7935	3271	3271000.000
7936	3248	3248000.000
7937	3252	3252000.000
7938	3179	3179000.000
7939	3072	3072000.000
7940	3211	3211000.000
7941	3110	3110000.000
7942	3051	3051000.000
7943	3096	3096000.000
7944	3006	3006000.000
7945	3058	3058000.000
7946	3139	3139000.000
7947	3113	3113000.000
7948	3165	3165000.000
7949	3235	3235000.000
7950	3247	3247000.000
7951	3155	3155000.000
7952	3149	3149000.000
7953	3142	3142000.000
7954	3106	3106000.000
7955	3125	3125000.000
7956	3180	3180000.000
7957	3193	3193000.000
7958	3250	3250000.000
7959	3265	3265000.000
7960	3232	3232000.000
7961	3081	3081000.000
7962	3171	3171000.000
7963	3079	3079000.000
7964	3108	3108000.000
7965	3120	3120000.000
7966	3073	3073000.000
7967	3144	3144000.000
7968	3122	3122000.000
7969	3063	3063000.000
7970	3117	3117000.000
7971	3055	3055000.000
7972	3245	3245000.000
7973	3131	3131000.000
7974	3306	3306000.000
7975	3185	3185000.000
7976	3240	3240000.000
7977	3156	3156000.000
7978	3156	3156000.000
7979	3163	3163000.000
7980	3179	3179000.000
7981	3198	3198000.000
7982	3267	3267000.000
7983	3244	3244000.000
7984	3121	3121000.000
7985	3075	3075000.000
7986	3095	3095000.000
7987	3121	3121000.000
7988	3186	3186000.000
7989	3131	3131000.000
7990	3076	3076000.000
7991	3176	3176000.000
7992	3082	3082000.000
7993	3056	3056000.000
7994	3208	3208000.000
7995	3220	3220000.000
7996	3245	3245000.000
7997	3188	3188000.000
7998	3256	3256000.000
7999	3191	3191000.000
8000	3248	3248000.000
8001	3198	3198000.000
8002	3169	3169000.000
8003	3258	3258000.000
8004	3251	3251000.000
8005	3123	3123000.000
8006	3210	3210000.000
8007	3110	3110000.000
8008	3256	3256000.000
8009	3129	3129000.000
8010	3206	3206000.000
8011	3197	3197000.000
8012	3059	3059000.000
8013	3081	3081000.000
8014	3174	3174000.000
8015	3181	3181000.000
8016	3129	3129000.000
8017	3215	3215000.000
8018	3265	3265000.000
8019	3203	3203000.000
8020	3227	3227000.000
8021	3248	3248000.000
8022	3066	3066000.000
8023	3173	3173000.000
8024	3210	3210000.000
8025	3182	3182000.000
8026	3280	3280000.000
8027	3214	3214000.000
8028	3273	3273000.000
8029	3127	3127000.000
8030	3171	3171000.000
8031	3114	3114000.000
8032	3164	3164000.000
8033	3118	3118000.000
8034	3232	3232000.000
8035	3158	3158000.000
8036	3116	3116000.000
8037	3114	3114000.000
8038	3061	3061000.000
8039	3063	3063000.000
8040	3117	3117000.000
8041	3184	3184000.000
8042	3280	3280000.000
8043	3265	3265000.000
8044	3179	3179000.000
8045	3218	3218000.000
8046	3222	3222000.000
8047	3234	3234000.000
8048	3224	3224000.000
8049	3224	3224000.000
8050	3225	3225000.000
8051	3172	3172000.000
8052	3119	3119000.000
8053	3203	3203000.000
8054	3080	3080000.000
8055	3145	3145000.000
8056	3176	3176000.000
8057	3080	3080000.000
8058	3077	3077000.000
8059	3091	3091000.000
8060	3134	3134000.000
8061	3103	3103000.000
8062	3087	3087000.000
8063	3107	3107000.000
8064	3198	3198000.000
8065	3198	3198000.000
8066	3277	3277000.000
8067	3184	3184000.000
8068	3167	3167000.000
8069	3064	3064000.000
8070	3207	3207000.000
8071	3272	3272000.000
8072	3269	3269000.000
8073	3155	3155000.000
8074	3232	3232000.000
8075	3205	3205000.000
8076	3062	3062000.000
8077	3108	3108000.000
8078	3123	3123000.000
8079	3040	3040000.000
8080	3131	3131000.000
8081	3078	3078000.000
8082	3178	3178000.000
8083	3072	3072000.000
8084	3109	3109000.000
8085	3165	3165000.000
8086	3162	3162000.000
8087	3237	3237000.000
8088	3261	3261000.000
8089	3323	3323000.000
8090	3225	3225000.000
8091	3141	3141000.000
8092	3209	3209000.000
8093	3107	3107000.000
8094	3192	3192000.000
8095	3236	3236000.000
8096	3221	3221000.000
8097	3338	3338000.000
8098	3204	3204000.000
8099	3190	3190000.000
8100	3111	3111000.000
8101	3140	3140000.000
8102	3085	3085000.000
8103	3173	3173000.000
8104	3051	3051000.000
8105	3182	3182000.000
8106	3131	3131000.000
8107	3191	3191000.000
8108	3068	3068000.000
8109	3179	3179000.000
8110	3198	3198000.000
8111	3218	3218000.000
8112	3194	3194000.000
8113	3265	3265000.000
8114	3202	3202000.000
8115	3211	3211000.000
8116	3167	3167000.000
8117	3185	3185000.000
8118	3220	3220000.000
8119	3206	3206000.000
8120	3214	3214000.000
8121	3247	3247000.000
8122	3217	3217000.000
8123	3179	3179000.000
8124	3073	3073000.000
8125	3102	3102000.000
8126	3228	3228000.000
8127	3133	3133000.000
8128	3156	3156000.000
8129	3054	3054000.000
8130	3140	3140000.000
8131	3097	3097000.000
8132	3164	3164000.000
8133	3210	3210000.000
8134	3239	3239000.000
8135	3145	3145000.000
8136	3254	3254000.000
8137	3252	3252000.000
8138	3171	3171000.000
8139	3198	3198000.000
8140	3219	3219000.000
8141	3281	3281000.000
8142	3223	3223000.000
8143	3082	3082000.000
8144	3230	3230000.000
8145	3100	3100000.000
8146	3191	3191000.000
8147	3053	3053000.000
8148	3071	3071000.000
8149	3184	3184000.000
8150	3165	3165000.000
8151	3085	3085000.000
8152	3098	3098000.000
8153	3077	3077000.000
8154	3207	3207000.000
8155	3120	3120000.000
8156	3251	3251000.000
8157	3133	3133000.000
8158	3196	3196000.000
8159	3189	3189000.000
8160	3182	3182000.000
8161	3220	3220000.000
8162	3161	3161000.000
8163	3198	3198000.000
8164	3216	3216000.000
8165	3212	3212000.000
8166	3362	3362000.000
8167	3155	3155000.000
8168	3175	3175000.000
8169	3034	3034000.000
8170	3061	3061000.000
8171	3099	3099000.000
8172	3073	3073000.000
8173	3069	3069000.000
8174	3066	3066000.000
8175	3112	3112000.000
8176	3113	3113000.000
8177	3068	3068000.000
8178	3118	3118000.000
8179	3161	3161000.000
8180	3158	3158000.000
8181	3231	3231000.000
8182	3247	3247000.000
8183	3174	3174000.000
8184	3187	3187000.000
8185	3188	3188000.000
8186	3169	3169000.000
8187	3092	3092000.000
8188	3211	3211000.000
8189	3297	3297000.000
8190	3233	3233000.000
8191	3196	3196000.000
8192	3081	3081000.000
8193	3125	3125000.000
8194	3096	3096000.000
8195	3158	3158000.000
8196	3100	3100000.000
8197	3151	3151000.000
8198	3121	3121000.000
8199	3027	3027000.000
8200	3016	3016000.000
8201	3109	3109000.000
8202	3129	3129000.000
8203	3230	3230000.000
8204	3123	3123000.000
8205	3294	3294000.000
8206	3122	3122000.000
8207	3148	3148000.000
8208	3278	3278000.000
8209	3142	3142000.000
8210	3240	3240000.000
8211	3220	3220000.000
8212	3239	3239000.000
8213	3231	3231000.000
8214	3202	3202000.000
8215	3174	3174000.000
8216	3070	3070000.000
8217	3075	3075000.000
8218	2996	2996000.000
8219	3075	3075000.000
8220	3127	3127000.000
8221	3056	3056000.000
8222	3085	3085000.000
8223	3121	3121000.000
8224	3108	3108000.000
8225	3274	3274000.000
8226	3172	3172000.000
8227	3218	3218000.000
8228	3158	3158000.000
8229	3238	3238000.000
8230	3210	3210000.000
8231	3202	3202000.000
8232	3212	3212000.000
8233	3200	3200000.000
8234	3236	3236000.000
8235	3243	3243000.000
8236	3230	3230000.000
8237	3281	3281000.000
8238	3036	3036000.000
8239	3114	3114000.000
8240	3062	3062000.000
8241	3138	3138000.000
8242	3094	3094000.000
8243	3082	3082000.000
8244	3125	3125000.000
8245	3032	3032000.000
8246	3203	3203000.000
8247	3218	3218000.000
8248	3117	3117000.000
8249	3111	3111000.000
8250	3261	3261000.000
8251	3225	3225000.000
8252	3168	3168000.000
8253	3152	3152000.000
8254	3153	3153000.000
8255	3154	3154000.000
8256	3148	3148000.000
8257	3169	3169000.000
8258	3253	3253000.000
8259	3232	3232000.000
8260	3223	3223000.000
8261	3149	3149000.000
8262	3077	3077000.000
8263	3152	3152000.000
8264	3086	3086000.000
8265	3065	3065000.000
8266	3040	3040000.000
8267	3192	3192000.000
8268	3068	3068000.000
8269	3094	3094000.000
8270	3143	3143000.000
8271	3085	3085000.000
8272	3211	3211000.000
8273	3175	3175000.000
8274	3249	3249000.000
8275	3162	3162000.000
8276	3210	3210000.000
8277	3152	3152000.000
8278	3142	3142000.000
8279	3205	3205000.000
8280	3202	3202000.000
8281	3314	3314000.000
8282	3126	3126000.000
8283	3247	3247000.000
8284	3187	3187000.000
8285	3140	3140000.000
8286	3136	3136000.000
8287	3154	3154000.000
8288	3089	3089000.000
8289	3052	3052000.000
8290	3055	3055000.000
8291	3151	3151000.000
8292	2975	2975000.000
8293	3062	3062000.000
8294	3074	3074000.000
8295	3234	3234000.000
8296	3173	3173000.000
8297	3337	3337000.000
8298	3262	3262000.000
8299	3291	3291000.000
8300	3157	3157000.000
8301	3076	3076000.000
8302	3176	3176000.000
8303	3192	3192000.000
8304	3243	3243000.000
8305	3252	3252000.000
8306	3224	3224000.000
8307	3143	3143000.000
8308	3157	3157000.000
8309	3163	3163000.000
8310	3079	3079000.000
8311	3162	3162000.000
8312	3162	3162000.000
8313	3163	3163000.000
8314	3121	3121000.000
8315	3086	3086000.000
8316	3218	3218000.000
8317	3178	3178000.000
8318	3161	3161000.000
8319	3313	3313000.000
8320	3300	3300000.000
8321	3203	3203000.000
8322	3194	3194000.000
8323	3290	3290000.000
8324	3111	3111000.000
8325	3079	3079000.000
8326	3171	3171000.000
8327	3208	3208000.000
8328	3235	3235000.000
8329	3165	3165000.000
8330	3155	3155000.000
8331	3215	3215000.000
8332	3086	3086000.000
8333	3140	3140000.000
8334	3098	3098000.000
8335	3135	3135000.000
8336	3205	3205000.000
8337	3159	3159000.000
8338	3216	3216000.000
8339	3108	3108000.000
8340	3058	3058000.000
8341	3154	3154000.000
8342	3102	3102000.000
8343	3151	3151000.000
8344	3217	3217000.000
8345	3226	3226000.000
8346	3198	3198000.000
8347	3268	3268000.000
8348	3239	3239000.000
8349	3165	3165000.000
8350	3188	3188000.000
8351	3259	3259000.000
8352	3274	3274000.000
8353	3210	3210000.000
8354	3223	3223000.000
8355	3184	3184000.000
8356	3193	3193000.000
8357	3126	3126000.000
8358	3217	3217000.000
8359	3217	3217000.000
8360	3135	3135000.000
8361	3141	3141000.000
8362	3095	3095000.000
8363	3100	3100000.000
8364	3196	3196000.000
8365	3154	3154000.000
8366	3219	3219000.000
8367	3303	3303000.000
8368	3243	3243000.000
8369	3195	3195000.000
8370	3210	3210000.000
8371	3248	3248000.000
8372	3203	3203000.000
8373	3240	3240000.000
8374	3221	3221000.000
8375	3237	3237000.000
8376	3233	3233000.000
8377	3182	3182000.000
8378	3110	3110000.000
8379	3176	3176000.000
8380	3226	3226000.000
8381	3095	3095000.000
8382	3091	3091000.000
8383	3169	3169000.000
8384	3113	3113000.000
8385	3111	3111000.000
8386	3095	3095000.000
8387	3067	3067000.000
8388	3224	3224000.000
8389	3249	3249000.000
8390	3369	3369000.000
8391	3171	3171000.000
8392	3266	3266000.000
8393	3193	3193000.000
8394	3191	3191000.000
8395	3298	3298000.000
8396	3307	3307000.000
8397	3291	3291000.000
8398	3248	3248000.000
8399	3185	3185000.000
8400	3149	3149000.000
8401	3162	3162000.000
8402	3210	3210000.000
8403	3187	3187000.000
8404	3132	3132000.000
8405	3139	3139000.000
8406	3111	3111000.000
8407	3073	3073000.000
8408	3134	3134000.000
8409	3139	3139000.000
8410	3153	3153000.000
8411	3122	3122000.000
8412	3275	3275000.000
8413	3283	3283000.000
8414	3175	3175000.000
8415	3240	3240000.000
8416	3196	3196000.000
8417	3223	3223000.000
8418	3197	3197000.000
8419	3299	3299000.000
8420	3137	3137000.000
8421	3221	3221000.000
8422	3254	3254000.000
8423	3141	3141000.000
8424	3221	3221000.000
8425	3148	3148000.000
8426	3113	3113000.000
8427	3161	3161000.000
8428	3176	3176000.000
8429	3133	3133000.000
8430	3183	3183000.000
8431	3113	3113000.000
8432	3109	3109000.000
8433	3102	3102000.000
8434	3223	3223000.000
8435	3219	3219000.000
8436	3226	3226000.000
8437	3270	3270000.000
8438	3218	3218000.000
8439	3159	3159000.000
8440	3181	3181000.000
8441	3191	3191000.000
8442	3222	3222000.000
8443	3212	3212000.000
8444	3233	3233000.000
8445	3218	3218000.000
8446	3199	3199000.000
8447	3028	3028000.000
8448	3162	3162000.000
8449	3178	3178000.000
8450	3238	3238000.000
8451	3170	3170000.000
8452	3154	3154000.000
8453	3165	3165000.000
8454	3129	3129000.000
8455	3155	3155000.000
8456	3206	3206000.000
8457	3226	3226000.000
8458	3188	3188000.000
8459	3257	3257000.000
8460	3258	3258000.000
8461	3271	3271000.000
8462	3221	3221000.000
8463	3227	3227000.000
8464	3235	3235000.000
8465	3101	3101000.000
8466	3244	3244000.000
8467	3264	3264000.000
8468	3162	3162000.000
8469	3111	3111000.000
8470	3120	3120000.000
8471	3064	3064000.000
8472	3080	3080000.000
8473	3072	3072000.000
8474	3183	3183000.000
8475	3097	3097000.000
8476	3084	3084000.000
8477	3104	3104000.000
8478	3124	3124000.000
8479	3103	3103000.000
8480	3203	3203000.000
8481	3231	3231000.000
8482	3221	3221000.000
8483	3334	3334000.000
8484	3232	3232000.000
8485	3129	3129000.000
8486	3269	3269000.000
8487	3172	3172000.000
8488	3196	3196000.000
8489	3263	3263000.000
8490	3216	3216000.000
8491	3162	3162000.000
8492	3165	3165000.000
8493	3153	3153000.000
8494	3103	3103000.000
8495	3009	3009000.000
8496	3190	3190000.000
8497	3098	3098000.000
8498	3102	3102000.000
8499	3091	3091000.000
8500	3089	3089000.000
8501	3052	3052000.000
8502	3099	3099000.000
8503	3183	3183000.000
8504	3236	3236000.000
8505	3247	3247000.000
8506	3334	3334000.000
8507	3223	3223000.000
8508	3257	3257000.000
8509	3226	3226000.000
8510	3190	3190000.000
8511	3259	3259000.000
8512	3162	3162000.000
8513	3209	3209000.000
8514	3311	3311000.000
8515	3197	3197000.000
8516	3152	3152000.000
8517	3079	3079000.000
8518	3072	3072000.000
8519	3116	3116000.000
8520	3221	3221000.000
8521	3180	3180000.000
8522	3076	3076000.000
8523	3116	3116000.000
8524	3158	3158000.000
8525	3221	3221000.000
8526	3117	3117000.000
8527	3230	3230000.000
8528	3189	3189000.000
8529	3204	3204000.000
8530	3230	3230000.000
8531	3119	3119000.000
8532	3174	3174000.000
8533	3239	3239000.000
8534	3228	3228000.000
8535	3248	3248000.000
8536	3272	3272000.000
8537	3265	3265000.000
8538	3223	3223000.000
8539	3259	3259000.000
8540	3146	3146000.000
8541	3168	3168000.000
8542	3128	3128000.000
8543	3005	3005000.000
8544	3149	3149000.000
8545	3075	3075000.000
8546	3130	3130000.000
8547	3084	3084000.000
8548	3218	3218000.000
8549	3199	3199000.000
8550	3249	3249000.000
8551	3331	3331000.000
8552	3275	3275000.000
8553	3261	3261000.000
8554	3168	3168000.000
8555	3215	3215000.000
8556	3082	3082000.000
8557	3220	3220000.000
8558	3244	3244000.000
8559	3334	3334000.000
8560	3286	3286000.000
8561	3236	3236000.000
8562	3221	3221000.000
8563	3137	3137000.000
8564	3186	3186000.000
8565	3098	3098000.000
8566	3114	3114000.000
8567	3142	3142000.000
8568	3137	3137000.000
8569	3091	3091000.000
8570	3080	3080000.000
8571	3229	3229000.000
8572	3158	3158000.000
8573	3217	3217000.000
8574	3223	3223000.000
8575	3193	3193000.000
8576	3300	3300000.000
8577	3275	3275000.000
8578	3214	3214000.000
8579	3113	3113000.000
8580	3170	3170000.000
8581	3177	3177000.000
8582	3372	3372000.000
8583	3215	3215000.000
8584	3177	3177000.000
8585	3227	3227000.000
8586	3205	3205000.000
8587	3125	3125000.000
8588	3074	3074000.000
8589	3163	3163000.000
8590	3162	3162000.000
8591	3123	3123000.000
8592	3162	3162000.000
8593	3082	3082000.000
8594	3175	3175000.000
8595	3174	3174000.000
8596	3246	3246000.000
8597	3220	3220000.000
8598	3289	3289000.000
8599	3281	3281000.000
8600	3182	3182000.000
8601	3153	3153000.000
8602	3294	3294000.000
8603	3157	3157000.000
8604	3265	3265000.000
8605	3198	3198000.000
8606	3280	3280000.000
8607	3213	3213000.000
8608	3157	3157000.000
8609	3168	3168000.000
8610	3053	3053000.000
8611	3140	3140000.000
8612	3167	3167000.000
8613	3085	3085000.000
8614	3107	3107000.000
8615	3188	3188000.000
8616	3135	3135000.000
8617	3068	3068000.000
8618	3231	3231000.000
8619	3180	3180000.000
8620	3250	3250000.000
8621	3232	3232000.000
8622	3136	3136000.000
8623	3253	3253000.000
8624	3230	3230000.000
8625	3168	3168000.000
8626	3187	3187000.000
8627	3187	3187000.000
8628	3170	3170000.000
8629	3322	3322000.000
8630	3186	3186000.000
8631	3204	3204000.000
8632	3045	3045000.000
8633	3052	3052000.000
8634	3123	3123000.000
8635	3252	3252000.000
8636	3160	3160000.000
8637	3142	3142000.000
8638	3157	3157000.000
8639	3080	3080000.000
8640	3191	3191000.000
8641	3110	3110000.000
8642	3194	3194000.000
8643	3200	3200000.000
8644	3351	3351000.000
8645	3317	3317000.000
8646	3244	3244000.000
8647	3139	3139000.000
8648	3238	3238000.000
8649	3123	3123000.000
8650	3177	3177000.000
8651	3236	3236000.000
8652	3235	3235000.000
8653	3229	3229000.000
8654	3251	3251000.000
8655	3158	3158000.000
8656	3135	3135000.000
8657	3074	3074000.000
8658	3104	3104000.000
8659	3101	3101000.000
8660	3203	3203000.000
8661	3088	3088000.000
8662	3210	3210000.000
8663	3224	3224000.000
8664	3162	3162000.000
8665	3229	3229000.000
8666	3251	3251000.000
8667	3169	3169000.000
8668	3296	3296000.000
8669	3242	3242000.000
8670	3239	3239000.000
8671	3232	3232000.000
8672	3282	3282000.000
8673	3312	3312000.000
8674	3230	3230000.000
8675	3217	3217000.000
8676	3268	3268000.000
8677	3190	3190000.000
8678	3141	3141000.000
8679	3172	3172000.000
8680	3064	3064000.000
8681	3145	3145000.000
8682	3181	3181000.000
8683	3098	3098000.000
8684	3168	3168000.000
8685	3161	3161000.000
8686	3184	3184000.000
8687	3181	3181000.000
8688	3161	3161000.000
8689	3251	3251000.000
8690	3289	3289000.000
8691	3244	3244000.000
8692	3233	3233000.000
8693	3243	3243000.000
8694	3179	3179000.000
8695	3233	3233000.000
8696	3244	3244000.000
8697	3228	3228000.000
8698	3312	3312000.000
8699	3289	3289000.000
8700	3240	3240000.000
8701	3092	3092000.000
8702	3118	3118000.000
8703	3185	3185000.000
8704	3073	3073000.000
8705	3148	3148000.000
8706	3124	3124000.000
8707	3179	3179000.000
8708	3094	3094000.000
8709	3172	3172000.000
8710	3118	3118000.000
8711	3151	3151000.000
8712	3220	3220000.000
8713	3247	3247000.000
8714	3203	3203000.000
8715	3199	3199000.000
8716	3177	3177000.000
8717	3151	3151000.000
8718	3213	3213000.000
8719	3304	3304000.000
8720	3265	3265000.000
8721	3177	3177000.000
8722	3224	3224000.000
8723	3169	3169000.000
8724	3191	3191000.000
8725	3062	3062000.000
8726	3187	3187000.000
8727	3103	3103000.000
8728	3128	3128000.000
8729	3154	3154000.000
8730	2982	2982000.000
8731	3123	3123000.000
8732	3139	3139000.000
8733	3090	3090000.000
8734	3162	3162000.000
8735	3235	3235000.000
8736	3344	3344000.000
8737	3271	3271000.000
8738	3200	3200000.000
8739	3184	3184000.000
8740	3191	3191000.000
8741	3223	3223000.000
8742	3212	3212000.000
8743	3245	3245000.000
8744	3311	3311000.000
8745	3250	3250000.000
8746	3186	3186000.000
8747	3150	3150000.000
8748	3094	3094000.000
8749	3126	3126000.000
8750	3112	3112000.000
8751	3126	3126000.000
8752	3056	3056000.000
8753	3106	3106000.000
8754	3141	3141000.000
8755	3125	3125000.000
8756	3166	3166000.000
8757	3237	3237000.000
8758	3232	3232000.000
8759	3304	3304000.000
8760	3230	3230000.000
8761	3155	3155000.000
8762	3248	3248000.000
8763	3176	3176000.000
8764	3192	3192000.000
8765	3235	3235000.000
8766	3163	3163000.000
8767	3241	3241000.000
8768	3256	3256000.000
8769	3282	3282000.000
8770	3090	3090000.000
8771	3183	3183000.000
8772	3133	3133000.000
8773	2997	2997000.000
8774	3116	3116000.000
8775	3181	3181000.000
8776	3146	3146000.000
8777	3147	3147000.000
8778	3089	3089000.000
8779	3154	3154000.000
8780	3120	3120000.000
8781	3131	3131000.000
8782	3179	3179000.000
8783	3216	3216000.000
8784	3189	3189000.000
8785	3237	3237000.000
8786	3200	3200000.000
8787	3170	3170000.000
8788	3199	3199000.000
8789	3182	3182000.000
8790	3313	3313000.000
8791	3160	3160000.000
8792	3260	3260000.000
8793	3344	3344000.000
8794	3144	3144000.000
8795	3202	3202000.000
8796	3111	3111000.000
8797	3164	3164000.000
8798	3143	3143000.000
8799	3080	3080000.000
8800	3104	3104000.000
8801	3117	3117000.000
8802	3080	3080000.000
8803	3145	3145000.000
8804	3197	3197000.000
8805	3197	3197000.000
8806	3207	3207000.000
8807	3252	3252000.000
8808	3182	3182000.000
8809	3199	3199000.000
8810	3184	3184000.000
8811	3200	3200000.000
8812	3223	3223000.000
8813	3176	3176000.000
8814	3270	3270000.000
8815	3229	3229000.000
8816	3136	3136000.000
8817	3047	3047000.000
8818	3143	3143000.000
8819	3097	3097000.000
8820	3114	3114000.000
8821	3222	3222000.000
8822	3171	3171000.000
8823	3080	3080000.000
8824	3191	3191000.000
8825	3127	3127000.000
8826	3166	3166000.000
8827	3220	3220000.000
8828	3161	3161000.000
8829	3349	3349000.000
8830	3224	3224000.000
8831	3176	3176000.000
8832	3143	3143000.000
8833	3257	3257000.000
8834	3190	3190000.000
8835	3304	3304000.000
8836	3188	3188000.000
8837	3225	3225000.000
8838	3267	3267000.000
8839	3216	3216000.000
8840	3148	3148000.000
8841	3103	3103000.000
8842	3127	3127000.000
8843	3066	3066000.000
8844	3132	3132000.000
8845	3106	3106000.000
8846	3247	3247000.000
8847	3111	3111000.000
8848	3070	3070000.000
8849	3154	3154000.000
8850	3101	3101000.000
8851	3169	3169000.000
8852	3231	3231000.000
8853	3225	3225000.000
8854	3193	3193000.000
8855	3207	3207000.000
8856	3214	3214000.000
8857	3196	3196000.000
8858	3269	3269000.000
8859	3193	3193000.000
8860	3249	3249000.000
8861	3298	3298000.000
8862	3251	3251000.000
8863	3133	3133000.000
8864	3136	3136000.000
8865	3159	3159000.000
8866	3146	3146000.000
8867	3134	3134000.000
8868	3194	3194000.000
8869	3060	3060000.000
8870	3216	3216000.000
8871	3150	3150000.000
8872	3118	3118000.000
8873	3118	3118000.000
8874	3198	3198000.000
8875	3257	3257000.000
8876	3317	3317000.000
8877	3160	3160000.000
8878	3272	3272000.000
8879	3211	3211000.000
8880	3152	3152000.000
8881	3158	3158000.000
8882	3275	3275000.000
8883	3187	3187000.000
8884	3223	3223000.000
8885	3199	3199000.000
8886	3224	3224000.000
8887	3096	3096000.000
8888	3129	3129000.000
8889	3165	3165000.000
8890	3142	3142000.000
8891	3167	3167000.000
8892	3105	3105000.000
8893	3114	3114000.000
8894	3180	3180000.000
8895	3119	3119000.000
8896	3125	3125000.000
8897	3283	3283000.000
8898	3207	3207000.000
8899	3223	3223000.000
8900	3149	3149000.000
8901	3132	3132000.000
8902	3251	3251000.000
8903	3157	3157000.000
8904	3240	3240000.000
8905	3167	3167000.000
8906	3192	3192000.000
8907	3235	3235000.000
8908	3252	3252000.000
8909	3168	3168000.000
8910	3142	3142000.000
8911	3126	3126000.000
8912	3141	3141000.000
8913	3144	3144000.000
8914	3200	3200000.000
8915	3152	3152000.000
8916	3069	3069000.000
8917	3128	3128000.000
8918	3124	3124000.000
8919	3166	3166000.000
8920	3275	3275000.000
8921	3296	3296000.000
8922	3210	3210000.000
8923	3258	3258000.000
8924	3185	3185000.000
8925	3194	3194000.000
8926	3228	3228000.000
8927	3146	3146000.000
8928	3285	3285000.000
8929	3289	3289000.000
8930	3261	3261000.000
8931	3265	3265000.000
8932	3270	3270000.000
8933	3148	3148000.000
8934	3098	3098000.000
8935	3124	3124000.000
8936	3186	3186000.000
8937	3138	3138000.000
8938	3156	3156000.000
8939	3175	3175000.000
8940	3103	3103000.000
8941	3179	3179000.000
8942	3232	3232000.000
8943	3194	3194000.000
8944	3261	3261000.000
8945	3277	3277000.000
8946	3273	3273000.000
8947	3283	3283000.000
8948	3210	3210000.000
8949	3207	3207000.000
8950	3201	3201000.000
8951	3234	3234000.000
8952	3205	3205000.000
8953	3278	3278000.000
8954	3147	3147000.000
8955	3220	3220000.000
8956	3150	3150000.000
8957	3160	3160000.000
8958	3062	3062000.000
8959	3147	3147000.000
8960	3162	3162000.000
8961	3115	3115000.000
8962	3124	3124000.000
8963	3127	3127000.000
8964	3150	3150000.000
8965	3104	3104000.000
8966	3202	3202000.000
8967	3247	3247000.000
8968	3306	3306000.000
8969	3225	3225000.000
8970	3233	3233000.000
8971	3208	3208000.000
8972	3230	3230000.000
8973	3225	3225000.000
8974	3232	3232000.000
8975	3181	3181000.000
8976	3222	3222000.000
8977	3213	3213000.000
8978	3198	3198000.000
8979	3228	3228000.000
8980	3159	3159000.000
8981	3171	3171000.000
8982	3104	3104000.000
8983	3115	3115000.000
8984	3100	3100000.000
8985	3154	3154000.000
8986	3109	3109000.000
8987	3108	3108000.000
8988	3144	3144000.000
8989	3160	3160000.000
8990	3233	3233000.000
8991	3279	3279000.000
8992	3271	3271000.000
8993	3134	3134000.000
8994	3265	3265000.000
8995	3187	3187000.000
8996	3249	3249000.000
8997	3119	3119000.000
8998	3250	3250000.000
8999	3245	3245000.000
9000	3264	3264000.000
9001	3257	3257000.000
9002	3124	3124000.000
9003	3092	3092000.000
9004	3101	3101000.000
9005	3161	3161000.000
9006	3132	3132000.000
9007	3203	3203000.000
9008	3068	3068000.000
9009	3130	3130000.000
9010	3044	3044000.000
9011	3123	3123000.000
9012	3146	3146000.000
9013	3188	3188000.000
9014	3198	3198000.000
9015	3223	3223000.000
9016	3250	3250000.000
9017	3240	3240000.000
9018	3266	3266000.000
9019	3232	3232000.000
9020	3106	3106000.000
9021	3234	3234000.000
9022	3274	3274000.000
9023	3168	3168000.000
9024	3212	3212000.000
9025	3210	3210000.000
9026	3201	3201000.000
9027	3130	3130000.000
9028	3149	3149000.000
9029	3147	3147000.000
9030	3154	3154000.000
9031	3103	3103000.000
9032	3171	3171000.000
9033	3114	3114000.000
9034	3111	3111000.000
9035	3198	3198000.000
9036	3161	3161000.000
9037	3298	3298000.000
9038	3216	3216000.000
9039	3221	3221000.000
9040	3186	3186000.000
9041	3231	3231000.000
9042	3218	3218000.000
9043	3230	3230000.000
9044	3325	3325000.000
9045	3270	3270000.000
9046	3203	3203000.000
9047	3162	3162000.000
9048	3256	3256000.000
9049	3069	3069000.000
9050	3048	3048000.000
9051	3074	3074000.000
9052	3117	3117000.000
9053	3167	3167000.000
9054	3166	3166000.000
9055	3160	3160000.000
9056	3124	3124000.000
9057	3220	3220000.000
9058	3252	3252000.000
9059	3148	3148000.000
9060	3175	3175000.000
9061	3273	3273000.000
9062	3300	3300000.000
9063	3245	3245000.000
9064	3243	3243000.000
9065	3213	3213000.000
9066	3182	3182000.000
9067	3278	3278000.000
9068	3201	3201000.000
9069	3244	3244000.000
9070	3122	3122000.000
9071	3280	3280000.000
9072	3225	3225000.000
9073	3050	3050000.000
9074	3165	3165000.000
9075	3098	3098000.000
9076	3178	3178000.000
9077	3190	3190000.000
9078	3125	3125000.000
9079	3198	3198000.000
9080	3106	3106000.000
9081	3173	3173000.000
9082	3258	3258000.000
9083	3233	3233000.000
9084	3252	3252000.000
9085	3262	3262000.000
9086	3173	3173000.000
9087	3211	3211000.000
9088	3338	3338000.000
9089	3295	3295000.000
9090	3242	3242000.000
9091	3235	3235000.000
9092	3343	3343000.000
9093	3114	3114000.000
9094	3204	3204000.000
9095	3203	3203000.000
9096	3194	3194000.000
9097	3141	3141000.000
9098	3125	3125000.000
9099	3139	3139000.000
9100	3131	3131000.000
9101	3117	3117000.000
9102	3122	3122000.000
9103	3094	3094000.000
9104	3172	3172000.000
9105	3211	3211000.000
9106	3249	3249000.000
9107	3302	3302000.000
9108	3250	3250000.000
9109	3236	3236000.000
9110	3264	3264000.000
9111	3306	3306000.000
9112	3174	3174000.000
9113	3279	3279000.000
9114	3274	3274000.000
9115	3198	3198000.000
9116	3261	3261000.000
9117	3187	3187000.000
9118	3148	3148000.000
9119	3185	3185000.000
9120	3201	3201000.000
9121	3113	3113000.000
9122	3072	3072000.000
9123	3131	3131000.000
9124	3146	3146000.000
9125	3197	3197000.000
9126	3104	3104000.000
9127	3169	3169000.000
9128	3253	3253000.000
9129	3257	3257000.000
9130	3267	3267000.000
9131	3195	3195000.000
9132	3319	3319000.000
9133	3137	3137000.000
9134	3217	3217000.000
9135	3258	3258000.000
9136	3237	3237000.000
9137	3302	3302000.000
9138	3290	3290000.000
9139	3165	3165000.000
9140	3171	3171000.000
9141	3216	3216000.000
9142	3108	3108000.000
9143	3156	3156000.000
9144	3105	3105000.000
9145	3192	3192000.000
9146	3149	3149000.000
9147	3169	3169000.000
9148	3243	3243000.000
9149	3103	3103000.000
9150	3224	3224000.000
9151	3114	3114000.000
9152	3166	3166000.000
9153	3163	3163000.000
9154	3234	3234000.000
9155	3196	3196000.000
9156	3344	3344000.000
9157	3141	3141000.000
9158	3166	3166000.000
9159	3264	3264000.000
9160	3274	3274000.000
9161	3286	3286000.000
9162	3210	3210000.000
9163	3195	3195000.000
9164	3089	3089000.000
9165	3132	3132000.000
9166	3133	3133000.000
9167	3118	3118000.000
9168	3150	3150000.000
9169	3146	3146000.000
9170	3212	3212000.000
9171	3055	3055000.000
9172	3046	3046000.000
9173	3169	3169000.000
9174	3210	3210000.000
9175	3231	3231000.000
9176	3316	3316000.000
9177	3281	3281000.000
9178	3220	3220000.000
9179	3233	3233000.000
9180	3216	3216000.000
9181	3267	3267000.000
9182	3265	3265000.000
9183	3206	3206000.000
9184	3205	3205000.000
9185	3154	3154000.000
9186	3198	3198000.000
9187	3214	3214000.000
9188	3140	3140000.000
9189	3108	3108000.000
9190	3052	3052000.000
9191	3142	3142000.000
9192	3112	3112000.000
9193	3160	3160000.000
9194	3048	3048000.000
9195	3190	3190000.000
9196	3104	3104000.000
9197	3232	3232000.000
9198	3212	3212000.000
9199	3240	3240000.000
9200	3268	3268000.000
9201	3272	3272000.000
9202	3231	3231000.000
9203	3262	3262000.000
9204	3183	3183000.000
9205	3221	3221000.000
9206	3255	3255000.000
9207	3289	3289000.000
9208	3269	3269000.000
9209	3160	3160000.000
9210	3094	3094000.000
9211	3160	3160000.000
9212	3177	3177000.000
9213	3131	3131000.000
9214	3227	3227000.000
9215	3093	3093000.000
9216	3236	3236000.000
9217	3099	3099000.000
9218	3106	3106000.000
9219	3123	3123000.000
9220	3145	3145000.000
9221	3204	3204000.000
9222	3220	3220000.000
9223	3309	3309000.000
9224	3226	3226000.000
9225	3202	3202000.000
9226	3226	3226000.000
9227	3164	3164000.000
9228	3175	3175000.000
9229	3163	3163000.000
9230	3224	3224000.000
9231	3223	3223000.000
9232	3188	3188000.000
9233	3091	3091000.000
9234	3190	3190000.000
9235	3130	3130000.000
9236	3094	3094000.000
9237	3041	3041000.000
9238	3059	3059000.000
9239	3046	3046000.000
9240	3097	3097000.000
9241	3212	3212000.000
9242	3033	3033000.000
9243	3192	3192000.000
9244	3165	3165000.000
9245	3210	3210000.000
9246	3284	3284000.000
9247	3258	3258000.000
9248	3196	3196000.000
9249	3223	3223000.000
9250	3225	3225000.000
9251	3194	3194000.000
9252	3143	3143000.000
9253	3210	3210000.000
9254	3214	3214000.000
9255	3303	3303000.000
9256	3197	3197000.000
9257	3126	3126000.000
9258	3132	3132000.000
9259	2988	2988000.000
9260	3133	3133000.000
9261	3166	3166000.000
9262	3092	3092000.000
9263	3109	3109000.000
9264	3202	3202000.000
9265	3179	3179000.000
9266	3146	3146000.000
9267	3232	3232000.000
9268	3232	3232000.000
9269	3200	3200000.000
9270	3310	3310000.000
9271	3182	3182000.000
9272	3273	3273000.000
9273	3202	3202000.000
9274	3226	3226000.000
9275	3203	3203000.000
9276	3209	3209000.000
9277	3271	3271000.000
9278	3211	3211000.000
9279	3156	3156000.000
9280	3182	3182000.000
9281	3136	3136000.000
9282	3179	3179000.000
9283	3121	3121000.000
9284	3218	3218000.000
9285	3172	3172000.000
9286	3108	3108000.000
9287	3123	3123000.000
9288	3005	3005000.000
9289	3085	3085000.000
9290	3170	3170000.000
9291	3249	3249000.000
9292	3330	3330000.000
9293	3257	3257000.000
9294	3204	3204000.000
9295	3224	3224000.000
9296	3174	3174000.000
9297	3227	3227000.000
9298	3190	3190000.000
9299	3269	3269000.000
9300	3173	3173000.000
9301	3192	3192000.000
9302	3107	3107000.000
9303	3054	3054000.000
9304	3158	3158000.000
9305	3132	3132000.000
9306	3191	3191000.000
9307	3100	3100000.000
9308	3152	3152000.000
9309	3172	3172000.000
9310	3109	3109000.000
9311	3138	3138000.000
9312	3075	3075000.000
9313	3066	3066000.000
9314	3155	3155000.000
9315	3248	3248000.000
9316	3239	3239000.000
9317	3253	3253000.000
9318	3300	3300000.000
9319	3192	3192000.000
9320	3174	3174000.000
9321	3294	3294000.000
9322	3255	3255000.000
9323	3311	3311000.000
9324	3231	3231000.000
9325	3100	3100000.000
9326	3128	3128000.000
9327	3135	3135000.000
9328	3155	3155000.000
9329	3205	3205000.000
9330	3209	3209000.000
9331	3104	3104000.000
9332	3223	3223000.000
9333	3192	3192000.000
9334	3041	3041000.000
9335	3126	3126000.000
9336	3207	3207000.000
9337	3143	3143000.000
9338	3256	3256000.000
9339	3259	3259000.000
9340	3201	3201000.000
9341	3240	3240000.000
9342	3233	3233000.000
9343	3343	3343000.000
9344	3179	3179000.000
9345	3264	3264000.000
9346	3309	3309000.000
9347	3200	3200000.000
9348	3188	3188000.000
9349	3031	3031000.000
9350	3130	3130000.000
9351	3156	3156000.000
9352	3157	3157000.000
9353	3129	3129000.000
9354	3111	3111000.000
9355	3078	3078000.000
9356	3112	3112000.000
9357	3165	3165000.000
9358	3073	3073000.000
9359	3181	3181000.000
9360	3159	3159000.000
9361	3234	3234000.000
9362	3184	3184000.000
9363	3217	3217000.000
9364	3203	3203000.000
9365	3172	3172000.000
9366	3223	3223000.000
9367	3208	3208000.000
9368	3301	3301000.000
9369	3245	3245000.000
9370	3305	3305000.000
9371	3157	3157000.000
9372	3321	3321000.000
9373	3153	3153000.000
9374	3125	3125000.000
9375	3081	3081000.000
9376	3115	3115000.000
9377	3155	3155000.000
9378	3137	3137000.000
9379	3114	3114000.000
9380	3141	3141000.000
9381	3147	3147000.000
9382	3175	3175000.000
9383	3153	3153000.000
9384	3276	3276000.000
9385	3202	3202000.000
9386	3288	3288000.000
9387	3212	3212000.000
9388	3248	3248000.000
9389	3225	3225000.000
9390	3253	3253000.000
9391	3253	3253000.000
9392	3205	3205000.000
9393	3279	3279000.000
9394	3150	3150000.000
9395	3100	3100000.000
9396	3109	3109000.000
9397	3152	3152000.000
9398	3157	3157000.000
9399	3129	3129000.000
9400	3164	3164000.000
9401	3156	3156000.000
9402	3193	3193000.000
9403	3258	3258000.000
9404	3121	3121000.000
9405	3104	3104000.000
9406	3182	3182000.000
9407	3175	3175000.000
9408	3213	3213000.000
9409	3204	3204000.000
9410	3263	3263000.000
9411	3253	3253000.000
9412	3292	3292000.000
9413	3191	3191000.000
9414	3194	3194000.000
9415	3210	3210000.000
9416	3276	3276000.000
9417	3230	3230000.000
9418	3135	3135000.000
9419	3153	3153000.000
9420	3169	3169000.000
9421	3164	3164000.000
9422	3120	3120000.000
9423	3169	3169000.000
9424	3177	3177000.000
9425	3178	3178000.000
9426	3133	3133000.000
9427	3113	3113000.000
9428	3121	3121000.000
9429	3133	3133000.000
9430	3179	3179000.000
9431	3199	3199000.000
9432	3215	3215000.000
9433	3214	3214000.000
9434	3203	3203000.000
9435	3160	3160000.000
9436	3188	3188000.000
9437	3175	3175000.000
9438	3249	3249000.000
9439	3239	3239000.000
9440	3224	3224000.000
9441	3240	3240000.000
9442	3104	3104000.000
9443	3069	3069000.000
9444	3176	3176000.000
9445	3062	3062000.000
9446	3126	3126000.000
9447	3152	3152000.000
9448	3164	3164000.000
9449	3181	3181000.000
9450	3126	3126000.000
9451	3134	3134000.000
9452	3175	3175000.000
9453	3169	3169000.000
9454	3233	3233000.000
9455	3207	3207000.000
9456	3202	3202000.000
9457	3130	3130000.000
9458	3188	3188000.000
9459	3179	3179000.000
9460	3214	3214000.000
9461	3227	3227000.000
9462	3236	3236000.000
9463	3261	3261000.000
9464	3005	3005000.000
9465	3178	3178000.000
9466	3083	3083000.000
9467	3124	3124000.000
9468	3146	3146000.000
9469	3185	3185000.000
9470	3136	3136000.000
9471	3189	3189000.000
9472	3134	3134000.000
9473	3091	3091000.000
9474	3106	3106000.000
9475	3093	3093000.000
9476	3159	3159000.000
9477	3288	3288000.000
9478	3148	3148000.000
9479	3292	3292000.000
9480	3285	3285000.000
9481	3172	3172000.000
9482	3181	3181000.000
9483	3272	3272000.000
9484	3192	3192000.000
9485	3276	3276000.000
9486	3167	3167000.000
9487	3188	3188000.000
9488	3119	3119000.000
9489	3098	3098000.000
9490	3052	3052000.000
9491	3113	3113000.000
9492	3204	3204000.000
9493	3116	3116000.000
9494	3132	3132000.000
9495	3008	3008000.000
9496	3107	3107000.000
9497	3109	3109000.000
9498	3159	3159000.000
9499	3188	3188000.000
9500	3253	3253000.000
9501	3296	3296000.000
9502	3347	3347000.000
9503	3198	3198000.000
9504	3237	3237000.000
9505	3178	3178000.000
9506	3284	3284000.000
9507	3273	3273000.000
9508	3279	3279000.000
9509	3258	3258000.000
9510	3160	3160000.000
9511	3081	3081000.000
9512	3040	3040000.000
9513	3143	3143000.000
9514	3182	3182000.000
9515	3155	3155000.000
9516	3160	3160000.000
9517	3114	3114000.000
9518	3191	3191000.000
9519	3154	3154000.000
9520	3080	3080000.000
9521	3190	3190000.000
9522	3230	3230000.000
9523	3186	3186000.000
9524	3267	3267000.000
9525	3247	3247000.000
9526	3253	3253000.000
9527	3132	3132000.000
9528	3206	3206000.000
9529	3208	3208000.000
9530	3250	3250000.000
9531	3220	3220000.000
9532	3167	3167000.000
9533	3169	3169000.000
9534	3079	3079000.000
9535	3105	3105000.000
9536	3067	3067000.000
9537	3045	3045000.000
9538	3213	3213000.000
9539	3196	3196000.000
9540	3164	3164000.000
9541	3115	3115000.000
9542	3102	3102000.000
9543	3148	3148000.000
9544	3117	3117000.000
9545	3183	3183000.000
9546	3275	3275000.000
9547	3210	3210000.000
9548	3267	3267000.000
9549	3306	3306000.000
9550	3238	3238000.000
9551	3206	3206000.000
9552	3195	3195000.000
9553	3246	3246000.000
9554	3295	3295000.000
9555	3256	3256000.000
9556	3260	3260000.000
9557	3114	3114000.000
9558	3029	3029000.000
9559	3097	3097000.000
9560	3208	3208000.000
9561	3166	3166000.000
9562	3245	3245000.000
9563	3194	3194000.000
9564	3188	3188000.000
9565	3124	3124000.000
9566	3088	3088000.000
9567	3110	3110000.000
9568	3217	3217000.000
9569	3268	3268000.000
9570	3283	3283000.000
9571	3270	3270000.000
9572	3247	3247000.000
9573	3235	3235000.000
9574	3252	3252000.000
9575	3228	3228000.000
9576	3191	3191000.000
9577	3217	3217000.000
9578	3283	3283000.000
9579	3199	3199000.000
9580	3154	3154000.000
9581	3144	3144000.000
9582	3159	3159000.000
9583	3133	3133000.000
9584	3124	3124000.000
9585	3194	3194000.000
9586	3105	3105000.000
9587	3053	3053000.000
9588	3178	3178000.000
9589	3139	3139000.000
9590	3147	3147000.000
9591	3252	3252000.000
9592	3220	3220000.000
9593	3278	3278000.000
9594	3221	3221000.000
9595	3187	3187000.000
9596	3320	3320000.000
9597	3140	3140000.000
9598	3257	3257000.000
9599	3233	3233000.000
9600	3192	3192000.000
9601	3316	3316000.000
9602	3217	3217000.000
9603	3162	3162000.000
9604	3107	3107000.000
9605	3117	3117000.000
9606	3152	3152000.000
9607	3160	3160000.000
9608	3206	3206000.000
9609	3178	3178000.000
9610	3089	3089000.000
9611	3126	3126000.000
9612	3168	3168000.000
9613	3052	3052000.000
9614	3133	3133000.000
9615	3181	3181000.000
9616	3178	3178000.000
9617	3240	3240000.000
9618	3130	3130000.000
9619	3197	3197000.000
9620	3100	3100000.000
9621	3219	3219000.000
9622	3196	3196000.000
9623	3311	3311000.000
9624	3223	3223000.000
9625	3229	3229000.000
9626	3102	3102000.000
9627	3135	3135000.000
9628	3193	3193000.000
9629	3134	3134000.000
9630	3171	3171000.000
9631	3161	3161000.000
9632	3178	3178000.000
9633	3147	3147000.000
9634	3101	3101000.000
9635	3164	3164000.000
9636	3250	3250000.000
9637	3272	3272000.000
9638	3247	3247000.000
9639	3207	3207000.000
9640	3206	3206000.000
9641	3148	3148000.000
9642	3146	3146000.000
9643	3101	3101000.000
9644	3177	3177000.000
9645	3248	3248000.000
9646	3240	3240000.000
9647	3220	3220000.000
9648	3267	3267000.000
9649	3145	3145000.000
9650	3084	3084000.000
9651	3143	3143000.000
9652	3135	3135000.000
9653	3204	3204000.000
9654	3084	3084000.000
9655	3116	3116000.000
9656	3160	3160000.000
9657	3111	3111000.000
9658	3161	3161000.000
9659	3159	3159000.000
9660	3221	3221000.000
9661	3188	3188000.000
9662	3304	3304000.000
9663	3192	3192000.000
9664	3238	3238000.000
9665	3101	3101000.000
9666	3129	3129000.000
9667	3147	3147000.000
9668	3214	3214000.000
9669	3193	3193000.000
9670	3276	3276000.000
9671	3146	3146000.000
9672	3203	3203000.000
9673	3058	3058000.000
9674	3083	3083000.000
9675	3115	3115000.000
9676	3071	3071000.000
9677	3087	3087000.000
9678	3017	3017000.000
9679	3052	3052000.000
9680	3077	3077000.000
9681	3110	3110000.000
9682	3171	3171000.000
9683	3138	3138000.000
9684	3239	3239000.000
9685	3148	3148000.000
9686	3185	3185000.000
9687	3166	3166000.000
9688	3147	3147000.000
9689	3117	3117000.000
9690	3065	3065000.000
9691	3115	3115000.000
9692	3240	3240000.000
9693	3245	3245000.000
9694	3231	3231000.000
9695	3160	3160000.000
9696	3167	3167000.000
9697	3090	3090000.000
9698	3166	3166000.000
9699	3053	3053000.000
9700	3117	3117000.000
9701	3075	3075000.000
9702	3068	3068000.000
9703	2992	2992000.000
9704	3111	3111000.000
9705	3141	3141000.000
9706	3148	3148000.000
9707	3169	3169000.000
9708	3263	3263000.000
9709	3225	3225000.000
9710	3160	3160000.000
9711	3068	3068000.000
9712	3098	3098000.000
9713	3173	3173000.000
9714	3178	3178000.000
9715	3202	3202000.000
9716	3179	3179000.000
9717	3199	3199000.000
9718	3160	3160000.000
9719	3129	3129000.000
9720	3098	3098000.000
9721	3070	3070000.000
9722	3204	3204000.000
9723	3071	3071000.000
9724	3106	3106000.000
9725	3149	3149000.000
9726	3017	3017000.000
9727	3074	3074000.000
9728	3218	3218000.000
9729	3193	3193000.000
9730	3273	3273000.000
9731	3222	3222000.000
9732	3125	3125000.000
9733	3190	3190000.000
9734	3112	3112000.000
9735	3093	3093000.000
9736	3180	3180000.000
9737	3127	3127000.000
9738	3155	3155000.000
9739	3232	3232000.000
9740	3160	3160000.000
9741	3295	3295000.000
9742	3200	3200000.000
9743	3156	3156000.000
9744	3125	3125000.000
9745	3083	3083000.000
9746	3069	3069000.000
9747	3032	3032000.000
9748	3176	3176000.000
9749	3059	3059000.000
9750	3136	3136000.000
9751	3131	3131000.000
9752	3154	3154000.000
9753	3195	3195000.000
9754	3176	3176000.000
9755	3280	3280000.000
9756	3208	3208000.000
9757	3225	3225000.000
9758	3156	3156000.000
9759	3122	3122000.000
9760	3196	3196000.000
9761	3147	3147000.000
9762	3191	3191000.000
9763	3200	3200000.000
9764	3162	3162000.000
9765	3176	3176000.000
9766	3216	3216000.000
9767	3122	3122000.000
9768	3063	3063000.000
9769	3132	3132000.000
9770	3076	3076000.000
9771	3166	3166000.000
9772	3080	3080000.000
9773	3125	3125000.000
9774	3107	3107000.000
9775	3083	3083000.000
9776	3237	3237000.000
9777	3250	3250000.000
9778	3249	3249000.000
9779	3168	3168000.000
9780	3066	3066000.000
9781	3139	3139000.000
9782	3147	3147000.000
9783	3109	3109000.000
9784	3162	3162000.000
9785	3212	3212000.000
9786	3208	3208000.000
9787	3194	3194000.000
9788	3125	3125000.000
9789	3113	3113000.000
9790	3124	3124000.000
9791	3069	3069000.000
9792	3105	3105000.000
9793	3107	3107000.000
9794	3122	3122000.000
9795	3049	3049000.000
9796	3087	3087000.000
9797	3141	3141000.000
9798	3088	3088000.000
9799	3213	3213000.000
9800	3173	3173000.000
9801	3243	3243000.000
9802	3232	3232000.000
9803	3093	3093000.000
9804	3141	3141000.000
9805	3090	3090000.000
9806	3155	3155000.000
9807	3206	3206000.000
9808	3244	3244000.000
9809	3187	3187000.000
9810	3254	3254000.000
9811	3147	3147000.000
9812	3144	3144000.000
9813	3064	3064000.000
9814	3124	3124000.000
9815	3123	3123000.000
9816	3099	3099000.000
9817	3090	3090000.000
9818	3165	3165000.000
9819	3019	3019000.000
9820	3122	3122000.000
9821	3061	3061000.000
9822	3099	3099000.000
9823	3175	3175000.000
9824	3207	3207000.000
9825	3256	3256000.000
9826	3227	3227000.000
9827	3153	3153000.000
9828	3059	3059000.000
9829	3133	3133000.000
9830	3207	3207000.000
9831	3188	3188000.000
9832	3205	3205000.000
9833	3233	3233000.000
9834	3191	3191000.000
9835	3074	3074000.000
9836	3011	3011000.000
9837	3051	3051000.000
9838	3077	3077000.000
9839	3133	3133000.000
9840	3110	3110000.000
9841	3144	3144000.000
9842	3033	3033000.000
9843	3129	3129000.000
9844	3127	3127000.000
9845	3125	3125000.000
9846	3136	3136000.000
9847	3286	3286000.000
9848	3220	3220000.000
9849	3210	3210000.000
9850	3143	3143000.000
9851	3221	3221000.000
9852	3153	3153000.000
9853	3253	3253000.000
9854	3241	3241000.000
9855	3244	3244000.000
9856	3220	3220000.000
9857	3105	3105000.000
9858	3103	3103000.000
9859	2996	2996000.000
9860	3089	3089000.000
9861	3090	3090000.000
9862	3107	3107000.000
9863	2960	2960000.000
9864	3063	3063000.000
9865	3050	3050000.000
9866	3064	3064000.000
9867	3167	3167000.000
9868	3068	3068000.000
9869	3106	3106000.000
9870	3237	3237000.000
9871	3233	3233000.000
9872	3288	3288000.000
9873	3197	3197000.000
9874	3092	3092000.000
9875	3201	3201000.000
9876	3244	3244000.000
9877	3271	3271000.000
9878	3279	3279000.000
9879	3252	3252000.000
9880	3235	3235000.000
9881	3148	3148000.000
9882	3059	3059000.000
9883	3084	3084000.000
9884	3173	3173000.000
9885	3007	3007000.000
9886	3093	3093000.000
9887	3115	3115000.000
9888	3076	3076000.000
9889	3099	3099000.000
9890	3093	3093000.000
9891	3055	3055000.000
9892	3120	3120000.000
9893	3285	3285000.000
9894	3187	3187000.000
9895	3243	3243000.000
9896	3203	3203000.000
9897	3233	3233000.000
9898	3149	3149000.000
9899	3253	3253000.000
9900	3160	3160000.000
9901	3192	3192000.000
9902	3251	3251000.000
9903	3191	3191000.000
9904	3083	3083000.000
9905	3135	3135000.000
9906	3106	3106000.000
9907	3129	3129000.000
9908	3056	3056000.000
9909	3097	3097000.000
9910	3184	3184000.000
9911	3140	3140000.000
9912	3120	3120000.000
9913	3219	3219000.000
9914	3031	3031000.000
9915	3100	3100000.000
9916	3157	3157000.000
9917	3246	3246000.000
9918	3247	3247000.000
9919	3273	3273000.000
9920	3229	3229000.000
9921	3183	3183000.000
9922	3204	3204000.000
9923	3216	3216000.000
9924	3203	3203000.000
9925	3280	3280000.000
9926	3158	3158000.000
9927	3107	3107000.000
9928	3101	3101000.000
9929	3179	3179000.000
9930	3027	3027000.000
9931	3130	3130000.000
9932	3051	3051000.000
9933	3235	3235000.000
9934	3138	3138000.000
9935	3189	3189000.000
9936	3000	3000000.000
9937	3128	3128000.000
9938	3146	3146000.000
9939	3147	3147000.000
9940	3215	3215000.000
9941	3217	3217000.000
9942	3270	3270000.000
9943	3265	3265000.000
9944	3260	3260000.000
9945	3184	3184000.000
9946	3240	3240000.000
9947	3265	3265000.000
9948	3318	3318000.000
9949	3205	3205000.000
9950	3201	3201000.000
9951	3076	3076000.000
9952	3074	3074000.000
9953	3095	3095000.000
9954	3165	3165000.000
9955	3094	3094000.000
9956	3123	3123000.000
9957	3100	3100000.000
9958	3186	3186000.000
9959	3086	3086000.000
9960	3092	3092000.000
9961	3091	3091000.000
9962	3211	3211000.000
9963	3183	3183000.000
9964	3246	3246000.000
9965	3254	3254000.000
9966	3187	3187000.000
9967	3196	3196000.000
9968	3255	3255000.000
9969	3289	3289000.000
9970	3152	3152000.000
9971	3224	3224000.000
9972	3248	3248000.000
9973	3239	3239000.000
9974	3114	3114000.000
9975	3089	3089000.000
9976	3089	3089000.000
9977	3129	3129000.000
9978	3117	3117000.000
9979	3237	3237000.000
9980	3105	3105000.000
9981	3197	3197000.000
9982	3066	3066000.000
9983	3077	3077000.000
9984	3187	3187000.000
9985	3189	3189000.000
9986	3244	3244000.000
9987	3114	3114000.000
9988	3327	3327000.000
9989	3235	3235000.000
9990	3148	3148000.000
9991	3185	3185000.000
9992	3239	3239000.000
9993	3141	3141000.000
9994	3267	3267000.000
9995	3206	3206000.000
9996	3111	3111000.000
9997	3149	3149000.000
9998	3129	3129000.000
9999	3090	3090000.000
10000	3155	3155000.000
