Thorlabs Single Photon Counter Data Export

Date (YYYY-MM-DD):	2026-05-04
Time (HH:MM:SS):	18:54:57
Device Name:	SPCM50A
Serial Number:	M00296614
GUI Revision:	1.0 Build 23
Driver Revision:	1.1.0
Firmware Revision:	1.0.0

Application settings:
Operating Mode:	Free Running Timed Counter
Bin Length [ms]:	1
Time between Bins [ms]:	0.001
Pulse Blind Time [ns]:	0
Trigger Edge:	non-applicable
Array Measurement:	Yes
Array Measurement Continuously:	No
Bins per Array:	10000
Active APD Gating:	No
Fan Off:	No

Bin Number 	Counts per Bin 	Remarks
        1	          553 	
        2	          509 	
        3	          536 	
        4	          490 	
        5	          527 	
        6	          536 	
        7	          515 	
        8	          494 	
        9	          487 	
       10	          500 	
       11	          484 	
       12	          460 	
       13	          495 	
       14	          511 	
       15	          479 	
       16	          464 	
       17	          481 	
       18	          465 	
       19	          506 	
       20	          555 	
       21	          457 	
       22	          498 	
       23	          455 	
       24	          501 	
       25	          492 	
       26	          460 	
       27	          495 	
       28	          511 	
       29	          504 	
       30	          513 	
       31	          507 	
       32	          520 	
       33	          449 	
       34	          545 	
       35	          488 	
       36	          448 	
       37	          466 	
       38	          446 	
       39	          439 	
       40	          471 	
       41	          444 	
       42	          504 	
       43	          517 	
       44	          469 	
       45	          471 	
       46	          486 	
       47	          504 	
       48	          557 	
       49	          527 	
       50	          490 	
       51	          504 	
       52	          516 	
       53	          501 	
       54	          519 	
       55	          483 	
       56	          513 	
       57	          498 	
       58	          531 	
       59	          466 	
       60	          531 	
       61	          526 	
       62	          475 	
       63	          511 	
       64	          448 	
       65	          495 	
       66	          432 	
       67	          530 	
       68	          500 	
       69	          470 	
       70	          448 	
       71	          514 	
       72	          555 	
       73	          481 	
       74	          516 	
       75	          527 	
       76	          525 	
       77	          498 	
       78	          507 	
       79	          493 	
       80	          439 	
       81	          557 	
       82	          537 	
       83	          433 	
       84	          496 	
       85	          478 	
       86	          422 	
       87	          469 	
       88	          518 	
       89	          468 	
       90	          479 	
       91	          514 	
       92	          479 	
       93	          476 	
       94	          509 	
       95	          481 	
       96	          534 	
       97	          501 	
       98	          576 	
       99	          540 	
      100	          530 	
      101	          528 	
      102	          498 	
      103	          505 	
      104	          523 	
      105	          545 	
      106	          483 	
      107	          452 	
      108	          458 	
      109	          495 	
      110	          498 	
      111	          455 	
      112	          473 	
      113	          487 	
      114	          508 	
      115	          549 	
      116	          477 	
      117	          482 	
      118	          474 	
      119	          533 	
      120	          529 	
      121	          471 	
      122	          520 	
      123	          523 	
      124	          550 	
      125	          503 	
      126	          469 	
      127	          459 	
      128	          491 	
      129	          540 	
      130	          514 	
      131	          492 	
      132	          483 	
      133	          466 	
      134	          456 	
      135	          533 	
      136	          477 	
      137	          524 	
      138	          504 	
      139	          519 	
      140	          478 	
      141	          484 	
      142	          497 	
      143	          493 	
      144	          509 	
      145	          500 	
      146	          519 	
      147	          539 	
      148	          547 	
      149	          518 	
      150	          480 	
      151	          556 	
      152	          541 	
      153	          480 	
      154	          465 	
      155	          511 	
      156	          534 	
      157	          502 	
      158	          510 	
      159	          484 	
      160	          468 	
      161	          498 	
      162	          531 	
      163	          518 	
      164	          461 	
      165	          513 	
      166	          537 	
      167	          509 	
      168	          473 	
      169	          504 	
      170	          484 	
      171	          521 	
      172	          502 	
      173	          537 	
      174	          503 	
      175	          532 	
      176	          555 	
      177	          483 	
      178	          484 	
      179	          495 	
      180	          507 	
      181	          461 	
      182	          482 	
      183	          478 	
      184	          500 	
      185	          546 	
      186	          513 	
      187	          485 	
      188	          439 	
      189	          494 	
      190	          509 	
      191	          506 	
      192	          550 	
      193	          522 	
      194	          560 	
      195	          537 	
      196	          484 	
      197	          475 	
      198	          523 	
      199	          524 	
      200	          552 	
      201	          481 	
      202	          477 	
      203	          488 	
      204	          541 	
      205	          456 	
      206	          472 	
      207	          435 	
      208	          539 	
      209	          571 	
      210	          505 	
      211	          492 	
      212	          481 	
      213	          477 	
      214	          558 	
      215	          495 	
      216	          539 	
      217	          535 	
      218	          534 	
      219	          538 	
      220	          497 	
      221	          462 	
      222	          457 	
      223	          518 	
      224	          512 	
      225	          532 	
      226	          494 	
      227	          484 	
      228	          441 	
      229	          436 	
      230	          485 	
      231	          470 	
      232	          507 	
      233	          487 	
      234	          488 	
      235	          452 	
      236	          502 	
      237	          548 	
      238	          548 	
      239	          523 	
      240	          517 	
      241	          501 	
      242	          553 	
      243	          504 	
      244	          500 	
      245	          454 	
      246	          592 	
      247	          521 	
      248	          488 	
      249	          446 	
      250	          471 	
      251	          486 	
      252	          470 	
      253	          511 	
      254	          471 	
      255	          472 	
      256	          552 	
      257	          493 	
      258	          474 	
      259	          514 	
      260	          471 	
      261	          517 	
      262	          554 	
      263	          499 	
      264	          496 	
      265	          534 	
      266	          534 	
      267	          468 	
      268	          479 	
      269	          497 	
      270	          528 	
      271	          506 	
      272	          470 	
      273	          441 	
      274	          431 	
      275	          470 	
      276	          484 	
      277	          452 	
      278	          484 	
      279	          525 	
      280	          497 	
      281	          502 	
      282	          468 	
      283	          472 	
      284	          528 	
      285	          543 	
      286	          497 	
      287	          529 	
      288	          516 	
      289	          520 	
      290	          531 	
      291	          520 	
      292	          430 	
      293	          446 	
      294	          539 	
      295	          484 	
      296	          477 	
      297	          460 	
      298	          458 	
      299	          488 	
      300	          466 	
      301	          471 	
      302	          513 	
      303	          480 	
      304	          526 	
      305	          450 	
      306	          476 	
      307	          495 	
      308	          515 	
      309	          542 	
      310	          479 	
      311	          503 	
      312	          491 	
      313	          530 	
      314	          479 	
      315	          503 	
      316	          525 	
      317	          470 	
      318	          486 	
      319	          467 	
      320	          503 	
      321	          463 	
      322	          477 	
      323	          478 	
      324	          502 	
      325	          483 	
      326	          490 	
      327	          539 	
      328	          484 	
      329	          433 	
      330	          477 	
      331	          484 	
      332	          514 	
      333	          521 	
      334	          453 	
      335	          473 	
      336	          526 	
      337	          499 	
      338	          501 	
      339	          483 	
      340	          502 	
      341	          521 	
      342	          477 	
      343	          494 	
      344	          473 	
      345	          450 	
      346	          436 	
      347	          451 	
      348	          488 	
      349	          500 	
      350	          513 	
      351	          532 	
      352	          505 	
      353	          463 	
      354	          463 	
      355	          499 	
      356	          497 	
      357	          553 	
      358	          550 	
      359	          533 	
      360	          500 	
      361	          461 	
      362	          479 	
      363	          468 	
      364	          493 	
      365	          497 	
      366	          514 	
      367	          474 	
      368	          438 	
      369	          492 	
      370	          466 	
      371	          497 	
      372	          491 	
      373	          503 	
      374	          512 	
      375	          491 	
      376	          481 	
      377	          478 	
      378	          431 	
      379	          506 	
      380	          500 	
      381	          520 	
      382	          456 	
      383	          526 	
      384	          519 	
      385	          495 	
      386	          495 	
      387	          482 	
      388	          509 	
      389	          538 	
      390	          552 	
      391	          521 	
      392	          454 	
      393	          498 	
      394	          460 	
      395	          466 	
      396	          489 	
      397	          484 	
      398	          543 	
      399	          494 	
      400	          498 	
      401	          477 	
      402	          491 	
      403	          528 	
      404	          517 	
      405	          484 	
      406	          501 	
      407	          538 	
      408	          514 	
      409	          469 	
      410	          449 	
      411	          487 	
      412	          578 	
      413	          487 	
      414	          444 	
      415	          485 	
      416	          459 	
      417	          441 	
      418	          457 	
      419	          494 	
      420	          506 	
      421	          526 	
      422	          503 	
      423	          461 	
      424	          465 	
      425	          528 	
      426	          520 	
      427	          492 	
      428	          483 	
      429	          472 	
      430	          458 	
      431	          506 	
      432	          490 	
      433	          507 	
      434	          450 	
      435	          527 	
      436	          498 	
      437	          497 	
      438	          491 	
      439	          487 	
      440	          482 	
      441	          459 	
      442	          470 	
      443	          497 	
      444	          453 	
      445	          574 	
      446	          489 	
      447	          457 	
      448	          482 	
      449	          512 	
      450	          542 	
      451	          478 	
      452	          510 	
      453	          495 	
      454	          520 	
      455	          513 	
      456	          531 	
      457	          492 	
      458	          516 	
      459	          497 	
      460	          464 	
      461	          475 	
      462	          461 	
      463	          440 	
      464	          474 	
      465	          472 	
      466	          469 	
      467	          487 	
      468	          517 	
      469	          519 	
      470	          450 	
      471	          495 	
      472	          518 	
      473	          547 	
      474	          536 	
      475	          497 	
      476	          496 	
      477	          485 	
      478	          560 	
      479	          473 	
      480	          514 	
      481	          478 	
      482	          527 	
      483	          522 	
      484	          496 	
      485	          472 	
      486	          517 	
      487	          455 	
      488	          519 	
      489	          468 	
      490	          467 	
      491	          500 	
      492	          514 	
      493	          529 	
      494	          521 	
      495	          500 	
      496	          475 	
      497	          531 	
      498	          529 	
      499	          555 	
      500	          491 	
      501	          536 	
      502	          471 	
      503	          493 	
      504	          482 	
      505	          540 	
      506	          550 	
      507	          485 	
      508	          513 	
      509	          485 	
      510	          445 	
      511	          497 	
      512	          483 	
      513	          494 	
      514	          470 	
      515	          508 	
      516	          486 	
      517	          468 	
      518	          501 	
      519	          497 	
      520	          542 	
      521	          535 	
      522	          529 	
      523	          511 	
      524	          507 	
      525	          539 	
      526	          527 	
      527	          474 	
      528	          465 	
      529	          506 	
      530	          490 	
      531	          507 	
      532	          485 	
      533	          489 	
      534	          446 	
      535	          518 	
      536	          480 	
      537	          532 	
      538	          460 	
      539	          510 	
      540	          533 	
      541	          519 	
      542	          504 	
      543	          485 	
      544	          503 	
      545	          519 	
      546	          505 	
      547	          516 	
      548	          562 	
      549	          534 	
      550	          520 	
      551	          469 	
      552	          475 	
      553	          503 	
      554	          564 	
      555	          472 	
      556	          480 	
      557	          490 	
      558	          486 	
      559	          443 	
      560	          438 	
      561	          418 	
      562	          477 	
      563	          521 	
      564	          521 	
      565	          508 	
      566	          496 	
      567	          503 	
      568	          526 	
      569	          522 	
      570	          530 	
      571	          528 	
      572	          521 	
      573	          502 	
      574	          474 	
      575	          478 	
      576	          514 	
      577	          514 	
      578	          525 	
      579	          505 	
      580	          471 	
      581	          517 	
      582	          494 	
      583	          474 	
      584	          477 	
      585	          472 	
      586	          515 	
      587	          478 	
      588	          496 	
      589	          451 	
      590	          497 	
      591	          546 	
      592	          521 	
      593	          555 	
      594	          496 	
      595	          508 	
      596	          503 	
      597	          554 	
      598	          485 	
      599	          468 	
      600	          515 	
      601	          505 	
      602	          448 	
      603	          515 	
      604	          449 	
      605	          487 	
      606	          458 	
      607	          461 	
      608	          498 	
      609	          497 	
      610	          521 	
      611	          516 	
      612	          493 	
      613	          505 	
      614	          530 	
      615	          536 	
      616	          536 	
      617	          480 	
      618	          496 	
      619	          528 	
      620	          496 	
      621	          477 	
      622	          483 	
      623	          486 	
      624	          565 	
      625	          496 	
      626	          478 	
      627	          415 	
      628	          513 	
      629	          462 	
      630	          456 	
      631	          489 	
      632	          441 	
      633	          508 	
      634	          536 	
      635	          491 	
      636	          469 	
      637	          466 	
      638	          514 	
      639	          516 	
      640	          521 	
      641	          571 	
      642	          528 	
      643	          566 	
      644	          482 	
      645	          529 	
      646	          504 	
      647	          556 	
      648	          535 	
      649	          510 	
      650	          468 	
      651	          458 	
      652	          443 	
      653	          460 	
      654	          505 	
      655	          479 	
      656	          471 	
      657	          535 	
      658	          533 	
      659	          478 	
      660	          458 	
      661	          492 	
      662	          521 	
      663	          527 	
      664	          480 	
      665	          534 	
      666	          526 	
      667	          543 	
      668	          479 	
      669	          436 	
      670	          486 	
      671	          498 	
      672	          524 	
      673	          509 	
      674	          482 	
      675	          478 	
      676	          434 	
      677	          470 	
      678	          496 	
      679	          495 	
      680	          498 	
      681	          543 	
      682	          479 	
      683	          526 	
      684	          472 	
      685	          522 	
      686	          539 	
      687	          473 	
      688	          512 	
      689	          541 	
      690	          518 	
      691	          549 	
      692	          500 	
      693	          449 	
      694	          505 	
      695	          500 	
      696	          512 	
      697	          496 	
      698	          502 	
      699	          477 	
      700	          483 	
      701	          456 	
      702	          461 	
      703	          479 	
      704	          500 	
      705	          533 	
      706	          454 	
      707	          470 	
      708	          501 	
      709	          539 	
      710	          504 	
      711	          533 	
      712	          450 	
      713	          530 	
      714	          567 	
      715	          527 	
      716	          491 	
      717	          470 	
      718	          529 	
      719	          504 	
      720	          483 	
      721	          473 	
      722	          501 	
      723	          510 	
      724	          523 	
      725	          450 	
      726	          469 	
      727	          513 	
      728	          536 	
      729	          497 	
      730	          494 	
      731	          491 	
      732	          505 	
      733	          545 	
      734	          470 	
      735	          481 	
      736	          484 	
      737	          484 	
      738	          511 	
      739	          500 	
      740	          482 	
      741	          462 	
      742	          512 	
      743	          441 	
      744	          466 	
      745	          503 	
      746	          488 	
      747	          481 	
      748	          440 	
      749	          515 	
      750	          506 	
      751	          487 	
      752	          524 	
      753	          441 	
      754	          522 	
      755	          490 	
      756	          511 	
      757	          544 	
      758	          494 	
      759	          504 	
      760	          541 	
      761	          544 	
      762	          498 	
      763	          487 	
      764	          538 	
      765	          531 	
      766	          493 	
      767	          507 	
      768	          411 	
      769	          445 	
      770	          442 	
      771	          480 	
      772	          485 	
      773	          479 	
      774	          501 	
      775	          545 	
      776	          511 	
      777	          466 	
      778	          462 	
      779	          524 	
      780	          550 	
      781	          519 	
      782	          523 	
      783	          523 	
      784	          551 	
      785	          513 	
      786	          515 	
      787	          460 	
      788	          509 	
      789	          552 	
      790	          519 	
      791	          455 	
      792	          481 	
      793	          472 	
      794	          453 	
      795	          459 	
      796	          443 	
      797	          476 	
      798	          504 	
      799	          535 	
      800	          491 	
      801	          488 	
      802	          479 	
      803	          471 	
      804	          527 	
      805	          519 	
      806	          510 	
      807	          508 	
      808	          552 	
      809	          546 	
      810	          458 	
      811	          489 	
      812	          510 	
      813	          530 	
      814	          515 	
      815	          487 	
      816	          489 	
      817	          501 	
      818	          426 	
      819	          475 	
      820	          469 	
      821	          466 	
      822	          523 	
      823	          531 	
      824	          474 	
      825	          469 	
      826	          550 	
      827	          486 	
      828	          530 	
      829	          496 	
      830	          521 	
      831	          530 	
      832	          562 	
      833	          478 	
      834	          492 	
      835	          523 	
      836	          497 	
      837	          557 	
      838	          527 	
      839	          526 	
      840	          457 	
      841	          458 	
      842	          443 	
      843	          500 	
      844	          464 	
      845	          487 	
      846	          529 	
      847	          526 	
      848	          469 	
      849	          532 	
      850	          547 	
      851	          546 	
      852	          485 	
      853	          512 	
      854	          475 	
      855	          548 	
      856	          509 	
      857	          517 	
      858	          451 	
      859	          507 	
      860	          600 	
      861	          483 	
      862	          476 	
      863	          427 	
      864	          484 	
      865	          490 	
      866	          501 	
      867	          468 	
      868	          499 	
      869	          492 	
      870	          531 	
      871	          480 	
      872	          463 	
      873	          510 	
      874	          523 	
      875	          486 	
      876	          504 	
      877	          514 	
      878	          562 	
      879	          553 	
      880	          482 	
      881	          513 	
      882	          487 	
      883	          517 	
      884	          569 	
      885	          504 	
      886	          431 	
      887	          482 	
      888	          477 	
      889	          480 	
      890	          508 	
      891	          462 	
      892	          505 	
      893	          535 	
      894	          491 	
      895	          484 	
      896	          523 	
      897	          521 	
      898	          569 	
      899	          494 	
      900	          527 	
      901	          484 	
      902	          523 	
      903	          557 	
      904	          448 	
      905	          481 	
      906	          465 	
      907	          512 	
      908	          503 	
      909	          505 	
      910	          489 	
      911	          491 	
      912	          475 	
      913	          498 	
      914	          482 	
      915	          504 	
      916	          496 	
      917	          552 	
      918	          505 	
      919	          457 	
      920	          487 	
      921	          550 	
      922	          521 	
      923	          473 	
      924	          505 	
      925	          530 	
      926	          583 	
      927	          543 	
      928	          491 	
      929	          473 	
      930	          518 	
      931	          544 	
      932	          521 	
      933	          510 	
      934	          469 	
      935	          444 	
      936	          437 	
      937	          482 	
      938	          477 	
      939	          511 	
      940	          531 	
      941	          526 	
      942	          500 	
      943	          479 	
      944	          514 	
      945	          545 	
      946	          534 	
      947	          475 	
      948	          524 	
      949	          529 	
      950	          507 	
      951	          514 	
      952	          511 	
      953	          464 	
      954	          510 	
      955	          516 	
      956	          482 	
      957	          471 	
      958	          478 	
      959	          470 	
      960	          496 	
      961	          463 	
      962	          483 	
      963	          493 	
      964	          506 	
      965	          576 	
      966	          495 	
      967	          465 	
      968	          466 	
      969	          480 	
      970	          517 	
      971	          542 	
      972	          545 	
      973	          536 	
      974	          513 	
      975	          488 	
      976	          474 	
      977	          481 	
      978	          515 	
      979	          540 	
      980	          481 	
      981	          482 	
      982	          454 	
      983	          466 	
      984	          495 	
      985	          485 	
      986	          472 	
      987	          488 	
      988	          537 	
      989	          486 	
      990	          474 	
      991	          503 	
      992	          526 	
      993	          542 	
      994	          548 	
      995	          489 	
      996	          519 	
      997	          524 	
      998	          533 	
      999	          471 	
     1000	          482 	
     1001	          507 	
     1002	          519 	
     1003	          490 	
     1004	          407 	
     1005	          502 	
     1006	          497 	
     1007	          479 	
     1008	          439 	
     1009	          431 	
     1010	          489 	
     1011	          527 	
     1012	          528 	
     1013	          524 	
     1014	          461 	
     1015	          460 	
     1016	          551 	
     1017	          532 	
     1018	          501 	
     1019	          499 	
     1020	          533 	
     1021	          541 	
     1022	          511 	
     1023	          474 	
     1024	          505 	
     1025	          512 	
     1026	          506 	
     1027	          463 	
     1028	          449 	
     1029	          453 	
     1030	          468 	
     1031	          484 	
     1032	          461 	
     1033	          519 	
     1034	          505 	
     1035	          554 	
     1036	          514 	
     1037	          487 	
     1038	          486 	
     1039	          523 	
     1040	          493 	
     1041	          564 	
     1042	          529 	
     1043	          522 	
     1044	          526 	
     1045	          472 	
     1046	          491 	
     1047	          464 	
     1048	          498 	
     1049	          531 	
     1050	          460 	
     1051	          481 	
     1052	          492 	
     1053	          435 	
     1054	          483 	
     1055	          499 	
     1056	          473 	
     1057	          473 	
     1058	          519 	
     1059	          565 	
     1060	          442 	
     1061	          511 	
     1062	          441 	
     1063	          505 	
     1064	          535 	
     1065	          515 	
     1066	          537 	
     1067	          554 	
     1068	          507 	
     1069	          457 	
     1070	          479 	
     1071	          512 	
     1072	          520 	
     1073	          516 	
     1074	          494 	
     1075	          513 	
     1076	          458 	
     1077	          436 	
     1078	          495 	
     1079	          473 	
     1080	          453 	
     1081	          517 	
     1082	          541 	
     1083	          487 	
     1084	          469 	
     1085	          475 	
     1086	          508 	
     1087	          502 	
     1088	          555 	
     1089	          559 	
     1090	          541 	
     1091	          551 	
     1092	          495 	
     1093	          501 	
     1094	          451 	
     1095	          469 	
     1096	          493 	
     1097	          489 	
     1098	          458 	
     1099	          442 	
     1100	          459 	
     1101	          459 	
     1102	          493 	
     1103	          492 	
     1104	          463 	
     1105	          479 	
     1106	          518 	
     1107	          495 	
     1108	          475 	
     1109	          485 	
     1110	          498 	
     1111	          518 	
     1112	          527 	
     1113	          507 	
     1114	          520 	
     1115	          564 	
     1116	          523 	
     1117	          478 	
     1118	          457 	
     1119	          514 	
     1120	          504 	
     1121	          497 	
     1122	          457 	
     1123	          474 	
     1124	          484 	
     1125	          467 	
     1126	          435 	
     1127	          525 	
     1128	          439 	
     1129	          505 	
     1130	          524 	
     1131	          484 	
     1132	          475 	
     1133	          502 	
     1134	          520 	
     1135	          551 	
     1136	          485 	
     1137	          484 	
     1138	          495 	
     1139	          540 	
     1140	          507 	
     1141	          428 	
     1142	          504 	
     1143	          507 	
     1144	          507 	
     1145	          510 	
     1146	          429 	
     1147	          492 	
     1148	          462 	
     1149	          472 	
     1150	          477 	
     1151	          457 	
     1152	          464 	
     1153	          525 	
     1154	          537 	
     1155	          537 	
     1156	          470 	
     1157	          505 	
     1158	          505 	
     1159	          486 	
     1160	          549 	
     1161	          465 	
     1162	          544 	
     1163	          477 	
     1164	          472 	
     1165	          461 	
     1166	          524 	
     1167	          544 	
     1168	          467 	
     1169	          456 	
     1170	          472 	
     1171	          475 	
     1172	          434 	
     1173	          463 	
     1174	          480 	
     1175	          471 	
     1176	          477 	
     1177	          533 	
     1178	          450 	
     1179	          533 	
     1180	          468 	
     1181	          515 	
     1182	          502 	
     1183	          521 	
     1184	          527 	
     1185	          536 	
     1186	          556 	
     1187	          489 	
     1188	          469 	
     1189	          471 	
     1190	          534 	
     1191	          536 	
     1192	          570 	
     1193	          511 	
     1194	          439 	
     1195	          446 	
     1196	          469 	
     1197	          514 	
     1198	          527 	
     1199	          508 	
     1200	          527 	
     1201	          536 	
     1202	          451 	
     1203	          433 	
     1204	          504 	
     1205	          564 	
     1206	          563 	
     1207	          524 	
     1208	          542 	
     1209	          522 	
     1210	          519 	
     1211	          481 	
     1212	          455 	
     1213	          445 	
     1214	          525 	
     1215	          518 	
     1216	          475 	
     1217	          512 	
     1218	          470 	
     1219	          465 	
     1220	          450 	
     1221	          481 	
     1222	          471 	
     1223	          526 	
     1224	          536 	
     1225	          487 	
     1226	          468 	
     1227	          511 	
     1228	          498 	
     1229	          535 	
     1230	          538 	
     1231	          512 	
     1232	          570 	
     1233	          553 	
     1234	          498 	
     1235	          496 	
     1236	          491 	
     1237	          481 	
     1238	          540 	
     1239	          522 	
     1240	          487 	
     1241	          469 	
     1242	          492 	
     1243	          440 	
     1244	          481 	
     1245	          486 	
     1246	          516 	
     1247	          487 	
     1248	          564 	
     1249	          488 	
     1250	          455 	
     1251	          455 	
     1252	          511 	
     1253	          573 	
     1254	          537 	
     1255	          492 	
     1256	          507 	
     1257	          525 	
     1258	          515 	
     1259	          482 	
     1260	          482 	
     1261	          490 	
     1262	          529 	
     1263	          502 	
     1264	          438 	
     1265	          462 	
     1266	          493 	
     1267	          505 	
     1268	          483 	
     1269	          526 	
     1270	          491 	
     1271	          555 	
     1272	          540 	
     1273	          479 	
     1274	          478 	
     1275	          492 	
     1276	          508 	
     1277	          526 	
     1278	          521 	
     1279	          516 	
     1280	          509 	
     1281	          493 	
     1282	          478 	
     1283	          450 	
     1284	          520 	
     1285	          488 	
     1286	          512 	
     1287	          466 	
     1288	          467 	
     1289	          461 	
     1290	          455 	
     1291	          455 	
     1292	          443 	
     1293	          495 	
     1294	          516 	
     1295	          514 	
     1296	          460 	
     1297	          432 	
     1298	          507 	
     1299	          542 	
     1300	          546 	
     1301	          521 	
     1302	          523 	
     1303	          518 	
     1304	          538 	
     1305	          498 	
     1306	          464 	
     1307	          465 	
     1308	          539 	
     1309	          538 	
     1310	          501 	
     1311	          480 	
     1312	          435 	
     1313	          505 	
     1314	          493 	
     1315	          437 	
     1316	          464 	
     1317	          477 	
     1318	          501 	
     1319	          529 	
     1320	          461 	
     1321	          483 	
     1322	          513 	
     1323	          529 	
     1324	          539 	
     1325	          571 	
     1326	          547 	
     1327	          531 	
     1328	          526 	
     1329	          445 	
     1330	          469 	
     1331	          494 	
     1332	          533 	
     1333	          512 	
     1334	          464 	
     1335	          485 	
     1336	          456 	
     1337	          461 	
     1338	          465 	
     1339	          498 	
     1340	          478 	
     1341	          508 	
     1342	          543 	
     1343	          479 	
     1344	          489 	
     1345	          460 	
     1346	          521 	
     1347	          525 	
     1348	          556 	
     1349	          529 	
     1350	          546 	
     1351	          516 	
     1352	          487 	
     1353	          486 	
     1354	          449 	
     1355	          483 	
     1356	          487 	
     1357	          454 	
     1358	          500 	
     1359	          496 	
     1360	          470 	
     1361	          448 	
     1362	          450 	
     1363	          485 	
     1364	          483 	
     1365	          520 	
     1366	          529 	
     1367	          502 	
     1368	          433 	
     1369	          491 	
     1370	          476 	
     1371	          530 	
     1372	          527 	
     1373	          530 	
     1374	          521 	
     1375	          493 	
     1376	          477 	
     1377	          448 	
     1378	          483 	
     1379	          490 	
     1380	          521 	
     1381	          456 	
     1382	          508 	
     1383	          486 	
     1384	          468 	
     1385	          455 	
     1386	          503 	
     1387	          468 	
     1388	          451 	
     1389	          531 	
     1390	          573 	
     1391	          525 	
     1392	          479 	
     1393	          473 	
     1394	          559 	
     1395	          504 	
     1396	          501 	
     1397	          491 	
     1398	          554 	
     1399	          540 	
     1400	          494 	
     1401	          499 	
     1402	          466 	
     1403	          542 	
     1404	          508 	
     1405	          495 	
     1406	          476 	
     1407	          454 	
     1408	          459 	
     1409	          476 	
     1410	          470 	
     1411	          466 	
     1412	          498 	
     1413	          526 	
     1414	          489 	
     1415	          448 	
     1416	          471 	
     1417	          513 	
     1418	          547 	
     1419	          514 	
     1420	          537 	
     1421	          502 	
     1422	          550 	
     1423	          506 	
     1424	          474 	
     1425	          480 	
     1426	          487 	
     1427	          526 	
     1428	          441 	
     1429	          450 	
     1430	          450 	
     1431	          468 	
     1432	          441 	
     1433	          481 	
     1434	          471 	
     1435	          484 	
     1436	          525 	
     1437	          472 	
     1438	          502 	
     1439	          468 	
     1440	          530 	
     1441	          535 	
     1442	          527 	
     1443	          557 	
     1444	          543 	
     1445	          501 	
     1446	          513 	
     1447	          479 	
     1448	          455 	
     1449	          520 	
     1450	          514 	
     1451	          485 	
     1452	          459 	
     1453	          482 	
     1454	          453 	
     1455	          480 	
     1456	          469 	
     1457	          447 	
     1458	          497 	
     1459	          493 	
     1460	          547 	
     1461	          536 	
     1462	          457 	
     1463	          499 	
     1464	          501 	
     1465	          523 	
     1466	          513 	
     1467	          501 	
     1468	          510 	
     1469	          531 	
     1470	          502 	
     1471	          488 	
     1472	          469 	
     1473	          494 	
     1474	          522 	
     1475	          534 	
     1476	          459 	
     1477	          460 	
     1478	          490 	
     1479	          461 	
     1480	          478 	
     1481	          448 	
     1482	          476 	
     1483	          476 	
     1484	          554 	
     1485	          493 	
     1486	          479 	
     1487	          522 	
     1488	          514 	
     1489	          546 	
     1490	          512 	
     1491	          505 	
     1492	          556 	
     1493	          545 	
     1494	          501 	
     1495	          493 	
     1496	          523 	
     1497	          581 	
     1498	          512 	
     1499	          493 	
     1500	          480 	
     1501	          469 	
     1502	          509 	
     1503	          520 	
     1504	          451 	
     1505	          500 	
     1506	          486 	
     1507	          518 	
     1508	          522 	
     1509	          442 	
     1510	          454 	
     1511	          460 	
     1512	          542 	
     1513	          540 	
     1514	          483 	
     1515	          539 	
     1516	          566 	
     1517	          494 	
     1518	          484 	
     1519	          547 	
     1520	          466 	
     1521	          516 	
     1522	          528 	
     1523	          483 	
     1524	          465 	
     1525	          497 	
     1526	          474 	
     1527	          463 	
     1528	          457 	
     1529	          440 	
     1530	          515 	
     1531	          536 	
     1532	          505 	
     1533	          473 	
     1534	          474 	
     1535	          503 	
     1536	          475 	
     1537	          549 	
     1538	          545 	
     1539	          537 	
     1540	          508 	
     1541	          463 	
     1542	          459 	
     1543	          490 	
     1544	          532 	
     1545	          503 	
     1546	          509 	
     1547	          465 	
     1548	          479 	
     1549	          465 	
     1550	          445 	
     1551	          474 	
     1552	          426 	
     1553	          504 	
     1554	          521 	
     1555	          529 	
     1556	          512 	
     1557	          495 	
     1558	          503 	
     1559	          527 	
     1560	          532 	
     1561	          499 	
     1562	          521 	
     1563	          538 	
     1564	          503 	
     1565	          543 	
     1566	          480 	
     1567	          478 	
     1568	          514 	
     1569	          495 	
     1570	          457 	
     1571	          488 	
     1572	          476 	
     1573	          504 	
     1574	          486 	
     1575	          505 	
     1576	          473 	
     1577	          516 	
     1578	          549 	
     1579	          486 	
     1580	          472 	
     1581	          482 	
     1582	          531 	
     1583	          525 	
     1584	          540 	
     1585	          550 	
     1586	          530 	
     1587	          534 	
     1588	          539 	
     1589	          487 	
     1590	          490 	
     1591	          502 	
     1592	          493 	
     1593	          514 	
     1594	          476 	
     1595	          463 	
     1596	          483 	
     1597	          468 	
     1598	          478 	
     1599	          477 	
     1600	          500 	
     1601	          528 	
     1602	          548 	
     1603	          484 	
     1604	          474 	
     1605	          518 	
     1606	          512 	
     1607	          562 	
     1608	          480 	
     1609	          514 	
     1610	          540 	
     1611	          519 	
     1612	          525 	
     1613	          501 	
     1614	          506 	
     1615	          548 	
     1616	          523 	
     1617	          523 	
     1618	          468 	
     1619	          466 	
     1620	          491 	
     1621	          508 	
     1622	          475 	
     1623	          477 	
     1624	          480 	
     1625	          523 	
     1626	          513 	
     1627	          489 	
     1628	          490 	
     1629	          528 	
     1630	          496 	
     1631	          515 	
     1632	          511 	
     1633	          511 	
     1634	          533 	
     1635	          521 	
     1636	          496 	
     1637	          495 	
     1638	          502 	
     1639	          509 	
     1640	          541 	
     1641	          477 	
     1642	          498 	
     1643	          519 	
     1644	          511 	
     1645	          437 	
     1646	          460 	
     1647	          487 	
     1648	          483 	
     1649	          517 	
     1650	          481 	
     1651	          464 	
     1652	          532 	
     1653	          511 	
     1654	          539 	
     1655	          550 	
     1656	          526 	
     1657	          504 	
     1658	          573 	
     1659	          500 	
     1660	          460 	
     1661	          469 	
     1662	          492 	
     1663	          526 	
     1664	          497 	
     1665	          515 	
     1666	          447 	
     1667	          433 	
     1668	          480 	
     1669	          515 	
     1670	          446 	
     1671	          516 	
     1672	          522 	
     1673	          597 	
     1674	          484 	
     1675	          470 	
     1676	          485 	
     1677	          511 	
     1678	          492 	
     1679	          559 	
     1680	          526 	
     1681	          541 	
     1682	          554 	
     1683	          495 	
     1684	          499 	
     1685	          470 	
     1686	          529 	
     1687	          516 	
     1688	          478 	
     1689	          452 	
     1690	          446 	
     1691	          494 	
     1692	          486 	
     1693	          492 	
     1694	          439 	
     1695	          508 	
     1696	          542 	
     1697	          465 	
     1698	          488 	
     1699	          491 	
     1700	          499 	
     1701	          521 	
     1702	          494 	
     1703	          502 	
     1704	          490 	
     1705	          530 	
     1706	          521 	
     1707	          497 	
     1708	          446 	
     1709	          510 	
     1710	          565 	
     1711	          512 	
     1712	          463 	
     1713	          494 	
     1714	          501 	
     1715	          494 	
     1716	          496 	
     1717	          478 	
     1718	          459 	
     1719	          518 	
     1720	          542 	
     1721	          474 	
     1722	          476 	
     1723	          511 	
     1724	          530 	
     1725	          539 	
     1726	          501 	
     1727	          518 	
     1728	          550 	
     1729	          509 	
     1730	          505 	
     1731	          503 	
     1732	          498 	
     1733	          506 	
     1734	          503 	
     1735	          421 	
     1736	          494 	
     1737	          478 	
     1738	          492 	
     1739	          519 	
     1740	          454 	
     1741	          466 	
     1742	          507 	
     1743	          563 	
     1744	          506 	
     1745	          488 	
     1746	          451 	
     1747	          492 	
     1748	          487 	
     1749	          512 	
     1750	          555 	
     1751	          496 	
     1752	          506 	
     1753	          506 	
     1754	          458 	
     1755	          446 	
     1756	          496 	
     1757	          514 	
     1758	          525 	
     1759	          485 	
     1760	          489 	
     1761	          480 	
     1762	          487 	
     1763	          440 	
     1764	          468 	
     1765	          510 	
     1766	          469 	
     1767	          536 	
     1768	          483 	
     1769	          508 	
     1770	          493 	
     1771	          489 	
     1772	          518 	
     1773	          547 	
     1774	          537 	
     1775	          488 	
     1776	          548 	
     1777	          491 	
     1778	          470 	
     1779	          478 	
     1780	          521 	
     1781	          556 	
     1782	          513 	
     1783	          457 	
     1784	          489 	
     1785	          495 	
     1786	          512 	
     1787	          482 	
     1788	          479 	
     1789	          489 	
     1790	          501 	
     1791	          512 	
     1792	          495 	
     1793	          484 	
     1794	          467 	
     1795	          489 	
     1796	          516 	
     1797	          549 	
     1798	          502 	
     1799	          520 	
     1800	          541 	
     1801	          491 	
     1802	          509 	
     1803	          453 	
     1804	          520 	
     1805	          532 	
     1806	          470 	
     1807	          452 	
     1808	          426 	
     1809	          483 	
     1810	          482 	
     1811	          453 	
     1812	          468 	
     1813	          485 	
     1814	          527 	
     1815	          500 	
     1816	          484 	
     1817	          513 	
     1818	          446 	
     1819	          509 	
     1820	          525 	
     1821	          562 	
     1822	          543 	
     1823	          550 	
     1824	          519 	
     1825	          530 	
     1826	          437 	
     1827	          493 	
     1828	          540 	
     1829	          506 	
     1830	          470 	
     1831	          492 	
     1832	          487 	
     1833	          508 	
     1834	          446 	
     1835	          449 	
     1836	          469 	
     1837	          512 	
     1838	          518 	
     1839	          503 	
     1840	          457 	
     1841	          487 	
     1842	          526 	
     1843	          535 	
     1844	          543 	
     1845	          520 	
     1846	          531 	
     1847	          533 	
     1848	          506 	
     1849	          445 	
     1850	          505 	
     1851	          516 	
     1852	          531 	
     1853	          492 	
     1854	          492 	
     1855	          463 	
     1856	          541 	
     1857	          481 	
     1858	          456 	
     1859	          466 	
     1860	          472 	
     1861	          493 	
     1862	          515 	
     1863	          476 	
     1864	          512 	
     1865	          519 	
     1866	          564 	
     1867	          529 	
     1868	          521 	
     1869	          550 	
     1870	          549 	
     1871	          532 	
     1872	          475 	
     1873	          500 	
     1874	          498 	
     1875	          565 	
     1876	          484 	
     1877	          496 	
     1878	          464 	
     1879	          454 	
     1880	          482 	
     1881	          482 	
     1882	          471 	
     1883	          488 	
     1884	          497 	
     1885	          563 	
     1886	          421 	
     1887	          450 	
     1888	          478 	
     1889	          499 	
     1890	          519 	
     1891	          497 	
     1892	          531 	
     1893	          541 	
     1894	          492 	
     1895	          472 	
     1896	          475 	
     1897	          481 	
     1898	          516 	
     1899	          526 	
     1900	          519 	
     1901	          480 	
     1902	          457 	
     1903	          490 	
     1904	          455 	
     1905	          517 	
     1906	          490 	
     1907	          476 	
     1908	          556 	
     1909	          524 	
     1910	          515 	
     1911	          444 	
     1912	          497 	
     1913	          540 	
     1914	          524 	
     1915	          527 	
     1916	          561 	
     1917	          507 	
     1918	          487 	
     1919	          469 	
     1920	          456 	
     1921	          455 	
     1922	          513 	
     1923	          512 	
     1924	          477 	
     1925	          495 	
     1926	          468 	
     1927	          482 	
     1928	          444 	
     1929	          465 	
     1930	          470 	
     1931	          503 	
     1932	          544 	
     1933	          497 	
     1934	          467 	
     1935	          438 	
     1936	          493 	
     1937	          479 	
     1938	          496 	
     1939	          513 	
     1940	          510 	
     1941	          513 	
     1942	          525 	
     1943	          480 	
     1944	          476 	
     1945	          454 	
     1946	          500 	
     1947	          479 	
     1948	          506 	
     1949	          479 	
     1950	          471 	
     1951	          475 	
     1952	          471 	
     1953	          480 	
     1954	          473 	
     1955	          520 	
     1956	          540 	
     1957	          529 	
     1958	          462 	
     1959	          453 	
     1960	          535 	
     1961	          549 	
     1962	          510 	
     1963	          542 	
     1964	          585 	
     1965	          541 	
     1966	          490 	
     1967	          503 	
     1968	          454 	
     1969	          513 	
     1970	          562 	
     1971	          483 	
     1972	          400 	
     1973	          425 	
     1974	          452 	
     1975	          456 	
     1976	          455 	
     1977	          450 	
     1978	          470 	
     1979	          513 	
     1980	          515 	
     1981	          520 	
     1982	          455 	
     1983	          493 	
     1984	          552 	
     1985	          541 	
     1986	          529 	
     1987	          537 	
     1988	          505 	
     1989	          550 	
     1990	          501 	
     1991	          475 	
     1992	          519 	
     1993	          545 	
     1994	          533 	
     1995	          472 	
     1996	          476 	
     1997	          486 	
     1998	          477 	
     1999	          492 	
     2000	          465 	
     2001	          454 	
     2002	          494 	
     2003	          569 	
     2004	          482 	
     2005	          464 	
     2006	          454 	
     2007	          571 	
     2008	          526 	
     2009	          529 	
     2010	          508 	
     2011	          542 	
     2012	          504 	
     2013	          514 	
     2014	          499 	
     2015	          487 	
     2016	          481 	
     2017	          557 	
     2018	          493 	
     2019	          481 	
     2020	          443 	
     2021	          471 	
     2022	          475 	
     2023	          460 	
     2024	          471 	
     2025	          505 	
     2026	          543 	
     2027	          537 	
     2028	          505 	
     2029	          487 	
     2030	          469 	
     2031	          494 	
     2032	          510 	
     2033	          532 	
     2034	          544 	
     2035	          540 	
     2036	          502 	
     2037	          465 	
     2038	          470 	
     2039	          455 	
     2040	          479 	
     2041	          541 	
     2042	          480 	
     2043	          485 	
     2044	          461 	
     2045	          453 	
     2046	          469 	
     2047	          466 	
     2048	          489 	
     2049	          486 	
     2050	          502 	
     2051	          495 	
     2052	          492 	
     2053	          462 	
     2054	          493 	
     2055	          534 	
     2056	          538 	
     2057	          505 	
     2058	          496 	
     2059	          531 	
     2060	          573 	
     2061	          447 	
     2062	          488 	
     2063	          486 	
     2064	          499 	
     2065	          530 	
     2066	          481 	
     2067	          485 	
     2068	          462 	
     2069	          446 	
     2070	          444 	
     2071	          472 	
     2072	          489 	
     2073	          500 	
     2074	          515 	
     2075	          539 	
     2076	          454 	
     2077	          441 	
     2078	          484 	
     2079	          539 	
     2080	          529 	
     2081	          531 	
     2082	          555 	
     2083	          516 	
     2084	          517 	
     2085	          513 	
     2086	          433 	
     2087	          512 	
     2088	          530 	
     2089	          472 	
     2090	          465 	
     2091	          484 	
     2092	          471 	
     2093	          495 	
     2094	          511 	
     2095	          509 	
     2096	          488 	
     2097	          540 	
     2098	          492 	
     2099	          497 	
     2100	          505 	
     2101	          512 	
     2102	          513 	
     2103	          505 	
     2104	          517 	
     2105	          490 	
     2106	          535 	
     2107	          508 	
     2108	          497 	
     2109	          457 	
     2110	          441 	
     2111	          519 	
     2112	          502 	
     2113	          523 	
     2114	          495 	
     2115	          444 	
     2116	          472 	
     2117	          473 	
     2118	          453 	
     2119	          467 	
     2120	          460 	
     2121	          515 	
     2122	          516 	
     2123	          444 	
     2124	          487 	
     2125	          453 	
     2126	          527 	
     2127	          526 	
     2128	          529 	
     2129	          534 	
     2130	          549 	
     2131	          515 	
     2132	          507 	
     2133	          494 	
     2134	          467 	
     2135	          577 	
     2136	          476 	
     2137	          445 	
     2138	          475 	
     2139	          455 	
     2140	          472 	
     2141	          459 	
     2142	          474 	
     2143	          490 	
     2144	          506 	
     2145	          510 	
     2146	          462 	
     2147	          478 	
     2148	          498 	
     2149	          546 	
     2150	          565 	
     2151	          526 	
     2152	          509 	
     2153	          524 	
     2154	          516 	
     2155	          483 	
     2156	          459 	
     2157	          440 	
     2158	          503 	
     2159	          539 	
     2160	          461 	
     2161	          472 	
     2162	          496 	
     2163	          495 	
     2164	          498 	
     2165	          507 	
     2166	          463 	
     2167	          509 	
     2168	          524 	
     2169	          526 	
     2170	          429 	
     2171	          467 	
     2172	          489 	
     2173	          537 	
     2174	          536 	
     2175	          520 	
     2176	          556 	
     2177	          494 	
     2178	          513 	
     2179	          451 	
     2180	          466 	
     2181	          492 	
     2182	          562 	
     2183	          501 	
     2184	          469 	
     2185	          453 	
     2186	          481 	
     2187	          452 	
     2188	          449 	
     2189	          466 	
     2190	          499 	
     2191	          487 	
     2192	          491 	
     2193	          513 	
     2194	          464 	
     2195	          470 	
     2196	          519 	
     2197	          483 	
     2198	          502 	
     2199	          528 	
     2200	          501 	
     2201	          523 	
     2202	          488 	
     2203	          483 	
     2204	          468 	
     2205	          455 	
     2206	          541 	
     2207	          528 	
     2208	          504 	
     2209	          444 	
     2210	          497 	
     2211	          434 	
     2212	          477 	
     2213	          459 	
     2214	          512 	
     2215	          544 	
     2216	          530 	
     2217	          454 	
     2218	          473 	
     2219	          457 	
     2220	          516 	
     2221	          514 	
     2222	          506 	
     2223	          498 	
     2224	          561 	
     2225	          578 	
     2226	          503 	
     2227	          491 	
     2228	          438 	
     2229	          511 	
     2230	          557 	
     2231	          463 	
     2232	          489 	
     2233	          520 	
     2234	          475 	
     2235	          476 	
     2236	          522 	
     2237	          494 	
     2238	          526 	
     2239	          532 	
     2240	          541 	
     2241	          441 	
     2242	          507 	
     2243	          512 	
     2244	          505 	
     2245	          555 	
     2246	          533 	
     2247	          466 	
     2248	          555 	
     2249	          528 	
     2250	          539 	
     2251	          474 	
     2252	          517 	
     2253	          495 	
     2254	          456 	
     2255	          481 	
     2256	          494 	
     2257	          495 	
     2258	          438 	
     2259	          486 	
     2260	          512 	
     2261	          498 	
     2262	          498 	
     2263	          496 	
     2264	          468 	
     2265	          473 	
     2266	          498 	
     2267	          523 	
     2268	          523 	
     2269	          525 	
     2270	          478 	
     2271	          539 	
     2272	          550 	
     2273	          502 	
     2274	          484 	
     2275	          423 	
     2276	          493 	
     2277	          532 	
     2278	          505 	
     2279	          466 	
     2280	          465 	
     2281	          469 	
     2282	          501 	
     2283	          472 	
     2284	          476 	
     2285	          476 	
     2286	          549 	
     2287	          489 	
     2288	          490 	
     2289	          488 	
     2290	          527 	
     2291	          526 	
     2292	          537 	
     2293	          477 	
     2294	          459 	
     2295	          561 	
     2296	          524 	
     2297	          461 	
     2298	          402 	
     2299	          485 	
     2300	          536 	
     2301	          502 	
     2302	          442 	
     2303	          462 	
     2304	          461 	
     2305	          527 	
     2306	          471 	
     2307	          463 	
     2308	          482 	
     2309	          516 	
     2310	          502 	
     2311	          482 	
     2312	          479 	
     2313	          524 	
     2314	          539 	
     2315	          609 	
     2316	          551 	
     2317	          513 	
     2318	          553 	
     2319	          519 	
     2320	          518 	
     2321	          488 	
     2322	          482 	
     2323	          473 	
     2324	          467 	
     2325	          476 	
     2326	          488 	
     2327	          481 	
     2328	          494 	
     2329	          537 	
     2330	          459 	
     2331	          480 	
     2332	          456 	
     2333	          531 	
     2334	          541 	
     2335	          482 	
     2336	          469 	
     2337	          488 	
     2338	          559 	
     2339	          502 	
     2340	          545 	
     2341	          520 	
     2342	          521 	
     2343	          544 	
     2344	          494 	
     2345	          467 	
     2346	          448 	
     2347	          525 	
     2348	          521 	
     2349	          481 	
     2350	          479 	
     2351	          475 	
     2352	          472 	
     2353	          503 	
     2354	          477 	
     2355	          476 	
     2356	          501 	
     2357	          505 	
     2358	          517 	
     2359	          496 	
     2360	          461 	
     2361	          530 	
     2362	          516 	
     2363	          509 	
     2364	          516 	
     2365	          471 	
     2366	          514 	
     2367	          543 	
     2368	          533 	
     2369	          442 	
     2370	          465 	
     2371	          532 	
     2372	          503 	
     2373	          442 	
     2374	          490 	
     2375	          469 	
     2376	          499 	
     2377	          487 	
     2378	          481 	
     2379	          475 	
     2380	          496 	
     2381	          545 	
     2382	          507 	
     2383	          466 	
     2384	          513 	
     2385	          506 	
     2386	          555 	
     2387	          478 	
     2388	          497 	
     2389	          524 	
     2390	          521 	
     2391	          537 	
     2392	          455 	
     2393	          435 	
     2394	          493 	
     2395	          545 	
     2396	          474 	
     2397	          474 	
     2398	          464 	
     2399	          482 	
     2400	          518 	
     2401	          451 	
     2402	          465 	
     2403	          493 	
     2404	          522 	
     2405	          515 	
     2406	          453 	
     2407	          538 	
     2408	          573 	
     2409	          522 	
     2410	          505 	
     2411	          498 	
     2412	          468 	
     2413	          530 	
     2414	          517 	
     2415	          484 	
     2416	          501 	
     2417	          483 	
     2418	          561 	
     2419	          500 	
     2420	          487 	
     2421	          473 	
     2422	          493 	
     2423	          482 	
     2424	          497 	
     2425	          458 	
     2426	          511 	
     2427	          472 	
     2428	          541 	
     2429	          521 	
     2430	          453 	
     2431	          490 	
     2432	          556 	
     2433	          506 	
     2434	          484 	
     2435	          533 	
     2436	          505 	
     2437	          534 	
     2438	          498 	
     2439	          486 	
     2440	          484 	
     2441	          453 	
     2442	          520 	
     2443	          523 	
     2444	          449 	
     2445	          480 	
     2446	          456 	
     2447	          408 	
     2448	          451 	
     2449	          513 	
     2450	          470 	
     2451	          523 	
     2452	          536 	
     2453	          459 	
     2454	          534 	
     2455	          502 	
     2456	          562 	
     2457	          529 	
     2458	          502 	
     2459	          495 	
     2460	          540 	
     2461	          513 	
     2462	          547 	
     2463	          467 	
     2464	          519 	
     2465	          569 	
     2466	          531 	
     2467	          491 	
     2468	          464 	
     2469	          466 	
     2470	          469 	
     2471	          485 	
     2472	          469 	
     2473	          459 	
     2474	          533 	
     2475	          509 	
     2476	          491 	
     2477	          473 	
     2478	          457 	
     2479	          509 	
     2480	          566 	
     2481	          493 	
     2482	          528 	
     2483	          508 	
     2484	          553 	
     2485	          517 	
     2486	          451 	
     2487	          466 	
     2488	          448 	
     2489	          506 	
     2490	          518 	
     2491	          430 	
     2492	          479 	
     2493	          511 	
     2494	          450 	
     2495	          471 	
     2496	          466 	
     2497	          498 	
     2498	          509 	
     2499	          498 	
     2500	          488 	
     2501	          443 	
     2502	          485 	
     2503	          501 	
     2504	          505 	
     2505	          491 	
     2506	          590 	
     2507	          499 	
     2508	          513 	
     2509	          520 	
     2510	          485 	
     2511	          514 	
     2512	          482 	
     2513	          565 	
     2514	          492 	
     2515	          501 	
     2516	          474 	
     2517	          485 	
     2518	          470 	
     2519	          459 	
     2520	          463 	
     2521	          467 	
     2522	          475 	
     2523	          551 	
     2524	          477 	
     2525	          452 	
     2526	          468 	
     2527	          544 	
     2528	          503 	
     2529	          513 	
     2530	          502 	
     2531	          513 	
     2532	          495 	
     2533	          494 	
     2534	          457 	
     2535	          491 	
     2536	          548 	
     2537	          508 	
     2538	          498 	
     2539	          476 	
     2540	          472 	
     2541	          454 	
     2542	          509 	
     2543	          450 	
     2544	          475 	
     2545	          474 	
     2546	          515 	
     2547	          486 	
     2548	          476 	
     2549	          468 	
     2550	          540 	
     2551	          532 	
     2552	          496 	
     2553	          465 	
     2554	          494 	
     2555	          524 	
     2556	          526 	
     2557	          497 	
     2558	          487 	
     2559	          507 	
     2560	          518 	
     2561	          482 	
     2562	          475 	
     2563	          481 	
     2564	          485 	
     2565	          465 	
     2566	          460 	
     2567	          488 	
     2568	          497 	
     2569	          481 	
     2570	          518 	
     2571	          466 	
     2572	          503 	
     2573	          479 	
     2574	          539 	
     2575	          524 	
     2576	          545 	
     2577	          522 	
     2578	          530 	
     2579	          555 	
     2580	          491 	
     2581	          462 	
     2582	          473 	
     2583	          494 	
     2584	          552 	
     2585	          471 	
     2586	          453 	
     2587	          453 	
     2588	          480 	
     2589	          480 	
     2590	          509 	
     2591	          499 	
     2592	          505 	
     2593	          538 	
     2594	          500 	
     2595	          501 	
     2596	          469 	
     2597	          513 	
     2598	          545 	
     2599	          508 	
     2600	          533 	
     2601	          501 	
     2602	          556 	
     2603	          481 	
     2604	          507 	
     2605	          444 	
     2606	          508 	
     2607	          521 	
     2608	          497 	
     2609	          507 	
     2610	          487 	
     2611	          501 	
     2612	          501 	
     2613	          473 	
     2614	          486 	
     2615	          473 	
     2616	          478 	
     2617	          545 	
     2618	          486 	
     2619	          484 	
     2620	          476 	
     2621	          516 	
     2622	          548 	
     2623	          519 	
     2624	          511 	
     2625	          529 	
     2626	          526 	
     2627	          519 	
     2628	          500 	
     2629	          477 	
     2630	          480 	
     2631	          492 	
     2632	          447 	
     2633	          495 	
     2634	          432 	
     2635	          451 	
     2636	          464 	
     2637	          488 	
     2638	          509 	
     2639	          527 	
     2640	          514 	
     2641	          539 	
     2642	          463 	
     2643	          436 	
     2644	          461 	
     2645	          517 	
     2646	          554 	
     2647	          558 	
     2648	          502 	
     2649	          519 	
     2650	          525 	
     2651	          524 	
     2652	          481 	
     2653	          463 	
     2654	          515 	
     2655	          545 	
     2656	          459 	
     2657	          455 	
     2658	          471 	
     2659	          471 	
     2660	          492 	
     2661	          449 	
     2662	          470 	
     2663	          470 	
     2664	          494 	
     2665	          531 	
     2666	          491 	
     2667	          450 	
     2668	          536 	
     2669	          529 	
     2670	          502 	
     2671	          490 	
     2672	          464 	
     2673	          579 	
     2674	          540 	
     2675	          484 	
     2676	          504 	
     2677	          512 	
     2678	          523 	
     2679	          497 	
     2680	          490 	
     2681	          464 	
     2682	          461 	
     2683	          460 	
     2684	          483 	
     2685	          450 	
     2686	          472 	
     2687	          489 	
     2688	          531 	
     2689	          465 	
     2690	          495 	
     2691	          476 	
     2692	          521 	
     2693	          524 	
     2694	          490 	
     2695	          488 	
     2696	          503 	
     2697	          556 	
     2698	          519 	
     2699	          497 	
     2700	          478 	
     2701	          489 	
     2702	          496 	
     2703	          474 	
     2704	          454 	
     2705	          479 	
     2706	          427 	
     2707	          495 	
     2708	          502 	
     2709	          442 	
     2710	          486 	
     2711	          546 	
     2712	          507 	
     2713	          484 	
     2714	          464 	
     2715	          478 	
     2716	          518 	
     2717	          533 	
     2718	          528 	
     2719	          506 	
     2720	          531 	
     2721	          523 	
     2722	          454 	
     2723	          464 	
     2724	          502 	
     2725	          542 	
     2726	          536 	
     2727	          496 	
     2728	          505 	
     2729	          487 	
     2730	          484 	
     2731	          461 	
     2732	          486 	
     2733	          483 	
     2734	          485 	
     2735	          555 	
     2736	          533 	
     2737	          527 	
     2738	          498 	
     2739	          478 	
     2740	          547 	
     2741	          538 	
     2742	          466 	
     2743	          571 	
     2744	          521 	
     2745	          498 	
     2746	          497 	
     2747	          469 	
     2748	          473 	
     2749	          545 	
     2750	          535 	
     2751	          481 	
     2752	          471 	
     2753	          448 	
     2754	          479 	
     2755	          465 	
     2756	          499 	
     2757	          510 	
     2758	          496 	
     2759	          485 	
     2760	          485 	
     2761	          485 	
     2762	          525 	
     2763	          534 	
     2764	          583 	
     2765	          528 	
     2766	          483 	
     2767	          566 	
     2768	          558 	
     2769	          539 	
     2770	          498 	
     2771	          452 	
     2772	          511 	
     2773	          539 	
     2774	          480 	
     2775	          464 	
     2776	          498 	
     2777	          472 	
     2778	          449 	
     2779	          448 	
     2780	          515 	
     2781	          480 	
     2782	          540 	
     2783	          543 	
     2784	          467 	
     2785	          486 	
     2786	          507 	
     2787	          556 	
     2788	          529 	
     2789	          502 	
     2790	          517 	
     2791	          522 	
     2792	          502 	
     2793	          502 	
     2794	          493 	
     2795	          502 	
     2796	          508 	
     2797	          501 	
     2798	          492 	
     2799	          499 	
     2800	          475 	
     2801	          458 	
     2802	          476 	
     2803	          487 	
     2804	          460 	
     2805	          490 	
     2806	          531 	
     2807	          498 	
     2808	          475 	
     2809	          499 	
     2810	          508 	
     2811	          534 	
     2812	          534 	
     2813	          527 	
     2814	          511 	
     2815	          511 	
     2816	          532 	
     2817	          455 	
     2818	          476 	
     2819	          448 	
     2820	          545 	
     2821	          490 	
     2822	          450 	
     2823	          490 	
     2824	          490 	
     2825	          517 	
     2826	          455 	
     2827	          473 	
     2828	          460 	
     2829	          511 	
     2830	          511 	
     2831	          456 	
     2832	          459 	
     2833	          515 	
     2834	          545 	
     2835	          497 	
     2836	          495 	
     2837	          526 	
     2838	          489 	
     2839	          549 	
     2840	          476 	
     2841	          463 	
     2842	          466 	
     2843	          516 	
     2844	          489 	
     2845	          477 	
     2846	          463 	
     2847	          448 	
     2848	          459 	
     2849	          512 	
     2850	          493 	
     2851	          505 	
     2852	          519 	
     2853	          538 	
     2854	          483 	
     2855	          466 	
     2856	          487 	
     2857	          497 	
     2858	          556 	
     2859	          550 	
     2860	          517 	
     2861	          524 	
     2862	          504 	
     2863	          503 	
     2864	          500 	
     2865	          438 	
     2866	          496 	
     2867	          515 	
     2868	          517 	
     2869	          498 	
     2870	          509 	
     2871	          465 	
     2872	          481 	
     2873	          507 	
     2874	          462 	
     2875	          475 	
     2876	          481 	
     2877	          496 	
     2878	          501 	
     2879	          479 	
     2880	          481 	
     2881	          527 	
     2882	          533 	
     2883	          530 	
     2884	          539 	
     2885	          498 	
     2886	          535 	
     2887	          499 	
     2888	          471 	
     2889	          519 	
     2890	          518 	
     2891	          547 	
     2892	          504 	
     2893	          475 	
     2894	          453 	
     2895	          496 	
     2896	          511 	
     2897	          495 	
     2898	          482 	
     2899	          442 	
     2900	          525 	
     2901	          522 	
     2902	          472 	
     2903	          496 	
     2904	          471 	
     2905	          553 	
     2906	          551 	
     2907	          505 	
     2908	          494 	
     2909	          567 	
     2910	          542 	
     2911	          491 	
     2912	          467 	
     2913	          512 	
     2914	          494 	
     2915	          527 	
     2916	          481 	
     2917	          521 	
     2918	          476 	
     2919	          508 	
     2920	          468 	
     2921	          491 	
     2922	          516 	
     2923	          479 	
     2924	          534 	
     2925	          471 	
     2926	          486 	
     2927	          499 	
     2928	          503 	
     2929	          510 	
     2930	          504 	
     2931	          534 	
     2932	          499 	
     2933	          525 	
     2934	          512 	
     2935	          478 	
     2936	          471 	
     2937	          518 	
     2938	          536 	
     2939	          543 	
     2940	          499 	
     2941	          441 	
     2942	          531 	
     2943	          435 	
     2944	          500 	
     2945	          481 	
     2946	          478 	
     2947	          514 	
     2948	          506 	
     2949	          456 	
     2950	          480 	
     2951	          509 	
     2952	          559 	
     2953	          526 	
     2954	          515 	
     2955	          468 	
     2956	          533 	
     2957	          531 	
     2958	          540 	
     2959	          471 	
     2960	          488 	
     2961	          534 	
     2962	          498 	
     2963	          470 	
     2964	          478 	
     2965	          452 	
     2966	          483 	
     2967	          490 	
     2968	          469 	
     2969	          449 	
     2970	          510 	
     2971	          570 	
     2972	          494 	
     2973	          487 	
     2974	          478 	
     2975	          535 	
     2976	          477 	
     2977	          503 	
     2978	          507 	
     2979	          481 	
     2980	          490 	
     2981	          541 	
     2982	          460 	
     2983	          503 	
     2984	          543 	
     2985	          514 	
     2986	          473 	
     2987	          486 	
     2988	          481 	
     2989	          478 	
     2990	          488 	
     2991	          449 	
     2992	          471 	
     2993	          506 	
     2994	          527 	
     2995	          558 	
     2996	          438 	
     2997	          465 	
     2998	          537 	
     2999	          562 	
     3000	          527 	
     3001	          502 	
     3002	          531 	
     3003	          522 	
     3004	          548 	
     3005	          504 	
     3006	          499 	
     3007	          485 	
     3008	          494 	
     3009	          530 	
     3010	          466 	
     3011	          506 	
     3012	          478 	
     3013	          478 	
     3014	          512 	
     3015	          468 	
     3016	          483 	
     3017	          550 	
     3018	          510 	
     3019	          434 	
     3020	          500 	
     3021	          488 	
     3022	          505 	
     3023	          527 	
     3024	          543 	
     3025	          474 	
     3026	          522 	
     3027	          557 	
     3028	          522 	
     3029	          461 	
     3030	          473 	
     3031	          484 	
     3032	          535 	
     3033	          529 	
     3034	          469 	
     3035	          443 	
     3036	          473 	
     3037	          462 	
     3038	          519 	
     3039	          478 	
     3040	          496 	
     3041	          510 	
     3042	          508 	
     3043	          513 	
     3044	          460 	
     3045	          467 	
     3046	          584 	
     3047	          508 	
     3048	          533 	
     3049	          540 	
     3050	          558 	
     3051	          535 	
     3052	          544 	
     3053	          465 	
     3054	          494 	
     3055	          517 	
     3056	          495 	
     3057	          532 	
     3058	          494 	
     3059	          481 	
     3060	          471 	
     3061	          484 	
     3062	          469 	
     3063	          496 	
     3064	          526 	
     3065	          582 	
     3066	          464 	
     3067	          485 	
     3068	          473 	
     3069	          506 	
     3070	          539 	
     3071	          509 	
     3072	          522 	
     3073	          509 	
     3074	          552 	
     3075	          471 	
     3076	          479 	
     3077	          493 	
     3078	          479 	
     3079	          524 	
     3080	          511 	
     3081	          467 	
     3082	          485 	
     3083	          468 	
     3084	          500 	
     3085	          487 	
     3086	          473 	
     3087	          453 	
     3088	          499 	
     3089	          523 	
     3090	          464 	
     3091	          472 	
     3092	          475 	
     3093	          507 	
     3094	          514 	
     3095	          503 	
     3096	          539 	
     3097	          537 	
     3098	          537 	
     3099	          565 	
     3100	          464 	
     3101	          511 	
     3102	          488 	
     3103	          543 	
     3104	          491 	
     3105	          478 	
     3106	          483 	
     3107	          471 	
     3108	          467 	
     3109	          489 	
     3110	          490 	
     3111	          437 	
     3112	          530 	
     3113	          526 	
     3114	          475 	
     3115	          482 	
     3116	          538 	
     3117	          518 	
     3118	          512 	
     3119	          488 	
     3120	          472 	
     3121	          479 	
     3122	          551 	
     3123	          487 	
     3124	          474 	
     3125	          490 	
     3126	          532 	
     3127	          510 	
     3128	          514 	
     3129	          482 	
     3130	          504 	
     3131	          469 	
     3132	          494 	
     3133	          498 	
     3134	          518 	
     3135	          509 	
     3136	          549 	
     3137	          486 	
     3138	          455 	
     3139	          488 	
     3140	          535 	
     3141	          494 	
     3142	          514 	
     3143	          518 	
     3144	          528 	
     3145	          536 	
     3146	          513 	
     3147	          479 	
     3148	          431 	
     3149	          504 	
     3150	          491 	
     3151	          490 	
     3152	          463 	
     3153	          457 	
     3154	          453 	
     3155	          437 	
     3156	          456 	
     3157	          465 	
     3158	          485 	
     3159	          554 	
     3160	          531 	
     3161	          491 	
     3162	          481 	
     3163	          486 	
     3164	          577 	
     3165	          553 	
     3166	          563 	
     3167	          566 	
     3168	          491 	
     3169	          509 	
     3170	          504 	
     3171	          540 	
     3172	          509 	
     3173	          544 	
     3174	          564 	
     3175	          501 	
     3176	          460 	
     3177	          461 	
     3178	          498 	
     3179	          495 	
     3180	          522 	
     3181	          456 	
     3182	          524 	
     3183	          539 	
     3184	          536 	
     3185	          464 	
     3186	          457 	
     3187	          521 	
     3188	          538 	
     3189	          500 	
     3190	          516 	
     3191	          521 	
     3192	          576 	
     3193	          533 	
     3194	          465 	
     3195	          463 	
     3196	          521 	
     3197	          576 	
     3198	          514 	
     3199	          506 	
     3200	          434 	
     3201	          464 	
     3202	          477 	
     3203	          516 	
     3204	          447 	
     3205	          503 	
     3206	          513 	
     3207	          557 	
     3208	          487 	
     3209	          485 	
     3210	          488 	
     3211	          533 	
     3212	          508 	
     3213	          497 	
     3214	          500 	
     3215	          467 	
     3216	          555 	
     3217	          537 	
     3218	          499 	
     3219	          465 	
     3220	          509 	
     3221	          503 	
     3222	          494 	
     3223	          471 	
     3224	          439 	
     3225	          498 	
     3226	          469 	
     3227	          430 	
     3228	          458 	
     3229	          493 	
     3230	          509 	
     3231	          542 	
     3232	          525 	
     3233	          490 	
     3234	          531 	
     3235	          537 	
     3236	          521 	
     3237	          492 	
     3238	          508 	
     3239	          518 	
     3240	          492 	
     3241	          490 	
     3242	          454 	
     3243	          448 	
     3244	          524 	
     3245	          476 	
     3246	          495 	
     3247	          502 	
     3248	          499 	
     3249	          463 	
     3250	          459 	
     3251	          508 	
     3252	          469 	
     3253	          500 	
     3254	          553 	
     3255	          493 	
     3256	          481 	
     3257	          510 	
     3258	          539 	
     3259	          528 	
     3260	          485 	
     3261	          508 	
     3262	          484 	
     3263	          544 	
     3264	          537 	
     3265	          482 	
     3266	          491 	
     3267	          488 	
     3268	          498 	
     3269	          482 	
     3270	          518 	
     3271	          499 	
     3272	          471 	
     3273	          474 	
     3274	          490 	
     3275	          484 	
     3276	          497 	
     3277	          530 	
     3278	          512 	
     3279	          480 	
     3280	          476 	
     3281	          514 	
     3282	          545 	
     3283	          542 	
     3284	          516 	
     3285	          514 	
     3286	          511 	
     3287	          544 	
     3288	          478 	
     3289	          478 	
     3290	          479 	
     3291	          505 	
     3292	          495 	
     3293	          490 	
     3294	          499 	
     3295	          501 	
     3296	          473 	
     3297	          464 	
     3298	          471 	
     3299	          474 	
     3300	          513 	
     3301	          485 	
     3302	          497 	
     3303	          503 	
     3304	          475 	
     3305	          525 	
     3306	          511 	
     3307	          522 	
     3308	          522 	
     3309	          537 	
     3310	          526 	
     3311	          523 	
     3312	          478 	
     3313	          503 	
     3314	          476 	
     3315	          480 	
     3316	          484 	
     3317	          466 	
     3318	          455 	
     3319	          466 	
     3320	          483 	
     3321	          467 	
     3322	          467 	
     3323	          531 	
     3324	          541 	
     3325	          521 	
     3326	          500 	
     3327	          479 	
     3328	          468 	
     3329	          545 	
     3330	          485 	
     3331	          522 	
     3332	          588 	
     3333	          558 	
     3334	          528 	
     3335	          544 	
     3336	          448 	
     3337	          474 	
     3338	          506 	
     3339	          520 	
     3340	          517 	
     3341	          509 	
     3342	          497 	
     3343	          474 	
     3344	          469 	
     3345	          468 	
     3346	          415 	
     3347	          491 	
     3348	          476 	
     3349	          526 	
     3350	          488 	
     3351	          496 	
     3352	          501 	
     3353	          558 	
     3354	          548 	
     3355	          506 	
     3356	          470 	
     3357	          553 	
     3358	          539 	
     3359	          488 	
     3360	          473 	
     3361	          486 	
     3362	          500 	
     3363	          551 	
     3364	          473 	
     3365	          493 	
     3366	          484 	
     3367	          490 	
     3368	          467 	
     3369	          500 	
     3370	          490 	
     3371	          529 	
     3372	          556 	
     3373	          510 	
     3374	          470 	
     3375	          490 	
     3376	          511 	
     3377	          508 	
     3378	          499 	
     3379	          515 	
     3380	          512 	
     3381	          544 	
     3382	          534 	
     3383	          484 	
     3384	          511 	
     3385	          535 	
     3386	          569 	
     3387	          479 	
     3388	          494 	
     3389	          474 	
     3390	          471 	
     3391	          534 	
     3392	          463 	
     3393	          468 	
     3394	          490 	
     3395	          541 	
     3396	          537 	
     3397	          456 	
     3398	          489 	
     3399	          506 	
     3400	          526 	
     3401	          492 	
     3402	          535 	
     3403	          469 	
     3404	          524 	
     3405	          531 	
     3406	          492 	
     3407	          494 	
     3408	          483 	
     3409	          522 	
     3410	          531 	
     3411	          475 	
     3412	          494 	
     3413	          459 	
     3414	          456 	
     3415	          503 	
     3416	          482 	
     3417	          469 	
     3418	          491 	
     3419	          554 	
     3420	          504 	
     3421	          475 	
     3422	          484 	
     3423	          513 	
     3424	          592 	
     3425	          578 	
     3426	          521 	
     3427	          529 	
     3428	          510 	
     3429	          518 	
     3430	          466 	
     3431	          498 	
     3432	          494 	
     3433	          542 	
     3434	          541 	
     3435	          485 	
     3436	          457 	
     3437	          468 	
     3438	          500 	
     3439	          491 	
     3440	          507 	
     3441	          511 	
     3442	          506 	
     3443	          494 	
     3444	          497 	
     3445	          499 	
     3446	          530 	
     3447	          510 	
     3448	          484 	
     3449	          559 	
     3450	          514 	
     3451	          537 	
     3452	          535 	
     3453	          511 	
     3454	          484 	
     3455	          459 	
     3456	          505 	
     3457	          529 	
     3458	          522 	
     3459	          497 	
     3460	          479 	
     3461	          449 	
     3462	          471 	
     3463	          476 	
     3464	          506 	
     3465	          507 	
     3466	          541 	
     3467	          517 	
     3468	          481 	
     3469	          481 	
     3470	          498 	
     3471	          496 	
     3472	          563 	
     3473	          493 	
     3474	          484 	
     3475	          528 	
     3476	          578 	
     3477	          506 	
     3478	          496 	
     3479	          470 	
     3480	          508 	
     3481	          571 	
     3482	          508 	
     3483	          482 	
     3484	          449 	
     3485	          505 	
     3486	          458 	
     3487	          508 	
     3488	          475 	
     3489	          502 	
     3490	          526 	
     3491	          500 	
     3492	          459 	
     3493	          514 	
     3494	          526 	
     3495	          577 	
     3496	          506 	
     3497	          507 	
     3498	          511 	
     3499	          547 	
     3500	          567 	
     3501	          503 	
     3502	          489 	
     3503	          526 	
     3504	          507 	
     3505	          494 	
     3506	          496 	
     3507	          494 	
     3508	          471 	
     3509	          461 	
     3510	          503 	
     3511	          479 	
     3512	          452 	
     3513	          486 	
     3514	          549 	
     3515	          492 	
     3516	          498 	
     3517	          511 	
     3518	          533 	
     3519	          514 	
     3520	          487 	
     3521	          502 	
     3522	          469 	
     3523	          523 	
     3524	          467 	
     3525	          481 	
     3526	          482 	
     3527	          497 	
     3528	          528 	
     3529	          466 	
     3530	          489 	
     3531	          442 	
     3532	          506 	
     3533	          472 	
     3534	          475 	
     3535	          492 	
     3536	          478 	
     3537	          552 	
     3538	          530 	
     3539	          460 	
     3540	          476 	
     3541	          493 	
     3542	          537 	
     3543	          522 	
     3544	          501 	
     3545	          471 	
     3546	          547 	
     3547	          474 	
     3548	          499 	
     3549	          451 	
     3550	          517 	
     3551	          555 	
     3552	          517 	
     3553	          490 	
     3554	          464 	
     3555	          471 	
     3556	          472 	
     3557	          465 	
     3558	          499 	
     3559	          505 	
     3560	          502 	
     3561	          494 	
     3562	          443 	
     3563	          458 	
     3564	          497 	
     3565	          517 	
     3566	          491 	
     3567	          496 	
     3568	          530 	
     3569	          538 	
     3570	          503 	
     3571	          481 	
     3572	          460 	
     3573	          500 	
     3574	          524 	
     3575	          535 	
     3576	          495 	
     3577	          458 	
     3578	          457 	
     3579	          471 	
     3580	          478 	
     3581	          456 	
     3582	          438 	
     3583	          499 	
     3584	          549 	
     3585	          551 	
     3586	          455 	
     3587	          463 	
     3588	          521 	
     3589	          523 	
     3590	          527 	
     3591	          510 	
     3592	          505 	
     3593	          527 	
     3594	          479 	
     3595	          483 	
     3596	          471 	
     3597	          448 	
     3598	          541 	
     3599	          541 	
     3600	          511 	
     3601	          500 	
     3602	          473 	
     3603	          495 	
     3604	          464 	
     3605	          484 	
     3606	          517 	
     3607	          527 	
     3608	          563 	
     3609	          534 	
     3610	          480 	
     3611	          517 	
     3612	          500 	
     3613	          579 	
     3614	          547 	
     3615	          526 	
     3616	          493 	
     3617	          496 	
     3618	          572 	
     3619	          497 	
     3620	          485 	
     3621	          474 	
     3622	          544 	
     3623	          553 	
     3624	          492 	
     3625	          465 	
     3626	          474 	
     3627	          464 	
     3628	          490 	
     3629	          439 	
     3630	          537 	
     3631	          504 	
     3632	          528 	
     3633	          499 	
     3634	          461 	
     3635	          479 	
     3636	          541 	
     3637	          479 	
     3638	          489 	
     3639	          499 	
     3640	          508 	
     3641	          561 	
     3642	          536 	
     3643	          454 	
     3644	          497 	
     3645	          533 	
     3646	          524 	
     3647	          467 	
     3648	          460 	
     3649	          467 	
     3650	          489 	
     3651	          486 	
     3652	          482 	
     3653	          488 	
     3654	          455 	
     3655	          527 	
     3656	          526 	
     3657	          478 	
     3658	          464 	
     3659	          520 	
     3660	          549 	
     3661	          496 	
     3662	          533 	
     3663	          485 	
     3664	          552 	
     3665	          515 	
     3666	          506 	
     3667	          476 	
     3668	          458 	
     3669	          507 	
     3670	          493 	
     3671	          483 	
     3672	          449 	
     3673	          469 	
     3674	          467 	
     3675	          454 	
     3676	          471 	
     3677	          493 	
     3678	          523 	
     3679	          532 	
     3680	          454 	
     3681	          476 	
     3682	          459 	
     3683	          546 	
     3684	          526 	
     3685	          522 	
     3686	          508 	
     3687	          529 	
     3688	          544 	
     3689	          491 	
     3690	          468 	
     3691	          473 	
     3692	          474 	
     3693	          554 	
     3694	          515 	
     3695	          483 	
     3696	          502 	
     3697	          490 	
     3698	          436 	
     3699	          509 	
     3700	          497 	
     3701	          497 	
     3702	          565 	
     3703	          458 	
     3704	          462 	
     3705	          493 	
     3706	          474 	
     3707	          528 	
     3708	          508 	
     3709	          520 	
     3710	          534 	
     3711	          513 	
     3712	          563 	
     3713	          496 	
     3714	          455 	
     3715	          446 	
     3716	          536 	
     3717	          559 	
     3718	          493 	
     3719	          466 	
     3720	          480 	
     3721	          465 	
     3722	          487 	
     3723	          478 	
     3724	          495 	
     3725	          554 	
     3726	          549 	
     3727	          463 	
     3728	          458 	
     3729	          479 	
     3730	          529 	
     3731	          484 	
     3732	          502 	
     3733	          495 	
     3734	          478 	
     3735	          531 	
     3736	          537 	
     3737	          442 	
     3738	          457 	
     3739	          510 	
     3740	          515 	
     3741	          527 	
     3742	          460 	
     3743	          492 	
     3744	          485 	
     3745	          441 	
     3746	          462 	
     3747	          414 	
     3748	          492 	
     3749	          550 	
     3750	          521 	
     3751	          480 	
     3752	          446 	
     3753	          495 	
     3754	          589 	
     3755	          507 	
     3756	          489 	
     3757	          537 	
     3758	          489 	
     3759	          528 	
     3760	          509 	
     3761	          475 	
     3762	          508 	
     3763	          481 	
     3764	          546 	
     3765	          518 	
     3766	          475 	
     3767	          487 	
     3768	          444 	
     3769	          501 	
     3770	          475 	
     3771	          468 	
     3772	          479 	
     3773	          500 	
     3774	          485 	
     3775	          506 	
     3776	          481 	
     3777	          489 	
     3778	          544 	
     3779	          527 	
     3780	          473 	
     3781	          531 	
     3782	          498 	
     3783	          543 	
     3784	          516 	
     3785	          463 	
     3786	          485 	
     3787	          533 	
     3788	          522 	
     3789	          447 	
     3790	          487 	
     3791	          466 	
     3792	          473 	
     3793	          484 	
     3794	          479 	
     3795	          517 	
     3796	          498 	
     3797	          536 	
     3798	          476 	
     3799	          437 	
     3800	          487 	
     3801	          491 	
     3802	          539 	
     3803	          494 	
     3804	          494 	
     3805	          515 	
     3806	          525 	
     3807	          525 	
     3808	          459 	
     3809	          482 	
     3810	          482 	
     3811	          512 	
     3812	          529 	
     3813	          473 	
     3814	          453 	
     3815	          455 	
     3816	          486 	
     3817	          506 	
     3818	          495 	
     3819	          522 	
     3820	          553 	
     3821	          494 	
     3822	          493 	
     3823	          469 	
     3824	          532 	
     3825	          562 	
     3826	          510 	
     3827	          537 	
     3828	          510 	
     3829	          544 	
     3830	          524 	
     3831	          453 	
     3832	          464 	
     3833	          493 	
     3834	          531 	
     3835	          510 	
     3836	          491 	
     3837	          491 	
     3838	          509 	
     3839	          492 	
     3840	          434 	
     3841	          485 	
     3842	          491 	
     3843	          480 	
     3844	          535 	
     3845	          486 	
     3846	          471 	
     3847	          475 	
     3848	          539 	
     3849	          501 	
     3850	          468 	
     3851	          545 	
     3852	          503 	
     3853	          501 	
     3854	          544 	
     3855	          484 	
     3856	          466 	
     3857	          483 	
     3858	          560 	
     3859	          563 	
     3860	          458 	
     3861	          482 	
     3862	          492 	
     3863	          503 	
     3864	          470 	
     3865	          463 	
     3866	          504 	
     3867	          566 	
     3868	          483 	
     3869	          468 	
     3870	          432 	
     3871	          500 	
     3872	          530 	
     3873	          526 	
     3874	          498 	
     3875	          515 	
     3876	          484 	
     3877	          571 	
     3878	          461 	
     3879	          502 	
     3880	          477 	
     3881	          484 	
     3882	          534 	
     3883	          479 	
     3884	          477 	
     3885	          461 	
     3886	          527 	
     3887	          451 	
     3888	          473 	
     3889	          480 	
     3890	          487 	
     3891	          575 	
     3892	          488 	
     3893	          476 	
     3894	          484 	
     3895	          518 	
     3896	          527 	
     3897	          542 	
     3898	          504 	
     3899	          521 	
     3900	          527 	
     3901	          523 	
     3902	          525 	
     3903	          474 	
     3904	          488 	
     3905	          514 	
     3906	          497 	
     3907	          484 	
     3908	          482 	
     3909	          465 	
     3910	          451 	
     3911	          486 	
     3912	          476 	
     3913	          463 	
     3914	          525 	
     3915	          496 	
     3916	          465 	
     3917	          497 	
     3918	          503 	
     3919	          528 	
     3920	          493 	
     3921	          504 	
     3922	          521 	
     3923	          528 	
     3924	          522 	
     3925	          534 	
     3926	          444 	
     3927	          469 	
     3928	          442 	
     3929	          535 	
     3930	          490 	
     3931	          493 	
     3932	          456 	
     3933	          512 	
     3934	          453 	
     3935	          499 	
     3936	          500 	
     3937	          505 	
     3938	          491 	
     3939	          515 	
     3940	          456 	
     3941	          501 	
     3942	          545 	
     3943	          551 	
     3944	          467 	
     3945	          481 	
     3946	          479 	
     3947	          525 	
     3948	          528 	
     3949	          498 	
     3950	          478 	
     3951	          490 	
     3952	          545 	
     3953	          505 	
     3954	          479 	
     3955	          430 	
     3956	          502 	
     3957	          504 	
     3958	          495 	
     3959	          473 	
     3960	          490 	
     3961	          475 	
     3962	          528 	
     3963	          485 	
     3964	          495 	
     3965	          510 	
     3966	          558 	
     3967	          499 	
     3968	          482 	
     3969	          528 	
     3970	          537 	
     3971	          523 	
     3972	          500 	
     3973	          513 	
     3974	          498 	
     3975	          533 	
     3976	          530 	
     3977	          492 	
     3978	          505 	
     3979	          501 	
     3980	          520 	
     3981	          439 	
     3982	          434 	
     3983	          474 	
     3984	          472 	
     3985	          542 	
     3986	          506 	
     3987	          473 	
     3988	          492 	
     3989	          506 	
     3990	          511 	
     3991	          522 	
     3992	          485 	
     3993	          536 	
     3994	          535 	
     3995	          484 	
     3996	          507 	
     3997	          512 	
     3998	          467 	
     3999	          481 	
     4000	          476 	
     4001	          507 	
     4002	          449 	
     4003	          470 	
     4004	          483 	
     4005	          471 	
     4006	          469 	
     4007	          486 	
     4008	          479 	
     4009	          544 	
     4010	          488 	
     4011	          458 	
     4012	          472 	
     4013	          556 	
     4014	          558 	
     4015	          540 	
     4016	          537 	
     4017	          542 	
     4018	          516 	
     4019	          553 	
     4020	          494 	
     4021	          475 	
     4022	          485 	
     4023	          567 	
     4024	          505 	
     4025	          473 	
     4026	          439 	
     4027	          443 	
     4028	          485 	
     4029	          490 	
     4030	          440 	
     4031	          483 	
     4032	          515 	
     4033	          518 	
     4034	          496 	
     4035	          491 	
     4036	          479 	
     4037	          532 	
     4038	          503 	
     4039	          503 	
     4040	          495 	
     4041	          471 	
     4042	          542 	
     4043	          523 	
     4044	          464 	
     4045	          493 	
     4046	          507 	
     4047	          500 	
     4048	          466 	
     4049	          519 	
     4050	          514 	
     4051	          438 	
     4052	          459 	
     4053	          433 	
     4054	          509 	
     4055	          499 	
     4056	          510 	
     4057	          533 	
     4058	          482 	
     4059	          534 	
     4060	          548 	
     4061	          527 	
     4062	          519 	
     4063	          471 	
     4064	          495 	
     4065	          538 	
     4066	          539 	
     4067	          491 	
     4068	          476 	
     4069	          445 	
     4070	          506 	
     4071	          560 	
     4072	          469 	
     4073	          489 	
     4074	          488 	
     4075	          473 	
     4076	          472 	
     4077	          456 	
     4078	          500 	
     4079	          495 	
     4080	          538 	
     4081	          502 	
     4082	          445 	
     4083	          494 	
     4084	          523 	
     4085	          514 	
     4086	          530 	
     4087	          451 	
     4088	          499 	
     4089	          509 	
     4090	          511 	
     4091	          494 	
     4092	          461 	
     4093	          503 	
     4094	          606 	
     4095	          475 	
     4096	          437 	
     4097	          457 	
     4098	          463 	
     4099	          470 	
     4100	          494 	
     4101	          504 	
     4102	          444 	
     4103	          559 	
     4104	          545 	
     4105	          471 	
     4106	          457 	
     4107	          500 	
     4108	          482 	
     4109	          508 	
     4110	          500 	
     4111	          492 	
     4112	          538 	
     4113	          526 	
     4114	          490 	
     4115	          504 	
     4116	          481 	
     4117	          506 	
     4118	          528 	
     4119	          456 	
     4120	          459 	
     4121	          470 	
     4122	          478 	
     4123	          470 	
     4124	          450 	
     4125	          493 	
     4126	          483 	
     4127	          520 	
     4128	          498 	
     4129	          456 	
     4130	          467 	
     4131	          547 	
     4132	          490 	
     4133	          479 	
     4134	          538 	
     4135	          510 	
     4136	          546 	
     4137	          506 	
     4138	          450 	
     4139	          425 	
     4140	          500 	
     4141	          527 	
     4142	          543 	
     4143	          475 	
     4144	          481 	
     4145	          441 	
     4146	          471 	
     4147	          465 	
     4148	          500 	
     4149	          519 	
     4150	          476 	
     4151	          534 	
     4152	          484 	
     4153	          456 	
     4154	          520 	
     4155	          521 	
     4156	          529 	
     4157	          499 	
     4158	          569 	
     4159	          534 	
     4160	          538 	
     4161	          515 	
     4162	          504 	
     4163	          495 	
     4164	          495 	
     4165	          506 	
     4166	          516 	
     4167	          438 	
     4168	          483 	
     4169	          480 	
     4170	          474 	
     4171	          473 	
     4172	          523 	
     4173	          443 	
     4174	          516 	
     4175	          506 	
     4176	          493 	
     4177	          490 	
     4178	          508 	
     4179	          563 	
     4180	          522 	
     4181	          524 	
     4182	          525 	
     4183	          538 	
     4184	          540 	
     4185	          506 	
     4186	          477 	
     4187	          442 	
     4188	          497 	
     4189	          526 	
     4190	          515 	
     4191	          420 	
     4192	          456 	
     4193	          480 	
     4194	          467 	
     4195	          485 	
     4196	          466 	
     4197	          480 	
     4198	          566 	
     4199	          492 	
     4200	          496 	
     4201	          486 	
     4202	          568 	
     4203	          498 	
     4204	          518 	
     4205	          507 	
     4206	          554 	
     4207	          546 	
     4208	          487 	
     4209	          475 	
     4210	          459 	
     4211	          516 	
     4212	          543 	
     4213	          508 	
     4214	          482 	
     4215	          460 	
     4216	          483 	
     4217	          465 	
     4218	          484 	
     4219	          470 	
     4220	          498 	
     4221	          551 	
     4222	          566 	
     4223	          473 	
     4224	          500 	
     4225	          520 	
     4226	          539 	
     4227	          534 	
     4228	          509 	
     4229	          480 	
     4230	          504 	
     4231	          566 	
     4232	          548 	
     4233	          449 	
     4234	          492 	
     4235	          504 	
     4236	          505 	
     4237	          465 	
     4238	          490 	
     4239	          462 	
     4240	          484 	
     4241	          450 	
     4242	          511 	
     4243	          494 	
     4244	          494 	
     4245	          518 	
     4246	          469 	
     4247	          472 	
     4248	          484 	
     4249	          511 	
     4250	          511 	
     4251	          461 	
     4252	          496 	
     4253	          513 	
     4254	          555 	
     4255	          523 	
     4256	          490 	
     4257	          488 	
     4258	          478 	
     4259	          511 	
     4260	          518 	
     4261	          482 	
     4262	          447 	
     4263	          452 	
     4264	          468 	
     4265	          445 	
     4266	          439 	
     4267	          453 	
     4268	          554 	
     4269	          511 	
     4270	          478 	
     4271	          468 	
     4272	          474 	
     4273	          553 	
     4274	          521 	
     4275	          535 	
     4276	          489 	
     4277	          505 	
     4278	          508 	
     4279	          513 	
     4280	          478 	
     4281	          493 	
     4282	          502 	
     4283	          557 	
     4284	          493 	
     4285	          477 	
     4286	          458 	
     4287	          502 	
     4288	          448 	
     4289	          457 	
     4290	          470 	
     4291	          474 	
     4292	          528 	
     4293	          481 	
     4294	          473 	
     4295	          501 	
     4296	          497 	
     4297	          513 	
     4298	          526 	
     4299	          500 	
     4300	          568 	
     4301	          514 	
     4302	          491 	
     4303	          521 	
     4304	          506 	
     4305	          470 	
     4306	          537 	
     4307	          486 	
     4308	          506 	
     4309	          491 	
     4310	          470 	
     4311	          457 	
     4312	          461 	
     4313	          451 	
     4314	          492 	
     4315	          522 	
     4316	          535 	
     4317	          534 	
     4318	          494 	
     4319	          504 	
     4320	          489 	
     4321	          547 	
     4322	          476 	
     4323	          505 	
     4324	          549 	
     4325	          546 	
     4326	          511 	
     4327	          484 	
     4328	          487 	
     4329	          520 	
     4330	          542 	
     4331	          509 	
     4332	          486 	
     4333	          482 	
     4334	          474 	
     4335	          461 	
     4336	          507 	
     4337	          455 	
     4338	          466 	
     4339	          522 	
     4340	          474 	
     4341	          501 	
     4342	          468 	
     4343	          515 	
     4344	          501 	
     4345	          517 	
     4346	          487 	
     4347	          503 	
     4348	          487 	
     4349	          514 	
     4350	          489 	
     4351	          509 	
     4352	          498 	
     4353	          538 	
     4354	          512 	
     4355	          510 	
     4356	          544 	
     4357	          482 	
     4358	          482 	
     4359	          498 	
     4360	          465 	
     4361	          439 	
     4362	          490 	
     4363	          531 	
     4364	          498 	
     4365	          448 	
     4366	          485 	
     4367	          476 	
     4368	          534 	
     4369	          527 	
     4370	          509 	
     4371	          485 	
     4372	          565 	
     4373	          498 	
     4374	          522 	
     4375	          441 	
     4376	          515 	
     4377	          509 	
     4378	          473 	
     4379	          497 	
     4380	          446 	
     4381	          511 	
     4382	          462 	
     4383	          465 	
     4384	          500 	
     4385	          468 	
     4386	          483 	
     4387	          536 	
     4388	          520 	
     4389	          472 	
     4390	          482 	
     4391	          541 	
     4392	          510 	
     4393	          501 	
     4394	          524 	
     4395	          482 	
     4396	          530 	
     4397	          500 	
     4398	          502 	
     4399	          437 	
     4400	          475 	
     4401	          529 	
     4402	          444 	
     4403	          473 	
     4404	          478 	
     4405	          510 	
     4406	          495 	
     4407	          474 	
     4408	          509 	
     4409	          480 	
     4410	          514 	
     4411	          474 	
     4412	          486 	
     4413	          501 	
     4414	          512 	
     4415	          554 	
     4416	          508 	
     4417	          522 	
     4418	          542 	
     4419	          522 	
     4420	          532 	
     4421	          471 	
     4422	          469 	
     4423	          476 	
     4424	          516 	
     4425	          529 	
     4426	          525 	
     4427	          475 	
     4428	          478 	
     4429	          480 	
     4430	          447 	
     4431	          418 	
     4432	          494 	
     4433	          548 	
     4434	          512 	
     4435	          515 	
     4436	          492 	
     4437	          487 	
     4438	          509 	
     4439	          544 	
     4440	          526 	
     4441	          542 	
     4442	          504 	
     4443	          526 	
     4444	          504 	
     4445	          496 	
     4446	          508 	
     4447	          536 	
     4448	          535 	
     4449	          536 	
     4450	          461 	
     4451	          475 	
     4452	          462 	
     4453	          476 	
     4454	          481 	
     4455	          478 	
     4456	          482 	
     4457	          491 	
     4458	          552 	
     4459	          511 	
     4460	          502 	
     4461	          526 	
     4462	          570 	
     4463	          509 	
     4464	          508 	
     4465	          528 	
     4466	          502 	
     4467	          546 	
     4468	          483 	
     4469	          469 	
     4470	          512 	
     4471	          530 	
     4472	          500 	
     4473	          496 	
     4474	          451 	
     4475	          506 	
     4476	          463 	
     4477	          467 	
     4478	          451 	
     4479	          487 	
     4480	          467 	
     4481	          538 	
     4482	          498 	
     4483	          459 	
     4484	          489 	
     4485	          521 	
     4486	          523 	
     4487	          511 	
     4488	          547 	
     4489	          525 	
     4490	          539 	
     4491	          527 	
     4492	          467 	
     4493	          478 	
     4494	          513 	
     4495	          545 	
     4496	          540 	
     4497	          483 	
     4498	          446 	
     4499	          484 	
     4500	          477 	
     4501	          490 	
     4502	          476 	
     4503	          486 	
     4504	          534 	
     4505	          518 	
     4506	          498 	
     4507	          461 	
     4508	          533 	
     4509	          551 	
     4510	          488 	
     4511	          508 	
     4512	          525 	
     4513	          557 	
     4514	          532 	
     4515	          543 	
     4516	          508 	
     4517	          500 	
     4518	          522 	
     4519	          508 	
     4520	          507 	
     4521	          481 	
     4522	          474 	
     4523	          472 	
     4524	          452 	
     4525	          468 	
     4526	          472 	
     4527	          463 	
     4528	          493 	
     4529	          541 	
     4530	          438 	
     4531	          477 	
     4532	          541 	
     4533	          550 	
     4534	          525 	
     4535	          536 	
     4536	          541 	
     4537	          553 	
     4538	          516 	
     4539	          464 	
     4540	          473 	
     4541	          547 	
     4542	          524 	
     4543	          497 	
     4544	          513 	
     4545	          490 	
     4546	          468 	
     4547	          447 	
     4548	          506 	
     4549	          490 	
     4550	          496 	
     4551	          520 	
     4552	          511 	
     4553	          508 	
     4554	          472 	
     4555	          501 	
     4556	          528 	
     4557	          538 	
     4558	          529 	
     4559	          520 	
     4560	          520 	
     4561	          499 	
     4562	          502 	
     4563	          483 	
     4564	          458 	
     4565	          501 	
     4566	          553 	
     4567	          518 	
     4568	          485 	
     4569	          459 	
     4570	          474 	
     4571	          479 	
     4572	          454 	
     4573	          456 	
     4574	          480 	
     4575	          522 	
     4576	          516 	
     4577	          482 	
     4578	          508 	
     4579	          445 	
     4580	          512 	
     4581	          515 	
     4582	          519 	
     4583	          568 	
     4584	          507 	
     4585	          535 	
     4586	          483 	
     4587	          488 	
     4588	          439 	
     4589	          501 	
     4590	          518 	
     4591	          495 	
     4592	          488 	
     4593	          449 	
     4594	          489 	
     4595	          416 	
     4596	          486 	
     4597	          474 	
     4598	          482 	
     4599	          537 	
     4600	          483 	
     4601	          493 	
     4602	          473 	
     4603	          464 	
     4604	          536 	
     4605	          546 	
     4606	          555 	
     4607	          498 	
     4608	          522 	
     4609	          536 	
     4610	          515 	
     4611	          516 	
     4612	          502 	
     4613	          539 	
     4614	          547 	
     4615	          499 	
     4616	          481 	
     4617	          476 	
     4618	          481 	
     4619	          468 	
     4620	          471 	
     4621	          509 	
     4622	          501 	
     4623	          533 	
     4624	          506 	
     4625	          466 	
     4626	          497 	
     4627	          494 	
     4628	          493 	
     4629	          530 	
     4630	          519 	
     4631	          511 	
     4632	          534 	
     4633	          580 	
     4634	          507 	
     4635	          506 	
     4636	          520 	
     4637	          552 	
     4638	          493 	
     4639	          492 	
     4640	          479 	
     4641	          485 	
     4642	          449 	
     4643	          498 	
     4644	          485 	
     4645	          493 	
     4646	          535 	
     4647	          493 	
     4648	          453 	
     4649	          489 	
     4650	          467 	
     4651	          562 	
     4652	          517 	
     4653	          529 	
     4654	          492 	
     4655	          512 	
     4656	          544 	
     4657	          523 	
     4658	          477 	
     4659	          489 	
     4660	          534 	
     4661	          491 	
     4662	          506 	
     4663	          493 	
     4664	          470 	
     4665	          498 	
     4666	          502 	
     4667	          475 	
     4668	          470 	
     4669	          471 	
     4670	          520 	
     4671	          522 	
     4672	          497 	
     4673	          447 	
     4674	          548 	
     4675	          540 	
     4676	          538 	
     4677	          502 	
     4678	          537 	
     4679	          500 	
     4680	          533 	
     4681	          478 	
     4682	          466 	
     4683	          491 	
     4684	          558 	
     4685	          512 	
     4686	          505 	
     4687	          505 	
     4688	          450 	
     4689	          487 	
     4690	          487 	
     4691	          470 	
     4692	          503 	
     4693	          523 	
     4694	          504 	
     4695	          461 	
     4696	          501 	
     4697	          540 	
     4698	          519 	
     4699	          522 	
     4700	          507 	
     4701	          474 	
     4702	          506 	
     4703	          580 	
     4704	          483 	
     4705	          500 	
     4706	          444 	
     4707	          541 	
     4708	          515 	
     4709	          475 	
     4710	          483 	
     4711	          478 	
     4712	          468 	
     4713	          458 	
     4714	          487 	
     4715	          515 	
     4716	          478 	
     4717	          554 	
     4718	          509 	
     4719	          480 	
     4720	          451 	
     4721	          520 	
     4722	          527 	
     4723	          531 	
     4724	          507 	
     4725	          505 	
     4726	          508 	
     4727	          540 	
     4728	          494 	
     4729	          458 	
     4730	          483 	
     4731	          531 	
     4732	          532 	
     4733	          484 	
     4734	          490 	
     4735	          498 	
     4736	          470 	
     4737	          492 	
     4738	          472 	
     4739	          541 	
     4740	          461 	
     4741	          535 	
     4742	          506 	
     4743	          479 	
     4744	          466 	
     4745	          522 	
     4746	          531 	
     4747	          501 	
     4748	          499 	
     4749	          516 	
     4750	          540 	
     4751	          540 	
     4752	          520 	
     4753	          474 	
     4754	          494 	
     4755	          531 	
     4756	          502 	
     4757	          527 	
     4758	          511 	
     4759	          468 	
     4760	          457 	
     4761	          499 	
     4762	          519 	
     4763	          433 	
     4764	          486 	
     4765	          547 	
     4766	          479 	
     4767	          458 	
     4768	          565 	
     4769	          527 	
     4770	          507 	
     4771	          504 	
     4772	          501 	
     4773	          496 	
     4774	          495 	
     4775	          494 	
     4776	          469 	
     4777	          452 	
     4778	          523 	
     4779	          514 	
     4780	          510 	
     4781	          450 	
     4782	          453 	
     4783	          473 	
     4784	          491 	
     4785	          484 	
     4786	          494 	
     4787	          473 	
     4788	          514 	
     4789	          472 	
     4790	          485 	
     4791	          492 	
     4792	          518 	
     4793	          551 	
     4794	          540 	
     4795	          500 	
     4796	          524 	
     4797	          548 	
     4798	          555 	
     4799	          489 	
     4800	          467 	
     4801	          491 	
     4802	          526 	
     4803	          502 	
     4804	          477 	
     4805	          521 	
     4806	          459 	
     4807	          451 	
     4808	          457 	
     4809	          501 	
     4810	          458 	
     4811	          510 	
     4812	          514 	
     4813	          483 	
     4814	          476 	
     4815	          508 	
     4816	          570 	
     4817	          513 	
     4818	          518 	
     4819	          517 	
     4820	          538 	
     4821	          525 	
     4822	          516 	
     4823	          463 	
     4824	          510 	
     4825	          519 	
     4826	          547 	
     4827	          488 	
     4828	          494 	
     4829	          516 	
     4830	          525 	
     4831	          477 	
     4832	          505 	
     4833	          462 	
     4834	          464 	
     4835	          527 	
     4836	          486 	
     4837	          459 	
     4838	          477 	
     4839	          483 	
     4840	          510 	
     4841	          472 	
     4842	          495 	
     4843	          501 	
     4844	          532 	
     4845	          554 	
     4846	          556 	
     4847	          465 	
     4848	          472 	
     4849	          505 	
     4850	          504 	
     4851	          516 	
     4852	          469 	
     4853	          466 	
     4854	          486 	
     4855	          451 	
     4856	          468 	
     4857	          496 	
     4858	          494 	
     4859	          506 	
     4860	          493 	
     4861	          441 	
     4862	          507 	
     4863	          534 	
     4864	          564 	
     4865	          488 	
     4866	          497 	
     4867	          518 	
     4868	          537 	
     4869	          558 	
     4870	          510 	
     4871	          481 	
     4872	          457 	
     4873	          538 	
     4874	          514 	
     4875	          511 	
     4876	          441 	
     4877	          492 	
     4878	          499 	
     4879	          472 	
     4880	          479 	
     4881	          533 	
     4882	          510 	
     4883	          519 	
     4884	          475 	
     4885	          515 	
     4886	          473 	
     4887	          540 	
     4888	          535 	
     4889	          509 	
     4890	          508 	
     4891	          502 	
     4892	          482 	
     4893	          516 	
     4894	          494 	
     4895	          453 	
     4896	          475 	
     4897	          523 	
     4898	          524 	
     4899	          510 	
     4900	          480 	
     4901	          481 	
     4902	          438 	
     4903	          477 	
     4904	          455 	
     4905	          497 	
     4906	          509 	
     4907	          506 	
     4908	          474 	
     4909	          500 	
     4910	          487 	
     4911	          508 	
     4912	          475 	
     4913	          529 	
     4914	          476 	
     4915	          489 	
     4916	          520 	
     4917	          519 	
     4918	          470 	
     4919	          495 	
     4920	          515 	
     4921	          482 	
     4922	          476 	
     4923	          487 	
     4924	          444 	
     4925	          497 	
     4926	          488 	
     4927	          494 	
     4928	          486 	
     4929	          509 	
     4930	          503 	
     4931	          470 	
     4932	          490 	
     4933	          510 	
     4934	          551 	
     4935	          507 	
     4936	          467 	
     4937	          486 	
     4938	          504 	
     4939	          493 	
     4940	          551 	
     4941	          483 	
     4942	          495 	
     4943	          507 	
     4944	          558 	
     4945	          503 	
     4946	          495 	
     4947	          482 	
     4948	          480 	
     4949	          485 	
     4950	          523 	
     4951	          491 	
     4952	          504 	
     4953	          518 	
     4954	          500 	
     4955	          470 	
     4956	          504 	
     4957	          493 	
     4958	          480 	
     4959	          496 	
     4960	          468 	
     4961	          500 	
     4962	          502 	
     4963	          496 	
     4964	          519 	
     4965	          496 	
     4966	          486 	
     4967	          514 	
     4968	          495 	
     4969	          494 	
     4970	          498 	
     4971	          453 	
     4972	          462 	
     4973	          467 	
     4974	          444 	
     4975	          488 	
     4976	          502 	
     4977	          520 	
     4978	          478 	
     4979	          482 	
     4980	          511 	
     4981	          536 	
     4982	          513 	
     4983	          525 	
     4984	          509 	
     4985	          512 	
     4986	          549 	
     4987	          512 	
     4988	          514 	
     4989	          472 	
     4990	          474 	
     4991	          533 	
     4992	          521 	
     4993	          418 	
     4994	          464 	
     4995	          494 	
     4996	          484 	
     4997	          461 	
     4998	          476 	
     4999	          485 	
     5000	          487 	
     5001	          516 	
     5002	          492 	
     5003	          491 	
     5004	          516 	
     5005	          527 	
     5006	          517 	
     5007	          488 	
     5008	          521 	
     5009	          502 	
     5010	          504 	
     5011	          510 	
     5012	          479 	
     5013	          445 	
     5014	          532 	
     5015	          513 	
     5016	          520 	
     5017	          491 	
     5018	          464 	
     5019	          481 	
     5020	          447 	
     5021	          485 	
     5022	          506 	
     5023	          453 	
     5024	          566 	
     5025	          510 	
     5026	          512 	
     5027	          525 	
     5028	          465 	
     5029	          538 	
     5030	          516 	
     5031	          508 	
     5032	          459 	
     5033	          559 	
     5034	          534 	
     5035	          528 	
     5036	          479 	
     5037	          466 	
     5038	          503 	
     5039	          501 	
     5040	          480 	
     5041	          473 	
     5042	          461 	
     5043	          482 	
     5044	          470 	
     5045	          467 	
     5046	          488 	
     5047	          543 	
     5048	          524 	
     5049	          492 	
     5050	          469 	
     5051	          546 	
     5052	          534 	
     5053	          529 	
     5054	          471 	
     5055	          465 	
     5056	          455 	
     5057	          500 	
     5058	          570 	
     5059	          496 	
     5060	          508 	
     5061	          463 	
     5062	          529 	
     5063	          512 	
     5064	          480 	
     5065	          481 	
     5066	          514 	
     5067	          474 	
     5068	          457 	
     5069	          501 	
     5070	          517 	
     5071	          507 	
     5072	          453 	
     5073	          501 	
     5074	          502 	
     5075	          519 	
     5076	          526 	
     5077	          524 	
     5078	          505 	
     5079	          509 	
     5080	          511 	
     5081	          542 	
     5082	          496 	
     5083	          472 	
     5084	          446 	
     5085	          548 	
     5086	          494 	
     5087	          503 	
     5088	          477 	
     5089	          474 	
     5090	          473 	
     5091	          470 	
     5092	          478 	
     5093	          509 	
     5094	          530 	
     5095	          514 	
     5096	          514 	
     5097	          474 	
     5098	          524 	
     5099	          527 	
     5100	          535 	
     5101	          499 	
     5102	          514 	
     5103	          560 	
     5104	          534 	
     5105	          531 	
     5106	          472 	
     5107	          520 	
     5108	          516 	
     5109	          575 	
     5110	          511 	
     5111	          448 	
     5112	          483 	
     5113	          473 	
     5114	          486 	
     5115	          479 	
     5116	          458 	
     5117	          523 	
     5118	          484 	
     5119	          477 	
     5120	          459 	
     5121	          513 	
     5122	          552 	
     5123	          530 	
     5124	          531 	
     5125	          501 	
     5126	          521 	
     5127	          497 	
     5128	          533 	
     5129	          539 	
     5130	          491 	
     5131	          498 	
     5132	          505 	
     5133	          579 	
     5134	          501 	
     5135	          494 	
     5136	          431 	
     5137	          481 	
     5138	          473 	
     5139	          478 	
     5140	          452 	
     5141	          506 	
     5142	          549 	
     5143	          503 	
     5144	          427 	
     5145	          459 	
     5146	          486 	
     5147	          484 	
     5148	          550 	
     5149	          491 	
     5150	          509 	
     5151	          530 	
     5152	          550 	
     5153	          487 	
     5154	          494 	
     5155	          431 	
     5156	          505 	
     5157	          521 	
     5158	          463 	
     5159	          483 	
     5160	          467 	
     5161	          493 	
     5162	          487 	
     5163	          480 	
     5164	          504 	
     5165	          492 	
     5166	          508 	
     5167	          475 	
     5168	          469 	
     5169	          494 	
     5170	          495 	
     5171	          548 	
     5172	          508 	
     5173	          469 	
     5174	          514 	
     5175	          525 	
     5176	          526 	
     5177	          523 	
     5178	          500 	
     5179	          509 	
     5180	          524 	
     5181	          540 	
     5182	          478 	
     5183	          463 	
     5184	          482 	
     5185	          461 	
     5186	          508 	
     5187	          464 	
     5188	          467 	
     5189	          516 	
     5190	          487 	
     5191	          469 	
     5192	          457 	
     5193	          484 	
     5194	          501 	
     5195	          497 	
     5196	          460 	
     5197	          483 	
     5198	          511 	
     5199	          533 	
     5200	          547 	
     5201	          495 	
     5202	          471 	
     5203	          510 	
     5204	          517 	
     5205	          477 	
     5206	          479 	
     5207	          434 	
     5208	          462 	
     5209	          509 	
     5210	          496 	
     5211	          490 	
     5212	          502 	
     5213	          551 	
     5214	          551 	
     5215	          437 	
     5216	          501 	
     5217	          523 	
     5218	          559 	
     5219	          491 	
     5220	          480 	
     5221	          511 	
     5222	          493 	
     5223	          539 	
     5224	          482 	
     5225	          479 	
     5226	          490 	
     5227	          586 	
     5228	          539 	
     5229	          491 	
     5230	          470 	
     5231	          455 	
     5232	          473 	
     5233	          453 	
     5234	          475 	
     5235	          484 	
     5236	          502 	
     5237	          527 	
     5238	          475 	
     5239	          441 	
     5240	          528 	
     5241	          528 	
     5242	          544 	
     5243	          550 	
     5244	          527 	
     5245	          573 	
     5246	          521 	
     5247	          476 	
     5248	          489 	
     5249	          505 	
     5250	          507 	
     5251	          504 	
     5252	          480 	
     5253	          491 	
     5254	          463 	
     5255	          492 	
     5256	          465 	
     5257	          474 	
     5258	          519 	
     5259	          477 	
     5260	          535 	
     5261	          505 	
     5262	          455 	
     5263	          483 	
     5264	          508 	
     5265	          538 	
     5266	          533 	
     5267	          563 	
     5268	          482 	
     5269	          518 	
     5270	          534 	
     5271	          476 	
     5272	          459 	
     5273	          483 	
     5274	          520 	
     5275	          583 	
     5276	          505 	
     5277	          469 	
     5278	          478 	
     5279	          525 	
     5280	          475 	
     5281	          469 	
     5282	          496 	
     5283	          533 	
     5284	          517 	
     5285	          473 	
     5286	          496 	
     5287	          508 	
     5288	          505 	
     5289	          541 	
     5290	          527 	
     5291	          520 	
     5292	          535 	
     5293	          554 	
     5294	          497 	
     5295	          451 	
     5296	          499 	
     5297	          471 	
     5298	          551 	
     5299	          502 	
     5300	          462 	
     5301	          454 	
     5302	          467 	
     5303	          478 	
     5304	          477 	
     5305	          500 	
     5306	          488 	
     5307	          536 	
     5308	          510 	
     5309	          505 	
     5310	          494 	
     5311	          544 	
     5312	          569 	
     5313	          546 	
     5314	          547 	
     5315	          504 	
     5316	          570 	
     5317	          552 	
     5318	          545 	
     5319	          472 	
     5320	          491 	
     5321	          518 	
     5322	          519 	
     5323	          458 	
     5324	          459 	
     5325	          486 	
     5326	          450 	
     5327	          474 	
     5328	          475 	
     5329	          479 	
     5330	          506 	
     5331	          515 	
     5332	          453 	
     5333	          467 	
     5334	          503 	
     5335	          533 	
     5336	          514 	
     5337	          490 	
     5338	          506 	
     5339	          511 	
     5340	          518 	
     5341	          506 	
     5342	          487 	
     5343	          444 	
     5344	          471 	
     5345	          509 	
     5346	          513 	
     5347	          496 	
     5348	          465 	
     5349	          471 	
     5350	          467 	
     5351	          499 	
     5352	          498 	
     5353	          481 	
     5354	          510 	
     5355	          531 	
     5356	          490 	
     5357	          476 	
     5358	          505 	
     5359	          534 	
     5360	          525 	
     5361	          489 	
     5362	          498 	
     5363	          491 	
     5364	          515 	
     5365	          501 	
     5366	          471 	
     5367	          489 	
     5368	          530 	
     5369	          518 	
     5370	          455 	
     5371	          498 	
     5372	          482 	
     5373	          438 	
     5374	          457 	
     5375	          468 	
     5376	          523 	
     5377	          503 	
     5378	          539 	
     5379	          478 	
     5380	          486 	
     5381	          540 	
     5382	          524 	
     5383	          480 	
     5384	          502 	
     5385	          447 	
     5386	          518 	
     5387	          504 	
     5388	          487 	
     5389	          475 	
     5390	          497 	
     5391	          480 	
     5392	          504 	
     5393	          533 	
     5394	          498 	
     5395	          488 	
     5396	          457 	
     5397	          508 	
     5398	          485 	
     5399	          466 	
     5400	          501 	
     5401	          560 	
     5402	          524 	
     5403	          471 	
     5404	          471 	
     5405	          522 	
     5406	          517 	
     5407	          498 	
     5408	          517 	
     5409	          522 	
     5410	          519 	
     5411	          529 	
     5412	          519 	
     5413	          464 	
     5414	          482 	
     5415	          500 	
     5416	          501 	
     5417	          510 	
     5418	          537 	
     5419	          492 	
     5420	          493 	
     5421	          477 	
     5422	          471 	
     5423	          478 	
     5424	          459 	
     5425	          535 	
     5426	          455 	
     5427	          510 	
     5428	          509 	
     5429	          495 	
     5430	          513 	
     5431	          491 	
     5432	          506 	
     5433	          541 	
     5434	          485 	
     5435	          534 	
     5436	          457 	
     5437	          488 	
     5438	          422 	
     5439	          531 	
     5440	          487 	
     5441	          481 	
     5442	          506 	
     5443	          488 	
     5444	          511 	
     5445	          460 	
     5446	          470 	
     5447	          488 	
     5448	          452 	
     5449	          508 	
     5450	          486 	
     5451	          489 	
     5452	          496 	
     5453	          498 	
     5454	          558 	
     5455	          532 	
     5456	          483 	
     5457	          492 	
     5458	          599 	
     5459	          501 	
     5460	          503 	
     5461	          517 	
     5462	          502 	
     5463	          519 	
     5464	          525 	
     5465	          473 	
     5466	          496 	
     5467	          479 	
     5468	          484 	
     5469	          452 	
     5470	          488 	
     5471	          470 	
     5472	          528 	
     5473	          532 	
     5474	          448 	
     5475	          501 	
     5476	          489 	
     5477	          529 	
     5478	          531 	
     5479	          515 	
     5480	          494 	
     5481	          509 	
     5482	          534 	
     5483	          511 	
     5484	          483 	
     5485	          469 	
     5486	          507 	
     5487	          528 	
     5488	          507 	
     5489	          492 	
     5490	          486 	
     5491	          469 	
     5492	          468 	
     5493	          509 	
     5494	          462 	
     5495	          505 	
     5496	          525 	
     5497	          518 	
     5498	          487 	
     5499	          475 	
     5500	          524 	
     5501	          529 	
     5502	          550 	
     5503	          515 	
     5504	          508 	
     5505	          544 	
     5506	          536 	
     5507	          471 	
     5508	          487 	
     5509	          507 	
     5510	          523 	
     5511	          524 	
     5512	          509 	
     5513	          460 	
     5514	          466 	
     5515	          479 	
     5516	          461 	
     5517	          484 	
     5518	          468 	
     5519	          520 	
     5520	          565 	
     5521	          478 	
     5522	          493 	
     5523	          489 	
     5524	          555 	
     5525	          507 	
     5526	          515 	
     5527	          492 	
     5528	          544 	
     5529	          572 	
     5530	          494 	
     5531	          513 	
     5532	          484 	
     5533	          519 	
     5534	          554 	
     5535	          480 	
     5536	          450 	
     5537	          465 	
     5538	          497 	
     5539	          465 	
     5540	          469 	
     5541	          492 	
     5542	          475 	
     5543	          555 	
     5544	          485 	
     5545	          514 	
     5546	          493 	
     5547	          521 	
     5548	          535 	
     5549	          616 	
     5550	          527 	
     5551	          502 	
     5552	          518 	
     5553	          545 	
     5554	          495 	
     5555	          478 	
     5556	          471 	
     5557	          479 	
     5558	          531 	
     5559	          508 	
     5560	          507 	
     5561	          473 	
     5562	          485 	
     5563	          480 	
     5564	          440 	
     5565	          473 	
     5566	          533 	
     5567	          531 	
     5568	          483 	
     5569	          463 	
     5570	          471 	
     5571	          528 	
     5572	          538 	
     5573	          508 	
     5574	          522 	
     5575	          557 	
     5576	          556 	
     5577	          491 	
     5578	          551 	
     5579	          478 	
     5580	          501 	
     5581	          541 	
     5582	          467 	
     5583	          496 	
     5584	          497 	
     5585	          476 	
     5586	          452 	
     5587	          468 	
     5588	          441 	
     5589	          463 	
     5590	          538 	
     5591	          542 	
     5592	          442 	
     5593	          466 	
     5594	          496 	
     5595	          551 	
     5596	          508 	
     5597	          527 	
     5598	          484 	
     5599	          455 	
     5600	          499 	
     5601	          474 	
     5602	          494 	
     5603	          465 	
     5604	          518 	
     5605	          529 	
     5606	          515 	
     5607	          482 	
     5608	          492 	
     5609	          477 	
     5610	          483 	
     5611	          468 	
     5612	          470 	
     5613	          472 	
     5614	          583 	
     5615	          537 	
     5616	          459 	
     5617	          432 	
     5618	          516 	
     5619	          555 	
     5620	          567 	
     5621	          492 	
     5622	          494 	
     5623	          512 	
     5624	          545 	
     5625	          503 	
     5626	          504 	
     5627	          439 	
     5628	          542 	
     5629	          512 	
     5630	          489 	
     5631	          462 	
     5632	          485 	
     5633	          517 	
     5634	          447 	
     5635	          475 	
     5636	          459 	
     5637	          531 	
     5638	          534 	
     5639	          445 	
     5640	          483 	
     5641	          498 	
     5642	          579 	
     5643	          489 	
     5644	          513 	
     5645	          503 	
     5646	          532 	
     5647	          543 	
     5648	          507 	
     5649	          497 	
     5650	          514 	
     5651	          472 	
     5652	          534 	
     5653	          504 	
     5654	          476 	
     5655	          488 	
     5656	          441 	
     5657	          516 	
     5658	          536 	
     5659	          441 	
     5660	          491 	
     5661	          515 	
     5662	          529 	
     5663	          442 	
     5664	          487 	
     5665	          509 	
     5666	          523 	
     5667	          505 	
     5668	          532 	
     5669	          504 	
     5670	          487 	
     5671	          475 	
     5672	          466 	
     5673	          515 	
     5674	          440 	
     5675	          486 	
     5676	          500 	
     5677	          507 	
     5678	          470 	
     5679	          463 	
     5680	          485 	
     5681	          490 	
     5682	          464 	
     5683	          516 	
     5684	          483 	
     5685	          557 	
     5686	          498 	
     5687	          504 	
     5688	          475 	
     5689	          509 	
     5690	          522 	
     5691	          552 	
     5692	          487 	
     5693	          549 	
     5694	          550 	
     5695	          514 	
     5696	          493 	
     5697	          495 	
     5698	          496 	
     5699	          513 	
     5700	          475 	
     5701	          519 	
     5702	          489 	
     5703	          512 	
     5704	          482 	
     5705	          438 	
     5706	          474 	
     5707	          482 	
     5708	          508 	
     5709	          539 	
     5710	          525 	
     5711	          486 	
     5712	          524 	
     5713	          556 	
     5714	          510 	
     5715	          512 	
     5716	          508 	
     5717	          505 	
     5718	          511 	
     5719	          504 	
     5720	          460 	
     5721	          480 	
     5722	          478 	
     5723	          498 	
     5724	          507 	
     5725	          441 	
     5726	          496 	
     5727	          447 	
     5728	          481 	
     5729	          525 	
     5730	          464 	
     5731	          463 	
     5732	          505 	
     5733	          505 	
     5734	          486 	
     5735	          469 	
     5736	          505 	
     5737	          541 	
     5738	          467 	
     5739	          504 	
     5740	          472 	
     5741	          540 	
     5742	          512 	
     5743	          491 	
     5744	          445 	
     5745	          464 	
     5746	          537 	
     5747	          492 	
     5748	          486 	
     5749	          451 	
     5750	          508 	
     5751	          497 	
     5752	          462 	
     5753	          460 	
     5754	          479 	
     5755	          525 	
     5756	          518 	
     5757	          517 	
     5758	          466 	
     5759	          465 	
     5760	          495 	
     5761	          491 	
     5762	          526 	
     5763	          516 	
     5764	          521 	
     5765	          517 	
     5766	          519 	
     5767	          485 	
     5768	          467 	
     5769	          475 	
     5770	          543 	
     5771	          504 	
     5772	          419 	
     5773	          498 	
     5774	          418 	
     5775	          451 	
     5776	          496 	
     5777	          481 	
     5778	          523 	
     5779	          515 	
     5780	          517 	
     5781	          429 	
     5782	          499 	
     5783	          503 	
     5784	          500 	
     5785	          491 	
     5786	          528 	
     5787	          485 	
     5788	          521 	
     5789	          534 	
     5790	          516 	
     5791	          460 	
     5792	          468 	
     5793	          545 	
     5794	          518 	
     5795	          500 	
     5796	          476 	
     5797	          461 	
     5798	          482 	
     5799	          510 	
     5800	          482 	
     5801	          438 	
     5802	          501 	
     5803	          523 	
     5804	          471 	
     5805	          463 	
     5806	          485 	
     5807	          457 	
     5808	          519 	
     5809	          532 	
     5810	          522 	
     5811	          517 	
     5812	          504 	
     5813	          580 	
     5814	          516 	
     5815	          488 	
     5816	          488 	
     5817	          533 	
     5818	          536 	
     5819	          499 	
     5820	          472 	
     5821	          453 	
     5822	          487 	
     5823	          433 	
     5824	          455 	
     5825	          506 	
     5826	          515 	
     5827	          498 	
     5828	          457 	
     5829	          437 	
     5830	          514 	
     5831	          508 	
     5832	          528 	
     5833	          515 	
     5834	          493 	
     5835	          504 	
     5836	          572 	
     5837	          505 	
     5838	          487 	
     5839	          478 	
     5840	          507 	
     5841	          506 	
     5842	          527 	
     5843	          555 	
     5844	          439 	
     5845	          479 	
     5846	          491 	
     5847	          450 	
     5848	          479 	
     5849	          489 	
     5850	          490 	
     5851	          571 	
     5852	          488 	
     5853	          452 	
     5854	          529 	
     5855	          529 	
     5856	          496 	
     5857	          511 	
     5858	          517 	
     5859	          541 	
     5860	          530 	
     5861	          500 	
     5862	          469 	
     5863	          485 	
     5864	          508 	
     5865	          540 	
     5866	          537 	
     5867	          473 	
     5868	          450 	
     5869	          463 	
     5870	          463 	
     5871	          433 	
     5872	          496 	
     5873	          487 	
     5874	          503 	
     5875	          537 	
     5876	          492 	
     5877	          500 	
     5878	          545 	
     5879	          524 	
     5880	          523 	
     5881	          504 	
     5882	          512 	
     5883	          519 	
     5884	          557 	
     5885	          553 	
     5886	          482 	
     5887	          520 	
     5888	          543 	
     5889	          477 	
     5890	          478 	
     5891	          481 	
     5892	          466 	
     5893	          482 	
     5894	          467 	
     5895	          480 	
     5896	          533 	
     5897	          473 	
     5898	          537 	
     5899	          472 	
     5900	          475 	
     5901	          528 	
     5902	          510 	
     5903	          534 	
     5904	          500 	
     5905	          531 	
     5906	          537 	
     5907	          512 	
     5908	          514 	
     5909	          508 	
     5910	          448 	
     5911	          501 	
     5912	          534 	
     5913	          492 	
     5914	          412 	
     5915	          460 	
     5916	          482 	
     5917	          481 	
     5918	          464 	
     5919	          463 	
     5920	          462 	
     5921	          503 	
     5922	          471 	
     5923	          479 	
     5924	          487 	
     5925	          479 	
     5926	          505 	
     5927	          542 	
     5928	          510 	
     5929	          530 	
     5930	          507 	
     5931	          519 	
     5932	          508 	
     5933	          484 	
     5934	          451 	
     5935	          527 	
     5936	          469 	
     5937	          503 	
     5938	          534 	
     5939	          475 	
     5940	          433 	
     5941	          454 	
     5942	          492 	
     5943	          491 	
     5944	          520 	
     5945	          572 	
     5946	          463 	
     5947	          447 	
     5948	          474 	
     5949	          516 	
     5950	          561 	
     5951	          509 	
     5952	          544 	
     5953	          509 	
     5954	          551 	
     5955	          525 	
     5956	          457 	
     5957	          456 	
     5958	          542 	
     5959	          530 	
     5960	          497 	
     5961	          465 	
     5962	          477 	
     5963	          470 	
     5964	          496 	
     5965	          483 	
     5966	          493 	
     5967	          499 	
     5968	          565 	
     5969	          536 	
     5970	          443 	
     5971	          489 	
     5972	          485 	
     5973	          519 	
     5974	          538 	
     5975	          564 	
     5976	          521 	
     5977	          546 	
     5978	          538 	
     5979	          487 	
     5980	          485 	
     5981	          454 	
     5982	          522 	
     5983	          524 	
     5984	          517 	
     5985	          439 	
     5986	          505 	
     5987	          442 	
     5988	          433 	
     5989	          497 	
     5990	          457 	
     5991	          533 	
     5992	          505 	
     5993	          507 	
     5994	          453 	
     5995	          468 	
     5996	          511 	
     5997	          554 	
     5998	          520 	
     5999	          532 	
     6000	          520 	
     6001	          540 	
     6002	          535 	
     6003	          485 	
     6004	          477 	
     6005	          461 	
     6006	          562 	
     6007	          512 	
     6008	          466 	
     6009	          472 	
     6010	          463 	
     6011	          503 	
     6012	          458 	
     6013	          472 	
     6014	          520 	
     6015	          516 	
     6016	          544 	
     6017	          490 	
     6018	          483 	
     6019	          483 	
     6020	          529 	
     6021	          551 	
     6022	          544 	
     6023	          552 	
     6024	          504 	
     6025	          565 	
     6026	          512 	
     6027	          461 	
     6028	          469 	
     6029	          542 	
     6030	          527 	
     6031	          491 	
     6032	          465 	
     6033	          478 	
     6034	          516 	
     6035	          496 	
     6036	          482 	
     6037	          489 	
     6038	          515 	
     6039	          498 	
     6040	          503 	
     6041	          486 	
     6042	          479 	
     6043	          511 	
     6044	          526 	
     6045	          498 	
     6046	          497 	
     6047	          578 	
     6048	          577 	
     6049	          539 	
     6050	          503 	
     6051	          487 	
     6052	          510 	
     6053	          569 	
     6054	          482 	
     6055	          486 	
     6056	          455 	
     6057	          466 	
     6058	          454 	
     6059	          493 	
     6060	          478 	
     6061	          512 	
     6062	          493 	
     6063	          522 	
     6064	          499 	
     6065	          491 	
     6066	          527 	
     6067	          533 	
     6068	          540 	
     6069	          518 	
     6070	          494 	
     6071	          580 	
     6072	          527 	
     6073	          517 	
     6074	          436 	
     6075	          448 	
     6076	          530 	
     6077	          556 	
     6078	          485 	
     6079	          465 	
     6080	          493 	
     6081	          501 	
     6082	          464 	
     6083	          456 	
     6084	          458 	
     6085	          497 	
     6086	          550 	
     6087	          530 	
     6088	          508 	
     6089	          477 	
     6090	          511 	
     6091	          512 	
     6092	          552 	
     6093	          496 	
     6094	          540 	
     6095	          539 	
     6096	          483 	
     6097	          528 	
     6098	          443 	
     6099	          503 	
     6100	          497 	
     6101	          554 	
     6102	          485 	
     6103	          494 	
     6104	          461 	
     6105	          469 	
     6106	          455 	
     6107	          461 	
     6108	          509 	
     6109	          540 	
     6110	          533 	
     6111	          486 	
     6112	          469 	
     6113	          472 	
     6114	          507 	
     6115	          532 	
     6116	          542 	
     6117	          536 	
     6118	          488 	
     6119	          545 	
     6120	          495 	
     6121	          475 	
     6122	          494 	
     6123	          519 	
     6124	          495 	
     6125	          537 	
     6126	          480 	
     6127	          487 	
     6128	          502 	
     6129	          479 	
     6130	          519 	
     6131	          505 	
     6132	          471 	
     6133	          543 	
     6134	          515 	
     6135	          484 	
     6136	          480 	
     6137	          498 	
     6138	          513 	
     6139	          545 	
     6140	          479 	
     6141	          551 	
     6142	          556 	
     6143	          521 	
     6144	          471 	
     6145	          496 	
     6146	          476 	
     6147	          521 	
     6148	          568 	
     6149	          460 	
     6150	          498 	
     6151	          479 	
     6152	          467 	
     6153	          434 	
     6154	          518 	
     6155	          496 	
     6156	          494 	
     6157	          530 	
     6158	          501 	
     6159	          443 	
     6160	          492 	
     6161	          470 	
     6162	          560 	
     6163	          481 	
     6164	          523 	
     6165	          504 	
     6166	          528 	
     6167	          542 	
     6168	          494 	
     6169	          461 	
     6170	          490 	
     6171	          515 	
     6172	          518 	
     6173	          466 	
     6174	          467 	
     6175	          497 	
     6176	          461 	
     6177	          474 	
     6178	          427 	
     6179	          493 	
     6180	          523 	
     6181	          528 	
     6182	          490 	
     6183	          465 	
     6184	          464 	
     6185	          523 	
     6186	          491 	
     6187	          507 	
     6188	          505 	
     6189	          517 	
     6190	          536 	
     6191	          510 	
     6192	          515 	
     6193	          479 	
     6194	          498 	
     6195	          528 	
     6196	          465 	
     6197	          511 	
     6198	          512 	
     6199	          512 	
     6200	          491 	
     6201	          445 	
     6202	          447 	
     6203	          510 	
     6204	          535 	
     6205	          524 	
     6206	          497 	
     6207	          455 	
     6208	          521 	
     6209	          497 	
     6210	          503 	
     6211	          492 	
     6212	          551 	
     6213	          532 	
     6214	          522 	
     6215	          510 	
     6216	          454 	
     6217	          445 	
     6218	          504 	
     6219	          511 	
     6220	          485 	
     6221	          465 	
     6222	          469 	
     6223	          506 	
     6224	          485 	
     6225	          439 	
     6226	          520 	
     6227	          504 	
     6228	          489 	
     6229	          519 	
     6230	          484 	
     6231	          509 	
     6232	          507 	
     6233	          522 	
     6234	          544 	
     6235	          496 	
     6236	          540 	
     6237	          540 	
     6238	          487 	
     6239	          489 	
     6240	          479 	
     6241	          514 	
     6242	          506 	
     6243	          475 	
     6244	          457 	
     6245	          469 	
     6246	          483 	
     6247	          472 	
     6248	          496 	
     6249	          506 	
     6250	          450 	
     6251	          550 	
     6252	          516 	
     6253	          462 	
     6254	          451 	
     6255	          474 	
     6256	          533 	
     6257	          569 	
     6258	          495 	
     6259	          522 	
     6260	          516 	
     6261	          452 	
     6262	          499 	
     6263	          469 	
     6264	          506 	
     6265	          496 	
     6266	          577 	
     6267	          518 	
     6268	          492 	
     6269	          447 	
     6270	          511 	
     6271	          455 	
     6272	          488 	
     6273	          483 	
     6274	          519 	
     6275	          516 	
     6276	          516 	
     6277	          472 	
     6278	          528 	
     6279	          457 	
     6280	          537 	
     6281	          537 	
     6282	          585 	
     6283	          499 	
     6284	          521 	
     6285	          521 	
     6286	          496 	
     6287	          472 	
     6288	          451 	
     6289	          557 	
     6290	          481 	
     6291	          500 	
     6292	          444 	
     6293	          471 	
     6294	          474 	
     6295	          459 	
     6296	          462 	
     6297	          517 	
     6298	          570 	
     6299	          510 	
     6300	          475 	
     6301	          464 	
     6302	          476 	
     6303	          524 	
     6304	          545 	
     6305	          522 	
     6306	          517 	
     6307	          499 	
     6308	          517 	
     6309	          512 	
     6310	          478 	
     6311	          430 	
     6312	          515 	
     6313	          484 	
     6314	          420 	
     6315	          471 	
     6316	          475 	
     6317	          492 	
     6318	          506 	
     6319	          481 	
     6320	          457 	
     6321	          480 	
     6322	          461 	
     6323	          459 	
     6324	          488 	
     6325	          490 	
     6326	          514 	
     6327	          522 	
     6328	          535 	
     6329	          446 	
     6330	          470 	
     6331	          558 	
     6332	          515 	
     6333	          497 	
     6334	          449 	
     6335	          476 	
     6336	          528 	
     6337	          497 	
     6338	          518 	
     6339	          529 	
     6340	          480 	
     6341	          471 	
     6342	          479 	
     6343	          449 	
     6344	          503 	
     6345	          521 	
     6346	          481 	
     6347	          476 	
     6348	          491 	
     6349	          478 	
     6350	          505 	
     6351	          514 	
     6352	          482 	
     6353	          461 	
     6354	          528 	
     6355	          545 	
     6356	          531 	
     6357	          482 	
     6358	          463 	
     6359	          526 	
     6360	          502 	
     6361	          501 	
     6362	          496 	
     6363	          438 	
     6364	          409 	
     6365	          452 	
     6366	          473 	
     6367	          457 	
     6368	          491 	
     6369	          506 	
     6370	          526 	
     6371	          512 	
     6372	          488 	
     6373	          550 	
     6374	          544 	
     6375	          529 	
     6376	          540 	
     6377	          509 	
     6378	          529 	
     6379	          540 	
     6380	          467 	
     6381	          459 	
     6382	          499 	
     6383	          548 	
     6384	          499 	
     6385	          472 	
     6386	          520 	
     6387	          451 	
     6388	          458 	
     6389	          450 	
     6390	          457 	
     6391	          508 	
     6392	          536 	
     6393	          494 	
     6394	          512 	
     6395	          457 	
     6396	          444 	
     6397	          542 	
     6398	          525 	
     6399	          529 	
     6400	          506 	
     6401	          536 	
     6402	          522 	
     6403	          519 	
     6404	          467 	
     6405	          452 	
     6406	          517 	
     6407	          548 	
     6408	          510 	
     6409	          498 	
     6410	          482 	
     6411	          512 	
     6412	          480 	
     6413	          458 	
     6414	          478 	
     6415	          442 	
     6416	          509 	
     6417	          517 	
     6418	          455 	
     6419	          454 	
     6420	          498 	
     6421	          485 	
     6422	          526 	
     6423	          537 	
     6424	          451 	
     6425	          522 	
     6426	          546 	
     6427	          497 	
     6428	          490 	
     6429	          490 	
     6430	          471 	
     6431	          534 	
     6432	          542 	
     6433	          502 	
     6434	          442 	
     6435	          489 	
     6436	          501 	
     6437	          482 	
     6438	          471 	
     6439	          516 	
     6440	          511 	
     6441	          530 	
     6442	          469 	
     6443	          454 	
     6444	          441 	
     6445	          506 	
     6446	          491 	
     6447	          530 	
     6448	          505 	
     6449	          506 	
     6450	          529 	
     6451	          505 	
     6452	          462 	
     6453	          475 	
     6454	          492 	
     6455	          513 	
     6456	          477 	
     6457	          441 	
     6458	          486 	
     6459	          493 	
     6460	          494 	
     6461	          449 	
     6462	          508 	
     6463	          489 	
     6464	          504 	
     6465	          527 	
     6466	          453 	
     6467	          503 	
     6468	          538 	
     6469	          550 	
     6470	          527 	
     6471	          492 	
     6472	          478 	
     6473	          520 	
     6474	          510 	
     6475	          449 	
     6476	          456 	
     6477	          497 	
     6478	          484 	
     6479	          482 	
     6480	          476 	
     6481	          522 	
     6482	          488 	
     6483	          513 	
     6484	          500 	
     6485	          453 	
     6486	          556 	
     6487	          543 	
     6488	          541 	
     6489	          458 	
     6490	          488 	
     6491	          499 	
     6492	          573 	
     6493	          528 	
     6494	          502 	
     6495	          508 	
     6496	          518 	
     6497	          517 	
     6498	          487 	
     6499	          474 	
     6500	          484 	
     6501	          528 	
     6502	          480 	
     6503	          468 	
     6504	          478 	
     6505	          461 	
     6506	          428 	
     6507	          427 	
     6508	          483 	
     6509	          507 	
     6510	          514 	
     6511	          553 	
     6512	          492 	
     6513	          477 	
     6514	          487 	
     6515	          537 	
     6516	          527 	
     6517	          546 	
     6518	          523 	
     6519	          505 	
     6520	          535 	
     6521	          511 	
     6522	          495 	
     6523	          483 	
     6524	          537 	
     6525	          552 	
     6526	          500 	
     6527	          496 	
     6528	          425 	
     6529	          488 	
     6530	          460 	
     6531	          486 	
     6532	          477 	
     6533	          480 	
     6534	          504 	
     6535	          543 	
     6536	          505 	
     6537	          472 	
     6538	          470 	
     6539	          477 	
     6540	          585 	
     6541	          540 	
     6542	          491 	
     6543	          573 	
     6544	          514 	
     6545	          521 	
     6546	          473 	
     6547	          442 	
     6548	          545 	
     6549	          523 	
     6550	          522 	
     6551	          489 	
     6552	          506 	
     6553	          496 	
     6554	          501 	
     6555	          499 	
     6556	          473 	
     6557	          462 	
     6558	          468 	
     6559	          527 	
     6560	          472 	
     6561	          509 	
     6562	          450 	
     6563	          537 	
     6564	          557 	
     6565	          493 	
     6566	          459 	
     6567	          563 	
     6568	          521 	
     6569	          464 	
     6570	          470 	
     6571	          494 	
     6572	          481 	
     6573	          500 	
     6574	          467 	
     6575	          487 	
     6576	          502 	
     6577	          489 	
     6578	          486 	
     6579	          498 	
     6580	          476 	
     6581	          492 	
     6582	          559 	
     6583	          533 	
     6584	          475 	
     6585	          473 	
     6586	          504 	
     6587	          511 	
     6588	          483 	
     6589	          487 	
     6590	          522 	
     6591	          512 	
     6592	          526 	
     6593	          453 	
     6594	          494 	
     6595	          518 	
     6596	          532 	
     6597	          507 	
     6598	          460 	
     6599	          479 	
     6600	          500 	
     6601	          483 	
     6602	          505 	
     6603	          449 	
     6604	          454 	
     6605	          493 	
     6606	          550 	
     6607	          481 	
     6608	          441 	
     6609	          459 	
     6610	          577 	
     6611	          549 	
     6612	          571 	
     6613	          524 	
     6614	          556 	
     6615	          519 	
     6616	          481 	
     6617	          487 	
     6618	          502 	
     6619	          508 	
     6620	          456 	
     6621	          450 	
     6622	          470 	
     6623	          468 	
     6624	          449 	
     6625	          462 	
     6626	          463 	
     6627	          494 	
     6628	          492 	
     6629	          571 	
     6630	          524 	
     6631	          493 	
     6632	          485 	
     6633	          509 	
     6634	          547 	
     6635	          499 	
     6636	          528 	
     6637	          532 	
     6638	          515 	
     6639	          494 	
     6640	          521 	
     6641	          459 	
     6642	          519 	
     6643	          512 	
     6644	          533 	
     6645	          441 	
     6646	          458 	
     6647	          474 	
     6648	          451 	
     6649	          486 	
     6650	          488 	
     6651	          476 	
     6652	          516 	
     6653	          516 	
     6654	          482 	
     6655	          484 	
     6656	          452 	
     6657	          534 	
     6658	          501 	
     6659	          557 	
     6660	          553 	
     6661	          531 	
     6662	          538 	
     6663	          514 	
     6664	          468 	
     6665	          477 	
     6666	          563 	
     6667	          536 	
     6668	          460 	
     6669	          473 	
     6670	          514 	
     6671	          465 	
     6672	          484 	
     6673	          442 	
     6674	          466 	
     6675	          519 	
     6676	          514 	
     6677	          524 	
     6678	          494 	
     6679	          480 	
     6680	          453 	
     6681	          530 	
     6682	          534 	
     6683	          520 	
     6684	          548 	
     6685	          545 	
     6686	          522 	
     6687	          500 	
     6688	          493 	
     6689	          471 	
     6690	          493 	
     6691	          525 	
     6692	          490 	
     6693	          432 	
     6694	          456 	
     6695	          470 	
     6696	          473 	
     6697	          514 	
     6698	          466 	
     6699	          529 	
     6700	          497 	
     6701	          547 	
     6702	          447 	
     6703	          453 	
     6704	          540 	
     6705	          550 	
     6706	          531 	
     6707	          510 	
     6708	          510 	
     6709	          506 	
     6710	          551 	
     6711	          484 	
     6712	          474 	
     6713	          489 	
     6714	          488 	
     6715	          473 	
     6716	          494 	
     6717	          463 	
     6718	          505 	
     6719	          516 	
     6720	          471 	
     6721	          465 	
     6722	          471 	
     6723	          489 	
     6724	          501 	
     6725	          498 	
     6726	          450 	
     6727	          470 	
     6728	          509 	
     6729	          568 	
     6730	          533 	
     6731	          499 	
     6732	          580 	
     6733	          573 	
     6734	          486 	
     6735	          496 	
     6736	          448 	
     6737	          563 	
     6738	          521 	
     6739	          508 	
     6740	          441 	
     6741	          457 	
     6742	          480 	
     6743	          461 	
     6744	          488 	
     6745	          500 	
     6746	          479 	
     6747	          500 	
     6748	          490 	
     6749	          501 	
     6750	          495 	
     6751	          533 	
     6752	          551 	
     6753	          524 	
     6754	          534 	
     6755	          514 	
     6756	          540 	
     6757	          509 	
     6758	          462 	
     6759	          450 	
     6760	          507 	
     6761	          526 	
     6762	          497 	
     6763	          495 	
     6764	          462 	
     6765	          541 	
     6766	          523 	
     6767	          504 	
     6768	          489 	
     6769	          485 	
     6770	          564 	
     6771	          537 	
     6772	          533 	
     6773	          482 	
     6774	          471 	
     6775	          534 	
     6776	          501 	
     6777	          547 	
     6778	          537 	
     6779	          503 	
     6780	          551 	
     6781	          490 	
     6782	          472 	
     6783	          506 	
     6784	          545 	
     6785	          501 	
     6786	          526 	
     6787	          450 	
     6788	          463 	
     6789	          484 	
     6790	          497 	
     6791	          456 	
     6792	          456 	
     6793	          488 	
     6794	          517 	
     6795	          519 	
     6796	          519 	
     6797	          512 	
     6798	          504 	
     6799	          510 	
     6800	          529 	
     6801	          525 	
     6802	          544 	
     6803	          516 	
     6804	          516 	
     6805	          444 	
     6806	          457 	
     6807	          508 	
     6808	          577 	
     6809	          520 	
     6810	          503 	
     6811	          472 	
     6812	          477 	
     6813	          494 	
     6814	          471 	
     6815	          483 	
     6816	          436 	
     6817	          473 	
     6818	          510 	
     6819	          536 	
     6820	          489 	
     6821	          524 	
     6822	          496 	
     6823	          501 	
     6824	          532 	
     6825	          512 	
     6826	          510 	
     6827	          497 	
     6828	          518 	
     6829	          474 	
     6830	          490 	
     6831	          446 	
     6832	          522 	
     6833	          513 	
     6834	          500 	
     6835	          475 	
     6836	          464 	
     6837	          493 	
     6838	          530 	
     6839	          485 	
     6840	          488 	
     6841	          544 	
     6842	          543 	
     6843	          520 	
     6844	          500 	
     6845	          488 	
     6846	          549 	
     6847	          525 	
     6848	          479 	
     6849	          486 	
     6850	          518 	
     6851	          567 	
     6852	          476 	
     6853	          502 	
     6854	          466 	
     6855	          522 	
     6856	          509 	
     6857	          502 	
     6858	          470 	
     6859	          511 	
     6860	          466 	
     6861	          497 	
     6862	          467 	
     6863	          482 	
     6864	          528 	
     6865	          523 	
     6866	          484 	
     6867	          449 	
     6868	          454 	
     6869	          572 	
     6870	          515 	
     6871	          535 	
     6872	          545 	
     6873	          532 	
     6874	          535 	
     6875	          535 	
     6876	          454 	
     6877	          449 	
     6878	          478 	
     6879	          525 	
     6880	          496 	
     6881	          486 	
     6882	          476 	
     6883	          469 	
     6884	          468 	
     6885	          510 	
     6886	          467 	
     6887	          481 	
     6888	          489 	
     6889	          519 	
     6890	          483 	
     6891	          498 	
     6892	          488 	
     6893	          504 	
     6894	          517 	
     6895	          504 	
     6896	          573 	
     6897	          553 	
     6898	          572 	
     6899	          476 	
     6900	          505 	
     6901	          445 	
     6902	          526 	
     6903	          491 	
     6904	          459 	
     6905	          480 	
     6906	          472 	
     6907	          435 	
     6908	          494 	
     6909	          489 	
     6910	          470 	
     6911	          470 	
     6912	          519 	
     6913	          481 	
     6914	          496 	
     6915	          477 	
     6916	          509 	
     6917	          584 	
     6918	          538 	
     6919	          485 	
     6920	          509 	
     6921	          527 	
     6922	          525 	
     6923	          460 	
     6924	          451 	
     6925	          484 	
     6926	          539 	
     6927	          481 	
     6928	          466 	
     6929	          467 	
     6930	          427 	
     6931	          449 	
     6932	          476 	
     6933	          493 	
     6934	          522 	
     6935	          516 	
     6936	          554 	
     6937	          471 	
     6938	          474 	
     6939	          485 	
     6940	          481 	
     6941	          553 	
     6942	          521 	
     6943	          546 	
     6944	          524 	
     6945	          495 	
     6946	          479 	
     6947	          500 	
     6948	          487 	
     6949	          487 	
     6950	          536 	
     6951	          493 	
     6952	          499 	
     6953	          468 	
     6954	          482 	
     6955	          448 	
     6956	          472 	
     6957	          476 	
     6958	          502 	
     6959	          504 	
     6960	          551 	
     6961	          499 	
     6962	          435 	
     6963	          485 	
     6964	          530 	
     6965	          579 	
     6966	          537 	
     6967	          575 	
     6968	          542 	
     6969	          539 	
     6970	          478 	
     6971	          477 	
     6972	          490 	
     6973	          522 	
     6974	          511 	
     6975	          514 	
     6976	          511 	
     6977	          447 	
     6978	          446 	
     6979	          475 	
     6980	          517 	
     6981	          463 	
     6982	          501 	
     6983	          510 	
     6984	          501 	
     6985	          472 	
     6986	          481 	
     6987	          491 	
     6988	          559 	
     6989	          501 	
     6990	          522 	
     6991	          554 	
     6992	          527 	
     6993	          490 	
     6994	          537 	
     6995	          467 	
     6996	          517 	
     6997	          514 	
     6998	          493 	
     6999	          472 	
     7000	          465 	
     7001	          478 	
     7002	          473 	
     7003	          491 	
     7004	          480 	
     7005	          525 	
     7006	          520 	
     7007	          497 	
     7008	          500 	
     7009	          471 	
     7010	          522 	
     7011	          510 	
     7012	          502 	
     7013	          558 	
     7014	          487 	
     7015	          502 	
     7016	          543 	
     7017	          509 	
     7018	          487 	
     7019	          475 	
     7020	          521 	
     7021	          501 	
     7022	          450 	
     7023	          478 	
     7024	          455 	
     7025	          459 	
     7026	          449 	
     7027	          449 	
     7028	          469 	
     7029	          520 	
     7030	          521 	
     7031	          505 	
     7032	          472 	
     7033	          482 	
     7034	          527 	
     7035	          536 	
     7036	          563 	
     7037	          534 	
     7038	          531 	
     7039	          522 	
     7040	          535 	
     7041	          477 	
     7042	          492 	
     7043	          511 	
     7044	          570 	
     7045	          477 	
     7046	          514 	
     7047	          471 	
     7048	          433 	
     7049	          436 	
     7050	          499 	
     7051	          470 	
     7052	          472 	
     7053	          486 	
     7054	          562 	
     7055	          464 	
     7056	          484 	
     7057	          495 	
     7058	          505 	
     7059	          533 	
     7060	          540 	
     7061	          520 	
     7062	          519 	
     7063	          520 	
     7064	          504 	
     7065	          465 	
     7066	          470 	
     7067	          547 	
     7068	          553 	
     7069	          449 	
     7070	          467 	
     7071	          468 	
     7072	          462 	
     7073	          500 	
     7074	          458 	
     7075	          464 	
     7076	          496 	
     7077	          512 	
     7078	          512 	
     7079	          489 	
     7080	          487 	
     7081	          467 	
     7082	          518 	
     7083	          546 	
     7084	          535 	
     7085	          516 	
     7086	          548 	
     7087	          479 	
     7088	          472 	
     7089	          507 	
     7090	          501 	
     7091	          517 	
     7092	          490 	
     7093	          458 	
     7094	          459 	
     7095	          486 	
     7096	          465 	
     7097	          477 	
     7098	          502 	
     7099	          485 	
     7100	          489 	
     7101	          497 	
     7102	          495 	
     7103	          455 	
     7104	          458 	
     7105	          501 	
     7106	          540 	
     7107	          547 	
     7108	          504 	
     7109	          549 	
     7110	          538 	
     7111	          526 	
     7112	          484 	
     7113	          468 	
     7114	          488 	
     7115	          492 	
     7116	          486 	
     7117	          473 	
     7118	          493 	
     7119	          488 	
     7120	          507 	
     7121	          448 	
     7122	          523 	
     7123	          480 	
     7124	          535 	
     7125	          558 	
     7126	          490 	
     7127	          474 	
     7128	          480 	
     7129	          507 	
     7130	          516 	
     7131	          533 	
     7132	          473 	
     7133	          545 	
     7134	          574 	
     7135	          489 	
     7136	          475 	
     7137	          462 	
     7138	          482 	
     7139	          493 	
     7140	          507 	
     7141	          481 	
     7142	          452 	
     7143	          505 	
     7144	          476 	
     7145	          450 	
     7146	          485 	
     7147	          526 	
     7148	          511 	
     7149	          544 	
     7150	          465 	
     7151	          498 	
     7152	          543 	
     7153	          524 	
     7154	          496 	
     7155	          509 	
     7156	          510 	
     7157	          510 	
     7158	          563 	
     7159	          502 	
     7160	          432 	
     7161	          486 	
     7162	          549 	
     7163	          481 	
     7164	          495 	
     7165	          487 	
     7166	          473 	
     7167	          475 	
     7168	          460 	
     7169	          507 	
     7170	          482 	
     7171	          518 	
     7172	          520 	
     7173	          522 	
     7174	          463 	
     7175	          488 	
     7176	          512 	
     7177	          523 	
     7178	          500 	
     7179	          493 	
     7180	          459 	
     7181	          529 	
     7182	          528 	
     7183	          478 	
     7184	          511 	
     7185	          518 	
     7186	          509 	
     7187	          462 	
     7188	          478 	
     7189	          478 	
     7190	          476 	
     7191	          450 	
     7192	          466 	
     7193	          468 	
     7194	          496 	
     7195	          446 	
     7196	          480 	
     7197	          470 	
     7198	          485 	
     7199	          528 	
     7200	          531 	
     7201	          526 	
     7202	          516 	
     7203	          499 	
     7204	          546 	
     7205	          508 	
     7206	          496 	
     7207	          476 	
     7208	          494 	
     7209	          537 	
     7210	          483 	
     7211	          444 	
     7212	          476 	
     7213	          455 	
     7214	          468 	
     7215	          470 	
     7216	          502 	
     7217	          483 	
     7218	          474 	
     7219	          553 	
     7220	          463 	
     7221	          487 	
     7222	          502 	
     7223	          463 	
     7224	          522 	
     7225	          533 	
     7226	          533 	
     7227	          515 	
     7228	          565 	
     7229	          484 	
     7230	          482 	
     7231	          432 	
     7232	          513 	
     7233	          550 	
     7234	          474 	
     7235	          437 	
     7236	          500 	
     7237	          422 	
     7238	          476 	
     7239	          496 	
     7240	          494 	
     7241	          459 	
     7242	          528 	
     7243	          530 	
     7244	          499 	
     7245	          447 	
     7246	          491 	
     7247	          487 	
     7248	          504 	
     7249	          606 	
     7250	          513 	
     7251	          509 	
     7252	          549 	
     7253	          517 	
     7254	          475 	
     7255	          473 	
     7256	          542 	
     7257	          551 	
     7258	          513 	
     7259	          459 	
     7260	          460 	
     7261	          519 	
     7262	          482 	
     7263	          472 	
     7264	          482 	
     7265	          479 	
     7266	          522 	
     7267	          520 	
     7268	          487 	
     7269	          452 	
     7270	          474 	
     7271	          531 	
     7272	          522 	
     7273	          531 	
     7274	          502 	
     7275	          565 	
     7276	          562 	
     7277	          484 	
     7278	          444 	
     7279	          458 	
     7280	          518 	
     7281	          498 	
     7282	          479 	
     7283	          453 	
     7284	          442 	
     7285	          494 	
     7286	          450 	
     7287	          501 	
     7288	          465 	
     7289	          545 	
     7290	          563 	
     7291	          475 	
     7292	          501 	
     7293	          493 	
     7294	          534 	
     7295	          538 	
     7296	          471 	
     7297	          503 	
     7298	          486 	
     7299	          502 	
     7300	          521 	
     7301	          473 	
     7302	          445 	
     7303	          493 	
     7304	          515 	
     7305	          489 	
     7306	          474 	
     7307	          448 	
     7308	          504 	
     7309	          470 	
     7310	          458 	
     7311	          459 	
     7312	          494 	
     7313	          496 	
     7314	          517 	
     7315	          475 	
     7316	          501 	
     7317	          510 	
     7318	          507 	
     7319	          505 	
     7320	          523 	
     7321	          504 	
     7322	          497 	
     7323	          558 	
     7324	          496 	
     7325	          474 	
     7326	          496 	
     7327	          493 	
     7328	          516 	
     7329	          480 	
     7330	          480 	
     7331	          422 	
     7332	          498 	
     7333	          480 	
     7334	          503 	
     7335	          458 	
     7336	          524 	
     7337	          527 	
     7338	          519 	
     7339	          487 	
     7340	          463 	
     7341	          535 	
     7342	          508 	
     7343	          543 	
     7344	          532 	
     7345	          507 	
     7346	          536 	
     7347	          497 	
     7348	          498 	
     7349	          482 	
     7350	          500 	
     7351	          544 	
     7352	          469 	
     7353	          452 	
     7354	          482 	
     7355	          451 	
     7356	          513 	
     7357	          497 	
     7358	          478 	
     7359	          460 	
     7360	          526 	
     7361	          548 	
     7362	          498 	
     7363	          497 	
     7364	          505 	
     7365	          500 	
     7366	          519 	
     7367	          498 	
     7368	          539 	
     7369	          559 	
     7370	          538 	
     7371	          501 	
     7372	          448 	
     7373	          482 	
     7374	          534 	
     7375	          537 	
     7376	          543 	
     7377	          450 	
     7378	          462 	
     7379	          467 	
     7380	          456 	
     7381	          470 	
     7382	          440 	
     7383	          511 	
     7384	          519 	
     7385	          470 	
     7386	          485 	
     7387	          481 	
     7388	          549 	
     7389	          556 	
     7390	          549 	
     7391	          484 	
     7392	          515 	
     7393	          534 	
     7394	          501 	
     7395	          510 	
     7396	          474 	
     7397	          442 	
     7398	          524 	
     7399	          494 	
     7400	          484 	
     7401	          451 	
     7402	          440 	
     7403	          491 	
     7404	          517 	
     7405	          456 	
     7406	          482 	
     7407	          487 	
     7408	          562 	
     7409	          508 	
     7410	          499 	
     7411	          503 	
     7412	          517 	
     7413	          522 	
     7414	          519 	
     7415	          522 	
     7416	          466 	
     7417	          525 	
     7418	          529 	
     7419	          500 	
     7420	          499 	
     7421	          469 	
     7422	          551 	
     7423	          469 	
     7424	          448 	
     7425	          449 	
     7426	          469 	
     7427	          524 	
     7428	          515 	
     7429	          494 	
     7430	          490 	
     7431	          511 	
     7432	          516 	
     7433	          529 	
     7434	          511 	
     7435	          513 	
     7436	          543 	
     7437	          487 	
     7438	          485 	
     7439	          493 	
     7440	          503 	
     7441	          536 	
     7442	          488 	
     7443	          479 	
     7444	          484 	
     7445	          475 	
     7446	          526 	
     7447	          453 	
     7448	          446 	
     7449	          462 	
     7450	          473 	
     7451	          459 	
     7452	          482 	
     7453	          468 	
     7454	          515 	
     7455	          505 	
     7456	          491 	
     7457	          501 	
     7458	          492 	
     7459	          485 	
     7460	          499 	
     7461	          512 	
     7462	          494 	
     7463	          490 	
     7464	          544 	
     7465	          512 	
     7466	          493 	
     7467	          477 	
     7468	          519 	
     7469	          512 	
     7470	          495 	
     7471	          466 	
     7472	          477 	
     7473	          465 	
     7474	          494 	
     7475	          452 	
     7476	          488 	
     7477	          472 	
     7478	          534 	
     7479	          550 	
     7480	          475 	
     7481	          513 	
     7482	          456 	
     7483	          531 	
     7484	          525 	
     7485	          550 	
     7486	          548 	
     7487	          504 	
     7488	          510 	
     7489	          520 	
     7490	          491 	
     7491	          505 	
     7492	          502 	
     7493	          524 	
     7494	          492 	
     7495	          482 	
     7496	          505 	
     7497	          508 	
     7498	          485 	
     7499	          487 	
     7500	          497 	
     7501	          494 	
     7502	          567 	
     7503	          492 	
     7504	          502 	
     7505	          431 	
     7506	          510 	
     7507	          533 	
     7508	          522 	
     7509	          533 	
     7510	          523 	
     7511	          508 	
     7512	          471 	
     7513	          476 	
     7514	          484 	
     7515	          507 	
     7516	          521 	
     7517	          528 	
     7518	          473 	
     7519	          503 	
     7520	          507 	
     7521	          485 	
     7522	          463 	
     7523	          475 	
     7524	          498 	
     7525	          517 	
     7526	          525 	
     7527	          517 	
     7528	          480 	
     7529	          485 	
     7530	          479 	
     7531	          543 	
     7532	          533 	
     7533	          516 	
     7534	          548 	
     7535	          525 	
     7536	          503 	
     7537	          476 	
     7538	          472 	
     7539	          517 	
     7540	          525 	
     7541	          536 	
     7542	          450 	
     7543	          496 	
     7544	          449 	
     7545	          469 	
     7546	          476 	
     7547	          498 	
     7548	          507 	
     7549	          542 	
     7550	          503 	
     7551	          493 	
     7552	          457 	
     7553	          498 	
     7554	          527 	
     7555	          537 	
     7556	          532 	
     7557	          557 	
     7558	          550 	
     7559	          541 	
     7560	          513 	
     7561	          497 	
     7562	          514 	
     7563	          528 	
     7564	          549 	
     7565	          504 	
     7566	          480 	
     7567	          481 	
     7568	          471 	
     7569	          454 	
     7570	          451 	
     7571	          456 	
     7572	          486 	
     7573	          559 	
     7574	          506 	
     7575	          463 	
     7576	          479 	
     7577	          513 	
     7578	          527 	
     7579	          466 	
     7580	          546 	
     7581	          530 	
     7582	          483 	
     7583	          518 	
     7584	          475 	
     7585	          427 	
     7586	          502 	
     7587	          487 	
     7588	          507 	
     7589	          481 	
     7590	          459 	
     7591	          464 	
     7592	          462 	
     7593	          467 	
     7594	          459 	
     7595	          494 	
     7596	          516 	
     7597	          489 	
     7598	          534 	
     7599	          470 	
     7600	          509 	
     7601	          560 	
     7602	          546 	
     7603	          525 	
     7604	          497 	
     7605	          515 	
     7606	          517 	
     7607	          492 	
     7608	          513 	
     7609	          460 	
     7610	          557 	
     7611	          509 	
     7612	          510 	
     7613	          464 	
     7614	          510 	
     7615	          458 	
     7616	          510 	
     7617	          521 	
     7618	          492 	
     7619	          504 	
     7620	          580 	
     7621	          530 	
     7622	          488 	
     7623	          482 	
     7624	          520 	
     7625	          544 	
     7626	          565 	
     7627	          546 	
     7628	          541 	
     7629	          565 	
     7630	          533 	
     7631	          471 	
     7632	          479 	
     7633	          488 	
     7634	          555 	
     7635	          557 	
     7636	          474 	
     7637	          494 	
     7638	          520 	
     7639	          481 	
     7640	          498 	
     7641	          493 	
     7642	          487 	
     7643	          559 	
     7644	          493 	
     7645	          515 	
     7646	          475 	
     7647	          532 	
     7648	          513 	
     7649	          549 	
     7650	          572 	
     7651	          532 	
     7652	          557 	
     7653	          479 	
     7654	          519 	
     7655	          504 	
     7656	          473 	
     7657	          564 	
     7658	          534 	
     7659	          482 	
     7660	          473 	
     7661	          490 	
     7662	          473 	
     7663	          455 	
     7664	          467 	
     7665	          469 	
     7666	          504 	
     7667	          505 	
     7668	          543 	
     7669	          490 	
     7670	          512 	
     7671	          497 	
     7672	          542 	
     7673	          511 	
     7674	          514 	
     7675	          517 	
     7676	          573 	
     7677	          503 	
     7678	          489 	
     7679	          472 	
     7680	          476 	
     7681	          507 	
     7682	          565 	
     7683	          508 	
     7684	          490 	
     7685	          509 	
     7686	          477 	
     7687	          465 	
     7688	          501 	
     7689	          504 	
     7690	          490 	
     7691	          574 	
     7692	          514 	
     7693	          479 	
     7694	          478 	
     7695	          495 	
     7696	          532 	
     7697	          508 	
     7698	          510 	
     7699	          536 	
     7700	          565 	
     7701	          538 	
     7702	          479 	
     7703	          511 	
     7704	          504 	
     7705	          551 	
     7706	          500 	
     7707	          501 	
     7708	          502 	
     7709	          506 	
     7710	          474 	
     7711	          493 	
     7712	          483 	
     7713	          510 	
     7714	          526 	
     7715	          477 	
     7716	          466 	
     7717	          462 	
     7718	          440 	
     7719	          540 	
     7720	          542 	
     7721	          498 	
     7722	          499 	
     7723	          516 	
     7724	          472 	
     7725	          526 	
     7726	          495 	
     7727	          511 	
     7728	          510 	
     7729	          526 	
     7730	          471 	
     7731	          480 	
     7732	          512 	
     7733	          508 	
     7734	          452 	
     7735	          441 	
     7736	          484 	
     7737	          523 	
     7738	          606 	
     7739	          557 	
     7740	          476 	
     7741	          511 	
     7742	          498 	
     7743	          542 	
     7744	          547 	
     7745	          516 	
     7746	          512 	
     7747	          515 	
     7748	          567 	
     7749	          490 	
     7750	          501 	
     7751	          470 	
     7752	          540 	
     7753	          499 	
     7754	          503 	
     7755	          503 	
     7756	          497 	
     7757	          500 	
     7758	          487 	
     7759	          488 	
     7760	          469 	
     7761	          553 	
     7762	          508 	
     7763	          458 	
     7764	          478 	
     7765	          490 	
     7766	          567 	
     7767	          559 	
     7768	          523 	
     7769	          553 	
     7770	          507 	
     7771	          526 	
     7772	          497 	
     7773	          477 	
     7774	          464 	
     7775	          494 	
     7776	          548 	
     7777	          491 	
     7778	          477 	
     7779	          485 	
     7780	          511 	
     7781	          458 	
     7782	          467 	
     7783	          497 	
     7784	          511 	
     7785	          544 	
     7786	          525 	
     7787	          483 	
     7788	          507 	
     7789	          470 	
     7790	          552 	
     7791	          498 	
     7792	          514 	
     7793	          538 	
     7794	          517 	
     7795	          549 	
     7796	          474 	
     7797	          470 	
     7798	          487 	
     7799	          523 	
     7800	          549 	
     7801	          466 	
     7802	          522 	
     7803	          506 	
     7804	          473 	
     7805	          506 	
     7806	          481 	
     7807	          499 	
     7808	          514 	
     7809	          502 	
     7810	          462 	
     7811	          466 	
     7812	          487 	
     7813	          489 	
     7814	          567 	
     7815	          534 	
     7816	          533 	
     7817	          528 	
     7818	          586 	
     7819	          488 	
     7820	          469 	
     7821	          483 	
     7822	          510 	
     7823	          529 	
     7824	          473 	
     7825	          488 	
     7826	          471 	
     7827	          461 	
     7828	          483 	
     7829	          414 	
     7830	          482 	
     7831	          499 	
     7832	          547 	
     7833	          512 	
     7834	          465 	
     7835	          459 	
     7836	          489 	
     7837	          535 	
     7838	          532 	
     7839	          543 	
     7840	          545 	
     7841	          547 	
     7842	          547 	
     7843	          518 	
     7844	          471 	
     7845	          473 	
     7846	          515 	
     7847	          492 	
     7848	          533 	
     7849	          488 	
     7850	          452 	
     7851	          482 	
     7852	          470 	
     7853	          526 	
     7854	          436 	
     7855	          500 	
     7856	          542 	
     7857	          521 	
     7858	          459 	
     7859	          487 	
     7860	          533 	
     7861	          548 	
     7862	          492 	
     7863	          517 	
     7864	          523 	
     7865	          521 	
     7866	          549 	
     7867	          486 	
     7868	          480 	
     7869	          456 	
     7870	          520 	
     7871	          531 	
     7872	          514 	
     7873	          447 	
     7874	          508 	
     7875	          495 	
     7876	          502 	
     7877	          493 	
     7878	          475 	
     7879	          494 	
     7880	          525 	
     7881	          475 	
     7882	          481 	
     7883	          510 	
     7884	          554 	
     7885	          496 	
     7886	          477 	
     7887	          535 	
     7888	          493 	
     7889	          534 	
     7890	          514 	
     7891	          496 	
     7892	          511 	
     7893	          510 	
     7894	          505 	
     7895	          496 	
     7896	          466 	
     7897	          459 	
     7898	          441 	
     7899	          477 	
     7900	          448 	
     7901	          497 	
     7902	          486 	
     7903	          531 	
     7904	          462 	
     7905	          460 	
     7906	          505 	
     7907	          529 	
     7908	          535 	
     7909	          519 	
     7910	          512 	
     7911	          539 	
     7912	          479 	
     7913	          498 	
     7914	          466 	
     7915	          504 	
     7916	          467 	
     7917	          531 	
     7918	          530 	
     7919	          464 	
     7920	          469 	
     7921	          478 	
     7922	          478 	
     7923	          484 	
     7924	          497 	
     7925	          512 	
     7926	          499 	
     7927	          563 	
     7928	          500 	
     7929	          440 	
     7930	          517 	
     7931	          499 	
     7932	          535 	
     7933	          545 	
     7934	          507 	
     7935	          530 	
     7936	          505 	
     7937	          518 	
     7938	          499 	
     7939	          501 	
     7940	          542 	
     7941	          522 	
     7942	          499 	
     7943	          505 	
     7944	          441 	
     7945	          524 	
     7946	          476 	
     7947	          480 	
     7948	          523 	
     7949	          491 	
     7950	          546 	
     7951	          525 	
     7952	          497 	
     7953	          489 	
     7954	          527 	
     7955	          552 	
     7956	          537 	
     7957	          509 	
     7958	          534 	
     7959	          476 	
     7960	          508 	
     7961	          504 	
     7962	          500 	
     7963	          509 	
     7964	          521 	
     7965	          518 	
     7966	          506 	
     7967	          480 	
     7968	          464 	
     7969	          465 	
     7970	          468 	
     7971	          478 	
     7972	          460 	
     7973	          480 	
     7974	          515 	
     7975	          549 	
     7976	          494 	
     7977	          494 	
     7978	          543 	
     7979	          549 	
     7980	          524 	
     7981	          522 	
     7982	          513 	
     7983	          503 	
     7984	          523 	
     7985	          469 	
     7986	          429 	
     7987	          528 	
     7988	          553 	
     7989	          483 	
     7990	          436 	
     7991	          493 	
     7992	          440 	
     7993	          507 	
     7994	          502 	
     7995	          480 	
     7996	          489 	
     7997	          521 	
     7998	          537 	
     7999	          511 	
     8000	          488 	
     8001	          514 	
     8002	          521 	
     8003	          515 	
     8004	          489 	
     8005	          485 	
     8006	          534 	
     8007	          526 	
     8008	          503 	
     8009	          506 	
     8010	          497 	
     8011	          512 	
     8012	          528 	
     8013	          513 	
     8014	          510 	
     8015	          489 	
     8016	          485 	
     8017	          488 	
     8018	          452 	
     8019	          501 	
     8020	          491 	
     8021	          549 	
     8022	          520 	
     8023	          458 	
     8024	          465 	
     8025	          471 	
     8026	          524 	
     8027	          501 	
     8028	          488 	
     8029	          511 	
     8030	          522 	
     8031	          534 	
     8032	          479 	
     8033	          464 	
     8034	          468 	
     8035	          511 	
     8036	          529 	
     8037	          478 	
     8038	          499 	
     8039	          450 	
     8040	          477 	
     8041	          444 	
     8042	          469 	
     8043	          512 	
     8044	          490 	
     8045	          534 	
     8046	          494 	
     8047	          454 	
     8048	          473 	
     8049	          555 	
     8050	          496 	
     8051	          553 	
     8052	          528 	
     8053	          558 	
     8054	          524 	
     8055	          467 	
     8056	          457 	
     8057	          468 	
     8058	          496 	
     8059	          528 	
     8060	          516 	
     8061	          490 	
     8062	          501 	
     8063	          482 	
     8064	          466 	
     8065	          477 	
     8066	          436 	
     8067	          497 	
     8068	          482 	
     8069	          572 	
     8070	          493 	
     8071	          464 	
     8072	          533 	
     8073	          531 	
     8074	          524 	
     8075	          541 	
     8076	          509 	
     8077	          518 	
     8078	          532 	
     8079	          496 	
     8080	          443 	
     8081	          473 	
     8082	          529 	
     8083	          486 	
     8084	          479 	
     8085	          453 	
     8086	          477 	
     8087	          476 	
     8088	          430 	
     8089	          475 	
     8090	          465 	
     8091	          481 	
     8092	          533 	
     8093	          509 	
     8094	          439 	
     8095	          516 	
     8096	          471 	
     8097	          526 	
     8098	          520 	
     8099	          498 	
     8100	          512 	
     8101	          489 	
     8102	          533 	
     8103	          441 	
     8104	          450 	
     8105	          495 	
     8106	          511 	
     8107	          511 	
     8108	          466 	
     8109	          464 	
     8110	          457 	
     8111	          504 	
     8112	          467 	
     8113	          466 	
     8114	          475 	
     8115	          517 	
     8116	          533 	
     8117	          527 	
     8118	          461 	
     8119	          494 	
     8120	          526 	
     8121	          538 	
     8122	          531 	
     8123	          528 	
     8124	          523 	
     8125	          514 	
     8126	          541 	
     8127	          478 	
     8128	          453 	
     8129	          496 	
     8130	          545 	
     8131	          518 	
     8132	          434 	
     8133	          461 	
     8134	          473 	
     8135	          486 	
     8136	          477 	
     8137	          510 	
     8138	          465 	
     8139	          533 	
     8140	          505 	
     8141	          469 	
     8142	          508 	
     8143	          521 	
     8144	          539 	
     8145	          482 	
     8146	          523 	
     8147	          523 	
     8148	          526 	
     8149	          495 	
     8150	          464 	
     8151	          472 	
     8152	          479 	
     8153	          497 	
     8154	          502 	
     8155	          498 	
     8156	          465 	
     8157	          490 	
     8158	          493 	
     8159	          488 	
     8160	          508 	
     8161	          475 	
     8162	          481 	
     8163	          550 	
     8164	          491 	
     8165	          497 	
     8166	          458 	
     8167	          548 	
     8168	          540 	
     8169	          534 	
     8170	          486 	
     8171	          554 	
     8172	          516 	
     8173	          549 	
     8174	          467 	
     8175	          462 	
     8176	          500 	
     8177	          512 	
     8178	          525 	
     8179	          481 	
     8180	          468 	
     8181	          501 	
     8182	          468 	
     8183	          510 	
     8184	          454 	
     8185	          488 	
     8186	          491 	
     8187	          556 	
     8188	          506 	
     8189	          471 	
     8190	          500 	
     8191	          527 	
     8192	          545 	
     8193	          507 	
     8194	          498 	
     8195	          547 	
     8196	          511 	
     8197	          464 	
     8198	          446 	
     8199	          459 	
     8200	          534 	
     8201	          497 	
     8202	          505 	
     8203	          458 	
     8204	          440 	
     8205	          459 	
     8206	          475 	
     8207	          497 	
     8208	          440 	
     8209	          476 	
     8210	          547 	
     8211	          534 	
     8212	          493 	
     8213	          485 	
     8214	          497 	
     8215	          506 	
     8216	          510 	
     8217	          504 	
     8218	          485 	
     8219	          567 	
     8220	          484 	
     8221	          554 	
     8222	          495 	
     8223	          511 	
     8224	          561 	
     8225	          495 	
     8226	          486 	
     8227	          477 	
     8228	          456 	
     8229	          491 	
     8230	          461 	
     8231	          487 	
     8232	          483 	
     8233	          497 	
     8234	          525 	
     8235	          536 	
     8236	          460 	
     8237	          498 	
     8238	          531 	
     8239	          515 	
     8240	          503 	
     8241	          507 	
     8242	          551 	
     8243	          526 	
     8244	          516 	
     8245	          510 	
     8246	          475 	
     8247	          520 	
     8248	          554 	
     8249	          498 	
     8250	          472 	
     8251	          505 	
     8252	          501 	
     8253	          502 	
     8254	          473 	
     8255	          474 	
     8256	          518 	
     8257	          517 	
     8258	          564 	
     8259	          459 	
     8260	          474 	
     8261	          511 	
     8262	          545 	
     8263	          514 	
     8264	          498 	
     8265	          475 	
     8266	          528 	
     8267	          526 	
     8268	          443 	
     8269	          533 	
     8270	          470 	
     8271	          531 	
     8272	          545 	
     8273	          514 	
     8274	          470 	
     8275	          492 	
     8276	          504 	
     8277	          470 	
     8278	          452 	
     8279	          483 	
     8280	          471 	
     8281	          550 	
     8282	          535 	
     8283	          458 	
     8284	          501 	
     8285	          520 	
     8286	          533 	
     8287	          485 	
     8288	          506 	
     8289	          521 	
     8290	          566 	
     8291	          528 	
     8292	          485 	
     8293	          458 	
     8294	          518 	
     8295	          531 	
     8296	          488 	
     8297	          480 	
     8298	          468 	
     8299	          516 	
     8300	          502 	
     8301	          466 	
     8302	          479 	
     8303	          477 	
     8304	          527 	
     8305	          487 	
     8306	          484 	
     8307	          486 	
     8308	          462 	
     8309	          491 	
     8310	          543 	
     8311	          528 	
     8312	          543 	
     8313	          536 	
     8314	          493 	
     8315	          491 	
     8316	          445 	
     8317	          430 	
     8318	          515 	
     8319	          514 	
     8320	          498 	
     8321	          513 	
     8322	          462 	
     8323	          501 	
     8324	          499 	
     8325	          494 	
     8326	          491 	
     8327	          510 	
     8328	          542 	
     8329	          520 	
     8330	          499 	
     8331	          459 	
     8332	          512 	
     8333	          539 	
     8334	          523 	
     8335	          514 	
     8336	          529 	
     8337	          531 	
     8338	          491 	
     8339	          513 	
     8340	          496 	
     8341	          475 	
     8342	          525 	
     8343	          508 	
     8344	          443 	
     8345	          448 	
     8346	          498 	
     8347	          506 	
     8348	          467 	
     8349	          441 	
     8350	          472 	
     8351	          508 	
     8352	          536 	
     8353	          501 	
     8354	          445 	
     8355	          468 	
     8356	          520 	
     8357	          532 	
     8358	          555 	
     8359	          558 	
     8360	          502 	
     8361	          549 	
     8362	          520 	
     8363	          486 	
     8364	          481 	
     8365	          542 	
     8366	          513 	
     8367	          509 	
     8368	          486 	
     8369	          465 	
     8370	          508 	
     8371	          478 	
     8372	          466 	
     8373	          475 	
     8374	          486 	
     8375	          512 	
     8376	          528 	
     8377	          482 	
     8378	          500 	
     8379	          500 	
     8380	          507 	
     8381	          503 	
     8382	          562 	
     8383	          538 	
     8384	          471 	
     8385	          525 	
     8386	          481 	
     8387	          457 	
     8388	          463 	
     8389	          496 	
     8390	          522 	
     8391	          537 	
     8392	          481 	
     8393	          460 	
     8394	          478 	
     8395	          448 	
     8396	          455 	
     8397	          492 	
     8398	          509 	
     8399	          545 	
     8400	          506 	
     8401	          495 	
     8402	          461 	
     8403	          508 	
     8404	          524 	
     8405	          504 	
     8406	          532 	
     8407	          536 	
     8408	          490 	
     8409	          539 	
     8410	          490 	
     8411	          487 	
     8412	          501 	
     8413	          512 	
     8414	          502 	
     8415	          440 	
     8416	          504 	
     8417	          507 	
     8418	          525 	
     8419	          467 	
     8420	          441 	
     8421	          464 	
     8422	          461 	
     8423	          526 	
     8424	          487 	
     8425	          485 	
     8426	          487 	
     8427	          534 	
     8428	          522 	
     8429	          534 	
     8430	          528 	
     8431	          567 	
     8432	          541 	
     8433	          483 	
     8434	          462 	
     8435	          496 	
     8436	          523 	
     8437	          537 	
     8438	          475 	
     8439	          448 	
     8440	          526 	
     8441	          507 	
     8442	          487 	
     8443	          491 	
     8444	          476 	
     8445	          508 	
     8446	          543 	
     8447	          508 	
     8448	          494 	
     8449	          521 	
     8450	          488 	
     8451	          566 	
     8452	          540 	
     8453	          522 	
     8454	          547 	
     8455	          554 	
     8456	          524 	
     8457	          460 	
     8458	          478 	
     8459	          506 	
     8460	          554 	
     8461	          504 	
     8462	          509 	
     8463	          457 	
     8464	          461 	
     8465	          511 	
     8466	          479 	
     8467	          473 	
     8468	          480 	
     8469	          493 	
     8470	          526 	
     8471	          483 	
     8472	          502 	
     8473	          506 	
     8474	          478 	
     8475	          546 	
     8476	          538 	
     8477	          542 	
     8478	          547 	
     8479	          481 	
     8480	          489 	
     8481	          503 	
     8482	          485 	
     8483	          523 	
     8484	          566 	
     8485	          465 	
     8486	          447 	
     8487	          465 	
     8488	          460 	
     8489	          458 	
     8490	          515 	
     8491	          493 	
     8492	          544 	
     8493	          526 	
     8494	          481 	
     8495	          473 	
     8496	          478 	
     8497	          491 	
     8498	          519 	
     8499	          526 	
     8500	          557 	
     8501	          547 	
     8502	          545 	
     8503	          518 	
     8504	          523 	
     8505	          488 	
     8506	          525 	
     8507	          488 	
     8508	          505 	
     8509	          506 	
     8510	          487 	
     8511	          510 	
     8512	          457 	
     8513	          475 	
     8514	          523 	
     8515	          501 	
     8516	          485 	
     8517	          544 	
     8518	          532 	
     8519	          469 	
     8520	          476 	
     8521	          503 	
     8522	          501 	
     8523	          524 	
     8524	          525 	
     8525	          565 	
     8526	          543 	
     8527	          485 	
     8528	          464 	
     8529	          502 	
     8530	          483 	
     8531	          527 	
     8532	          547 	
     8533	          510 	
     8534	          478 	
     8535	          468 	
     8536	          484 	
     8537	          492 	
     8538	          479 	
     8539	          443 	
     8540	          471 	
     8541	          524 	
     8542	          523 	
     8543	          453 	
     8544	          471 	
     8545	          525 	
     8546	          560 	
     8547	          505 	
     8548	          550 	
     8549	          463 	
     8550	          518 	
     8551	          520 	
     8552	          488 	
     8553	          479 	
     8554	          536 	
     8555	          507 	
     8556	          504 	
     8557	          499 	
     8558	          476 	
     8559	          534 	
     8560	          456 	
     8561	          479 	
     8562	          457 	
     8563	          495 	
     8564	          516 	
     8565	          535 	
     8566	          538 	
     8567	          504 	
     8568	          555 	
     8569	          523 	
     8570	          519 	
     8571	          510 	
     8572	          497 	
     8573	          566 	
     8574	          553 	
     8575	          490 	
     8576	          485 	
     8577	          520 	
     8578	          559 	
     8579	          469 	
     8580	          504 	
     8581	          493 	
     8582	          516 	
     8583	          485 	
     8584	          493 	
     8585	          536 	
     8586	          443 	
     8587	          516 	
     8588	          533 	
     8589	          483 	
     8590	          501 	
     8591	          449 	
     8592	          500 	
     8593	          500 	
     8594	          553 	
     8595	          526 	
     8596	          515 	
     8597	          541 	
     8598	          498 	
     8599	          487 	
     8600	          495 	
     8601	          524 	
     8602	          511 	
     8603	          486 	
     8604	          471 	
     8605	          494 	
     8606	          485 	
     8607	          468 	
     8608	          450 	
     8609	          462 	
     8610	          494 	
     8611	          539 	
     8612	          550 	
     8613	          501 	
     8614	          486 	
     8615	          480 	
     8616	          492 	
     8617	          542 	
     8618	          575 	
     8619	          567 	
     8620	          561 	
     8621	          501 	
     8622	          450 	
     8623	          495 	
     8624	          484 	
     8625	          555 	
     8626	          528 	
     8627	          482 	
     8628	          479 	
     8629	          500 	
     8630	          484 	
     8631	          486 	
     8632	          458 	
     8633	          458 	
     8634	          524 	
     8635	          492 	
     8636	          538 	
     8637	          504 	
     8638	          482 	
     8639	          513 	
     8640	          518 	
     8641	          522 	
     8642	          548 	
     8643	          505 	
     8644	          533 	
     8645	          486 	
     8646	          461 	
     8647	          470 	
     8648	          493 	
     8649	          534 	
     8650	          488 	
     8651	          487 	
     8652	          514 	
     8653	          477 	
     8654	          493 	
     8655	          473 	
     8656	          446 	
     8657	          480 	
     8658	          476 	
     8659	          573 	
     8660	          511 	
     8661	          426 	
     8662	          460 	
     8663	          504 	
     8664	          536 	
     8665	          549 	
     8666	          595 	
     8667	          505 	
     8668	          483 	
     8669	          496 	
     8670	          491 	
     8671	          458 	
     8672	          557 	
     8673	          502 	
     8674	          448 	
     8675	          483 	
     8676	          483 	
     8677	          504 	
     8678	          468 	
     8679	          457 	
     8680	          472 	
     8681	          472 	
     8682	          532 	
     8683	          508 	
     8684	          491 	
     8685	          494 	
     8686	          489 	
     8687	          520 	
     8688	          556 	
     8689	          516 	
     8690	          520 	
     8691	          523 	
     8692	          510 	
     8693	          475 	
     8694	          484 	
     8695	          484 	
     8696	          624 	
     8697	          487 	
     8698	          493 	
     8699	          490 	
     8700	          505 	
     8701	          501 	
     8702	          476 	
     8703	          489 	
     8704	          476 	
     8705	          498 	
     8706	          494 	
     8707	          494 	
     8708	          516 	
     8709	          475 	
     8710	          452 	
     8711	          526 	
     8712	          490 	
     8713	          516 	
     8714	          535 	
     8715	          555 	
     8716	          481 	
     8717	          506 	
     8718	          502 	
     8719	          502 	
     8720	          493 	
     8721	          490 	
     8722	          465 	
     8723	          444 	
     8724	          520 	
     8725	          502 	
     8726	          483 	
     8727	          509 	
     8728	          490 	
     8729	          514 	
     8730	          546 	
     8731	          450 	
     8732	          491 	
     8733	          486 	
     8734	          507 	
     8735	          573 	
     8736	          560 	
     8737	          549 	
     8738	          548 	
     8739	          504 	
     8740	          482 	
     8741	          494 	
     8742	          532 	
     8743	          541 	
     8744	          485 	
     8745	          431 	
     8746	          494 	
     8747	          461 	
     8748	          474 	
     8749	          494 	
     8750	          530 	
     8751	          485 	
     8752	          527 	
     8753	          521 	
     8754	          495 	
     8755	          438 	
     8756	          495 	
     8757	          523 	
     8758	          516 	
     8759	          552 	
     8760	          558 	
     8761	          538 	
     8762	          556 	
     8763	          490 	
     8764	          449 	
     8765	          507 	
     8766	          525 	
     8767	          507 	
     8768	          500 	
     8769	          501 	
     8770	          494 	
     8771	          491 	
     8772	          426 	
     8773	          496 	
     8774	          477 	
     8775	          484 	
     8776	          501 	
     8777	          498 	
     8778	          468 	
     8779	          489 	
     8780	          524 	
     8781	          507 	
     8782	          559 	
     8783	          497 	
     8784	          566 	
     8785	          544 	
     8786	          531 	
     8787	          465 	
     8788	          470 	
     8789	          506 	
     8790	          513 	
     8791	          533 	
     8792	          477 	
     8793	          498 	
     8794	          478 	
     8795	          502 	
     8796	          575 	
     8797	          488 	
     8798	          472 	
     8799	          481 	
     8800	          468 	
     8801	          532 	
     8802	          528 	
     8803	          466 	
     8804	          503 	
     8805	          520 	
     8806	          548 	
     8807	          550 	
     8808	          519 	
     8809	          554 	
     8810	          446 	
     8811	          465 	
     8812	          459 	
     8813	          511 	
     8814	          553 	
     8815	          525 	
     8816	          513 	
     8817	          472 	
     8818	          471 	
     8819	          497 	
     8820	          453 	
     8821	          497 	
     8822	          449 	
     8823	          520 	
     8824	          522 	
     8825	          553 	
     8826	          544 	
     8827	          492 	
     8828	          466 	
     8829	          521 	
     8830	          580 	
     8831	          541 	
     8832	          532 	
     8833	          564 	
     8834	          513 	
     8835	          522 	
     8836	          474 	
     8837	          541 	
     8838	          528 	
     8839	          449 	
     8840	          470 	
     8841	          469 	
     8842	          502 	
     8843	          534 	
     8844	          483 	
     8845	          469 	
     8846	          479 	
     8847	          503 	
     8848	          564 	
     8849	          499 	
     8850	          487 	
     8851	          453 	
     8852	          537 	
     8853	          547 	
     8854	          551 	
     8855	          542 	
     8856	          503 	
     8857	          496 	
     8858	          496 	
     8859	          499 	
     8860	          473 	
     8861	          551 	
     8862	          512 	
     8863	          491 	
     8864	          522 	
     8865	          482 	
     8866	          453 	
     8867	          495 	
     8868	          493 	
     8869	          479 	
     8870	          476 	
     8871	          541 	
     8872	          566 	
     8873	          475 	
     8874	          469 	
     8875	          491 	
     8876	          521 	
     8877	          534 	
     8878	          519 	
     8879	          532 	
     8880	          543 	
     8881	          460 	
     8882	          542 	
     8883	          460 	
     8884	          531 	
     8885	          514 	
     8886	          483 	
     8887	          475 	
     8888	          472 	
     8889	          501 	
     8890	          469 	
     8891	          461 	
     8892	          498 	
     8893	          454 	
     8894	          526 	
     8895	          539 	
     8896	          493 	
     8897	          437 	
     8898	          512 	
     8899	          514 	
     8900	          502 	
     8901	          507 	
     8902	          546 	
     8903	          598 	
     8904	          537 	
     8905	          522 	
     8906	          478 	
     8907	          502 	
     8908	          489 	
     8909	          548 	
     8910	          486 	
     8911	          460 	
     8912	          452 	
     8913	          471 	
     8914	          463 	
     8915	          444 	
     8916	          480 	
     8917	          481 	
     8918	          510 	
     8919	          519 	
     8920	          490 	
     8921	          493 	
     8922	          472 	
     8923	          531 	
     8924	          561 	
     8925	          573 	
     8926	          531 	
     8927	          527 	
     8928	          484 	
     8929	          490 	
     8930	          487 	
     8931	          484 	
     8932	          512 	
     8933	          503 	
     8934	          455 	
     8935	          477 	
     8936	          469 	
     8937	          470 	
     8938	          504 	
     8939	          472 	
     8940	          462 	
     8941	          501 	
     8942	          514 	
     8943	          536 	
     8944	          473 	
     8945	          504 	
     8946	          512 	
     8947	          501 	
     8948	          522 	
     8949	          498 	
     8950	          595 	
     8951	          552 	
     8952	          466 	
     8953	          469 	
     8954	          473 	
     8955	          516 	
     8956	          507 	
     8957	          555 	
     8958	          484 	
     8959	          441 	
     8960	          474 	
     8961	          511 	
     8962	          487 	
     8963	          477 	
     8964	          506 	
     8965	          474 	
     8966	          565 	
     8967	          468 	
     8968	          486 	
     8969	          473 	
     8970	          519 	
     8971	          558 	
     8972	          549 	
     8973	          516 	
     8974	          558 	
     8975	          489 	
     8976	          456 	
     8977	          502 	
     8978	          495 	
     8979	          497 	
     8980	          497 	
     8981	          529 	
     8982	          472 	
     8983	          477 	
     8984	          519 	
     8985	          519 	
     8986	          485 	
     8987	          502 	
     8988	          458 	
     8989	          550 	
     8990	          552 	
     8991	          462 	
     8992	          482 	
     8993	          520 	
     8994	          526 	
     8995	          545 	
     8996	          530 	
     8997	          534 	
     8998	          547 	
     8999	          549 	
     9000	          513 	
     9001	          497 	
     9002	          523 	
     9003	          532 	
     9004	          493 	
     9005	          472 	
     9006	          454 	
     9007	          489 	
     9008	          462 	
     9009	          474 	
     9010	          434 	
     9011	          459 	
     9012	          490 	
     9013	          539 	
     9014	          492 	
     9015	          472 	
     9016	          472 	
     9017	          481 	
     9018	          526 	
     9019	          549 	
     9020	          537 	
     9021	          552 	
     9022	          529 	
     9023	          461 	
     9024	          527 	
     9025	          504 	
     9026	          497 	
     9027	          577 	
     9028	          475 	
     9029	          476 	
     9030	          493 	
     9031	          456 	
     9032	          492 	
     9033	          471 	
     9034	          477 	
     9035	          496 	
     9036	          488 	
     9037	          577 	
     9038	          511 	
     9039	          515 	
     9040	          503 	
     9041	          507 	
     9042	          528 	
     9043	          520 	
     9044	          533 	
     9045	          482 	
     9046	          547 	
     9047	          506 	
     9048	          465 	
     9049	          500 	
     9050	          486 	
     9051	          499 	
     9052	          461 	
     9053	          463 	
     9054	          455 	
     9055	          469 	
     9056	          441 	
     9057	          455 	
     9058	          472 	
     9059	          489 	
     9060	          466 	
     9061	          524 	
     9062	          465 	
     9063	          475 	
     9064	          475 	
     9065	          542 	
     9066	          506 	
     9067	          551 	
     9068	          501 	
     9069	          519 	
     9070	          490 	
     9071	          495 	
     9072	          463 	
     9073	          515 	
     9074	          559 	
     9075	          450 	
     9076	          469 	
     9077	          466 	
     9078	          528 	
     9079	          499 	
     9080	          465 	
     9081	          487 	
     9082	          501 	
     9083	          489 	
     9084	          526 	
     9085	          512 	
     9086	          439 	
     9087	          478 	
     9088	          515 	
     9089	          527 	
     9090	          527 	
     9091	          536 	
     9092	          535 	
     9093	          500 	
     9094	          526 	
     9095	          469 	
     9096	          519 	
     9097	          530 	
     9098	          485 	
     9099	          536 	
     9100	          472 	
     9101	          490 	
     9102	          443 	
     9103	          517 	
     9104	          506 	
     9105	          538 	
     9106	          509 	
     9107	          494 	
     9108	          533 	
     9109	          483 	
     9110	          451 	
     9111	          486 	
     9112	          515 	
     9113	          544 	
     9114	          519 	
     9115	          550 	
     9116	          550 	
     9117	          511 	
     9118	          512 	
     9119	          452 	
     9120	          493 	
     9121	          556 	
     9122	          514 	
     9123	          485 	
     9124	          478 	
     9125	          491 	
     9126	          457 	
     9127	          492 	
     9128	          468 	
     9129	          470 	
     9130	          495 	
     9131	          530 	
     9132	          540 	
     9133	          499 	
     9134	          462 	
     9135	          468 	
     9136	          566 	
     9137	          493 	
     9138	          545 	
     9139	          564 	
     9140	          577 	
     9141	          512 	
     9142	          434 	
     9143	          499 	
     9144	          497 	
     9145	          503 	
     9146	          465 	
     9147	          446 	
     9148	          454 	
     9149	          541 	
     9150	          511 	
     9151	          492 	
     9152	          474 	
     9153	          450 	
     9154	          500 	
     9155	          576 	
     9156	          467 	
     9157	          524 	
     9158	          465 	
     9159	          508 	
     9160	          566 	
     9161	          526 	
     9162	          566 	
     9163	          597 	
     9164	          523 	
     9165	          453 	
     9166	          456 	
     9167	          520 	
     9168	          531 	
     9169	          471 	
     9170	          476 	
     9171	          467 	
     9172	          449 	
     9173	          420 	
     9174	          514 	
     9175	          520 	
     9176	          465 	
     9177	          465 	
     9178	          522 	
     9179	          562 	
     9180	          512 	
     9181	          471 	
     9182	          521 	
     9183	          475 	
     9184	          528 	
     9185	          561 	
     9186	          565 	
     9187	          493 	
     9188	          514 	
     9189	          512 	
     9190	          456 	
     9191	          494 	
     9192	          528 	
     9193	          511 	
     9194	          501 	
     9195	          490 	
     9196	          470 	
     9197	          432 	
     9198	          482 	
     9199	          494 	
     9200	          483 	
     9201	          508 	
     9202	          540 	
     9203	          511 	
     9204	          451 	
     9205	          485 	
     9206	          539 	
     9207	          523 	
     9208	          557 	
     9209	          529 	
     9210	          564 	
     9211	          511 	
     9212	          474 	
     9213	          480 	
     9214	          480 	
     9215	          528 	
     9216	          539 	
     9217	          482 	
     9218	          469 	
     9219	          476 	
     9220	          481 	
     9221	          512 	
     9222	          439 	
     9223	          474 	
     9224	          481 	
     9225	          491 	
     9226	          502 	
     9227	          482 	
     9228	          466 	
     9229	          461 	
     9230	          536 	
     9231	          551 	
     9232	          594 	
     9233	          558 	
     9234	          521 	
     9235	          533 	
     9236	          490 	
     9237	          465 	
     9238	          524 	
     9239	          559 	
     9240	          548 	
     9241	          475 	
     9242	          501 	
     9243	          473 	
     9244	          504 	
     9245	          479 	
     9246	          428 	
     9247	          472 	
     9248	          462 	
     9249	          527 	
     9250	          499 	
     9251	          485 	
     9252	          543 	
     9253	          510 	
     9254	          541 	
     9255	          521 	
     9256	          560 	
     9257	          496 	
     9258	          545 	
     9259	          520 	
     9260	          515 	
     9261	          468 	
     9262	          516 	
     9263	          515 	
     9264	          466 	
     9265	          450 	
     9266	          464 	
     9267	          490 	
     9268	          484 	
     9269	          491 	
     9270	          469 	
     9271	          510 	
     9272	          452 	
     9273	          575 	
     9274	          516 	
     9275	          478 	
     9276	          529 	
     9277	          541 	
     9278	          589 	
     9279	          573 	
     9280	          522 	
     9281	          570 	
     9282	          544 	
     9283	          477 	
     9284	          473 	
     9285	          489 	
     9286	          510 	
     9287	          482 	
     9288	          468 	
     9289	          450 	
     9290	          522 	
     9291	          496 	
     9292	          513 	
     9293	          461 	
     9294	          479 	
     9295	          498 	
     9296	          549 	
     9297	          516 	
     9298	          460 	
     9299	          492 	
     9300	          541 	
     9301	          554 	
     9302	          536 	
     9303	          505 	
     9304	          559 	
     9305	          513 	
     9306	          532 	
     9307	          453 	
     9308	          484 	
     9309	          552 	
     9310	          524 	
     9311	          520 	
     9312	          475 	
     9313	          495 	
     9314	          467 	
     9315	          440 	
     9316	          482 	
     9317	          483 	
     9318	          482 	
     9319	          507 	
     9320	          525 	
     9321	          460 	
     9322	          480 	
     9323	          510 	
     9324	          536 	
     9325	          569 	
     9326	          575 	
     9327	          523 	
     9328	          511 	
     9329	          490 	
     9330	          478 	
     9331	          495 	
     9332	          502 	
     9333	          523 	
     9334	          542 	
     9335	          438 	
     9336	          477 	
     9337	          456 	
     9338	          501 	
     9339	          476 	
     9340	          470 	
     9341	          454 	
     9342	          482 	
     9343	          537 	
     9344	          508 	
     9345	          473 	
     9346	          454 	
     9347	          502 	
     9348	          504 	
     9349	          492 	
     9350	          558 	
     9351	          544 	
     9352	          545 	
     9353	          533 	
     9354	          494 	
     9355	          521 	
     9356	          528 	
     9357	          564 	
     9358	          507 	
     9359	          513 	
     9360	          466 	
     9361	          476 	
     9362	          477 	
     9363	          405 	
     9364	          469 	
     9365	          539 	
     9366	          462 	
     9367	          489 	
     9368	          517 	
     9369	          459 	
     9370	          495 	
     9371	          536 	
     9372	          579 	
     9373	          483 	
     9374	          557 	
     9375	          506 	
     9376	          537 	
     9377	          468 	
     9378	          522 	
     9379	          474 	
     9380	          533 	
     9381	          544 	
     9382	          487 	
     9383	          460 	
     9384	          486 	
     9385	          483 	
     9386	          482 	
     9387	          454 	
     9388	          475 	
     9389	          517 	
     9390	          535 	
     9391	          501 	
     9392	          498 	
     9393	          513 	
     9394	          541 	
     9395	          514 	
     9396	          535 	
     9397	          523 	
     9398	          548 	
     9399	          555 	
     9400	          545 	
     9401	          476 	
     9402	          475 	
     9403	          490 	
     9404	          534 	
     9405	          510 	
     9406	          439 	
     9407	          464 	
     9408	          462 	
     9409	          475 	
     9410	          484 	
     9411	          453 	
     9412	          493 	
     9413	          520 	
     9414	          516 	
     9415	          587 	
     9416	          460 	
     9417	          496 	
     9418	          516 	
     9419	          576 	
     9420	          514 	
     9421	          522 	
     9422	          557 	
     9423	          525 	
     9424	          491 	
     9425	          503 	
     9426	          496 	
     9427	          499 	
     9428	          546 	
     9429	          524 	
     9430	          490 	
     9431	          519 	
     9432	          480 	
     9433	          487 	
     9434	          457 	
     9435	          492 	
     9436	          519 	
     9437	          525 	
     9438	          525 	
     9439	          492 	
     9440	          479 	
     9441	          546 	
     9442	          520 	
     9443	          537 	
     9444	          528 	
     9445	          535 	
     9446	          510 	
     9447	          515 	
     9448	          538 	
     9449	          505 	
     9450	          500 	
     9451	          532 	
     9452	          497 	
     9453	          468 	
     9454	          455 	
     9455	          474 	
     9456	          476 	
     9457	          497 	
     9458	          506 	
     9459	          465 	
     9460	          493 	
     9461	          542 	
     9462	          518 	
     9463	          456 	
     9464	          468 	
     9465	          511 	
     9466	          544 	
     9467	          520 	
     9468	          519 	
     9469	          519 	
     9470	          521 	
     9471	          496 	
     9472	          459 	
     9473	          465 	
     9474	          515 	
     9475	          563 	
     9476	          525 	
     9477	          542 	
     9478	          460 	
     9479	          458 	
     9480	          491 	
     9481	          475 	
     9482	          500 	
     9483	          488 	
     9484	          515 	
     9485	          544 	
     9486	          524 	
     9487	          481 	
     9488	          531 	
     9489	          495 	
     9490	          559 	
     9491	          542 	
     9492	          530 	
     9493	          518 	
     9494	          491 	
     9495	          478 	
     9496	          472 	
     9497	          474 	
     9498	          523 	
     9499	          546 	
     9500	          500 	
     9501	          450 	
     9502	          500 	
     9503	          495 	
     9504	          444 	
     9505	          505 	
     9506	          530 	
     9507	          488 	
     9508	          488 	
     9509	          521 	
     9510	          497 	
     9511	          455 	
     9512	          516 	
     9513	          550 	
     9514	          535 	
     9515	          485 	
     9516	          567 	
     9517	          558 	
     9518	          542 	
     9519	          481 	
     9520	          484 	
     9521	          493 	
     9522	          528 	
     9523	          528 	
     9524	          479 	
     9525	          426 	
     9526	          471 	
     9527	          459 	
     9528	          475 	
     9529	          489 	
     9530	          500 	
     9531	          540 	
     9532	          528 	
     9533	          495 	
     9534	          515 	
     9535	          492 	
     9536	          481 	
     9537	          506 	
     9538	          525 	
     9539	          516 	
     9540	          533 	
     9541	          526 	
     9542	          495 	
     9543	          457 	
     9544	          500 	
     9545	          523 	
     9546	          502 	
     9547	          504 	
     9548	          477 	
     9549	          482 	
     9550	          476 	
     9551	          466 	
     9552	          512 	
     9553	          440 	
     9554	          482 	
     9555	          505 	
     9556	          515 	
     9557	          505 	
     9558	          461 	
     9559	          508 	
     9560	          525 	
     9561	          541 	
     9562	          542 	
     9563	          550 	
     9564	          548 	
     9565	          512 	
     9566	          509 	
     9567	          492 	
     9568	          504 	
     9569	          582 	
     9570	          462 	
     9571	          474 	
     9572	          485 	
     9573	          498 	
     9574	          487 	
     9575	          481 	
     9576	          424 	
     9577	          468 	
     9578	          521 	
     9579	          552 	
     9580	          545 	
     9581	          497 	
     9582	          487 	
     9583	          500 	
     9584	          540 	
     9585	          548 	
     9586	          515 	
     9587	          500 	
     9588	          562 	
     9589	          518 	
     9590	          496 	
     9591	          483 	
     9592	          530 	
     9593	          486 	
     9594	          519 	
     9595	          479 	
     9596	          453 	
     9597	          454 	
     9598	          471 	
     9599	          497 	
     9600	          486 	
     9601	          534 	
     9602	          549 	
     9603	          542 	
     9604	          491 	
     9605	          481 	
     9606	          460 	
     9607	          494 	
     9608	          525 	
     9609	          527 	
     9610	          582 	
     9611	          529 	
     9612	          545 	
     9613	          499 	
     9614	          476 	
     9615	          449 	
     9616	          517 	
     9617	          526 	
     9618	          514 	
     9619	          449 	
     9620	          467 	
     9621	          460 	
     9622	          504 	
     9623	          445 	
     9624	          505 	
     9625	          473 	
     9626	          494 	
     9627	          487 	
     9628	          488 	
     9629	          431 	
     9630	          468 	
     9631	          474 	
     9632	          542 	
     9633	          534 	
     9634	          536 	
     9635	          480 	
     9636	          514 	
     9637	          461 	
     9638	          478 	
     9639	          491 	
     9640	          542 	
     9641	          474 	
     9642	          478 	
     9643	          478 	
     9644	          531 	
     9645	          495 	
     9646	          480 	
     9647	          506 	
     9648	          481 	
     9649	          479 	
     9650	          544 	
     9651	          470 	
     9652	          495 	
     9653	          509 	
     9654	          483 	
     9655	          507 	
     9656	          491 	
     9657	          514 	
     9658	          548 	
     9659	          552 	
     9660	          526 	
     9661	          496 	
     9662	          459 	
     9663	          543 	
     9664	          555 	
     9665	          518 	
     9666	          531 	
     9667	          474 	
     9668	          496 	
     9669	          500 	
     9670	          454 	
     9671	          456 	
     9672	          457 	
     9673	          513 	
     9674	          520 	
     9675	          483 	
     9676	          443 	
     9677	          442 	
     9678	          472 	
     9679	          571 	
     9680	          500 	
     9681	          504 	
     9682	          522 	
     9683	          556 	
     9684	          528 	
     9685	          465 	
     9686	          464 	
     9687	          545 	
     9688	          498 	
     9689	          469 	
     9690	          453 	
     9691	          466 	
     9692	          539 	
     9693	          502 	
     9694	          430 	
     9695	          472 	
     9696	          504 	
     9697	          539 	
     9698	          554 	
     9699	          498 	
     9700	          507 	
     9701	          505 	
     9702	          539 	
     9703	          565 	
     9704	          524 	
     9705	          595 	
     9706	          520 	
     9707	          520 	
     9708	          481 	
     9709	          490 	
     9710	          527 	
     9711	          545 	
     9712	          485 	
     9713	          511 	
     9714	          480 	
     9715	          437 	
     9716	          490 	
     9717	          519 	
     9718	          454 	
     9719	          458 	
     9720	          509 	
     9721	          527 	
     9722	          492 	
     9723	          478 	
     9724	          509 	
     9725	          553 	
     9726	          569 	
     9727	          567 	
     9728	          530 	
     9729	          519 	
     9730	          521 	
     9731	          511 	
     9732	          481 	
     9733	          521 	
     9734	          543 	
     9735	          538 	
     9736	          521 	
     9737	          484 	
     9738	          485 	
     9739	          486 	
     9740	          446 	
     9741	          457 	
     9742	          493 	
     9743	          532 	
     9744	          503 	
     9745	          524 	
     9746	          513 	
     9747	          479 	
     9748	          491 	
     9749	          497 	
     9750	          531 	
     9751	          564 	
     9752	          527 	
     9753	          538 	
     9754	          537 	
     9755	          462 	
     9756	          507 	
     9757	          477 	
     9758	          529 	
     9759	          505 	
     9760	          504 	
     9761	          470 	
     9762	          472 	
     9763	          480 	
     9764	          460 	
     9765	          515 	
     9766	          470 	
     9767	          502 	
     9768	          515 	
     9769	          513 	
     9770	          463 	
     9771	          511 	
     9772	          477 	
     9773	          523 	
     9774	          549 	
     9775	          510 	
     9776	          522 	
     9777	          521 	
     9778	          516 	
     9779	          487 	
     9780	          465 	
     9781	          524 	
     9782	          533 	
     9783	          517 	
     9784	          453 	
     9785	          444 	
     9786	          489 	
     9787	          528 	
     9788	          499 	
     9789	          481 	
     9790	          550 	
     9791	          526 	
     9792	          512 	
     9793	          569 	
     9794	          465 	
     9795	          486 	
     9796	          509 	
     9797	          514 	
     9798	          544 	
     9799	          577 	
     9800	          524 	
     9801	          558 	
     9802	          514 	
     9803	          475 	
     9804	          462 	
     9805	          520 	
     9806	          492 	
     9807	          478 	
     9808	          448 	
     9809	          466 	
     9810	          489 	
     9811	          520 	
     9812	          511 	
     9813	          459 	
     9814	          456 	
     9815	          501 	
     9816	          515 	
     9817	          498 	
     9818	          486 	
     9819	          472 	
     9820	          527 	
     9821	          510 	
     9822	          512 	
     9823	          550 	
     9824	          493 	
     9825	          537 	
     9826	          495 	
     9827	          499 	
     9828	          514 	
     9829	          498 	
     9830	          515 	
     9831	          494 	
     9832	          452 	
     9833	          511 	
     9834	          492 	
     9835	          485 	
     9836	          479 	
     9837	          505 	
     9838	          515 	
     9839	          541 	
     9840	          538 	
     9841	          487 	
     9842	          488 	
     9843	          509 	
     9844	          538 	
     9845	          513 	
     9846	          457 	
     9847	          529 	
     9848	          573 	
     9849	          517 	
     9850	          422 	
     9851	          446 	
     9852	          470 	
     9853	          533 	
     9854	          475 	
     9855	          460 	
     9856	          426 	
     9857	          478 	
     9858	          471 	
     9859	          453 	
     9860	          477 	
     9861	          518 	
     9862	          512 	
     9863	          519 	
     9864	          504 	
     9865	          492 	
     9866	          475 	
     9867	          541 	
     9868	          531 	
     9869	          536 	
     9870	          543 	
     9871	          528 	
     9872	          509 	
     9873	          466 	
     9874	          501 	
     9875	          499 	
     9876	          554 	
     9877	          500 	
     9878	          505 	
     9879	          444 	
     9880	          450 	
     9881	          491 	
     9882	          511 	
     9883	          461 	
     9884	          445 	
     9885	          475 	
     9886	          456 	
     9887	          582 	
     9888	          491 	
     9889	          505 	
     9890	          451 	
     9891	          485 	
     9892	          530 	
     9893	          570 	
     9894	          564 	
     9895	          536 	
     9896	          513 	
     9897	          476 	
     9898	          462 	
     9899	          468 	
     9900	          520 	
     9901	          503 	
     9902	          451 	
     9903	          466 	
     9904	          452 	
     9905	          465 	
     9906	          470 	
     9907	          472 	
     9908	          489 	
     9909	          464 	
     9910	          515 	
     9911	          503 	
     9912	          497 	
     9913	          486 	
     9914	          483 	
     9915	          538 	
     9916	          494 	
     9917	          527 	
     9918	          542 	
     9919	          524 	
     9920	          511 	
     9921	          421 	
     9922	          486 	
     9923	          493 	
     9924	          541 	
     9925	          479 	
     9926	          466 	
     9927	          445 	
     9928	          512 	
     9929	          548 	
     9930	          482 	
     9931	          452 	
     9932	          508 	
     9933	          512 	
     9934	          506 	
     9935	          508 	
     9936	          472 	
     9937	          473 	
     9938	          555 	
     9939	          575 	
     9940	          550 	
     9941	          517 	
     9942	          570 	
     9943	          526 	
     9944	          465 	
     9945	          452 	
     9946	          487 	
     9947	          509 	
     9948	          530 	
     9949	          508 	
     9950	          471 	
     9951	          524 	
     9952	          482 	
     9953	          523 	
     9954	          518 	
     9955	          490 	
     9956	          472 	
     9957	          505 	
     9958	          527 	
     9959	          496 	
     9960	          434 	
     9961	          491 	
     9962	          548 	
     9963	          525 	
     9964	          544 	
     9965	          555 	
     9966	          543 	
     9967	          471 	
     9968	          453 	
     9969	          483 	
     9970	          550 	
     9971	          552 	
     9972	          462 	
     9973	          486 	
     9974	          512 	
     9975	          499 	
     9976	          540 	
     9977	          486 	
     9978	          477 	
     9979	          490 	
     9980	          471 	
     9981	          482 	
     9982	          520 	
     9983	          485 	
     9984	          460 	
     9985	          517 	
     9986	          546 	
     9987	          507 	
     9988	          555 	
     9989	          559 	
     9990	          528 	
     9991	          495 	
     9992	          464 	
     9993	          531 	
     9994	          517 	
     9995	          461 	
     9996	          494 	
     9997	          504 	
     9998	          451 	
     9999	          489 	
    10000	          496 	
