Thorlabs Single Photon Counter Data Export

Date (YYYY-MM-DD):	2026-05-04
Time (HH:MM:SS):	18:58:20
Device Name:	SPCM50A
Serial Number:	M00296614
GUI Revision:	1.0 Build 23
Driver Revision:	1.1.0
Firmware Revision:	1.0.0

Application settings:
Operating Mode:	Free Running Timed Counter
Bin Length [ms]:	1
Time between Bins [ms]:	0.001
Pulse Blind Time [ns]:	0
Trigger Edge:	non-applicable
Array Measurement:	Yes
Array Measurement Continuously:	No
Bins per Array:	10000
Active APD Gating:	No
Fan Off:	No

Bin Number 	Counts per Bin 	Remarks
        1	         4446 	
        2	         4562 	
        3	         4493 	
        4	         4514 	
        5	         4410 	
        6	         4452 	
        7	         4494 	
        8	         4561 	
        9	         4459 	
       10	         4304 	
       11	         4593 	
       12	         4661 	
       13	         4612 	
       14	         4591 	
       15	         4687 	
       16	         4620 	
       17	         4606 	
       18	         4449 	
       19	         4477 	
       20	         4558 	
       21	         4551 	
       22	         4570 	
       23	         4382 	
       24	         4523 	
       25	         4560 	
       26	         4560 	
       27	         4522 	
       28	         4505 	
       29	         4452 	
       30	         4475 	
       31	         4627 	
       32	         4572 	
       33	         4489 	
       34	         4391 	
       35	         4702 	
       36	         4632 	
       37	         4583 	
       38	         4553 	
       39	         4575 	
       40	         4597 	
       41	         4535 	
       42	         4394 	
       43	         4456 	
       44	         4621 	
       45	         4697 	
       46	         4572 	
       47	         4496 	
       48	         4401 	
       49	         4525 	
       50	         4603 	
       51	         4515 	
       52	         4464 	
       53	         4509 	
       54	         4565 	
       55	         4687 	
       56	         4556 	
       57	         4449 	
       58	         4410 	
       59	         4559 	
       60	         4689 	
       61	         4688 	
       62	         4634 	
       63	         4494 	
       64	         4622 	
       65	         4581 	
       66	         4370 	
       67	         4457 	
       68	         4555 	
       69	         4740 	
       70	         4631 	
       71	         4327 	
       72	         4447 	
       73	         4608 	
       74	         4511 	
       75	         4462 	
       76	         4436 	
       77	         4482 	
       78	         4589 	
       79	         4516 	
       80	         4537 	
       81	         4477 	
       82	         4533 	
       83	         4645 	
       84	         4577 	
       85	         4542 	
       86	         4587 	
       87	         4565 	
       88	         4648 	
       89	         4567 	
       90	         4402 	
       91	         4508 	
       92	         4628 	
       93	         4666 	
       94	         4516 	
       95	         4512 	
       96	         4513 	
       97	         4548 	
       98	         4502 	
       99	         4495 	
      100	         4429 	
      101	         4460 	
      102	         4665 	
      103	         4508 	
      104	         4507 	
      105	         4502 	
      106	         4696 	
      107	         4636 	
      108	         4581 	
      109	         4591 	
      110	         4585 	
      111	         4617 	
      112	         4600 	
      113	         4354 	
      114	         4495 	
      115	         4671 	
      116	         4621 	
      117	         4435 	
      118	         4450 	
      119	         4498 	
      120	         4525 	
      121	         4604 	
      122	         4522 	
      123	         4421 	
      124	         4455 	
      125	         4599 	
      126	         4597 	
      127	         4490 	
      128	         4481 	
      129	         4642 	
      130	         4685 	
      131	         4645 	
      132	         4553 	
      133	         4493 	
      134	         4605 	
      135	         4670 	
      136	         4380 	
      137	         4430 	
      138	         4525 	
      139	         4587 	
      140	         4577 	
      141	         4436 	
      142	         4498 	
      143	         4505 	
      144	         4462 	
      145	         4480 	
      146	         4393 	
      147	         4326 	
      148	         4542 	
      149	         4620 	
      150	         4589 	
      151	         4420 	
      152	         4477 	
      153	         4632 	
      154	         4621 	
      155	         4517 	
      156	         4527 	
      157	         4631 	
      158	         4666 	
      159	         4526 	
      160	         4381 	
      161	         4566 	
      162	         4544 	
      163	         4692 	
      164	         4435 	
      165	         4444 	
      166	         4567 	
      167	         4541 	
      168	         4494 	
      169	         4478 	
      170	         4397 	
      171	         4407 	
      172	         4652 	
      173	         4593 	
      174	         4566 	
      175	         4401 	
      176	         4482 	
      177	         4661 	
      178	         4578 	
      179	         4654 	
      180	         4633 	
      181	         4615 	
      182	         4575 	
      183	         4503 	
      184	         4406 	
      185	         4476 	
      186	         4654 	
      187	         4617 	
      188	         4392 	
      189	         4482 	
      190	         4460 	
      191	         4580 	
      192	         4585 	
      193	         4509 	
      194	         4447 	
      195	         4384 	
      196	         4656 	
      197	         4585 	
      198	         4442 	
      199	         4394 	
      200	         4504 	
      201	         4687 	
      202	         4550 	
      203	         4594 	
      204	         4667 	
      205	         4601 	
      206	         4598 	
      207	         4436 	
      208	         4452 	
      209	         4610 	
      210	         4618 	
      211	         4428 	
      212	         4499 	
      213	         4522 	
      214	         4534 	
      215	         4521 	
      216	         4521 	
      217	         4442 	
      218	         4408 	
      219	         4667 	
      220	         4640 	
      221	         4456 	
      222	         4351 	
      223	         4333 	
      224	         4605 	
      225	         4661 	
      226	         4593 	
      227	         4589 	
      228	         4505 	
      229	         4647 	
      230	         4547 	
      231	         4490 	
      232	         4602 	
      233	         4589 	
      234	         4638 	
      235	         4387 	
      236	         4455 	
      237	         4524 	
      238	         4565 	
      239	         4491 	
      240	         4523 	
      241	         4410 	
      242	         4453 	
      243	         4666 	
      244	         4536 	
      245	         4427 	
      246	         4418 	
      247	         4493 	
      248	         4637 	
      249	         4626 	
      250	         4605 	
      251	         4559 	
      252	         4603 	
      253	         4595 	
      254	         4354 	
      255	         4400 	
      256	         4547 	
      257	         4669 	
      258	         4631 	
      259	         4501 	
      260	         4580 	
      261	         4525 	
      262	         4570 	
      263	         4524 	
      264	         4454 	
      265	         4410 	
      266	         4653 	
      267	         4662 	
      268	         4574 	
      269	         4474 	
      270	         4533 	
      271	         4640 	
      272	         4615 	
      273	         4642 	
      274	         4623 	
      275	         4582 	
      276	         4712 	
      277	         4604 	
      278	         4376 	
      279	         4555 	
      280	         4592 	
      281	         4611 	
      282	         4401 	
      283	         4452 	
      284	         4432 	
      285	         4451 	
      286	         4539 	
      287	         4456 	
      288	         4392 	
      289	         4406 	
      290	         4679 	
      291	         4584 	
      292	         4446 	
      293	         4445 	
      294	         4611 	
      295	         4656 	
      296	         4562 	
      297	         4657 	
      298	         4627 	
      299	         4602 	
      300	         4651 	
      301	         4409 	
      302	         4386 	
      303	         4610 	
      304	         4679 	
      305	         4476 	
      306	         4487 	
      307	         4441 	
      308	         4575 	
      309	         4591 	
      310	         4478 	
      311	         4488 	
      312	         4523 	
      313	         4576 	
      314	         4533 	
      315	         4436 	
      316	         4413 	
      317	         4411 	
      318	         4659 	
      319	         4653 	
      320	         4530 	
      321	         4619 	
      322	         4666 	
      323	         4565 	
      324	         4363 	
      325	         4452 	
      326	         4537 	
      327	         4549 	
      328	         4592 	
      329	         4501 	
      330	         4372 	
      331	         4437 	
      332	         4474 	
      333	         4564 	
      334	         4449 	
      335	         4372 	
      336	         4383 	
      337	         4637 	
      338	         4526 	
      339	         4549 	
      340	         4492 	
      341	         4522 	
      342	         4523 	
      343	         4654 	
      344	         4638 	
      345	         4555 	
      346	         4582 	
      347	         4597 	
      348	         4385 	
      349	         4391 	
      350	         4573 	
      351	         4774 	
      352	         4586 	
      353	         4400 	
      354	         4437 	
      355	         4506 	
      356	         4549 	
      357	         4543 	
      358	         4427 	
      359	         4451 	
      360	         4534 	
      361	         4654 	
      362	         4627 	
      363	         4402 	
      364	         4381 	
      365	         4627 	
      366	         4589 	
      367	         4550 	
      368	         4593 	
      369	         4557 	
      370	         4643 	
      371	         4584 	
      372	         4444 	
      373	         4570 	
      374	         4639 	
      375	         4679 	
      376	         4452 	
      377	         4444 	
      378	         4610 	
      379	         4611 	
      380	         4638 	
      381	         4574 	
      382	         4492 	
      383	         4469 	
      384	         4591 	
      385	         4618 	
      386	         4571 	
      387	         4374 	
      388	         4561 	
      389	         4606 	
      390	         4613 	
      391	         4616 	
      392	         4586 	
      393	         4635 	
      394	         4568 	
      395	         4393 	
      396	         4572 	
      397	         4680 	
      398	         4680 	
      399	         4432 	
      400	         4530 	
      401	         4593 	
      402	         4590 	
      403	         4631 	
      404	         4493 	
      405	         4485 	
      406	         4426 	
      407	         4546 	
      408	         4504 	
      409	         4569 	
      410	         4526 	
      411	         4422 	
      412	         4629 	
      413	         4605 	
      414	         4567 	
      415	         4618 	
      416	         4657 	
      417	         4779 	
      418	         4522 	
      419	         4419 	
      420	         4542 	
      421	         4622 	
      422	         4692 	
      423	         4424 	
      424	         4449 	
      425	         4500 	
      426	         4486 	
      427	         4534 	
      428	         4439 	
      429	         4403 	
      430	         4526 	
      431	         4580 	
      432	         4572 	
      433	         4596 	
      434	         4279 	
      435	         4623 	
      436	         4696 	
      437	         4590 	
      438	         4575 	
      439	         4526 	
      440	         4682 	
      441	         4610 	
      442	         4410 	
      443	         4483 	
      444	         4551 	
      445	         4738 	
      446	         4510 	
      447	         4474 	
      448	         4421 	
      449	         4588 	
      450	         4493 	
      451	         4566 	
      452	         4458 	
      453	         4411 	
      454	         4583 	
      455	         4575 	
      456	         4494 	
      457	         4455 	
      458	         4456 	
      459	         4725 	
      460	         4619 	
      461	         4577 	
      462	         4563 	
      463	         4581 	
      464	         4677 	
      465	         4542 	
      466	         4476 	
      467	         4508 	
      468	         4573 	
      469	         4627 	
      470	         4504 	
      471	         4456 	
      472	         4573 	
      473	         4640 	
      474	         4429 	
      475	         4549 	
      476	         4490 	
      477	         4541 	
      478	         4639 	
      479	         4633 	
      480	         4496 	
      481	         4335 	
      482	         4585 	
      483	         4668 	
      484	         4542 	
      485	         4644 	
      486	         4571 	
      487	         4605 	
      488	         4654 	
      489	         4470 	
      490	         4566 	
      491	         4644 	
      492	         4698 	
      493	         4561 	
      494	         4246 	
      495	         4448 	
      496	         4562 	
      497	         4553 	
      498	         4445 	
      499	         4581 	
      500	         4363 	
      501	         4578 	
      502	         4599 	
      503	         4493 	
      504	         4439 	
      505	         4451 	
      506	         4582 	
      507	         4572 	
      508	         4725 	
      509	         4631 	
      510	         4618 	
      511	         4651 	
      512	         4550 	
      513	         4327 	
      514	         4608 	
      515	         4566 	
      516	         4647 	
      517	         4470 	
      518	         4515 	
      519	         4492 	
      520	         4520 	
      521	         4560 	
      522	         4485 	
      523	         4454 	
      524	         4474 	
      525	         4647 	
      526	         4579 	
      527	         4605 	
      528	         4485 	
      529	         4548 	
      530	         4704 	
      531	         4589 	
      532	         4567 	
      533	         4506 	
      534	         4583 	
      535	         4609 	
      536	         4444 	
      537	         4449 	
      538	         4526 	
      539	         4684 	
      540	         4508 	
      541	         4409 	
      542	         4467 	
      543	         4567 	
      544	         4605 	
      545	         4523 	
      546	         4464 	
      547	         4378 	
      548	         4478 	
      549	         4600 	
      550	         4536 	
      551	         4425 	
      552	         4545 	
      553	         4585 	
      554	         4669 	
      555	         4548 	
      556	         4619 	
      557	         4663 	
      558	         4586 	
      559	         4530 	
      560	         4520 	
      561	         4608 	
      562	         4638 	
      563	         4620 	
      564	         4357 	
      565	         4497 	
      566	         4428 	
      567	         4500 	
      568	         4645 	
      569	         4493 	
      570	         4470 	
      571	         4585 	
      572	         4560 	
      573	         4538 	
      574	         4546 	
      575	         4507 	
      576	         4702 	
      577	         4703 	
      578	         4637 	
      579	         4657 	
      580	         4681 	
      581	         4680 	
      582	         4583 	
      583	         4400 	
      584	         4490 	
      585	         4576 	
      586	         4715 	
      587	         4374 	
      588	         4400 	
      589	         4559 	
      590	         4508 	
      591	         4502 	
      592	         4546 	
      593	         4491 	
      594	         4435 	
      595	         4708 	
      596	         4555 	
      597	         4497 	
      598	         4472 	
      599	         4474 	
      600	         4659 	
      601	         4693 	
      602	         4678 	
      603	         4587 	
      604	         4577 	
      605	         4579 	
      606	         4521 	
      607	         4427 	
      608	         4547 	
      609	         4592 	
      610	         4586 	
      611	         4397 	
      612	         4422 	
      613	         4458 	
      614	         4543 	
      615	         4534 	
      616	         4647 	
      617	         4431 	
      618	         4470 	
      619	         4756 	
      620	         4543 	
      621	         4553 	
      622	         4406 	
      623	         4516 	
      624	         4655 	
      625	         4594 	
      626	         4577 	
      627	         4516 	
      628	         4636 	
      629	         4567 	
      630	         4494 	
      631	         4467 	
      632	         4639 	
      633	         4637 	
      634	         4463 	
      635	         4407 	
      636	         4548 	
      637	         4489 	
      638	         4584 	
      639	         4551 	
      640	         4524 	
      641	         4448 	
      642	         4600 	
      643	         4640 	
      644	         4577 	
      645	         4441 	
      646	         4503 	
      647	         4621 	
      648	         4617 	
      649	         4568 	
      650	         4611 	
      651	         4596 	
      652	         4644 	
      653	         4599 	
      654	         4394 	
      655	         4562 	
      656	         4564 	
      657	         4591 	
      658	         4531 	
      659	         4403 	
      660	         4503 	
      661	         4593 	
      662	         4500 	
      663	         4519 	
      664	         4426 	
      665	         4433 	
      666	         4613 	
      667	         4564 	
      668	         4461 	
      669	         4425 	
      670	         4503 	
      671	         4713 	
      672	         4761 	
      673	         4624 	
      674	         4623 	
      675	         4568 	
      676	         4673 	
      677	         4463 	
      678	         4422 	
      679	         4510 	
      680	         4675 	
      681	         4467 	
      682	         4404 	
      683	         4551 	
      684	         4555 	
      685	         4585 	
      686	         4605 	
      687	         4470 	
      688	         4429 	
      689	         4597 	
      690	         4584 	
      691	         4460 	
      692	         4502 	
      693	         4578 	
      694	         4686 	
      695	         4528 	
      696	         4601 	
      697	         4587 	
      698	         4705 	
      699	         4601 	
      700	         4543 	
      701	         4357 	
      702	         4493 	
      703	         4636 	
      704	         4502 	
      705	         4487 	
      706	         4430 	
      707	         4536 	
      708	         4664 	
      709	         4567 	
      710	         4548 	
      711	         4400 	
      712	         4593 	
      713	         4588 	
      714	         4600 	
      715	         4422 	
      716	         4455 	
      717	         4686 	
      718	         4707 	
      719	         4532 	
      720	         4469 	
      721	         4612 	
      722	         4583 	
      723	         4549 	
      724	         4335 	
      725	         4474 	
      726	         4509 	
      727	         4573 	
      728	         4499 	
      729	         4471 	
      730	         4466 	
      731	         4568 	
      732	         4557 	
      733	         4468 	
      734	         4423 	
      735	         4457 	
      736	         4700 	
      737	         4628 	
      738	         4587 	
      739	         4527 	
      740	         4413 	
      741	         4628 	
      742	         4693 	
      743	         4676 	
      744	         4609 	
      745	         4659 	
      746	         4630 	
      747	         4514 	
      748	         4418 	
      749	         4536 	
      750	         4660 	
      751	         4663 	
      752	         4453 	
      753	         4449 	
      754	         4549 	
      755	         4562 	
      756	         4585 	
      757	         4523 	
      758	         4423 	
      759	         4500 	
      760	         4686 	
      761	         4501 	
      762	         4596 	
      763	         4391 	
      764	         4577 	
      765	         4747 	
      766	         4603 	
      767	         4611 	
      768	         4620 	
      769	         4590 	
      770	         4575 	
      771	         4473 	
      772	         4428 	
      773	         4389 	
      774	         4608 	
      775	         4613 	
      776	         4399 	
      777	         4521 	
      778	         4553 	
      779	         4497 	
      780	         4501 	
      781	         4546 	
      782	         4440 	
      783	         4633 	
      784	         4566 	
      785	         4543 	
      786	         4492 	
      787	         4380 	
      788	         4681 	
      789	         4626 	
      790	         4597 	
      791	         4572 	
      792	         4506 	
      793	         4577 	
      794	         4619 	
      795	         4423 	
      796	         4493 	
      797	         4566 	
      798	         4649 	
      799	         4474 	
      800	         4425 	
      801	         4458 	
      802	         4563 	
      803	         4438 	
      804	         4550 	
      805	         4522 	
      806	         4375 	
      807	         4637 	
      808	         4570 	
      809	         4613 	
      810	         4469 	
      811	         4577 	
      812	         4633 	
      813	         4585 	
      814	         4556 	
      815	         4534 	
      816	         4638 	
      817	         4700 	
      818	         4520 	
      819	         4445 	
      820	         4590 	
      821	         4676 	
      822	         4547 	
      823	         4449 	
      824	         4501 	
      825	         4581 	
      826	         4589 	
      827	         4605 	
      828	         4475 	
      829	         4318 	
      830	         4611 	
      831	         4619 	
      832	         4502 	
      833	         4416 	
      834	         4537 	
      835	         4616 	
      836	         4514 	
      837	         4599 	
      838	         4524 	
      839	         4531 	
      840	         4649 	
      841	         4638 	
      842	         4416 	
      843	         4548 	
      844	         4600 	
      845	         4573 	
      846	         4354 	
      847	         4443 	
      848	         4556 	
      849	         4534 	
      850	         4509 	
      851	         4506 	
      852	         4447 	
      853	         4561 	
      854	         4657 	
      855	         4639 	
      856	         4503 	
      857	         4461 	
      858	         4721 	
      859	         4686 	
      860	         4675 	
      861	         4572 	
      862	         4614 	
      863	         4551 	
      864	         4578 	
      865	         4490 	
      866	         4433 	
      867	         4575 	
      868	         4629 	
      869	         4637 	
      870	         4426 	
      871	         4486 	
      872	         4613 	
      873	         4663 	
      874	         4556 	
      875	         4508 	
      876	         4431 	
      877	         4650 	
      878	         4633 	
      879	         4520 	
      880	         4478 	
      881	         4396 	
      882	         4635 	
      883	         4556 	
      884	         4497 	
      885	         4609 	
      886	         4583 	
      887	         4686 	
      888	         4639 	
      889	         4385 	
      890	         4499 	
      891	         4560 	
      892	         4672 	
      893	         4542 	
      894	         4394 	
      895	         4483 	
      896	         4496 	
      897	         4480 	
      898	         4475 	
      899	         4427 	
      900	         4470 	
      901	         4682 	
      902	         4574 	
      903	         4543 	
      904	         4472 	
      905	         4507 	
      906	         4581 	
      907	         4738 	
      908	         4585 	
      909	         4581 	
      910	         4662 	
      911	         4617 	
      912	         4464 	
      913	         4458 	
      914	         4510 	
      915	         4594 	
      916	         4796 	
      917	         4522 	
      918	         4505 	
      919	         4565 	
      920	         4552 	
      921	         4599 	
      922	         4459 	
      923	         4392 	
      924	         4566 	
      925	         4598 	
      926	         4490 	
      927	         4479 	
      928	         4435 	
      929	         4585 	
      930	         4648 	
      931	         4587 	
      932	         4537 	
      933	         4614 	
      934	         4643 	
      935	         4665 	
      936	         4477 	
      937	         4483 	
      938	         4531 	
      939	         4612 	
      940	         4534 	
      941	         4426 	
      942	         4388 	
      943	         4548 	
      944	         4515 	
      945	         4522 	
      946	         4389 	
      947	         4440 	
      948	         4566 	
      949	         4618 	
      950	         4579 	
      951	         4459 	
      952	         4578 	
      953	         4638 	
      954	         4646 	
      955	         4563 	
      956	         4596 	
      957	         4524 	
      958	         4681 	
      959	         4614 	
      960	         4521 	
      961	         4581 	
      962	         4618 	
      963	         4653 	
      964	         4394 	
      965	         4454 	
      966	         4455 	
      967	         4504 	
      968	         4414 	
      969	         4466 	
      970	         4388 	
      971	         4573 	
      972	         4614 	
      973	         4596 	
      974	         4483 	
      975	         4510 	
      976	         4633 	
      977	         4500 	
      978	         4526 	
      979	         4531 	
      980	         4518 	
      981	         4670 	
      982	         4637 	
      983	         4546 	
      984	         4462 	
      985	         4497 	
      986	         4702 	
      987	         4472 	
      988	         4433 	
      989	         4516 	
      990	         4550 	
      991	         4606 	
      992	         4462 	
      993	         4430 	
      994	         4550 	
      995	         4689 	
      996	         4670 	
      997	         4367 	
      998	         4351 	
      999	         4612 	
     1000	         4664 	
     1001	         4444 	
     1002	         4645 	
     1003	         4571 	
     1004	         4600 	
     1005	         4595 	
     1006	         4481 	
     1007	         4453 	
     1008	         4700 	
     1009	         4707 	
     1010	         4539 	
     1011	         4456 	
     1012	         4532 	
     1013	         4507 	
     1014	         4551 	
     1015	         4459 	
     1016	         4449 	
     1017	         4541 	
     1018	         4698 	
     1019	         4586 	
     1020	         4556 	
     1021	         4445 	
     1022	         4462 	
     1023	         4545 	
     1024	         4644 	
     1025	         4647 	
     1026	         4690 	
     1027	         4661 	
     1028	         4657 	
     1029	         4609 	
     1030	         4460 	
     1031	         4579 	
     1032	         4492 	
     1033	         4613 	
     1034	         4576 	
     1035	         4296 	
     1036	         4422 	
     1037	         4451 	
     1038	         4488 	
     1039	         4522 	
     1040	         4430 	
     1041	         4613 	
     1042	         4680 	
     1043	         4506 	
     1044	         4435 	
     1045	         4358 	
     1046	         4550 	
     1047	         4620 	
     1048	         4548 	
     1049	         4680 	
     1050	         4591 	
     1051	         4634 	
     1052	         4659 	
     1053	         4413 	
     1054	         4471 	
     1055	         4639 	
     1056	         4641 	
     1057	         4657 	
     1058	         4534 	
     1059	         4384 	
     1060	         4537 	
     1061	         4479 	
     1062	         4422 	
     1063	         4487 	
     1064	         4386 	
     1065	         4656 	
     1066	         4633 	
     1067	         4515 	
     1068	         4524 	
     1069	         4530 	
     1070	         4587 	
     1071	         4597 	
     1072	         4535 	
     1073	         4559 	
     1074	         4652 	
     1075	         4708 	
     1076	         4550 	
     1077	         4525 	
     1078	         4539 	
     1079	         4552 	
     1080	         4661 	
     1081	         4520 	
     1082	         4422 	
     1083	         4491 	
     1084	         4548 	
     1085	         4570 	
     1086	         4521 	
     1087	         4505 	
     1088	         4443 	
     1089	         4589 	
     1090	         4620 	
     1091	         4569 	
     1092	         4468 	
     1093	         4455 	
     1094	         4707 	
     1095	         4666 	
     1096	         4583 	
     1097	         4541 	
     1098	         4630 	
     1099	         4646 	
     1100	         4525 	
     1101	         4406 	
     1102	         4573 	
     1103	         4590 	
     1104	         4674 	
     1105	         4435 	
     1106	         4540 	
     1107	         4585 	
     1108	         4471 	
     1109	         4583 	
     1110	         4538 	
     1111	         4408 	
     1112	         4586 	
     1113	         4637 	
     1114	         4487 	
     1115	         4469 	
     1116	         4411 	
     1117	         4728 	
     1118	         4598 	
     1119	         4620 	
     1120	         4502 	
     1121	         4606 	
     1122	         4631 	
     1123	         4593 	
     1124	         4452 	
     1125	         4502 	
     1126	         4537 	
     1127	         4687 	
     1128	         4474 	
     1129	         4349 	
     1130	         4565 	
     1131	         4477 	
     1132	         4609 	
     1133	         4493 	
     1134	         4404 	
     1135	         4463 	
     1136	         4660 	
     1137	         4529 	
     1138	         4442 	
     1139	         4438 	
     1140	         4707 	
     1141	         4703 	
     1142	         4587 	
     1143	         4573 	
     1144	         4617 	
     1145	         4647 	
     1146	         4625 	
     1147	         4384 	
     1148	         4505 	
     1149	         4575 	
     1150	         4539 	
     1151	         4522 	
     1152	         4419 	
     1153	         4482 	
     1154	         4505 	
     1155	         4433 	
     1156	         4583 	
     1157	         4503 	
     1158	         4493 	
     1159	         4719 	
     1160	         4607 	
     1161	         4475 	
     1162	         4522 	
     1163	         4411 	
     1164	         4685 	
     1165	         4554 	
     1166	         4585 	
     1167	         4633 	
     1168	         4673 	
     1169	         4672 	
     1170	         4594 	
     1171	         4509 	
     1172	         4673 	
     1173	         4472 	
     1174	         4628 	
     1175	         4420 	
     1176	         4472 	
     1177	         4583 	
     1178	         4421 	
     1179	         4598 	
     1180	         4459 	
     1181	         4411 	
     1182	         4641 	
     1183	         4739 	
     1184	         4604 	
     1185	         4554 	
     1186	         4404 	
     1187	         4556 	
     1188	         4667 	
     1189	         4606 	
     1190	         4589 	
     1191	         4633 	
     1192	         4615 	
     1193	         4608 	
     1194	         4463 	
     1195	         4476 	
     1196	         4530 	
     1197	         4588 	
     1198	         4743 	
     1199	         4393 	
     1200	         4463 	
     1201	         4431 	
     1202	         4526 	
     1203	         4414 	
     1204	         4360 	
     1205	         4390 	
     1206	         4457 	
     1207	         4628 	
     1208	         4687 	
     1209	         4466 	
     1210	         4435 	
     1211	         4638 	
     1212	         4582 	
     1213	         4680 	
     1214	         4543 	
     1215	         4705 	
     1216	         4740 	
     1217	         4504 	
     1218	         4381 	
     1219	         4551 	
     1220	         4538 	
     1221	         4578 	
     1222	         4513 	
     1223	         4501 	
     1224	         4479 	
     1225	         4594 	
     1226	         4557 	
     1227	         4506 	
     1228	         4534 	
     1229	         4519 	
     1230	         4550 	
     1231	         4592 	
     1232	         4464 	
     1233	         4377 	
     1234	         4571 	
     1235	         4704 	
     1236	         4663 	
     1237	         4655 	
     1238	         4638 	
     1239	         4550 	
     1240	         4638 	
     1241	         4430 	
     1242	         4425 	
     1243	         4497 	
     1244	         4603 	
     1245	         4680 	
     1246	         4420 	
     1247	         4470 	
     1248	         4462 	
     1249	         4561 	
     1250	         4529 	
     1251	         4499 	
     1252	         4351 	
     1253	         4568 	
     1254	         4657 	
     1255	         4582 	
     1256	         4385 	
     1257	         4504 	
     1258	         4704 	
     1259	         4579 	
     1260	         4540 	
     1261	         4536 	
     1262	         4605 	
     1263	         4715 	
     1264	         4609 	
     1265	         4430 	
     1266	         4469 	
     1267	         4605 	
     1268	         4583 	
     1269	         4470 	
     1270	         4471 	
     1271	         4550 	
     1272	         4525 	
     1273	         4515 	
     1274	         4456 	
     1275	         4525 	
     1276	         4454 	
     1277	         4607 	
     1278	         4569 	
     1279	         4537 	
     1280	         4275 	
     1281	         4555 	
     1282	         4628 	
     1283	         4608 	
     1284	         4626 	
     1285	         4658 	
     1286	         4681 	
     1287	         4616 	
     1288	         4483 	
     1289	         4580 	
     1290	         4654 	
     1291	         4629 	
     1292	         4524 	
     1293	         4431 	
     1294	         4472 	
     1295	         4575 	
     1296	         4535 	
     1297	         4540 	
     1298	         4476 	
     1299	         4301 	
     1300	         4651 	
     1301	         4674 	
     1302	         4514 	
     1303	         4569 	
     1304	         4510 	
     1305	         4593 	
     1306	         4620 	
     1307	         4714 	
     1308	         4595 	
     1309	         4586 	
     1310	         4579 	
     1311	         4517 	
     1312	         4342 	
     1313	         4528 	
     1314	         4548 	
     1315	         4636 	
     1316	         4473 	
     1317	         4361 	
     1318	         4426 	
     1319	         4533 	
     1320	         4563 	
     1321	         4508 	
     1322	         4422 	
     1323	         4656 	
     1324	         4598 	
     1325	         4653 	
     1326	         4443 	
     1327	         4457 	
     1328	         4658 	
     1329	         4645 	
     1330	         4667 	
     1331	         4674 	
     1332	         4596 	
     1333	         4597 	
     1334	         4418 	
     1335	         4456 	
     1336	         4597 	
     1337	         4523 	
     1338	         4715 	
     1339	         4411 	
     1340	         4468 	
     1341	         4638 	
     1342	         4493 	
     1343	         4488 	
     1344	         4483 	
     1345	         4501 	
     1346	         4405 	
     1347	         4551 	
     1348	         4587 	
     1349	         4467 	
     1350	         4368 	
     1351	         4598 	
     1352	         4680 	
     1353	         4570 	
     1354	         4551 	
     1355	         4518 	
     1356	         4639 	
     1357	         4573 	
     1358	         4673 	
     1359	         4433 	
     1360	         4518 	
     1361	         4550 	
     1362	         4618 	
     1363	         4395 	
     1364	         4439 	
     1365	         4426 	
     1366	         4547 	
     1367	         4594 	
     1368	         4445 	
     1369	         4442 	
     1370	         4450 	
     1371	         4541 	
     1372	         4550 	
     1373	         4357 	
     1374	         4471 	
     1375	         4652 	
     1376	         4604 	
     1377	         4543 	
     1378	         4579 	
     1379	         4598 	
     1380	         4668 	
     1381	         4702 	
     1382	         4537 	
     1383	         4481 	
     1384	         4602 	
     1385	         4550 	
     1386	         4474 	
     1387	         4430 	
     1388	         4499 	
     1389	         4659 	
     1390	         4640 	
     1391	         4556 	
     1392	         4528 	
     1393	         4446 	
     1394	         4426 	
     1395	         4663 	
     1396	         4548 	
     1397	         4422 	
     1398	         4517 	
     1399	         4594 	
     1400	         4616 	
     1401	         4508 	
     1402	         4529 	
     1403	         4636 	
     1404	         4617 	
     1405	         4626 	
     1406	         4452 	
     1407	         4463 	
     1408	         4604 	
     1409	         4584 	
     1410	         4419 	
     1411	         4464 	
     1412	         4549 	
     1413	         4588 	
     1414	         4558 	
     1415	         4472 	
     1416	         4456 	
     1417	         4466 	
     1418	         4600 	
     1419	         4535 	
     1420	         4565 	
     1421	         4389 	
     1422	         4662 	
     1423	         4528 	
     1424	         4529 	
     1425	         4457 	
     1426	         4624 	
     1427	         4569 	
     1428	         4755 	
     1429	         4412 	
     1430	         4534 	
     1431	         4658 	
     1432	         4602 	
     1433	         4395 	
     1434	         4491 	
     1435	         4539 	
     1436	         4588 	
     1437	         4468 	
     1438	         4514 	
     1439	         4468 	
     1440	         4427 	
     1441	         4526 	
     1442	         4653 	
     1443	         4496 	
     1444	         4416 	
     1445	         4475 	
     1446	         4699 	
     1447	         4681 	
     1448	         4547 	
     1449	         4568 	
     1450	         4522 	
     1451	         4729 	
     1452	         4541 	
     1453	         4380 	
     1454	         4602 	
     1455	         4580 	
     1456	         4669 	
     1457	         4539 	
     1458	         4425 	
     1459	         4544 	
     1460	         4504 	
     1461	         4465 	
     1462	         4516 	
     1463	         4473 	
     1464	         4387 	
     1465	         4633 	
     1466	         4436 	
     1467	         4504 	
     1468	         4427 	
     1469	         4716 	
     1470	         4630 	
     1471	         4557 	
     1472	         4484 	
     1473	         4568 	
     1474	         4551 	
     1475	         4695 	
     1476	         4414 	
     1477	         4409 	
     1478	         4495 	
     1479	         4653 	
     1480	         4632 	
     1481	         4393 	
     1482	         4491 	
     1483	         4351 	
     1484	         4587 	
     1485	         4558 	
     1486	         4552 	
     1487	         4476 	
     1488	         4462 	
     1489	         4615 	
     1490	         4664 	
     1491	         4541 	
     1492	         4385 	
     1493	         4542 	
     1494	         4720 	
     1495	         4572 	
     1496	         4647 	
     1497	         4550 	
     1498	         4677 	
     1499	         4624 	
     1500	         4439 	
     1501	         4522 	
     1502	         4597 	
     1503	         4623 	
     1504	         4455 	
     1505	         4471 	
     1506	         4545 	
     1507	         4622 	
     1508	         4588 	
     1509	         4592 	
     1510	         4511 	
     1511	         4503 	
     1512	         4474 	
     1513	         4617 	
     1514	         4513 	
     1515	         4414 	
     1516	         4577 	
     1517	         4652 	
     1518	         4653 	
     1519	         4529 	
     1520	         4562 	
     1521	         4621 	
     1522	         4664 	
     1523	         4620 	
     1524	         4441 	
     1525	         4606 	
     1526	         4639 	
     1527	         4675 	
     1528	         4426 	
     1529	         4491 	
     1530	         4605 	
     1531	         4473 	
     1532	         4560 	
     1533	         4573 	
     1534	         4340 	
     1535	         4413 	
     1536	         4770 	
     1537	         4576 	
     1538	         4500 	
     1539	         4481 	
     1540	         4653 	
     1541	         4604 	
     1542	         4554 	
     1543	         4541 	
     1544	         4558 	
     1545	         4528 	
     1546	         4587 	
     1547	         4474 	
     1548	         4408 	
     1549	         4536 	
     1550	         4762 	
     1551	         4467 	
     1552	         4491 	
     1553	         4459 	
     1554	         4487 	
     1555	         4611 	
     1556	         4568 	
     1557	         4538 	
     1558	         4470 	
     1559	         4560 	
     1560	         4715 	
     1561	         4507 	
     1562	         4460 	
     1563	         4582 	
     1564	         4719 	
     1565	         4679 	
     1566	         4498 	
     1567	         4517 	
     1568	         4594 	
     1569	         4709 	
     1570	         4580 	
     1571	         4429 	
     1572	         4504 	
     1573	         4649 	
     1574	         4657 	
     1575	         4447 	
     1576	         4586 	
     1577	         4572 	
     1578	         4494 	
     1579	         4572 	
     1580	         4583 	
     1581	         4536 	
     1582	         4404 	
     1583	         4570 	
     1584	         4536 	
     1585	         4489 	
     1586	         4445 	
     1587	         4593 	
     1588	         4566 	
     1589	         4558 	
     1590	         4518 	
     1591	         4650 	
     1592	         4619 	
     1593	         4640 	
     1594	         4436 	
     1595	         4514 	
     1596	         4602 	
     1597	         4659 	
     1598	         4479 	
     1599	         4549 	
     1600	         4538 	
     1601	         4555 	
     1602	         4628 	
     1603	         4533 	
     1604	         4474 	
     1605	         4314 	
     1606	         4655 	
     1607	         4740 	
     1608	         4487 	
     1609	         4463 	
     1610	         4676 	
     1611	         4625 	
     1612	         4568 	
     1613	         4540 	
     1614	         4548 	
     1615	         4580 	
     1616	         4629 	
     1617	         4504 	
     1618	         4439 	
     1619	         4524 	
     1620	         4604 	
     1621	         4570 	
     1622	         4449 	
     1623	         4474 	
     1624	         4669 	
     1625	         4597 	
     1626	         4585 	
     1627	         4486 	
     1628	         4439 	
     1629	         4430 	
     1630	         4584 	
     1631	         4613 	
     1632	         4491 	
     1633	         4497 	
     1634	         4501 	
     1635	         4721 	
     1636	         4636 	
     1637	         4576 	
     1638	         4630 	
     1639	         4561 	
     1640	         4697 	
     1641	         4447 	
     1642	         4544 	
     1643	         4598 	
     1644	         4691 	
     1645	         4480 	
     1646	         4360 	
     1647	         4482 	
     1648	         4625 	
     1649	         4515 	
     1650	         4557 	
     1651	         4454 	
     1652	         4486 	
     1653	         4540 	
     1654	         4661 	
     1655	         4526 	
     1656	         4429 	
     1657	         4480 	
     1658	         4666 	
     1659	         4528 	
     1660	         4570 	
     1661	         4463 	
     1662	         4485 	
     1663	         4499 	
     1664	         4737 	
     1665	         4477 	
     1666	         4515 	
     1667	         4604 	
     1668	         4566 	
     1669	         4512 	
     1670	         4552 	
     1671	         4533 	
     1672	         4590 	
     1673	         4589 	
     1674	         4574 	
     1675	         4501 	
     1676	         4423 	
     1677	         4642 	
     1678	         4577 	
     1679	         4463 	
     1680	         4474 	
     1681	         4592 	
     1682	         4620 	
     1683	         4545 	
     1684	         4524 	
     1685	         4617 	
     1686	         4607 	
     1687	         4605 	
     1688	         4591 	
     1689	         4455 	
     1690	         4590 	
     1691	         4735 	
     1692	         4459 	
     1693	         4503 	
     1694	         4524 	
     1695	         4556 	
     1696	         4630 	
     1697	         4530 	
     1698	         4603 	
     1699	         4397 	
     1700	         4518 	
     1701	         4548 	
     1702	         4532 	
     1703	         4425 	
     1704	         4540 	
     1705	         4592 	
     1706	         4501 	
     1707	         4509 	
     1708	         4599 	
     1709	         4618 	
     1710	         4703 	
     1711	         4689 	
     1712	         4410 	
     1713	         4509 	
     1714	         4606 	
     1715	         4681 	
     1716	         4435 	
     1717	         4474 	
     1718	         4576 	
     1719	         4487 	
     1720	         4539 	
     1721	         4518 	
     1722	         4411 	
     1723	         4556 	
     1724	         4562 	
     1725	         4563 	
     1726	         4487 	
     1727	         4422 	
     1728	         4688 	
     1729	         4590 	
     1730	         4535 	
     1731	         4595 	
     1732	         4545 	
     1733	         4600 	
     1734	         4675 	
     1735	         4377 	
     1736	         4454 	
     1737	         4544 	
     1738	         4703 	
     1739	         4475 	
     1740	         4403 	
     1741	         4415 	
     1742	         4443 	
     1743	         4563 	
     1744	         4548 	
     1745	         4523 	
     1746	         4377 	
     1747	         4553 	
     1748	         4580 	
     1749	         4506 	
     1750	         4433 	
     1751	         4549 	
     1752	         4629 	
     1753	         4461 	
     1754	         4496 	
     1755	         4528 	
     1756	         4584 	
     1757	         4660 	
     1758	         4606 	
     1759	         4433 	
     1760	         4470 	
     1761	         4646 	
     1762	         4619 	
     1763	         4498 	
     1764	         4472 	
     1765	         4534 	
     1766	         4473 	
     1767	         4600 	
     1768	         4488 	
     1769	         4484 	
     1770	         4381 	
     1771	         4623 	
     1772	         4564 	
     1773	         4568 	
     1774	         4412 	
     1775	         4597 	
     1776	         4612 	
     1777	         4627 	
     1778	         4552 	
     1779	         4581 	
     1780	         4569 	
     1781	         4598 	
     1782	         4434 	
     1783	         4502 	
     1784	         4593 	
     1785	         4653 	
     1786	         4499 	
     1787	         4505 	
     1788	         4528 	
     1789	         4489 	
     1790	         4448 	
     1791	         4535 	
     1792	         4433 	
     1793	         4476 	
     1794	         4396 	
     1795	         4579 	
     1796	         4558 	
     1797	         4472 	
     1798	         4399 	
     1799	         4666 	
     1800	         4553 	
     1801	         4526 	
     1802	         4533 	
     1803	         4510 	
     1804	         4540 	
     1805	         4729 	
     1806	         4471 	
     1807	         4411 	
     1808	         4481 	
     1809	         4735 	
     1810	         4468 	
     1811	         4409 	
     1812	         4561 	
     1813	         4626 	
     1814	         4581 	
     1815	         4467 	
     1816	         4493 	
     1817	         4454 	
     1818	         4658 	
     1819	         4602 	
     1820	         4448 	
     1821	         4391 	
     1822	         4625 	
     1823	         4576 	
     1824	         4587 	
     1825	         4540 	
     1826	         4588 	
     1827	         4609 	
     1828	         4666 	
     1829	         4483 	
     1830	         4445 	
     1831	         4575 	
     1832	         4562 	
     1833	         4479 	
     1834	         4443 	
     1835	         4492 	
     1836	         4503 	
     1837	         4656 	
     1838	         4568 	
     1839	         4486 	
     1840	         4504 	
     1841	         4444 	
     1842	         4588 	
     1843	         4466 	
     1844	         4391 	
     1845	         4495 	
     1846	         4706 	
     1847	         4587 	
     1848	         4550 	
     1849	         4520 	
     1850	         4577 	
     1851	         4605 	
     1852	         4587 	
     1853	         4417 	
     1854	         4544 	
     1855	         4655 	
     1856	         4653 	
     1857	         4430 	
     1858	         4476 	
     1859	         4441 	
     1860	         4542 	
     1861	         4520 	
     1862	         4529 	
     1863	         4446 	
     1864	         4453 	
     1865	         4656 	
     1866	         4577 	
     1867	         4385 	
     1868	         4414 	
     1869	         4582 	
     1870	         4689 	
     1871	         4559 	
     1872	         4624 	
     1873	         4537 	
     1874	         4569 	
     1875	         4617 	
     1876	         4475 	
     1877	         4555 	
     1878	         4556 	
     1879	         4646 	
     1880	         4518 	
     1881	         4392 	
     1882	         4542 	
     1883	         4570 	
     1884	         4561 	
     1885	         4534 	
     1886	         4597 	
     1887	         4435 	
     1888	         4486 	
     1889	         4689 	
     1890	         4607 	
     1891	         4441 	
     1892	         4501 	
     1893	         4530 	
     1894	         4715 	
     1895	         4605 	
     1896	         4656 	
     1897	         4490 	
     1898	         4602 	
     1899	         4597 	
     1900	         4387 	
     1901	         4538 	
     1902	         4666 	
     1903	         4686 	
     1904	         4507 	
     1905	         4514 	
     1906	         4529 	
     1907	         4520 	
     1908	         4564 	
     1909	         4423 	
     1910	         4553 	
     1911	         4491 	
     1912	         4605 	
     1913	         4622 	
     1914	         4503 	
     1915	         4358 	
     1916	         4480 	
     1917	         4688 	
     1918	         4687 	
     1919	         4588 	
     1920	         4580 	
     1921	         4556 	
     1922	         4660 	
     1923	         4513 	
     1924	         4430 	
     1925	         4518 	
     1926	         4675 	
     1927	         4618 	
     1928	         4465 	
     1929	         4560 	
     1930	         4602 	
     1931	         4621 	
     1932	         4596 	
     1933	         4554 	
     1934	         4501 	
     1935	         4394 	
     1936	         4648 	
     1937	         4608 	
     1938	         4500 	
     1939	         4406 	
     1940	         4555 	
     1941	         4743 	
     1942	         4602 	
     1943	         4619 	
     1944	         4672 	
     1945	         4662 	
     1946	         4641 	
     1947	         4381 	
     1948	         4523 	
     1949	         4566 	
     1950	         4629 	
     1951	         4410 	
     1952	         4497 	
     1953	         4656 	
     1954	         4525 	
     1955	         4554 	
     1956	         4642 	
     1957	         4555 	
     1958	         4405 	
     1959	         4644 	
     1960	         4635 	
     1961	         4574 	
     1962	         4447 	
     1963	         4569 	
     1964	         4675 	
     1965	         4660 	
     1966	         4532 	
     1967	         4575 	
     1968	         4578 	
     1969	         4635 	
     1970	         4436 	
     1971	         4490 	
     1972	         4675 	
     1973	         4663 	
     1974	         4518 	
     1975	         4507 	
     1976	         4546 	
     1977	         4571 	
     1978	         4591 	
     1979	         4603 	
     1980	         4582 	
     1981	         4489 	
     1982	         4397 	
     1983	         4594 	
     1984	         4627 	
     1985	         4571 	
     1986	         4383 	
     1987	         4703 	
     1988	         4674 	
     1989	         4545 	
     1990	         4570 	
     1991	         4617 	
     1992	         4591 	
     1993	         4448 	
     1994	         4453 	
     1995	         4496 	
     1996	         4625 	
     1997	         4563 	
     1998	         4468 	
     1999	         4537 	
     2000	         4585 	
     2001	         4605 	
     2002	         4558 	
     2003	         4470 	
     2004	         4510 	
     2005	         4435 	
     2006	         4635 	
     2007	         4582 	
     2008	         4526 	
     2009	         4406 	
     2010	         4595 	
     2011	         4684 	
     2012	         4670 	
     2013	         4478 	
     2014	         4612 	
     2015	         4669 	
     2016	         4635 	
     2017	         4567 	
     2018	         4538 	
     2019	         4513 	
     2020	         4721 	
     2021	         4610 	
     2022	         4366 	
     2023	         4424 	
     2024	         4533 	
     2025	         4561 	
     2026	         4550 	
     2027	         4545 	
     2028	         4380 	
     2029	         4550 	
     2030	         4685 	
     2031	         4580 	
     2032	         4429 	
     2033	         4367 	
     2034	         4682 	
     2035	         4695 	
     2036	         4645 	
     2037	         4497 	
     2038	         4524 	
     2039	         4653 	
     2040	         4505 	
     2041	         4456 	
     2042	         4512 	
     2043	         4600 	
     2044	         4669 	
     2045	         4488 	
     2046	         4541 	
     2047	         4489 	
     2048	         4555 	
     2049	         4434 	
     2050	         4516 	
     2051	         4517 	
     2052	         4415 	
     2053	         4494 	
     2054	         4625 	
     2055	         4556 	
     2056	         4485 	
     2057	         4428 	
     2058	         4589 	
     2059	         4693 	
     2060	         4662 	
     2061	         4616 	
     2062	         4638 	
     2063	         4616 	
     2064	         4424 	
     2065	         4420 	
     2066	         4644 	
     2067	         4653 	
     2068	         4535 	
     2069	         4385 	
     2070	         4459 	
     2071	         4537 	
     2072	         4455 	
     2073	         4554 	
     2074	         4514 	
     2075	         4472 	
     2076	         4346 	
     2077	         4623 	
     2078	         4611 	
     2079	         4432 	
     2080	         4314 	
     2081	         4570 	
     2082	         4635 	
     2083	         4584 	
     2084	         4590 	
     2085	         4687 	
     2086	         4690 	
     2087	         4658 	
     2088	         4463 	
     2089	         4459 	
     2090	         4579 	
     2091	         4656 	
     2092	         4475 	
     2093	         4551 	
     2094	         4469 	
     2095	         4559 	
     2096	         4522 	
     2097	         4499 	
     2098	         4502 	
     2099	         4400 	
     2100	         4497 	
     2101	         4630 	
     2102	         4467 	
     2103	         4361 	
     2104	         4461 	
     2105	         4729 	
     2106	         4662 	
     2107	         4581 	
     2108	         4504 	
     2109	         4639 	
     2110	         4620 	
     2111	         4642 	
     2112	         4333 	
     2113	         4505 	
     2114	         4681 	
     2115	         4581 	
     2116	         4508 	
     2117	         4465 	
     2118	         4511 	
     2119	         4562 	
     2120	         4554 	
     2121	         4477 	
     2122	         4491 	
     2123	         4372 	
     2124	         4661 	
     2125	         4569 	
     2126	         4511 	
     2127	         4454 	
     2128	         4684 	
     2129	         4629 	
     2130	         4563 	
     2131	         4526 	
     2132	         4533 	
     2133	         4654 	
     2134	         4557 	
     2135	         4428 	
     2136	         4597 	
     2137	         4509 	
     2138	         4702 	
     2139	         4438 	
     2140	         4425 	
     2141	         4481 	
     2142	         4554 	
     2143	         4630 	
     2144	         4468 	
     2145	         4465 	
     2146	         4467 	
     2147	         4619 	
     2148	         4589 	
     2149	         4553 	
     2150	         4464 	
     2151	         4467 	
     2152	         4587 	
     2153	         4619 	
     2154	         4556 	
     2155	         4455 	
     2156	         4542 	
     2157	         4660 	
     2158	         4481 	
     2159	         4433 	
     2160	         4550 	
     2161	         4741 	
     2162	         4596 	
     2163	         4355 	
     2164	         4408 	
     2165	         4501 	
     2166	         4619 	
     2167	         4512 	
     2168	         4495 	
     2169	         4486 	
     2170	         4475 	
     2171	         4617 	
     2172	         4584 	
     2173	         4579 	
     2174	         4426 	
     2175	         4639 	
     2176	         4654 	
     2177	         4557 	
     2178	         4634 	
     2179	         4651 	
     2180	         4753 	
     2181	         4523 	
     2182	         4458 	
     2183	         4431 	
     2184	         4591 	
     2185	         4648 	
     2186	         4468 	
     2187	         4479 	
     2188	         4469 	
     2189	         4564 	
     2190	         4554 	
     2191	         4478 	
     2192	         4519 	
     2193	         4389 	
     2194	         4630 	
     2195	         4717 	
     2196	         4570 	
     2197	         4472 	
     2198	         4354 	
     2199	         4561 	
     2200	         4639 	
     2201	         4520 	
     2202	         4570 	
     2203	         4591 	
     2204	         4588 	
     2205	         4615 	
     2206	         4304 	
     2207	         4473 	
     2208	         4626 	
     2209	         4581 	
     2210	         4438 	
     2211	         4395 	
     2212	         4473 	
     2213	         4536 	
     2214	         4484 	
     2215	         4539 	
     2216	         4511 	
     2217	         4437 	
     2218	         4634 	
     2219	         4604 	
     2220	         4381 	
     2221	         4389 	
     2222	         4455 	
     2223	         4592 	
     2224	         4631 	
     2225	         4596 	
     2226	         4545 	
     2227	         4617 	
     2228	         4639 	
     2229	         4360 	
     2230	         4497 	
     2231	         4501 	
     2232	         4629 	
     2233	         4569 	
     2234	         4460 	
     2235	         4511 	
     2236	         4586 	
     2237	         4559 	
     2238	         4572 	
     2239	         4501 	
     2240	         4544 	
     2241	         4519 	
     2242	         4579 	
     2243	         4583 	
     2244	         4518 	
     2245	         4564 	
     2246	         4655 	
     2247	         4644 	
     2248	         4614 	
     2249	         4650 	
     2250	         4563 	
     2251	         4574 	
     2252	         4526 	
     2253	         4396 	
     2254	         4474 	
     2255	         4672 	
     2256	         4605 	
     2257	         4380 	
     2258	         4591 	
     2259	         4568 	
     2260	         4621 	
     2261	         4527 	
     2262	         4549 	
     2263	         4548 	
     2264	         4417 	
     2265	         4597 	
     2266	         4468 	
     2267	         4516 	
     2268	         4426 	
     2269	         4552 	
     2270	         4575 	
     2271	         4644 	
     2272	         4611 	
     2273	         4607 	
     2274	         4649 	
     2275	         4691 	
     2276	         4427 	
     2277	         4400 	
     2278	         4580 	
     2279	         4669 	
     2280	         4452 	
     2281	         4437 	
     2282	         4506 	
     2283	         4563 	
     2284	         4509 	
     2285	         4586 	
     2286	         4524 	
     2287	         4468 	
     2288	         4522 	
     2289	         4668 	
     2290	         4608 	
     2291	         4442 	
     2292	         4484 	
     2293	         4676 	
     2294	         4608 	
     2295	         4506 	
     2296	         4559 	
     2297	         4532 	
     2298	         4627 	
     2299	         4587 	
     2300	         4356 	
     2301	         4556 	
     2302	         4680 	
     2303	         4710 	
     2304	         4387 	
     2305	         4466 	
     2306	         4547 	
     2307	         4544 	
     2308	         4476 	
     2309	         4491 	
     2310	         4393 	
     2311	         4366 	
     2312	         4634 	
     2313	         4568 	
     2314	         4489 	
     2315	         4371 	
     2316	         4438 	
     2317	         4690 	
     2318	         4564 	
     2319	         4564 	
     2320	         4698 	
     2321	         4593 	
     2322	         4607 	
     2323	         4319 	
     2324	         4502 	
     2325	         4609 	
     2326	         4650 	
     2327	         4491 	
     2328	         4454 	
     2329	         4526 	
     2330	         4548 	
     2331	         4555 	
     2332	         4603 	
     2333	         4397 	
     2334	         4432 	
     2335	         4516 	
     2336	         4600 	
     2337	         4633 	
     2338	         4516 	
     2339	         4411 	
     2340	         4451 	
     2341	         4687 	
     2342	         4576 	
     2343	         4737 	
     2344	         4674 	
     2345	         4669 	
     2346	         4450 	
     2347	         4377 	
     2348	         4548 	
     2349	         4644 	
     2350	         4652 	
     2351	         4457 	
     2352	         4366 	
     2353	         4528 	
     2354	         4543 	
     2355	         4625 	
     2356	         4544 	
     2357	         4547 	
     2358	         4369 	
     2359	         4722 	
     2360	         4616 	
     2361	         4667 	
     2362	         4404 	
     2363	         4431 	
     2364	         4590 	
     2365	         4591 	
     2366	         4728 	
     2367	         4535 	
     2368	         4659 	
     2369	         4624 	
     2370	         4445 	
     2371	         4495 	
     2372	         4672 	
     2373	         4661 	
     2374	         4511 	
     2375	         4409 	
     2376	         4444 	
     2377	         4518 	
     2378	         4579 	
     2379	         4557 	
     2380	         4516 	
     2381	         4422 	
     2382	         4435 	
     2383	         4631 	
     2384	         4466 	
     2385	         4554 	
     2386	         4406 	
     2387	         4576 	
     2388	         4576 	
     2389	         4553 	
     2390	         4640 	
     2391	         4658 	
     2392	         4670 	
     2393	         4485 	
     2394	         4435 	
     2395	         4472 	
     2396	         4628 	
     2397	         4605 	
     2398	         4469 	
     2399	         4449 	
     2400	         4482 	
     2401	         4624 	
     2402	         4448 	
     2403	         4402 	
     2404	         4567 	
     2405	         4475 	
     2406	         4548 	
     2407	         4657 	
     2408	         4563 	
     2409	         4432 	
     2410	         4466 	
     2411	         4736 	
     2412	         4582 	
     2413	         4570 	
     2414	         4684 	
     2415	         4640 	
     2416	         4645 	
     2417	         4481 	
     2418	         4467 	
     2419	         4607 	
     2420	         4639 	
     2421	         4512 	
     2422	         4449 	
     2423	         4509 	
     2424	         4563 	
     2425	         4601 	
     2426	         4527 	
     2427	         4470 	
     2428	         4497 	
     2429	         4440 	
     2430	         4586 	
     2431	         4616 	
     2432	         4518 	
     2433	         4417 	
     2434	         4543 	
     2435	         4620 	
     2436	         4557 	
     2437	         4684 	
     2438	         4564 	
     2439	         4616 	
     2440	         4634 	
     2441	         4466 	
     2442	         4455 	
     2443	         4696 	
     2444	         4614 	
     2445	         4370 	
     2446	         4478 	
     2447	         4497 	
     2448	         4509 	
     2449	         4582 	
     2450	         4470 	
     2451	         4602 	
     2452	         4456 	
     2453	         4715 	
     2454	         4654 	
     2455	         4549 	
     2456	         4466 	
     2457	         4519 	
     2458	         4669 	
     2459	         4689 	
     2460	         4679 	
     2461	         4615 	
     2462	         4827 	
     2463	         4527 	
     2464	         4391 	
     2465	         4504 	
     2466	         4461 	
     2467	         4670 	
     2468	         4580 	
     2469	         4430 	
     2470	         4516 	
     2471	         4592 	
     2472	         4589 	
     2473	         4545 	
     2474	         4574 	
     2475	         4513 	
     2476	         4471 	
     2477	         4614 	
     2478	         4685 	
     2479	         4532 	
     2480	         4363 	
     2481	         4450 	
     2482	         4739 	
     2483	         4645 	
     2484	         4705 	
     2485	         4582 	
     2486	         4556 	
     2487	         4415 	
     2488	         4431 	
     2489	         4483 	
     2490	         4675 	
     2491	         4593 	
     2492	         4503 	
     2493	         4553 	
     2494	         4528 	
     2495	         4595 	
     2496	         4652 	
     2497	         4575 	
     2498	         4520 	
     2499	         4374 	
     2500	         4555 	
     2501	         4666 	
     2502	         4611 	
     2503	         4391 	
     2504	         4459 	
     2505	         4548 	
     2506	         4657 	
     2507	         4638 	
     2508	         4563 	
     2509	         4753 	
     2510	         4677 	
     2511	         4398 	
     2512	         4418 	
     2513	         4532 	
     2514	         4574 	
     2515	         4610 	
     2516	         4400 	
     2517	         4516 	
     2518	         4580 	
     2519	         4479 	
     2520	         4509 	
     2521	         4536 	
     2522	         4620 	
     2523	         4367 	
     2524	         4722 	
     2525	         4636 	
     2526	         4563 	
     2527	         4452 	
     2528	         4444 	
     2529	         4620 	
     2530	         4583 	
     2531	         4672 	
     2532	         4616 	
     2533	         4557 	
     2534	         4399 	
     2535	         4352 	
     2536	         4515 	
     2537	         4689 	
     2538	         4643 	
     2539	         4441 	
     2540	         4501 	
     2541	         4524 	
     2542	         4553 	
     2543	         4605 	
     2544	         4503 	
     2545	         4602 	
     2546	         4441 	
     2547	         4412 	
     2548	         4667 	
     2549	         4640 	
     2550	         4427 	
     2551	         4457 	
     2552	         4521 	
     2553	         4702 	
     2554	         4644 	
     2555	         4638 	
     2556	         4628 	
     2557	         4487 	
     2558	         4457 	
     2559	         4494 	
     2560	         4572 	
     2561	         4755 	
     2562	         4601 	
     2563	         4380 	
     2564	         4538 	
     2565	         4563 	
     2566	         4568 	
     2567	         4564 	
     2568	         4493 	
     2569	         4432 	
     2570	         4428 	
     2571	         4689 	
     2572	         4620 	
     2573	         4474 	
     2574	         4460 	
     2575	         4597 	
     2576	         4597 	
     2577	         4686 	
     2578	         4618 	
     2579	         4631 	
     2580	         4666 	
     2581	         4458 	
     2582	         4466 	
     2583	         4512 	
     2584	         4523 	
     2585	         4576 	
     2586	         4423 	
     2587	         4490 	
     2588	         4574 	
     2589	         4510 	
     2590	         4567 	
     2591	         4535 	
     2592	         4486 	
     2593	         4318 	
     2594	         4628 	
     2595	         4645 	
     2596	         4614 	
     2597	         4467 	
     2598	         4433 	
     2599	         4604 	
     2600	         4673 	
     2601	         4684 	
     2602	         4663 	
     2603	         4703 	
     2604	         4538 	
     2605	         4510 	
     2606	         4512 	
     2607	         4574 	
     2608	         4593 	
     2609	         4568 	
     2610	         4449 	
     2611	         4460 	
     2612	         4549 	
     2613	         4524 	
     2614	         4634 	
     2615	         4467 	
     2616	         4457 	
     2617	         4446 	
     2618	         4643 	
     2619	         4691 	
     2620	         4463 	
     2621	         4356 	
     2622	         4455 	
     2623	         4677 	
     2624	         4626 	
     2625	         4692 	
     2626	         4580 	
     2627	         4752 	
     2628	         4497 	
     2629	         4451 	
     2630	         4462 	
     2631	         4573 	
     2632	         4736 	
     2633	         4497 	
     2634	         4363 	
     2635	         4479 	
     2636	         4588 	
     2637	         4557 	
     2638	         4630 	
     2639	         4497 	
     2640	         4291 	
     2641	         4566 	
     2642	         4587 	
     2643	         4524 	
     2644	         4467 	
     2645	         4488 	
     2646	         4636 	
     2647	         4657 	
     2648	         4651 	
     2649	         4692 	
     2650	         4664 	
     2651	         4632 	
     2652	         4393 	
     2653	         4445 	
     2654	         4568 	
     2655	         4598 	
     2656	         4486 	
     2657	         4397 	
     2658	         4478 	
     2659	         4565 	
     2660	         4601 	
     2661	         4520 	
     2662	         4552 	
     2663	         4466 	
     2664	         4498 	
     2665	         4629 	
     2666	         4552 	
     2667	         4516 	
     2668	         4421 	
     2669	         4551 	
     2670	         4545 	
     2671	         4576 	
     2672	         4629 	
     2673	         4652 	
     2674	         4671 	
     2675	         4431 	
     2676	         4407 	
     2677	         4541 	
     2678	         4643 	
     2679	         4657 	
     2680	         4387 	
     2681	         4528 	
     2682	         4486 	
     2683	         4594 	
     2684	         4552 	
     2685	         4555 	
     2686	         4518 	
     2687	         4425 	
     2688	         4521 	
     2689	         4691 	
     2690	         4651 	
     2691	         4528 	
     2692	         4509 	
     2693	         4681 	
     2694	         4732 	
     2695	         4551 	
     2696	         4722 	
     2697	         4616 	
     2698	         4706 	
     2699	         4390 	
     2700	         4485 	
     2701	         4546 	
     2702	         4765 	
     2703	         4616 	
     2704	         4419 	
     2705	         4583 	
     2706	         4520 	
     2707	         4550 	
     2708	         4460 	
     2709	         4647 	
     2710	         4418 	
     2711	         4370 	
     2712	         4668 	
     2713	         4597 	
     2714	         4453 	
     2715	         4365 	
     2716	         4581 	
     2717	         4744 	
     2718	         4651 	
     2719	         4573 	
     2720	         4618 	
     2721	         4749 	
     2722	         4532 	
     2723	         4396 	
     2724	         4617 	
     2725	         4568 	
     2726	         4676 	
     2727	         4477 	
     2728	         4493 	
     2729	         4482 	
     2730	         4493 	
     2731	         4549 	
     2732	         4490 	
     2733	         4446 	
     2734	         4402 	
     2735	         4581 	
     2736	         4665 	
     2737	         4586 	
     2738	         4475 	
     2739	         4502 	
     2740	         4627 	
     2741	         4635 	
     2742	         4658 	
     2743	         4632 	
     2744	         4672 	
     2745	         4594 	
     2746	         4378 	
     2747	         4504 	
     2748	         4656 	
     2749	         4650 	
     2750	         4518 	
     2751	         4424 	
     2752	         4564 	
     2753	         4471 	
     2754	         4581 	
     2755	         4517 	
     2756	         4511 	
     2757	         4478 	
     2758	         4395 	
     2759	         4653 	
     2760	         4639 	
     2761	         4590 	
     2762	         4461 	
     2763	         4566 	
     2764	         4609 	
     2765	         4700 	
     2766	         4552 	
     2767	         4676 	
     2768	         4686 	
     2769	         4529 	
     2770	         4335 	
     2771	         4570 	
     2772	         4555 	
     2773	         4701 	
     2774	         4502 	
     2775	         4484 	
     2776	         4570 	
     2777	         4549 	
     2778	         4612 	
     2779	         4558 	
     2780	         4534 	
     2781	         4415 	
     2782	         4474 	
     2783	         4628 	
     2784	         4583 	
     2785	         4428 	
     2786	         4450 	
     2787	         4655 	
     2788	         4619 	
     2789	         4513 	
     2790	         4583 	
     2791	         4661 	
     2792	         4656 	
     2793	         4578 	
     2794	         4428 	
     2795	         4467 	
     2796	         4641 	
     2797	         4655 	
     2798	         4255 	
     2799	         4444 	
     2800	         4552 	
     2801	         4576 	
     2802	         4584 	
     2803	         4537 	
     2804	         4571 	
     2805	         4413 	
     2806	         4489 	
     2807	         4616 	
     2808	         4432 	
     2809	         4416 	
     2810	         4579 	
     2811	         4579 	
     2812	         4685 	
     2813	         4521 	
     2814	         4602 	
     2815	         4751 	
     2816	         4670 	
     2817	         4403 	
     2818	         4371 	
     2819	         4481 	
     2820	         4648 	
     2821	         4509 	
     2822	         4556 	
     2823	         4490 	
     2824	         4459 	
     2825	         4510 	
     2826	         4626 	
     2827	         4447 	
     2828	         4489 	
     2829	         4531 	
     2830	         4704 	
     2831	         4521 	
     2832	         4525 	
     2833	         4444 	
     2834	         4507 	
     2835	         4699 	
     2836	         4560 	
     2837	         4577 	
     2838	         4591 	
     2839	         4628 	
     2840	         4520 	
     2841	         4478 	
     2842	         4611 	
     2843	         4567 	
     2844	         4607 	
     2845	         4352 	
     2846	         4577 	
     2847	         4438 	
     2848	         4517 	
     2849	         4548 	
     2850	         4616 	
     2851	         4474 	
     2852	         4517 	
     2853	         4692 	
     2854	         4543 	
     2855	         4562 	
     2856	         4361 	
     2857	         4582 	
     2858	         4679 	
     2859	         4655 	
     2860	         4691 	
     2861	         4658 	
     2862	         4637 	
     2863	         4639 	
     2864	         4413 	
     2865	         4535 	
     2866	         4656 	
     2867	         4567 	
     2868	         4525 	
     2869	         4472 	
     2870	         4560 	
     2871	         4594 	
     2872	         4628 	
     2873	         4590 	
     2874	         4506 	
     2875	         4437 	
     2876	         4516 	
     2877	         4744 	
     2878	         4549 	
     2879	         4442 	
     2880	         4497 	
     2881	         4610 	
     2882	         4708 	
     2883	         4539 	
     2884	         4591 	
     2885	         4608 	
     2886	         4657 	
     2887	         4484 	
     2888	         4383 	
     2889	         4544 	
     2890	         4678 	
     2891	         4568 	
     2892	         4432 	
     2893	         4414 	
     2894	         4526 	
     2895	         4472 	
     2896	         4506 	
     2897	         4645 	
     2898	         4567 	
     2899	         4460 	
     2900	         4558 	
     2901	         4581 	
     2902	         4553 	
     2903	         4496 	
     2904	         4471 	
     2905	         4704 	
     2906	         4606 	
     2907	         4726 	
     2908	         4594 	
     2909	         4634 	
     2910	         4611 	
     2911	         4570 	
     2912	         4468 	
     2913	         4582 	
     2914	         4635 	
     2915	         4551 	
     2916	         4469 	
     2917	         4502 	
     2918	         4576 	
     2919	         4585 	
     2920	         4587 	
     2921	         4478 	
     2922	         4499 	
     2923	         4459 	
     2924	         4620 	
     2925	         4564 	
     2926	         4527 	
     2927	         4428 	
     2928	         4487 	
     2929	         4683 	
     2930	         4615 	
     2931	         4771 	
     2932	         4671 	
     2933	         4667 	
     2934	         4565 	
     2935	         4504 	
     2936	         4491 	
     2937	         4657 	
     2938	         4581 	
     2939	         4471 	
     2940	         4499 	
     2941	         4527 	
     2942	         4532 	
     2943	         4521 	
     2944	         4505 	
     2945	         4538 	
     2946	         4396 	
     2947	         4467 	
     2948	         4636 	
     2949	         4554 	
     2950	         4364 	
     2951	         4524 	
     2952	         4701 	
     2953	         4555 	
     2954	         4532 	
     2955	         4602 	
     2956	         4598 	
     2957	         4673 	
     2958	         4411 	
     2959	         4469 	
     2960	         4611 	
     2961	         4622 	
     2962	         4478 	
     2963	         4509 	
     2964	         4506 	
     2965	         4510 	
     2966	         4468 	
     2967	         4549 	
     2968	         4592 	
     2969	         4488 	
     2970	         4406 	
     2971	         4612 	
     2972	         4557 	
     2973	         4519 	
     2974	         4501 	
     2975	         4546 	
     2976	         4663 	
     2977	         4656 	
     2978	         4585 	
     2979	         4543 	
     2980	         4690 	
     2981	         4482 	
     2982	         4343 	
     2983	         4543 	
     2984	         4482 	
     2985	         4638 	
     2986	         4341 	
     2987	         4466 	
     2988	         4551 	
     2989	         4510 	
     2990	         4578 	
     2991	         4577 	
     2992	         4476 	
     2993	         4559 	
     2994	         4589 	
     2995	         4609 	
     2996	         4647 	
     2997	         4402 	
     2998	         4565 	
     2999	         4632 	
     3000	         4613 	
     3001	         4520 	
     3002	         4614 	
     3003	         4631 	
     3004	         4586 	
     3005	         4436 	
     3006	         4439 	
     3007	         4543 	
     3008	         4657 	
     3009	         4480 	
     3010	         4460 	
     3011	         4512 	
     3012	         4576 	
     3013	         4620 	
     3014	         4575 	
     3015	         4470 	
     3016	         4472 	
     3017	         4419 	
     3018	         4686 	
     3019	         4577 	
     3020	         4521 	
     3021	         4526 	
     3022	         4663 	
     3023	         4569 	
     3024	         4634 	
     3025	         4672 	
     3026	         4623 	
     3027	         4567 	
     3028	         4526 	
     3029	         4429 	
     3030	         4561 	
     3031	         4692 	
     3032	         4573 	
     3033	         4491 	
     3034	         4543 	
     3035	         4510 	
     3036	         4562 	
     3037	         4446 	
     3038	         4501 	
     3039	         4502 	
     3040	         4411 	
     3041	         4640 	
     3042	         4640 	
     3043	         4478 	
     3044	         4454 	
     3045	         4495 	
     3046	         4709 	
     3047	         4540 	
     3048	         4602 	
     3049	         4656 	
     3050	         4633 	
     3051	         4608 	
     3052	         4454 	
     3053	         4508 	
     3054	         4570 	
     3055	         4653 	
     3056	         4555 	
     3057	         4340 	
     3058	         4428 	
     3059	         4541 	
     3060	         4581 	
     3061	         4534 	
     3062	         4573 	
     3063	         4434 	
     3064	         4518 	
     3065	         4667 	
     3066	         4695 	
     3067	         4481 	
     3068	         4372 	
     3069	         4500 	
     3070	         4700 	
     3071	         4696 	
     3072	         4535 	
     3073	         4721 	
     3074	         4592 	
     3075	         4481 	
     3076	         4402 	
     3077	         4474 	
     3078	         4566 	
     3079	         4700 	
     3080	         4461 	
     3081	         4474 	
     3082	         4542 	
     3083	         4585 	
     3084	         4586 	
     3085	         4577 	
     3086	         4566 	
     3087	         4463 	
     3088	         4494 	
     3089	         4676 	
     3090	         4563 	
     3091	         4490 	
     3092	         4344 	
     3093	         4559 	
     3094	         4638 	
     3095	         4679 	
     3096	         4621 	
     3097	         4635 	
     3098	         4622 	
     3099	         4524 	
     3100	         4396 	
     3101	         4585 	
     3102	         4657 	
     3103	         4484 	
     3104	         4489 	
     3105	         4573 	
     3106	         4581 	
     3107	         4511 	
     3108	         4562 	
     3109	         4436 	
     3110	         4511 	
     3111	         4441 	
     3112	         4542 	
     3113	         4603 	
     3114	         4574 	
     3115	         4443 	
     3116	         4525 	
     3117	         4641 	
     3118	         4600 	
     3119	         4496 	
     3120	         4596 	
     3121	         4571 	
     3122	         4602 	
     3123	         4417 	
     3124	         4615 	
     3125	         4555 	
     3126	         4527 	
     3127	         4531 	
     3128	         4446 	
     3129	         4557 	
     3130	         4590 	
     3131	         4469 	
     3132	         4535 	
     3133	         4535 	
     3134	         4440 	
     3135	         4519 	
     3136	         4609 	
     3137	         4517 	
     3138	         4564 	
     3139	         4515 	
     3140	         4629 	
     3141	         4620 	
     3142	         4496 	
     3143	         4734 	
     3144	         4669 	
     3145	         4576 	
     3146	         4461 	
     3147	         4611 	
     3148	         4573 	
     3149	         4748 	
     3150	         4509 	
     3151	         4464 	
     3152	         4567 	
     3153	         4455 	
     3154	         4592 	
     3155	         4470 	
     3156	         4538 	
     3157	         4518 	
     3158	         4367 	
     3159	         4634 	
     3160	         4587 	
     3161	         4519 	
     3162	         4551 	
     3163	         4371 	
     3164	         4555 	
     3165	         4608 	
     3166	         4599 	
     3167	         4610 	
     3168	         4566 	
     3169	         4455 	
     3170	         4491 	
     3171	         4469 	
     3172	         4670 	
     3173	         4535 	
     3174	         4437 	
     3175	         4435 	
     3176	         4463 	
     3177	         4422 	
     3178	         4476 	
     3179	         4561 	
     3180	         4554 	
     3181	         4359 	
     3182	         4522 	
     3183	         4607 	
     3184	         4630 	
     3185	         4550 	
     3186	         4328 	
     3187	         4503 	
     3188	         4615 	
     3189	         4617 	
     3190	         4650 	
     3191	         4699 	
     3192	         4549 	
     3193	         4348 	
     3194	         4446 	
     3195	         4634 	
     3196	         4686 	
     3197	         4579 	
     3198	         4439 	
     3199	         4564 	
     3200	         4605 	
     3201	         4510 	
     3202	         4536 	
     3203	         4432 	
     3204	         4621 	
     3205	         4507 	
     3206	         4548 	
     3207	         4602 	
     3208	         4628 	
     3209	         4504 	
     3210	         4482 	
     3211	         4561 	
     3212	         4572 	
     3213	         4662 	
     3214	         4692 	
     3215	         4619 	
     3216	         4412 	
     3217	         4469 	
     3218	         4528 	
     3219	         4658 	
     3220	         4693 	
     3221	         4408 	
     3222	         4549 	
     3223	         4504 	
     3224	         4403 	
     3225	         4530 	
     3226	         4582 	
     3227	         4572 	
     3228	         4476 	
     3229	         4453 	
     3230	         4623 	
     3231	         4619 	
     3232	         4604 	
     3233	         4463 	
     3234	         4526 	
     3235	         4609 	
     3236	         4645 	
     3237	         4578 	
     3238	         4666 	
     3239	         4588 	
     3240	         4436 	
     3241	         4471 	
     3242	         4715 	
     3243	         4651 	
     3244	         4403 	
     3245	         4478 	
     3246	         4490 	
     3247	         4505 	
     3248	         4613 	
     3249	         4598 	
     3250	         4585 	
     3251	         4613 	
     3252	         4352 	
     3253	         4623 	
     3254	         4545 	
     3255	         4546 	
     3256	         4454 	
     3257	         4502 	
     3258	         4630 	
     3259	         4711 	
     3260	         4693 	
     3261	         4707 	
     3262	         4658 	
     3263	         4532 	
     3264	         4311 	
     3265	         4586 	
     3266	         4686 	
     3267	         4427 	
     3268	         4463 	
     3269	         4513 	
     3270	         4610 	
     3271	         4586 	
     3272	         4544 	
     3273	         4521 	
     3274	         4469 	
     3275	         4401 	
     3276	         4554 	
     3277	         4606 	
     3278	         4463 	
     3279	         4445 	
     3280	         4472 	
     3281	         4693 	
     3282	         4726 	
     3283	         4589 	
     3284	         4734 	
     3285	         4687 	
     3286	         4523 	
     3287	         4367 	
     3288	         4522 	
     3289	         4556 	
     3290	         4583 	
     3291	         4429 	
     3292	         4524 	
     3293	         4642 	
     3294	         4538 	
     3295	         4515 	
     3296	         4659 	
     3297	         4592 	
     3298	         4339 	
     3299	         4427 	
     3300	         4688 	
     3301	         4606 	
     3302	         4598 	
     3303	         4362 	
     3304	         4451 	
     3305	         4646 	
     3306	         4701 	
     3307	         4648 	
     3308	         4667 	
     3309	         4599 	
     3310	         4439 	
     3311	         4421 	
     3312	         4560 	
     3313	         4635 	
     3314	         4546 	
     3315	         4458 	
     3316	         4569 	
     3317	         4670 	
     3318	         4537 	
     3319	         4584 	
     3320	         4576 	
     3321	         4510 	
     3322	         4519 	
     3323	         4512 	
     3324	         4678 	
     3325	         4375 	
     3326	         4404 	
     3327	         4377 	
     3328	         4550 	
     3329	         4613 	
     3330	         4701 	
     3331	         4628 	
     3332	         4635 	
     3333	         4578 	
     3334	         4420 	
     3335	         4514 	
     3336	         4593 	
     3337	         4563 	
     3338	         4471 	
     3339	         4402 	
     3340	         4523 	
     3341	         4586 	
     3342	         4562 	
     3343	         4466 	
     3344	         4541 	
     3345	         4458 	
     3346	         4542 	
     3347	         4629 	
     3348	         4487 	
     3349	         4464 	
     3350	         4459 	
     3351	         4525 	
     3352	         4563 	
     3353	         4675 	
     3354	         4608 	
     3355	         4614 	
     3356	         4663 	
     3357	         4409 	
     3358	         4492 	
     3359	         4642 	
     3360	         4486 	
     3361	         4536 	
     3362	         4575 	
     3363	         4488 	
     3364	         4539 	
     3365	         4487 	
     3366	         4529 	
     3367	         4586 	
     3368	         4513 	
     3369	         4455 	
     3370	         4310 	
     3371	         4613 	
     3372	         4625 	
     3373	         4550 	
     3374	         4514 	
     3375	         4570 	
     3376	         4706 	
     3377	         4686 	
     3378	         4668 	
     3379	         4664 	
     3380	         4598 	
     3381	         4391 	
     3382	         4499 	
     3383	         4521 	
     3384	         4586 	
     3385	         4429 	
     3386	         4490 	
     3387	         4533 	
     3388	         4502 	
     3389	         4553 	
     3390	         4636 	
     3391	         4529 	
     3392	         4456 	
     3393	         4459 	
     3394	         4555 	
     3395	         4624 	
     3396	         4559 	
     3397	         4437 	
     3398	         4462 	
     3399	         4686 	
     3400	         4671 	
     3401	         4733 	
     3402	         4629 	
     3403	         4684 	
     3404	         4508 	
     3405	         4447 	
     3406	         4592 	
     3407	         4657 	
     3408	         4622 	
     3409	         4455 	
     3410	         4519 	
     3411	         4592 	
     3412	         4476 	
     3413	         4587 	
     3414	         4495 	
     3415	         4476 	
     3416	         4476 	
     3417	         4512 	
     3418	         4500 	
     3419	         4560 	
     3420	         4518 	
     3421	         4438 	
     3422	         4623 	
     3423	         4686 	
     3424	         4592 	
     3425	         4615 	
     3426	         4621 	
     3427	         4499 	
     3428	         4310 	
     3429	         4554 	
     3430	         4570 	
     3431	         4657 	
     3432	         4403 	
     3433	         4460 	
     3434	         4523 	
     3435	         4495 	
     3436	         4646 	
     3437	         4552 	
     3438	         4541 	
     3439	         4484 	
     3440	         4539 	
     3441	         4626 	
     3442	         4650 	
     3443	         4537 	
     3444	         4449 	
     3445	         4487 	
     3446	         4667 	
     3447	         4561 	
     3448	         4764 	
     3449	         4633 	
     3450	         4629 	
     3451	         4481 	
     3452	         4475 	
     3453	         4508 	
     3454	         4623 	
     3455	         4533 	
     3456	         4390 	
     3457	         4442 	
     3458	         4487 	
     3459	         4451 	
     3460	         4619 	
     3461	         4493 	
     3462	         4441 	
     3463	         4436 	
     3464	         4489 	
     3465	         4699 	
     3466	         4524 	
     3467	         4442 	
     3468	         4414 	
     3469	         4627 	
     3470	         4740 	
     3471	         4660 	
     3472	         4682 	
     3473	         4634 	
     3474	         4454 	
     3475	         4463 	
     3476	         4611 	
     3477	         4577 	
     3478	         4758 	
     3479	         4470 	
     3480	         4447 	
     3481	         4482 	
     3482	         4609 	
     3483	         4537 	
     3484	         4536 	
     3485	         4612 	
     3486	         4571 	
     3487	         4443 	
     3488	         4542 	
     3489	         4635 	
     3490	         4511 	
     3491	         4473 	
     3492	         4399 	
     3493	         4512 	
     3494	         4613 	
     3495	         4702 	
     3496	         4735 	
     3497	         4579 	
     3498	         4509 	
     3499	         4449 	
     3500	         4623 	
     3501	         4563 	
     3502	         4587 	
     3503	         4444 	
     3504	         4613 	
     3505	         4657 	
     3506	         4494 	
     3507	         4608 	
     3508	         4554 	
     3509	         4637 	
     3510	         4518 	
     3511	         4457 	
     3512	         4621 	
     3513	         4556 	
     3514	         4484 	
     3515	         4449 	
     3516	         4448 	
     3517	         4674 	
     3518	         4638 	
     3519	         4632 	
     3520	         4569 	
     3521	         4556 	
     3522	         4447 	
     3523	         4497 	
     3524	         4602 	
     3525	         4714 	
     3526	         4516 	
     3527	         4470 	
     3528	         4581 	
     3529	         4493 	
     3530	         4652 	
     3531	         4638 	
     3532	         4605 	
     3533	         4481 	
     3534	         4429 	
     3535	         4549 	
     3536	         4666 	
     3537	         4553 	
     3538	         4406 	
     3539	         4508 	
     3540	         4613 	
     3541	         4662 	
     3542	         4633 	
     3543	         4625 	
     3544	         4693 	
     3545	         4503 	
     3546	         4410 	
     3547	         4603 	
     3548	         4458 	
     3549	         4602 	
     3550	         4537 	
     3551	         4521 	
     3552	         4575 	
     3553	         4591 	
     3554	         4570 	
     3555	         4591 	
     3556	         4474 	
     3557	         4539 	
     3558	         4493 	
     3559	         4622 	
     3560	         4629 	
     3561	         4516 	
     3562	         4431 	
     3563	         4617 	
     3564	         4620 	
     3565	         4582 	
     3566	         4572 	
     3567	         4627 	
     3568	         4530 	
     3569	         4335 	
     3570	         4440 	
     3571	         4566 	
     3572	         4564 	
     3573	         4493 	
     3574	         4481 	
     3575	         4554 	
     3576	         4581 	
     3577	         4541 	
     3578	         4623 	
     3579	         4580 	
     3580	         4442 	
     3581	         4424 	
     3582	         4537 	
     3583	         4657 	
     3584	         4546 	
     3585	         4486 	
     3586	         4386 	
     3587	         4719 	
     3588	         4646 	
     3589	         4685 	
     3590	         4627 	
     3591	         4643 	
     3592	         4495 	
     3593	         4419 	
     3594	         4418 	
     3595	         4650 	
     3596	         4514 	
     3597	         4412 	
     3598	         4525 	
     3599	         4502 	
     3600	         4569 	
     3601	         4611 	
     3602	         4556 	
     3603	         4533 	
     3604	         4428 	
     3605	         4493 	
     3606	         4675 	
     3607	         4648 	
     3608	         4496 	
     3609	         4416 	
     3610	         4601 	
     3611	         4666 	
     3612	         4635 	
     3613	         4566 	
     3614	         4609 	
     3615	         4513 	
     3616	         4378 	
     3617	         4550 	
     3618	         4513 	
     3619	         4637 	
     3620	         4417 	
     3621	         4473 	
     3622	         4489 	
     3623	         4617 	
     3624	         4554 	
     3625	         4578 	
     3626	         4603 	
     3627	         4496 	
     3628	         4476 	
     3629	         4391 	
     3630	         4606 	
     3631	         4575 	
     3632	         4414 	
     3633	         4400 	
     3634	         4533 	
     3635	         4724 	
     3636	         4636 	
     3637	         4618 	
     3638	         4586 	
     3639	         4494 	
     3640	         4408 	
     3641	         4590 	
     3642	         4658 	
     3643	         4662 	
     3644	         4453 	
     3645	         4498 	
     3646	         4502 	
     3647	         4578 	
     3648	         4553 	
     3649	         4603 	
     3650	         4551 	
     3651	         4524 	
     3652	         4458 	
     3653	         4621 	
     3654	         4725 	
     3655	         4539 	
     3656	         4484 	
     3657	         4538 	
     3658	         4781 	
     3659	         4619 	
     3660	         4634 	
     3661	         4744 	
     3662	         4608 	
     3663	         4343 	
     3664	         4498 	
     3665	         4661 	
     3666	         4639 	
     3667	         4522 	
     3668	         4456 	
     3669	         4501 	
     3670	         4471 	
     3671	         4571 	
     3672	         4538 	
     3673	         4444 	
     3674	         4477 	
     3675	         4411 	
     3676	         4549 	
     3677	         4570 	
     3678	         4492 	
     3679	         4512 	
     3680	         4342 	
     3681	         4655 	
     3682	         4591 	
     3683	         4655 	
     3684	         4630 	
     3685	         4614 	
     3686	         4573 	
     3687	         4424 	
     3688	         4532 	
     3689	         4537 	
     3690	         4734 	
     3691	         4422 	
     3692	         4490 	
     3693	         4555 	
     3694	         4524 	
     3695	         4599 	
     3696	         4601 	
     3697	         4549 	
     3698	         4497 	
     3699	         4356 	
     3700	         4644 	
     3701	         4544 	
     3702	         4588 	
     3703	         4438 	
     3704	         4551 	
     3705	         4643 	
     3706	         4718 	
     3707	         4586 	
     3708	         4666 	
     3709	         4558 	
     3710	         4393 	
     3711	         4499 	
     3712	         4524 	
     3713	         4544 	
     3714	         4569 	
     3715	         4440 	
     3716	         4556 	
     3717	         4616 	
     3718	         4507 	
     3719	         4518 	
     3720	         4602 	
     3721	         4508 	
     3722	         4507 	
     3723	         4547 	
     3724	         4652 	
     3725	         4493 	
     3726	         4495 	
     3727	         4374 	
     3728	         4587 	
     3729	         4608 	
     3730	         4614 	
     3731	         4693 	
     3732	         4625 	
     3733	         4413 	
     3734	         4454 	
     3735	         4570 	
     3736	         4565 	
     3737	         4607 	
     3738	         4413 	
     3739	         4437 	
     3740	         4596 	
     3741	         4541 	
     3742	         4620 	
     3743	         4543 	
     3744	         4506 	
     3745	         4510 	
     3746	         4458 	
     3747	         4647 	
     3748	         4541 	
     3749	         4594 	
     3750	         4447 	
     3751	         4615 	
     3752	         4718 	
     3753	         4713 	
     3754	         4657 	
     3755	         4628 	
     3756	         4597 	
     3757	         4378 	
     3758	         4463 	
     3759	         4536 	
     3760	         4682 	
     3761	         4463 	
     3762	         4494 	
     3763	         4564 	
     3764	         4565 	
     3765	         4583 	
     3766	         4622 	
     3767	         4595 	
     3768	         4552 	
     3769	         4324 	
     3770	         4502 	
     3771	         4725 	
     3772	         4572 	
     3773	         4548 	
     3774	         4389 	
     3775	         4572 	
     3776	         4658 	
     3777	         4689 	
     3778	         4670 	
     3779	         4723 	
     3780	         4507 	
     3781	         4417 	
     3782	         4605 	
     3783	         4691 	
     3784	         4587 	
     3785	         4486 	
     3786	         4498 	
     3787	         4542 	
     3788	         4530 	
     3789	         4659 	
     3790	         4610 	
     3791	         4528 	
     3792	         4510 	
     3793	         4391 	
     3794	         4648 	
     3795	         4581 	
     3796	         4504 	
     3797	         4409 	
     3798	         4452 	
     3799	         4630 	
     3800	         4668 	
     3801	         4672 	
     3802	         4682 	
     3803	         4509 	
     3804	         4523 	
     3805	         4428 	
     3806	         4455 	
     3807	         4661 	
     3808	         4532 	
     3809	         4435 	
     3810	         4509 	
     3811	         4504 	
     3812	         4571 	
     3813	         4611 	
     3814	         4545 	
     3815	         4582 	
     3816	         4420 	
     3817	         4597 	
     3818	         4635 	
     3819	         4579 	
     3820	         4434 	
     3821	         4498 	
     3822	         4724 	
     3823	         4565 	
     3824	         4611 	
     3825	         4569 	
     3826	         4719 	
     3827	         4530 	
     3828	         4420 	
     3829	         4558 	
     3830	         4579 	
     3831	         4658 	
     3832	         4474 	
     3833	         4473 	
     3834	         4611 	
     3835	         4652 	
     3836	         4541 	
     3837	         4602 	
     3838	         4610 	
     3839	         4369 	
     3840	         4487 	
     3841	         4760 	
     3842	         4515 	
     3843	         4417 	
     3844	         4391 	
     3845	         4653 	
     3846	         4613 	
     3847	         4664 	
     3848	         4595 	
     3849	         4637 	
     3850	         4707 	
     3851	         4453 	
     3852	         4452 	
     3853	         4571 	
     3854	         4657 	
     3855	         4512 	
     3856	         4433 	
     3857	         4527 	
     3858	         4546 	
     3859	         4650 	
     3860	         4567 	
     3861	         4431 	
     3862	         4409 	
     3863	         4433 	
     3864	         4661 	
     3865	         4623 	
     3866	         4493 	
     3867	         4476 	
     3868	         4463 	
     3869	         4655 	
     3870	         4545 	
     3871	         4677 	
     3872	         4574 	
     3873	         4664 	
     3874	         4572 	
     3875	         4428 	
     3876	         4572 	
     3877	         4579 	
     3878	         4713 	
     3879	         4529 	
     3880	         4458 	
     3881	         4588 	
     3882	         4490 	
     3883	         4650 	
     3884	         4450 	
     3885	         4421 	
     3886	         4416 	
     3887	         4600 	
     3888	         4584 	
     3889	         4598 	
     3890	         4470 	
     3891	         4390 	
     3892	         4591 	
     3893	         4702 	
     3894	         4566 	
     3895	         4618 	
     3896	         4639 	
     3897	         4666 	
     3898	         4628 	
     3899	         4480 	
     3900	         4496 	
     3901	         4628 	
     3902	         4660 	
     3903	         4400 	
     3904	         4426 	
     3905	         4502 	
     3906	         4508 	
     3907	         4467 	
     3908	         4528 	
     3909	         4400 	
     3910	         4416 	
     3911	         4630 	
     3912	         4574 	
     3913	         4506 	
     3914	         4495 	
     3915	         4526 	
     3916	         4687 	
     3917	         4597 	
     3918	         4578 	
     3919	         4523 	
     3920	         4664 	
     3921	         4593 	
     3922	         4368 	
     3923	         4433 	
     3924	         4541 	
     3925	         4635 	
     3926	         4610 	
     3927	         4400 	
     3928	         4443 	
     3929	         4598 	
     3930	         4548 	
     3931	         4532 	
     3932	         4530 	
     3933	         4485 	
     3934	         4440 	
     3935	         4575 	
     3936	         4651 	
     3937	         4533 	
     3938	         4442 	
     3939	         4565 	
     3940	         4646 	
     3941	         4551 	
     3942	         4526 	
     3943	         4638 	
     3944	         4626 	
     3945	         4504 	
     3946	         4385 	
     3947	         4585 	
     3948	         4511 	
     3949	         4624 	
     3950	         4426 	
     3951	         4480 	
     3952	         4570 	
     3953	         4491 	
     3954	         4603 	
     3955	         4563 	
     3956	         4403 	
     3957	         4497 	
     3958	         4574 	
     3959	         4570 	
     3960	         4546 	
     3961	         4320 	
     3962	         4628 	
     3963	         4578 	
     3964	         4649 	
     3965	         4576 	
     3966	         4599 	
     3967	         4598 	
     3968	         4649 	
     3969	         4593 	
     3970	         4410 	
     3971	         4556 	
     3972	         4623 	
     3973	         4570 	
     3974	         4440 	
     3975	         4431 	
     3976	         4594 	
     3977	         4511 	
     3978	         4510 	
     3979	         4566 	
     3980	         4442 	
     3981	         4504 	
     3982	         4599 	
     3983	         4524 	
     3984	         4406 	
     3985	         4362 	
     3986	         4633 	
     3987	         4676 	
     3988	         4587 	
     3989	         4613 	
     3990	         4656 	
     3991	         4561 	
     3992	         4514 	
     3993	         4515 	
     3994	         4535 	
     3995	         4658 	
     3996	         4631 	
     3997	         4504 	
     3998	         4431 	
     3999	         4684 	
     4000	         4545 	
     4001	         4664 	
     4002	         4501 	
     4003	         4445 	
     4004	         4381 	
     4005	         4708 	
     4006	         4540 	
     4007	         4519 	
     4008	         4282 	
     4009	         4494 	
     4010	         4700 	
     4011	         4614 	
     4012	         4586 	
     4013	         4599 	
     4014	         4601 	
     4015	         4587 	
     4016	         4438 	
     4017	         4368 	
     4018	         4540 	
     4019	         4617 	
     4020	         4537 	
     4021	         4345 	
     4022	         4499 	
     4023	         4559 	
     4024	         4474 	
     4025	         4491 	
     4026	         4456 	
     4027	         4372 	
     4028	         4699 	
     4029	         4562 	
     4030	         4535 	
     4031	         4382 	
     4032	         4422 	
     4033	         4637 	
     4034	         4604 	
     4035	         4579 	
     4036	         4574 	
     4037	         4539 	
     4038	         4654 	
     4039	         4608 	
     4040	         4354 	
     4041	         4448 	
     4042	         4572 	
     4043	         4606 	
     4044	         4497 	
     4045	         4615 	
     4046	         4570 	
     4047	         4544 	
     4048	         4471 	
     4049	         4492 	
     4050	         4490 	
     4051	         4439 	
     4052	         4583 	
     4053	         4653 	
     4054	         4517 	
     4055	         4484 	
     4056	         4482 	
     4057	         4679 	
     4058	         4701 	
     4059	         4642 	
     4060	         4602 	
     4061	         4624 	
     4062	         4718 	
     4063	         4464 	
     4064	         4479 	
     4065	         4440 	
     4066	         4641 	
     4067	         4639 	
     4068	         4397 	
     4069	         4398 	
     4070	         4566 	
     4071	         4543 	
     4072	         4510 	
     4073	         4502 	
     4074	         4449 	
     4075	         4475 	
     4076	         4564 	
     4077	         4540 	
     4078	         4543 	
     4079	         4416 	
     4080	         4714 	
     4081	         4665 	
     4082	         4573 	
     4083	         4572 	
     4084	         4559 	
     4085	         4669 	
     4086	         4600 	
     4087	         4326 	
     4088	         4549 	
     4089	         4638 	
     4090	         4627 	
     4091	         4510 	
     4092	         4405 	
     4093	         4430 	
     4094	         4559 	
     4095	         4636 	
     4096	         4606 	
     4097	         4466 	
     4098	         4413 	
     4099	         4511 	
     4100	         4567 	
     4101	         4594 	
     4102	         4454 	
     4103	         4560 	
     4104	         4606 	
     4105	         4647 	
     4106	         4536 	
     4107	         4507 	
     4108	         4700 	
     4109	         4673 	
     4110	         4703 	
     4111	         4388 	
     4112	         4471 	
     4113	         4615 	
     4114	         4595 	
     4115	         4311 	
     4116	         4572 	
     4117	         4513 	
     4118	         4532 	
     4119	         4609 	
     4120	         4559 	
     4121	         4509 	
     4122	         4406 	
     4123	         4554 	
     4124	         4613 	
     4125	         4543 	
     4126	         4461 	
     4127	         4657 	
     4128	         4569 	
     4129	         4578 	
     4130	         4558 	
     4131	         4569 	
     4132	         4683 	
     4133	         4582 	
     4134	         4401 	
     4135	         4484 	
     4136	         4589 	
     4137	         4577 	
     4138	         4484 	
     4139	         4529 	
     4140	         4554 	
     4141	         4580 	
     4142	         4573 	
     4143	         4593 	
     4144	         4451 	
     4145	         4371 	
     4146	         4591 	
     4147	         4716 	
     4148	         4590 	
     4149	         4439 	
     4150	         4509 	
     4151	         4756 	
     4152	         4613 	
     4153	         4644 	
     4154	         4642 	
     4155	         4662 	
     4156	         4605 	
     4157	         4528 	
     4158	         4471 	
     4159	         4554 	
     4160	         4630 	
     4161	         4586 	
     4162	         4448 	
     4163	         4438 	
     4164	         4628 	
     4165	         4655 	
     4166	         4564 	
     4167	         4517 	
     4168	         4433 	
     4169	         4474 	
     4170	         4707 	
     4171	         4665 	
     4172	         4514 	
     4173	         4450 	
     4174	         4661 	
     4175	         4641 	
     4176	         4570 	
     4177	         4610 	
     4178	         4584 	
     4179	         4629 	
     4180	         4659 	
     4181	         4445 	
     4182	         4494 	
     4183	         4482 	
     4184	         4553 	
     4185	         4491 	
     4186	         4365 	
     4187	         4551 	
     4188	         4520 	
     4189	         4596 	
     4190	         4531 	
     4191	         4489 	
     4192	         4393 	
     4193	         4513 	
     4194	         4715 	
     4195	         4532 	
     4196	         4506 	
     4197	         4478 	
     4198	         4589 	
     4199	         4644 	
     4200	         4647 	
     4201	         4580 	
     4202	         4621 	
     4203	         4690 	
     4204	         4583 	
     4205	         4551 	
     4206	         4567 	
     4207	         4689 	
     4208	         4484 	
     4209	         4459 	
     4210	         4515 	
     4211	         4555 	
     4212	         4621 	
     4213	         4590 	
     4214	         4594 	
     4215	         4500 	
     4216	         4447 	
     4217	         4537 	
     4218	         4726 	
     4219	         4473 	
     4220	         4362 	
     4221	         4503 	
     4222	         4682 	
     4223	         4731 	
     4224	         4656 	
     4225	         4597 	
     4226	         4569 	
     4227	         4750 	
     4228	         4458 	
     4229	         4487 	
     4230	         4588 	
     4231	         4668 	
     4232	         4452 	
     4233	         4533 	
     4234	         4503 	
     4235	         4480 	
     4236	         4562 	
     4237	         4620 	
     4238	         4541 	
     4239	         4464 	
     4240	         4484 	
     4241	         4570 	
     4242	         4582 	
     4243	         4458 	
     4244	         4612 	
     4245	         4603 	
     4246	         4503 	
     4247	         4555 	
     4248	         4606 	
     4249	         4492 	
     4250	         4544 	
     4251	         4737 	
     4252	         4403 	
     4253	         4480 	
     4254	         4573 	
     4255	         4628 	
     4256	         4408 	
     4257	         4462 	
     4258	         4548 	
     4259	         4620 	
     4260	         4575 	
     4261	         4572 	
     4262	         4468 	
     4263	         4339 	
     4264	         4603 	
     4265	         4671 	
     4266	         4504 	
     4267	         4499 	
     4268	         4595 	
     4269	         4599 	
     4270	         4572 	
     4271	         4590 	
     4272	         4600 	
     4273	         4554 	
     4274	         4605 	
     4275	         4418 	
     4276	         4440 	
     4277	         4649 	
     4278	         4613 	
     4279	         4355 	
     4280	         4461 	
     4281	         4517 	
     4282	         4499 	
     4283	         4681 	
     4284	         4649 	
     4285	         4630 	
     4286	         4511 	
     4287	         4557 	
     4288	         4542 	
     4289	         4700 	
     4290	         4483 	
     4291	         4506 	
     4292	         4676 	
     4293	         4611 	
     4294	         4611 	
     4295	         4632 	
     4296	         4594 	
     4297	         4642 	
     4298	         4563 	
     4299	         4449 	
     4300	         4471 	
     4301	         4631 	
     4302	         4708 	
     4303	         4375 	
     4304	         4574 	
     4305	         4613 	
     4306	         4534 	
     4307	         4682 	
     4308	         4502 	
     4309	         4519 	
     4310	         4350 	
     4311	         4634 	
     4312	         4609 	
     4313	         4620 	
     4314	         4402 	
     4315	         4515 	
     4316	         4631 	
     4317	         4589 	
     4318	         4662 	
     4319	         4471 	
     4320	         4683 	
     4321	         4636 	
     4322	         4266 	
     4323	         4326 	
     4324	         4587 	
     4325	         4595 	
     4326	         4523 	
     4327	         4415 	
     4328	         4461 	
     4329	         4591 	
     4330	         4598 	
     4331	         4538 	
     4332	         4554 	
     4333	         4453 	
     4334	         4444 	
     4335	         4697 	
     4336	         4557 	
     4337	         4536 	
     4338	         4360 	
     4339	         4444 	
     4340	         4715 	
     4341	         4614 	
     4342	         4629 	
     4343	         4684 	
     4344	         4694 	
     4345	         4476 	
     4346	         4471 	
     4347	         4537 	
     4348	         4703 	
     4349	         4599 	
     4350	         4316 	
     4351	         4538 	
     4352	         4578 	
     4353	         4460 	
     4354	         4599 	
     4355	         4506 	
     4356	         4540 	
     4357	         4479 	
     4358	         4499 	
     4359	         4631 	
     4360	         4580 	
     4361	         4371 	
     4362	         4461 	
     4363	         4765 	
     4364	         4550 	
     4365	         4627 	
     4366	         4587 	
     4367	         4578 	
     4368	         4721 	
     4369	         4473 	
     4370	         4489 	
     4371	         4654 	
     4372	         4630 	
     4373	         4541 	
     4374	         4326 	
     4375	         4439 	
     4376	         4492 	
     4377	         4652 	
     4378	         4582 	
     4379	         4531 	
     4380	         4535 	
     4381	         4496 	
     4382	         4714 	
     4383	         4654 	
     4384	         4435 	
     4385	         4485 	
     4386	         4707 	
     4387	         4583 	
     4388	         4650 	
     4389	         4620 	
     4390	         4506 	
     4391	         4612 	
     4392	         4550 	
     4393	         4441 	
     4394	         4517 	
     4395	         4547 	
     4396	         4668 	
     4397	         4468 	
     4398	         4580 	
     4399	         4501 	
     4400	         4639 	
     4401	         4690 	
     4402	         4572 	
     4403	         4665 	
     4404	         4429 	
     4405	         4574 	
     4406	         4716 	
     4407	         4503 	
     4408	         4520 	
     4409	         4522 	
     4410	         4703 	
     4411	         4638 	
     4412	         4450 	
     4413	         4606 	
     4414	         4678 	
     4415	         4622 	
     4416	         4441 	
     4417	         4538 	
     4418	         4588 	
     4419	         4600 	
     4420	         4494 	
     4421	         4464 	
     4422	         4599 	
     4423	         4552 	
     4424	         4549 	
     4425	         4633 	
     4426	         4518 	
     4427	         4405 	
     4428	         4491 	
     4429	         4621 	
     4430	         4606 	
     4431	         4495 	
     4432	         4367 	
     4433	         4585 	
     4434	         4596 	
     4435	         4682 	
     4436	         4523 	
     4437	         4553 	
     4438	         4700 	
     4439	         4489 	
     4440	         4275 	
     4441	         4531 	
     4442	         4622 	
     4443	         4622 	
     4444	         4408 	
     4445	         4508 	
     4446	         4575 	
     4447	         4518 	
     4448	         4532 	
     4449	         4529 	
     4450	         4516 	
     4451	         4344 	
     4452	         4648 	
     4453	         4566 	
     4454	         4513 	
     4455	         4455 	
     4456	         4643 	
     4457	         4704 	
     4458	         4678 	
     4459	         4574 	
     4460	         4620 	
     4461	         4552 	
     4462	         4651 	
     4463	         4459 	
     4464	         4510 	
     4465	         4521 	
     4466	         4708 	
     4467	         4517 	
     4468	         4414 	
     4469	         4391 	
     4470	         4554 	
     4471	         4521 	
     4472	         4502 	
     4473	         4473 	
     4474	         4405 	
     4475	         4559 	
     4476	         4600 	
     4477	         4666 	
     4478	         4431 	
     4479	         4452 	
     4480	         4737 	
     4481	         4641 	
     4482	         4656 	
     4483	         4581 	
     4484	         4646 	
     4485	         4625 	
     4486	         4601 	
     4487	         4422 	
     4488	         4581 	
     4489	         4588 	
     4490	         4637 	
     4491	         4481 	
     4492	         4497 	
     4493	         4507 	
     4494	         4541 	
     4495	         4503 	
     4496	         4490 	
     4497	         4385 	
     4498	         4405 	
     4499	         4665 	
     4500	         4641 	
     4501	         4477 	
     4502	         4429 	
     4503	         4535 	
     4504	         4660 	
     4505	         4611 	
     4506	         4628 	
     4507	         4661 	
     4508	         4688 	
     4509	         4629 	
     4510	         4591 	
     4511	         4487 	
     4512	         4680 	
     4513	         4707 	
     4514	         4675 	
     4515	         4453 	
     4516	         4535 	
     4517	         4541 	
     4518	         4534 	
     4519	         4575 	
     4520	         4525 	
     4521	         4497 	
     4522	         4406 	
     4523	         4594 	
     4524	         4570 	
     4525	         4517 	
     4526	         4417 	
     4527	         4579 	
     4528	         4642 	
     4529	         4592 	
     4530	         4519 	
     4531	         4562 	
     4532	         4631 	
     4533	         4605 	
     4534	         4489 	
     4535	         4455 	
     4536	         4633 	
     4537	         4582 	
     4538	         4421 	
     4539	         4448 	
     4540	         4544 	
     4541	         4518 	
     4542	         4499 	
     4543	         4567 	
     4544	         4463 	
     4545	         4426 	
     4546	         4618 	
     4547	         4573 	
     4548	         4506 	
     4549	         4443 	
     4550	         4505 	
     4551	         4765 	
     4552	         4677 	
     4553	         4483 	
     4554	         4558 	
     4555	         4579 	
     4556	         4586 	
     4557	         4434 	
     4558	         4443 	
     4559	         4609 	
     4560	         4639 	
     4561	         4590 	
     4562	         4517 	
     4563	         4487 	
     4564	         4598 	
     4565	         4461 	
     4566	         4502 	
     4567	         4540 	
     4568	         4435 	
     4569	         4435 	
     4570	         4571 	
     4571	         4566 	
     4572	         4510 	
     4573	         4500 	
     4574	         4597 	
     4575	         4649 	
     4576	         4668 	
     4577	         4570 	
     4578	         4608 	
     4579	         4680 	
     4580	         4611 	
     4581	         4444 	
     4582	         4427 	
     4583	         4559 	
     4584	         4624 	
     4585	         4405 	
     4586	         4472 	
     4587	         4571 	
     4588	         4606 	
     4589	         4575 	
     4590	         4572 	
     4591	         4470 	
     4592	         4491 	
     4593	         4636 	
     4594	         4637 	
     4595	         4498 	
     4596	         4376 	
     4597	         4592 	
     4598	         4672 	
     4599	         4532 	
     4600	         4627 	
     4601	         4572 	
     4602	         4558 	
     4603	         4624 	
     4604	         4435 	
     4605	         4506 	
     4606	         4521 	
     4607	         4663 	
     4608	         4549 	
     4609	         4397 	
     4610	         4519 	
     4611	         4446 	
     4612	         4499 	
     4613	         4617 	
     4614	         4463 	
     4615	         4391 	
     4616	         4560 	
     4617	         4627 	
     4618	         4537 	
     4619	         4479 	
     4620	         4416 	
     4621	         4619 	
     4622	         4663 	
     4623	         4578 	
     4624	         4503 	
     4625	         4655 	
     4626	         4528 	
     4627	         4585 	
     4628	         4400 	
     4629	         4434 	
     4630	         4612 	
     4631	         4655 	
     4632	         4522 	
     4633	         4461 	
     4634	         4603 	
     4635	         4506 	
     4636	         4565 	
     4637	         4467 	
     4638	         4471 	
     4639	         4422 	
     4640	         4591 	
     4641	         4593 	
     4642	         4540 	
     4643	         4465 	
     4644	         4558 	
     4645	         4718 	
     4646	         4597 	
     4647	         4558 	
     4648	         4558 	
     4649	         4666 	
     4650	         4635 	
     4651	         4605 	
     4652	         4439 	
     4653	         4547 	
     4654	         4610 	
     4655	         4610 	
     4656	         4391 	
     4657	         4469 	
     4658	         4604 	
     4659	         4506 	
     4660	         4541 	
     4661	         4580 	
     4662	         4397 	
     4663	         4571 	
     4664	         4616 	
     4665	         4541 	
     4666	         4487 	
     4667	         4463 	
     4668	         4572 	
     4669	         4623 	
     4670	         4525 	
     4671	         4563 	
     4672	         4569 	
     4673	         4623 	
     4674	         4602 	
     4675	         4401 	
     4676	         4454 	
     4677	         4593 	
     4678	         4629 	
     4679	         4496 	
     4680	         4490 	
     4681	         4629 	
     4682	         4573 	
     4683	         4605 	
     4684	         4610 	
     4685	         4499 	
     4686	         4347 	
     4687	         4529 	
     4688	         4596 	
     4689	         4471 	
     4690	         4419 	
     4691	         4541 	
     4692	         4659 	
     4693	         4514 	
     4694	         4478 	
     4695	         4556 	
     4696	         4676 	
     4697	         4620 	
     4698	         4511 	
     4699	         4525 	
     4700	         4506 	
     4701	         4677 	
     4702	         4562 	
     4703	         4414 	
     4704	         4542 	
     4705	         4529 	
     4706	         4554 	
     4707	         4578 	
     4708	         4538 	
     4709	         4413 	
     4710	         4675 	
     4711	         4640 	
     4712	         4600 	
     4713	         4487 	
     4714	         4427 	
     4715	         4683 	
     4716	         4582 	
     4717	         4639 	
     4718	         4603 	
     4719	         4705 	
     4720	         4657 	
     4721	         4477 	
     4722	         4498 	
     4723	         4485 	
     4724	         4639 	
     4725	         4750 	
     4726	         4435 	
     4727	         4506 	
     4728	         4522 	
     4729	         4589 	
     4730	         4606 	
     4731	         4526 	
     4732	         4377 	
     4733	         4422 	
     4734	         4740 	
     4735	         4535 	
     4736	         4460 	
     4737	         4454 	
     4738	         4539 	
     4739	         4649 	
     4740	         4553 	
     4741	         4600 	
     4742	         4634 	
     4743	         4441 	
     4744	         4692 	
     4745	         4458 	
     4746	         4493 	
     4747	         4594 	
     4748	         4736 	
     4749	         4566 	
     4750	         4424 	
     4751	         4467 	
     4752	         4482 	
     4753	         4453 	
     4754	         4527 	
     4755	         4474 	
     4756	         4319 	
     4757	         4602 	
     4758	         4637 	
     4759	         4607 	
     4760	         4418 	
     4761	         4493 	
     4762	         4652 	
     4763	         4649 	
     4764	         4630 	
     4765	         4620 	
     4766	         4631 	
     4767	         4620 	
     4768	         4528 	
     4769	         4411 	
     4770	         4511 	
     4771	         4474 	
     4772	         4542 	
     4773	         4498 	
     4774	         4411 	
     4775	         4474 	
     4776	         4570 	
     4777	         4487 	
     4778	         4513 	
     4779	         4474 	
     4780	         4477 	
     4781	         4576 	
     4782	         4608 	
     4783	         4477 	
     4784	         4444 	
     4785	         4513 	
     4786	         4712 	
     4787	         4699 	
     4788	         4554 	
     4789	         4560 	
     4790	         4620 	
     4791	         4653 	
     4792	         4551 	
     4793	         4431 	
     4794	         4506 	
     4795	         4596 	
     4796	         4616 	
     4797	         4489 	
     4798	         4455 	
     4799	         4549 	
     4800	         4467 	
     4801	         4523 	
     4802	         4465 	
     4803	         4420 	
     4804	         4584 	
     4805	         4663 	
     4806	         4629 	
     4807	         4463 	
     4808	         4447 	
     4809	         4698 	
     4810	         4673 	
     4811	         4576 	
     4812	         4721 	
     4813	         4718 	
     4814	         4708 	
     4815	         4593 	
     4816	         4446 	
     4817	         4476 	
     4818	         4587 	
     4819	         4567 	
     4820	         4501 	
     4821	         4507 	
     4822	         4402 	
     4823	         4625 	
     4824	         4571 	
     4825	         4599 	
     4826	         4506 	
     4827	         4472 	
     4828	         4684 	
     4829	         4561 	
     4830	         4524 	
     4831	         4343 	
     4832	         4581 	
     4833	         4714 	
     4834	         4647 	
     4835	         4578 	
     4836	         4573 	
     4837	         4637 	
     4838	         4701 	
     4839	         4422 	
     4840	         4544 	
     4841	         4541 	
     4842	         4660 	
     4843	         4650 	
     4844	         4423 	
     4845	         4550 	
     4846	         4519 	
     4847	         4557 	
     4848	         4604 	
     4849	         4521 	
     4850	         4392 	
     4851	         4705 	
     4852	         4690 	
     4853	         4563 	
     4854	         4496 	
     4855	         4437 	
     4856	         4635 	
     4857	         4589 	
     4858	         4623 	
     4859	         4526 	
     4860	         4617 	
     4861	         4679 	
     4862	         4551 	
     4863	         4371 	
     4864	         4520 	
     4865	         4588 	
     4866	         4703 	
     4867	         4539 	
     4868	         4565 	
     4869	         4461 	
     4870	         4554 	
     4871	         4554 	
     4872	         4481 	
     4873	         4464 	
     4874	         4483 	
     4875	         4595 	
     4876	         4639 	
     4877	         4472 	
     4878	         4459 	
     4879	         4509 	
     4880	         4726 	
     4881	         4631 	
     4882	         4587 	
     4883	         4599 	
     4884	         4667 	
     4885	         4657 	
     4886	         4528 	
     4887	         4430 	
     4888	         4578 	
     4889	         4610 	
     4890	         4644 	
     4891	         4403 	
     4892	         4398 	
     4893	         4535 	
     4894	         4573 	
     4895	         4466 	
     4896	         4556 	
     4897	         4410 	
     4898	         4560 	
     4899	         4606 	
     4900	         4577 	
     4901	         4527 	
     4902	         4440 	
     4903	         4549 	
     4904	         4636 	
     4905	         4639 	
     4906	         4560 	
     4907	         4606 	
     4908	         4602 	
     4909	         4673 	
     4910	         4417 	
     4911	         4348 	
     4912	         4528 	
     4913	         4742 	
     4914	         4595 	
     4915	         4392 	
     4916	         4408 	
     4917	         4553 	
     4918	         4551 	
     4919	         4572 	
     4920	         4517 	
     4921	         4427 	
     4922	         4635 	
     4923	         4616 	
     4924	         4473 	
     4925	         4499 	
     4926	         4577 	
     4927	         4701 	
     4928	         4563 	
     4929	         4663 	
     4930	         4654 	
     4931	         4674 	
     4932	         4629 	
     4933	         4460 	
     4934	         4519 	
     4935	         4563 	
     4936	         4594 	
     4937	         4665 	
     4938	         4413 	
     4939	         4490 	
     4940	         4496 	
     4941	         4486 	
     4942	         4589 	
     4943	         4441 	
     4944	         4465 	
     4945	         4563 	
     4946	         4741 	
     4947	         4598 	
     4948	         4505 	
     4949	         4357 	
     4950	         4529 	
     4951	         4682 	
     4952	         4631 	
     4953	         4586 	
     4954	         4667 	
     4955	         4613 	
     4956	         4660 	
     4957	         4360 	
     4958	         4482 	
     4959	         4501 	
     4960	         4738 	
     4961	         4419 	
     4962	         4469 	
     4963	         4651 	
     4964	         4492 	
     4965	         4513 	
     4966	         4557 	
     4967	         4420 	
     4968	         4449 	
     4969	         4563 	
     4970	         4577 	
     4971	         4536 	
     4972	         4464 	
     4973	         4456 	
     4974	         4612 	
     4975	         4633 	
     4976	         4561 	
     4977	         4688 	
     4978	         4628 	
     4979	         4667 	
     4980	         4574 	
     4981	         4401 	
     4982	         4596 	
     4983	         4600 	
     4984	         4540 	
     4985	         4329 	
     4986	         4479 	
     4987	         4560 	
     4988	         4556 	
     4989	         4501 	
     4990	         4479 	
     4991	         4475 	
     4992	         4619 	
     4993	         4669 	
     4994	         4589 	
     4995	         4523 	
     4996	         4391 	
     4997	         4704 	
     4998	         4587 	
     4999	         4639 	
     5000	         4557 	
     5001	         4500 	
     5002	         4698 	
     5003	         4716 	
     5004	         4487 	
     5005	         4546 	
     5006	         4605 	
     5007	         4679 	
     5008	         4587 	
     5009	         4462 	
     5010	         4470 	
     5011	         4524 	
     5012	         4667 	
     5013	         4526 	
     5014	         4552 	
     5015	         4446 	
     5016	         4696 	
     5017	         4594 	
     5018	         4540 	
     5019	         4431 	
     5020	         4586 	
     5021	         4722 	
     5022	         4586 	
     5023	         4583 	
     5024	         4625 	
     5025	         4690 	
     5026	         4635 	
     5027	         4501 	
     5028	         4494 	
     5029	         4623 	
     5030	         4664 	
     5031	         4660 	
     5032	         4387 	
     5033	         4556 	
     5034	         4517 	
     5035	         4523 	
     5036	         4486 	
     5037	         4554 	
     5038	         4340 	
     5039	         4530 	
     5040	         4627 	
     5041	         4476 	
     5042	         4506 	
     5043	         4439 	
     5044	         4608 	
     5045	         4606 	
     5046	         4591 	
     5047	         4579 	
     5048	         4652 	
     5049	         4687 	
     5050	         4633 	
     5051	         4463 	
     5052	         4536 	
     5053	         4618 	
     5054	         4654 	
     5055	         4542 	
     5056	         4456 	
     5057	         4430 	
     5058	         4523 	
     5059	         4556 	
     5060	         4488 	
     5061	         4420 	
     5062	         4388 	
     5063	         4657 	
     5064	         4538 	
     5065	         4518 	
     5066	         4410 	
     5067	         4577 	
     5068	         4739 	
     5069	         4681 	
     5070	         4614 	
     5071	         4552 	
     5072	         4659 	
     5073	         4609 	
     5074	         4602 	
     5075	         4492 	
     5076	         4450 	
     5077	         4572 	
     5078	         4733 	
     5079	         4398 	
     5080	         4424 	
     5081	         4545 	
     5082	         4441 	
     5083	         4506 	
     5084	         4549 	
     5085	         4527 	
     5086	         4393 	
     5087	         4698 	
     5088	         4591 	
     5089	         4507 	
     5090	         4402 	
     5091	         4612 	
     5092	         4492 	
     5093	         4628 	
     5094	         4573 	
     5095	         4693 	
     5096	         4596 	
     5097	         4728 	
     5098	         4401 	
     5099	         4546 	
     5100	         4612 	
     5101	         4527 	
     5102	         4491 	
     5103	         4378 	
     5104	         4549 	
     5105	         4496 	
     5106	         4557 	
     5107	         4481 	
     5108	         4507 	
     5109	         4550 	
     5110	         4465 	
     5111	         4644 	
     5112	         4476 	
     5113	         4532 	
     5114	         4437 	
     5115	         4589 	
     5116	         4642 	
     5117	         4626 	
     5118	         4607 	
     5119	         4611 	
     5120	         4650 	
     5121	         4575 	
     5122	         4413 	
     5123	         4515 	
     5124	         4626 	
     5125	         4607 	
     5126	         4395 	
     5127	         4485 	
     5128	         4617 	
     5129	         4593 	
     5130	         4507 	
     5131	         4532 	
     5132	         4552 	
     5133	         4509 	
     5134	         4500 	
     5135	         4519 	
     5136	         4574 	
     5137	         4516 	
     5138	         4550 	
     5139	         4509 	
     5140	         4699 	
     5141	         4575 	
     5142	         4599 	
     5143	         4641 	
     5144	         4717 	
     5145	         4423 	
     5146	         4561 	
     5147	         4604 	
     5148	         4689 	
     5149	         4522 	
     5150	         4469 	
     5151	         4473 	
     5152	         4552 	
     5153	         4507 	
     5154	         4509 	
     5155	         4576 	
     5156	         4391 	
     5157	         4618 	
     5158	         4728 	
     5159	         4501 	
     5160	         4433 	
     5161	         4422 	
     5162	         4691 	
     5163	         4659 	
     5164	         4527 	
     5165	         4530 	
     5166	         4712 	
     5167	         4631 	
     5168	         4517 	
     5169	         4453 	
     5170	         4541 	
     5171	         4614 	
     5172	         4711 	
     5173	         4401 	
     5174	         4355 	
     5175	         4545 	
     5176	         4561 	
     5177	         4553 	
     5178	         4455 	
     5179	         4442 	
     5180	         4406 	
     5181	         4671 	
     5182	         4604 	
     5183	         4557 	
     5184	         4398 	
     5185	         4444 	
     5186	         4574 	
     5187	         4618 	
     5188	         4596 	
     5189	         4670 	
     5190	         4636 	
     5191	         4671 	
     5192	         4335 	
     5193	         4505 	
     5194	         4565 	
     5195	         4562 	
     5196	         4554 	
     5197	         4458 	
     5198	         4458 	
     5199	         4534 	
     5200	         4457 	
     5201	         4431 	
     5202	         4459 	
     5203	         4405 	
     5204	         4649 	
     5205	         4730 	
     5206	         4654 	
     5207	         4520 	
     5208	         4393 	
     5209	         4614 	
     5210	         4589 	
     5211	         4645 	
     5212	         4644 	
     5213	         4674 	
     5214	         4725 	
     5215	         4534 	
     5216	         4443 	
     5217	         4528 	
     5218	         4590 	
     5219	         4611 	
     5220	         4415 	
     5221	         4488 	
     5222	         4460 	
     5223	         4577 	
     5224	         4583 	
     5225	         4475 	
     5226	         4435 	
     5227	         4520 	
     5228	         4622 	
     5229	         4539 	
     5230	         4487 	
     5231	         4397 	
     5232	         4657 	
     5233	         4625 	
     5234	         4670 	
     5235	         4529 	
     5236	         4516 	
     5237	         4671 	
     5238	         4664 	
     5239	         4430 	
     5240	         4480 	
     5241	         4562 	
     5242	         4688 	
     5243	         4392 	
     5244	         4401 	
     5245	         4520 	
     5246	         4470 	
     5247	         4572 	
     5248	         4562 	
     5249	         4538 	
     5250	         4414 	
     5251	         4657 	
     5252	         4653 	
     5253	         4547 	
     5254	         4492 	
     5255	         4510 	
     5256	         4703 	
     5257	         4590 	
     5258	         4538 	
     5259	         4621 	
     5260	         4611 	
     5261	         4605 	
     5262	         4528 	
     5263	         4392 	
     5264	         4528 	
     5265	         4754 	
     5266	         4592 	
     5267	         4437 	
     5268	         4563 	
     5269	         4535 	
     5270	         4503 	
     5271	         4522 	
     5272	         4433 	
     5273	         4415 	
     5274	         4524 	
     5275	         4699 	
     5276	         4532 	
     5277	         4426 	
     5278	         4453 	
     5279	         4703 	
     5280	         4609 	
     5281	         4588 	
     5282	         4517 	
     5283	         4667 	
     5284	         4683 	
     5285	         4556 	
     5286	         4464 	
     5287	         4580 	
     5288	         4559 	
     5289	         4647 	
     5290	         4559 	
     5291	         4378 	
     5292	         4554 	
     5293	         4484 	
     5294	         4557 	
     5295	         4465 	
     5296	         4401 	
     5297	         4473 	
     5298	         4607 	
     5299	         4601 	
     5300	         4520 	
     5301	         4419 	
     5302	         4504 	
     5303	         4610 	
     5304	         4636 	
     5305	         4696 	
     5306	         4550 	
     5307	         4639 	
     5308	         4577 	
     5309	         4404 	
     5310	         4448 	
     5311	         4448 	
     5312	         4594 	
     5313	         4569 	
     5314	         4363 	
     5315	         4536 	
     5316	         4587 	
     5317	         4470 	
     5318	         4495 	
     5319	         4461 	
     5320	         4367 	
     5321	         4520 	
     5322	         4655 	
     5323	         4548 	
     5324	         4473 	
     5325	         4368 	
     5326	         4568 	
     5327	         4687 	
     5328	         4635 	
     5329	         4544 	
     5330	         4656 	
     5331	         4672 	
     5332	         4618 	
     5333	         4433 	
     5334	         4535 	
     5335	         4543 	
     5336	         4628 	
     5337	         4443 	
     5338	         4477 	
     5339	         4475 	
     5340	         4507 	
     5341	         4544 	
     5342	         4503 	
     5343	         4348 	
     5344	         4384 	
     5345	         4755 	
     5346	         4607 	
     5347	         4497 	
     5348	         4430 	
     5349	         4555 	
     5350	         4655 	
     5351	         4625 	
     5352	         4573 	
     5353	         4623 	
     5354	         4625 	
     5355	         4750 	
     5356	         4495 	
     5357	         4375 	
     5358	         4466 	
     5359	         4556 	
     5360	         4613 	
     5361	         4452 	
     5362	         4534 	
     5363	         4542 	
     5364	         4458 	
     5365	         4543 	
     5366	         4500 	
     5367	         4422 	
     5368	         4500 	
     5369	         4755 	
     5370	         4513 	
     5371	         4470 	
     5372	         4441 	
     5373	         4590 	
     5374	         4577 	
     5375	         4604 	
     5376	         4614 	
     5377	         4599 	
     5378	         4646 	
     5379	         4567 	
     5380	         4411 	
     5381	         4416 	
     5382	         4553 	
     5383	         4668 	
     5384	         4479 	
     5385	         4402 	
     5386	         4502 	
     5387	         4558 	
     5388	         4499 	
     5389	         4506 	
     5390	         4523 	
     5391	         4434 	
     5392	         4573 	
     5393	         4702 	
     5394	         4542 	
     5395	         4492 	
     5396	         4531 	
     5397	         4660 	
     5398	         4599 	
     5399	         4580 	
     5400	         4602 	
     5401	         4649 	
     5402	         4624 	
     5403	         4524 	
     5404	         4452 	
     5405	         4493 	
     5406	         4588 	
     5407	         4566 	
     5408	         4421 	
     5409	         4516 	
     5410	         4590 	
     5411	         4575 	
     5412	         4454 	
     5413	         4496 	
     5414	         4464 	
     5415	         4563 	
     5416	         4495 	
     5417	         4561 	
     5418	         4333 	
     5419	         4499 	
     5420	         4600 	
     5421	         4603 	
     5422	         4549 	
     5423	         4576 	
     5424	         4578 	
     5425	         4662 	
     5426	         4646 	
     5427	         4424 	
     5428	         4509 	
     5429	         4618 	
     5430	         4649 	
     5431	         4382 	
     5432	         4457 	
     5433	         4523 	
     5434	         4641 	
     5435	         4487 	
     5436	         4570 	
     5437	         4490 	
     5438	         4477 	
     5439	         4638 	
     5440	         4593 	
     5441	         4453 	
     5442	         4394 	
     5443	         4618 	
     5444	         4549 	
     5445	         4691 	
     5446	         4634 	
     5447	         4659 	
     5448	         4599 	
     5449	         4734 	
     5450	         4466 	
     5451	         4515 	
     5452	         4527 	
     5453	         4639 	
     5454	         4607 	
     5455	         4364 	
     5456	         4506 	
     5457	         4557 	
     5458	         4499 	
     5459	         4575 	
     5460	         4535 	
     5461	         4381 	
     5462	         4600 	
     5463	         4637 	
     5464	         4611 	
     5465	         4471 	
     5466	         4363 	
     5467	         4640 	
     5468	         4726 	
     5469	         4656 	
     5470	         4649 	
     5471	         4637 	
     5472	         4678 	
     5473	         4517 	
     5474	         4418 	
     5475	         4520 	
     5476	         4590 	
     5477	         4640 	
     5478	         4573 	
     5479	         4387 	
     5480	         4466 	
     5481	         4513 	
     5482	         4551 	
     5483	         4541 	
     5484	         4503 	
     5485	         4391 	
     5486	         4670 	
     5487	         4606 	
     5488	         4491 	
     5489	         4418 	
     5490	         4509 	
     5491	         4687 	
     5492	         4616 	
     5493	         4550 	
     5494	         4625 	
     5495	         4656 	
     5496	         4550 	
     5497	         4569 	
     5498	         4505 	
     5499	         4539 	
     5500	         4546 	
     5501	         4652 	
     5502	         4399 	
     5503	         4350 	
     5504	         4519 	
     5505	         4537 	
     5506	         4534 	
     5507	         4604 	
     5508	         4515 	
     5509	         4470 	
     5510	         4686 	
     5511	         4573 	
     5512	         4320 	
     5513	         4418 	
     5514	         4684 	
     5515	         4586 	
     5516	         4553 	
     5517	         4505 	
     5518	         4651 	
     5519	         4651 	
     5520	         4648 	
     5521	         4440 	
     5522	         4478 	
     5523	         4633 	
     5524	         4649 	
     5525	         4502 	
     5526	         4574 	
     5527	         4575 	
     5528	         4571 	
     5529	         4521 	
     5530	         4537 	
     5531	         4400 	
     5532	         4356 	
     5533	         4527 	
     5534	         4458 	
     5535	         4607 	
     5536	         4429 	
     5537	         4521 	
     5538	         4695 	
     5539	         4624 	
     5540	         4580 	
     5541	         4607 	
     5542	         4584 	
     5543	         4535 	
     5544	         4539 	
     5545	         4407 	
     5546	         4460 	
     5547	         4625 	
     5548	         4657 	
     5549	         4601 	
     5550	         4454 	
     5551	         4483 	
     5552	         4560 	
     5553	         4631 	
     5554	         4521 	
     5555	         4493 	
     5556	         4515 	
     5557	         4674 	
     5558	         4696 	
     5559	         4496 	
     5560	         4488 	
     5561	         4595 	
     5562	         4621 	
     5563	         4542 	
     5564	         4574 	
     5565	         4663 	
     5566	         4623 	
     5567	         4519 	
     5568	         4403 	
     5569	         4557 	
     5570	         4519 	
     5571	         4680 	
     5572	         4448 	
     5573	         4438 	
     5574	         4474 	
     5575	         4552 	
     5576	         4537 	
     5577	         4456 	
     5578	         4418 	
     5579	         4400 	
     5580	         4542 	
     5581	         4616 	
     5582	         4469 	
     5583	         4426 	
     5584	         4673 	
     5585	         4711 	
     5586	         4707 	
     5587	         4539 	
     5588	         4521 	
     5589	         4731 	
     5590	         4631 	
     5591	         4421 	
     5592	         4567 	
     5593	         4627 	
     5594	         4639 	
     5595	         4448 	
     5596	         4467 	
     5597	         4545 	
     5598	         4562 	
     5599	         4580 	
     5600	         4550 	
     5601	         4518 	
     5602	         4330 	
     5603	         4590 	
     5604	         4589 	
     5605	         4525 	
     5606	         4467 	
     5607	         4416 	
     5608	         4626 	
     5609	         4641 	
     5610	         4701 	
     5611	         4584 	
     5612	         4696 	
     5613	         4661 	
     5614	         4650 	
     5615	         4391 	
     5616	         4492 	
     5617	         4622 	
     5618	         4617 	
     5619	         4537 	
     5620	         4413 	
     5621	         4572 	
     5622	         4546 	
     5623	         4550 	
     5624	         4448 	
     5625	         4416 	
     5626	         4447 	
     5627	         4701 	
     5628	         4733 	
     5629	         4449 	
     5630	         4383 	
     5631	         4544 	
     5632	         4626 	
     5633	         4606 	
     5634	         4662 	
     5635	         4612 	
     5636	         4570 	
     5637	         4687 	
     5638	         4432 	
     5639	         4493 	
     5640	         4455 	
     5641	         4607 	
     5642	         4561 	
     5643	         4423 	
     5644	         4495 	
     5645	         4466 	
     5646	         4574 	
     5647	         4408 	
     5648	         4446 	
     5649	         4432 	
     5650	         4575 	
     5651	         4627 	
     5652	         4513 	
     5653	         4546 	
     5654	         4434 	
     5655	         4669 	
     5656	         4712 	
     5657	         4570 	
     5658	         4550 	
     5659	         4578 	
     5660	         4626 	
     5661	         4555 	
     5662	         4477 	
     5663	         4494 	
     5664	         4643 	
     5665	         4654 	
     5666	         4529 	
     5667	         4507 	
     5668	         4538 	
     5669	         4635 	
     5670	         4599 	
     5671	         4574 	
     5672	         4522 	
     5673	         4414 	
     5674	         4590 	
     5675	         4634 	
     5676	         4547 	
     5677	         4407 	
     5678	         4522 	
     5679	         4671 	
     5680	         4681 	
     5681	         4571 	
     5682	         4550 	
     5683	         4610 	
     5684	         4719 	
     5685	         4508 	
     5686	         4504 	
     5687	         4512 	
     5688	         4636 	
     5689	         4574 	
     5690	         4403 	
     5691	         4513 	
     5692	         4540 	
     5693	         4498 	
     5694	         4594 	
     5695	         4575 	
     5696	         4481 	
     5697	         4512 	
     5698	         4636 	
     5699	         4578 	
     5700	         4490 	
     5701	         4396 	
     5702	         4688 	
     5703	         4512 	
     5704	         4556 	
     5705	         4597 	
     5706	         4499 	
     5707	         4616 	
     5708	         4594 	
     5709	         4365 	
     5710	         4524 	
     5711	         4543 	
     5712	         4637 	
     5713	         4382 	
     5714	         4460 	
     5715	         4415 	
     5716	         4534 	
     5717	         4486 	
     5718	         4553 	
     5719	         4480 	
     5720	         4478 	
     5721	         4683 	
     5722	         4643 	
     5723	         4444 	
     5724	         4381 	
     5725	         4723 	
     5726	         4704 	
     5727	         4577 	
     5728	         4547 	
     5729	         4586 	
     5730	         4606 	
     5731	         4652 	
     5732	         4347 	
     5733	         4533 	
     5734	         4559 	
     5735	         4667 	
     5736	         4542 	
     5737	         4425 	
     5738	         4489 	
     5739	         4558 	
     5740	         4569 	
     5741	         4550 	
     5742	         4542 	
     5743	         4470 	
     5744	         4568 	
     5745	         4629 	
     5746	         4552 	
     5747	         4414 	
     5748	         4439 	
     5749	         4794 	
     5750	         4642 	
     5751	         4625 	
     5752	         4664 	
     5753	         4644 	
     5754	         4628 	
     5755	         4405 	
     5756	         4398 	
     5757	         4543 	
     5758	         4632 	
     5759	         4748 	
     5760	         4403 	
     5761	         4463 	
     5762	         4593 	
     5763	         4499 	
     5764	         4496 	
     5765	         4537 	
     5766	         4469 	
     5767	         4534 	
     5768	         4716 	
     5769	         4561 	
     5770	         4550 	
     5771	         4423 	
     5772	         4443 	
     5773	         4518 	
     5774	         4686 	
     5775	         4592 	
     5776	         4662 	
     5777	         4667 	
     5778	         4598 	
     5779	         4355 	
     5780	         4505 	
     5781	         4578 	
     5782	         4648 	
     5783	         4565 	
     5784	         4354 	
     5785	         4532 	
     5786	         4502 	
     5787	         4568 	
     5788	         4501 	
     5789	         4379 	
     5790	         4443 	
     5791	         4517 	
     5792	         4648 	
     5793	         4630 	
     5794	         4493 	
     5795	         4345 	
     5796	         4519 	
     5797	         4694 	
     5798	         4675 	
     5799	         4585 	
     5800	         4625 	
     5801	         4623 	
     5802	         4582 	
     5803	         4440 	
     5804	         4573 	
     5805	         4597 	
     5806	         4630 	
     5807	         4416 	
     5808	         4495 	
     5809	         4507 	
     5810	         4637 	
     5811	         4540 	
     5812	         4495 	
     5813	         4479 	
     5814	         4330 	
     5815	         4742 	
     5816	         4639 	
     5817	         4509 	
     5818	         4364 	
     5819	         4610 	
     5820	         4679 	
     5821	         4731 	
     5822	         4605 	
     5823	         4611 	
     5824	         4573 	
     5825	         4665 	
     5826	         4506 	
     5827	         4452 	
     5828	         4513 	
     5829	         4700 	
     5830	         4539 	
     5831	         4346 	
     5832	         4578 	
     5833	         4587 	
     5834	         4676 	
     5835	         4551 	
     5836	         4522 	
     5837	         4410 	
     5838	         4544 	
     5839	         4626 	
     5840	         4614 	
     5841	         4515 	
     5842	         4529 	
     5843	         4687 	
     5844	         4682 	
     5845	         4590 	
     5846	         4577 	
     5847	         4586 	
     5848	         4674 	
     5849	         4594 	
     5850	         4448 	
     5851	         4605 	
     5852	         4545 	
     5853	         4574 	
     5854	         4463 	
     5855	         4512 	
     5856	         4544 	
     5857	         4592 	
     5858	         4504 	
     5859	         4477 	
     5860	         4372 	
     5861	         4417 	
     5862	         4663 	
     5863	         4591 	
     5864	         4517 	
     5865	         4374 	
     5866	         4627 	
     5867	         4640 	
     5868	         4613 	
     5869	         4601 	
     5870	         4542 	
     5871	         4577 	
     5872	         4623 	
     5873	         4408 	
     5874	         4455 	
     5875	         4537 	
     5876	         4589 	
     5877	         4663 	
     5878	         4419 	
     5879	         4467 	
     5880	         4534 	
     5881	         4547 	
     5882	         4470 	
     5883	         4435 	
     5884	         4441 	
     5885	         4478 	
     5886	         4600 	
     5887	         4540 	
     5888	         4464 	
     5889	         4488 	
     5890	         4575 	
     5891	         4725 	
     5892	         4624 	
     5893	         4615 	
     5894	         4670 	
     5895	         4594 	
     5896	         4526 	
     5897	         4476 	
     5898	         4509 	
     5899	         4524 	
     5900	         4683 	
     5901	         4436 	
     5902	         4527 	
     5903	         4572 	
     5904	         4588 	
     5905	         4611 	
     5906	         4479 	
     5907	         4456 	
     5908	         4483 	
     5909	         4519 	
     5910	         4594 	
     5911	         4478 	
     5912	         4390 	
     5913	         4651 	
     5914	         4675 	
     5915	         4620 	
     5916	         4593 	
     5917	         4612 	
     5918	         4671 	
     5919	         4618 	
     5920	         4471 	
     5921	         4514 	
     5922	         4599 	
     5923	         4522 	
     5924	         4581 	
     5925	         4375 	
     5926	         4452 	
     5927	         4532 	
     5928	         4608 	
     5929	         4501 	
     5930	         4524 	
     5931	         4506 	
     5932	         4551 	
     5933	         4633 	
     5934	         4556 	
     5935	         4461 	
     5936	         4379 	
     5937	         4619 	
     5938	         4677 	
     5939	         4608 	
     5940	         4594 	
     5941	         4682 	
     5942	         4569 	
     5943	         4491 	
     5944	         4427 	
     5945	         4511 	
     5946	         4639 	
     5947	         4647 	
     5948	         4420 	
     5949	         4458 	
     5950	         4478 	
     5951	         4587 	
     5952	         4549 	
     5953	         4639 	
     5954	         4423 	
     5955	         4457 	
     5956	         4681 	
     5957	         4610 	
     5958	         4444 	
     5959	         4408 	
     5960	         4532 	
     5961	         4622 	
     5962	         4602 	
     5963	         4578 	
     5964	         4612 	
     5965	         4621 	
     5966	         4682 	
     5967	         4486 	
     5968	         4529 	
     5969	         4491 	
     5970	         4607 	
     5971	         4415 	
     5972	         4421 	
     5973	         4473 	
     5974	         4592 	
     5975	         4481 	
     5976	         4522 	
     5977	         4496 	
     5978	         4425 	
     5979	         4462 	
     5980	         4643 	
     5981	         4587 	
     5982	         4468 	
     5983	         4498 	
     5984	         4638 	
     5985	         4701 	
     5986	         4640 	
     5987	         4590 	
     5988	         4613 	
     5989	         4625 	
     5990	         4469 	
     5991	         4452 	
     5992	         4539 	
     5993	         4611 	
     5994	         4492 	
     5995	         4417 	
     5996	         4392 	
     5997	         4531 	
     5998	         4559 	
     5999	         4546 	
     6000	         4529 	
     6001	         4448 	
     6002	         4455 	
     6003	         4648 	
     6004	         4571 	
     6005	         4437 	
     6006	         4405 	
     6007	         4610 	
     6008	         4683 	
     6009	         4680 	
     6010	         4616 	
     6011	         4577 	
     6012	         4613 	
     6013	         4557 	
     6014	         4385 	
     6015	         4538 	
     6016	         4571 	
     6017	         4670 	
     6018	         4498 	
     6019	         4382 	
     6020	         4499 	
     6021	         4509 	
     6022	         4573 	
     6023	         4547 	
     6024	         4425 	
     6025	         4395 	
     6026	         4636 	
     6027	         4618 	
     6028	         4586 	
     6029	         4385 	
     6030	         4528 	
     6031	         4622 	
     6032	         4739 	
     6033	         4579 	
     6034	         4698 	
     6035	         4595 	
     6036	         4673 	
     6037	         4492 	
     6038	         4536 	
     6039	         4535 	
     6040	         4692 	
     6041	         4616 	
     6042	         4374 	
     6043	         4450 	
     6044	         4562 	
     6045	         4587 	
     6046	         4574 	
     6047	         4529 	
     6048	         4445 	
     6049	         4629 	
     6050	         4637 	
     6051	         4531 	
     6052	         4520 	
     6053	         4435 	
     6054	         4609 	
     6055	         4686 	
     6056	         4613 	
     6057	         4606 	
     6058	         4568 	
     6059	         4692 	
     6060	         4559 	
     6061	         4431 	
     6062	         4541 	
     6063	         4568 	
     6064	         4672 	
     6065	         4499 	
     6066	         4416 	
     6067	         4463 	
     6068	         4515 	
     6069	         4518 	
     6070	         4509 	
     6071	         4449 	
     6072	         4561 	
     6073	         4563 	
     6074	         4582 	
     6075	         4532 	
     6076	         4439 	
     6077	         4462 	
     6078	         4674 	
     6079	         4699 	
     6080	         4612 	
     6081	         4623 	
     6082	         4607 	
     6083	         4683 	
     6084	         4499 	
     6085	         4336 	
     6086	         4488 	
     6087	         4546 	
     6088	         4701 	
     6089	         4538 	
     6090	         4485 	
     6091	         4549 	
     6092	         4559 	
     6093	         4575 	
     6094	         4448 	
     6095	         4502 	
     6096	         4390 	
     6097	         4725 	
     6098	         4560 	
     6099	         4511 	
     6100	         4384 	
     6101	         4615 	
     6102	         4639 	
     6103	         4691 	
     6104	         4565 	
     6105	         4654 	
     6106	         4560 	
     6107	         4695 	
     6108	         4491 	
     6109	         4452 	
     6110	         4514 	
     6111	         4639 	
     6112	         4582 	
     6113	         4430 	
     6114	         4420 	
     6115	         4539 	
     6116	         4409 	
     6117	         4627 	
     6118	         4511 	
     6119	         4368 	
     6120	         4594 	
     6121	         4610 	
     6122	         4554 	
     6123	         4532 	
     6124	         4527 	
     6125	         4662 	
     6126	         4652 	
     6127	         4500 	
     6128	         4566 	
     6129	         4622 	
     6130	         4675 	
     6131	         4459 	
     6132	         4338 	
     6133	         4597 	
     6134	         4572 	
     6135	         4580 	
     6136	         4352 	
     6137	         4473 	
     6138	         4614 	
     6139	         4612 	
     6140	         4522 	
     6141	         4524 	
     6142	         4459 	
     6143	         4589 	
     6144	         4617 	
     6145	         4554 	
     6146	         4480 	
     6147	         4391 	
     6148	         4645 	
     6149	         4571 	
     6150	         4591 	
     6151	         4618 	
     6152	         4637 	
     6153	         4649 	
     6154	         4628 	
     6155	         4363 	
     6156	         4543 	
     6157	         4616 	
     6158	         4590 	
     6159	         4539 	
     6160	         4412 	
     6161	         4506 	
     6162	         4611 	
     6163	         4595 	
     6164	         4506 	
     6165	         4387 	
     6166	         4391 	
     6167	         4640 	
     6168	         4494 	
     6169	         4512 	
     6170	         4399 	
     6171	         4573 	
     6172	         4590 	
     6173	         4654 	
     6174	         4608 	
     6175	         4581 	
     6176	         4657 	
     6177	         4739 	
     6178	         4475 	
     6179	         4438 	
     6180	         4487 	
     6181	         4639 	
     6182	         4667 	
     6183	         4332 	
     6184	         4415 	
     6185	         4507 	
     6186	         4562 	
     6187	         4556 	
     6188	         4405 	
     6189	         4411 	
     6190	         4659 	
     6191	         4647 	
     6192	         4520 	
     6193	         4505 	
     6194	         4353 	
     6195	         4649 	
     6196	         4637 	
     6197	         4654 	
     6198	         4579 	
     6199	         4556 	
     6200	         4679 	
     6201	         4576 	
     6202	         4375 	
     6203	         4592 	
     6204	         4610 	
     6205	         4716 	
     6206	         4509 	
     6207	         4441 	
     6208	         4459 	
     6209	         4608 	
     6210	         4463 	
     6211	         4535 	
     6212	         4398 	
     6213	         4444 	
     6214	         4614 	
     6215	         4556 	
     6216	         4516 	
     6217	         4560 	
     6218	         4432 	
     6219	         4633 	
     6220	         4669 	
     6221	         4574 	
     6222	         4518 	
     6223	         4616 	
     6224	         4695 	
     6225	         4461 	
     6226	         4349 	
     6227	         4487 	
     6228	         4585 	
     6229	         4597 	
     6230	         4474 	
     6231	         4414 	
     6232	         4554 	
     6233	         4433 	
     6234	         4476 	
     6235	         4498 	
     6236	         4472 	
     6237	         4553 	
     6238	         4660 	
     6239	         4585 	
     6240	         4555 	
     6241	         4454 	
     6242	         4636 	
     6243	         4665 	
     6244	         4513 	
     6245	         4590 	
     6246	         4691 	
     6247	         4614 	
     6248	         4630 	
     6249	         4496 	
     6250	         4483 	
     6251	         4549 	
     6252	         4564 	
     6253	         4571 	
     6254	         4345 	
     6255	         4503 	
     6256	         4584 	
     6257	         4551 	
     6258	         4517 	
     6259	         4473 	
     6260	         4446 	
     6261	         4569 	
     6262	         4663 	
     6263	         4451 	
     6264	         4443 	
     6265	         4490 	
     6266	         4674 	
     6267	         4563 	
     6268	         4550 	
     6269	         4599 	
     6270	         4592 	
     6271	         4665 	
     6272	         4505 	
     6273	         4335 	
     6274	         4542 	
     6275	         4686 	
     6276	         4595 	
     6277	         4432 	
     6278	         4497 	
     6279	         4463 	
     6280	         4585 	
     6281	         4515 	
     6282	         4506 	
     6283	         4466 	
     6284	         4458 	
     6285	         4664 	
     6286	         4553 	
     6287	         4399 	
     6288	         4440 	
     6289	         4548 	
     6290	         4615 	
     6291	         4512 	
     6292	         4581 	
     6293	         4651 	
     6294	         4707 	
     6295	         4487 	
     6296	         4453 	
     6297	         4534 	
     6298	         4586 	
     6299	         4671 	
     6300	         4448 	
     6301	         4429 	
     6302	         4542 	
     6303	         4533 	
     6304	         4386 	
     6305	         4507 	
     6306	         4339 	
     6307	         4422 	
     6308	         4600 	
     6309	         4660 	
     6310	         4475 	
     6311	         4492 	
     6312	         4519 	
     6313	         4644 	
     6314	         4607 	
     6315	         4603 	
     6316	         4593 	
     6317	         4581 	
     6318	         4635 	
     6319	         4439 	
     6320	         4401 	
     6321	         4472 	
     6322	         4526 	
     6323	         4707 	
     6324	         4491 	
     6325	         4404 	
     6326	         4442 	
     6327	         4432 	
     6328	         4504 	
     6329	         4475 	
     6330	         4443 	
     6331	         4525 	
     6332	         4679 	
     6333	         4578 	
     6334	         4398 	
     6335	         4387 	
     6336	         4734 	
     6337	         4647 	
     6338	         4573 	
     6339	         4608 	
     6340	         4659 	
     6341	         4694 	
     6342	         4707 	
     6343	         4436 	
     6344	         4530 	
     6345	         4556 	
     6346	         4745 	
     6347	         4549 	
     6348	         4333 	
     6349	         4508 	
     6350	         4492 	
     6351	         4538 	
     6352	         4409 	
     6353	         4529 	
     6354	         4462 	
     6355	         4641 	
     6356	         4618 	
     6357	         4568 	
     6358	         4517 	
     6359	         4431 	
     6360	         4677 	
     6361	         4600 	
     6362	         4613 	
     6363	         4593 	
     6364	         4597 	
     6365	         4652 	
     6366	         4431 	
     6367	         4393 	
     6368	         4565 	
     6369	         4553 	
     6370	         4708 	
     6371	         4564 	
     6372	         4363 	
     6373	         4468 	
     6374	         4521 	
     6375	         4594 	
     6376	         4527 	
     6377	         4437 	
     6378	         4618 	
     6379	         4577 	
     6380	         4560 	
     6381	         4537 	
     6382	         4445 	
     6383	         4542 	
     6384	         4616 	
     6385	         4599 	
     6386	         4707 	
     6387	         4659 	
     6388	         4667 	
     6389	         4526 	
     6390	         4443 	
     6391	         4417 	
     6392	         4553 	
     6393	         4675 	
     6394	         4616 	
     6395	         4449 	
     6396	         4382 	
     6397	         4617 	
     6398	         4492 	
     6399	         4483 	
     6400	         4440 	
     6401	         4430 	
     6402	         4653 	
     6403	         4476 	
     6404	         4497 	
     6405	         4363 	
     6406	         4539 	
     6407	         4578 	
     6408	         4618 	
     6409	         4633 	
     6410	         4530 	
     6411	         4540 	
     6412	         4583 	
     6413	         4594 	
     6414	         4355 	
     6415	         4539 	
     6416	         4594 	
     6417	         4604 	
     6418	         4375 	
     6419	         4551 	
     6420	         4519 	
     6421	         4474 	
     6422	         4439 	
     6423	         4411 	
     6424	         4435 	
     6425	         4493 	
     6426	         4595 	
     6427	         4601 	
     6428	         4381 	
     6429	         4457 	
     6430	         4596 	
     6431	         4619 	
     6432	         4635 	
     6433	         4552 	
     6434	         4614 	
     6435	         4570 	
     6436	         4688 	
     6437	         4677 	
     6438	         4656 	
     6439	         4370 	
     6440	         4510 	
     6441	         4629 	
     6442	         4584 	
     6443	         4579 	
     6444	         4568 	
     6445	         4631 	
     6446	         4688 	
     6447	         4710 	
     6448	         4571 	
     6449	         4702 	
     6450	         4663 	
     6451	         4641 	
     6452	         4572 	
     6453	         4518 	
     6454	         4461 	
     6455	         4567 	
     6456	         4516 	
     6457	         4470 	
     6458	         4601 	
     6459	         4428 	
     6460	         4531 	
     6461	         4585 	
     6462	         4572 	
     6463	         4615 	
     6464	         4570 	
     6465	         4536 	
     6466	         4605 	
     6467	         4651 	
     6468	         4534 	
     6469	         4514 	
     6470	         4594 	
     6471	         4638 	
     6472	         4498 	
     6473	         4477 	
     6474	         4565 	
     6475	         4564 	
     6476	         4576 	
     6477	         4467 	
     6478	         4621 	
     6479	         4737 	
     6480	         4531 	
     6481	         4538 	
     6482	         4602 	
     6483	         4438 	
     6484	         4396 	
     6485	         4455 	
     6486	         4548 	
     6487	         4590 	
     6488	         4491 	
     6489	         4594 	
     6490	         4489 	
     6491	         4581 	
     6492	         4564 	
     6493	         4556 	
     6494	         4514 	
     6495	         4492 	
     6496	         4491 	
     6497	         4377 	
     6498	         4619 	
     6499	         4734 	
     6500	         4518 	
     6501	         4571 	
     6502	         4491 	
     6503	         4484 	
     6504	         4672 	
     6505	         4587 	
     6506	         4586 	
     6507	         4540 	
     6508	         4600 	
     6509	         4642 	
     6510	         4408 	
     6511	         4431 	
     6512	         4546 	
     6513	         4666 	
     6514	         4626 	
     6515	         4506 	
     6516	         4436 	
     6517	         4312 	
     6518	         4398 	
     6519	         4374 	
     6520	         4413 	
     6521	         4502 	
     6522	         4654 	
     6523	         4581 	
     6524	         4489 	
     6525	         4431 	
     6526	         4683 	
     6527	         4530 	
     6528	         4461 	
     6529	         4411 	
     6530	         4382 	
     6531	         4511 	
     6532	         4545 	
     6533	         4627 	
     6534	         4436 	
     6535	         4636 	
     6536	         4405 	
     6537	         4480 	
     6538	         4550 	
     6539	         4592 	
     6540	         4431 	
     6541	         4461 	
     6542	         4500 	
     6543	         4570 	
     6544	         4573 	
     6545	         4390 	
     6546	         4587 	
     6547	         4538 	
     6548	         4380 	
     6549	         4617 	
     6550	         4613 	
     6551	         4496 	
     6552	         4402 	
     6553	         4370 	
     6554	         4426 	
     6555	         4515 	
     6556	         4608 	
     6557	         4506 	
     6558	         4556 	
     6559	         4647 	
     6560	         4419 	
     6561	         4545 	
     6562	         4659 	
     6563	         4544 	
     6564	         4625 	
     6565	         4715 	
     6566	         4672 	
     6567	         4583 	
     6568	         4482 	
     6569	         4588 	
     6570	         4546 	
     6571	         4483 	
     6572	         4650 	
     6573	         4511 	
     6574	         4465 	
     6575	         4471 	
     6576	         4507 	
     6577	         4456 	
     6578	         4488 	
     6579	         4506 	
     6580	         4579 	
     6581	         4676 	
     6582	         4400 	
     6583	         4488 	
     6584	         4562 	
     6585	         4740 	
     6586	         4668 	
     6587	         4513 	
     6588	         4411 	
     6589	         4503 	
     6590	         4526 	
     6591	         4401 	
     6592	         4472 	
     6593	         4551 	
     6594	         4677 	
     6595	         4584 	
     6596	         4368 	
     6597	         4440 	
     6598	         4506 	
     6599	         4665 	
     6600	         4614 	
     6601	         4578 	
     6602	         4681 	
     6603	         4612 	
     6604	         4672 	
     6605	         4426 	
     6606	         4372 	
     6607	         4410 	
     6608	         4525 	
     6609	         4648 	
     6610	         4482 	
     6611	         4518 	
     6612	         4497 	
     6613	         4450 	
     6614	         4492 	
     6615	         4515 	
     6616	         4521 	
     6617	         4579 	
     6618	         4701 	
     6619	         4476 	
     6620	         4442 	
     6621	         4480 	
     6622	         4657 	
     6623	         4689 	
     6624	         4598 	
     6625	         4612 	
     6626	         4517 	
     6627	         4475 	
     6628	         4496 	
     6629	         4662 	
     6630	         4379 	
     6631	         4564 	
     6632	         4517 	
     6633	         4688 	
     6634	         4697 	
     6635	         4658 	
     6636	         4543 	
     6637	         4506 	
     6638	         4517 	
     6639	         4627 	
     6640	         4537 	
     6641	         4417 	
     6642	         4505 	
     6643	         4643 	
     6644	         4550 	
     6645	         4606 	
     6646	         4491 	
     6647	         4562 	
     6648	         4587 	
     6649	         4666 	
     6650	         4596 	
     6651	         4467 	
     6652	         4459 	
     6653	         4655 	
     6654	         4637 	
     6655	         4513 	
     6656	         4468 	
     6657	         4561 	
     6658	         4500 	
     6659	         4424 	
     6660	         4529 	
     6661	         4555 	
     6662	         4631 	
     6663	         4524 	
     6664	         4390 	
     6665	         4450 	
     6666	         4599 	
     6667	         4654 	
     6668	         4568 	
     6669	         4584 	
     6670	         4507 	
     6671	         4505 	
     6672	         4600 	
     6673	         4544 	
     6674	         4640 	
     6675	         4515 	
     6676	         4372 	
     6677	         4480 	
     6678	         4583 	
     6679	         4611 	
     6680	         4506 	
     6681	         4486 	
     6682	         4543 	
     6683	         4649 	
     6684	         4638 	
     6685	         4484 	
     6686	         4576 	
     6687	         4505 	
     6688	         4490 	
     6689	         4581 	
     6690	         4542 	
     6691	         4495 	
     6692	         4381 	
     6693	         4584 	
     6694	         4654 	
     6695	         4673 	
     6696	         4606 	
     6697	         4512 	
     6698	         4437 	
     6699	         4493 	
     6700	         4527 	
     6701	         4676 	
     6702	         4676 	
     6703	         4406 	
     6704	         4375 	
     6705	         4469 	
     6706	         4514 	
     6707	         4546 	
     6708	         4445 	
     6709	         4431 	
     6710	         4506 	
     6711	         4558 	
     6712	         4615 	
     6713	         4482 	
     6714	         4554 	
     6715	         4690 	
     6716	         4695 	
     6717	         4503 	
     6718	         4493 	
     6719	         4628 	
     6720	         4545 	
     6721	         4445 	
     6722	         4400 	
     6723	         4516 	
     6724	         4543 	
     6725	         4629 	
     6726	         4597 	
     6727	         4707 	
     6728	         4732 	
     6729	         4629 	
     6730	         4615 	
     6731	         4544 	
     6732	         4461 	
     6733	         4445 	
     6734	         4414 	
     6735	         4414 	
     6736	         4415 	
     6737	         4593 	
     6738	         4711 	
     6739	         4657 	
     6740	         4638 	
     6741	         4632 	
     6742	         4652 	
     6743	         4459 	
     6744	         4464 	
     6745	         4450 	
     6746	         4557 	
     6747	         4637 	
     6748	         4648 	
     6749	         4425 	
     6750	         4339 	
     6751	         4413 	
     6752	         4419 	
     6753	         4407 	
     6754	         4502 	
     6755	         4606 	
     6756	         4689 	
     6757	         4650 	
     6758	         4533 	
     6759	         4540 	
     6760	         4522 	
     6761	         4588 	
     6762	         4471 	
     6763	         4436 	
     6764	         4384 	
     6765	         4301 	
     6766	         4371 	
     6767	         4396 	
     6768	         4458 	
     6769	         4531 	
     6770	         4507 	
     6771	         4572 	
     6772	         4601 	
     6773	         4619 	
     6774	         4388 	
     6775	         4346 	
     6776	         4455 	
     6777	         4498 	
     6778	         4401 	
     6779	         4450 	
     6780	         4697 	
     6781	         4659 	
     6782	         4531 	
     6783	         4535 	
     6784	         4514 	
     6785	         4445 	
     6786	         4601 	
     6787	         4579 	
     6788	         4661 	
     6789	         4765 	
     6790	         4680 	
     6791	         4709 	
     6792	         4474 	
     6793	         4459 	
     6794	         4498 	
     6795	         4477 	
     6796	         4595 	
     6797	         4569 	
     6798	         4608 	
     6799	         4487 	
     6800	         4402 	
     6801	         4480 	
     6802	         4601 	
     6803	         4647 	
     6804	         4600 	
     6805	         4448 	
     6806	         4394 	
     6807	         4529 	
     6808	         4728 	
     6809	         4606 	
     6810	         4676 	
     6811	         4613 	
     6812	         4632 	
     6813	         4400 	
     6814	         4502 	
     6815	         4597 	
     6816	         4657 	
     6817	         4677 	
     6818	         4558 	
     6819	         4457 	
     6820	         4388 	
     6821	         4327 	
     6822	         4442 	
     6823	         4483 	
     6824	         4514 	
     6825	         4630 	
     6826	         4666 	
     6827	         4625 	
     6828	         4647 	
     6829	         4619 	
     6830	         4480 	
     6831	         4440 	
     6832	         4365 	
     6833	         4450 	
     6834	         4340 	
     6835	         4406 	
     6836	         4476 	
     6837	         4464 	
     6838	         4540 	
     6839	         4596 	
     6840	         4584 	
     6841	         4583 	
     6842	         4429 	
     6843	         4515 	
     6844	         4322 	
     6845	         4449 	
     6846	         4394 	
     6847	         4586 	
     6848	         4665 	
     6849	         4538 	
     6850	         4524 	
     6851	         4474 	
     6852	         4530 	
     6853	         4498 	
     6854	         4448 	
     6855	         4590 	
     6856	         4643 	
     6857	         4708 	
     6858	         4627 	
     6859	         4588 	
     6860	         4511 	
     6861	         4463 	
     6862	         4364 	
     6863	         4470 	
     6864	         4560 	
     6865	         4590 	
     6866	         4726 	
     6867	         4721 	
     6868	         4546 	
     6869	         4446 	
     6870	         4436 	
     6871	         4520 	
     6872	         4704 	
     6873	         4560 	
     6874	         4595 	
     6875	         4426 	
     6876	         4385 	
     6877	         4571 	
     6878	         4654 	
     6879	         4586 	
     6880	         4667 	
     6881	         4629 	
     6882	         4656 	
     6883	         4601 	
     6884	         4396 	
     6885	         4518 	
     6886	         4617 	
     6887	         4686 	
     6888	         4589 	
     6889	         4499 	
     6890	         4408 	
     6891	         4504 	
     6892	         4556 	
     6893	         4486 	
     6894	         4342 	
     6895	         4520 	
     6896	         4668 	
     6897	         4690 	
     6898	         4460 	
     6899	         4448 	
     6900	         4280 	
     6901	         4550 	
     6902	         4541 	
     6903	         4632 	
     6904	         4489 	
     6905	         4391 	
     6906	         4432 	
     6907	         4499 	
     6908	         4599 	
     6909	         4575 	
     6910	         4640 	
     6911	         4654 	
     6912	         4477 	
     6913	         4392 	
     6914	         4477 	
     6915	         4422 	
     6916	         4375 	
     6917	         4622 	
     6918	         4623 	
     6919	         4604 	
     6920	         4688 	
     6921	         4561 	
     6922	         4521 	
     6923	         4436 	
     6924	         4452 	
     6925	         4561 	
     6926	         4633 	
     6927	         4589 	
     6928	         4605 	
     6929	         4492 	
     6930	         4393 	
     6931	         4490 	
     6932	         4496 	
     6933	         4560 	
     6934	         4536 	
     6935	         4743 	
     6936	         4622 	
     6937	         4560 	
     6938	         4674 	
     6939	         4599 	
     6940	         4684 	
     6941	         4628 	
     6942	         4507 	
     6943	         4545 	
     6944	         4550 	
     6945	         4512 	
     6946	         4417 	
     6947	         4387 	
     6948	         4484 	
     6949	         4599 	
     6950	         4656 	
     6951	         4619 	
     6952	         4576 	
     6953	         4428 	
     6954	         4342 	
     6955	         4392 	
     6956	         4538 	
     6957	         4643 	
     6958	         4644 	
     6959	         4620 	
     6960	         4387 	
     6961	         4412 	
     6962	         4352 	
     6963	         4570 	
     6964	         4346 	
     6965	         4399 	
     6966	         4621 	
     6967	         4655 	
     6968	         4526 	
     6969	         4574 	
     6970	         4551 	
     6971	         4379 	
     6972	         4436 	
     6973	         4671 	
     6974	         4654 	
     6975	         4584 	
     6976	         4475 	
     6977	         4423 	
     6978	         4430 	
     6979	         4547 	
     6980	         4663 	
     6981	         4554 	
     6982	         4300 	
     6983	         4481 	
     6984	         4405 	
     6985	         4511 	
     6986	         4384 	
     6987	         4492 	
     6988	         4385 	
     6989	         4739 	
     6990	         4629 	
     6991	         4510 	
     6992	         4454 	
     6993	         4539 	
     6994	         4637 	
     6995	         4618 	
     6996	         4697 	
     6997	         4565 	
     6998	         4672 	
     6999	         4551 	
     7000	         4416 	
     7001	         4378 	
     7002	         4572 	
     7003	         4463 	
     7004	         4728 	
     7005	         4720 	
     7006	         4641 	
     7007	         4635 	
     7008	         4501 	
     7009	         4522 	
     7010	         4605 	
     7011	         4725 	
     7012	         4629 	
     7013	         4535 	
     7014	         4492 	
     7015	         4392 	
     7016	         4362 	
     7017	         4567 	
     7018	         4731 	
     7019	         4668 	
     7020	         4650 	
     7021	         4745 	
     7022	         4513 	
     7023	         4355 	
     7024	         4483 	
     7025	         4503 	
     7026	         4628 	
     7027	         4604 	
     7028	         4625 	
     7029	         4352 	
     7030	         4329 	
     7031	         4463 	
     7032	         4425 	
     7033	         4465 	
     7034	         4493 	
     7035	         4659 	
     7036	         4741 	
     7037	         4568 	
     7038	         4590 	
     7039	         4588 	
     7040	         4509 	
     7041	         4373 	
     7042	         4420 	
     7043	         4526 	
     7044	         4572 	
     7045	         4512 	
     7046	         4498 	
     7047	         4417 	
     7048	         4438 	
     7049	         4484 	
     7050	         4586 	
     7051	         4663 	
     7052	         4542 	
     7053	         4400 	
     7054	         4454 	
     7055	         4475 	
     7056	         4448 	
     7057	         4378 	
     7058	         4469 	
     7059	         4562 	
     7060	         4572 	
     7061	         4651 	
     7062	         4503 	
     7063	         4428 	
     7064	         4732 	
     7065	         4652 	
     7066	         4524 	
     7067	         4615 	
     7068	         4585 	
     7069	         4640 	
     7070	         4613 	
     7071	         4517 	
     7072	         4269 	
     7073	         4455 	
     7074	         4579 	
     7075	         4566 	
     7076	         4513 	
     7077	         4484 	
     7078	         4433 	
     7079	         4470 	
     7080	         4341 	
     7081	         4341 	
     7082	         4572 	
     7083	         4550 	
     7084	         4547 	
     7085	         4510 	
     7086	         4461 	
     7087	         4525 	
     7088	         4613 	
     7089	         4688 	
     7090	         4566 	
     7091	         4653 	
     7092	         4628 	
     7093	         4472 	
     7094	         4346 	
     7095	         4451 	
     7096	         4625 	
     7097	         4652 	
     7098	         4593 	
     7099	         4429 	
     7100	         4444 	
     7101	         4498 	
     7102	         4520 	
     7103	         4525 	
     7104	         4413 	
     7105	         4392 	
     7106	         4637 	
     7107	         4663 	
     7108	         4613 	
     7109	         4575 	
     7110	         4404 	
     7111	         4536 	
     7112	         4740 	
     7113	         4618 	
     7114	         4667 	
     7115	         4700 	
     7116	         4625 	
     7117	         4422 	
     7118	         4429 	
     7119	         4472 	
     7120	         4520 	
     7121	         4632 	
     7122	         4518 	
     7123	         4373 	
     7124	         4370 	
     7125	         4463 	
     7126	         4529 	
     7127	         4416 	
     7128	         4390 	
     7129	         4532 	
     7130	         4664 	
     7131	         4670 	
     7132	         4468 	
     7133	         4420 	
     7134	         4372 	
     7135	         4536 	
     7136	         4665 	
     7137	         4495 	
     7138	         4585 	
     7139	         4602 	
     7140	         4601 	
     7141	         4683 	
     7142	         4455 	
     7143	         4398 	
     7144	         4489 	
     7145	         4581 	
     7146	         4537 	
     7147	         4512 	
     7148	         4432 	
     7149	         4466 	
     7150	         4466 	
     7151	         4364 	
     7152	         4400 	
     7153	         4569 	
     7154	         4684 	
     7155	         4538 	
     7156	         4422 	
     7157	         4496 	
     7158	         4608 	
     7159	         4567 	
     7160	         4590 	
     7161	         4546 	
     7162	         4567 	
     7163	         4638 	
     7164	         4513 	
     7165	         4379 	
     7166	         4577 	
     7167	         4648 	
     7168	         4591 	
     7169	         4384 	
     7170	         4506 	
     7171	         4515 	
     7172	         4556 	
     7173	         4471 	
     7174	         4438 	
     7175	         4406 	
     7176	         4510 	
     7177	         4563 	
     7178	         4584 	
     7179	         4461 	
     7180	         4380 	
     7181	         4419 	
     7182	         4645 	
     7183	         4638 	
     7184	         4664 	
     7185	         4581 	
     7186	         4631 	
     7187	         4397 	
     7188	         4374 	
     7189	         4510 	
     7190	         4529 	
     7191	         4677 	
     7192	         4680 	
     7193	         4402 	
     7194	         4365 	
     7195	         4397 	
     7196	         4432 	
     7197	         4456 	
     7198	         4446 	
     7199	         4548 	
     7200	         4543 	
     7201	         4565 	
     7202	         4554 	
     7203	         4400 	
     7204	         4394 	
     7205	         4638 	
     7206	         4691 	
     7207	         4659 	
     7208	         4630 	
     7209	         4634 	
     7210	         4673 	
     7211	         4544 	
     7212	         4369 	
     7213	         4462 	
     7214	         4501 	
     7215	         4494 	
     7216	         4737 	
     7217	         4588 	
     7218	         4426 	
     7219	         4374 	
     7220	         4355 	
     7221	         4377 	
     7222	         4425 	
     7223	         4503 	
     7224	         4604 	
     7225	         4587 	
     7226	         4629 	
     7227	         4563 	
     7228	         4422 	
     7229	         4566 	
     7230	         4628 	
     7231	         4656 	
     7232	         4535 	
     7233	         4590 	
     7234	         4613 	
     7235	         4514 	
     7236	         4457 	
     7237	         4502 	
     7238	         4540 	
     7239	         4567 	
     7240	         4445 	
     7241	         4490 	
     7242	         4629 	
     7243	         4521 	
     7244	         4446 	
     7245	         4557 	
     7246	         4459 	
     7247	         4519 	
     7248	         4590 	
     7249	         4503 	
     7250	         4579 	
     7251	         4358 	
     7252	         4579 	
     7253	         4647 	
     7254	         4627 	
     7255	         4619 	
     7256	         4662 	
     7257	         4671 	
     7258	         4594 	
     7259	         4353 	
     7260	         4521 	
     7261	         4575 	
     7262	         4643 	
     7263	         4420 	
     7264	         4428 	
     7265	         4513 	
     7266	         4572 	
     7267	         4561 	
     7268	         4539 	
     7269	         4479 	
     7270	         4408 	
     7271	         4686 	
     7272	         4613 	
     7273	         4589 	
     7274	         4424 	
     7275	         4637 	
     7276	         4595 	
     7277	         4642 	
     7278	         4642 	
     7279	         4612 	
     7280	         4495 	
     7281	         4611 	
     7282	         4445 	
     7283	         4421 	
     7284	         4531 	
     7285	         4585 	
     7286	         4665 	
     7287	         4512 	
     7288	         4404 	
     7289	         4497 	
     7290	         4349 	
     7291	         4522 	
     7292	         4417 	
     7293	         4418 	
     7294	         4576 	
     7295	         4599 	
     7296	         4532 	
     7297	         4465 	
     7298	         4478 	
     7299	         4588 	
     7300	         4610 	
     7301	         4663 	
     7302	         4509 	
     7303	         4664 	
     7304	         4589 	
     7305	         4519 	
     7306	         4407 	
     7307	         4647 	
     7308	         4613 	
     7309	         4678 	
     7310	         4566 	
     7311	         4398 	
     7312	         4513 	
     7313	         4349 	
     7314	         4590 	
     7315	         4572 	
     7316	         4455 	
     7317	         4574 	
     7318	         4647 	
     7319	         4607 	
     7320	         4602 	
     7321	         4374 	
     7322	         4417 	
     7323	         4629 	
     7324	         4652 	
     7325	         4612 	
     7326	         4647 	
     7327	         4611 	
     7328	         4659 	
     7329	         4484 	
     7330	         4394 	
     7331	         4567 	
     7332	         4639 	
     7333	         4579 	
     7334	         4469 	
     7335	         4499 	
     7336	         4517 	
     7337	         4551 	
     7338	         4532 	
     7339	         4438 	
     7340	         4493 	
     7341	         4651 	
     7342	         4642 	
     7343	         4516 	
     7344	         4515 	
     7345	         4416 	
     7346	         4679 	
     7347	         4610 	
     7348	         4628 	
     7349	         4622 	
     7350	         4688 	
     7351	         4536 	
     7352	         4396 	
     7353	         4459 	
     7354	         4411 	
     7355	         4591 	
     7356	         4650 	
     7357	         4674 	
     7358	         4448 	
     7359	         4449 	
     7360	         4479 	
     7361	         4393 	
     7362	         4498 	
     7363	         4404 	
     7364	         4621 	
     7365	         4645 	
     7366	         4617 	
     7367	         4580 	
     7368	         4436 	
     7369	         4434 	
     7370	         4556 	
     7371	         4626 	
     7372	         4790 	
     7373	         4586 	
     7374	         4571 	
     7375	         4389 	
     7376	         4398 	
     7377	         4517 	
     7378	         4525 	
     7379	         4621 	
     7380	         4619 	
     7381	         4546 	
     7382	         4388 	
     7383	         4440 	
     7384	         4518 	
     7385	         4558 	
     7386	         4408 	
     7387	         4329 	
     7388	         4521 	
     7389	         4638 	
     7390	         4586 	
     7391	         4546 	
     7392	         4473 	
     7393	         4399 	
     7394	         4593 	
     7395	         4633 	
     7396	         4688 	
     7397	         4773 	
     7398	         4602 	
     7399	         4542 	
     7400	         4338 	
     7401	         4564 	
     7402	         4581 	
     7403	         4721 	
     7404	         4651 	
     7405	         4430 	
     7406	         4410 	
     7407	         4496 	
     7408	         4508 	
     7409	         4475 	
     7410	         4295 	
     7411	         4471 	
     7412	         4624 	
     7413	         4580 	
     7414	         4534 	
     7415	         4504 	
     7416	         4433 	
     7417	         4613 	
     7418	         4626 	
     7419	         4648 	
     7420	         4552 	
     7421	         4627 	
     7422	         4638 	
     7423	         4395 	
     7424	         4463 	
     7425	         4520 	
     7426	         4518 	
     7427	         4677 	
     7428	         4399 	
     7429	         4322 	
     7430	         4471 	
     7431	         4445 	
     7432	         4437 	
     7433	         4401 	
     7434	         4562 	
     7435	         4688 	
     7436	         4580 	
     7437	         4483 	
     7438	         4462 	
     7439	         4469 	
     7440	         4699 	
     7441	         4618 	
     7442	         4584 	
     7443	         4651 	
     7444	         4676 	
     7445	         4519 	
     7446	         4516 	
     7447	         4458 	
     7448	         4571 	
     7449	         4676 	
     7450	         4606 	
     7451	         4415 	
     7452	         4382 	
     7453	         4476 	
     7454	         4502 	
     7455	         4515 	
     7456	         4513 	
     7457	         4490 	
     7458	         4662 	
     7459	         4693 	
     7460	         4394 	
     7461	         4457 	
     7462	         4432 	
     7463	         4384 	
     7464	         4647 	
     7465	         4683 	
     7466	         4632 	
     7467	         4670 	
     7468	         4564 	
     7469	         4338 	
     7470	         4383 	
     7471	         4571 	
     7472	         4597 	
     7473	         4628 	
     7474	         4616 	
     7475	         4440 	
     7476	         4422 	
     7477	         4447 	
     7478	         4425 	
     7479	         4518 	
     7480	         4520 	
     7481	         4605 	
     7482	         4606 	
     7483	         4546 	
     7484	         4435 	
     7485	         4420 	
     7486	         4566 	
     7487	         4554 	
     7488	         4683 	
     7489	         4681 	
     7490	         4619 	
     7491	         4689 	
     7492	         4492 	
     7493	         4455 	
     7494	         4461 	
     7495	         4514 	
     7496	         4566 	
     7497	         4597 	
     7498	         4703 	
     7499	         4499 	
     7500	         4342 	
     7501	         4294 	
     7502	         4381 	
     7503	         4427 	
     7504	         4579 	
     7505	         4571 	
     7506	         4590 	
     7507	         4597 	
     7508	         4500 	
     7509	         4418 	
     7510	         4503 	
     7511	         4614 	
     7512	         4592 	
     7513	         4774 	
     7514	         4610 	
     7515	         4445 	
     7516	         4434 	
     7517	         4409 	
     7518	         4499 	
     7519	         4646 	
     7520	         4648 	
     7521	         4494 	
     7522	         4365 	
     7523	         4450 	
     7524	         4436 	
     7525	         4419 	
     7526	         4353 	
     7527	         4356 	
     7528	         4527 	
     7529	         4688 	
     7530	         4508 	
     7531	         4549 	
     7532	         4438 	
     7533	         4393 	
     7534	         4584 	
     7535	         4682 	
     7536	         4553 	
     7537	         4596 	
     7538	         4657 	
     7539	         4407 	
     7540	         4387 	
     7541	         4474 	
     7542	         4588 	
     7543	         4607 	
     7544	         4644 	
     7545	         4444 	
     7546	         4341 	
     7547	         4406 	
     7548	         4460 	
     7549	         4438 	
     7550	         4345 	
     7551	         4414 	
     7552	         4654 	
     7553	         4604 	
     7554	         4533 	
     7555	         4425 	
     7556	         4404 	
     7557	         4605 	
     7558	         4705 	
     7559	         4669 	
     7560	         4603 	
     7561	         4680 	
     7562	         4632 	
     7563	         4492 	
     7564	         4476 	
     7565	         4434 	
     7566	         4541 	
     7567	         4626 	
     7568	         4538 	
     7569	         4392 	
     7570	         4418 	
     7571	         4446 	
     7572	         4499 	
     7573	         4404 	
     7574	         4552 	
     7575	         4663 	
     7576	         4621 	
     7577	         4530 	
     7578	         4582 	
     7579	         4428 	
     7580	         4563 	
     7581	         4662 	
     7582	         4662 	
     7583	         4609 	
     7584	         4626 	
     7585	         4601 	
     7586	         4455 	
     7587	         4409 	
     7588	         4539 	
     7589	         4500 	
     7590	         4603 	
     7591	         4503 	
     7592	         4403 	
     7593	         4463 	
     7594	         4362 	
     7595	         4572 	
     7596	         4471 	
     7597	         4390 	
     7598	         4585 	
     7599	         4730 	
     7600	         4535 	
     7601	         4554 	
     7602	         4469 	
     7603	         4574 	
     7604	         4615 	
     7605	         4726 	
     7606	         4661 	
     7607	         4665 	
     7608	         4692 	
     7609	         4539 	
     7610	         4398 	
     7611	         4483 	
     7612	         4635 	
     7613	         4603 	
     7614	         4596 	
     7615	         4464 	
     7616	         4355 	
     7617	         4503 	
     7618	         4552 	
     7619	         4400 	
     7620	         4393 	
     7621	         4544 	
     7622	         4637 	
     7623	         4568 	
     7624	         4494 	
     7625	         4474 	
     7626	         4540 	
     7627	         4732 	
     7628	         4639 	
     7629	         4680 	
     7630	         4660 	
     7631	         4709 	
     7632	         4594 	
     7633	         4449 	
     7634	         4502 	
     7635	         4528 	
     7636	         4570 	
     7637	         4565 	
     7638	         4480 	
     7639	         4468 	
     7640	         4517 	
     7641	         4495 	
     7642	         4495 	
     7643	         4366 	
     7644	         4367 	
     7645	         4627 	
     7646	         4584 	
     7647	         4602 	
     7648	         4516 	
     7649	         4386 	
     7650	         4373 	
     7651	         4651 	
     7652	         4603 	
     7653	         4637 	
     7654	         4678 	
     7655	         4586 	
     7656	         4401 	
     7657	         4399 	
     7658	         4502 	
     7659	         4614 	
     7660	         4663 	
     7661	         4600 	
     7662	         4500 	
     7663	         4468 	
     7664	         4475 	
     7665	         4467 	
     7666	         4474 	
     7667	         4377 	
     7668	         4323 	
     7669	         4676 	
     7670	         4668 	
     7671	         4510 	
     7672	         4578 	
     7673	         4346 	
     7674	         4601 	
     7675	         4641 	
     7676	         4689 	
     7677	         4752 	
     7678	         4776 	
     7679	         4681 	
     7680	         4478 	
     7681	         4447 	
     7682	         4552 	
     7683	         4656 	
     7684	         4656 	
     7685	         4463 	
     7686	         4479 	
     7687	         4495 	
     7688	         4566 	
     7689	         4611 	
     7690	         4537 	
     7691	         4392 	
     7692	         4535 	
     7693	         4614 	
     7694	         4642 	
     7695	         4468 	
     7696	         4434 	
     7697	         4577 	
     7698	         4706 	
     7699	         4636 	
     7700	         4597 	
     7701	         4622 	
     7702	         4632 	
     7703	         4589 	
     7704	         4376 	
     7705	         4488 	
     7706	         4649 	
     7707	         4659 	
     7708	         4470 	
     7709	         4389 	
     7710	         4492 	
     7711	         4606 	
     7712	         4505 	
     7713	         4539 	
     7714	         4467 	
     7715	         4399 	
     7716	         4687 	
     7717	         4675 	
     7718	         4509 	
     7719	         4491 	
     7720	         4472 	
     7721	         4609 	
     7722	         4578 	
     7723	         4812 	
     7724	         4634 	
     7725	         4613 	
     7726	         4544 	
     7727	         4411 	
     7728	         4570 	
     7729	         4608 	
     7730	         4628 	
     7731	         4580 	
     7732	         4387 	
     7733	         4442 	
     7734	         4399 	
     7735	         4547 	
     7736	         4503 	
     7737	         4548 	
     7738	         4330 	
     7739	         4544 	
     7740	         4653 	
     7741	         4636 	
     7742	         4443 	
     7743	         4390 	
     7744	         4532 	
     7745	         4728 	
     7746	         4538 	
     7747	         4611 	
     7748	         4656 	
     7749	         4718 	
     7750	         4476 	
     7751	         4355 	
     7752	         4558 	
     7753	         4593 	
     7754	         4509 	
     7755	         4578 	
     7756	         4428 	
     7757	         4480 	
     7758	         4516 	
     7759	         4595 	
     7760	         4492 	
     7761	         4456 	
     7762	         4543 	
     7763	         4655 	
     7764	         4524 	
     7765	         4401 	
     7766	         4389 	
     7767	         4432 	
     7768	         4789 	
     7769	         4638 	
     7770	         4652 	
     7771	         4703 	
     7772	         4598 	
     7773	         4618 	
     7774	         4362 	
     7775	         4429 	
     7776	         4607 	
     7777	         4684 	
     7778	         4568 	
     7779	         4389 	
     7780	         4346 	
     7781	         4462 	
     7782	         4463 	
     7783	         4499 	
     7784	         4592 	
     7785	         4344 	
     7786	         4600 	
     7787	         4653 	
     7788	         4574 	
     7789	         4478 	
     7790	         4353 	
     7791	         4487 	
     7792	         4523 	
     7793	         4650 	
     7794	         4675 	
     7795	         4626 	
     7796	         4684 	
     7797	         4381 	
     7798	         4397 	
     7799	         4463 	
     7800	         4646 	
     7801	         4667 	
     7802	         4520 	
     7803	         4393 	
     7804	         4433 	
     7805	         4461 	
     7806	         4504 	
     7807	         4526 	
     7808	         4454 	
     7809	         4446 	
     7810	         4602 	
     7811	         4557 	
     7812	         4515 	
     7813	         4543 	
     7814	         4494 	
     7815	         4581 	
     7816	         4582 	
     7817	         4619 	
     7818	         4609 	
     7819	         4618 	
     7820	         4691 	
     7821	         4377 	
     7822	         4527 	
     7823	         4495 	
     7824	         4641 	
     7825	         4728 	
     7826	         4515 	
     7827	         4498 	
     7828	         4531 	
     7829	         4521 	
     7830	         4512 	
     7831	         4431 	
     7832	         4387 	
     7833	         4514 	
     7834	         4655 	
     7835	         4485 	
     7836	         4453 	
     7837	         4416 	
     7838	         4499 	
     7839	         4674 	
     7840	         4737 	
     7841	         4602 	
     7842	         4597 	
     7843	         4639 	
     7844	         4507 	
     7845	         4432 	
     7846	         4505 	
     7847	         4594 	
     7848	         4714 	
     7849	         4482 	
     7850	         4468 	
     7851	         4494 	
     7852	         4583 	
     7853	         4470 	
     7854	         4507 	
     7855	         4413 	
     7856	         4494 	
     7857	         4629 	
     7858	         4621 	
     7859	         4562 	
     7860	         4475 	
     7861	         4553 	
     7862	         4606 	
     7863	         4745 	
     7864	         4590 	
     7865	         4623 	
     7866	         4612 	
     7867	         4709 	
     7868	         4339 	
     7869	         4478 	
     7870	         4573 	
     7871	         4637 	
     7872	         4552 	
     7873	         4473 	
     7874	         4456 	
     7875	         4652 	
     7876	         4499 	
     7877	         4521 	
     7878	         4459 	
     7879	         4492 	
     7880	         4620 	
     7881	         4615 	
     7882	         4570 	
     7883	         4457 	
     7884	         4468 	
     7885	         4568 	
     7886	         4643 	
     7887	         4685 	
     7888	         4614 	
     7889	         4592 	
     7890	         4734 	
     7891	         4455 	
     7892	         4451 	
     7893	         4532 	
     7894	         4618 	
     7895	         4739 	
     7896	         4553 	
     7897	         4478 	
     7898	         4476 	
     7899	         4500 	
     7900	         4397 	
     7901	         4414 	
     7902	         4376 	
     7903	         4436 	
     7904	         4678 	
     7905	         4595 	
     7906	         4522 	
     7907	         4430 	
     7908	         4428 	
     7909	         4670 	
     7910	         4671 	
     7911	         4573 	
     7912	         4684 	
     7913	         4585 	
     7914	         4543 	
     7915	         4413 	
     7916	         4493 	
     7917	         4534 	
     7918	         4653 	
     7919	         4717 	
     7920	         4397 	
     7921	         4423 	
     7922	         4452 	
     7923	         4562 	
     7924	         4353 	
     7925	         4407 	
     7926	         4428 	
     7927	         4666 	
     7928	         4725 	
     7929	         4572 	
     7930	         4585 	
     7931	         4375 	
     7932	         4438 	
     7933	         4648 	
     7934	         4671 	
     7935	         4667 	
     7936	         4658 	
     7937	         4504 	
     7938	         4344 	
     7939	         4403 	
     7940	         4511 	
     7941	         4594 	
     7942	         4686 	
     7943	         4556 	
     7944	         4428 	
     7945	         4496 	
     7946	         4548 	
     7947	         4579 	
     7948	         4383 	
     7949	         4504 	
     7950	         4498 	
     7951	         4652 	
     7952	         4611 	
     7953	         4633 	
     7954	         4384 	
     7955	         4378 	
     7956	         4540 	
     7957	         4651 	
     7958	         4595 	
     7959	         4641 	
     7960	         4585 	
     7961	         4571 	
     7962	         4455 	
     7963	         4565 	
     7964	         4532 	
     7965	         4590 	
     7966	         4612 	
     7967	         4382 	
     7968	         4459 	
     7969	         4522 	
     7970	         4473 	
     7971	         4486 	
     7972	         4463 	
     7973	         4361 	
     7974	         4599 	
     7975	         4611 	
     7976	         4588 	
     7977	         4399 	
     7978	         4415 	
     7979	         4531 	
     7980	         4648 	
     7981	         4693 	
     7982	         4703 	
     7983	         4662 	
     7984	         4574 	
     7985	         4466 	
     7986	         4480 	
     7987	         4519 	
     7988	         4715 	
     7989	         4728 	
     7990	         4556 	
     7991	         4442 	
     7992	         4553 	
     7993	         4525 	
     7994	         4546 	
     7995	         4414 	
     7996	         4450 	
     7997	         4482 	
     7998	         4683 	
     7999	         4606 	
     8000	         4549 	
     8001	         4417 	
     8002	         4451 	
     8003	         4632 	
     8004	         4711 	
     8005	         4599 	
     8006	         4657 	
     8007	         4666 	
     8008	         4463 	
     8009	         4373 	
     8010	         4506 	
     8011	         4621 	
     8012	         4712 	
     8013	         4571 	
     8014	         4469 	
     8015	         4553 	
     8016	         4532 	
     8017	         4529 	
     8018	         4446 	
     8019	         4341 	
     8020	         4563 	
     8021	         4591 	
     8022	         4692 	
     8023	         4543 	
     8024	         4430 	
     8025	         4352 	
     8026	         4615 	
     8027	         4695 	
     8028	         4708 	
     8029	         4636 	
     8030	         4675 	
     8031	         4610 	
     8032	         4442 	
     8033	         4389 	
     8034	         4491 	
     8035	         4643 	
     8036	         4684 	
     8037	         4524 	
     8038	         4375 	
     8039	         4445 	
     8040	         4434 	
     8041	         4563 	
     8042	         4413 	
     8043	         4523 	
     8044	         4688 	
     8045	         4664 	
     8046	         4462 	
     8047	         4453 	
     8048	         4391 	
     8049	         4542 	
     8050	         4680 	
     8051	         4655 	
     8052	         4609 	
     8053	         4634 	
     8054	         4662 	
     8055	         4444 	
     8056	         4446 	
     8057	         4556 	
     8058	         4511 	
     8059	         4646 	
     8060	         4528 	
     8061	         4440 	
     8062	         4321 	
     8063	         4439 	
     8064	         4475 	
     8065	         4445 	
     8066	         4457 	
     8067	         4632 	
     8068	         4695 	
     8069	         4480 	
     8070	         4498 	
     8071	         4344 	
     8072	         4394 	
     8073	         4649 	
     8074	         4569 	
     8075	         4596 	
     8076	         4597 	
     8077	         4552 	
     8078	         4438 	
     8079	         4365 	
     8080	         4490 	
     8081	         4523 	
     8082	         4685 	
     8083	         4694 	
     8084	         4479 	
     8085	         4341 	
     8086	         4530 	
     8087	         4522 	
     8088	         4530 	
     8089	         4454 	
     8090	         4461 	
     8091	         4629 	
     8092	         4656 	
     8093	         4601 	
     8094	         4586 	
     8095	         4424 	
     8096	         4509 	
     8097	         4704 	
     8098	         4666 	
     8099	         4712 	
     8100	         4698 	
     8101	         4752 	
     8102	         4331 	
     8103	         4314 	
     8104	         4536 	
     8105	         4522 	
     8106	         4683 	
     8107	         4660 	
     8108	         4408 	
     8109	         4467 	
     8110	         4543 	
     8111	         4518 	
     8112	         4523 	
     8113	         4401 	
     8114	         4462 	
     8115	         4644 	
     8116	         4596 	
     8117	         4590 	
     8118	         4441 	
     8119	         4460 	
     8120	         4609 	
     8121	         4696 	
     8122	         4699 	
     8123	         4733 	
     8124	         4583 	
     8125	         4524 	
     8126	         4484 	
     8127	         4442 	
     8128	         4529 	
     8129	         4623 	
     8130	         4605 	
     8131	         4473 	
     8132	         4430 	
     8133	         4509 	
     8134	         4534 	
     8135	         4569 	
     8136	         4509 	
     8137	         4429 	
     8138	         4654 	
     8139	         4593 	
     8140	         4500 	
     8141	         4558 	
     8142	         4371 	
     8143	         4613 	
     8144	         4602 	
     8145	         4705 	
     8146	         4655 	
     8147	         4668 	
     8148	         4584 	
     8149	         4470 	
     8150	         4365 	
     8151	         4484 	
     8152	         4698 	
     8153	         4671 	
     8154	         4577 	
     8155	         4389 	
     8156	         4532 	
     8157	         4515 	
     8158	         4524 	
     8159	         4443 	
     8160	         4350 	
     8161	         4559 	
     8162	         4608 	
     8163	         4638 	
     8164	         4567 	
     8165	         4405 	
     8166	         4568 	
     8167	         4632 	
     8168	         4695 	
     8169	         4545 	
     8170	         4535 	
     8171	         4624 	
     8172	         4532 	
     8173	         4429 	
     8174	         4458 	
     8175	         4493 	
     8176	         4569 	
     8177	         4507 	
     8178	         4484 	
     8179	         4450 	
     8180	         4515 	
     8181	         4579 	
     8182	         4485 	
     8183	         4427 	
     8184	         4428 	
     8185	         4571 	
     8186	         4519 	
     8187	         4540 	
     8188	         4351 	
     8189	         4640 	
     8190	         4637 	
     8191	         4553 	
     8192	         4614 	
     8193	         4635 	
     8194	         4644 	
     8195	         4678 	
     8196	         4416 	
     8197	         4533 	
     8198	         4478 	
     8199	         4561 	
     8200	         4572 	
     8201	         4400 	
     8202	         4490 	
     8203	         4380 	
     8204	         4540 	
     8205	         4426 	
     8206	         4440 	
     8207	         4443 	
     8208	         4673 	
     8209	         4679 	
     8210	         4624 	
     8211	         4454 	
     8212	         4351 	
     8213	         4598 	
     8214	         4578 	
     8215	         4636 	
     8216	         4673 	
     8217	         4638 	
     8218	         4643 	
     8219	         4511 	
     8220	         4520 	
     8221	         4532 	
     8222	         4638 	
     8223	         4674 	
     8224	         4525 	
     8225	         4437 	
     8226	         4416 	
     8227	         4464 	
     8228	         4509 	
     8229	         4444 	
     8230	         4340 	
     8231	         4499 	
     8232	         4649 	
     8233	         4628 	
     8234	         4472 	
     8235	         4433 	
     8236	         4374 	
     8237	         4658 	
     8238	         4679 	
     8239	         4626 	
     8240	         4681 	
     8241	         4699 	
     8242	         4604 	
     8243	         4387 	
     8244	         4426 	
     8245	         4495 	
     8246	         4604 	
     8247	         4608 	
     8248	         4434 	
     8249	         4447 	
     8250	         4396 	
     8251	         4554 	
     8252	         4410 	
     8253	         4509 	
     8254	         4353 	
     8255	         4496 	
     8256	         4524 	
     8257	         4607 	
     8258	         4456 	
     8259	         4372 	
     8260	         4545 	
     8261	         4647 	
     8262	         4607 	
     8263	         4648 	
     8264	         4601 	
     8265	         4689 	
     8266	         4605 	
     8267	         4368 	
     8268	         4464 	
     8269	         4568 	
     8270	         4614 	
     8271	         4572 	
     8272	         4429 	
     8273	         4467 	
     8274	         4655 	
     8275	         4601 	
     8276	         4522 	
     8277	         4493 	
     8278	         4412 	
     8279	         4635 	
     8280	         4614 	
     8281	         4540 	
     8282	         4436 	
     8283	         4337 	
     8284	         4647 	
     8285	         4645 	
     8286	         4597 	
     8287	         4661 	
     8288	         4521 	
     8289	         4642 	
     8290	         4482 	
     8291	         4533 	
     8292	         4449 	
     8293	         4672 	
     8294	         4663 	
     8295	         4447 	
     8296	         4552 	
     8297	         4590 	
     8298	         4637 	
     8299	         4583 	
     8300	         4501 	
     8301	         4419 	
     8302	         4540 	
     8303	         4745 	
     8304	         4632 	
     8305	         4527 	
     8306	         4384 	
     8307	         4572 	
     8308	         4560 	
     8309	         4510 	
     8310	         4565 	
     8311	         4607 	
     8312	         4739 	
     8313	         4505 	
     8314	         4518 	
     8315	         4491 	
     8316	         4592 	
     8317	         4658 	
     8318	         4554 	
     8319	         4462 	
     8320	         4557 	
     8321	         4538 	
     8322	         4622 	
     8323	         4530 	
     8324	         4405 	
     8325	         4473 	
     8326	         4585 	
     8327	         4507 	
     8328	         4521 	
     8329	         4433 	
     8330	         4653 	
     8331	         4639 	
     8332	         4547 	
     8333	         4665 	
     8334	         4598 	
     8335	         4670 	
     8336	         4647 	
     8337	         4398 	
     8338	         4440 	
     8339	         4535 	
     8340	         4646 	
     8341	         4557 	
     8342	         4394 	
     8343	         4444 	
     8344	         4478 	
     8345	         4599 	
     8346	         4558 	
     8347	         4476 	
     8348	         4375 	
     8349	         4515 	
     8350	         4599 	
     8351	         4507 	
     8352	         4389 	
     8353	         4428 	
     8354	         4649 	
     8355	         4656 	
     8356	         4730 	
     8357	         4564 	
     8358	         4642 	
     8359	         4646 	
     8360	         4511 	
     8361	         4392 	
     8362	         4457 	
     8363	         4643 	
     8364	         4696 	
     8365	         4361 	
     8366	         4450 	
     8367	         4494 	
     8368	         4609 	
     8369	         4555 	
     8370	         4556 	
     8371	         4527 	
     8372	         4432 	
     8373	         4700 	
     8374	         4731 	
     8375	         4539 	
     8376	         4483 	
     8377	         4498 	
     8378	         4636 	
     8379	         4610 	
     8380	         4625 	
     8381	         4642 	
     8382	         4645 	
     8383	         4637 	
     8384	         4435 	
     8385	         4543 	
     8386	         4500 	
     8387	         4729 	
     8388	         4620 	
     8389	         4356 	
     8390	         4469 	
     8391	         4529 	
     8392	         4476 	
     8393	         4593 	
     8394	         4424 	
     8395	         4387 	
     8396	         4523 	
     8397	         4685 	
     8398	         4562 	
     8399	         4478 	
     8400	         4522 	
     8401	         4620 	
     8402	         4574 	
     8403	         4560 	
     8404	         4542 	
     8405	         4756 	
     8406	         4572 	
     8407	         4581 	
     8408	         4461 	
     8409	         4543 	
     8410	         4551 	
     8411	         4653 	
     8412	         4511 	
     8413	         4340 	
     8414	         4491 	
     8415	         4554 	
     8416	         4485 	
     8417	         4555 	
     8418	         4404 	
     8419	         4443 	
     8420	         4687 	
     8421	         4713 	
     8422	         4518 	
     8423	         4530 	
     8424	         4472 	
     8425	         4664 	
     8426	         4621 	
     8427	         4716 	
     8428	         4587 	
     8429	         4661 	
     8430	         4640 	
     8431	         4505 	
     8432	         4517 	
     8433	         4551 	
     8434	         4630 	
     8435	         4675 	
     8436	         4345 	
     8437	         4544 	
     8438	         4591 	
     8439	         4508 	
     8440	         4471 	
     8441	         4535 	
     8442	         4305 	
     8443	         4468 	
     8444	         4660 	
     8445	         4520 	
     8446	         4534 	
     8447	         4405 	
     8448	         4653 	
     8449	         4623 	
     8450	         4719 	
     8451	         4570 	
     8452	         4632 	
     8453	         4637 	
     8454	         4546 	
     8455	         4531 	
     8456	         4503 	
     8457	         4572 	
     8458	         4587 	
     8459	         4492 	
     8460	         4340 	
     8461	         4487 	
     8462	         4595 	
     8463	         4504 	
     8464	         4569 	
     8465	         4465 	
     8466	         4535 	
     8467	         4678 	
     8468	         4580 	
     8469	         4500 	
     8470	         4402 	
     8471	         4526 	
     8472	         4617 	
     8473	         4659 	
     8474	         4571 	
     8475	         4601 	
     8476	         4663 	
     8477	         4624 	
     8478	         4548 	
     8479	         4415 	
     8480	         4538 	
     8481	         4680 	
     8482	         4614 	
     8483	         4371 	
     8484	         4487 	
     8485	         4523 	
     8486	         4506 	
     8487	         4439 	
     8488	         4450 	
     8489	         4293 	
     8490	         4586 	
     8491	         4637 	
     8492	         4484 	
     8493	         4488 	
     8494	         4513 	
     8495	         4722 	
     8496	         4590 	
     8497	         4591 	
     8498	         4621 	
     8499	         4559 	
     8500	         4749 	
     8501	         4570 	
     8502	         4490 	
     8503	         4564 	
     8504	         4636 	
     8505	         4628 	
     8506	         4607 	
     8507	         4533 	
     8508	         4516 	
     8509	         4534 	
     8510	         4539 	
     8511	         4442 	
     8512	         4516 	
     8513	         4384 	
     8514	         4661 	
     8515	         4559 	
     8516	         4488 	
     8517	         4427 	
     8518	         4449 	
     8519	         4695 	
     8520	         4669 	
     8521	         4635 	
     8522	         4603 	
     8523	         4676 	
     8524	         4638 	
     8525	         4538 	
     8526	         4431 	
     8527	         4472 	
     8528	         4559 	
     8529	         4680 	
     8530	         4533 	
     8531	         4387 	
     8532	         4396 	
     8533	         4557 	
     8534	         4581 	
     8535	         4475 	
     8536	         4443 	
     8537	         4521 	
     8538	         4771 	
     8539	         4523 	
     8540	         4568 	
     8541	         4491 	
     8542	         4527 	
     8543	         4742 	
     8544	         4637 	
     8545	         4682 	
     8546	         4578 	
     8547	         4694 	
     8548	         4687 	
     8549	         4416 	
     8550	         4463 	
     8551	         4558 	
     8552	         4653 	
     8553	         4545 	
     8554	         4477 	
     8555	         4434 	
     8556	         4568 	
     8557	         4569 	
     8558	         4486 	
     8559	         4545 	
     8560	         4355 	
     8561	         4675 	
     8562	         4657 	
     8563	         4607 	
     8564	         4444 	
     8565	         4435 	
     8566	         4636 	
     8567	         4606 	
     8568	         4578 	
     8569	         4554 	
     8570	         4665 	
     8571	         4613 	
     8572	         4496 	
     8573	         4442 	
     8574	         4429 	
     8575	         4580 	
     8576	         4723 	
     8577	         4519 	
     8578	         4423 	
     8579	         4484 	
     8580	         4498 	
     8581	         4538 	
     8582	         4493 	
     8583	         4518 	
     8584	         4650 	
     8585	         4606 	
     8586	         4543 	
     8587	         4519 	
     8588	         4414 	
     8589	         4574 	
     8590	         4692 	
     8591	         4580 	
     8592	         4605 	
     8593	         4480 	
     8594	         4643 	
     8595	         4662 	
     8596	         4371 	
     8597	         4525 	
     8598	         4540 	
     8599	         4641 	
     8600	         4562 	
     8601	         4377 	
     8602	         4426 	
     8603	         4438 	
     8604	         4543 	
     8605	         4476 	
     8606	         4462 	
     8607	         4474 	
     8608	         4584 	
     8609	         4615 	
     8610	         4465 	
     8611	         4498 	
     8612	         4628 	
     8613	         4683 	
     8614	         4552 	
     8615	         4541 	
     8616	         4542 	
     8617	         4609 	
     8618	         4616 	
     8619	         4402 	
     8620	         4452 	
     8621	         4463 	
     8622	         4742 	
     8623	         4648 	
     8624	         4562 	
     8625	         4480 	
     8626	         4480 	
     8627	         4471 	
     8628	         4488 	
     8629	         4512 	
     8630	         4458 	
     8631	         4632 	
     8632	         4602 	
     8633	         4567 	
     8634	         4381 	
     8635	         4481 	
     8636	         4688 	
     8637	         4744 	
     8638	         4560 	
     8639	         4513 	
     8640	         4556 	
     8641	         4646 	
     8642	         4564 	
     8643	         4360 	
     8644	         4454 	
     8645	         4561 	
     8646	         4611 	
     8647	         4508 	
     8648	         4444 	
     8649	         4420 	
     8650	         4517 	
     8651	         4528 	
     8652	         4466 	
     8653	         4358 	
     8654	         4587 	
     8655	         4596 	
     8656	         4661 	
     8657	         4660 	
     8658	         4451 	
     8659	         4547 	
     8660	         4642 	
     8661	         4610 	
     8662	         4648 	
     8663	         4728 	
     8664	         4577 	
     8665	         4620 	
     8666	         4443 	
     8667	         4471 	
     8668	         4511 	
     8669	         4595 	
     8670	         4694 	
     8671	         4477 	
     8672	         4384 	
     8673	         4507 	
     8674	         4433 	
     8675	         4479 	
     8676	         4383 	
     8677	         4421 	
     8678	         4709 	
     8679	         4660 	
     8680	         4573 	
     8681	         4506 	
     8682	         4368 	
     8683	         4706 	
     8684	         4608 	
     8685	         4669 	
     8686	         4667 	
     8687	         4581 	
     8688	         4650 	
     8689	         4605 	
     8690	         4418 	
     8691	         4461 	
     8692	         4536 	
     8693	         4610 	
     8694	         4559 	
     8695	         4435 	
     8696	         4448 	
     8697	         4382 	
     8698	         4522 	
     8699	         4438 	
     8700	         4434 	
     8701	         4445 	
     8702	         4673 	
     8703	         4630 	
     8704	         4575 	
     8705	         4494 	
     8706	         4634 	
     8707	         4711 	
     8708	         4597 	
     8709	         4622 	
     8710	         4560 	
     8711	         4725 	
     8712	         4561 	
     8713	         4556 	
     8714	         4370 	
     8715	         4492 	
     8716	         4664 	
     8717	         4605 	
     8718	         4470 	
     8719	         4459 	
     8720	         4425 	
     8721	         4613 	
     8722	         4456 	
     8723	         4467 	
     8724	         4446 	
     8725	         4560 	
     8726	         4609 	
     8727	         4513 	
     8728	         4452 	
     8729	         4582 	
     8730	         4584 	
     8731	         4625 	
     8732	         4620 	
     8733	         4495 	
     8734	         4449 	
     8735	         4684 	
     8736	         4676 	
     8737	         4361 	
     8738	         4579 	
     8739	         4533 	
     8740	         4730 	
     8741	         4526 	
     8742	         4420 	
     8743	         4523 	
     8744	         4445 	
     8745	         4534 	
     8746	         4562 	
     8747	         4432 	
     8748	         4603 	
     8749	         4691 	
     8750	         4529 	
     8751	         4479 	
     8752	         4470 	
     8753	         4626 	
     8754	         4582 	
     8755	         4592 	
     8756	         4649 	
     8757	         4531 	
     8758	         4610 	
     8759	         4639 	
     8760	         4494 	
     8761	         4505 	
     8762	         4508 	
     8763	         4693 	
     8764	         4602 	
     8765	         4339 	
     8766	         4525 	
     8767	         4559 	
     8768	         4462 	
     8769	         4635 	
     8770	         4521 	
     8771	         4504 	
     8772	         4618 	
     8773	         4658 	
     8774	         4506 	
     8775	         4423 	
     8776	         4546 	
     8777	         4616 	
     8778	         4618 	
     8779	         4571 	
     8780	         4489 	
     8781	         4468 	
     8782	         4739 	
     8783	         4488 	
     8784	         4385 	
     8785	         4524 	
     8786	         4568 	
     8787	         4667 	
     8788	         4394 	
     8789	         4533 	
     8790	         4480 	
     8791	         4566 	
     8792	         4499 	
     8793	         4468 	
     8794	         4379 	
     8795	         4644 	
     8796	         4583 	
     8797	         4487 	
     8798	         4493 	
     8799	         4442 	
     8800	         4568 	
     8801	         4628 	
     8802	         4604 	
     8803	         4585 	
     8804	         4490 	
     8805	         4745 	
     8806	         4678 	
     8807	         4367 	
     8808	         4458 	
     8809	         4611 	
     8810	         4649 	
     8811	         4643 	
     8812	         4438 	
     8813	         4435 	
     8814	         4460 	
     8815	         4573 	
     8816	         4468 	
     8817	         4438 	
     8818	         4499 	
     8819	         4630 	
     8820	         4639 	
     8821	         4574 	
     8822	         4405 	
     8823	         4554 	
     8824	         4680 	
     8825	         4653 	
     8826	         4644 	
     8827	         4625 	
     8828	         4556 	
     8829	         4674 	
     8830	         4537 	
     8831	         4440 	
     8832	         4452 	
     8833	         4538 	
     8834	         4618 	
     8835	         4484 	
     8836	         4378 	
     8837	         4546 	
     8838	         4417 	
     8839	         4493 	
     8840	         4571 	
     8841	         4492 	
     8842	         4500 	
     8843	         4637 	
     8844	         4496 	
     8845	         4527 	
     8846	         4485 	
     8847	         4626 	
     8848	         4582 	
     8849	         4700 	
     8850	         4570 	
     8851	         4564 	
     8852	         4648 	
     8853	         4709 	
     8854	         4557 	
     8855	         4428 	
     8856	         4632 	
     8857	         4577 	
     8858	         4519 	
     8859	         4424 	
     8860	         4447 	
     8861	         4512 	
     8862	         4509 	
     8863	         4516 	
     8864	         4433 	
     8865	         4368 	
     8866	         4643 	
     8867	         4562 	
     8868	         4484 	
     8869	         4486 	
     8870	         4618 	
     8871	         4613 	
     8872	         4619 	
     8873	         4522 	
     8874	         4424 	
     8875	         4527 	
     8876	         4648 	
     8877	         4606 	
     8878	         4509 	
     8879	         4391 	
     8880	         4519 	
     8881	         4600 	
     8882	         4479 	
     8883	         4406 	
     8884	         4619 	
     8885	         4555 	
     8886	         4544 	
     8887	         4484 	
     8888	         4458 	
     8889	         4493 	
     8890	         4774 	
     8891	         4509 	
     8892	         4464 	
     8893	         4552 	
     8894	         4539 	
     8895	         4595 	
     8896	         4514 	
     8897	         4492 	
     8898	         4499 	
     8899	         4671 	
     8900	         4639 	
     8901	         4556 	
     8902	         4442 	
     8903	         4575 	
     8904	         4644 	
     8905	         4554 	
     8906	         4473 	
     8907	         4459 	
     8908	         4658 	
     8909	         4479 	
     8910	         4561 	
     8911	         4364 	
     8912	         4434 	
     8913	         4650 	
     8914	         4582 	
     8915	         4456 	
     8916	         4468 	
     8917	         4609 	
     8918	         4598 	
     8919	         4526 	
     8920	         4558 	
     8921	         4567 	
     8922	         4622 	
     8923	         4621 	
     8924	         4574 	
     8925	         4338 	
     8926	         4406 	
     8927	         4665 	
     8928	         4723 	
     8929	         4458 	
     8930	         4415 	
     8931	         4463 	
     8932	         4554 	
     8933	         4580 	
     8934	         4540 	
     8935	         4378 	
     8936	         4529 	
     8937	         4596 	
     8938	         4594 	
     8939	         4590 	
     8940	         4518 	
     8941	         4662 	
     8942	         4478 	
     8943	         4508 	
     8944	         4447 	
     8945	         4551 	
     8946	         4653 	
     8947	         4655 	
     8948	         4473 	
     8949	         4581 	
     8950	         4574 	
     8951	         4617 	
     8952	         4611 	
     8953	         4460 	
     8954	         4494 	
     8955	         4503 	
     8956	         4508 	
     8957	         4496 	
     8958	         4414 	
     8959	         4434 	
     8960	         4594 	
     8961	         4687 	
     8962	         4605 	
     8963	         4315 	
     8964	         4518 	
     8965	         4612 	
     8966	         4607 	
     8967	         4573 	
     8968	         4522 	
     8969	         4635 	
     8970	         4625 	
     8971	         4617 	
     8972	         4413 	
     8973	         4474 	
     8974	         4567 	
     8975	         4726 	
     8976	         4505 	
     8977	         4420 	
     8978	         4478 	
     8979	         4506 	
     8980	         4568 	
     8981	         4560 	
     8982	         4526 	
     8983	         4490 	
     8984	         4640 	
     8985	         4611 	
     8986	         4542 	
     8987	         4457 	
     8988	         4624 	
     8989	         4633 	
     8990	         4689 	
     8991	         4520 	
     8992	         4548 	
     8993	         4563 	
     8994	         4633 	
     8995	         4516 	
     8996	         4428 	
     8997	         4497 	
     8998	         4554 	
     8999	         4624 	
     9000	         4404 	
     9001	         4458 	
     9002	         4496 	
     9003	         4539 	
     9004	         4578 	
     9005	         4517 	
     9006	         4377 	
     9007	         4644 	
     9008	         4680 	
     9009	         4492 	
     9010	         4381 	
     9011	         4576 	
     9012	         4655 	
     9013	         4560 	
     9014	         4534 	
     9015	         4640 	
     9016	         4473 	
     9017	         4660 	
     9018	         4624 	
     9019	         4438 	
     9020	         4461 	
     9021	         4627 	
     9022	         4571 	
     9023	         4577 	
     9024	         4365 	
     9025	         4559 	
     9026	         4569 	
     9027	         4499 	
     9028	         4487 	
     9029	         4405 	
     9030	         4623 	
     9031	         4550 	
     9032	         4561 	
     9033	         4494 	
     9034	         4488 	
     9035	         4662 	
     9036	         4588 	
     9037	         4480 	
     9038	         4545 	
     9039	         4575 	
     9040	         4616 	
     9041	         4605 	
     9042	         4472 	
     9043	         4490 	
     9044	         4529 	
     9045	         4585 	
     9046	         4538 	
     9047	         4424 	
     9048	         4451 	
     9049	         4467 	
     9050	         4474 	
     9051	         4544 	
     9052	         4445 	
     9053	         4410 	
     9054	         4631 	
     9055	         4621 	
     9056	         4495 	
     9057	         4501 	
     9058	         4592 	
     9059	         4697 	
     9060	         4534 	
     9061	         4615 	
     9062	         4535 	
     9063	         4474 	
     9064	         4627 	
     9065	         4575 	
     9066	         4351 	
     9067	         4473 	
     9068	         4594 	
     9069	         4603 	
     9070	         4392 	
     9071	         4529 	
     9072	         4498 	
     9073	         4486 	
     9074	         4496 	
     9075	         4418 	
     9076	         4424 	
     9077	         4577 	
     9078	         4702 	
     9079	         4468 	
     9080	         4452 	
     9081	         4473 	
     9082	         4638 	
     9083	         4631 	
     9084	         4671 	
     9085	         4583 	
     9086	         4623 	
     9087	         4589 	
     9088	         4632 	
     9089	         4404 	
     9090	         4542 	
     9091	         4495 	
     9092	         4565 	
     9093	         4592 	
     9094	         4426 	
     9095	         4407 	
     9096	         4478 	
     9097	         4534 	
     9098	         4550 	
     9099	         4392 	
     9100	         4470 	
     9101	         4675 	
     9102	         4575 	
     9103	         4625 	
     9104	         4462 	
     9105	         4503 	
     9106	         4658 	
     9107	         4665 	
     9108	         4589 	
     9109	         4565 	
     9110	         4682 	
     9111	         4586 	
     9112	         4533 	
     9113	         4431 	
     9114	         4539 	
     9115	         4617 	
     9116	         4596 	
     9117	         4519 	
     9118	         4404 	
     9119	         4506 	
     9120	         4476 	
     9121	         4371 	
     9122	         4425 	
     9123	         4350 	
     9124	         4615 	
     9125	         4594 	
     9126	         4623 	
     9127	         4540 	
     9128	         4348 	
     9129	         4496 	
     9130	         4698 	
     9131	         4694 	
     9132	         4590 	
     9133	         4551 	
     9134	         4653 	
     9135	         4703 	
     9136	         4535 	
     9137	         4368 	
     9138	         4593 	
     9139	         4649 	
     9140	         4686 	
     9141	         4389 	
     9142	         4478 	
     9143	         4439 	
     9144	         4519 	
     9145	         4463 	
     9146	         4446 	
     9147	         4465 	
     9148	         4501 	
     9149	         4630 	
     9150	         4561 	
     9151	         4442 	
     9152	         4437 	
     9153	         4577 	
     9154	         4717 	
     9155	         4568 	
     9156	         4513 	
     9157	         4539 	
     9158	         4647 	
     9159	         4660 	
     9160	         4463 	
     9161	         4558 	
     9162	         4551 	
     9163	         4718 	
     9164	         4541 	
     9165	         4424 	
     9166	         4541 	
     9167	         4592 	
     9168	         4517 	
     9169	         4462 	
     9170	         4451 	
     9171	         4506 	
     9172	         4712 	
     9173	         4566 	
     9174	         4441 	
     9175	         4448 	
     9176	         4591 	
     9177	         4639 	
     9178	         4485 	
     9179	         4591 	
     9180	         4566 	
     9181	         4688 	
     9182	         4630 	
     9183	         4522 	
     9184	         4466 	
     9185	         4615 	
     9186	         4644 	
     9187	         4555 	
     9188	         4424 	
     9189	         4517 	
     9190	         4527 	
     9191	         4583 	
     9192	         4531 	
     9193	         4326 	
     9194	         4437 	
     9195	         4608 	
     9196	         4726 	
     9197	         4447 	
     9198	         4364 	
     9199	         4543 	
     9200	         4655 	
     9201	         4614 	
     9202	         4554 	
     9203	         4686 	
     9204	         4656 	
     9205	         4619 	
     9206	         4382 	
     9207	         4400 	
     9208	         4541 	
     9209	         4664 	
     9210	         4631 	
     9211	         4555 	
     9212	         4472 	
     9213	         4486 	
     9214	         4483 	
     9215	         4470 	
     9216	         4486 	
     9217	         4352 	
     9218	         4570 	
     9219	         4605 	
     9220	         4560 	
     9221	         4426 	
     9222	         4399 	
     9223	         4563 	
     9224	         4715 	
     9225	         4535 	
     9226	         4582 	
     9227	         4648 	
     9228	         4706 	
     9229	         4721 	
     9230	         4395 	
     9231	         4509 	
     9232	         4496 	
     9233	         4582 	
     9234	         4567 	
     9235	         4583 	
     9236	         4511 	
     9237	         4562 	
     9238	         4573 	
     9239	         4518 	
     9240	         4402 	
     9241	         4380 	
     9242	         4590 	
     9243	         4662 	
     9244	         4585 	
     9245	         4493 	
     9246	         4399 	
     9247	         4562 	
     9248	         4655 	
     9249	         4652 	
     9250	         4659 	
     9251	         4637 	
     9252	         4693 	
     9253	         4511 	
     9254	         4424 	
     9255	         4510 	
     9256	         4571 	
     9257	         4637 	
     9258	         4490 	
     9259	         4328 	
     9260	         4531 	
     9261	         4542 	
     9262	         4505 	
     9263	         4564 	
     9264	         4389 	
     9265	         4538 	
     9266	         4639 	
     9267	         4631 	
     9268	         4552 	
     9269	         4400 	
     9270	         4578 	
     9271	         4714 	
     9272	         4621 	
     9273	         4556 	
     9274	         4513 	
     9275	         4666 	
     9276	         4665 	
     9277	         4514 	
     9278	         4451 	
     9279	         4507 	
     9280	         4638 	
     9281	         4642 	
     9282	         4457 	
     9283	         4415 	
     9284	         4468 	
     9285	         4517 	
     9286	         4578 	
     9287	         4387 	
     9288	         4453 	
     9289	         4568 	
     9290	         4605 	
     9291	         4537 	
     9292	         4464 	
     9293	         4486 	
     9294	         4700 	
     9295	         4563 	
     9296	         4567 	
     9297	         4566 	
     9298	         4592 	
     9299	         4639 	
     9300	         4641 	
     9301	         4379 	
     9302	         4562 	
     9303	         4570 	
     9304	         4636 	
     9305	         4487 	
     9306	         4409 	
     9307	         4445 	
     9308	         4466 	
     9309	         4593 	
     9310	         4509 	
     9311	         4492 	
     9312	         4461 	
     9313	         4698 	
     9314	         4620 	
     9315	         4517 	
     9316	         4483 	
     9317	         4684 	
     9318	         4591 	
     9319	         4603 	
     9320	         4539 	
     9321	         4731 	
     9322	         4705 	
     9323	         4666 	
     9324	         4486 	
     9325	         4448 	
     9326	         4577 	
     9327	         4702 	
     9328	         4571 	
     9329	         4445 	
     9330	         4511 	
     9331	         4599 	
     9332	         4513 	
     9333	         4520 	
     9334	         4454 	
     9335	         4365 	
     9336	         4655 	
     9337	         4619 	
     9338	         4453 	
     9339	         4455 	
     9340	         4577 	
     9341	         4696 	
     9342	         4558 	
     9343	         4613 	
     9344	         4670 	
     9345	         4587 	
     9346	         4601 	
     9347	         4516 	
     9348	         4478 	
     9349	         4542 	
     9350	         4683 	
     9351	         4619 	
     9352	         4449 	
     9353	         4418 	
     9354	         4535 	
     9355	         4557 	
     9356	         4523 	
     9357	         4477 	
     9358	         4402 	
     9359	         4559 	
     9360	         4696 	
     9361	         4533 	
     9362	         4531 	
     9363	         4421 	
     9364	         4615 	
     9365	         4659 	
     9366	         4679 	
     9367	         4624 	
     9368	         4679 	
     9369	         4743 	
     9370	         4641 	
     9371	         4384 	
     9372	         4592 	
     9373	         4479 	
     9374	         4739 	
     9375	         4655 	
     9376	         4389 	
     9377	         4432 	
     9378	         4497 	
     9379	         4565 	
     9380	         4466 	
     9381	         4451 	
     9382	         4540 	
     9383	         4698 	
     9384	         4580 	
     9385	         4544 	
     9386	         4448 	
     9387	         4544 	
     9388	         4710 	
     9389	         4660 	
     9390	         4522 	
     9391	         4609 	
     9392	         4616 	
     9393	         4642 	
     9394	         4520 	
     9395	         4390 	
     9396	         4525 	
     9397	         4427 	
     9398	         4620 	
     9399	         4428 	
     9400	         4386 	
     9401	         4454 	
     9402	         4560 	
     9403	         4470 	
     9404	         4501 	
     9405	         4314 	
     9406	         4481 	
     9407	         4628 	
     9408	         4559 	
     9409	         4463 	
     9410	         4431 	
     9411	         4507 	
     9412	         4602 	
     9413	         4616 	
     9414	         4637 	
     9415	         4615 	
     9416	         4635 	
     9417	         4627 	
     9418	         4463 	
     9419	         4518 	
     9420	         4630 	
     9421	         4661 	
     9422	         4504 	
     9423	         4405 	
     9424	         4446 	
     9425	         4488 	
     9426	         4391 	
     9427	         4486 	
     9428	         4453 	
     9429	         4407 	
     9430	         4599 	
     9431	         4715 	
     9432	         4465 	
     9433	         4432 	
     9434	         4557 	
     9435	         4662 	
     9436	         4608 	
     9437	         4610 	
     9438	         4554 	
     9439	         4583 	
     9440	         4581 	
     9441	         4581 	
     9442	         4447 	
     9443	         4556 	
     9444	         4664 	
     9445	         4726 	
     9446	         4505 	
     9447	         4445 	
     9448	         4497 	
     9449	         4499 	
     9450	         4513 	
     9451	         4523 	
     9452	         4518 	
     9453	         4607 	
     9454	         4623 	
     9455	         4575 	
     9456	         4456 	
     9457	         4469 	
     9458	         4759 	
     9459	         4620 	
     9460	         4615 	
     9461	         4592 	
     9462	         4634 	
     9463	         4727 	
     9464	         4641 	
     9465	         4440 	
     9466	         4456 	
     9467	         4530 	
     9468	         4706 	
     9469	         4465 	
     9470	         4515 	
     9471	         4422 	
     9472	         4515 	
     9473	         4532 	
     9474	         4570 	
     9475	         4420 	
     9476	         4528 	
     9477	         4670 	
     9478	         4585 	
     9479	         4509 	
     9480	         4434 	
     9481	         4519 	
     9482	         4684 	
     9483	         4697 	
     9484	         4648 	
     9485	         4627 	
     9486	         4603 	
     9487	         4543 	
     9488	         4484 	
     9489	         4388 	
     9490	         4550 	
     9491	         4655 	
     9492	         4614 	
     9493	         4381 	
     9494	         4495 	
     9495	         4439 	
     9496	         4573 	
     9497	         4516 	
     9498	         4349 	
     9499	         4442 	
     9500	         4552 	
     9501	         4609 	
     9502	         4566 	
     9503	         4449 	
     9504	         4517 	
     9505	         4641 	
     9506	         4598 	
     9507	         4552 	
     9508	         4562 	
     9509	         4623 	
     9510	         4736 	
     9511	         4532 	
     9512	         4426 	
     9513	         4506 	
     9514	         4469 	
     9515	         4688 	
     9516	         4680 	
     9517	         4397 	
     9518	         4470 	
     9519	         4502 	
     9520	         4520 	
     9521	         4448 	
     9522	         4399 	
     9523	         4484 	
     9524	         4651 	
     9525	         4580 	
     9526	         4510 	
     9527	         4424 	
     9528	         4471 	
     9529	         4628 	
     9530	         4710 	
     9531	         4532 	
     9532	         4712 	
     9533	         4650 	
     9534	         4713 	
     9535	         4542 	
     9536	         4387 	
     9537	         4672 	
     9538	         4673 	
     9539	         4610 	
     9540	         4420 	
     9541	         4366 	
     9542	         4592 	
     9543	         4432 	
     9544	         4474 	
     9545	         4441 	
     9546	         4552 	
     9547	         4533 	
     9548	         4714 	
     9549	         4565 	
     9550	         4683 	
     9551	         4321 	
     9552	         4661 	
     9553	         4647 	
     9554	         4619 	
     9555	         4624 	
     9556	         4571 	
     9557	         4558 	
     9558	         4717 	
     9559	         4451 	
     9560	         4490 	
     9561	         4404 	
     9562	         4630 	
     9563	         4550 	
     9564	         4410 	
     9565	         4522 	
     9566	         4501 	
     9567	         4475 	
     9568	         4544 	
     9569	         4533 	
     9570	         4504 	
     9571	         4598 	
     9572	         4649 	
     9573	         4555 	
     9574	         4486 	
     9575	         4521 	
     9576	         4673 	
     9577	         4569 	
     9578	         4563 	
     9579	         4528 	
     9580	         4606 	
     9581	         4640 	
     9582	         4632 	
     9583	         4377 	
     9584	         4514 	
     9585	         4551 	
     9586	         4688 	
     9587	         4490 	
     9588	         4460 	
     9589	         4531 	
     9590	         4596 	
     9591	         4635 	
     9592	         4554 	
     9593	         4519 	
     9594	         4502 	
     9595	         4656 	
     9596	         4591 	
     9597	         4471 	
     9598	         4458 	
     9599	         4588 	
     9600	         4560 	
     9601	         4618 	
     9602	         4611 	
     9603	         4446 	
     9604	         4572 	
     9605	         4684 	
     9606	         4471 	
     9607	         4394 	
     9608	         4528 	
     9609	         4631 	
     9610	         4459 	
     9611	         4462 	
     9612	         4560 	
     9613	         4532 	
     9614	         4624 	
     9615	         4440 	
     9616	         4490 	
     9617	         4372 	
     9618	         4548 	
     9619	         4552 	
     9620	         4532 	
     9621	         4437 	
     9622	         4576 	
     9623	         4590 	
     9624	         4605 	
     9625	         4557 	
     9626	         4606 	
     9627	         4611 	
     9628	         4757 	
     9629	         4521 	
     9630	         4428 	
     9631	         4530 	
     9632	         4663 	
     9633	         4629 	
     9634	         4427 	
     9635	         4488 	
     9636	         4542 	
     9637	         4518 	
     9638	         4558 	
     9639	         4451 	
     9640	         4392 	
     9641	         4538 	
     9642	         4644 	
     9643	         4584 	
     9644	         4527 	
     9645	         4519 	
     9646	         4616 	
     9647	         4694 	
     9648	         4659 	
     9649	         4507 	
     9650	         4622 	
     9651	         4640 	
     9652	         4589 	
     9653	         4527 	
     9654	         4512 	
     9655	         4529 	
     9656	         4629 	
     9657	         4555 	
     9658	         4448 	
     9659	         4516 	
     9660	         4513 	
     9661	         4518 	
     9662	         4548 	
     9663	         4397 	
     9664	         4486 	
     9665	         4689 	
     9666	         4633 	
     9667	         4491 	
     9668	         4443 	
     9669	         4481 	
     9670	         4628 	
     9671	         4694 	
     9672	         4481 	
     9673	         4634 	
     9674	         4654 	
     9675	         4654 	
     9676	         4466 	
     9677	         4434 	
     9678	         4422 	
     9679	         4534 	
     9680	         4655 	
     9681	         4455 	
     9682	         4390 	
     9683	         4499 	
     9684	         4507 	
     9685	         4481 	
     9686	         4468 	
     9687	         4427 	
     9688	         4503 	
     9689	         4697 	
     9690	         4541 	
     9691	         4609 	
     9692	         4427 	
     9693	         4504 	
     9694	         4601 	
     9695	         4693 	
     9696	         4602 	
     9697	         4586 	
     9698	         4660 	
     9699	         4612 	
     9700	         4464 	
     9701	         4488 	
     9702	         4525 	
     9703	         4636 	
     9704	         4687 	
     9705	         4435 	
     9706	         4538 	
     9707	         4454 	
     9708	         4431 	
     9709	         4454 	
     9710	         4565 	
     9711	         4369 	
     9712	         4593 	
     9713	         4701 	
     9714	         4491 	
     9715	         4555 	
     9716	         4476 	
     9717	         4635 	
     9718	         4650 	
     9719	         4629 	
     9720	         4549 	
     9721	         4556 	
     9722	         4660 	
     9723	         4649 	
     9724	         4463 	
     9725	         4589 	
     9726	         4655 	
     9727	         4690 	
     9728	         4504 	
     9729	         4500 	
     9730	         4511 	
     9731	         4552 	
     9732	         4567 	
     9733	         4497 	
     9734	         4369 	
     9735	         4421 	
     9736	         4608 	
     9737	         4535 	
     9738	         4548 	
     9739	         4460 	
     9740	         4587 	
     9741	         4621 	
     9742	         4589 	
     9743	         4489 	
     9744	         4520 	
     9745	         4501 	
     9746	         4731 	
     9747	         4553 	
     9748	         4381 	
     9749	         4495 	
     9750	         4639 	
     9751	         4623 	
     9752	         4381 	
     9753	         4503 	
     9754	         4564 	
     9755	         4579 	
     9756	         4448 	
     9757	         4549 	
     9758	         4443 	
     9759	         4564 	
     9760	         4609 	
     9761	         4482 	
     9762	         4518 	
     9763	         4587 	
     9764	         4597 	
     9765	         4717 	
     9766	         4603 	
     9767	         4499 	
     9768	         4616 	
     9769	         4677 	
     9770	         4574 	
     9771	         4462 	
     9772	         4542 	
     9773	         4571 	
     9774	         4685 	
     9775	         4530 	
     9776	         4548 	
     9777	         4503 	
     9778	         4543 	
     9779	         4512 	
     9780	         4406 	
     9781	         4397 	
     9782	         4480 	
     9783	         4668 	
     9784	         4432 	
     9785	         4520 	
     9786	         4409 	
     9787	         4538 	
     9788	         4639 	
     9789	         4643 	
     9790	         4580 	
     9791	         4591 	
     9792	         4661 	
     9793	         4675 	
     9794	         4481 	
     9795	         4478 	
     9796	         4518 	
     9797	         4616 	
     9798	         4644 	
     9799	         4332 	
     9800	         4420 	
     9801	         4556 	
     9802	         4497 	
     9803	         4601 	
     9804	         4430 	
     9805	         4527 	
     9806	         4597 	
     9807	         4626 	
     9808	         4538 	
     9809	         4514 	
     9810	         4399 	
     9811	         4758 	
     9812	         4637 	
     9813	         4601 	
     9814	         4638 	
     9815	         4685 	
     9816	         4659 	
     9817	         4526 	
     9818	         4351 	
     9819	         4507 	
     9820	         4542 	
     9821	         4578 	
     9822	         4593 	
     9823	         4413 	
     9824	         4425 	
     9825	         4458 	
     9826	         4551 	
     9827	         4537 	
     9828	         4372 	
     9829	         4535 	
     9830	         4585 	
     9831	         4726 	
     9832	         4555 	
     9833	         4438 	
     9834	         4510 	
     9835	         4608 	
     9836	         4627 	
     9837	         4538 	
     9838	         4617 	
     9839	         4502 	
     9840	         4594 	
     9841	         4588 	
     9842	         4434 	
     9843	         4440 	
     9844	         4581 	
     9845	         4723 	
     9846	         4380 	
     9847	         4444 	
     9848	         4462 	
     9849	         4697 	
     9850	         4604 	
     9851	         4603 	
     9852	         4406 	
     9853	         4514 	
     9854	         4605 	
     9855	         4490 	
     9856	         4409 	
     9857	         4487 	
     9858	         4539 	
     9859	         4582 	
     9860	         4609 	
     9861	         4560 	
     9862	         4599 	
     9863	         4769 	
     9864	         4660 	
     9865	         4525 	
     9866	         4516 	
     9867	         4406 	
     9868	         4574 	
     9869	         4612 	
     9870	         4390 	
     9871	         4394 	
     9872	         4509 	
     9873	         4424 	
     9874	         4578 	
     9875	         4462 	
     9876	         4360 	
     9877	         4574 	
     9878	         4669 	
     9879	         4514 	
     9880	         4406 	
     9881	         4679 	
     9882	         4608 	
     9883	         4558 	
     9884	         4521 	
     9885	         4577 	
     9886	         4543 	
     9887	         4717 	
     9888	         4625 	
     9889	         4394 	
     9890	         4566 	
     9891	         4636 	
     9892	         4662 	
     9893	         4383 	
     9894	         4432 	
     9895	         4526 	
     9896	         4542 	
     9897	         4436 	
     9898	         4479 	
     9899	         4503 	
     9900	         4573 	
     9901	         4571 	
     9902	         4452 	
     9903	         4305 	
     9904	         4651 	
     9905	         4609 	
     9906	         4666 	
     9907	         4577 	
     9908	         4549 	
     9909	         4491 	
     9910	         4500 	
     9911	         4680 	
     9912	         4456 	
     9913	         4390 	
     9914	         4636 	
     9915	         4715 	
     9916	         4428 	
     9917	         4437 	
     9918	         4460 	
     9919	         4483 	
     9920	         4541 	
     9921	         4597 	
     9922	         4445 	
     9923	         4639 	
     9924	         4637 	
     9925	         4520 	
     9926	         4468 	
     9927	         4561 	
     9928	         4660 	
     9929	         4598 	
     9930	         4671 	
     9931	         4659 	
     9932	         4502 	
     9933	         4624 	
     9934	         4657 	
     9935	         4594 	
     9936	         4411 	
     9937	         4571 	
     9938	         4535 	
     9939	         4535 	
     9940	         4507 	
     9941	         4358 	
     9942	         4530 	
     9943	         4436 	
     9944	         4458 	
     9945	         4454 	
     9946	         4374 	
     9947	         4688 	
     9948	         4514 	
     9949	         4572 	
     9950	         4473 	
     9951	         4462 	
     9952	         4665 	
     9953	         4606 	
     9954	         4576 	
     9955	         4563 	
     9956	         4634 	
     9957	         4594 	
     9958	         4469 	
     9959	         4320 	
     9960	         4453 	
     9961	         4611 	
     9962	         4608 	
     9963	         4536 	
     9964	         4491 	
     9965	         4571 	
     9966	         4495 	
     9967	         4473 	
     9968	         4516 	
     9969	         4469 	
     9970	         4442 	
     9971	         4757 	
     9972	         4667 	
     9973	         4473 	
     9974	         4357 	
     9975	         4532 	
     9976	         4652 	
     9977	         4476 	
     9978	         4558 	
     9979	         4706 	
     9980	         4620 	
     9981	         4685 	
     9982	         4563 	
     9983	         4391 	
     9984	         4617 	
     9985	         4544 	
     9986	         4656 	
     9987	         4434 	
     9988	         4458 	
     9989	         4458 	
     9990	         4421 	
     9991	         4522 	
     9992	         4473 	
     9993	         4407 	
     9994	         4658 	
     9995	         4624 	
     9996	         4520 	
     9997	         4306 	
     9998	         4589 	
     9999	         4661 	
    10000	         4695 	
