Thorlabs Single Photon Counter Data Export

Date (YYYY-MM-DD):	2026-05-04
Time (HH:MM:SS):	18:53:46
Device Name:	SPCM50A
Serial Number:	M00296614
GUI Revision:	1.0 Build 23
Driver Revision:	1.1.0
Firmware Revision:	1.0.0

Application settings:
Operating Mode:	Free Running Timed Counter
Bin Length [ms]:	1
Time between Bins [ms]:	0.001
Pulse Blind Time [ns]:	0
Trigger Edge:	non-applicable
Array Measurement:	Yes
Array Measurement Continuously:	No
Bins per Array:	10000
Active APD Gating:	No
Fan Off:	No

Bin Number 	Counts per Bin 	Remarks
        1	         2760 	
        2	         2977 	
        3	         2644 	
        4	         2617 	
        5	         2715 	
        6	         2618 	
        7	         2727 	
        8	         2676 	
        9	         2689 	
       10	         2785 	
       11	         2937 	
       12	         2794 	
       13	         2672 	
       14	         2680 	
       15	         2925 	
       16	         2976 	
       17	         2768 	
       18	         2786 	
       19	         2804 	
       20	         2870 	
       21	         2939 	
       22	         2781 	
       23	         2653 	
       24	         2859 	
       25	         2930 	
       26	         2729 	
       27	         2646 	
       28	         2690 	
       29	         2732 	
       30	         2765 	
       31	         2660 	
       32	         2607 	
       33	         2690 	
       34	         3003 	
       35	         2806 	
       36	         2747 	
       37	         2624 	
       38	         2843 	
       39	         3054 	
       40	         2888 	
       41	         2864 	
       42	         2798 	
       43	         2906 	
       44	         2940 	
       45	         2809 	
       46	         2692 	
       47	         2638 	
       48	         2808 	
       49	         2955 	
       50	         2676 	
       51	         2682 	
       52	         2720 	
       53	         2697 	
       54	         2722 	
       55	         2758 	
       56	         2652 	
       57	         2922 	
       58	         2935 	
       59	         2713 	
       60	         2663 	
       61	         2690 	
       62	         2951 	
       63	         2925 	
       64	         2798 	
       65	         2800 	
       66	         2758 	
       67	         2850 	
       68	         2864 	
       69	         2751 	
       70	         2623 	
       71	         2768 	
       72	         2919 	
       73	         2881 	
       74	         2646 	
       75	         2624 	
       76	         2661 	
       77	         2705 	
       78	         2732 	
       79	         2714 	
       80	         2735 	
       81	         2898 	
       82	         2811 	
       83	         2659 	
       84	         2733 	
       85	         2854 	
       86	         2888 	
       87	         2861 	
       88	         2780 	
       89	         2788 	
       90	         2793 	
       91	         2848 	
       92	         2811 	
       93	         2721 	
       94	         2646 	
       95	         2808 	
       96	         2973 	
       97	         2861 	
       98	         2688 	
       99	         2610 	
      100	         2661 	
      101	         2695 	
      102	         2718 	
      103	         2646 	
      104	         2806 	
      105	         3007 	
      106	         2795 	
      107	         2687 	
      108	         2681 	
      109	         2910 	
      110	         2916 	
      111	         2858 	
      112	         2765 	
      113	         2754 	
      114	         2896 	
      115	         2916 	
      116	         2839 	
      117	         2673 	
      118	         2718 	
      119	         2746 	
      120	         2983 	
      121	         2752 	
      122	         2598 	
      123	         2689 	
      124	         2703 	
      125	         2733 	
      126	         2665 	
      127	         2711 	
      128	         2999 	
      129	         2939 	
      130	         2698 	
      131	         2607 	
      132	         2743 	
      133	         2908 	
      134	         2850 	
      135	         2792 	
      136	         2829 	
      137	         2847 	
      138	         2880 	
      139	         2945 	
      140	         2758 	
      141	         2663 	
      142	         2737 	
      143	         2914 	
      144	         2942 	
      145	         2606 	
      146	         2615 	
      147	         2688 	
      148	         2794 	
      149	         2684 	
      150	         2579 	
      151	         2737 	
      152	         2885 	
      153	         2846 	
      154	         2676 	
      155	         2726 	
      156	         2881 	
      157	         2827 	
      158	         2760 	
      159	         2656 	
      160	         2752 	
      161	         2799 	
      162	         2833 	
      163	         2938 	
      164	         2671 	
      165	         2685 	
      166	         2755 	
      167	         2897 	
      168	         2748 	
      169	         2650 	
      170	         2639 	
      171	         2737 	
      172	         2675 	
      173	         2717 	
      174	         2714 	
      175	         2804 	
      176	         2920 	
      177	         2714 	
      178	         2657 	
      179	         2777 	
      180	         2814 	
      181	         2825 	
      182	         2782 	
      183	         2658 	
      184	         2669 	
      185	         2905 	
      186	         2874 	
      187	         2672 	
      188	         2694 	
      189	         2761 	
      190	         2941 	
      191	         2788 	
      192	         2667 	
      193	         2725 	
      194	         2641 	
      195	         2655 	
      196	         2713 	
      197	         2669 	
      198	         2818 	
      199	         2941 	
      200	         2752 	
      201	         2707 	
      202	         2797 	
      203	         3065 	
      204	         2969 	
      205	         2843 	
      206	         2740 	
      207	         2732 	
      208	         2824 	
      209	         2881 	
      210	         2838 	
      211	         2698 	
      212	         2723 	
      213	         2804 	
      214	         2939 	
      215	         2857 	
      216	         2721 	
      217	         2651 	
      218	         2628 	
      219	         2715 	
      220	         2667 	
      221	         2801 	
      222	         2980 	
      223	         2963 	
      224	         2676 	
      225	         2568 	
      226	         2641 	
      227	         2894 	
      228	         2964 	
      229	         2926 	
      230	         2896 	
      231	         2858 	
      232	         2888 	
      233	         2964 	
      234	         2679 	
      235	         2697 	
      236	         2671 	
      237	         2887 	
      238	         2936 	
      239	         2694 	
      240	         2609 	
      241	         2693 	
      242	         2630 	
      243	         2697 	
      244	         2590 	
      245	         2772 	
      246	         2979 	
      247	         2780 	
      248	         2653 	
      249	         2729 	
      250	         2844 	
      251	         2941 	
      252	         2930 	
      253	         2873 	
      254	         2795 	
      255	         2846 	
      256	         2915 	
      257	         2887 	
      258	         2734 	
      259	         2669 	
      260	         2763 	
      261	         2910 	
      262	         2851 	
      263	         2684 	
      264	         2588 	
      265	         2747 	
      266	         2656 	
      267	         2628 	
      268	         2705 	
      269	         2799 	
      270	         2909 	
      271	         2809 	
      272	         2683 	
      273	         2629 	
      274	         2920 	
      275	         2971 	
      276	         2820 	
      277	         2775 	
      278	         2799 	
      279	         2809 	
      280	         2921 	
      281	         2865 	
      282	         2521 	
      283	         2772 	
      284	         2852 	
      285	         2955 	
      286	         2723 	
      287	         2681 	
      288	         2730 	
      289	         2721 	
      290	         2720 	
      291	         2684 	
      292	         2789 	
      293	         2896 	
      294	         2816 	
      295	         2669 	
      296	         2713 	
      297	         2912 	
      298	         2827 	
      299	         2768 	
      300	         2632 	
      301	         2691 	
      302	         2661 	
      303	         2808 	
      304	         2853 	
      305	         2750 	
      306	         2604 	
      307	         2796 	
      308	         2866 	
      309	         2753 	
      310	         2652 	
      311	         2753 	
      312	         2632 	
      313	         2721 	
      314	         2622 	
      315	         2562 	
      316	         2882 	
      317	         2922 	
      318	         2864 	
      319	         2664 	
      320	         2650 	
      321	         2881 	
      322	         2894 	
      323	         2839 	
      324	         2783 	
      325	         2766 	
      326	         2790 	
      327	         2946 	
      328	         2799 	
      329	         2591 	
      330	         2728 	
      331	         2918 	
      332	         2843 	
      333	         2654 	
      334	         2699 	
      335	         2767 	
      336	         2635 	
      337	         2737 	
      338	         2657 	
      339	         2659 	
      340	         3021 	
      341	         2846 	
      342	         2744 	
      343	         2716 	
      344	         2781 	
      345	         2993 	
      346	         2894 	
      347	         2827 	
      348	         2813 	
      349	         2879 	
      350	         2851 	
      351	         2950 	
      352	         2720 	
      353	         2620 	
      354	         2683 	
      355	         2933 	
      356	         2869 	
      357	         2702 	
      358	         2623 	
      359	         2735 	
      360	         2660 	
      361	         2654 	
      362	         2738 	
      363	         3006 	
      364	         2817 	
      365	         2748 	
      366	         2742 	
      367	         2737 	
      368	         2916 	
      369	         2913 	
      370	         2928 	
      371	         2786 	
      372	         2810 	
      373	         2846 	
      374	         3055 	
      375	         2822 	
      376	         2651 	
      377	         2791 	
      378	         2824 	
      379	         2939 	
      380	         2722 	
      381	         2691 	
      382	         2669 	
      383	         2557 	
      384	         2711 	
      385	         2601 	
      386	         2763 	
      387	         2898 	
      388	         2869 	
      389	         2647 	
      390	         2607 	
      391	         2802 	
      392	         2874 	
      393	         2948 	
      394	         2856 	
      395	         2793 	
      396	         2894 	
      397	         2885 	
      398	         2890 	
      399	         2643 	
      400	         2728 	
      401	         2752 	
      402	         2827 	
      403	         2999 	
      404	         2749 	
      405	         2720 	
      406	         2717 	
      407	         2654 	
      408	         2633 	
      409	         2674 	
      410	         2720 	
      411	         2966 	
      412	         2846 	
      413	         2680 	
      414	         2638 	
      415	         2849 	
      416	         3008 	
      417	         2903 	
      418	         2821 	
      419	         2798 	
      420	         2829 	
      421	         2920 	
      422	         2886 	
      423	         2669 	
      424	         2590 	
      425	         2740 	
      426	         2982 	
      427	         2871 	
      428	         2572 	
      429	         2669 	
      430	         2689 	
      431	         2738 	
      432	         2639 	
      433	         2687 	
      434	         2857 	
      435	         2960 	
      436	         2710 	
      437	         2733 	
      438	         2741 	
      439	         2950 	
      440	         2795 	
      441	         2803 	
      442	         2743 	
      443	         2798 	
      444	         2855 	
      445	         2892 	
      446	         2858 	
      447	         2664 	
      448	         2605 	
      449	         2899 	
      450	         2936 	
      451	         2754 	
      452	         2721 	
      453	         2710 	
      454	         2684 	
      455	         2719 	
      456	         2696 	
      457	         2791 	
      458	         2935 	
      459	         2814 	
      460	         2646 	
      461	         2742 	
      462	         2947 	
      463	         2822 	
      464	         2727 	
      465	         2800 	
      466	         2706 	
      467	         2892 	
      468	         2904 	
      469	         2819 	
      470	         2617 	
      471	         2750 	
      472	         2896 	
      473	         2901 	
      474	         2718 	
      475	         2654 	
      476	         2668 	
      477	         2755 	
      478	         2601 	
      479	         2629 	
      480	         2847 	
      481	         2945 	
      482	         2805 	
      483	         2732 	
      484	         2661 	
      485	         2926 	
      486	         2945 	
      487	         2799 	
      488	         2786 	
      489	         2840 	
      490	         2891 	
      491	         2942 	
      492	         2933 	
      493	         2652 	
      494	         2713 	
      495	         2843 	
      496	         2861 	
      497	         3004 	
      498	         2678 	
      499	         2669 	
      500	         2611 	
      501	         2640 	
      502	         2614 	
      503	         2749 	
      504	         2911 	
      505	         2943 	
      506	         2710 	
      507	         2657 	
      508	         2702 	
      509	         2879 	
      510	         2939 	
      511	         2847 	
      512	         2805 	
      513	         2826 	
      514	         2868 	
      515	         2911 	
      516	         2952 	
      517	         2520 	
      518	         2680 	
      519	         2674 	
      520	         2988 	
      521	         2895 	
      522	         2659 	
      523	         2690 	
      524	         2608 	
      525	         2614 	
      526	         2577 	
      527	         2720 	
      528	         2864 	
      529	         2937 	
      530	         2687 	
      531	         2567 	
      532	         2813 	
      533	         2867 	
      534	         2897 	
      535	         2821 	
      536	         2752 	
      537	         2833 	
      538	         2825 	
      539	         2969 	
      540	         2782 	
      541	         2724 	
      542	         2737 	
      543	         2893 	
      544	         2965 	
      545	         2720 	
      546	         2641 	
      547	         2715 	
      548	         2592 	
      549	         2692 	
      550	         2576 	
      551	         2813 	
      552	         2912 	
      553	         2773 	
      554	         2697 	
      555	         2651 	
      556	         2871 	
      557	         2886 	
      558	         2913 	
      559	         2781 	
      560	         2764 	
      561	         2856 	
      562	         2926 	
      563	         2835 	
      564	         2623 	
      565	         2688 	
      566	         2790 	
      567	         2997 	
      568	         2827 	
      569	         2709 	
      570	         2644 	
      571	         2688 	
      572	         2626 	
      573	         2603 	
      574	         2713 	
      575	         2914 	
      576	         2948 	
      577	         2877 	
      578	         2728 	
      579	         2707 	
      580	         2917 	
      581	         2870 	
      582	         2651 	
      583	         2770 	
      584	         2687 	
      585	         2922 	
      586	         3031 	
      587	         2766 	
      588	         2632 	
      589	         2665 	
      590	         2887 	
      591	         2987 	
      592	         2698 	
      593	         2668 	
      594	         2615 	
      595	         2688 	
      596	         2635 	
      597	         2659 	
      598	         2804 	
      599	         2935 	
      600	         2784 	
      601	         2612 	
      602	         2726 	
      603	         2913 	
      604	         2953 	
      605	         2760 	
      606	         2713 	
      607	         2696 	
      608	         2788 	
      609	         2977 	
      610	         2850 	
      611	         2654 	
      612	         2725 	
      613	         2855 	
      614	         2850 	
      615	         2810 	
      616	         2694 	
      617	         2762 	
      618	         2680 	
      619	         2725 	
      620	         2624 	
      621	         2721 	
      622	         2885 	
      623	         2809 	
      624	         2736 	
      625	         2708 	
      626	         2974 	
      627	         2942 	
      628	         2807 	
      629	         2836 	
      630	         2713 	
      631	         2811 	
      632	         2964 	
      633	         2880 	
      634	         2689 	
      635	         2649 	
      636	         2845 	
      637	         2898 	
      638	         2896 	
      639	         2678 	
      640	         2724 	
      641	         2696 	
      642	         2738 	
      643	         2677 	
      644	         2644 	
      645	         2958 	
      646	         2895 	
      647	         2757 	
      648	         2669 	
      649	         2725 	
      650	         2880 	
      651	         2969 	
      652	         2916 	
      653	         2719 	
      654	         2832 	
      655	         2924 	
      656	         2928 	
      657	         2796 	
      658	         2583 	
      659	         2719 	
      660	         2784 	
      661	         2977 	
      662	         2877 	
      663	         2688 	
      664	         2640 	
      665	         2718 	
      666	         2659 	
      667	         2650 	
      668	         2816 	
      669	         2930 	
      670	         2844 	
      671	         2678 	
      672	         2652 	
      673	         2711 	
      674	         2968 	
      675	         2856 	
      676	         2808 	
      677	         2858 	
      678	         2848 	
      679	         2859 	
      680	         2933 	
      681	         2841 	
      682	         2615 	
      683	         2744 	
      684	         2760 	
      685	         2938 	
      686	         2738 	
      687	         2706 	
      688	         2678 	
      689	         2619 	
      690	         2623 	
      691	         2599 	
      692	         2773 	
      693	         2935 	
      694	         2843 	
      695	         2667 	
      696	         2639 	
      697	         2812 	
      698	         2918 	
      699	         2879 	
      700	         2794 	
      701	         2728 	
      702	         2720 	
      703	         2837 	
      704	         2922 	
      705	         2744 	
      706	         2660 	
      707	         2791 	
      708	         2914 	
      709	         2819 	
      710	         2600 	
      711	         2648 	
      712	         2611 	
      713	         2754 	
      714	         2632 	
      715	         2690 	
      716	         2849 	
      717	         2941 	
      718	         2742 	
      719	         2757 	
      720	         2817 	
      721	         2981 	
      722	         2782 	
      723	         2661 	
      724	         2693 	
      725	         2666 	
      726	         2739 	
      727	         2865 	
      728	         2909 	
      729	         2692 	
      730	         2704 	
      731	         2808 	
      732	         2835 	
      733	         2622 	
      734	         2676 	
      735	         2710 	
      736	         2665 	
      737	         2666 	
      738	         2612 	
      739	         2760 	
      740	         2898 	
      741	         2806 	
      742	         2699 	
      743	         2691 	
      744	         2929 	
      745	         2900 	
      746	         2795 	
      747	         2687 	
      748	         2682 	
      749	         2626 	
      750	         2926 	
      751	         2895 	
      752	         2734 	
      753	         2753 	
      754	         2786 	
      755	         2840 	
      756	         2664 	
      757	         2598 	
      758	         2717 	
      759	         2682 	
      760	         2597 	
      761	         2622 	
      762	         2715 	
      763	         2825 	
      764	         2904 	
      765	         2691 	
      766	         2698 	
      767	         2805 	
      768	         2927 	
      769	         2817 	
      770	         2804 	
      771	         2729 	
      772	         2737 	
      773	         2870 	
      774	         2914 	
      775	         2865 	
      776	         2597 	
      777	         2644 	
      778	         2808 	
      779	         2858 	
      780	         2670 	
      781	         2614 	
      782	         2686 	
      783	         2715 	
      784	         2613 	
      785	         2704 	
      786	         2843 	
      787	         2984 	
      788	         2817 	
      789	         2652 	
      790	         2676 	
      791	         2933 	
      792	         2881 	
      793	         2823 	
      794	         2770 	
      795	         2757 	
      796	         2834 	
      797	         2928 	
      798	         2890 	
      799	         2709 	
      800	         2620 	
      801	         2747 	
      802	         2912 	
      803	         2909 	
      804	         2646 	
      805	         2653 	
      806	         2655 	
      807	         2627 	
      808	         2637 	
      809	         2645 	
      810	         2798 	
      811	         2883 	
      812	         2777 	
      813	         2698 	
      814	         2723 	
      815	         2930 	
      816	         2832 	
      817	         2748 	
      818	         2764 	
      819	         2768 	
      820	         2840 	
      821	         2869 	
      822	         3047 	
      823	         2762 	
      824	         2676 	
      825	         2834 	
      826	         2880 	
      827	         2772 	
      828	         2635 	
      829	         2666 	
      830	         2687 	
      831	         2780 	
      832	         2654 	
      833	         2649 	
      834	         2951 	
      835	         2968 	
      836	         2722 	
      837	         2588 	
      838	         2886 	
      839	         2941 	
      840	         2876 	
      841	         2638 	
      842	         2716 	
      843	         2673 	
      844	         2834 	
      845	         2980 	
      846	         2780 	
      847	         2633 	
      848	         2750 	
      849	         2899 	
      850	         2836 	
      851	         2640 	
      852	         2746 	
      853	         2716 	
      854	         2669 	
      855	         2675 	
      856	         2669 	
      857	         2820 	
      858	         2916 	
      859	         2723 	
      860	         2633 	
      861	         2680 	
      862	         2895 	
      863	         2796 	
      864	         2738 	
      865	         2727 	
      866	         2700 	
      867	         2793 	
      868	         2896 	
      869	         2894 	
      870	         2692 	
      871	         2757 	
      872	         2896 	
      873	         2944 	
      874	         2717 	
      875	         2678 	
      876	         2636 	
      877	         2740 	
      878	         2747 	
      879	         2718 	
      880	         2772 	
      881	         2894 	
      882	         2777 	
      883	         2645 	
      884	         2708 	
      885	         2918 	
      886	         2862 	
      887	         2740 	
      888	         2716 	
      889	         2668 	
      890	         2726 	
      891	         2751 	
      892	         2867 	
      893	         2753 	
      894	         2654 	
      895	         2771 	
      896	         2939 	
      897	         2882 	
      898	         2650 	
      899	         2616 	
      900	         2582 	
      901	         2656 	
      902	         2694 	
      903	         2622 	
      904	         2777 	
      905	         2879 	
      906	         2651 	
      907	         2617 	
      908	         2825 	
      909	         2906 	
      910	         2809 	
      911	         2707 	
      912	         2690 	
      913	         2725 	
      914	         2830 	
      915	         2956 	
      916	         2875 	
      917	         2666 	
      918	         2678 	
      919	         2939 	
      920	         2974 	
      921	         2729 	
      922	         2617 	
      923	         2595 	
      924	         2675 	
      925	         2660 	
      926	         2674 	
      927	         2859 	
      928	         2969 	
      929	         2872 	
      930	         2763 	
      931	         2675 	
      932	         2940 	
      933	         2884 	
      934	         2830 	
      935	         2831 	
      936	         2710 	
      937	         2901 	
      938	         2983 	
      939	         2975 	
      940	         2719 	
      941	         2712 	
      942	         2756 	
      943	         2942 	
      944	         3028 	
      945	         2850 	
      946	         2586 	
      947	         2610 	
      948	         2648 	
      949	         2591 	
      950	         2738 	
      951	         2993 	
      952	         2926 	
      953	         2685 	
      954	         2652 	
      955	         2689 	
      956	         2912 	
      957	         2908 	
      958	         2846 	
      959	         2774 	
      960	         2769 	
      961	         2768 	
      962	         2881 	
      963	         2928 	
      964	         2724 	
      965	         2751 	
      966	         2653 	
      967	         2804 	
      968	         2892 	
      969	         2689 	
      970	         2564 	
      971	         2695 	
      972	         2666 	
      973	         2653 	
      974	         2684 	
      975	         2846 	
      976	         2888 	
      977	         2765 	
      978	         2652 	
      979	         2709 	
      980	         2954 	
      981	         2857 	
      982	         2663 	
      983	         2693 	
      984	         2617 	
      985	         2850 	
      986	         2910 	
      987	         2816 	
      988	         2623 	
      989	         2679 	
      990	         2709 	
      991	         2931 	
      992	         2775 	
      993	         2679 	
      994	         2660 	
      995	         2632 	
      996	         2694 	
      997	         2715 	
      998	         2676 	
      999	         2849 	
     1000	         2845 	
     1001	         2676 	
     1002	         2652 	
     1003	         2905 	
     1004	         2912 	
     1005	         2798 	
     1006	         2712 	
     1007	         2738 	
     1008	         2781 	
     1009	         2925 	
     1010	         2938 	
     1011	         2699 	
     1012	         2650 	
     1013	         2753 	
     1014	         2889 	
     1015	         2782 	
     1016	         2562 	
     1017	         2621 	
     1018	         2657 	
     1019	         2672 	
     1020	         2590 	
     1021	         2645 	
     1022	         2863 	
     1023	         2956 	
     1024	         2607 	
     1025	         2620 	
     1026	         2886 	
     1027	         2895 	
     1028	         2755 	
     1029	         2682 	
     1030	         2669 	
     1031	         2749 	
     1032	         2808 	
     1033	         2933 	
     1034	         2860 	
     1035	         2652 	
     1036	         2666 	
     1037	         2872 	
     1038	         2913 	
     1039	         2678 	
     1040	         2642 	
     1041	         2740 	
     1042	         2670 	
     1043	         2672 	
     1044	         2634 	
     1045	         2872 	
     1046	         2954 	
     1047	         2768 	
     1048	         2644 	
     1049	         2766 	
     1050	         2996 	
     1051	         2922 	
     1052	         2818 	
     1053	         2746 	
     1054	         2750 	
     1055	         2851 	
     1056	         2834 	
     1057	         2872 	
     1058	         2744 	
     1059	         2682 	
     1060	         2810 	
     1061	         2908 	
     1062	         2828 	
     1063	         2708 	
     1064	         2555 	
     1065	         2704 	
     1066	         2608 	
     1067	         2674 	
     1068	         2770 	
     1069	         2941 	
     1070	         2822 	
     1071	         2654 	
     1072	         2673 	
     1073	         2793 	
     1074	         2948 	
     1075	         2938 	
     1076	         2849 	
     1077	         2729 	
     1078	         2770 	
     1079	         2963 	
     1080	         2960 	
     1081	         2759 	
     1082	         2574 	
     1083	         2736 	
     1084	         2859 	
     1085	         2946 	
     1086	         2802 	
     1087	         2648 	
     1088	         2716 	
     1089	         2716 	
     1090	         2558 	
     1091	         2762 	
     1092	         2832 	
     1093	         2887 	
     1094	         2831 	
     1095	         2713 	
     1096	         2577 	
     1097	         2861 	
     1098	         2985 	
     1099	         2861 	
     1100	         2839 	
     1101	         2838 	
     1102	         2863 	
     1103	         2849 	
     1104	         2938 	
     1105	         2719 	
     1106	         2723 	
     1107	         2705 	
     1108	         2971 	
     1109	         2892 	
     1110	         2736 	
     1111	         2621 	
     1112	         2751 	
     1113	         2612 	
     1114	         2731 	
     1115	         2654 	
     1116	         2818 	
     1117	         2844 	
     1118	         2756 	
     1119	         2638 	
     1120	         2787 	
     1121	         2898 	
     1122	         2916 	
     1123	         2777 	
     1124	         2693 	
     1125	         2711 	
     1126	         2777 	
     1127	         2821 	
     1128	         2883 	
     1129	         2682 	
     1130	         2676 	
     1131	         2793 	
     1132	         2962 	
     1133	         2786 	
     1134	         2641 	
     1135	         2631 	
     1136	         2633 	
     1137	         2657 	
     1138	         2642 	
     1139	         2652 	
     1140	         2865 	
     1141	         2899 	
     1142	         2701 	
     1143	         2615 	
     1144	         2836 	
     1145	         2871 	
     1146	         2740 	
     1147	         2648 	
     1148	         2694 	
     1149	         2707 	
     1150	         2744 	
     1151	         2913 	
     1152	         2748 	
     1153	         2657 	
     1154	         2709 	
     1155	         2828 	
     1156	         2869 	
     1157	         2696 	
     1158	         2577 	
     1159	         2575 	
     1160	         2728 	
     1161	         2726 	
     1162	         2686 	
     1163	         2932 	
     1164	         2933 	
     1165	         2750 	
     1166	         2628 	
     1167	         2831 	
     1168	         2906 	
     1169	         2848 	
     1170	         2774 	
     1171	         2712 	
     1172	         2651 	
     1173	         2763 	
     1174	         2921 	
     1175	         2830 	
     1176	         2645 	
     1177	         2726 	
     1178	         2803 	
     1179	         2923 	
     1180	         2738 	
     1181	         2681 	
     1182	         2663 	
     1183	         2626 	
     1184	         2654 	
     1185	         2678 	
     1186	         2746 	
     1187	         2897 	
     1188	         2736 	
     1189	         2733 	
     1190	         2635 	
     1191	         2853 	
     1192	         2877 	
     1193	         2868 	
     1194	         2769 	
     1195	         2795 	
     1196	         2799 	
     1197	         2928 	
     1198	         2958 	
     1199	         2646 	
     1200	         2606 	
     1201	         2712 	
     1202	         2911 	
     1203	         2844 	
     1204	         2651 	
     1205	         2721 	
     1206	         2678 	
     1207	         2708 	
     1208	         2727 	
     1209	         2726 	
     1210	         2934 	
     1211	         2865 	
     1212	         2707 	
     1213	         2678 	
     1214	         2750 	
     1215	         2874 	
     1216	         2833 	
     1217	         2761 	
     1218	         2791 	
     1219	         2761 	
     1220	         2874 	
     1221	         2911 	
     1222	         2852 	
     1223	         2601 	
     1224	         2674 	
     1225	         2796 	
     1226	         2897 	
     1227	         2869 	
     1228	         2678 	
     1229	         2655 	
     1230	         2667 	
     1231	         2663 	
     1232	         2609 	
     1233	         2860 	
     1234	         2937 	
     1235	         2814 	
     1236	         2637 	
     1237	         2661 	
     1238	         2761 	
     1239	         2893 	
     1240	         2840 	
     1241	         2826 	
     1242	         2835 	
     1243	         2830 	
     1244	         2904 	
     1245	         2907 	
     1246	         2632 	
     1247	         2706 	
     1248	         2688 	
     1249	         2891 	
     1250	         2947 	
     1251	         2813 	
     1252	         2642 	
     1253	         2662 	
     1254	         2582 	
     1255	         2627 	
     1256	         2654 	
     1257	         2812 	
     1258	         2905 	
     1259	         2839 	
     1260	         2679 	
     1261	         2664 	
     1262	         2783 	
     1263	         2945 	
     1264	         2944 	
     1265	         2815 	
     1266	         2773 	
     1267	         2844 	
     1268	         2860 	
     1269	         2829 	
     1270	         2667 	
     1271	         2706 	
     1272	         2747 	
     1273	         2929 	
     1274	         2761 	
     1275	         2652 	
     1276	         2713 	
     1277	         2700 	
     1278	         2699 	
     1279	         2641 	
     1280	         2646 	
     1281	         2868 	
     1282	         2919 	
     1283	         2704 	
     1284	         2695 	
     1285	         2816 	
     1286	         3013 	
     1287	         2837 	
     1288	         2728 	
     1289	         2635 	
     1290	         2666 	
     1291	         2765 	
     1292	         2882 	
     1293	         2813 	
     1294	         2540 	
     1295	         2699 	
     1296	         2994 	
     1297	         2878 	
     1298	         2652 	
     1299	         2607 	
     1300	         2711 	
     1301	         2668 	
     1302	         2653 	
     1303	         2648 	
     1304	         2831 	
     1305	         2974 	
     1306	         2753 	
     1307	         2671 	
     1308	         2698 	
     1309	         2838 	
     1310	         2929 	
     1311	         2792 	
     1312	         2708 	
     1313	         2697 	
     1314	         2721 	
     1315	         2957 	
     1316	         2856 	
     1317	         2688 	
     1318	         2738 	
     1319	         2820 	
     1320	         2947 	
     1321	         2733 	
     1322	         2554 	
     1323	         2718 	
     1324	         2734 	
     1325	         2699 	
     1326	         2654 	
     1327	         2686 	
     1328	         2884 	
     1329	         2813 	
     1330	         2612 	
     1331	         2672 	
     1332	         2835 	
     1333	         3065 	
     1334	         2940 	
     1335	         2800 	
     1336	         2695 	
     1337	         2779 	
     1338	         2868 	
     1339	         2904 	
     1340	         2735 	
     1341	         2737 	
     1342	         2667 	
     1343	         2973 	
     1344	         2907 	
     1345	         2640 	
     1346	         2639 	
     1347	         2664 	
     1348	         2671 	
     1349	         2634 	
     1350	         2600 	
     1351	         2842 	
     1352	         2889 	
     1353	         2877 	
     1354	         2647 	
     1355	         2677 	
     1356	         2908 	
     1357	         2887 	
     1358	         2921 	
     1359	         2734 	
     1360	         2747 	
     1361	         2844 	
     1362	         2909 	
     1363	         2858 	
     1364	         2688 	
     1365	         2643 	
     1366	         2730 	
     1367	         2896 	
     1368	         2828 	
     1369	         2769 	
     1370	         2553 	
     1371	         2658 	
     1372	         2674 	
     1373	         2636 	
     1374	         2726 	
     1375	         2914 	
     1376	         2823 	
     1377	         2742 	
     1378	         2614 	
     1379	         2750 	
     1380	         3028 	
     1381	         2895 	
     1382	         2831 	
     1383	         2773 	
     1384	         2831 	
     1385	         2902 	
     1386	         2970 	
     1387	         2700 	
     1388	         2622 	
     1389	         2696 	
     1390	         2822 	
     1391	         2963 	
     1392	         2773 	
     1393	         2675 	
     1394	         2628 	
     1395	         2581 	
     1396	         2683 	
     1397	         2499 	
     1398	         2734 	
     1399	         3012 	
     1400	         2774 	
     1401	         2739 	
     1402	         2701 	
     1403	         2774 	
     1404	         3006 	
     1405	         2764 	
     1406	         2831 	
     1407	         2738 	
     1408	         2799 	
     1409	         2945 	
     1410	         2927 	
     1411	         2727 	
     1412	         2617 	
     1413	         2667 	
     1414	         2869 	
     1415	         2857 	
     1416	         2627 	
     1417	         2654 	
     1418	         2630 	
     1419	         2655 	
     1420	         2621 	
     1421	         2667 	
     1422	         2830 	
     1423	         2918 	
     1424	         2824 	
     1425	         2678 	
     1426	         2665 	
     1427	         2850 	
     1428	         2851 	
     1429	         2774 	
     1430	         2782 	
     1431	         2731 	
     1432	         2750 	
     1433	         2843 	
     1434	         2879 	
     1435	         2681 	
     1436	         2706 	
     1437	         2841 	
     1438	         2899 	
     1439	         2648 	
     1440	         2556 	
     1441	         2683 	
     1442	         2710 	
     1443	         2659 	
     1444	         2625 	
     1445	         2697 	
     1446	         2937 	
     1447	         2815 	
     1448	         2612 	
     1449	         2653 	
     1450	         2919 	
     1451	         2815 	
     1452	         2688 	
     1453	         2642 	
     1454	         2678 	
     1455	         2695 	
     1456	         2819 	
     1457	         2949 	
     1458	         2739 	
     1459	         2657 	
     1460	         2815 	
     1461	         2883 	
     1462	         2880 	
     1463	         2638 	
     1464	         2613 	
     1465	         2701 	
     1466	         2636 	
     1467	         2527 	
     1468	         2708 	
     1469	         2836 	
     1470	         2751 	
     1471	         2701 	
     1472	         2656 	
     1473	         2757 	
     1474	         2913 	
     1475	         2938 	
     1476	         2743 	
     1477	         2606 	
     1478	         2753 	
     1479	         2789 	
     1480	         2871 	
     1481	         2840 	
     1482	         2739 	
     1483	         2775 	
     1484	         2836 	
     1485	         2920 	
     1486	         2751 	
     1487	         2665 	
     1488	         2693 	
     1489	         2641 	
     1490	         2655 	
     1491	         2660 	
     1492	         2742 	
     1493	         2887 	
     1494	         2760 	
     1495	         2639 	
     1496	         2720 	
     1497	         2788 	
     1498	         2930 	
     1499	         2778 	
     1500	         2744 	
     1501	         2680 	
     1502	         2646 	
     1503	         2851 	
     1504	         2900 	
     1505	         2802 	
     1506	         2637 	
     1507	         2570 	
     1508	         2819 	
     1509	         2843 	
     1510	         2694 	
     1511	         2576 	
     1512	         2671 	
     1513	         2671 	
     1514	         2679 	
     1515	         2602 	
     1516	         2895 	
     1517	         2791 	
     1518	         2689 	
     1519	         2513 	
     1520	         2578 	
     1521	         2916 	
     1522	         2807 	
     1523	         2765 	
     1524	         2810 	
     1525	         2739 	
     1526	         2784 	
     1527	         2792 	
     1528	         2884 	
     1529	         2563 	
     1530	         2662 	
     1531	         2674 	
     1532	         2844 	
     1533	         2787 	
     1534	         2661 	
     1535	         2673 	
     1536	         2584 	
     1537	         2625 	
     1538	         2708 	
     1539	         2599 	
     1540	         2845 	
     1541	         2899 	
     1542	         2815 	
     1543	         2641 	
     1544	         2665 	
     1545	         2846 	
     1546	         2881 	
     1547	         2943 	
     1548	         2840 	
     1549	         2899 	
     1550	         2799 	
     1551	         2985 	
     1552	         2826 	
     1553	         2679 	
     1554	         2623 	
     1555	         2721 	
     1556	         2934 	
     1557	         2724 	
     1558	         2571 	
     1559	         2664 	
     1560	         2680 	
     1561	         2652 	
     1562	         2712 	
     1563	         2652 	
     1564	         2869 	
     1565	         2840 	
     1566	         2701 	
     1567	         2623 	
     1568	         2856 	
     1569	         2887 	
     1570	         2819 	
     1571	         2713 	
     1572	         2752 	
     1573	         2663 	
     1574	         2817 	
     1575	         2873 	
     1576	         2812 	
     1577	         2600 	
     1578	         2688 	
     1579	         2790 	
     1580	         2758 	
     1581	         2656 	
     1582	         2633 	
     1583	         2683 	
     1584	         2642 	
     1585	         2715 	
     1586	         2612 	
     1587	         2796 	
     1588	         2881 	
     1589	         2767 	
     1590	         2714 	
     1591	         2826 	
     1592	         2905 	
     1593	         2750 	
     1594	         2675 	
     1595	         2698 	
     1596	         2751 	
     1597	         2777 	
     1598	         2947 	
     1599	         2848 	
     1600	         2617 	
     1601	         2708 	
     1602	         2807 	
     1603	         2879 	
     1604	         2701 	
     1605	         2681 	
     1606	         2593 	
     1607	         2708 	
     1608	         2665 	
     1609	         2742 	
     1610	         2675 	
     1611	         2904 	
     1612	         2806 	
     1613	         2680 	
     1614	         2673 	
     1615	         2830 	
     1616	         2843 	
     1617	         2788 	
     1618	         2641 	
     1619	         2741 	
     1620	         2716 	
     1621	         2774 	
     1622	         2998 	
     1623	         2745 	
     1624	         2674 	
     1625	         2677 	
     1626	         2879 	
     1627	         2896 	
     1628	         2583 	
     1629	         2724 	
     1630	         2690 	
     1631	         2765 	
     1632	         2742 	
     1633	         2582 	
     1634	         2809 	
     1635	         2909 	
     1636	         2676 	
     1637	         2667 	
     1638	         2683 	
     1639	         2875 	
     1640	         2783 	
     1641	         2701 	
     1642	         2688 	
     1643	         2665 	
     1644	         2735 	
     1645	         2888 	
     1646	         2902 	
     1647	         2630 	
     1648	         2744 	
     1649	         2811 	
     1650	         2960 	
     1651	         2825 	
     1652	         2612 	
     1653	         2684 	
     1654	         2632 	
     1655	         2646 	
     1656	         2635 	
     1657	         2677 	
     1658	         2851 	
     1659	         2828 	
     1660	         2672 	
     1661	         2696 	
     1662	         2783 	
     1663	         2899 	
     1664	         2863 	
     1665	         2777 	
     1666	         2743 	
     1667	         2724 	
     1668	         2850 	
     1669	         2950 	
     1670	         2789 	
     1671	         2682 	
     1672	         2718 	
     1673	         2820 	
     1674	         2972 	
     1675	         2714 	
     1676	         2631 	
     1677	         2601 	
     1678	         2664 	
     1679	         2725 	
     1680	         2599 	
     1681	         2789 	
     1682	         2932 	
     1683	         2757 	
     1684	         2665 	
     1685	         2626 	
     1686	         2872 	
     1687	         2841 	
     1688	         2848 	
     1689	         2768 	
     1690	         2681 	
     1691	         2809 	
     1692	         2899 	
     1693	         2939 	
     1694	         2740 	
     1695	         2623 	
     1696	         2777 	
     1697	         2893 	
     1698	         2698 	
     1699	         2639 	
     1700	         2674 	
     1701	         2726 	
     1702	         2627 	
     1703	         2696 	
     1704	         2587 	
     1705	         2773 	
     1706	         2839 	
     1707	         2781 	
     1708	         2538 	
     1709	         2796 	
     1710	         3045 	
     1711	         2880 	
     1712	         2725 	
     1713	         2731 	
     1714	         2755 	
     1715	         2751 	
     1716	         2899 	
     1717	         2864 	
     1718	         2594 	
     1719	         2666 	
     1720	         2945 	
     1721	         2927 	
     1722	         2644 	
     1723	         2683 	
     1724	         2631 	
     1725	         2629 	
     1726	         2573 	
     1727	         2697 	
     1728	         2677 	
     1729	         2880 	
     1730	         2875 	
     1731	         2658 	
     1732	         2718 	
     1733	         2934 	
     1734	         2776 	
     1735	         2746 	
     1736	         2655 	
     1737	         2777 	
     1738	         2761 	
     1739	         2782 	
     1740	         2967 	
     1741	         2606 	
     1742	         2658 	
     1743	         2833 	
     1744	         2937 	
     1745	         2639 	
     1746	         2654 	
     1747	         2750 	
     1748	         2754 	
     1749	         2708 	
     1750	         2578 	
     1751	         2732 	
     1752	         2965 	
     1753	         2821 	
     1754	         2715 	
     1755	         2643 	
     1756	         2919 	
     1757	         2952 	
     1758	         2836 	
     1759	         2733 	
     1760	         2697 	
     1761	         2812 	
     1762	         2817 	
     1763	         2969 	
     1764	         2792 	
     1765	         2735 	
     1766	         2694 	
     1767	         2887 	
     1768	         2919 	
     1769	         2594 	
     1770	         2606 	
     1771	         2617 	
     1772	         2689 	
     1773	         2633 	
     1774	         2645 	
     1775	         2771 	
     1776	         2910 	
     1777	         2743 	
     1778	         2651 	
     1779	         2707 	
     1780	         2948 	
     1781	         2899 	
     1782	         2787 	
     1783	         2809 	
     1784	         2827 	
     1785	         2839 	
     1786	         2957 	
     1787	         2778 	
     1788	         2626 	
     1789	         2606 	
     1790	         2753 	
     1791	         2946 	
     1792	         2843 	
     1793	         2614 	
     1794	         2673 	
     1795	         2635 	
     1796	         2651 	
     1797	         2616 	
     1798	         2674 	
     1799	         2845 	
     1800	         2906 	
     1801	         2711 	
     1802	         2584 	
     1803	         2757 	
     1804	         2978 	
     1805	         2878 	
     1806	         2879 	
     1807	         2758 	
     1808	         2830 	
     1809	         2778 	
     1810	         2957 	
     1811	         2752 	
     1812	         2629 	
     1813	         2705 	
     1814	         2896 	
     1815	         2968 	
     1816	         2653 	
     1817	         2722 	
     1818	         2673 	
     1819	         2699 	
     1820	         2638 	
     1821	         2585 	
     1822	         2856 	
     1823	         2884 	
     1824	         2813 	
     1825	         2703 	
     1826	         2755 	
     1827	         2885 	
     1828	         2838 	
     1829	         2816 	
     1830	         2716 	
     1831	         2821 	
     1832	         2758 	
     1833	         2945 	
     1834	         2882 	
     1835	         2625 	
     1836	         2646 	
     1837	         2867 	
     1838	         2955 	
     1839	         2757 	
     1840	         2591 	
     1841	         2751 	
     1842	         2653 	
     1843	         2652 	
     1844	         2679 	
     1845	         2613 	
     1846	         2999 	
     1847	         2881 	
     1848	         2728 	
     1849	         2610 	
     1850	         2782 	
     1851	         2821 	
     1852	         2856 	
     1853	         2762 	
     1854	         2708 	
     1855	         2758 	
     1856	         2885 	
     1857	         2885 	
     1858	         2766 	
     1859	         2704 	
     1860	         2747 	
     1861	         2850 	
     1862	         2919 	
     1863	         2639 	
     1864	         2635 	
     1865	         2674 	
     1866	         2619 	
     1867	         2651 	
     1868	         2707 	
     1869	         2779 	
     1870	         2940 	
     1871	         2878 	
     1872	         2625 	
     1873	         2695 	
     1874	         2948 	
     1875	         2876 	
     1876	         2811 	
     1877	         2621 	
     1878	         2719 	
     1879	         2759 	
     1880	         2862 	
     1881	         2920 	
     1882	         2740 	
     1883	         2678 	
     1884	         2830 	
     1885	         2909 	
     1886	         2650 	
     1887	         2641 	
     1888	         2633 	
     1889	         2717 	
     1890	         2612 	
     1891	         2665 	
     1892	         2716 	
     1893	         2850 	
     1894	         2840 	
     1895	         2715 	
     1896	         2623 	
     1897	         2883 	
     1898	         2909 	
     1899	         2767 	
     1900	         2730 	
     1901	         2822 	
     1902	         2751 	
     1903	         2830 	
     1904	         2922 	
     1905	         2723 	
     1906	         2492 	
     1907	         2863 	
     1908	         2896 	
     1909	         2880 	
     1910	         2635 	
     1911	         2658 	
     1912	         2646 	
     1913	         2697 	
     1914	         2551 	
     1915	         2777 	
     1916	         2837 	
     1917	         2871 	
     1918	         2696 	
     1919	         2612 	
     1920	         2693 	
     1921	         2989 	
     1922	         2810 	
     1923	         2821 	
     1924	         2811 	
     1925	         2688 	
     1926	         2844 	
     1927	         2878 	
     1928	         2796 	
     1929	         2588 	
     1930	         2623 	
     1931	         2757 	
     1932	         2936 	
     1933	         2825 	
     1934	         2582 	
     1935	         2650 	
     1936	         2758 	
     1937	         2692 	
     1938	         2649 	
     1939	         2652 	
     1940	         2875 	
     1941	         2865 	
     1942	         2743 	
     1943	         2621 	
     1944	         2685 	
     1945	         2945 	
     1946	         2968 	
     1947	         2796 	
     1948	         2780 	
     1949	         2814 	
     1950	         2841 	
     1951	         2876 	
     1952	         2713 	
     1953	         2627 	
     1954	         2752 	
     1955	         2811 	
     1956	         2896 	
     1957	         2651 	
     1958	         2578 	
     1959	         2678 	
     1960	         2727 	
     1961	         2651 	
     1962	         2643 	
     1963	         2714 	
     1964	         2855 	
     1965	         2801 	
     1966	         2737 	
     1967	         2636 	
     1968	         2807 	
     1969	         2807 	
     1970	         2845 	
     1971	         2700 	
     1972	         2722 	
     1973	         2753 	
     1974	         2864 	
     1975	         2909 	
     1976	         2716 	
     1977	         2660 	
     1978	         2745 	
     1979	         2973 	
     1980	         2744 	
     1981	         2658 	
     1982	         2701 	
     1983	         2735 	
     1984	         2634 	
     1985	         2650 	
     1986	         2605 	
     1987	         2789 	
     1988	         2914 	
     1989	         2825 	
     1990	         2631 	
     1991	         2745 	
     1992	         2964 	
     1993	         2891 	
     1994	         2725 	
     1995	         2805 	
     1996	         2725 	
     1997	         2844 	
     1998	         2962 	
     1999	         2784 	
     2000	         2747 	
     2001	         2669 	
     2002	         2949 	
     2003	         2842 	
     2004	         2684 	
     2005	         2653 	
     2006	         2647 	
     2007	         2710 	
     2008	         2675 	
     2009	         2672 	
     2010	         2605 	
     2011	         2811 	
     2012	         2992 	
     2013	         2736 	
     2014	         2625 	
     2015	         2827 	
     2016	         2958 	
     2017	         2812 	
     2018	         2746 	
     2019	         2730 	
     2020	         2728 	
     2021	         2872 	
     2022	         2889 	
     2023	         2691 	
     2024	         2708 	
     2025	         2823 	
     2026	         2873 	
     2027	         2720 	
     2028	         2639 	
     2029	         2758 	
     2030	         2674 	
     2031	         2776 	
     2032	         2715 	
     2033	         2676 	
     2034	         2814 	
     2035	         2914 	
     2036	         2776 	
     2037	         2678 	
     2038	         2779 	
     2039	         2853 	
     2040	         2852 	
     2041	         2687 	
     2042	         2664 	
     2043	         2731 	
     2044	         2839 	
     2045	         2858 	
     2046	         2758 	
     2047	         2548 	
     2048	         2657 	
     2049	         2943 	
     2050	         2801 	
     2051	         2569 	
     2052	         2695 	
     2053	         2724 	
     2054	         2652 	
     2055	         2641 	
     2056	         2628 	
     2057	         2773 	
     2058	         2996 	
     2059	         2791 	
     2060	         2661 	
     2061	         2684 	
     2062	         2957 	
     2063	         2887 	
     2064	         2808 	
     2065	         2712 	
     2066	         2753 	
     2067	         2946 	
     2068	         2881 	
     2069	         2876 	
     2070	         2689 	
     2071	         2689 	
     2072	         2690 	
     2073	         2962 	
     2074	         2901 	
     2075	         2615 	
     2076	         2655 	
     2077	         2600 	
     2078	         2685 	
     2079	         2659 	
     2080	         2644 	
     2081	         2850 	
     2082	         2921 	
     2083	         2765 	
     2084	         2723 	
     2085	         2677 	
     2086	         2880 	
     2087	         2951 	
     2088	         2821 	
     2089	         2771 	
     2090	         2809 	
     2091	         2899 	
     2092	         2931 	
     2093	         2885 	
     2094	         2643 	
     2095	         2696 	
     2096	         2833 	
     2097	         2852 	
     2098	         2708 	
     2099	         2649 	
     2100	         2642 	
     2101	         2716 	
     2102	         2757 	
     2103	         2636 	
     2104	         2691 	
     2105	         2934 	
     2106	         2840 	
     2107	         2607 	
     2108	         2639 	
     2109	         2855 	
     2110	         2863 	
     2111	         2774 	
     2112	         2677 	
     2113	         2680 	
     2114	         2680 	
     2115	         2792 	
     2116	         2883 	
     2117	         2784 	
     2118	         2666 	
     2119	         2738 	
     2120	         2901 	
     2121	         2957 	
     2122	         2592 	
     2123	         2647 	
     2124	         2685 	
     2125	         2729 	
     2126	         2697 	
     2127	         2690 	
     2128	         2705 	
     2129	         2852 	
     2130	         2866 	
     2131	         2595 	
     2132	         2713 	
     2133	         2908 	
     2134	         2797 	
     2135	         2697 	
     2136	         2741 	
     2137	         2696 	
     2138	         2841 	
     2139	         2902 	
     2140	         2918 	
     2141	         2694 	
     2142	         2597 	
     2143	         2912 	
     2144	         2890 	
     2145	         2616 	
     2146	         2616 	
     2147	         2694 	
     2148	         2663 	
     2149	         2652 	
     2150	         2662 	
     2151	         2599 	
     2152	         2864 	
     2153	         2912 	
     2154	         2728 	
     2155	         2706 	
     2156	         2863 	
     2157	         2894 	
     2158	         2817 	
     2159	         2729 	
     2160	         2655 	
     2161	         2673 	
     2162	         2779 	
     2163	         2797 	
     2164	         2839 	
     2165	         2694 	
     2166	         2614 	
     2167	         2884 	
     2168	         2811 	
     2169	         2628 	
     2170	         2630 	
     2171	         2652 	
     2172	         2664 	
     2173	         2710 	
     2174	         2705 	
     2175	         2711 	
     2176	         2820 	
     2177	         2788 	
     2178	         2750 	
     2179	         2725 	
     2180	         2892 	
     2181	         2845 	
     2182	         2702 	
     2183	         2644 	
     2184	         2554 	
     2185	         2781 	
     2186	         2951 	
     2187	         2891 	
     2188	         2705 	
     2189	         2669 	
     2190	         2859 	
     2191	         2877 	
     2192	         2686 	
     2193	         2586 	
     2194	         2686 	
     2195	         2718 	
     2196	         2635 	
     2197	         2591 	
     2198	         2672 	
     2199	         2952 	
     2200	         2845 	
     2201	         2691 	
     2202	         2593 	
     2203	         2861 	
     2204	         2877 	
     2205	         2871 	
     2206	         2700 	
     2207	         2744 	
     2208	         2731 	
     2209	         2872 	
     2210	         2933 	
     2211	         2762 	
     2212	         2633 	
     2213	         2776 	
     2214	         2994 	
     2215	         2796 	
     2216	         2602 	
     2217	         2596 	
     2218	         2629 	
     2219	         2701 	
     2220	         2661 	
     2221	         2520 	
     2222	         2742 	
     2223	         2942 	
     2224	         2846 	
     2225	         2684 	
     2226	         2670 	
     2227	         2952 	
     2228	         2903 	
     2229	         2864 	
     2230	         2752 	
     2231	         2714 	
     2232	         2741 	
     2233	         2895 	
     2234	         2928 	
     2235	         2640 	
     2236	         2662 	
     2237	         2708 	
     2238	         2944 	
     2239	         2779 	
     2240	         2624 	
     2241	         2590 	
     2242	         2648 	
     2243	         2680 	
     2244	         2659 	
     2245	         2651 	
     2246	         2714 	
     2247	         2885 	
     2248	         2841 	
     2249	         2611 	
     2250	         2712 	
     2251	         2992 	
     2252	         2908 	
     2253	         2733 	
     2254	         2669 	
     2255	         2714 	
     2256	         2733 	
     2257	         2893 	
     2258	         2881 	
     2259	         2717 	
     2260	         2691 	
     2261	         2836 	
     2262	         2807 	
     2263	         2646 	
     2264	         2664 	
     2265	         2642 	
     2266	         2671 	
     2267	         2695 	
     2268	         2708 	
     2269	         2721 	
     2270	         2804 	
     2271	         2959 	
     2272	         2694 	
     2273	         2699 	
     2274	         2908 	
     2275	         2873 	
     2276	         2725 	
     2277	         2691 	
     2278	         2638 	
     2279	         2612 	
     2280	         2938 	
     2281	         2879 	
     2282	         2694 	
     2283	         2615 	
     2284	         2841 	
     2285	         2851 	
     2286	         2717 	
     2287	         2660 	
     2288	         2669 	
     2289	         2689 	
     2290	         2627 	
     2291	         2592 	
     2292	         2650 	
     2293	         2672 	
     2294	         2990 	
     2295	         2802 	
     2296	         2628 	
     2297	         2688 	
     2298	         2906 	
     2299	         2926 	
     2300	         2707 	
     2301	         2579 	
     2302	         2615 	
     2303	         2765 	
     2304	         2886 	
     2305	         2787 	
     2306	         2690 	
     2307	         2787 	
     2308	         2859 	
     2309	         2769 	
     2310	         2743 	
     2311	         2684 	
     2312	         2611 	
     2313	         2695 	
     2314	         2742 	
     2315	         2592 	
     2316	         2651 	
     2317	         2848 	
     2318	         2818 	
     2319	         2683 	
     2320	         2726 	
     2321	         2917 	
     2322	         2848 	
     2323	         2745 	
     2324	         2731 	
     2325	         2739 	
     2326	         2757 	
     2327	         2800 	
     2328	         2917 	
     2329	         2662 	
     2330	         2761 	
     2331	         2678 	
     2332	         3005 	
     2333	         2756 	
     2334	         2639 	
     2335	         2668 	
     2336	         2692 	
     2337	         2668 	
     2338	         2668 	
     2339	         2690 	
     2340	         2825 	
     2341	         2887 	
     2342	         2706 	
     2343	         2726 	
     2344	         2710 	
     2345	         2971 	
     2346	         2772 	
     2347	         2712 	
     2348	         2688 	
     2349	         2693 	
     2350	         2798 	
     2351	         2874 	
     2352	         2766 	
     2353	         2620 	
     2354	         2696 	
     2355	         2892 	
     2356	         2966 	
     2357	         2698 	
     2358	         2615 	
     2359	         2726 	
     2360	         2657 	
     2361	         2656 	
     2362	         2640 	
     2363	         2631 	
     2364	         2908 	
     2365	         2816 	
     2366	         2695 	
     2367	         2565 	
     2368	         2851 	
     2369	         2922 	
     2370	         2877 	
     2371	         2890 	
     2372	         2709 	
     2373	         2831 	
     2374	         2927 	
     2375	         2959 	
     2376	         2731 	
     2377	         2700 	
     2378	         2705 	
     2379	         2830 	
     2380	         2982 	
     2381	         2629 	
     2382	         2575 	
     2383	         2703 	
     2384	         2703 	
     2385	         2697 	
     2386	         2569 	
     2387	         2812 	
     2388	         2907 	
     2389	         2800 	
     2390	         2652 	
     2391	         2666 	
     2392	         2900 	
     2393	         2942 	
     2394	         2806 	
     2395	         2676 	
     2396	         2835 	
     2397	         2801 	
     2398	         2874 	
     2399	         2886 	
     2400	         2691 	
     2401	         2607 	
     2402	         2761 	
     2403	         2932 	
     2404	         2755 	
     2405	         2638 	
     2406	         2690 	
     2407	         2555 	
     2408	         2644 	
     2409	         2661 	
     2410	         2643 	
     2411	         2867 	
     2412	         2924 	
     2413	         2715 	
     2414	         2650 	
     2415	         2682 	
     2416	         2951 	
     2417	         2943 	
     2418	         2724 	
     2419	         2643 	
     2420	         2845 	
     2421	         2828 	
     2422	         2823 	
     2423	         2721 	
     2424	         2681 	
     2425	         2809 	
     2426	         2810 	
     2427	         2878 	
     2428	         2719 	
     2429	         2639 	
     2430	         2692 	
     2431	         2700 	
     2432	         2727 	
     2433	         2689 	
     2434	         2627 	
     2435	         2791 	
     2436	         2904 	
     2437	         2700 	
     2438	         2596 	
     2439	         2876 	
     2440	         2930 	
     2441	         2900 	
     2442	         2699 	
     2443	         2665 	
     2444	         2815 	
     2445	         2935 	
     2446	         2900 	
     2447	         2706 	
     2448	         2670 	
     2449	         2806 	
     2450	         2897 	
     2451	         2826 	
     2452	         2695 	
     2453	         2725 	
     2454	         2645 	
     2455	         2829 	
     2456	         2668 	
     2457	         2621 	
     2458	         2836 	
     2459	         2873 	
     2460	         2732 	
     2461	         2670 	
     2462	         2827 	
     2463	         2952 	
     2464	         2794 	
     2465	         2860 	
     2466	         2829 	
     2467	         2762 	
     2468	         2811 	
     2469	         2947 	
     2470	         2783 	
     2471	         2563 	
     2472	         2780 	
     2473	         2824 	
     2474	         2860 	
     2475	         2654 	
     2476	         2668 	
     2477	         2670 	
     2478	         2757 	
     2479	         2715 	
     2480	         2626 	
     2481	         2829 	
     2482	         3024 	
     2483	         2823 	
     2484	         2791 	
     2485	         2655 	
     2486	         2817 	
     2487	         2899 	
     2488	         2884 	
     2489	         2790 	
     2490	         2793 	
     2491	         2896 	
     2492	         2935 	
     2493	         2745 	
     2494	         2682 	
     2495	         2626 	
     2496	         2888 	
     2497	         2906 	
     2498	         2876 	
     2499	         2620 	
     2500	         2567 	
     2501	         2706 	
     2502	         2718 	
     2503	         2663 	
     2504	         2835 	
     2505	         2877 	
     2506	         2826 	
     2507	         2726 	
     2508	         2590 	
     2509	         2786 	
     2510	         2899 	
     2511	         2938 	
     2512	         2811 	
     2513	         2892 	
     2514	         2876 	
     2515	         2887 	
     2516	         2996 	
     2517	         2744 	
     2518	         2595 	
     2519	         2616 	
     2520	         2964 	
     2521	         2967 	
     2522	         2748 	
     2523	         2651 	
     2524	         2529 	
     2525	         2705 	
     2526	         2622 	
     2527	         2647 	
     2528	         2766 	
     2529	         2919 	
     2530	         2888 	
     2531	         2742 	
     2532	         2668 	
     2533	         2751 	
     2534	         2885 	
     2535	         2970 	
     2536	         2840 	
     2537	         2864 	
     2538	         2879 	
     2539	         2955 	
     2540	         2904 	
     2541	         2698 	
     2542	         2696 	
     2543	         2711 	
     2544	         2858 	
     2545	         2902 	
     2546	         2690 	
     2547	         2712 	
     2548	         2749 	
     2549	         2728 	
     2550	         2705 	
     2551	         2655 	
     2552	         2757 	
     2553	         2907 	
     2554	         2696 	
     2555	         2707 	
     2556	         2647 	
     2557	         2880 	
     2558	         2791 	
     2559	         2823 	
     2560	         2735 	
     2561	         2747 	
     2562	         2867 	
     2563	         2866 	
     2564	         2945 	
     2565	         2641 	
     2566	         2671 	
     2567	         2922 	
     2568	         2945 	
     2569	         2676 	
     2570	         2652 	
     2571	         2645 	
     2572	         2638 	
     2573	         2676 	
     2574	         2674 	
     2575	         2768 	
     2576	         2796 	
     2577	         2876 	
     2578	         2585 	
     2579	         2674 	
     2580	         2831 	
     2581	         2944 	
     2582	         2823 	
     2583	         2775 	
     2584	         2668 	
     2585	         2834 	
     2586	         2866 	
     2587	         2855 	
     2588	         2612 	
     2589	         2600 	
     2590	         2725 	
     2591	         2877 	
     2592	         2820 	
     2593	         2603 	
     2594	         2674 	
     2595	         2617 	
     2596	         2668 	
     2597	         2570 	
     2598	         2587 	
     2599	         2982 	
     2600	         2973 	
     2601	         2725 	
     2602	         2582 	
     2603	         2817 	
     2604	         3008 	
     2605	         2878 	
     2606	         2769 	
     2607	         2816 	
     2608	         2887 	
     2609	         2787 	
     2610	         3042 	
     2611	         2858 	
     2612	         2625 	
     2613	         2750 	
     2614	         2867 	
     2615	         2873 	
     2616	         2708 	
     2617	         2560 	
     2618	         2626 	
     2619	         2654 	
     2620	         2706 	
     2621	         2557 	
     2622	         2693 	
     2623	         2914 	
     2624	         2858 	
     2625	         2652 	
     2626	         2556 	
     2627	         2849 	
     2628	         2842 	
     2629	         2880 	
     2630	         2789 	
     2631	         2700 	
     2632	         2811 	
     2633	         2901 	
     2634	         2912 	
     2635	         2769 	
     2636	         2650 	
     2637	         2803 	
     2638	         2906 	
     2639	         2837 	
     2640	         2605 	
     2641	         2660 	
     2642	         2638 	
     2643	         2641 	
     2644	         2598 	
     2645	         2667 	
     2646	         2862 	
     2647	         2879 	
     2648	         2719 	
     2649	         2663 	
     2650	         2675 	
     2651	         2859 	
     2652	         2932 	
     2653	         2900 	
     2654	         2833 	
     2655	         2825 	
     2656	         2873 	
     2657	         2996 	
     2658	         2697 	
     2659	         2585 	
     2660	         2687 	
     2661	         2848 	
     2662	         2927 	
     2663	         2786 	
     2664	         2622 	
     2665	         2707 	
     2666	         2595 	
     2667	         2600 	
     2668	         2616 	
     2669	         2662 	
     2670	         2952 	
     2671	         2876 	
     2672	         2693 	
     2673	         2622 	
     2674	         2699 	
     2675	         2848 	
     2676	         2986 	
     2677	         2764 	
     2678	         2809 	
     2679	         2858 	
     2680	         2889 	
     2681	         2938 	
     2682	         2797 	
     2683	         2697 	
     2684	         2733 	
     2685	         2803 	
     2686	         2905 	
     2687	         2663 	
     2688	         2626 	
     2689	         2698 	
     2690	         2799 	
     2691	         2644 	
     2692	         2624 	
     2693	         2759 	
     2694	         2925 	
     2695	         2769 	
     2696	         2665 	
     2697	         2662 	
     2698	         2918 	
     2699	         2849 	
     2700	         2813 	
     2701	         2712 	
     2702	         2641 	
     2703	         2780 	
     2704	         2875 	
     2705	         2790 	
     2706	         2650 	
     2707	         2649 	
     2708	         2884 	
     2709	         2880 	
     2710	         2628 	
     2711	         2742 	
     2712	         2694 	
     2713	         2704 	
     2714	         2714 	
     2715	         2677 	
     2716	         2721 	
     2717	         2853 	
     2718	         2934 	
     2719	         2683 	
     2720	         2692 	
     2721	         2821 	
     2722	         2855 	
     2723	         2835 	
     2724	         2712 	
     2725	         2691 	
     2726	         2703 	
     2727	         2839 	
     2728	         2859 	
     2729	         2702 	
     2730	         2687 	
     2731	         2807 	
     2732	         2856 	
     2733	         2765 	
     2734	         2517 	
     2735	         2724 	
     2736	         2574 	
     2737	         2639 	
     2738	         2662 	
     2739	         2656 	
     2740	         2805 	
     2741	         2928 	
     2742	         2678 	
     2743	         2640 	
     2744	         2751 	
     2745	         2870 	
     2746	         2772 	
     2747	         2636 	
     2748	         2698 	
     2749	         2693 	
     2750	         2798 	
     2751	         2973 	
     2752	         2860 	
     2753	         2604 	
     2754	         2666 	
     2755	         2734 	
     2756	         2892 	
     2757	         2799 	
     2758	         2607 	
     2759	         2682 	
     2760	         2655 	
     2761	         2682 	
     2762	         2614 	
     2763	         2737 	
     2764	         2930 	
     2765	         2808 	
     2766	         2719 	
     2767	         2616 	
     2768	         2763 	
     2769	         3055 	
     2770	         2908 	
     2771	         2913 	
     2772	         2749 	
     2773	         2855 	
     2774	         2952 	
     2775	         2926 	
     2776	         2602 	
     2777	         2629 	
     2778	         2787 	
     2779	         2966 	
     2780	         2790 	
     2781	         2651 	
     2782	         2589 	
     2783	         2635 	
     2784	         2614 	
     2785	         2626 	
     2786	         2578 	
     2787	         2885 	
     2788	         2912 	
     2789	         2751 	
     2790	         2659 	
     2791	         2632 	
     2792	         2836 	
     2793	         2880 	
     2794	         2926 	
     2795	         2783 	
     2796	         2879 	
     2797	         2896 	
     2798	         2898 	
     2799	         2846 	
     2800	         2672 	
     2801	         2631 	
     2802	         2813 	
     2803	         2935 	
     2804	         2833 	
     2805	         2601 	
     2806	         2727 	
     2807	         2701 	
     2808	         2685 	
     2809	         2617 	
     2810	         2614 	
     2811	         2890 	
     2812	         2912 	
     2813	         2766 	
     2814	         2655 	
     2815	         2762 	
     2816	         2891 	
     2817	         2780 	
     2818	         2786 	
     2819	         2807 	
     2820	         2814 	
     2821	         2839 	
     2822	         2928 	
     2823	         2804 	
     2824	         2673 	
     2825	         2758 	
     2826	         2888 	
     2827	         2943 	
     2828	         2703 	
     2829	         2640 	
     2830	         2698 	
     2831	         2626 	
     2832	         2731 	
     2833	         2710 	
     2834	         2718 	
     2835	         2906 	
     2836	         2889 	
     2837	         2632 	
     2838	         2723 	
     2839	         2880 	
     2840	         2957 	
     2841	         2896 	
     2842	         2816 	
     2843	         2653 	
     2844	         2682 	
     2845	         2810 	
     2846	         2890 	
     2847	         2612 	
     2848	         2711 	
     2849	         2782 	
     2850	         2841 	
     2851	         2670 	
     2852	         2733 	
     2853	         2684 	
     2854	         2713 	
     2855	         2758 	
     2856	         2715 	
     2857	         2625 	
     2858	         2787 	
     2859	         2977 	
     2860	         2757 	
     2861	         2716 	
     2862	         2808 	
     2863	         2957 	
     2864	         2874 	
     2865	         2697 	
     2866	         2657 	
     2867	         2778 	
     2868	         2784 	
     2869	         2862 	
     2870	         2716 	
     2871	         2618 	
     2872	         2737 	
     2873	         2872 	
     2874	         2701 	
     2875	         2734 	
     2876	         2685 	
     2877	         2678 	
     2878	         2732 	
     2879	         2659 	
     2880	         2702 	
     2881	         2745 	
     2882	         2898 	
     2883	         2776 	
     2884	         2705 	
     2885	         2696 	
     2886	         2883 	
     2887	         2844 	
     2888	         2740 	
     2889	         2718 	
     2890	         2726 	
     2891	         2755 	
     2892	         2816 	
     2893	         2850 	
     2894	         2725 	
     2895	         2708 	
     2896	         2824 	
     2897	         2994 	
     2898	         2720 	
     2899	         2603 	
     2900	         2721 	
     2901	         2691 	
     2902	         2669 	
     2903	         2643 	
     2904	         2733 	
     2905	         2856 	
     2906	         2844 	
     2907	         2715 	
     2908	         2679 	
     2909	         2798 	
     2910	         2950 	
     2911	         2868 	
     2912	         2718 	
     2913	         2646 	
     2914	         2819 	
     2915	         2900 	
     2916	         2920 	
     2917	         2760 	
     2918	         2588 	
     2919	         2771 	
     2920	         2846 	
     2921	         2817 	
     2922	         2661 	
     2923	         2709 	
     2924	         2679 	
     2925	         2660 	
     2926	         2741 	
     2927	         2677 	
     2928	         2717 	
     2929	         2967 	
     2930	         2895 	
     2931	         2717 	
     2932	         2669 	
     2933	         2821 	
     2934	         2953 	
     2935	         2927 	
     2936	         2813 	
     2937	         2689 	
     2938	         2762 	
     2939	         2911 	
     2940	         2882 	
     2941	         2674 	
     2942	         2615 	
     2943	         2776 	
     2944	         2889 	
     2945	         2864 	
     2946	         2643 	
     2947	         2633 	
     2948	         2636 	
     2949	         2639 	
     2950	         2627 	
     2951	         2748 	
     2952	         2822 	
     2953	         2987 	
     2954	         2735 	
     2955	         2657 	
     2956	         2712 	
     2957	         2984 	
     2958	         2840 	
     2959	         2756 	
     2960	         2782 	
     2961	         2760 	
     2962	         2846 	
     2963	         2953 	
     2964	         2825 	
     2965	         2718 	
     2966	         2643 	
     2967	         2776 	
     2968	         2902 	
     2969	         2800 	
     2970	         2736 	
     2971	         2631 	
     2972	         2596 	
     2973	         2636 	
     2974	         2551 	
     2975	         2701 	
     2976	         2895 	
     2977	         2785 	
     2978	         2653 	
     2979	         2615 	
     2980	         2757 	
     2981	         2930 	
     2982	         2917 	
     2983	         2818 	
     2984	         2721 	
     2985	         2758 	
     2986	         2813 	
     2987	         2981 	
     2988	         2716 	
     2989	         2670 	
     2990	         2758 	
     2991	         2967 	
     2992	         2858 	
     2993	         2681 	
     2994	         2698 	
     2995	         2662 	
     2996	         2626 	
     2997	         2714 	
     2998	         2513 	
     2999	         2697 	
     3000	         3009 	
     3001	         2683 	
     3002	         2656 	
     3003	         2681 	
     3004	         2905 	
     3005	         2841 	
     3006	         2815 	
     3007	         2668 	
     3008	         2780 	
     3009	         2771 	
     3010	         2923 	
     3011	         2867 	
     3012	         2688 	
     3013	         2654 	
     3014	         2909 	
     3015	         2808 	
     3016	         2688 	
     3017	         2663 	
     3018	         2661 	
     3019	         2691 	
     3020	         2680 	
     3021	         2655 	
     3022	         2652 	
     3023	         2868 	
     3024	         2834 	
     3025	         2696 	
     3026	         2637 	
     3027	         2907 	
     3028	         2876 	
     3029	         2696 	
     3030	         2673 	
     3031	         2750 	
     3032	         2778 	
     3033	         2835 	
     3034	         2802 	
     3035	         2784 	
     3036	         2648 	
     3037	         2692 	
     3038	         2916 	
     3039	         2762 	
     3040	         2648 	
     3041	         2650 	
     3042	         2714 	
     3043	         2648 	
     3044	         2604 	
     3045	         2580 	
     3046	         2771 	
     3047	         2952 	
     3048	         2648 	
     3049	         2598 	
     3050	         2812 	
     3051	         2879 	
     3052	         2933 	
     3053	         2747 	
     3054	         2708 	
     3055	         2717 	
     3056	         2786 	
     3057	         2885 	
     3058	         2621 	
     3059	         2603 	
     3060	         2703 	
     3061	         2884 	
     3062	         2909 	
     3063	         2636 	
     3064	         2693 	
     3065	         2617 	
     3066	         2704 	
     3067	         2747 	
     3068	         2639 	
     3069	         2635 	
     3070	         2887 	
     3071	         2913 	
     3072	         2739 	
     3073	         2595 	
     3074	         2805 	
     3075	         2917 	
     3076	         2830 	
     3077	         2755 	
     3078	         2673 	
     3079	         2858 	
     3080	         2897 	
     3081	         2871 	
     3082	         2731 	
     3083	         2710 	
     3084	         2695 	
     3085	         2823 	
     3086	         2816 	
     3087	         2670 	
     3088	         2679 	
     3089	         2615 	
     3090	         2647 	
     3091	         2644 	
     3092	         2634 	
     3093	         2782 	
     3094	         2903 	
     3095	         2750 	
     3096	         2651 	
     3097	         2672 	
     3098	         2935 	
     3099	         2925 	
     3100	         2815 	
     3101	         2745 	
     3102	         2740 	
     3103	         2761 	
     3104	         2965 	
     3105	         2861 	
     3106	         2743 	
     3107	         2609 	
     3108	         2797 	
     3109	         2935 	
     3110	         2848 	
     3111	         2659 	
     3112	         2614 	
     3113	         2685 	
     3114	         2654 	
     3115	         2595 	
     3116	         2647 	
     3117	         2821 	
     3118	         2861 	
     3119	         2792 	
     3120	         2667 	
     3121	         2632 	
     3122	         2821 	
     3123	         2875 	
     3124	         2908 	
     3125	         2824 	
     3126	         2767 	
     3127	         2869 	
     3128	         2927 	
     3129	         2843 	
     3130	         2670 	
     3131	         2619 	
     3132	         2856 	
     3133	         2969 	
     3134	         2717 	
     3135	         2580 	
     3136	         2692 	
     3137	         2727 	
     3138	         2672 	
     3139	         2593 	
     3140	         2657 	
     3141	         2939 	
     3142	         2813 	
     3143	         2754 	
     3144	         2639 	
     3145	         2764 	
     3146	         2899 	
     3147	         2797 	
     3148	         2730 	
     3149	         2735 	
     3150	         2679 	
     3151	         2905 	
     3152	         2874 	
     3153	         2665 	
     3154	         2708 	
     3155	         2718 	
     3156	         2868 	
     3157	         2794 	
     3158	         2644 	
     3159	         2645 	
     3160	         2722 	
     3161	         2691 	
     3162	         2586 	
     3163	         2701 	
     3164	         2913 	
     3165	         2814 	
     3166	         2734 	
     3167	         2624 	
     3168	         2707 	
     3169	         2854 	
     3170	         2847 	
     3171	         2653 	
     3172	         2641 	
     3173	         2685 	
     3174	         2834 	
     3175	         2870 	
     3176	         2780 	
     3177	         2630 	
     3178	         2776 	
     3179	         2948 	
     3180	         2782 	
     3181	         2598 	
     3182	         2587 	
     3183	         2687 	
     3184	         2682 	
     3185	         2662 	
     3186	         2610 	
     3187	         2757 	
     3188	         2922 	
     3189	         2773 	
     3190	         2711 	
     3191	         2716 	
     3192	         2880 	
     3193	         2873 	
     3194	         2732 	
     3195	         2872 	
     3196	         2799 	
     3197	         2919 	
     3198	         2932 	
     3199	         2808 	
     3200	         2694 	
     3201	         2667 	
     3202	         2732 	
     3203	         2943 	
     3204	         2766 	
     3205	         2557 	
     3206	         2684 	
     3207	         2618 	
     3208	         2618 	
     3209	         2648 	
     3210	         2604 	
     3211	         2891 	
     3212	         3016 	
     3213	         2701 	
     3214	         2632 	
     3215	         2660 	
     3216	         2880 	
     3217	         2877 	
     3218	         2917 	
     3219	         2815 	
     3220	         2867 	
     3221	         2873 	
     3222	         2940 	
     3223	         2747 	
     3224	         2629 	
     3225	         2701 	
     3226	         2859 	
     3227	         2986 	
     3228	         2722 	
     3229	         2533 	
     3230	         2602 	
     3231	         2713 	
     3232	         2600 	
     3233	         2695 	
     3234	         2712 	
     3235	         2898 	
     3236	         2845 	
     3237	         2613 	
     3238	         2622 	
     3239	         2794 	
     3240	         2971 	
     3241	         2913 	
     3242	         2703 	
     3243	         2753 	
     3244	         2791 	
     3245	         2955 	
     3246	         2891 	
     3247	         2617 	
     3248	         2638 	
     3249	         2754 	
     3250	         2923 	
     3251	         2912 	
     3252	         2625 	
     3253	         2721 	
     3254	         2669 	
     3255	         2624 	
     3256	         2692 	
     3257	         2649 	
     3258	         2841 	
     3259	         2904 	
     3260	         2803 	
     3261	         2639 	
     3262	         2597 	
     3263	         2874 	
     3264	         2923 	
     3265	         2816 	
     3266	         2789 	
     3267	         2878 	
     3268	         2933 	
     3269	         2956 	
     3270	         2788 	
     3271	         2597 	
     3272	         2743 	
     3273	         2880 	
     3274	         2882 	
     3275	         2619 	
     3276	         2551 	
     3277	         2631 	
     3278	         2668 	
     3279	         2818 	
     3280	         2655 	
     3281	         2623 	
     3282	         2793 	
     3283	         2958 	
     3284	         2717 	
     3285	         2646 	
     3286	         2856 	
     3287	         2862 	
     3288	         2809 	
     3289	         2645 	
     3290	         2703 	
     3291	         2724 	
     3292	         2862 	
     3293	         2992 	
     3294	         2735 	
     3295	         2692 	
     3296	         2760 	
     3297	         2872 	
     3298	         2801 	
     3299	         2642 	
     3300	         2626 	
     3301	         2740 	
     3302	         2657 	
     3303	         2655 	
     3304	         2634 	
     3305	         2817 	
     3306	         2924 	
     3307	         2720 	
     3308	         2650 	
     3309	         2749 	
     3310	         2880 	
     3311	         2776 	
     3312	         2715 	
     3313	         2668 	
     3314	         2657 	
     3315	         2785 	
     3316	         2913 	
     3317	         2812 	
     3318	         2624 	
     3319	         2738 	
     3320	         2857 	
     3321	         2811 	
     3322	         2610 	
     3323	         2633 	
     3324	         2585 	
     3325	         2628 	
     3326	         2693 	
     3327	         2660 	
     3328	         2800 	
     3329	         2917 	
     3330	         2795 	
     3331	         2622 	
     3332	         2579 	
     3333	         2889 	
     3334	         2985 	
     3335	         2911 	
     3336	         2775 	
     3337	         2753 	
     3338	         2832 	
     3339	         2944 	
     3340	         2794 	
     3341	         2649 	
     3342	         2574 	
     3343	         2838 	
     3344	         2922 	
     3345	         2725 	
     3346	         2558 	
     3347	         2716 	
     3348	         2681 	
     3349	         2612 	
     3350	         2591 	
     3351	         2691 	
     3352	         2951 	
     3353	         2841 	
     3354	         2694 	
     3355	         2632 	
     3356	         2711 	
     3357	         2890 	
     3358	         2918 	
     3359	         2823 	
     3360	         2869 	
     3361	         2879 	
     3362	         2943 	
     3363	         2821 	
     3364	         2736 	
     3365	         2608 	
     3366	         2765 	
     3367	         2841 	
     3368	         2936 	
     3369	         2709 	
     3370	         2571 	
     3371	         2678 	
     3372	         2705 	
     3373	         2723 	
     3374	         2594 	
     3375	         2646 	
     3376	         2979 	
     3377	         2751 	
     3378	         2705 	
     3379	         2602 	
     3380	         2798 	
     3381	         2873 	
     3382	         2786 	
     3383	         2784 	
     3384	         2801 	
     3385	         2825 	
     3386	         2968 	
     3387	         2860 	
     3388	         2672 	
     3389	         2659 	
     3390	         2683 	
     3391	         3014 	
     3392	         2853 	
     3393	         2604 	
     3394	         2653 	
     3395	         2679 	
     3396	         2629 	
     3397	         2724 	
     3398	         2586 	
     3399	         2684 	
     3400	         3037 	
     3401	         2760 	
     3402	         2713 	
     3403	         2739 	
     3404	         2832 	
     3405	         2876 	
     3406	         2868 	
     3407	         2713 	
     3408	         2792 	
     3409	         2849 	
     3410	         2978 	
     3411	         2745 	
     3412	         2623 	
     3413	         2747 	
     3414	         2889 	
     3415	         2808 	
     3416	         2645 	
     3417	         2673 	
     3418	         2657 	
     3419	         2609 	
     3420	         2747 	
     3421	         2642 	
     3422	         2571 	
     3423	         2891 	
     3424	         2902 	
     3425	         2682 	
     3426	         2581 	
     3427	         2751 	
     3428	         2858 	
     3429	         2801 	
     3430	         2790 	
     3431	         2642 	
     3432	         2831 	
     3433	         2883 	
     3434	         2918 	
     3435	         2755 	
     3436	         2675 	
     3437	         2776 	
     3438	         2873 	
     3439	         2741 	
     3440	         2660 	
     3441	         2707 	
     3442	         2704 	
     3443	         2799 	
     3444	         2716 	
     3445	         2509 	
     3446	         2795 	
     3447	         2903 	
     3448	         2706 	
     3449	         2610 	
     3450	         2738 	
     3451	         2931 	
     3452	         2821 	
     3453	         2707 	
     3454	         2723 	
     3455	         2709 	
     3456	         2716 	
     3457	         2952 	
     3458	         2828 	
     3459	         2643 	
     3460	         2732 	
     3461	         2817 	
     3462	         2883 	
     3463	         2650 	
     3464	         2684 	
     3465	         2738 	
     3466	         2636 	
     3467	         2654 	
     3468	         2642 	
     3469	         2632 	
     3470	         2826 	
     3471	         2835 	
     3472	         2737 	
     3473	         2744 	
     3474	         2789 	
     3475	         2953 	
     3476	         2817 	
     3477	         2727 	
     3478	         2738 	
     3479	         2691 	
     3480	         2875 	
     3481	         2934 	
     3482	         2616 	
     3483	         2681 	
     3484	         2806 	
     3485	         2940 	
     3486	         2786 	
     3487	         2534 	
     3488	         2603 	
     3489	         2685 	
     3490	         2616 	
     3491	         2634 	
     3492	         2613 	
     3493	         2812 	
     3494	         2931 	
     3495	         2785 	
     3496	         2689 	
     3497	         2591 	
     3498	         2814 	
     3499	         2888 	
     3500	         2738 	
     3501	         2817 	
     3502	         2724 	
     3503	         2811 	
     3504	         2931 	
     3505	         2785 	
     3506	         2682 	
     3507	         2662 	
     3508	         2762 	
     3509	         2913 	
     3510	         2722 	
     3511	         2668 	
     3512	         2562 	
     3513	         2653 	
     3514	         2711 	
     3515	         2622 	
     3516	         2720 	
     3517	         2844 	
     3518	         2869 	
     3519	         2683 	
     3520	         2631 	
     3521	         2712 	
     3522	         2989 	
     3523	         2784 	
     3524	         2782 	
     3525	         2782 	
     3526	         2803 	
     3527	         2925 	
     3528	         2950 	
     3529	         2794 	
     3530	         2686 	
     3531	         2702 	
     3532	         2855 	
     3533	         2804 	
     3534	         2528 	
     3535	         2602 	
     3536	         2780 	
     3537	         2772 	
     3538	         2618 	
     3539	         2651 	
     3540	         2675 	
     3541	         2836 	
     3542	         2824 	
     3543	         2572 	
     3544	         2606 	
     3545	         2878 	
     3546	         2824 	
     3547	         2720 	
     3548	         2716 	
     3549	         2765 	
     3550	         2731 	
     3551	         2950 	
     3552	         2881 	
     3553	         2677 	
     3554	         2691 	
     3555	         2862 	
     3556	         2878 	
     3557	         2678 	
     3558	         2637 	
     3559	         2666 	
     3560	         2643 	
     3561	         2673 	
     3562	         2691 	
     3563	         2591 	
     3564	         2755 	
     3565	         2947 	
     3566	         2706 	
     3567	         2658 	
     3568	         2700 	
     3569	         2886 	
     3570	         2837 	
     3571	         2699 	
     3572	         2714 	
     3573	         2765 	
     3574	         2785 	
     3575	         2922 	
     3576	         2763 	
     3577	         2625 	
     3578	         2733 	
     3579	         2963 	
     3580	         2730 	
     3581	         2648 	
     3582	         2645 	
     3583	         2658 	
     3584	         2681 	
     3585	         2756 	
     3586	         2647 	
     3587	         2574 	
     3588	         2909 	
     3589	         2872 	
     3590	         2662 	
     3591	         2705 	
     3592	         2914 	
     3593	         2814 	
     3594	         2696 	
     3595	         2643 	
     3596	         2636 	
     3597	         2746 	
     3598	         2882 	
     3599	         2872 	
     3600	         2596 	
     3601	         2569 	
     3602	         2827 	
     3603	         2868 	
     3604	         2712 	
     3605	         2546 	
     3606	         2636 	
     3607	         2721 	
     3608	         2763 	
     3609	         2684 	
     3610	         2603 	
     3611	         2807 	
     3612	         2973 	
     3613	         2725 	
     3614	         2664 	
     3615	         2792 	
     3616	         2914 	
     3617	         2870 	
     3618	         2663 	
     3619	         2736 	
     3620	         2741 	
     3621	         2878 	
     3622	         2969 	
     3623	         2764 	
     3624	         2578 	
     3625	         2758 	
     3626	         2878 	
     3627	         2807 	
     3628	         2574 	
     3629	         2653 	
     3630	         2792 	
     3631	         2749 	
     3632	         2684 	
     3633	         2600 	
     3634	         2639 	
     3635	         2891 	
     3636	         2827 	
     3637	         2659 	
     3638	         2653 	
     3639	         2831 	
     3640	         2884 	
     3641	         2835 	
     3642	         2766 	
     3643	         2731 	
     3644	         2823 	
     3645	         2877 	
     3646	         2932 	
     3647	         2633 	
     3648	         2698 	
     3649	         2724 	
     3650	         2925 	
     3651	         2806 	
     3652	         2577 	
     3653	         2620 	
     3654	         2663 	
     3655	         2686 	
     3656	         2595 	
     3657	         2585 	
     3658	         2743 	
     3659	         2958 	
     3660	         2642 	
     3661	         2661 	
     3662	         2600 	
     3663	         2780 	
     3664	         2867 	
     3665	         2875 	
     3666	         2840 	
     3667	         2786 	
     3668	         2862 	
     3669	         2930 	
     3670	         2838 	
     3671	         2548 	
     3672	         2683 	
     3673	         2886 	
     3674	         3007 	
     3675	         2658 	
     3676	         2638 	
     3677	         2647 	
     3678	         2695 	
     3679	         2709 	
     3680	         2655 	
     3681	         2557 	
     3682	         2716 	
     3683	         2938 	
     3684	         2812 	
     3685	         2681 	
     3686	         2667 	
     3687	         2895 	
     3688	         2798 	
     3689	         2834 	
     3690	         2824 	
     3691	         2751 	
     3692	         2936 	
     3693	         2935 	
     3694	         2719 	
     3695	         2667 	
     3696	         2729 	
     3697	         2848 	
     3698	         2796 	
     3699	         2648 	
     3700	         2782 	
     3701	         2602 	
     3702	         2795 	
     3703	         2751 	
     3704	         2689 	
     3705	         2613 	
     3706	         2862 	
     3707	         2832 	
     3708	         2658 	
     3709	         2572 	
     3710	         2821 	
     3711	         2924 	
     3712	         2823 	
     3713	         2752 	
     3714	         2688 	
     3715	         2803 	
     3716	         2926 	
     3717	         2816 	
     3718	         2615 	
     3719	         2675 	
     3720	         2896 	
     3721	         2892 	
     3722	         2619 	
     3723	         2627 	
     3724	         2661 	
     3725	         2684 	
     3726	         2636 	
     3727	         2635 	
     3728	         2613 	
     3729	         2704 	
     3730	         3004 	
     3731	         2735 	
     3732	         2572 	
     3733	         2736 	
     3734	         2894 	
     3735	         2859 	
     3736	         2817 	
     3737	         2730 	
     3738	         2776 	
     3739	         2906 	
     3740	         2936 	
     3741	         2592 	
     3742	         2612 	
     3743	         2759 	
     3744	         2911 	
     3745	         2780 	
     3746	         2660 	
     3747	         2630 	
     3748	         2661 	
     3749	         2665 	
     3750	         2632 	
     3751	         2596 	
     3752	         2682 	
     3753	         2913 	
     3754	         2794 	
     3755	         2662 	
     3756	         2604 	
     3757	         2916 	
     3758	         2893 	
     3759	         2817 	
     3760	         2778 	
     3761	         2903 	
     3762	         2819 	
     3763	         2848 	
     3764	         2763 	
     3765	         2551 	
     3766	         2686 	
     3767	         2889 	
     3768	         2799 	
     3769	         2565 	
     3770	         2609 	
     3771	         2763 	
     3772	         2695 	
     3773	         2695 	
     3774	         2754 	
     3775	         2654 	
     3776	         2818 	
     3777	         2866 	
     3778	         2775 	
     3779	         2698 	
     3780	         2764 	
     3781	         2977 	
     3782	         2879 	
     3783	         2899 	
     3784	         2920 	
     3785	         2890 	
     3786	         2917 	
     3787	         2853 	
     3788	         2610 	
     3789	         2722 	
     3790	         2717 	
     3791	         2904 	
     3792	         2861 	
     3793	         2605 	
     3794	         2610 	
     3795	         2617 	
     3796	         2675 	
     3797	         2663 	
     3798	         2647 	
     3799	         2689 	
     3800	         2913 	
     3801	         2822 	
     3802	         2763 	
     3803	         2684 	
     3804	         2716 	
     3805	         2814 	
     3806	         2918 	
     3807	         2964 	
     3808	         2939 	
     3809	         2901 	
     3810	         2893 	
     3811	         2898 	
     3812	         2758 	
     3813	         2715 	
     3814	         2800 	
     3815	         2860 	
     3816	         2744 	
     3817	         2637 	
     3818	         2653 	
     3819	         2666 	
     3820	         2594 	
     3821	         2697 	
     3822	         2610 	
     3823	         2743 	
     3824	         2923 	
     3825	         2784 	
     3826	         2715 	
     3827	         2580 	
     3828	         2850 	
     3829	         2887 	
     3830	         2891 	
     3831	         2765 	
     3832	         2829 	
     3833	         2910 	
     3834	         2880 	
     3835	         2971 	
     3836	         2568 	
     3837	         2688 	
     3838	         2951 	
     3839	         2910 	
     3840	         2641 	
     3841	         2604 	
     3842	         2678 	
     3843	         2671 	
     3844	         2676 	
     3845	         2671 	
     3846	         2632 	
     3847	         2831 	
     3848	         2850 	
     3849	         2692 	
     3850	         2624 	
     3851	         2850 	
     3852	         2837 	
     3853	         2936 	
     3854	         2875 	
     3855	         2740 	
     3856	         2781 	
     3857	         2888 	
     3858	         2919 	
     3859	         2641 	
     3860	         2689 	
     3861	         2798 	
     3862	         2920 	
     3863	         2702 	
     3864	         2617 	
     3865	         2708 	
     3866	         2626 	
     3867	         2675 	
     3868	         2627 	
     3869	         2651 	
     3870	         2825 	
     3871	         2957 	
     3872	         2692 	
     3873	         2665 	
     3874	         2728 	
     3875	         2932 	
     3876	         2936 	
     3877	         2855 	
     3878	         2846 	
     3879	         2862 	
     3880	         2864 	
     3881	         2911 	
     3882	         2678 	
     3883	         2780 	
     3884	         2777 	
     3885	         2905 	
     3886	         2814 	
     3887	         2586 	
     3888	         2736 	
     3889	         2640 	
     3890	         2698 	
     3891	         2644 	
     3892	         2697 	
     3893	         2717 	
     3894	         2945 	
     3895	         2792 	
     3896	         2655 	
     3897	         2600 	
     3898	         2809 	
     3899	         2830 	
     3900	         2929 	
     3901	         2776 	
     3902	         2892 	
     3903	         2843 	
     3904	         2883 	
     3905	         2812 	
     3906	         2663 	
     3907	         2618 	
     3908	         2845 	
     3909	         2946 	
     3910	         2688 	
     3911	         2721 	
     3912	         2749 	
     3913	         2699 	
     3914	         2724 	
     3915	         2608 	
     3916	         2596 	
     3917	         2878 	
     3918	         2844 	
     3919	         2724 	
     3920	         2721 	
     3921	         2664 	
     3922	         2944 	
     3923	         2913 	
     3924	         2738 	
     3925	         2832 	
     3926	         2860 	
     3927	         2962 	
     3928	         2859 	
     3929	         2685 	
     3930	         2611 	
     3931	         2736 	
     3932	         2953 	
     3933	         2881 	
     3934	         2697 	
     3935	         2645 	
     3936	         2660 	
     3937	         2679 	
     3938	         2657 	
     3939	         2601 	
     3940	         2705 	
     3941	         2888 	
     3942	         2888 	
     3943	         2699 	
     3944	         2618 	
     3945	         2764 	
     3946	         2813 	
     3947	         2946 	
     3948	         2861 	
     3949	         2827 	
     3950	         3044 	
     3951	         3010 	
     3952	         2789 	
     3953	         2655 	
     3954	         2683 	
     3955	         2822 	
     3956	         2891 	
     3957	         2868 	
     3958	         2693 	
     3959	         2553 	
     3960	         2643 	
     3961	         2656 	
     3962	         2648 	
     3963	         2613 	
     3964	         2830 	
     3965	         2852 	
     3966	         2776 	
     3967	         2672 	
     3968	         2641 	
     3969	         2796 	
     3970	         2927 	
     3971	         2951 	
     3972	         2837 	
     3973	         2903 	
     3974	         2837 	
     3975	         2938 	
     3976	         2837 	
     3977	         2554 	
     3978	         2688 	
     3979	         2846 	
     3980	         2884 	
     3981	         2740 	
     3982	         2605 	
     3983	         2678 	
     3984	         2649 	
     3985	         2657 	
     3986	         2673 	
     3987	         2709 	
     3988	         2901 	
     3989	         2803 	
     3990	         2668 	
     3991	         2636 	
     3992	         2821 	
     3993	         2886 	
     3994	         2861 	
     3995	         2711 	
     3996	         2719 	
     3997	         2757 	
     3998	         2858 	
     3999	         2977 	
     4000	         2660 	
     4001	         2665 	
     4002	         2687 	
     4003	         2992 	
     4004	         2755 	
     4005	         2658 	
     4006	         2720 	
     4007	         2741 	
     4008	         2656 	
     4009	         2639 	
     4010	         2623 	
     4011	         2821 	
     4012	         2917 	
     4013	         2807 	
     4014	         2630 	
     4015	         2763 	
     4016	         2900 	
     4017	         2842 	
     4018	         2766 	
     4019	         2888 	
     4020	         2808 	
     4021	         2900 	
     4022	         3000 	
     4023	         2736 	
     4024	         2588 	
     4025	         2803 	
     4026	         2874 	
     4027	         2855 	
     4028	         2590 	
     4029	         2607 	
     4030	         2685 	
     4031	         2732 	
     4032	         2668 	
     4033	         2673 	
     4034	         2682 	
     4035	         2913 	
     4036	         2848 	
     4037	         2631 	
     4038	         2595 	
     4039	         2765 	
     4040	         2927 	
     4041	         2932 	
     4042	         2915 	
     4043	         2816 	
     4044	         2895 	
     4045	         2852 	
     4046	         2780 	
     4047	         2626 	
     4048	         2735 	
     4049	         2780 	
     4050	         2916 	
     4051	         2752 	
     4052	         2596 	
     4053	         2660 	
     4054	         2626 	
     4055	         2562 	
     4056	         2646 	
     4057	         2657 	
     4058	         2887 	
     4059	         2859 	
     4060	         2678 	
     4061	         2707 	
     4062	         2665 	
     4063	         2895 	
     4064	         2878 	
     4065	         2843 	
     4066	         2788 	
     4067	         2728 	
     4068	         2870 	
     4069	         2938 	
     4070	         2737 	
     4071	         2600 	
     4072	         2685 	
     4073	         2936 	
     4074	         2914 	
     4075	         2710 	
     4076	         2613 	
     4077	         2606 	
     4078	         2652 	
     4079	         2589 	
     4080	         2699 	
     4081	         2780 	
     4082	         2905 	
     4083	         2931 	
     4084	         2606 	
     4085	         2646 	
     4086	         2722 	
     4087	         2897 	
     4088	         2844 	
     4089	         2826 	
     4090	         2814 	
     4091	         3022 	
     4092	         2886 	
     4093	         2910 	
     4094	         2674 	
     4095	         2758 	
     4096	         2733 	
     4097	         2914 	
     4098	         2904 	
     4099	         2623 	
     4100	         2705 	
     4101	         2689 	
     4102	         2729 	
     4103	         2603 	
     4104	         2496 	
     4105	         2629 	
     4106	         2875 	
     4107	         2938 	
     4108	         2699 	
     4109	         2590 	
     4110	         2732 	
     4111	         2826 	
     4112	         2810 	
     4113	         2890 	
     4114	         2993 	
     4115	         2846 	
     4116	         2977 	
     4117	         2803 	
     4118	         2612 	
     4119	         2696 	
     4120	         2751 	
     4121	         2910 	
     4122	         2649 	
     4123	         2589 	
     4124	         2759 	
     4125	         2603 	
     4126	         2673 	
     4127	         2603 	
     4128	         2639 	
     4129	         2809 	
     4130	         2994 	
     4131	         2768 	
     4132	         2620 	
     4133	         2688 	
     4134	         2923 	
     4135	         2980 	
     4136	         2750 	
     4137	         2714 	
     4138	         2832 	
     4139	         2905 	
     4140	         2894 	
     4141	         2691 	
     4142	         2616 	
     4143	         2722 	
     4144	         2803 	
     4145	         2801 	
     4146	         2677 	
     4147	         2764 	
     4148	         2684 	
     4149	         2651 	
     4150	         2666 	
     4151	         2595 	
     4152	         2779 	
     4153	         2963 	
     4154	         2713 	
     4155	         2624 	
     4156	         2718 	
     4157	         2944 	
     4158	         2740 	
     4159	         2732 	
     4160	         2662 	
     4161	         2810 	
     4162	         2847 	
     4163	         2987 	
     4164	         2787 	
     4165	         2637 	
     4166	         2715 	
     4167	         2896 	
     4168	         2874 	
     4169	         2642 	
     4170	         2594 	
     4171	         2716 	
     4172	         2730 	
     4173	         2701 	
     4174	         2633 	
     4175	         2560 	
     4176	         2780 	
     4177	         2894 	
     4178	         2658 	
     4179	         2553 	
     4180	         2658 	
     4181	         2931 	
     4182	         2879 	
     4183	         2785 	
     4184	         2819 	
     4185	         2790 	
     4186	         2896 	
     4187	         2886 	
     4188	         2639 	
     4189	         2607 	
     4190	         2829 	
     4191	         2878 	
     4192	         2865 	
     4193	         2539 	
     4194	         2671 	
     4195	         2685 	
     4196	         2607 	
     4197	         2720 	
     4198	         2598 	
     4199	         2800 	
     4200	         2925 	
     4201	         2885 	
     4202	         2695 	
     4203	         2635 	
     4204	         2823 	
     4205	         2839 	
     4206	         2846 	
     4207	         2768 	
     4208	         2887 	
     4209	         2823 	
     4210	         2915 	
     4211	         2901 	
     4212	         2670 	
     4213	         2661 	
     4214	         2876 	
     4215	         2841 	
     4216	         2784 	
     4217	         2678 	
     4218	         2666 	
     4219	         2790 	
     4220	         2708 	
     4221	         2591 	
     4222	         2634 	
     4223	         2748 	
     4224	         2978 	
     4225	         2791 	
     4226	         2699 	
     4227	         2644 	
     4228	         2809 	
     4229	         2896 	
     4230	         2898 	
     4231	         2869 	
     4232	         2770 	
     4233	         2887 	
     4234	         2837 	
     4235	         2706 	
     4236	         2675 	
     4237	         2712 	
     4238	         2848 	
     4239	         2928 	
     4240	         2637 	
     4241	         2642 	
     4242	         2621 	
     4243	         2616 	
     4244	         2586 	
     4245	         2647 	
     4246	         2727 	
     4247	         2876 	
     4248	         2913 	
     4249	         2723 	
     4250	         2641 	
     4251	         2684 	
     4252	         3010 	
     4253	         2948 	
     4254	         2802 	
     4255	         2857 	
     4256	         2782 	
     4257	         2968 	
     4258	         2912 	
     4259	         2741 	
     4260	         2611 	
     4261	         2840 	
     4262	         2910 	
     4263	         2683 	
     4264	         2620 	
     4265	         2624 	
     4266	         2758 	
     4267	         2638 	
     4268	         2671 	
     4269	         2695 	
     4270	         2721 	
     4271	         2880 	
     4272	         2883 	
     4273	         2689 	
     4274	         2695 	
     4275	         2910 	
     4276	         2925 	
     4277	         2789 	
     4278	         2734 	
     4279	         2691 	
     4280	         2784 	
     4281	         2954 	
     4282	         2787 	
     4283	         2625 	
     4284	         2688 	
     4285	         2877 	
     4286	         2888 	
     4287	         2613 	
     4288	         2703 	
     4289	         2666 	
     4290	         2755 	
     4291	         2656 	
     4292	         2667 	
     4293	         2586 	
     4294	         2895 	
     4295	         2897 	
     4296	         2757 	
     4297	         2564 	
     4298	         2859 	
     4299	         2895 	
     4300	         2778 	
     4301	         2721 	
     4302	         2759 	
     4303	         2738 	
     4304	         2921 	
     4305	         2936 	
     4306	         2723 	
     4307	         2696 	
     4308	         2818 	
     4309	         2816 	
     4310	         2648 	
     4311	         2689 	
     4312	         2670 	
     4313	         2681 	
     4314	         2604 	
     4315	         2666 	
     4316	         2579 	
     4317	         2750 	
     4318	         2885 	
     4319	         2733 	
     4320	         2652 	
     4321	         2676 	
     4322	         2925 	
     4323	         2910 	
     4324	         2906 	
     4325	         2732 	
     4326	         2780 	
     4327	         2882 	
     4328	         2907 	
     4329	         2617 	
     4330	         2655 	
     4331	         2755 	
     4332	         2947 	
     4333	         2792 	
     4334	         2576 	
     4335	         2639 	
     4336	         2704 	
     4337	         2577 	
     4338	         2664 	
     4339	         2607 	
     4340	         2744 	
     4341	         2907 	
     4342	         2910 	
     4343	         2626 	
     4344	         2630 	
     4345	         2740 	
     4346	         2917 	
     4347	         2912 	
     4348	         2786 	
     4349	         2719 	
     4350	         2828 	
     4351	         2879 	
     4352	         2867 	
     4353	         2590 	
     4354	         2662 	
     4355	         2773 	
     4356	         2946 	
     4357	         2755 	
     4358	         2545 	
     4359	         2589 	
     4360	         2730 	
     4361	         2663 	
     4362	         2654 	
     4363	         2635 	
     4364	         2739 	
     4365	         2924 	
     4366	         2791 	
     4367	         2732 	
     4368	         2579 	
     4369	         2915 	
     4370	         2881 	
     4371	         2857 	
     4372	         2824 	
     4373	         2845 	
     4374	         2921 	
     4375	         2950 	
     4376	         2798 	
     4377	         2563 	
     4378	         2639 	
     4379	         2853 	
     4380	         3023 	
     4381	         2659 	
     4382	         2626 	
     4383	         2669 	
     4384	         2752 	
     4385	         2766 	
     4386	         2750 	
     4387	         2675 	
     4388	         2777 	
     4389	         2921 	
     4390	         2753 	
     4391	         2650 	
     4392	         2691 	
     4393	         2857 	
     4394	         2939 	
     4395	         2852 	
     4396	         2758 	
     4397	         2789 	
     4398	         2826 	
     4399	         2907 	
     4400	         2750 	
     4401	         2652 	
     4402	         2729 	
     4403	         2867 	
     4404	         2798 	
     4405	         2631 	
     4406	         2643 	
     4407	         2701 	
     4408	         2677 	
     4409	         2647 	
     4410	         2694 	
     4411	         2621 	
     4412	         2863 	
     4413	         2891 	
     4414	         2738 	
     4415	         2652 	
     4416	         2832 	
     4417	         2873 	
     4418	         2749 	
     4419	         2751 	
     4420	         2786 	
     4421	         2747 	
     4422	         2944 	
     4423	         2835 	
     4424	         2632 	
     4425	         2678 	
     4426	         2837 	
     4427	         2942 	
     4428	         2682 	
     4429	         2625 	
     4430	         2715 	
     4431	         2743 	
     4432	         2674 	
     4433	         2734 	
     4434	         2611 	
     4435	         2708 	
     4436	         2938 	
     4437	         2763 	
     4438	         2627 	
     4439	         2701 	
     4440	         2917 	
     4441	         2866 	
     4442	         2814 	
     4443	         2855 	
     4444	         2802 	
     4445	         2957 	
     4446	         2833 	
     4447	         2586 	
     4448	         2692 	
     4449	         2734 	
     4450	         2895 	
     4451	         2659 	
     4452	         2589 	
     4453	         2653 	
     4454	         2623 	
     4455	         2644 	
     4456	         2729 	
     4457	         2604 	
     4458	         2709 	
     4459	         2895 	
     4460	         2777 	
     4461	         2621 	
     4462	         2673 	
     4463	         2837 	
     4464	         2904 	
     4465	         2777 	
     4466	         2738 	
     4467	         2844 	
     4468	         2827 	
     4469	         2927 	
     4470	         2699 	
     4471	         2611 	
     4472	         2766 	
     4473	         2909 	
     4474	         2876 	
     4475	         2503 	
     4476	         2679 	
     4477	         2725 	
     4478	         2726 	
     4479	         2733 	
     4480	         2675 	
     4481	         2623 	
     4482	         2909 	
     4483	         2807 	
     4484	         2757 	
     4485	         2644 	
     4486	         2767 	
     4487	         2916 	
     4488	         2825 	
     4489	         2825 	
     4490	         2712 	
     4491	         2853 	
     4492	         2856 	
     4493	         2987 	
     4494	         2568 	
     4495	         2723 	
     4496	         2847 	
     4497	         2918 	
     4498	         2748 	
     4499	         2599 	
     4500	         2713 	
     4501	         2700 	
     4502	         2704 	
     4503	         2689 	
     4504	         2594 	
     4505	         2577 	
     4506	         2911 	
     4507	         2924 	
     4508	         2709 	
     4509	         2631 	
     4510	         2749 	
     4511	         2982 	
     4512	         2886 	
     4513	         2828 	
     4514	         2814 	
     4515	         2920 	
     4516	         2967 	
     4517	         2846 	
     4518	         2588 	
     4519	         2635 	
     4520	         2749 	
     4521	         2896 	
     4522	         2646 	
     4523	         2640 	
     4524	         2730 	
     4525	         2724 	
     4526	         2681 	
     4527	         2617 	
     4528	         2604 	
     4529	         2794 	
     4530	         3003 	
     4531	         2815 	
     4532	         2718 	
     4533	         2712 	
     4534	         2890 	
     4535	         2945 	
     4536	         2820 	
     4537	         2768 	
     4538	         2823 	
     4539	         2873 	
     4540	         2932 	
     4541	         2748 	
     4542	         2681 	
     4543	         2672 	
     4544	         2892 	
     4545	         2884 	
     4546	         2636 	
     4547	         2637 	
     4548	         2663 	
     4549	         2752 	
     4550	         2694 	
     4551	         2649 	
     4552	         2581 	
     4553	         2826 	
     4554	         2937 	
     4555	         2757 	
     4556	         2652 	
     4557	         2697 	
     4558	         2984 	
     4559	         2920 	
     4560	         2756 	
     4561	         2711 	
     4562	         2831 	
     4563	         2920 	
     4564	         2896 	
     4565	         2646 	
     4566	         2738 	
     4567	         2891 	
     4568	         2949 	
     4569	         2735 	
     4570	         2639 	
     4571	         2718 	
     4572	         2806 	
     4573	         2751 	
     4574	         2710 	
     4575	         2622 	
     4576	         2656 	
     4577	         2899 	
     4578	         2822 	
     4579	         2691 	
     4580	         2622 	
     4581	         2949 	
     4582	         2876 	
     4583	         2859 	
     4584	         2728 	
     4585	         2762 	
     4586	         2813 	
     4587	         2951 	
     4588	         2728 	
     4589	         2660 	
     4590	         2728 	
     4591	         2899 	
     4592	         2810 	
     4593	         2643 	
     4594	         2658 	
     4595	         2618 	
     4596	         2683 	
     4597	         2727 	
     4598	         2581 	
     4599	         2657 	
     4600	         2899 	
     4601	         2884 	
     4602	         2754 	
     4603	         2579 	
     4604	         2864 	
     4605	         2959 	
     4606	         2822 	
     4607	         2673 	
     4608	         2829 	
     4609	         2917 	
     4610	         2885 	
     4611	         2794 	
     4612	         2609 	
     4613	         2710 	
     4614	         2806 	
     4615	         2891 	
     4616	         2731 	
     4617	         2670 	
     4618	         2630 	
     4619	         2674 	
     4620	         2609 	
     4621	         2643 	
     4622	         2581 	
     4623	         2744 	
     4624	         2966 	
     4625	         2684 	
     4626	         2614 	
     4627	         2660 	
     4628	         2841 	
     4629	         2960 	
     4630	         2961 	
     4631	         2816 	
     4632	         2861 	
     4633	         2984 	
     4634	         2848 	
     4635	         2651 	
     4636	         2681 	
     4637	         2677 	
     4638	         2893 	
     4639	         2856 	
     4640	         2680 	
     4641	         2657 	
     4642	         2677 	
     4643	         2713 	
     4644	         2619 	
     4645	         2586 	
     4646	         2582 	
     4647	         2844 	
     4648	         2966 	
     4649	         2792 	
     4650	         2661 	
     4651	         2629 	
     4652	         3007 	
     4653	         2879 	
     4654	         2910 	
     4655	         2895 	
     4656	         2896 	
     4657	         2910 	
     4658	         2744 	
     4659	         2625 	
     4660	         2659 	
     4661	         2821 	
     4662	         2851 	
     4663	         2689 	
     4664	         2650 	
     4665	         2692 	
     4666	         2726 	
     4667	         2709 	
     4668	         2743 	
     4669	         2652 	
     4670	         2653 	
     4671	         2862 	
     4672	         2813 	
     4673	         2658 	
     4674	         2529 	
     4675	         2866 	
     4676	         2918 	
     4677	         2866 	
     4678	         2806 	
     4679	         2791 	
     4680	         2905 	
     4681	         2991 	
     4682	         2821 	
     4683	         2676 	
     4684	         2744 	
     4685	         2871 	
     4686	         2907 	
     4687	         2671 	
     4688	         2623 	
     4689	         2714 	
     4690	         2709 	
     4691	         2646 	
     4692	         2601 	
     4693	         2645 	
     4694	         2778 	
     4695	         2894 	
     4696	         2741 	
     4697	         2627 	
     4698	         2668 	
     4699	         2922 	
     4700	         2945 	
     4701	         2795 	
     4702	         2747 	
     4703	         2728 	
     4704	         2865 	
     4705	         2966 	
     4706	         2770 	
     4707	         2593 	
     4708	         2739 	
     4709	         2934 	
     4710	         2744 	
     4711	         2678 	
     4712	         2741 	
     4713	         2685 	
     4714	         2628 	
     4715	         2688 	
     4716	         2691 	
     4717	         2642 	
     4718	         2871 	
     4719	         2753 	
     4720	         2640 	
     4721	         2576 	
     4722	         2795 	
     4723	         2845 	
     4724	         2747 	
     4725	         2708 	
     4726	         2708 	
     4727	         2763 	
     4728	         2921 	
     4729	         2869 	
     4730	         2634 	
     4731	         2677 	
     4732	         2888 	
     4733	         2769 	
     4734	         2670 	
     4735	         2698 	
     4736	         2652 	
     4737	         2662 	
     4738	         2692 	
     4739	         2670 	
     4740	         2544 	
     4741	         2878 	
     4742	         2875 	
     4743	         2707 	
     4744	         2578 	
     4745	         2785 	
     4746	         2832 	
     4747	         2771 	
     4748	         2736 	
     4749	         2711 	
     4750	         2836 	
     4751	         2833 	
     4752	         2821 	
     4753	         2631 	
     4754	         2698 	
     4755	         2776 	
     4756	         2863 	
     4757	         2651 	
     4758	         2636 	
     4759	         2681 	
     4760	         2596 	
     4761	         2645 	
     4762	         2695 	
     4763	         2638 	
     4764	         2733 	
     4765	         2943 	
     4766	         2756 	
     4767	         2718 	
     4768	         2638 	
     4769	         2875 	
     4770	         2853 	
     4771	         2866 	
     4772	         2803 	
     4773	         2864 	
     4774	         2903 	
     4775	         2841 	
     4776	         2696 	
     4777	         2626 	
     4778	         2798 	
     4779	         2824 	
     4780	         2815 	
     4781	         2617 	
     4782	         2700 	
     4783	         2684 	
     4784	         2706 	
     4785	         2643 	
     4786	         2717 	
     4787	         2700 	
     4788	         2946 	
     4789	         2931 	
     4790	         2788 	
     4791	         2638 	
     4792	         2698 	
     4793	         2908 	
     4794	         3003 	
     4795	         2863 	
     4796	         2924 	
     4797	         2883 	
     4798	         2890 	
     4799	         2862 	
     4800	         2765 	
     4801	         2706 	
     4802	         2775 	
     4803	         2853 	
     4804	         2804 	
     4805	         2523 	
     4806	         2629 	
     4807	         2644 	
     4808	         2602 	
     4809	         2665 	
     4810	         2588 	
     4811	         2753 	
     4812	         2905 	
     4813	         2812 	
     4814	         2635 	
     4815	         2650 	
     4816	         2830 	
     4817	         2934 	
     4818	         2872 	
     4819	         2808 	
     4820	         2888 	
     4821	         2877 	
     4822	         2952 	
     4823	         2862 	
     4824	         2693 	
     4825	         2716 	
     4826	         2752 	
     4827	         2876 	
     4828	         2717 	
     4829	         2648 	
     4830	         2709 	
     4831	         2716 	
     4832	         2766 	
     4833	         2651 	
     4834	         2634 	
     4835	         2741 	
     4836	         2871 	
     4837	         2700 	
     4838	         2621 	
     4839	         2678 	
     4840	         2838 	
     4841	         2880 	
     4842	         2840 	
     4843	         2693 	
     4844	         2789 	
     4845	         2909 	
     4846	         2866 	
     4847	         2627 	
     4848	         2594 	
     4849	         2701 	
     4850	         2862 	
     4851	         2739 	
     4852	         2576 	
     4853	         2655 	
     4854	         2679 	
     4855	         2798 	
     4856	         2723 	
     4857	         2611 	
     4858	         2608 	
     4859	         2917 	
     4860	         2825 	
     4861	         2691 	
     4862	         2599 	
     4863	         2850 	
     4864	         2877 	
     4865	         2813 	
     4866	         2783 	
     4867	         2691 	
     4868	         2880 	
     4869	         2880 	
     4870	         2804 	
     4871	         2581 	
     4872	         2653 	
     4873	         2874 	
     4874	         2861 	
     4875	         2639 	
     4876	         2656 	
     4877	         2776 	
     4878	         2660 	
     4879	         2619 	
     4880	         2681 	
     4881	         2636 	
     4882	         2923 	
     4883	         2961 	
     4884	         2799 	
     4885	         2684 	
     4886	         2810 	
     4887	         2961 	
     4888	         2955 	
     4889	         2710 	
     4890	         2776 	
     4891	         2876 	
     4892	         2999 	
     4893	         2779 	
     4894	         2659 	
     4895	         2644 	
     4896	         2825 	
     4897	         2852 	
     4898	         2724 	
     4899	         2704 	
     4900	         2693 	
     4901	         2706 	
     4902	         2707 	
     4903	         2595 	
     4904	         2683 	
     4905	         2654 	
     4906	         2883 	
     4907	         2827 	
     4908	         2621 	
     4909	         2613 	
     4910	         2825 	
     4911	         2978 	
     4912	         2916 	
     4913	         2857 	
     4914	         2897 	
     4915	         2911 	
     4916	         2863 	
     4917	         2778 	
     4918	         2558 	
     4919	         2732 	
     4920	         2822 	
     4921	         2923 	
     4922	         2677 	
     4923	         2632 	
     4924	         2708 	
     4925	         2686 	
     4926	         2677 	
     4927	         2707 	
     4928	         2610 	
     4929	         2919 	
     4930	         2942 	
     4931	         2783 	
     4932	         2681 	
     4933	         2629 	
     4934	         2893 	
     4935	         2927 	
     4936	         2965 	
     4937	         2962 	
     4938	         2853 	
     4939	         2931 	
     4940	         2889 	
     4941	         2621 	
     4942	         2606 	
     4943	         2735 	
     4944	         2851 	
     4945	         2866 	
     4946	         2634 	
     4947	         2643 	
     4948	         2646 	
     4949	         2700 	
     4950	         2658 	
     4951	         2628 	
     4952	         2825 	
     4953	         2794 	
     4954	         2785 	
     4955	         2696 	
     4956	         2592 	
     4957	         2926 	
     4958	         2882 	
     4959	         2821 	
     4960	         2782 	
     4961	         2872 	
     4962	         2797 	
     4963	         2829 	
     4964	         2858 	
     4965	         2695 	
     4966	         2633 	
     4967	         2816 	
     4968	         2859 	
     4969	         2683 	
     4970	         2607 	
     4971	         2676 	
     4972	         2617 	
     4973	         2706 	
     4974	         2629 	
     4975	         2611 	
     4976	         2888 	
     4977	         2925 	
     4978	         2749 	
     4979	         2643 	
     4980	         2718 	
     4981	         2888 	
     4982	         2868 	
     4983	         2780 	
     4984	         2763 	
     4985	         2738 	
     4986	         2771 	
     4987	         2900 	
     4988	         2686 	
     4989	         2601 	
     4990	         2649 	
     4991	         2864 	
     4992	         2902 	
     4993	         2548 	
     4994	         2746 	
     4995	         2785 	
     4996	         2765 	
     4997	         2672 	
     4998	         2687 	
     4999	         2693 	
     5000	         2871 	
     5001	         2768 	
     5002	         2630 	
     5003	         2601 	
     5004	         2895 	
     5005	         2865 	
     5006	         2740 	
     5007	         2610 	
     5008	         2775 	
     5009	         2835 	
     5010	         2877 	
     5011	         2825 	
     5012	         2653 	
     5013	         2584 	
     5014	         2891 	
     5015	         2892 	
     5016	         2621 	
     5017	         2633 	
     5018	         2679 	
     5019	         2588 	
     5020	         2654 	
     5021	         2640 	
     5022	         2624 	
     5023	         2889 	
     5024	         2915 	
     5025	         2699 	
     5026	         2656 	
     5027	         2791 	
     5028	         2920 	
     5029	         2800 	
     5030	         2663 	
     5031	         2726 	
     5032	         2846 	
     5033	         2885 	
     5034	         2873 	
     5035	         2771 	
     5036	         2605 	
     5037	         2718 	
     5038	         2886 	
     5039	         2931 	
     5040	         2638 	
     5041	         2767 	
     5042	         2628 	
     5043	         2699 	
     5044	         2651 	
     5045	         2638 	
     5046	         2810 	
     5047	         2882 	
     5048	         2745 	
     5049	         2690 	
     5050	         2762 	
     5051	         2896 	
     5052	         2895 	
     5053	         2789 	
     5054	         2805 	
     5055	         2819 	
     5056	         2804 	
     5057	         2886 	
     5058	         2868 	
     5059	         2640 	
     5060	         2612 	
     5061	         2876 	
     5062	         2957 	
     5063	         2793 	
     5064	         2644 	
     5065	         2610 	
     5066	         2661 	
     5067	         2670 	
     5068	         2587 	
     5069	         2693 	
     5070	         2939 	
     5071	         2874 	
     5072	         2684 	
     5073	         2563 	
     5074	         2736 	
     5075	         2832 	
     5076	         2907 	
     5077	         2797 	
     5078	         2802 	
     5079	         2772 	
     5080	         2826 	
     5081	         2750 	
     5082	         2823 	
     5083	         2619 	
     5084	         2673 	
     5085	         2921 	
     5086	         2926 	
     5087	         2815 	
     5088	         2577 	
     5089	         2535 	
     5090	         2638 	
     5091	         2566 	
     5092	         2624 	
     5093	         2638 	
     5094	         2891 	
     5095	         2859 	
     5096	         2599 	
     5097	         2654 	
     5098	         2721 	
     5099	         2907 	
     5100	         2903 	
     5101	         2738 	
     5102	         2745 	
     5103	         2790 	
     5104	         2840 	
     5105	         2940 	
     5106	         2776 	
     5107	         2552 	
     5108	         2706 	
     5109	         2879 	
     5110	         2946 	
     5111	         2682 	
     5112	         2589 	
     5113	         2673 	
     5114	         2688 	
     5115	         2642 	
     5116	         2501 	
     5117	         2739 	
     5118	         2886 	
     5119	         2750 	
     5120	         2636 	
     5121	         2632 	
     5122	         2849 	
     5123	         2859 	
     5124	         2808 	
     5125	         2766 	
     5126	         2740 	
     5127	         2804 	
     5128	         2949 	
     5129	         2891 	
     5130	         2616 	
     5131	         2708 	
     5132	         2779 	
     5133	         2938 	
     5134	         2752 	
     5135	         2612 	
     5136	         2578 	
     5137	         2744 	
     5138	         2791 	
     5139	         2642 	
     5140	         2598 	
     5141	         2908 	
     5142	         2843 	
     5143	         2666 	
     5144	         2557 	
     5145	         2814 	
     5146	         2875 	
     5147	         2855 	
     5148	         2795 	
     5149	         2705 	
     5150	         2744 	
     5151	         2852 	
     5152	         2907 	
     5153	         2756 	
     5154	         2642 	
     5155	         2741 	
     5156	         2926 	
     5157	         2774 	
     5158	         2655 	
     5159	         2651 	
     5160	         2700 	
     5161	         2569 	
     5162	         2645 	
     5163	         2627 	
     5164	         2811 	
     5165	         2913 	
     5166	         2709 	
     5167	         2627 	
     5168	         2790 	
     5169	         2870 	
     5170	         2827 	
     5171	         2793 	
     5172	         2623 	
     5173	         2724 	
     5174	         2795 	
     5175	         2910 	
     5176	         2947 	
     5177	         2516 	
     5178	         2656 	
     5179	         2914 	
     5180	         2811 	
     5181	         2602 	
     5182	         2562 	
     5183	         2719 	
     5184	         2713 	
     5185	         2610 	
     5186	         2583 	
     5187	         2713 	
     5188	         2896 	
     5189	         2811 	
     5190	         2641 	
     5191	         2711 	
     5192	         2863 	
     5193	         2895 	
     5194	         2690 	
     5195	         2672 	
     5196	         2821 	
     5197	         2758 	
     5198	         2834 	
     5199	         2903 	
     5200	         2844 	
     5201	         2616 	
     5202	         2666 	
     5203	         2836 	
     5204	         2875 	
     5205	         2680 	
     5206	         2731 	
     5207	         2628 	
     5208	         2650 	
     5209	         2768 	
     5210	         2667 	
     5211	         2875 	
     5212	         2927 	
     5213	         2784 	
     5214	         2604 	
     5215	         2715 	
     5216	         2986 	
     5217	         2824 	
     5218	         2734 	
     5219	         2711 	
     5220	         2564 	
     5221	         2741 	
     5222	         2845 	
     5223	         2893 	
     5224	         2736 	
     5225	         2676 	
     5226	         2716 	
     5227	         2862 	
     5228	         2943 	
     5229	         2652 	
     5230	         2636 	
     5231	         2656 	
     5232	         2583 	
     5233	         2595 	
     5234	         2711 	
     5235	         2882 	
     5236	         2866 	
     5237	         2688 	
     5238	         2696 	
     5239	         2726 	
     5240	         2889 	
     5241	         2828 	
     5242	         2697 	
     5243	         2678 	
     5244	         2733 	
     5245	         2844 	
     5246	         2804 	
     5247	         2877 	
     5248	         2630 	
     5249	         2682 	
     5250	         2852 	
     5251	         2833 	
     5252	         2701 	
     5253	         2709 	
     5254	         2575 	
     5255	         2607 	
     5256	         2675 	
     5257	         2614 	
     5258	         2650 	
     5259	         2950 	
     5260	         2822 	
     5261	         2693 	
     5262	         2630 	
     5263	         2932 	
     5264	         2846 	
     5265	         2737 	
     5266	         2659 	
     5267	         2656 	
     5268	         2744 	
     5269	         2794 	
     5270	         2946 	
     5271	         2771 	
     5272	         2542 	
     5273	         2725 	
     5274	         2864 	
     5275	         2865 	
     5276	         2587 	
     5277	         2602 	
     5278	         2722 	
     5279	         2674 	
     5280	         2612 	
     5281	         2642 	
     5282	         2907 	
     5283	         2835 	
     5284	         2763 	
     5285	         2599 	
     5286	         2861 	
     5287	         2927 	
     5288	         2745 	
     5289	         2605 	
     5290	         2614 	
     5291	         2676 	
     5292	         2687 	
     5293	         2828 	
     5294	         2857 	
     5295	         2599 	
     5296	         2636 	
     5297	         2827 	
     5298	         2910 	
     5299	         2711 	
     5300	         2616 	
     5301	         2544 	
     5302	         2719 	
     5303	         2626 	
     5304	         2619 	
     5305	         2756 	
     5306	         2856 	
     5307	         2760 	
     5308	         2741 	
     5309	         2584 	
     5310	         2871 	
     5311	         2866 	
     5312	         2731 	
     5313	         2778 	
     5314	         2755 	
     5315	         2767 	
     5316	         2891 	
     5317	         2883 	
     5318	         2673 	
     5319	         2624 	
     5320	         2683 	
     5321	         2963 	
     5322	         2788 	
     5323	         2600 	
     5324	         2717 	
     5325	         2672 	
     5326	         2674 	
     5327	         2749 	
     5328	         2650 	
     5329	         2812 	
     5330	         2819 	
     5331	         2696 	
     5332	         2698 	
     5333	         2729 	
     5334	         2916 	
     5335	         2825 	
     5336	         2794 	
     5337	         2648 	
     5338	         2744 	
     5339	         2742 	
     5340	         2863 	
     5341	         2861 	
     5342	         2573 	
     5343	         2610 	
     5344	         2857 	
     5345	         2877 	
     5346	         2689 	
     5347	         2667 	
     5348	         2648 	
     5349	         2652 	
     5350	         2646 	
     5351	         2599 	
     5352	         2870 	
     5353	         2872 	
     5354	         2731 	
     5355	         2663 	
     5356	         2607 	
     5357	         2823 	
     5358	         2925 	
     5359	         2785 	
     5360	         2714 	
     5361	         2646 	
     5362	         2792 	
     5363	         2869 	
     5364	         2899 	
     5365	         2735 	
     5366	         2707 	
     5367	         2748 	
     5368	         2941 	
     5369	         2892 	
     5370	         2559 	
     5371	         2550 	
     5372	         2650 	
     5373	         2631 	
     5374	         2606 	
     5375	         2696 	
     5376	         2833 	
     5377	         2950 	
     5378	         2776 	
     5379	         2614 	
     5380	         2733 	
     5381	         2964 	
     5382	         2832 	
     5383	         2726 	
     5384	         2657 	
     5385	         2720 	
     5386	         2753 	
     5387	         2886 	
     5388	         2795 	
     5389	         2644 	
     5390	         2669 	
     5391	         2741 	
     5392	         2847 	
     5393	         2629 	
     5394	         2639 	
     5395	         2708 	
     5396	         2663 	
     5397	         2756 	
     5398	         2680 	
     5399	         2554 	
     5400	         2880 	
     5401	         2786 	
     5402	         2700 	
     5403	         2639 	
     5404	         2796 	
     5405	         2840 	
     5406	         2732 	
     5407	         2633 	
     5408	         2635 	
     5409	         2695 	
     5410	         2798 	
     5411	         2945 	
     5412	         2856 	
     5413	         2628 	
     5414	         2643 	
     5415	         2848 	
     5416	         2830 	
     5417	         2619 	
     5418	         2648 	
     5419	         2749 	
     5420	         2671 	
     5421	         2690 	
     5422	         2634 	
     5423	         2753 	
     5424	         2850 	
     5425	         2656 	
     5426	         2625 	
     5427	         2802 	
     5428	         2881 	
     5429	         2818 	
     5430	         2665 	
     5431	         2680 	
     5432	         2682 	
     5433	         2728 	
     5434	         2838 	
     5435	         2823 	
     5436	         2587 	
     5437	         2701 	
     5438	         2915 	
     5439	         2916 	
     5440	         2719 	
     5441	         2611 	
     5442	         2681 	
     5443	         2667 	
     5444	         2688 	
     5445	         2573 	
     5446	         2732 	
     5447	         2917 	
     5448	         2837 	
     5449	         2708 	
     5450	         2701 	
     5451	         2930 	
     5452	         2849 	
     5453	         2817 	
     5454	         2623 	
     5455	         2713 	
     5456	         2673 	
     5457	         2842 	
     5458	         2915 	
     5459	         2815 	
     5460	         2617 	
     5461	         2727 	
     5462	         3101 	
     5463	         2848 	
     5464	         2749 	
     5465	         2637 	
     5466	         2611 	
     5467	         2660 	
     5468	         2607 	
     5469	         2702 	
     5470	         2910 	
     5471	         2912 	
     5472	         2669 	
     5473	         2588 	
     5474	         2728 	
     5475	         2926 	
     5476	         2811 	
     5477	         2798 	
     5478	         2664 	
     5479	         2741 	
     5480	         2752 	
     5481	         2867 	
     5482	         2993 	
     5483	         2612 	
     5484	         2697 	
     5485	         2824 	
     5486	         2993 	
     5487	         2820 	
     5488	         2588 	
     5489	         2635 	
     5490	         2734 	
     5491	         2586 	
     5492	         2659 	
     5493	         2770 	
     5494	         2873 	
     5495	         2836 	
     5496	         2636 	
     5497	         2645 	
     5498	         2942 	
     5499	         2819 	
     5500	         2725 	
     5501	         2636 	
     5502	         2679 	
     5503	         2709 	
     5504	         2904 	
     5505	         2853 	
     5506	         2765 	
     5507	         2632 	
     5508	         2620 	
     5509	         2887 	
     5510	         2871 	
     5511	         2649 	
     5512	         2633 	
     5513	         2579 	
     5514	         2687 	
     5515	         2597 	
     5516	         2576 	
     5517	         2758 	
     5518	         2918 	
     5519	         2819 	
     5520	         2658 	
     5521	         2686 	
     5522	         2922 	
     5523	         2853 	
     5524	         2685 	
     5525	         2746 	
     5526	         2655 	
     5527	         2774 	
     5528	         2949 	
     5529	         2983 	
     5530	         2653 	
     5531	         2708 	
     5532	         2776 	
     5533	         2908 	
     5534	         2862 	
     5535	         2607 	
     5536	         2631 	
     5537	         2639 	
     5538	         2620 	
     5539	         2591 	
     5540	         2655 	
     5541	         2886 	
     5542	         2895 	
     5543	         2733 	
     5544	         2622 	
     5545	         2811 	
     5546	         2919 	
     5547	         2791 	
     5548	         2680 	
     5549	         2711 	
     5550	         2647 	
     5551	         2694 	
     5552	         2912 	
     5553	         2859 	
     5554	         2654 	
     5555	         2653 	
     5556	         2813 	
     5557	         2836 	
     5558	         2593 	
     5559	         2631 	
     5560	         2645 	
     5561	         2713 	
     5562	         2653 	
     5563	         2640 	
     5564	         2696 	
     5565	         2782 	
     5566	         2732 	
     5567	         2596 	
     5568	         2835 	
     5569	         2871 	
     5570	         2789 	
     5571	         2680 	
     5572	         2654 	
     5573	         2633 	
     5574	         2850 	
     5575	         2816 	
     5576	         2886 	
     5577	         2710 	
     5578	         2684 	
     5579	         2766 	
     5580	         2868 	
     5581	         2871 	
     5582	         2584 	
     5583	         2656 	
     5584	         2626 	
     5585	         2659 	
     5586	         2581 	
     5587	         2680 	
     5588	         2832 	
     5589	         2810 	
     5590	         2641 	
     5591	         2660 	
     5592	         2933 	
     5593	         2810 	
     5594	         2727 	
     5595	         2652 	
     5596	         2694 	
     5597	         2641 	
     5598	         2851 	
     5599	         2854 	
     5600	         2812 	
     5601	         2579 	
     5602	         2673 	
     5603	         2913 	
     5604	         2859 	
     5605	         2603 	
     5606	         2676 	
     5607	         2665 	
     5608	         2657 	
     5609	         2633 	
     5610	         2665 	
     5611	         2803 	
     5612	         2912 	
     5613	         2679 	
     5614	         2604 	
     5615	         2762 	
     5616	         2867 	
     5617	         2926 	
     5618	         2701 	
     5619	         2672 	
     5620	         2680 	
     5621	         2731 	
     5622	         2766 	
     5623	         2799 	
     5624	         2634 	
     5625	         2596 	
     5626	         2721 	
     5627	         2848 	
     5628	         2875 	
     5629	         2584 	
     5630	         2509 	
     5631	         2664 	
     5632	         2672 	
     5633	         2605 	
     5634	         2792 	
     5635	         2889 	
     5636	         2850 	
     5637	         2674 	
     5638	         2658 	
     5639	         2904 	
     5640	         2839 	
     5641	         2853 	
     5642	         2653 	
     5643	         2694 	
     5644	         2712 	
     5645	         2794 	
     5646	         2866 	
     5647	         2808 	
     5648	         2706 	
     5649	         2740 	
     5650	         2882 	
     5651	         2884 	
     5652	         2708 	
     5653	         2582 	
     5654	         2616 	
     5655	         2673 	
     5656	         2632 	
     5657	         2631 	
     5658	         2813 	
     5659	         2922 	
     5660	         2715 	
     5661	         2597 	
     5662	         2805 	
     5663	         2941 	
     5664	         2819 	
     5665	         2778 	
     5666	         2724 	
     5667	         2680 	
     5668	         2677 	
     5669	         2837 	
     5670	         2833 	
     5671	         2822 	
     5672	         2684 	
     5673	         2640 	
     5674	         2861 	
     5675	         2833 	
     5676	         2643 	
     5677	         2666 	
     5678	         2593 	
     5679	         2573 	
     5680	         2611 	
     5681	         2572 	
     5682	         2792 	
     5683	         2872 	
     5684	         2709 	
     5685	         2627 	
     5686	         2744 	
     5687	         2943 	
     5688	         2736 	
     5689	         2641 	
     5690	         2641 	
     5691	         2656 	
     5692	         2710 	
     5693	         2776 	
     5694	         2796 	
     5695	         2658 	
     5696	         2692 	
     5697	         2843 	
     5698	         2886 	
     5699	         2637 	
     5700	         2626 	
     5701	         2714 	
     5702	         2609 	
     5703	         2672 	
     5704	         2584 	
     5705	         2682 	
     5706	         2900 	
     5707	         2882 	
     5708	         2665 	
     5709	         2680 	
     5710	         2897 	
     5711	         2827 	
     5712	         2685 	
     5713	         2741 	
     5714	         2671 	
     5715	         2732 	
     5716	         2806 	
     5717	         2863 	
     5718	         2740 	
     5719	         2638 	
     5720	         2701 	
     5721	         2913 	
     5722	         2778 	
     5723	         2603 	
     5724	         2700 	
     5725	         2710 	
     5726	         2711 	
     5727	         2661 	
     5728	         2643 	
     5729	         2920 	
     5730	         2694 	
     5731	         2644 	
     5732	         2640 	
     5733	         2903 	
     5734	         2871 	
     5735	         2711 	
     5736	         2678 	
     5737	         2662 	
     5738	         2676 	
     5739	         2700 	
     5740	         2959 	
     5741	         2847 	
     5742	         2639 	
     5743	         2658 	
     5744	         2832 	
     5745	         2895 	
     5746	         2667 	
     5747	         2578 	
     5748	         2681 	
     5749	         2651 	
     5750	         2660 	
     5751	         2672 	
     5752	         2861 	
     5753	         2876 	
     5754	         2730 	
     5755	         2635 	
     5756	         2803 	
     5757	         2865 	
     5758	         2731 	
     5759	         2706 	
     5760	         2602 	
     5761	         2691 	
     5762	         2674 	
     5763	         2754 	
     5764	         2810 	
     5765	         2733 	
     5766	         2656 	
     5767	         2708 	
     5768	         2932 	
     5769	         2862 	
     5770	         2693 	
     5771	         2645 	
     5772	         2596 	
     5773	         2590 	
     5774	         2643 	
     5775	         2786 	
     5776	         2955 	
     5777	         2749 	
     5778	         2600 	
     5779	         2630 	
     5780	         2924 	
     5781	         2895 	
     5782	         2626 	
     5783	         2652 	
     5784	         2603 	
     5785	         2645 	
     5786	         2772 	
     5787	         2817 	
     5788	         2974 	
     5789	         2621 	
     5790	         2596 	
     5791	         2734 	
     5792	         2870 	
     5793	         2845 	
     5794	         2658 	
     5795	         2606 	
     5796	         2589 	
     5797	         2624 	
     5798	         2675 	
     5799	         2906 	
     5800	         2867 	
     5801	         2663 	
     5802	         2657 	
     5803	         2798 	
     5804	         2896 	
     5805	         2755 	
     5806	         2719 	
     5807	         2661 	
     5808	         2658 	
     5809	         2760 	
     5810	         2652 	
     5811	         2888 	
     5812	         2822 	
     5813	         2485 	
     5814	         2637 	
     5815	         2764 	
     5816	         2904 	
     5817	         2692 	
     5818	         2629 	
     5819	         2709 	
     5820	         2546 	
     5821	         2630 	
     5822	         2695 	
     5823	         2874 	
     5824	         2824 	
     5825	         2714 	
     5826	         2544 	
     5827	         2792 	
     5828	         2867 	
     5829	         2780 	
     5830	         2733 	
     5831	         2629 	
     5832	         2715 	
     5833	         2602 	
     5834	         2846 	
     5835	         2892 	
     5836	         2667 	
     5837	         2606 	
     5838	         2705 	
     5839	         2862 	
     5840	         2772 	
     5841	         2606 	
     5842	         2679 	
     5843	         2669 	
     5844	         2709 	
     5845	         2559 	
     5846	         2683 	
     5847	         2890 	
     5848	         2866 	
     5849	         2620 	
     5850	         2665 	
     5851	         2892 	
     5852	         2823 	
     5853	         2685 	
     5854	         2748 	
     5855	         2713 	
     5856	         2647 	
     5857	         2732 	
     5858	         2905 	
     5859	         2802 	
     5860	         2608 	
     5861	         2701 	
     5862	         2887 	
     5863	         2799 	
     5864	         2581 	
     5865	         2698 	
     5866	         2674 	
     5867	         2674 	
     5868	         2549 	
     5869	         2581 	
     5870	         2815 	
     5871	         2904 	
     5872	         2781 	
     5873	         2710 	
     5874	         2863 	
     5875	         2847 	
     5876	         2740 	
     5877	         2689 	
     5878	         2592 	
     5879	         2653 	
     5880	         2803 	
     5881	         2943 	
     5882	         2770 	
     5883	         2649 	
     5884	         2732 	
     5885	         2987 	
     5886	         2946 	
     5887	         2629 	
     5888	         2609 	
     5889	         2748 	
     5890	         2679 	
     5891	         2653 	
     5892	         2629 	
     5893	         2715 	
     5894	         2903 	
     5895	         2758 	
     5896	         2664 	
     5897	         2610 	
     5898	         2903 	
     5899	         2861 	
     5900	         2804 	
     5901	         2686 	
     5902	         2665 	
     5903	         2714 	
     5904	         2891 	
     5905	         2914 	
     5906	         2757 	
     5907	         2654 	
     5908	         2725 	
     5909	         2860 	
     5910	         2810 	
     5911	         2637 	
     5912	         2639 	
     5913	         2696 	
     5914	         2751 	
     5915	         2686 	
     5916	         2676 	
     5917	         2944 	
     5918	         2914 	
     5919	         2748 	
     5920	         2630 	
     5921	         2648 	
     5922	         2928 	
     5923	         2829 	
     5924	         2746 	
     5925	         2720 	
     5926	         2707 	
     5927	         2848 	
     5928	         2841 	
     5929	         2945 	
     5930	         2686 	
     5931	         2682 	
     5932	         2718 	
     5933	         2807 	
     5934	         2807 	
     5935	         2576 	
     5936	         2511 	
     5937	         2599 	
     5938	         2576 	
     5939	         2705 	
     5940	         2773 	
     5941	         2879 	
     5942	         2853 	
     5943	         2621 	
     5944	         2683 	
     5945	         2813 	
     5946	         2940 	
     5947	         2768 	
     5948	         2835 	
     5949	         2775 	
     5950	         2793 	
     5951	         2845 	
     5952	         2897 	
     5953	         2699 	
     5954	         2619 	
     5955	         2648 	
     5956	         2919 	
     5957	         2958 	
     5958	         2690 	
     5959	         2642 	
     5960	         2588 	
     5961	         2584 	
     5962	         2684 	
     5963	         2553 	
     5964	         2741 	
     5965	         2882 	
     5966	         2829 	
     5967	         2664 	
     5968	         2674 	
     5969	         2873 	
     5970	         2889 	
     5971	         2885 	
     5972	         2702 	
     5973	         2769 	
     5974	         2776 	
     5975	         2898 	
     5976	         2789 	
     5977	         2650 	
     5978	         2672 	
     5979	         2806 	
     5980	         2938 	
     5981	         2685 	
     5982	         2535 	
     5983	         2673 	
     5984	         2660 	
     5985	         2714 	
     5986	         2635 	
     5987	         2603 	
     5988	         2848 	
     5989	         2813 	
     5990	         2748 	
     5991	         2641 	
     5992	         2851 	
     5993	         2945 	
     5994	         2756 	
     5995	         2771 	
     5996	         2672 	
     5997	         2686 	
     5998	         2816 	
     5999	         2918 	
     6000	         2796 	
     6001	         2565 	
     6002	         2738 	
     6003	         2893 	
     6004	         2713 	
     6005	         2572 	
     6006	         2772 	
     6007	         2710 	
     6008	         2719 	
     6009	         2654 	
     6010	         2694 	
     6011	         2755 	
     6012	         2900 	
     6013	         2802 	
     6014	         2664 	
     6015	         2694 	
     6016	         2946 	
     6017	         2855 	
     6018	         2779 	
     6019	         2760 	
     6020	         2654 	
     6021	         2771 	
     6022	         2924 	
     6023	         2893 	
     6024	         2678 	
     6025	         2684 	
     6026	         2902 	
     6027	         2878 	
     6028	         2573 	
     6029	         2671 	
     6030	         2604 	
     6031	         2654 	
     6032	         2670 	
     6033	         2666 	
     6034	         2583 	
     6035	         2864 	
     6036	         2838 	
     6037	         2652 	
     6038	         2658 	
     6039	         2828 	
     6040	         2937 	
     6041	         2801 	
     6042	         2845 	
     6043	         2780 	
     6044	         2901 	
     6045	         2986 	
     6046	         2910 	
     6047	         2637 	
     6048	         2627 	
     6049	         2702 	
     6050	         2900 	
     6051	         2843 	
     6052	         2614 	
     6053	         2707 	
     6054	         2662 	
     6055	         2618 	
     6056	         2587 	
     6057	         2648 	
     6058	         2763 	
     6059	         3003 	
     6060	         2732 	
     6061	         2688 	
     6062	         2610 	
     6063	         2894 	
     6064	         2871 	
     6065	         2797 	
     6066	         2776 	
     6067	         2723 	
     6068	         2890 	
     6069	         2900 	
     6070	         2835 	
     6071	         2622 	
     6072	         2632 	
     6073	         2823 	
     6074	         2929 	
     6075	         2771 	
     6076	         2578 	
     6077	         2735 	
     6078	         2562 	
     6079	         2669 	
     6080	         2624 	
     6081	         2599 	
     6082	         2882 	
     6083	         2901 	
     6084	         2718 	
     6085	         2689 	
     6086	         2692 	
     6087	         2883 	
     6088	         2936 	
     6089	         2881 	
     6090	         2846 	
     6091	         2951 	
     6092	         2923 	
     6093	         2996 	
     6094	         2758 	
     6095	         2591 	
     6096	         2661 	
     6097	         2758 	
     6098	         2896 	
     6099	         2695 	
     6100	         2624 	
     6101	         2599 	
     6102	         2672 	
     6103	         2595 	
     6104	         2644 	
     6105	         2691 	
     6106	         2873 	
     6107	         2860 	
     6108	         2719 	
     6109	         2597 	
     6110	         2750 	
     6111	         2907 	
     6112	         2913 	
     6113	         2914 	
     6114	         2845 	
     6115	         2879 	
     6116	         2961 	
     6117	         3000 	
     6118	         2655 	
     6119	         2618 	
     6120	         2742 	
     6121	         2888 	
     6122	         2840 	
     6123	         2671 	
     6124	         2685 	
     6125	         2564 	
     6126	         2619 	
     6127	         2680 	
     6128	         2576 	
     6129	         2710 	
     6130	         2918 	
     6131	         2850 	
     6132	         2676 	
     6133	         2651 	
     6134	         2891 	
     6135	         2831 	
     6136	         2765 	
     6137	         2775 	
     6138	         2775 	
     6139	         2819 	
     6140	         2888 	
     6141	         2824 	
     6142	         2619 	
     6143	         2696 	
     6144	         2954 	
     6145	         2875 	
     6146	         2659 	
     6147	         2659 	
     6148	         2675 	
     6149	         2745 	
     6150	         2713 	
     6151	         2698 	
     6152	         2557 	
     6153	         2917 	
     6154	         2825 	
     6155	         2601 	
     6156	         2587 	
     6157	         2849 	
     6158	         2899 	
     6159	         2878 	
     6160	         2829 	
     6161	         2729 	
     6162	         2903 	
     6163	         2993 	
     6164	         2828 	
     6165	         2637 	
     6166	         2728 	
     6167	         2837 	
     6168	         2809 	
     6169	         2619 	
     6170	         2593 	
     6171	         2661 	
     6172	         2628 	
     6173	         2713 	
     6174	         2614 	
     6175	         2668 	
     6176	         2876 	
     6177	         2876 	
     6178	         2631 	
     6179	         2628 	
     6180	         2688 	
     6181	         2934 	
     6182	         2834 	
     6183	         2840 	
     6184	         2774 	
     6185	         2830 	
     6186	         2896 	
     6187	         2782 	
     6188	         2693 	
     6189	         2641 	
     6190	         2742 	
     6191	         2798 	
     6192	         2854 	
     6193	         2702 	
     6194	         2641 	
     6195	         2673 	
     6196	         2651 	
     6197	         2644 	
     6198	         2613 	
     6199	         2763 	
     6200	         2908 	
     6201	         2764 	
     6202	         2686 	
     6203	         2675 	
     6204	         2703 	
     6205	         2918 	
     6206	         2967 	
     6207	         2864 	
     6208	         2820 	
     6209	         2765 	
     6210	         2917 	
     6211	         2859 	
     6212	         2572 	
     6213	         2645 	
     6214	         2699 	
     6215	         2837 	
     6216	         2885 	
     6217	         2637 	
     6218	         2583 	
     6219	         2604 	
     6220	         2570 	
     6221	         2722 	
     6222	         2676 	
     6223	         2787 	
     6224	         2856 	
     6225	         2761 	
     6226	         2638 	
     6227	         2680 	
     6228	         2857 	
     6229	         2929 	
     6230	         2848 	
     6231	         2788 	
     6232	         2864 	
     6233	         2868 	
     6234	         2896 	
     6235	         2840 	
     6236	         2715 	
     6237	         2688 	
     6238	         2781 	
     6239	         2965 	
     6240	         2814 	
     6241	         2553 	
     6242	         2576 	
     6243	         2662 	
     6244	         2664 	
     6245	         2634 	
     6246	         2751 	
     6247	         2898 	
     6248	         2900 	
     6249	         2664 	
     6250	         2571 	
     6251	         2689 	
     6252	         2864 	
     6253	         2905 	
     6254	         2831 	
     6255	         2907 	
     6256	         2852 	
     6257	         2913 	
     6258	         2856 	
     6259	         2701 	
     6260	         2667 	
     6261	         2776 	
     6262	         2845 	
     6263	         2835 	
     6264	         2645 	
     6265	         2626 	
     6266	         2673 	
     6267	         2665 	
     6268	         2616 	
     6269	         2625 	
     6270	         2823 	
     6271	         2913 	
     6272	         2783 	
     6273	         2658 	
     6274	         2618 	
     6275	         2819 	
     6276	         2896 	
     6277	         2761 	
     6278	         2665 	
     6279	         2702 	
     6280	         2827 	
     6281	         2878 	
     6282	         2738 	
     6283	         2603 	
     6284	         2640 	
     6285	         2829 	
     6286	         2949 	
     6287	         2624 	
     6288	         2600 	
     6289	         2686 	
     6290	         2705 	
     6291	         2662 	
     6292	         2623 	
     6293	         2628 	
     6294	         2843 	
     6295	         2896 	
     6296	         2682 	
     6297	         2633 	
     6298	         2741 	
     6299	         2954 	
     6300	         2783 	
     6301	         2896 	
     6302	         2809 	
     6303	         2901 	
     6304	         2876 	
     6305	         2887 	
     6306	         2635 	
     6307	         2689 	
     6308	         2866 	
     6309	         2954 	
     6310	         2651 	
     6311	         2695 	
     6312	         2691 	
     6313	         2716 	
     6314	         2615 	
     6315	         2643 	
     6316	         2648 	
     6317	         2815 	
     6318	         2846 	
     6319	         2658 	
     6320	         2638 	
     6321	         2669 	
     6322	         2900 	
     6323	         2779 	
     6324	         2772 	
     6325	         2802 	
     6326	         2788 	
     6327	         2878 	
     6328	         2911 	
     6329	         2738 	
     6330	         2621 	
     6331	         2687 	
     6332	         2854 	
     6333	         2912 	
     6334	         2725 	
     6335	         2578 	
     6336	         2657 	
     6337	         2618 	
     6338	         2557 	
     6339	         2587 	
     6340	         2812 	
     6341	         2901 	
     6342	         2839 	
     6343	         2632 	
     6344	         2525 	
     6345	         2837 	
     6346	         2946 	
     6347	         2894 	
     6348	         2914 	
     6349	         2839 	
     6350	         2803 	
     6351	         2956 	
     6352	         2814 	
     6353	         2624 	
     6354	         2713 	
     6355	         2621 	
     6356	         2883 	
     6357	         2879 	
     6358	         2764 	
     6359	         2644 	
     6360	         2617 	
     6361	         2638 	
     6362	         2708 	
     6363	         2659 	
     6364	         2876 	
     6365	         2887 	
     6366	         2673 	
     6367	         2612 	
     6368	         2566 	
     6369	         2901 	
     6370	         2911 	
     6371	         2830 	
     6372	         2705 	
     6373	         2849 	
     6374	         2783 	
     6375	         2853 	
     6376	         2886 	
     6377	         2611 	
     6378	         2617 	
     6379	         2782 	
     6380	         2988 	
     6381	         2843 	
     6382	         2662 	
     6383	         2573 	
     6384	         2631 	
     6385	         2627 	
     6386	         2577 	
     6387	         2762 	
     6388	         2937 	
     6389	         2732 	
     6390	         2706 	
     6391	         2626 	
     6392	         2625 	
     6393	         2969 	
     6394	         2866 	
     6395	         2754 	
     6396	         2814 	
     6397	         2823 	
     6398	         2890 	
     6399	         2825 	
     6400	         2698 	
     6401	         2670 	
     6402	         2663 	
     6403	         2912 	
     6404	         2881 	
     6405	         2603 	
     6406	         2667 	
     6407	         2682 	
     6408	         2668 	
     6409	         2673 	
     6410	         2538 	
     6411	         2732 	
     6412	         2885 	
     6413	         2722 	
     6414	         2622 	
     6415	         2724 	
     6416	         2887 	
     6417	         2874 	
     6418	         2771 	
     6419	         2785 	
     6420	         2709 	
     6421	         2779 	
     6422	         2919 	
     6423	         2833 	
     6424	         2641 	
     6425	         2662 	
     6426	         2819 	
     6427	         2834 	
     6428	         2683 	
     6429	         2577 	
     6430	         2670 	
     6431	         2734 	
     6432	         2613 	
     6433	         2596 	
     6434	         2717 	
     6435	         2849 	
     6436	         2798 	
     6437	         2668 	
     6438	         2645 	
     6439	         2815 	
     6440	         2779 	
     6441	         2750 	
     6442	         2643 	
     6443	         2795 	
     6444	         2730 	
     6445	         2811 	
     6446	         2898 	
     6447	         2659 	
     6448	         2641 	
     6449	         2718 	
     6450	         2875 	
     6451	         2806 	
     6452	         2623 	
     6453	         2645 	
     6454	         2645 	
     6455	         2619 	
     6456	         2630 	
     6457	         2655 	
     6458	         2802 	
     6459	         2939 	
     6460	         2700 	
     6461	         2616 	
     6462	         2704 	
     6463	         2918 	
     6464	         2894 	
     6465	         2780 	
     6466	         2767 	
     6467	         2750 	
     6468	         2968 	
     6469	         2947 	
     6470	         2730 	
     6471	         2619 	
     6472	         2701 	
     6473	         2802 	
     6474	         2892 	
     6475	         2816 	
     6476	         2594 	
     6477	         2611 	
     6478	         2713 	
     6479	         2602 	
     6480	         2662 	
     6481	         2654 	
     6482	         2934 	
     6483	         2900 	
     6484	         2656 	
     6485	         2575 	
     6486	         2685 	
     6487	         3032 	
     6488	         2981 	
     6489	         2776 	
     6490	         2834 	
     6491	         2830 	
     6492	         3029 	
     6493	         2888 	
     6494	         2692 	
     6495	         2670 	
     6496	         2684 	
     6497	         2738 	
     6498	         2925 	
     6499	         2754 	
     6500	         2651 	
     6501	         2595 	
     6502	         2664 	
     6503	         2652 	
     6504	         2715 	
     6505	         2852 	
     6506	         2874 	
     6507	         2784 	
     6508	         2704 	
     6509	         2606 	
     6510	         2845 	
     6511	         2952 	
     6512	         2863 	
     6513	         2733 	
     6514	         2773 	
     6515	         2790 	
     6516	         3063 	
     6517	         2793 	
     6518	         2688 	
     6519	         2635 	
     6520	         2798 	
     6521	         2913 	
     6522	         2870 	
     6523	         2632 	
     6524	         2667 	
     6525	         2628 	
     6526	         2650 	
     6527	         2689 	
     6528	         2661 	
     6529	         2897 	
     6530	         2931 	
     6531	         2754 	
     6532	         2669 	
     6533	         2732 	
     6534	         2933 	
     6535	         2799 	
     6536	         2770 	
     6537	         2715 	
     6538	         2824 	
     6539	         2741 	
     6540	         2892 	
     6541	         2944 	
     6542	         2568 	
     6543	         2716 	
     6544	         2805 	
     6545	         2900 	
     6546	         2652 	
     6547	         2656 	
     6548	         2657 	
     6549	         2683 	
     6550	         2645 	
     6551	         2586 	
     6552	         2712 	
     6553	         2922 	
     6554	         2855 	
     6555	         2664 	
     6556	         2545 	
     6557	         2820 	
     6558	         2929 	
     6559	         2870 	
     6560	         2721 	
     6561	         2770 	
     6562	         2760 	
     6563	         2953 	
     6564	         2861 	
     6565	         2622 	
     6566	         2700 	
     6567	         2852 	
     6568	         2864 	
     6569	         2805 	
     6570	         2625 	
     6571	         2654 	
     6572	         2603 	
     6573	         2587 	
     6574	         2652 	
     6575	         2514 	
     6576	         2878 	
     6577	         2836 	
     6578	         2681 	
     6579	         2643 	
     6580	         2651 	
     6581	         2903 	
     6582	         2910 	
     6583	         2719 	
     6584	         2716 	
     6585	         2756 	
     6586	         2768 	
     6587	         2898 	
     6588	         2799 	
     6589	         2634 	
     6590	         2732 	
     6591	         2905 	
     6592	         2797 	
     6593	         2585 	
     6594	         2624 	
     6595	         2740 	
     6596	         2701 	
     6597	         2645 	
     6598	         2663 	
     6599	         2643 	
     6600	         2900 	
     6601	         2760 	
     6602	         2700 	
     6603	         2650 	
     6604	         2910 	
     6605	         2890 	
     6606	         2822 	
     6607	         2704 	
     6608	         2699 	
     6609	         2781 	
     6610	         2837 	
     6611	         2811 	
     6612	         2588 	
     6613	         2646 	
     6614	         2733 	
     6615	         2940 	
     6616	         2729 	
     6617	         2652 	
     6618	         2678 	
     6619	         2722 	
     6620	         2694 	
     6621	         2557 	
     6622	         2553 	
     6623	         2868 	
     6624	         2861 	
     6625	         2628 	
     6626	         2659 	
     6627	         2689 	
     6628	         2836 	
     6629	         2852 	
     6630	         2809 	
     6631	         2772 	
     6632	         2727 	
     6633	         2786 	
     6634	         2961 	
     6635	         2803 	
     6636	         2645 	
     6637	         2674 	
     6638	         2814 	
     6639	         2958 	
     6640	         2857 	
     6641	         2674 	
     6642	         2530 	
     6643	         2621 	
     6644	         2582 	
     6645	         2662 	
     6646	         2770 	
     6647	         2901 	
     6648	         2682 	
     6649	         2683 	
     6650	         2658 	
     6651	         2769 	
     6652	         2923 	
     6653	         2830 	
     6654	         2802 	
     6655	         2819 	
     6656	         2779 	
     6657	         2797 	
     6658	         2831 	
     6659	         2817 	
     6660	         2578 	
     6661	         2694 	
     6662	         2853 	
     6663	         2838 	
     6664	         2738 	
     6665	         2675 	
     6666	         2644 	
     6667	         2685 	
     6668	         2626 	
     6669	         2608 	
     6670	         2803 	
     6671	         2937 	
     6672	         2787 	
     6673	         2619 	
     6674	         2592 	
     6675	         2783 	
     6676	         2858 	
     6677	         2758 	
     6678	         2754 	
     6679	         2706 	
     6680	         2860 	
     6681	         2852 	
     6682	         2896 	
     6683	         2694 	
     6684	         2699 	
     6685	         2780 	
     6686	         2911 	
     6687	         2722 	
     6688	         2597 	
     6689	         2627 	
     6690	         2683 	
     6691	         2588 	
     6692	         2629 	
     6693	         2653 	
     6694	         2880 	
     6695	         2962 	
     6696	         2712 	
     6697	         2603 	
     6698	         2713 	
     6699	         2965 	
     6700	         2796 	
     6701	         2735 	
     6702	         2652 	
     6703	         2773 	
     6704	         2898 	
     6705	         2951 	
     6706	         2738 	
     6707	         2717 	
     6708	         2748 	
     6709	         2836 	
     6710	         2818 	
     6711	         2654 	
     6712	         2602 	
     6713	         2651 	
     6714	         2718 	
     6715	         2688 	
     6716	         2680 	
     6717	         2787 	
     6718	         2893 	
     6719	         2704 	
     6720	         2658 	
     6721	         2654 	
     6722	         2892 	
     6723	         2853 	
     6724	         2788 	
     6725	         2714 	
     6726	         2663 	
     6727	         2755 	
     6728	         2830 	
     6729	         2909 	
     6730	         2652 	
     6731	         2635 	
     6732	         2855 	
     6733	         2907 	
     6734	         2722 	
     6735	         2582 	
     6736	         2678 	
     6737	         2579 	
     6738	         2677 	
     6739	         2669 	
     6740	         2622 	
     6741	         2892 	
     6742	         2865 	
     6743	         2666 	
     6744	         2529 	
     6745	         2758 	
     6746	         2855 	
     6747	         2848 	
     6748	         2794 	
     6749	         2726 	
     6750	         2690 	
     6751	         2851 	
     6752	         2893 	
     6753	         2758 	
     6754	         2565 	
     6755	         2726 	
     6756	         2811 	
     6757	         2920 	
     6758	         2734 	
     6759	         2589 	
     6760	         2642 	
     6761	         2631 	
     6762	         2648 	
     6763	         2656 	
     6764	         2746 	
     6765	         2947 	
     6766	         2797 	
     6767	         2608 	
     6768	         2574 	
     6769	         2805 	
     6770	         2910 	
     6771	         2796 	
     6772	         2783 	
     6773	         2783 	
     6774	         2747 	
     6775	         2867 	
     6776	         2848 	
     6777	         2673 	
     6778	         2565 	
     6779	         2795 	
     6780	         2852 	
     6781	         2805 	
     6782	         2711 	
     6783	         2585 	
     6784	         2674 	
     6785	         2623 	
     6786	         2579 	
     6787	         2770 	
     6788	         2926 	
     6789	         2836 	
     6790	         2692 	
     6791	         2696 	
     6792	         2643 	
     6793	         2889 	
     6794	         3016 	
     6795	         2859 	
     6796	         2769 	
     6797	         2852 	
     6798	         2851 	
     6799	         2877 	
     6800	         2787 	
     6801	         2670 	
     6802	         2595 	
     6803	         2706 	
     6804	         2962 	
     6805	         2823 	
     6806	         2664 	
     6807	         2614 	
     6808	         2623 	
     6809	         2641 	
     6810	         2577 	
     6811	         2790 	
     6812	         2873 	
     6813	         2795 	
     6814	         2668 	
     6815	         2592 	
     6816	         2762 	
     6817	         2881 	
     6818	         2870 	
     6819	         2733 	
     6820	         2710 	
     6821	         2748 	
     6822	         2812 	
     6823	         2947 	
     6824	         2765 	
     6825	         2648 	
     6826	         2715 	
     6827	         2779 	
     6828	         2864 	
     6829	         2650 	
     6830	         2671 	
     6831	         2633 	
     6832	         2652 	
     6833	         2640 	
     6834	         2620 	
     6835	         2784 	
     6836	         2905 	
     6837	         2805 	
     6838	         2636 	
     6839	         2794 	
     6840	         2836 	
     6841	         2751 	
     6842	         2754 	
     6843	         2698 	
     6844	         2744 	
     6845	         2714 	
     6846	         2975 	
     6847	         2810 	
     6848	         2644 	
     6849	         2685 	
     6850	         2886 	
     6851	         2999 	
     6852	         2648 	
     6853	         2706 	
     6854	         2645 	
     6855	         2632 	
     6856	         2530 	
     6857	         2640 	
     6858	         2695 	
     6859	         2845 	
     6860	         2868 	
     6861	         2588 	
     6862	         2609 	
     6863	         2799 	
     6864	         2793 	
     6865	         2859 	
     6866	         2707 	
     6867	         2678 	
     6868	         2837 	
     6869	         2891 	
     6870	         2912 	
     6871	         2647 	
     6872	         2605 	
     6873	         2735 	
     6874	         2925 	
     6875	         2865 	
     6876	         2626 	
     6877	         2702 	
     6878	         2659 	
     6879	         2685 	
     6880	         2554 	
     6881	         2624 	
     6882	         2812 	
     6883	         2960 	
     6884	         2780 	
     6885	         2606 	
     6886	         2666 	
     6887	         2912 	
     6888	         2870 	
     6889	         2786 	
     6890	         2740 	
     6891	         2757 	
     6892	         2897 	
     6893	         2868 	
     6894	         2685 	
     6895	         2616 	
     6896	         2703 	
     6897	         2835 	
     6898	         2971 	
     6899	         2644 	
     6900	         2631 	
     6901	         2616 	
     6902	         2573 	
     6903	         2543 	
     6904	         2540 	
     6905	         2725 	
     6906	         2938 	
     6907	         2761 	
     6908	         2669 	
     6909	         2615 	
     6910	         2833 	
     6911	         2879 	
     6912	         2789 	
     6913	         2812 	
     6914	         2843 	
     6915	         2904 	
     6916	         2946 	
     6917	         2911 	
     6918	         2688 	
     6919	         2630 	
     6920	         2708 	
     6921	         2907 	
     6922	         2820 	
     6923	         2678 	
     6924	         2646 	
     6925	         2537 	
     6926	         2602 	
     6927	         2638 	
     6928	         2670 	
     6929	         2806 	
     6930	         2899 	
     6931	         2615 	
     6932	         2703 	
     6933	         2565 	
     6934	         2928 	
     6935	         2878 	
     6936	         2872 	
     6937	         2854 	
     6938	         2800 	
     6939	         2914 	
     6940	         2882 	
     6941	         2817 	
     6942	         2553 	
     6943	         2631 	
     6944	         2782 	
     6945	         2886 	
     6946	         2717 	
     6947	         2665 	
     6948	         2518 	
     6949	         2573 	
     6950	         2589 	
     6951	         2551 	
     6952	         2729 	
     6953	         2951 	
     6954	         2778 	
     6955	         2705 	
     6956	         2596 	
     6957	         2695 	
     6958	         2878 	
     6959	         2852 	
     6960	         2838 	
     6961	         2746 	
     6962	         2749 	
     6963	         2796 	
     6964	         2932 	
     6965	         2774 	
     6966	         2551 	
     6967	         2704 	
     6968	         2843 	
     6969	         2875 	
     6970	         2699 	
     6971	         2648 	
     6972	         2664 	
     6973	         2669 	
     6974	         2627 	
     6975	         2641 	
     6976	         2762 	
     6977	         2988 	
     6978	         2745 	
     6979	         2673 	
     6980	         2663 	
     6981	         2859 	
     6982	         2841 	
     6983	         2717 	
     6984	         2693 	
     6985	         2786 	
     6986	         2802 	
     6987	         2854 	
     6988	         2843 	
     6989	         2606 	
     6990	         2747 	
     6991	         2816 	
     6992	         2936 	
     6993	         2572 	
     6994	         2704 	
     6995	         2673 	
     6996	         2735 	
     6997	         2659 	
     6998	         2569 	
     6999	         2756 	
     7000	         2900 	
     7001	         2801 	
     7002	         2597 	
     7003	         2595 	
     7004	         2880 	
     7005	         2937 	
     7006	         2850 	
     7007	         2669 	
     7008	         2697 	
     7009	         2776 	
     7010	         2860 	
     7011	         2899 	
     7012	         2679 	
     7013	         2711 	
     7014	         2774 	
     7015	         2877 	
     7016	         2772 	
     7017	         2601 	
     7018	         2693 	
     7019	         2661 	
     7020	         2686 	
     7021	         2645 	
     7022	         2683 	
     7023	         2935 	
     7024	         2878 	
     7025	         2660 	
     7026	         2698 	
     7027	         2678 	
     7028	         2888 	
     7029	         2978 	
     7030	         2866 	
     7031	         2824 	
     7032	         2911 	
     7033	         2790 	
     7034	         2942 	
     7035	         2688 	
     7036	         2636 	
     7037	         2739 	
     7038	         2763 	
     7039	         2908 	
     7040	         2710 	
     7041	         2648 	
     7042	         2591 	
     7043	         2637 	
     7044	         2631 	
     7045	         2606 	
     7046	         2708 	
     7047	         2886 	
     7048	         2733 	
     7049	         2606 	
     7050	         2535 	
     7051	         2736 	
     7052	         3011 	
     7053	         2807 	
     7054	         2781 	
     7055	         2863 	
     7056	         2851 	
     7057	         2929 	
     7058	         2848 	
     7059	         2611 	
     7060	         2633 	
     7061	         2780 	
     7062	         2831 	
     7063	         2908 	
     7064	         2686 	
     7065	         2647 	
     7066	         2689 	
     7067	         2658 	
     7068	         2595 	
     7069	         2702 	
     7070	         2834 	
     7071	         2890 	
     7072	         2816 	
     7073	         2794 	
     7074	         2728 	
     7075	         2857 	
     7076	         2959 	
     7077	         2768 	
     7078	         2827 	
     7079	         2804 	
     7080	         2821 	
     7081	         2827 	
     7082	         2825 	
     7083	         2578 	
     7084	         2686 	
     7085	         2806 	
     7086	         2977 	
     7087	         2794 	
     7088	         2612 	
     7089	         2588 	
     7090	         2730 	
     7091	         2621 	
     7092	         2749 	
     7093	         2592 	
     7094	         2888 	
     7095	         2844 	
     7096	         2693 	
     7097	         2609 	
     7098	         2707 	
     7099	         2914 	
     7100	         2833 	
     7101	         2704 	
     7102	         2783 	
     7103	         2837 	
     7104	         2850 	
     7105	         2876 	
     7106	         2774 	
     7107	         2686 	
     7108	         2651 	
     7109	         2807 	
     7110	         2937 	
     7111	         2692 	
     7112	         2584 	
     7113	         2668 	
     7114	         2617 	
     7115	         2654 	
     7116	         2603 	
     7117	         2694 	
     7118	         2880 	
     7119	         2803 	
     7120	         2649 	
     7121	         2693 	
     7122	         2857 	
     7123	         2835 	
     7124	         2744 	
     7125	         2793 	
     7126	         2685 	
     7127	         2746 	
     7128	         2820 	
     7129	         2823 	
     7130	         2674 	
     7131	         2676 	
     7132	         2767 	
     7133	         2940 	
     7134	         2693 	
     7135	         2656 	
     7136	         2670 	
     7137	         2646 	
     7138	         2660 	
     7139	         2639 	
     7140	         2632 	
     7141	         2793 	
     7142	         2826 	
     7143	         2701 	
     7144	         2612 	
     7145	         2724 	
     7146	         2835 	
     7147	         2768 	
     7148	         2705 	
     7149	         2670 	
     7150	         2625 	
     7151	         2887 	
     7152	         2889 	
     7153	         2750 	
     7154	         2587 	
     7155	         2731 	
     7156	         2859 	
     7157	         2712 	
     7158	         2646 	
     7159	         2720 	
     7160	         2741 	
     7161	         2673 	
     7162	         2667 	
     7163	         2618 	
     7164	         2739 	
     7165	         2925 	
     7166	         2837 	
     7167	         2616 	
     7168	         2626 	
     7169	         2851 	
     7170	         2798 	
     7171	         2807 	
     7172	         2723 	
     7173	         2748 	
     7174	         2833 	
     7175	         2957 	
     7176	         2708 	
     7177	         2585 	
     7178	         2657 	
     7179	         2797 	
     7180	         2905 	
     7181	         2624 	
     7182	         2656 	
     7183	         2687 	
     7184	         2617 	
     7185	         2672 	
     7186	         2620 	
     7187	         2623 	
     7188	         2883 	
     7189	         2920 	
     7190	         2745 	
     7191	         2701 	
     7192	         2731 	
     7193	         2896 	
     7194	         2900 	
     7195	         2871 	
     7196	         2874 	
     7197	         2796 	
     7198	         2876 	
     7199	         2918 	
     7200	         2605 	
     7201	         2540 	
     7202	         2699 	
     7203	         2927 	
     7204	         2909 	
     7205	         2658 	
     7206	         2575 	
     7207	         2678 	
     7208	         2673 	
     7209	         2563 	
     7210	         2614 	
     7211	         2780 	
     7212	         2902 	
     7213	         2753 	
     7214	         2715 	
     7215	         2633 	
     7216	         2800 	
     7217	         2910 	
     7218	         2826 	
     7219	         2793 	
     7220	         2760 	
     7221	         2874 	
     7222	         2920 	
     7223	         2899 	
     7224	         2698 	
     7225	         2634 	
     7226	         2674 	
     7227	         2996 	
     7228	         2804 	
     7229	         2575 	
     7230	         2520 	
     7231	         2593 	
     7232	         2614 	
     7233	         2693 	
     7234	         2597 	
     7235	         2737 	
     7236	         2902 	
     7237	         2779 	
     7238	         2504 	
     7239	         2695 	
     7240	         2918 	
     7241	         2881 	
     7242	         2802 	
     7243	         2816 	
     7244	         2825 	
     7245	         2801 	
     7246	         2869 	
     7247	         2759 	
     7248	         2541 	
     7249	         2664 	
     7250	         2871 	
     7251	         2865 	
     7252	         2622 	
     7253	         2699 	
     7254	         2627 	
     7255	         2621 	
     7256	         2661 	
     7257	         2672 	
     7258	         2572 	
     7259	         2900 	
     7260	         2912 	
     7261	         2714 	
     7262	         2620 	
     7263	         2839 	
     7264	         2984 	
     7265	         2795 	
     7266	         2779 	
     7267	         2817 	
     7268	         2765 	
     7269	         3004 	
     7270	         2878 	
     7271	         2663 	
     7272	         2704 	
     7273	         2766 	
     7274	         2930 	
     7275	         2559 	
     7276	         2660 	
     7277	         2632 	
     7278	         2752 	
     7279	         2705 	
     7280	         2665 	
     7281	         2653 	
     7282	         2724 	
     7283	         2941 	
     7284	         2735 	
     7285	         2598 	
     7286	         2704 	
     7287	         2898 	
     7288	         2857 	
     7289	         2695 	
     7290	         2683 	
     7291	         2791 	
     7292	         2790 	
     7293	         2857 	
     7294	         2668 	
     7295	         2605 	
     7296	         2802 	
     7297	         2951 	
     7298	         2751 	
     7299	         2639 	
     7300	         2666 	
     7301	         2779 	
     7302	         2815 	
     7303	         2576 	
     7304	         2648 	
     7305	         2672 	
     7306	         2958 	
     7307	         2841 	
     7308	         2650 	
     7309	         2579 	
     7310	         2863 	
     7311	         2926 	
     7312	         2816 	
     7313	         2749 	
     7314	         2767 	
     7315	         2833 	
     7316	         2917 	
     7317	         2804 	
     7318	         2635 	
     7319	         2678 	
     7320	         2815 	
     7321	         2901 	
     7322	         2775 	
     7323	         2565 	
     7324	         2685 	
     7325	         2662 	
     7326	         2688 	
     7327	         2649 	
     7328	         2630 	
     7329	         2810 	
     7330	         2817 	
     7331	         2694 	
     7332	         2623 	
     7333	         2647 	
     7334	         2946 	
     7335	         2875 	
     7336	         2848 	
     7337	         2801 	
     7338	         2778 	
     7339	         2889 	
     7340	         2907 	
     7341	         2681 	
     7342	         2612 	
     7343	         2821 	
     7344	         2904 	
     7345	         2963 	
     7346	         2585 	
     7347	         2612 	
     7348	         2667 	
     7349	         2716 	
     7350	         2735 	
     7351	         2586 	
     7352	         2671 	
     7353	         2860 	
     7354	         2855 	
     7355	         2626 	
     7356	         2667 	
     7357	         2779 	
     7358	         2845 	
     7359	         2841 	
     7360	         2734 	
     7361	         2807 	
     7362	         2763 	
     7363	         2896 	
     7364	         2915 	
     7365	         2650 	
     7366	         2607 	
     7367	         2774 	
     7368	         2910 	
     7369	         2838 	
     7370	         2622 	
     7371	         2631 	
     7372	         2671 	
     7373	         2654 	
     7374	         2583 	
     7375	         2633 	
     7376	         2774 	
     7377	         2850 	
     7378	         2778 	
     7379	         2653 	
     7380	         2628 	
     7381	         2924 	
     7382	         2821 	
     7383	         2739 	
     7384	         2629 	
     7385	         2688 	
     7386	         2709 	
     7387	         2807 	
     7388	         2930 	
     7389	         2622 	
     7390	         2582 	
     7391	         2671 	
     7392	         2900 	
     7393	         2820 	
     7394	         2615 	
     7395	         2660 	
     7396	         2699 	
     7397	         2700 	
     7398	         2649 	
     7399	         2665 	
     7400	         2911 	
     7401	         2897 	
     7402	         2660 	
     7403	         2627 	
     7404	         2762 	
     7405	         2969 	
     7406	         2797 	
     7407	         2762 	
     7408	         2750 	
     7409	         2661 	
     7410	         2804 	
     7411	         2828 	
     7412	         2772 	
     7413	         2658 	
     7414	         2649 	
     7415	         2929 	
     7416	         2791 	
     7417	         2663 	
     7418	         2689 	
     7419	         2677 	
     7420	         2730 	
     7421	         2637 	
     7422	         2691 	
     7423	         2712 	
     7424	         2996 	
     7425	         2767 	
     7426	         2607 	
     7427	         2749 	
     7428	         2808 	
     7429	         2875 	
     7430	         2788 	
     7431	         2674 	
     7432	         2713 	
     7433	         2741 	
     7434	         2896 	
     7435	         2856 	
     7436	         2661 	
     7437	         2653 	
     7438	         2786 	
     7439	         2898 	
     7440	         2665 	
     7441	         2619 	
     7442	         2652 	
     7443	         2689 	
     7444	         2678 	
     7445	         2641 	
     7446	         2750 	
     7447	         2950 	
     7448	         2755 	
     7449	         2621 	
     7450	         2705 	
     7451	         2913 	
     7452	         2950 	
     7453	         2773 	
     7454	         2751 	
     7455	         2748 	
     7456	         2786 	
     7457	         2904 	
     7458	         2861 	
     7459	         2627 	
     7460	         2638 	
     7461	         2703 	
     7462	         2783 	
     7463	         2820 	
     7464	         2576 	
     7465	         2651 	
     7466	         2679 	
     7467	         2650 	
     7468	         2601 	
     7469	         2613 	
     7470	         2696 	
     7471	         2908 	
     7472	         2778 	
     7473	         2654 	
     7474	         2577 	
     7475	         2930 	
     7476	         2893 	
     7477	         2770 	
     7478	         2772 	
     7479	         2722 	
     7480	         2794 	
     7481	         2834 	
     7482	         2911 	
     7483	         2578 	
     7484	         2595 	
     7485	         2788 	
     7486	         2858 	
     7487	         2771 	
     7488	         2669 	
     7489	         2696 	
     7490	         2697 	
     7491	         2660 	
     7492	         2680 	
     7493	         2608 	
     7494	         2843 	
     7495	         2879 	
     7496	         2720 	
     7497	         2654 	
     7498	         2628 	
     7499	         2858 	
     7500	         2839 	
     7501	         2768 	
     7502	         2711 	
     7503	         2677 	
     7504	         2801 	
     7505	         2855 	
     7506	         2882 	
     7507	         2650 	
     7508	         2638 	
     7509	         2817 	
     7510	         2834 	
     7511	         2680 	
     7512	         2613 	
     7513	         2710 	
     7514	         2690 	
     7515	         2733 	
     7516	         2602 	
     7517	         2695 	
     7518	         2927 	
     7519	         2857 	
     7520	         2727 	
     7521	         2599 	
     7522	         2872 	
     7523	         2869 	
     7524	         2811 	
     7525	         2746 	
     7526	         2765 	
     7527	         2764 	
     7528	         2874 	
     7529	         2954 	
     7530	         2701 	
     7531	         2701 	
     7532	         2746 	
     7533	         2904 	
     7534	         2859 	
     7535	         2536 	
     7536	         2672 	
     7537	         2658 	
     7538	         2649 	
     7539	         2657 	
     7540	         2631 	
     7541	         2826 	
     7542	         2883 	
     7543	         2775 	
     7544	         2686 	
     7545	         2647 	
     7546	         2888 	
     7547	         2860 	
     7548	         2759 	
     7549	         2720 	
     7550	         2676 	
     7551	         2761 	
     7552	         2899 	
     7553	         2935 	
     7554	         2606 	
     7555	         2574 	
     7556	         2889 	
     7557	         2914 	
     7558	         2691 	
     7559	         2584 	
     7560	         2672 	
     7561	         2651 	
     7562	         2676 	
     7563	         2560 	
     7564	         2717 	
     7565	         2875 	
     7566	         2766 	
     7567	         2630 	
     7568	         2633 	
     7569	         2791 	
     7570	         2897 	
     7571	         2674 	
     7572	         2697 	
     7573	         2720 	
     7574	         2726 	
     7575	         2820 	
     7576	         2902 	
     7577	         2714 	
     7578	         2536 	
     7579	         2752 	
     7580	         2830 	
     7581	         2675 	
     7582	         2613 	
     7583	         2738 	
     7584	         2604 	
     7585	         2652 	
     7586	         2613 	
     7587	         2750 	
     7588	         2884 	
     7589	         2799 	
     7590	         2577 	
     7591	         2608 	
     7592	         2800 	
     7593	         2837 	
     7594	         2792 	
     7595	         2681 	
     7596	         2557 	
     7597	         2828 	
     7598	         2839 	
     7599	         2902 	
     7600	         2789 	
     7601	         2585 	
     7602	         2624 	
     7603	         2865 	
     7604	         2862 	
     7605	         2683 	
     7606	         2664 	
     7607	         2620 	
     7608	         2664 	
     7609	         2585 	
     7610	         2674 	
     7611	         2849 	
     7612	         2857 	
     7613	         2650 	
     7614	         2680 	
     7615	         2678 	
     7616	         2873 	
     7617	         2820 	
     7618	         2801 	
     7619	         2701 	
     7620	         2667 	
     7621	         2863 	
     7622	         2961 	
     7623	         2802 	
     7624	         2715 	
     7625	         2588 	
     7626	         2748 	
     7627	         2872 	
     7628	         2875 	
     7629	         2779 	
     7630	         2656 	
     7631	         2635 	
     7632	         2560 	
     7633	         2642 	
     7634	         2688 	
     7635	         2908 	
     7636	         2792 	
     7637	         2651 	
     7638	         2704 	
     7639	         2752 	
     7640	         3003 	
     7641	         2917 	
     7642	         2760 	
     7643	         2698 	
     7644	         2798 	
     7645	         2893 	
     7646	         2842 	
     7647	         2791 	
     7648	         2590 	
     7649	         2594 	
     7650	         2858 	
     7651	         2891 	
     7652	         2697 	
     7653	         2603 	
     7654	         2637 	
     7655	         2676 	
     7656	         2595 	
     7657	         2524 	
     7658	         2805 	
     7659	         2766 	
     7660	         2802 	
     7661	         2714 	
     7662	         2581 	
     7663	         2927 	
     7664	         2910 	
     7665	         2748 	
     7666	         2678 	
     7667	         2648 	
     7668	         2695 	
     7669	         2770 	
     7670	         2895 	
     7671	         2813 	
     7672	         2665 	
     7673	         2599 	
     7674	         2838 	
     7675	         2884 	
     7676	         2663 	
     7677	         2613 	
     7678	         2686 	
     7679	         2673 	
     7680	         2540 	
     7681	         2555 	
     7682	         2926 	
     7683	         2856 	
     7684	         2678 	
     7685	         2587 	
     7686	         2720 	
     7687	         2891 	
     7688	         2800 	
     7689	         2770 	
     7690	         2708 	
     7691	         2708 	
     7692	         2756 	
     7693	         2749 	
     7694	         2864 	
     7695	         2736 	
     7696	         2638 	
     7697	         2780 	
     7698	         2902 	
     7699	         2732 	
     7700	         2646 	
     7701	         2526 	
     7702	         2643 	
     7703	         2574 	
     7704	         2515 	
     7705	         2756 	
     7706	         2917 	
     7707	         2765 	
     7708	         2619 	
     7709	         2580 	
     7710	         2791 	
     7711	         2892 	
     7712	         2720 	
     7713	         2619 	
     7714	         2645 	
     7715	         2724 	
     7716	         2804 	
     7717	         2959 	
     7718	         2744 	
     7719	         2592 	
     7720	         2654 	
     7721	         2824 	
     7722	         2859 	
     7723	         2633 	
     7724	         2679 	
     7725	         2642 	
     7726	         2627 	
     7727	         2662 	
     7728	         2759 	
     7729	         2901 	
     7730	         2866 	
     7731	         2627 	
     7732	         2615 	
     7733	         2693 	
     7734	         2854 	
     7735	         2787 	
     7736	         2669 	
     7737	         2662 	
     7738	         2615 	
     7739	         2676 	
     7740	         2903 	
     7741	         2788 	
     7742	         2593 	
     7743	         2678 	
     7744	         2857 	
     7745	         2989 	
     7746	         2772 	
     7747	         2579 	
     7748	         2614 	
     7749	         2595 	
     7750	         2587 	
     7751	         2617 	
     7752	         2909 	
     7753	         2818 	
     7754	         2684 	
     7755	         2621 	
     7756	         2695 	
     7757	         3042 	
     7758	         2899 	
     7759	         2846 	
     7760	         2742 	
     7761	         2691 	
     7762	         2750 	
     7763	         2892 	
     7764	         2825 	
     7765	         2587 	
     7766	         2671 	
     7767	         2787 	
     7768	         2874 	
     7769	         2894 	
     7770	         2756 	
     7771	         2660 	
     7772	         2537 	
     7773	         2571 	
     7774	         2593 	
     7775	         2751 	
     7776	         2926 	
     7777	         2750 	
     7778	         2672 	
     7779	         2601 	
     7780	         2640 	
     7781	         2884 	
     7782	         2827 	
     7783	         2781 	
     7784	         2663 	
     7785	         2844 	
     7786	         2808 	
     7787	         2913 	
     7788	         2887 	
     7789	         2597 	
     7790	         2669 	
     7791	         2692 	
     7792	         2864 	
     7793	         2908 	
     7794	         2740 	
     7795	         2573 	
     7796	         2674 	
     7797	         2725 	
     7798	         2621 	
     7799	         2650 	
     7800	         2964 	
     7801	         2862 	
     7802	         2694 	
     7803	         2557 	
     7804	         2684 	
     7805	         2857 	
     7806	         2926 	
     7807	         2852 	
     7808	         2676 	
     7809	         2814 	
     7810	         2840 	
     7811	         2881 	
     7812	         2828 	
     7813	         2646 	
     7814	         2638 	
     7815	         2817 	
     7816	         2942 	
     7817	         2715 	
     7818	         2600 	
     7819	         2662 	
     7820	         2645 	
     7821	         2622 	
     7822	         2609 	
     7823	         2878 	
     7824	         2819 	
     7825	         2762 	
     7826	         2640 	
     7827	         2722 	
     7828	         2935 	
     7829	         2795 	
     7830	         2691 	
     7831	         2650 	
     7832	         2647 	
     7833	         2671 	
     7834	         2855 	
     7835	         2934 	
     7836	         2632 	
     7837	         2680 	
     7838	         2786 	
     7839	         2922 	
     7840	         2773 	
     7841	         2717 	
     7842	         2639 	
     7843	         2538 	
     7844	         2718 	
     7845	         2564 	
     7846	         2668 	
     7847	         2971 	
     7848	         2821 	
     7849	         2539 	
     7850	         2601 	
     7851	         2856 	
     7852	         2831 	
     7853	         2745 	
     7854	         2689 	
     7855	         2599 	
     7856	         2797 	
     7857	         2845 	
     7858	         2922 	
     7859	         2741 	
     7860	         2648 	
     7861	         2671 	
     7862	         2884 	
     7863	         2891 	
     7864	         2644 	
     7865	         2638 	
     7866	         2580 	
     7867	         2727 	
     7868	         2681 	
     7869	         2611 	
     7870	         2868 	
     7871	         2845 	
     7872	         2682 	
     7873	         2612 	
     7874	         2742 	
     7875	         2944 	
     7876	         2797 	
     7877	         2683 	
     7878	         2694 	
     7879	         2664 	
     7880	         2753 	
     7881	         2833 	
     7882	         2941 	
     7883	         2629 	
     7884	         2626 	
     7885	         2701 	
     7886	         2899 	
     7887	         2833 	
     7888	         2591 	
     7889	         2621 	
     7890	         2598 	
     7891	         2583 	
     7892	         2636 	
     7893	         2753 	
     7894	         2923 	
     7895	         2750 	
     7896	         2594 	
     7897	         2585 	
     7898	         2890 	
     7899	         2758 	
     7900	         2865 	
     7901	         2707 	
     7902	         2661 	
     7903	         2696 	
     7904	         2917 	
     7905	         2945 	
     7906	         2682 	
     7907	         2607 	
     7908	         2576 	
     7909	         2817 	
     7910	         2924 	
     7911	         2700 	
     7912	         2628 	
     7913	         2619 	
     7914	         2647 	
     7915	         2612 	
     7916	         2662 	
     7917	         2790 	
     7918	         2797 	
     7919	         2739 	
     7920	         2602 	
     7921	         2624 	
     7922	         2899 	
     7923	         2820 	
     7924	         2771 	
     7925	         2763 	
     7926	         2791 	
     7927	         2746 	
     7928	         2882 	
     7929	         2865 	
     7930	         2608 	
     7931	         2594 	
     7932	         2715 	
     7933	         2861 	
     7934	         2943 	
     7935	         2621 	
     7936	         2570 	
     7937	         2611 	
     7938	         2704 	
     7939	         2607 	
     7940	         2807 	
     7941	         2901 	
     7942	         2825 	
     7943	         2709 	
     7944	         2675 	
     7945	         2677 	
     7946	         2791 	
     7947	         2889 	
     7948	         2669 	
     7949	         2720 	
     7950	         2691 	
     7951	         2771 	
     7952	         2904 	
     7953	         2802 	
     7954	         2629 	
     7955	         2547 	
     7956	         2774 	
     7957	         2881 	
     7958	         2721 	
     7959	         2577 	
     7960	         2663 	
     7961	         2622 	
     7962	         2733 	
     7963	         2607 	
     7964	         2727 	
     7965	         2908 	
     7966	         2805 	
     7967	         2557 	
     7968	         2614 	
     7969	         2790 	
     7970	         2865 	
     7971	         2715 	
     7972	         2603 	
     7973	         2716 	
     7974	         2688 	
     7975	         2787 	
     7976	         2938 	
     7977	         2699 	
     7978	         2607 	
     7979	         2713 	
     7980	         2967 	
     7981	         2678 	
     7982	         2612 	
     7983	         2689 	
     7984	         2664 	
     7985	         2664 	
     7986	         2606 	
     7987	         2626 	
     7988	         2834 	
     7989	         2840 	
     7990	         2625 	
     7991	         2573 	
     7992	         2827 	
     7993	         2923 	
     7994	         2864 	
     7995	         2765 	
     7996	         2692 	
     7997	         2721 	
     7998	         2820 	
     7999	         2966 	
     8000	         2868 	
     8001	         2530 	
     8002	         2700 	
     8003	         2777 	
     8004	         2896 	
     8005	         2580 	
     8006	         2687 	
     8007	         2636 	
     8008	         2646 	
     8009	         2586 	
     8010	         2578 	
     8011	         2656 	
     8012	         2906 	
     8013	         2846 	
     8014	         2632 	
     8015	         2701 	
     8016	         2954 	
     8017	         2876 	
     8018	         2832 	
     8019	         2667 	
     8020	         2698 	
     8021	         2796 	
     8022	         2830 	
     8023	         2932 	
     8024	         2642 	
     8025	         2670 	
     8026	         2771 	
     8027	         2931 	
     8028	         2715 	
     8029	         2678 	
     8030	         2706 	
     8031	         2712 	
     8032	         2683 	
     8033	         2656 	
     8034	         2743 	
     8035	         2890 	
     8036	         2785 	
     8037	         2674 	
     8038	         2661 	
     8039	         2754 	
     8040	         2848 	
     8041	         2784 	
     8042	         2651 	
     8043	         2742 	
     8044	         2751 	
     8045	         2800 	
     8046	         2954 	
     8047	         2833 	
     8048	         2603 	
     8049	         2610 	
     8050	         2802 	
     8051	         2939 	
     8052	         2744 	
     8053	         2614 	
     8054	         2634 	
     8055	         2686 	
     8056	         2591 	
     8057	         2627 	
     8058	         2776 	
     8059	         2905 	
     8060	         2779 	
     8061	         2687 	
     8062	         2573 	
     8063	         2685 	
     8064	         2929 	
     8065	         2835 	
     8066	         2655 	
     8067	         2759 	
     8068	         2792 	
     8069	         2847 	
     8070	         3035 	
     8071	         2718 	
     8072	         2632 	
     8073	         2743 	
     8074	         2881 	
     8075	         2858 	
     8076	         2754 	
     8077	         2667 	
     8078	         2635 	
     8079	         2666 	
     8080	         2682 	
     8081	         2574 	
     8082	         2874 	
     8083	         2869 	
     8084	         2664 	
     8085	         2578 	
     8086	         2658 	
     8087	         2897 	
     8088	         2862 	
     8089	         2729 	
     8090	         2778 	
     8091	         2658 	
     8092	         2853 	
     8093	         2925 	
     8094	         2916 	
     8095	         2674 	
     8096	         2678 	
     8097	         2769 	
     8098	         2924 	
     8099	         2723 	
     8100	         2609 	
     8101	         2638 	
     8102	         2669 	
     8103	         2726 	
     8104	         2684 	
     8105	         2583 	
     8106	         2902 	
     8107	         2878 	
     8108	         2689 	
     8109	         2678 	
     8110	         2775 	
     8111	         2864 	
     8112	         2847 	
     8113	         2654 	
     8114	         2671 	
     8115	         2698 	
     8116	         2765 	
     8117	         2894 	
     8118	         2860 	
     8119	         2544 	
     8120	         2726 	
     8121	         2899 	
     8122	         2829 	
     8123	         2712 	
     8124	         2618 	
     8125	         2694 	
     8126	         2652 	
     8127	         2690 	
     8128	         2559 	
     8129	         2826 	
     8130	         2837 	
     8131	         2732 	
     8132	         2632 	
     8133	         2830 	
     8134	         2842 	
     8135	         2756 	
     8136	         2738 	
     8137	         2646 	
     8138	         2684 	
     8139	         2660 	
     8140	         2820 	
     8141	         2920 	
     8142	         2613 	
     8143	         2575 	
     8144	         2746 	
     8145	         2886 	
     8146	         2670 	
     8147	         2598 	
     8148	         2679 	
     8149	         2645 	
     8150	         2708 	
     8151	         2598 	
     8152	         2682 	
     8153	         2927 	
     8154	         2830 	
     8155	         2673 	
     8156	         2705 	
     8157	         2815 	
     8158	         2843 	
     8159	         2759 	
     8160	         2692 	
     8161	         2644 	
     8162	         2626 	
     8163	         2883 	
     8164	         2983 	
     8165	         2723 	
     8166	         2629 	
     8167	         2659 	
     8168	         2852 	
     8169	         2820 	
     8170	         2592 	
     8171	         2672 	
     8172	         2670 	
     8173	         2617 	
     8174	         2687 	
     8175	         2585 	
     8176	         2819 	
     8177	         2918 	
     8178	         2759 	
     8179	         2603 	
     8180	         2671 	
     8181	         2815 	
     8182	         2796 	
     8183	         2712 	
     8184	         2745 	
     8185	         2662 	
     8186	         2802 	
     8187	         2948 	
     8188	         2919 	
     8189	         2660 	
     8190	         2667 	
     8191	         2756 	
     8192	         2874 	
     8193	         2809 	
     8194	         2657 	
     8195	         2648 	
     8196	         2635 	
     8197	         2721 	
     8198	         2627 	
     8199	         2790 	
     8200	         2933 	
     8201	         2830 	
     8202	         2660 	
     8203	         2630 	
     8204	         2766 	
     8205	         2814 	
     8206	         2891 	
     8207	         2762 	
     8208	         2737 	
     8209	         2779 	
     8210	         2897 	
     8211	         2939 	
     8212	         2635 	
     8213	         2640 	
     8214	         2661 	
     8215	         2803 	
     8216	         2864 	
     8217	         2709 	
     8218	         2647 	
     8219	         2608 	
     8220	         2685 	
     8221	         2641 	
     8222	         2658 	
     8223	         2896 	
     8224	         2927 	
     8225	         2706 	
     8226	         2634 	
     8227	         2698 	
     8228	         2814 	
     8229	         2910 	
     8230	         2847 	
     8231	         2813 	
     8232	         2812 	
     8233	         2790 	
     8234	         2795 	
     8235	         2865 	
     8236	         2666 	
     8237	         2606 	
     8238	         2769 	
     8239	         2942 	
     8240	         2908 	
     8241	         2631 	
     8242	         2556 	
     8243	         2632 	
     8244	         2685 	
     8245	         2701 	
     8246	         2633 	
     8247	         2863 	
     8248	         2935 	
     8249	         2874 	
     8250	         2529 	
     8251	         2675 	
     8252	         2907 	
     8253	         2766 	
     8254	         2633 	
     8255	         2683 	
     8256	         2654 	
     8257	         2703 	
     8258	         2879 	
     8259	         2862 	
     8260	         2630 	
     8261	         2589 	
     8262	         2802 	
     8263	         2873 	
     8264	         2641 	
     8265	         2643 	
     8266	         2632 	
     8267	         2688 	
     8268	         2711 	
     8269	         2607 	
     8270	         2696 	
     8271	         2860 	
     8272	         2702 	
     8273	         2635 	
     8274	         2622 	
     8275	         2942 	
     8276	         2860 	
     8277	         2700 	
     8278	         2547 	
     8279	         2673 	
     8280	         2651 	
     8281	         2849 	
     8282	         2905 	
     8283	         2704 	
     8284	         2606 	
     8285	         2708 	
     8286	         2842 	
     8287	         2822 	
     8288	         2626 	
     8289	         2620 	
     8290	         2740 	
     8291	         2728 	
     8292	         2677 	
     8293	         2756 	
     8294	         2955 	
     8295	         2754 	
     8296	         2655 	
     8297	         2612 	
     8298	         2804 	
     8299	         2920 	
     8300	         2815 	
     8301	         2665 	
     8302	         2743 	
     8303	         2791 	
     8304	         2767 	
     8305	         2903 	
     8306	         2766 	
     8307	         2607 	
     8308	         2752 	
     8309	         2813 	
     8310	         2819 	
     8311	         2689 	
     8312	         2659 	
     8313	         2630 	
     8314	         2627 	
     8315	         2597 	
     8316	         2653 	
     8317	         2783 	
     8318	         2970 	
     8319	         2750 	
     8320	         2558 	
     8321	         2651 	
     8322	         2899 	
     8323	         2892 	
     8324	         2776 	
     8325	         2748 	
     8326	         2713 	
     8327	         2751 	
     8328	         2862 	
     8329	         2983 	
     8330	         2676 	
     8331	         2592 	
     8332	         2705 	
     8333	         2932 	
     8334	         2764 	
     8335	         2635 	
     8336	         2535 	
     8337	         2578 	
     8338	         2668 	
     8339	         2577 	
     8340	         2733 	
     8341	         2870 	
     8342	         2721 	
     8343	         2666 	
     8344	         2530 	
     8345	         2798 	
     8346	         2938 	
     8347	         2751 	
     8348	         2632 	
     8349	         2699 	
     8350	         2690 	
     8351	         2784 	
     8352	         2868 	
     8353	         2828 	
     8354	         2540 	
     8355	         2665 	
     8356	         2840 	
     8357	         2950 	
     8358	         2772 	
     8359	         2575 	
     8360	         2633 	
     8361	         2621 	
     8362	         2631 	
     8363	         2616 	
     8364	         2814 	
     8365	         2857 	
     8366	         2678 	
     8367	         2696 	
     8368	         2604 	
     8369	         2826 	
     8370	         2947 	
     8371	         2754 	
     8372	         2671 	
     8373	         2719 	
     8374	         2708 	
     8375	         2797 	
     8376	         2875 	
     8377	         2736 	
     8378	         2543 	
     8379	         2732 	
     8380	         2679 	
     8381	         2772 	
     8382	         2699 	
     8383	         2610 	
     8384	         2736 	
     8385	         2663 	
     8386	         2579 	
     8387	         2591 	
     8388	         2718 	
     8389	         2833 	
     8390	         2710 	
     8391	         2590 	
     8392	         2767 	
     8393	         2865 	
     8394	         2805 	
     8395	         2689 	
     8396	         2765 	
     8397	         2705 	
     8398	         2740 	
     8399	         2865 	
     8400	         2874 	
     8401	         2707 	
     8402	         2634 	
     8403	         2763 	
     8404	         3006 	
     8405	         2778 	
     8406	         2630 	
     8407	         2694 	
     8408	         2695 	
     8409	         2683 	
     8410	         2551 	
     8411	         2632 	
     8412	         2881 	
     8413	         2721 	
     8414	         2657 	
     8415	         2710 	
     8416	         2792 	
     8417	         2796 	
     8418	         2728 	
     8419	         2657 	
     8420	         2622 	
     8421	         2688 	
     8422	         2808 	
     8423	         2864 	
     8424	         2707 	
     8425	         2621 	
     8426	         2711 	
     8427	         2955 	
     8428	         2772 	
     8429	         2641 	
     8430	         2668 	
     8431	         2606 	
     8432	         2683 	
     8433	         2642 	
     8434	         2704 	
     8435	         2916 	
     8436	         2861 	
     8437	         2597 	
     8438	         2549 	
     8439	         2876 	
     8440	         2888 	
     8441	         2773 	
     8442	         2653 	
     8443	         2623 	
     8444	         2756 	
     8445	         2859 	
     8446	         2914 	
     8447	         2731 	
     8448	         2630 	
     8449	         2705 	
     8450	         2843 	
     8451	         2871 	
     8452	         2672 	
     8453	         2684 	
     8454	         2640 	
     8455	         2631 	
     8456	         2630 	
     8457	         2669 	
     8458	         2701 	
     8459	         2899 	
     8460	         2705 	
     8461	         2557 	
     8462	         2685 	
     8463	         2823 	
     8464	         2778 	
     8465	         2715 	
     8466	         2645 	
     8467	         2724 	
     8468	         2780 	
     8469	         2855 	
     8470	         2905 	
     8471	         2635 	
     8472	         2540 	
     8473	         2844 	
     8474	         2968 	
     8475	         2808 	
     8476	         2604 	
     8477	         2619 	
     8478	         2678 	
     8479	         2701 	
     8480	         2628 	
     8481	         2714 	
     8482	         2930 	
     8483	         2877 	
     8484	         2664 	
     8485	         2627 	
     8486	         2737 	
     8487	         2894 	
     8488	         2798 	
     8489	         2677 	
     8490	         2653 	
     8491	         2723 	
     8492	         2723 	
     8493	         2875 	
     8494	         2940 	
     8495	         2649 	
     8496	         2588 	
     8497	         2734 	
     8498	         2821 	
     8499	         2849 	
     8500	         2675 	
     8501	         2555 	
     8502	         2628 	
     8503	         2704 	
     8504	         2678 	
     8505	         2678 	
     8506	         2881 	
     8507	         2805 	
     8508	         2736 	
     8509	         2615 	
     8510	         2855 	
     8511	         2951 	
     8512	         2761 	
     8513	         2751 	
     8514	         2740 	
     8515	         2745 	
     8516	         2686 	
     8517	         2868 	
     8518	         2754 	
     8519	         2546 	
     8520	         2702 	
     8521	         2883 	
     8522	         2913 	
     8523	         2633 	
     8524	         2614 	
     8525	         2673 	
     8526	         2698 	
     8527	         2644 	
     8528	         2611 	
     8529	         2616 	
     8530	         2963 	
     8531	         2786 	
     8532	         2710 	
     8533	         2696 	
     8534	         2867 	
     8535	         2856 	
     8536	         2757 	
     8537	         2703 	
     8538	         2694 	
     8539	         2642 	
     8540	         2823 	
     8541	         2863 	
     8542	         2736 	
     8543	         2657 	
     8544	         2760 	
     8545	         2902 	
     8546	         2807 	
     8547	         2698 	
     8548	         2682 	
     8549	         2663 	
     8550	         2689 	
     8551	         2681 	
     8552	         2652 	
     8553	         2868 	
     8554	         2824 	
     8555	         2696 	
     8556	         2658 	
     8557	         2871 	
     8558	         2836 	
     8559	         2633 	
     8560	         2636 	
     8561	         2620 	
     8562	         2660 	
     8563	         2730 	
     8564	         2837 	
     8565	         2804 	
     8566	         2637 	
     8567	         2752 	
     8568	         3018 	
     8569	         2832 	
     8570	         2575 	
     8571	         2610 	
     8572	         2639 	
     8573	         2609 	
     8574	         2701 	
     8575	         2608 	
     8576	         2784 	
     8577	         2946 	
     8578	         2687 	
     8579	         2708 	
     8580	         2716 	
     8581	         2896 	
     8582	         2786 	
     8583	         2793 	
     8584	         2672 	
     8585	         2668 	
     8586	         2714 	
     8587	         2813 	
     8588	         2832 	
     8589	         2641 	
     8590	         2648 	
     8591	         2870 	
     8592	         2862 	
     8593	         2681 	
     8594	         2537 	
     8595	         2661 	
     8596	         2678 	
     8597	         2626 	
     8598	         2569 	
     8599	         2706 	
     8600	         2854 	
     8601	         2846 	
     8602	         2608 	
     8603	         2593 	
     8604	         2806 	
     8605	         2909 	
     8606	         2840 	
     8607	         2650 	
     8608	         2704 	
     8609	         2734 	
     8610	         2865 	
     8611	         2954 	
     8612	         2769 	
     8613	         2641 	
     8614	         2682 	
     8615	         2834 	
     8616	         2842 	
     8617	         2664 	
     8618	         2713 	
     8619	         2557 	
     8620	         2707 	
     8621	         2622 	
     8622	         2603 	
     8623	         2766 	
     8624	         2918 	
     8625	         2742 	
     8626	         2551 	
     8627	         2708 	
     8628	         2885 	
     8629	         2760 	
     8630	         2696 	
     8631	         2618 	
     8632	         2591 	
     8633	         2695 	
     8634	         2796 	
     8635	         2836 	
     8636	         2654 	
     8637	         2637 	
     8638	         2709 	
     8639	         2836 	
     8640	         2759 	
     8641	         2688 	
     8642	         2628 	
     8643	         2563 	
     8644	         2624 	
     8645	         2558 	
     8646	         2669 	
     8647	         2877 	
     8648	         2901 	
     8649	         2666 	
     8650	         2694 	
     8651	         2838 	
     8652	         2931 	
     8653	         2771 	
     8654	         2696 	
     8655	         2674 	
     8656	         2696 	
     8657	         2764 	
     8658	         2813 	
     8659	         2835 	
     8660	         2558 	
     8661	         2604 	
     8662	         2833 	
     8663	         2870 	
     8664	         2661 	
     8665	         2589 	
     8666	         2673 	
     8667	         2634 	
     8668	         2705 	
     8669	         2641 	
     8670	         2720 	
     8671	         2840 	
     8672	         2788 	
     8673	         2598 	
     8674	         2630 	
     8675	         2869 	
     8676	         2920 	
     8677	         2617 	
     8678	         2720 	
     8679	         2644 	
     8680	         2700 	
     8681	         2759 	
     8682	         2960 	
     8683	         2853 	
     8684	         2572 	
     8685	         2677 	
     8686	         2798 	
     8687	         2786 	
     8688	         2563 	
     8689	         2753 	
     8690	         2667 	
     8691	         2685 	
     8692	         2714 	
     8693	         2546 	
     8694	         2715 	
     8695	         2910 	
     8696	         2722 	
     8697	         2658 	
     8698	         2724 	
     8699	         2733 	
     8700	         2703 	
     8701	         2772 	
     8702	         2647 	
     8703	         2697 	
     8704	         2787 	
     8705	         2788 	
     8706	         2755 	
     8707	         2611 	
     8708	         2657 	
     8709	         2933 	
     8710	         2865 	
     8711	         2593 	
     8712	         2519 	
     8713	         2603 	
     8714	         2705 	
     8715	         2587 	
     8716	         2652 	
     8717	         2683 	
     8718	         2896 	
     8719	         2875 	
     8720	         2711 	
     8721	         2671 	
     8722	         2815 	
     8723	         2865 	
     8724	         2733 	
     8725	         2672 	
     8726	         2665 	
     8727	         2718 	
     8728	         2798 	
     8729	         2921 	
     8730	         2733 	
     8731	         2652 	
     8732	         2779 	
     8733	         2858 	
     8734	         2801 	
     8735	         2585 	
     8736	         2670 	
     8737	         2653 	
     8738	         2650 	
     8739	         2589 	
     8740	         2587 	
     8741	         2842 	
     8742	         2941 	
     8743	         2672 	
     8744	         2627 	
     8745	         2699 	
     8746	         2897 	
     8747	         2791 	
     8748	         2620 	
     8749	         2671 	
     8750	         2685 	
     8751	         2734 	
     8752	         2943 	
     8753	         2873 	
     8754	         2625 	
     8755	         2723 	
     8756	         2773 	
     8757	         2899 	
     8758	         2814 	
     8759	         2692 	
     8760	         2605 	
     8761	         2679 	
     8762	         2654 	
     8763	         2661 	
     8764	         2680 	
     8765	         2857 	
     8766	         2742 	
     8767	         2681 	
     8768	         2597 	
     8769	         2783 	
     8770	         2854 	
     8771	         2807 	
     8772	         2683 	
     8773	         2545 	
     8774	         2658 	
     8775	         2737 	
     8776	         2898 	
     8777	         2846 	
     8778	         2631 	
     8779	         2692 	
     8780	         2726 	
     8781	         2885 	
     8782	         2780 	
     8783	         2575 	
     8784	         2623 	
     8785	         2674 	
     8786	         2630 	
     8787	         2613 	
     8788	         2728 	
     8789	         2911 	
     8790	         2751 	
     8791	         2604 	
     8792	         2649 	
     8793	         2914 	
     8794	         2939 	
     8795	         2737 	
     8796	         2716 	
     8797	         2748 	
     8798	         2702 	
     8799	         2828 	
     8800	         2913 	
     8801	         2787 	
     8802	         2562 	
     8803	         2722 	
     8804	         2860 	
     8805	         2826 	
     8806	         2619 	
     8807	         2662 	
     8808	         2653 	
     8809	         2692 	
     8810	         2633 	
     8811	         2595 	
     8812	         2705 	
     8813	         2886 	
     8814	         2735 	
     8815	         2593 	
     8816	         2657 	
     8817	         2968 	
     8818	         2784 	
     8819	         2656 	
     8820	         2660 	
     8821	         2866 	
     8822	         2758 	
     8823	         2797 	
     8824	         2787 	
     8825	         2619 	
     8826	         2646 	
     8827	         2829 	
     8828	         2887 	
     8829	         2670 	
     8830	         2662 	
     8831	         2648 	
     8832	         2634 	
     8833	         2724 	
     8834	         2662 	
     8835	         2616 	
     8836	         2822 	
     8837	         2724 	
     8838	         2691 	
     8839	         2631 	
     8840	         2921 	
     8841	         2790 	
     8842	         2729 	
     8843	         2630 	
     8844	         2658 	
     8845	         2640 	
     8846	         2776 	
     8847	         2855 	
     8848	         2842 	
     8849	         2642 	
     8850	         2687 	
     8851	         2936 	
     8852	         2811 	
     8853	         2691 	
     8854	         2603 	
     8855	         2690 	
     8856	         2682 	
     8857	         2651 	
     8858	         2667 	
     8859	         2812 	
     8860	         2909 	
     8861	         2706 	
     8862	         2588 	
     8863	         2750 	
     8864	         2842 	
     8865	         2798 	
     8866	         2697 	
     8867	         2699 	
     8868	         2685 	
     8869	         2755 	
     8870	         2849 	
     8871	         2833 	
     8872	         2703 	
     8873	         2807 	
     8874	         2845 	
     8875	         2888 	
     8876	         2671 	
     8877	         2609 	
     8878	         2677 	
     8879	         2625 	
     8880	         2672 	
     8881	         2560 	
     8882	         2676 	
     8883	         2813 	
     8884	         2786 	
     8885	         2651 	
     8886	         2571 	
     8887	         2958 	
     8888	         2847 	
     8889	         2758 	
     8890	         2721 	
     8891	         2687 	
     8892	         2787 	
     8893	         2745 	
     8894	         2938 	
     8895	         2664 	
     8896	         2606 	
     8897	         2705 	
     8898	         2888 	
     8899	         2867 	
     8900	         2633 	
     8901	         2571 	
     8902	         2655 	
     8903	         2581 	
     8904	         2629 	
     8905	         2634 	
     8906	         2899 	
     8907	         2802 	
     8908	         2699 	
     8909	         2630 	
     8910	         2621 	
     8911	         2864 	
     8912	         2904 	
     8913	         2772 	
     8914	         2760 	
     8915	         2777 	
     8916	         2827 	
     8917	         2879 	
     8918	         2960 	
     8919	         2698 	
     8920	         2700 	
     8921	         2743 	
     8922	         2813 	
     8923	         2808 	
     8924	         2643 	
     8925	         2674 	
     8926	         2670 	
     8927	         2634 	
     8928	         2552 	
     8929	         2716 	
     8930	         2912 	
     8931	         2838 	
     8932	         2645 	
     8933	         2720 	
     8934	         2656 	
     8935	         2877 	
     8936	         2716 	
     8937	         2793 	
     8938	         2735 	
     8939	         2651 	
     8940	         2798 	
     8941	         2784 	
     8942	         2832 	
     8943	         2639 	
     8944	         2665 	
     8945	         2816 	
     8946	         2904 	
     8947	         2695 	
     8948	         2646 	
     8949	         2686 	
     8950	         2676 	
     8951	         2638 	
     8952	         2474 	
     8953	         2758 	
     8954	         2863 	
     8955	         2816 	
     8956	         2618 	
     8957	         2641 	
     8958	         2849 	
     8959	         2890 	
     8960	         2824 	
     8961	         2736 	
     8962	         2682 	
     8963	         2739 	
     8964	         2823 	
     8965	         2884 	
     8966	         2590 	
     8967	         2660 	
     8968	         2650 	
     8969	         2894 	
     8970	         2882 	
     8971	         2654 	
     8972	         2658 	
     8973	         2687 	
     8974	         2709 	
     8975	         2547 	
     8976	         2646 	
     8977	         2833 	
     8978	         2911 	
     8979	         2650 	
     8980	         2625 	
     8981	         2752 	
     8982	         2932 	
     8983	         2775 	
     8984	         2730 	
     8985	         2733 	
     8986	         2682 	
     8987	         2763 	
     8988	         2872 	
     8989	         2828 	
     8990	         2607 	
     8991	         2624 	
     8992	         2862 	
     8993	         2950 	
     8994	         2721 	
     8995	         2661 	
     8996	         2623 	
     8997	         2616 	
     8998	         2667 	
     8999	         2586 	
     9000	         2862 	
     9001	         2877 	
     9002	         2785 	
     9003	         2630 	
     9004	         2586 	
     9005	         2844 	
     9006	         2880 	
     9007	         2761 	
     9008	         2781 	
     9009	         2730 	
     9010	         2797 	
     9011	         2798 	
     9012	         2870 	
     9013	         2673 	
     9014	         2605 	
     9015	         2681 	
     9016	         2870 	
     9017	         2853 	
     9018	         2620 	
     9019	         2612 	
     9020	         2640 	
     9021	         2610 	
     9022	         2609 	
     9023	         2686 	
     9024	         2956 	
     9025	         2854 	
     9026	         2720 	
     9027	         2598 	
     9028	         2724 	
     9029	         2880 	
     9030	         2849 	
     9031	         2685 	
     9032	         2629 	
     9033	         2821 	
     9034	         2870 	
     9035	         2913 	
     9036	         2783 	
     9037	         2650 	
     9038	         2658 	
     9039	         2769 	
     9040	         2949 	
     9041	         2746 	
     9042	         2601 	
     9043	         2510 	
     9044	         2616 	
     9045	         2613 	
     9046	         2645 	
     9047	         2821 	
     9048	         2997 	
     9049	         2721 	
     9050	         2700 	
     9051	         2599 	
     9052	         2924 	
     9053	         2882 	
     9054	         2778 	
     9055	         2794 	
     9056	         2757 	
     9057	         2789 	
     9058	         2862 	
     9059	         2935 	
     9060	         2739 	
     9061	         2564 	
     9062	         2665 	
     9063	         2846 	
     9064	         2904 	
     9065	         2768 	
     9066	         2608 	
     9067	         2579 	
     9068	         2612 	
     9069	         2578 	
     9070	         2661 	
     9071	         2917 	
     9072	         2825 	
     9073	         2698 	
     9074	         2605 	
     9075	         2712 	
     9076	         2975 	
     9077	         2886 	
     9078	         2821 	
     9079	         2716 	
     9080	         2646 	
     9081	         2784 	
     9082	         2890 	
     9083	         2894 	
     9084	         2666 	
     9085	         2729 	
     9086	         2684 	
     9087	         2921 	
     9088	         2890 	
     9089	         2645 	
     9090	         2664 	
     9091	         2733 	
     9092	         2717 	
     9093	         2635 	
     9094	         2719 	
     9095	         2931 	
     9096	         2875 	
     9097	         2679 	
     9098	         2621 	
     9099	         2708 	
     9100	         2867 	
     9101	         2862 	
     9102	         2701 	
     9103	         2671 	
     9104	         2636 	
     9105	         2822 	
     9106	         2887 	
     9107	         2856 	
     9108	         2548 	
     9109	         2781 	
     9110	         2853 	
     9111	         2805 	
     9112	         2660 	
     9113	         2562 	
     9114	         2610 	
     9115	         2642 	
     9116	         2606 	
     9117	         2601 	
     9118	         2824 	
     9119	         2859 	
     9120	         2779 	
     9121	         2606 	
     9122	         2740 	
     9123	         2891 	
     9124	         2811 	
     9125	         2735 	
     9126	         2638 	
     9127	         2614 	
     9128	         2711 	
     9129	         2863 	
     9130	         2802 	
     9131	         2578 	
     9132	         2641 	
     9133	         2758 	
     9134	         2906 	
     9135	         2777 	
     9136	         2648 	
     9137	         2603 	
     9138	         2624 	
     9139	         2588 	
     9140	         2581 	
     9141	         2629 	
     9142	         2937 	
     9143	         2791 	
     9144	         2711 	
     9145	         2582 	
     9146	         2933 	
     9147	         2864 	
     9148	         2849 	
     9149	         2773 	
     9150	         2595 	
     9151	         2795 	
     9152	         2758 	
     9153	         2860 	
     9154	         2661 	
     9155	         2603 	
     9156	         2743 	
     9157	         2914 	
     9158	         2824 	
     9159	         2598 	
     9160	         2695 	
     9161	         2596 	
     9162	         2614 	
     9163	         2586 	
     9164	         2621 	
     9165	         2850 	
     9166	         2834 	
     9167	         2712 	
     9168	         2611 	
     9169	         2676 	
     9170	         2875 	
     9171	         2813 	
     9172	         2728 	
     9173	         2700 	
     9174	         2776 	
     9175	         2798 	
     9176	         2956 	
     9177	         2886 	
     9178	         2605 	
     9179	         2662 	
     9180	         2814 	
     9181	         2905 	
     9182	         2927 	
     9183	         2578 	
     9184	         2568 	
     9185	         2634 	
     9186	         2624 	
     9187	         2613 	
     9188	         2689 	
     9189	         2822 	
     9190	         2727 	
     9191	         2643 	
     9192	         2717 	
     9193	         2767 	
     9194	         2820 	
     9195	         2845 	
     9196	         2825 	
     9197	         2743 	
     9198	         2697 	
     9199	         2840 	
     9200	         2874 	
     9201	         2829 	
     9202	         2534 	
     9203	         2692 	
     9204	         2830 	
     9205	         2873 	
     9206	         2806 	
     9207	         2593 	
     9208	         2555 	
     9209	         2635 	
     9210	         2589 	
     9211	         2633 	
     9212	         2848 	
     9213	         2897 	
     9214	         2686 	
     9215	         2627 	
     9216	         2653 	
     9217	         2918 	
     9218	         2914 	
     9219	         2804 	
     9220	         2692 	
     9221	         2713 	
     9222	         2769 	
     9223	         2778 	
     9224	         2988 	
     9225	         2633 	
     9226	         2670 	
     9227	         2728 	
     9228	         2888 	
     9229	         2818 	
     9230	         2587 	
     9231	         2573 	
     9232	         2688 	
     9233	         2717 	
     9234	         2682 	
     9235	         2577 	
     9236	         2757 	
     9237	         2903 	
     9238	         2823 	
     9239	         2548 	
     9240	         2772 	
     9241	         2819 	
     9242	         2806 	
     9243	         2719 	
     9244	         2622 	
     9245	         2745 	
     9246	         2729 	
     9247	         2852 	
     9248	         2893 	
     9249	         2737 	
     9250	         2638 	
     9251	         2713 	
     9252	         2964 	
     9253	         2641 	
     9254	         2528 	
     9255	         2661 	
     9256	         2617 	
     9257	         2596 	
     9258	         2653 	
     9259	         2699 	
     9260	         2821 	
     9261	         2799 	
     9262	         2611 	
     9263	         2571 	
     9264	         2871 	
     9265	         2859 	
     9266	         2754 	
     9267	         2633 	
     9268	         2654 	
     9269	         2686 	
     9270	         2851 	
     9271	         2852 	
     9272	         2747 	
     9273	         2638 	
     9274	         2826 	
     9275	         2984 	
     9276	         2772 	
     9277	         2557 	
     9278	         2629 	
     9279	         2592 	
     9280	         2664 	
     9281	         2614 	
     9282	         2600 	
     9283	         2878 	
     9284	         2803 	
     9285	         2706 	
     9286	         2595 	
     9287	         2786 	
     9288	         2814 	
     9289	         2731 	
     9290	         2681 	
     9291	         2618 	
     9292	         2689 	
     9293	         2790 	
     9294	         2866 	
     9295	         2758 	
     9296	         2688 	
     9297	         2679 	
     9298	         2839 	
     9299	         2847 	
     9300	         2620 	
     9301	         2598 	
     9302	         2680 	
     9303	         2599 	
     9304	         2656 	
     9305	         2542 	
     9306	         2713 	
     9307	         2888 	
     9308	         2743 	
     9309	         2534 	
     9310	         2711 	
     9311	         2917 	
     9312	         2847 	
     9313	         2674 	
     9314	         2654 	
     9315	         2675 	
     9316	         2752 	
     9317	         2816 	
     9318	         2929 	
     9319	         2631 	
     9320	         2622 	
     9321	         2711 	
     9322	         2867 	
     9323	         2802 	
     9324	         2661 	
     9325	         2644 	
     9326	         2702 	
     9327	         2635 	
     9328	         2597 	
     9329	         2697 	
     9330	         2893 	
     9331	         2839 	
     9332	         2638 	
     9333	         2540 	
     9334	         2912 	
     9335	         2859 	
     9336	         2778 	
     9337	         2652 	
     9338	         2660 	
     9339	         2720 	
     9340	         2685 	
     9341	         2877 	
     9342	         2877 	
     9343	         2579 	
     9344	         2713 	
     9345	         2755 	
     9346	         2875 	
     9347	         2752 	
     9348	         2551 	
     9349	         2623 	
     9350	         2641 	
     9351	         2659 	
     9352	         2577 	
     9353	         2705 	
     9354	         2826 	
     9355	         2871 	
     9356	         2644 	
     9357	         2563 	
     9358	         2812 	
     9359	         2904 	
     9360	         2842 	
     9361	         2686 	
     9362	         2567 	
     9363	         2693 	
     9364	         2732 	
     9365	         2968 	
     9366	         2811 	
     9367	         2614 	
     9368	         2699 	
     9369	         2935 	
     9370	         2790 	
     9371	         2671 	
     9372	         2598 	
     9373	         2635 	
     9374	         2601 	
     9375	         2692 	
     9376	         2530 	
     9377	         2677 	
     9378	         2842 	
     9379	         2825 	
     9380	         2590 	
     9381	         2764 	
     9382	         2915 	
     9383	         2824 	
     9384	         2758 	
     9385	         2632 	
     9386	         2753 	
     9387	         2633 	
     9388	         2763 	
     9389	         2883 	
     9390	         2715 	
     9391	         2655 	
     9392	         2812 	
     9393	         2861 	
     9394	         2630 	
     9395	         2569 	
     9396	         2653 	
     9397	         2649 	
     9398	         2626 	
     9399	         2657 	
     9400	         2586 	
     9401	         2926 	
     9402	         2786 	
     9403	         2628 	
     9404	         2628 	
     9405	         2891 	
     9406	         2814 	
     9407	         2672 	
     9408	         2651 	
     9409	         2706 	
     9410	         2643 	
     9411	         2787 	
     9412	         2816 	
     9413	         2745 	
     9414	         2594 	
     9415	         2750 	
     9416	         2930 	
     9417	         2701 	
     9418	         2606 	
     9419	         2671 	
     9420	         2636 	
     9421	         2613 	
     9422	         2605 	
     9423	         2606 	
     9424	         2811 	
     9425	         2862 	
     9426	         2635 	
     9427	         2658 	
     9428	         2771 	
     9429	         2938 	
     9430	         2769 	
     9431	         2667 	
     9432	         2597 	
     9433	         2740 	
     9434	         2762 	
     9435	         2848 	
     9436	         2812 	
     9437	         2666 	
     9438	         2700 	
     9439	         2861 	
     9440	         2848 	
     9441	         2665 	
     9442	         2713 	
     9443	         2702 	
     9444	         2691 	
     9445	         2637 	
     9446	         2641 	
     9447	         2668 	
     9448	         2850 	
     9449	         2902 	
     9450	         2703 	
     9451	         2716 	
     9452	         2894 	
     9453	         2847 	
     9454	         2783 	
     9455	         2701 	
     9456	         2637 	
     9457	         2758 	
     9458	         2824 	
     9459	         2901 	
     9460	         2751 	
     9461	         2649 	
     9462	         2603 	
     9463	         2899 	
     9464	         2835 	
     9465	         2655 	
     9466	         2637 	
     9467	         2619 	
     9468	         2702 	
     9469	         2655 	
     9470	         2601 	
     9471	         2786 	
     9472	         2837 	
     9473	         2732 	
     9474	         2602 	
     9475	         2710 	
     9476	         2851 	
     9477	         2719 	
     9478	         2776 	
     9479	         2687 	
     9480	         2651 	
     9481	         2756 	
     9482	         2845 	
     9483	         2862 	
     9484	         2698 	
     9485	         2551 	
     9486	         2819 	
     9487	         2958 	
     9488	         2766 	
     9489	         2571 	
     9490	         2639 	
     9491	         2662 	
     9492	         2754 	
     9493	         2672 	
     9494	         2694 	
     9495	         2833 	
     9496	         2819 	
     9497	         2706 	
     9498	         2603 	
     9499	         2758 	
     9500	         2904 	
     9501	         2859 	
     9502	         2780 	
     9503	         2692 	
     9504	         2727 	
     9505	         2694 	
     9506	         2806 	
     9507	         2860 	
     9508	         2657 	
     9509	         2703 	
     9510	         2766 	
     9511	         2889 	
     9512	         2618 	
     9513	         2671 	
     9514	         2664 	
     9515	         2706 	
     9516	         2657 	
     9517	         2705 	
     9518	         2596 	
     9519	         2866 	
     9520	         2900 	
     9521	         2576 	
     9522	         2598 	
     9523	         2723 	
     9524	         2877 	
     9525	         2761 	
     9526	         2659 	
     9527	         2747 	
     9528	         2710 	
     9529	         2773 	
     9530	         2885 	
     9531	         2723 	
     9532	         2645 	
     9533	         2774 	
     9534	         2900 	
     9535	         2754 	
     9536	         2684 	
     9537	         2671 	
     9538	         2744 	
     9539	         2631 	
     9540	         2613 	
     9541	         2599 	
     9542	         2728 	
     9543	         2924 	
     9544	         2776 	
     9545	         2561 	
     9546	         2743 	
     9547	         2944 	
     9548	         2788 	
     9549	         2655 	
     9550	         2725 	
     9551	         2643 	
     9552	         2748 	
     9553	         2913 	
     9554	         2672 	
     9555	         2663 	
     9556	         2646 	
     9557	         2894 	
     9558	         2711 	
     9559	         2641 	
     9560	         2747 	
     9561	         2651 	
     9562	         2666 	
     9563	         2665 	
     9564	         2682 	
     9565	         2573 	
     9566	         2880 	
     9567	         2845 	
     9568	         2638 	
     9569	         2577 	
     9570	         2878 	
     9571	         2765 	
     9572	         2743 	
     9573	         2683 	
     9574	         2700 	
     9575	         2709 	
     9576	         2851 	
     9577	         2929 	
     9578	         2728 	
     9579	         2709 	
     9580	         2729 	
     9581	         2926 	
     9582	         2696 	
     9583	         2623 	
     9584	         2643 	
     9585	         2697 	
     9586	         2628 	
     9587	         2557 	
     9588	         2616 	
     9589	         2821 	
     9590	         2884 	
     9591	         2716 	
     9592	         2601 	
     9593	         2705 	
     9594	         2912 	
     9595	         2830 	
     9596	         2756 	
     9597	         2633 	
     9598	         2776 	
     9599	         2852 	
     9600	         2850 	
     9601	         2763 	
     9602	         2566 	
     9603	         2682 	
     9604	         2853 	
     9605	         2856 	
     9606	         2682 	
     9607	         2712 	
     9608	         2682 	
     9609	         2693 	
     9610	         2613 	
     9611	         2645 	
     9612	         2649 	
     9613	         2916 	
     9614	         2844 	
     9615	         2595 	
     9616	         2726 	
     9617	         2812 	
     9618	         2909 	
     9619	         2753 	
     9620	         2669 	
     9621	         2666 	
     9622	         2697 	
     9623	         2858 	
     9624	         2862 	
     9625	         2762 	
     9626	         2684 	
     9627	         2638 	
     9628	         2766 	
     9629	         2967 	
     9630	         2635 	
     9631	         2602 	
     9632	         2655 	
     9633	         2666 	
     9634	         2671 	
     9635	         2609 	
     9636	         2815 	
     9637	         2835 	
     9638	         2741 	
     9639	         2553 	
     9640	         2691 	
     9641	         2930 	
     9642	         2777 	
     9643	         2795 	
     9644	         2688 	
     9645	         2654 	
     9646	         2735 	
     9647	         2855 	
     9648	         2906 	
     9649	         2621 	
     9650	         2702 	
     9651	         2762 	
     9652	         2889 	
     9653	         2826 	
     9654	         2541 	
     9655	         2648 	
     9656	         2701 	
     9657	         2608 	
     9658	         2635 	
     9659	         2635 	
     9660	         2846 	
     9661	         2968 	
     9662	         2724 	
     9663	         2657 	
     9664	         2761 	
     9665	         2837 	
     9666	         2876 	
     9667	         2788 	
     9668	         2752 	
     9669	         2715 	
     9670	         2703 	
     9671	         2887 	
     9672	         2826 	
     9673	         2610 	
     9674	         2589 	
     9675	         2840 	
     9676	         2897 	
     9677	         2714 	
     9678	         2655 	
     9679	         2624 	
     9680	         2661 	
     9681	         2667 	
     9682	         2573 	
     9683	         2814 	
     9684	         2861 	
     9685	         2786 	
     9686	         2635 	
     9687	         2682 	
     9688	         2999 	
     9689	         2839 	
     9690	         2727 	
     9691	         2684 	
     9692	         2672 	
     9693	         2769 	
     9694	         2988 	
     9695	         2906 	
     9696	         2584 	
     9697	         2683 	
     9698	         2769 	
     9699	         2824 	
     9700	         2634 	
     9701	         2677 	
     9702	         2665 	
     9703	         2636 	
     9704	         2676 	
     9705	         2609 	
     9706	         2597 	
     9707	         2911 	
     9708	         2749 	
     9709	         2655 	
     9710	         2547 	
     9711	         2822 	
     9712	         2831 	
     9713	         2777 	
     9714	         2715 	
     9715	         2665 	
     9716	         2765 	
     9717	         2918 	
     9718	         2864 	
     9719	         2767 	
     9720	         2614 	
     9721	         2735 	
     9722	         2883 	
     9723	         2733 	
     9724	         2616 	
     9725	         2732 	
     9726	         2638 	
     9727	         2673 	
     9728	         2729 	
     9729	         2597 	
     9730	         2761 	
     9731	         2906 	
     9732	         2712 	
     9733	         2608 	
     9734	         2670 	
     9735	         2823 	
     9736	         2861 	
     9737	         2820 	
     9738	         2604 	
     9739	         2680 	
     9740	         2788 	
     9741	         2926 	
     9742	         2929 	
     9743	         2622 	
     9744	         2723 	
     9745	         2795 	
     9746	         2993 	
     9747	         2777 	
     9748	         2538 	
     9749	         2614 	
     9750	         2685 	
     9751	         2646 	
     9752	         2580 	
     9753	         2684 	
     9754	         2836 	
     9755	         2872 	
     9756	         2707 	
     9757	         2605 	
     9758	         2744 	
     9759	         2988 	
     9760	         2795 	
     9761	         2773 	
     9762	         2701 	
     9763	         2815 	
     9764	         2842 	
     9765	         2874 	
     9766	         2746 	
     9767	         2626 	
     9768	         2722 	
     9769	         2851 	
     9770	         2862 	
     9771	         2629 	
     9772	         2604 	
     9773	         2565 	
     9774	         2643 	
     9775	         2610 	
     9776	         2667 	
     9777	         2892 	
     9778	         2941 	
     9779	         2819 	
     9780	         2649 	
     9781	         2512 	
     9782	         2756 	
     9783	         2835 	
     9784	         2816 	
     9785	         2765 	
     9786	         2739 	
     9787	         2834 	
     9788	         2831 	
     9789	         2879 	
     9790	         2733 	
     9791	         2642 	
     9792	         2733 	
     9793	         2850 	
     9794	         2796 	
     9795	         2655 	
     9796	         2584 	
     9797	         2584 	
     9798	         2593 	
     9799	         2620 	
     9800	         2654 	
     9801	         2809 	
     9802	         2844 	
     9803	         2761 	
     9804	         2653 	
     9805	         2654 	
     9806	         2855 	
     9807	         2883 	
     9808	         2811 	
     9809	         2693 	
     9810	         2759 	
     9811	         2831 	
     9812	         2859 	
     9813	         2930 	
     9814	         2666 	
     9815	         2633 	
     9816	         2763 	
     9817	         2886 	
     9818	         2665 	
     9819	         2613 	
     9820	         2656 	
     9821	         2709 	
     9822	         2595 	
     9823	         2553 	
     9824	         2751 	
     9825	         2844 	
     9826	         2759 	
     9827	         2799 	
     9828	         2572 	
     9829	         2837 	
     9830	         2848 	
     9831	         2756 	
     9832	         2614 	
     9833	         2617 	
     9834	         2684 	
     9835	         2838 	
     9836	         3005 	
     9837	         2630 	
     9838	         2640 	
     9839	         2712 	
     9840	         2857 	
     9841	         2759 	
     9842	         2585 	
     9843	         2588 	
     9844	         2586 	
     9845	         2618 	
     9846	         2679 	
     9847	         2592 	
     9848	         2820 	
     9849	         2938 	
     9850	         2719 	
     9851	         2638 	
     9852	         2738 	
     9853	         2879 	
     9854	         2809 	
     9855	         2757 	
     9856	         2736 	
     9857	         2713 	
     9858	         2802 	
     9859	         2884 	
     9860	         2739 	
     9861	         2624 	
     9862	         2683 	
     9863	         2871 	
     9864	         2826 	
     9865	         2648 	
     9866	         2605 	
     9867	         2634 	
     9868	         2651 	
     9869	         2662 	
     9870	         2571 	
     9871	         2749 	
     9872	         2903 	
     9873	         2716 	
     9874	         2624 	
     9875	         2642 	
     9876	         2781 	
     9877	         2939 	
     9878	         2809 	
     9879	         2771 	
     9880	         2639 	
     9881	         2819 	
     9882	         2888 	
     9883	         2821 	
     9884	         2757 	
     9885	         2727 	
     9886	         2675 	
     9887	         2895 	
     9888	         2775 	
     9889	         2663 	
     9890	         2574 	
     9891	         2627 	
     9892	         2614 	
     9893	         2577 	
     9894	         2628 	
     9895	         2886 	
     9896	         2945 	
     9897	         2734 	
     9898	         2656 	
     9899	         2740 	
     9900	         2819 	
     9901	         2923 	
     9902	         2713 	
     9903	         2754 	
     9904	         2835 	
     9905	         2789 	
     9906	         2886 	
     9907	         2772 	
     9908	         2607 	
     9909	         2597 	
     9910	         2722 	
     9911	         2900 	
     9912	         2815 	
     9913	         2687 	
     9914	         2654 	
     9915	         2635 	
     9916	         2534 	
     9917	         2627 	
     9918	         2725 	
     9919	         2924 	
     9920	         2783 	
     9921	         2706 	
     9922	         2625 	
     9923	         2711 	
     9924	         2884 	
     9925	         2904 	
     9926	         2871 	
     9927	         2744 	
     9928	         2766 	
     9929	         2886 	
     9930	         2834 	
     9931	         2671 	
     9932	         2697 	
     9933	         2676 	
     9934	         2805 	
     9935	         3027 	
     9936	         2691 	
     9937	         2579 	
     9938	         2628 	
     9939	         2686 	
     9940	         2660 	
     9941	         2575 	
     9942	         2834 	
     9943	         2935 	
     9944	         2748 	
     9945	         2619 	
     9946	         2657 	
     9947	         2826 	
     9948	         2803 	
     9949	         2829 	
     9950	         2750 	
     9951	         2733 	
     9952	         2758 	
     9953	         2870 	
     9954	         2902 	
     9955	         2588 	
     9956	         2704 	
     9957	         2730 	
     9958	         2891 	
     9959	         2745 	
     9960	         2625 	
     9961	         2649 	
     9962	         2669 	
     9963	         2686 	
     9964	         2618 	
     9965	         2672 	
     9966	         2873 	
     9967	         2815 	
     9968	         2607 	
     9969	         2633 	
     9970	         2838 	
     9971	         2892 	
     9972	         2728 	
     9973	         2684 	
     9974	         2756 	
     9975	         2685 	
     9976	         2799 	
     9977	         2858 	
     9978	         2844 	
     9979	         2536 	
     9980	         2666 	
     9981	         2974 	
     9982	         2842 	
     9983	         2612 	
     9984	         2575 	
     9985	         2637 	
     9986	         2685 	
     9987	         2596 	
     9988	         2554 	
     9989	         2745 	
     9990	         2935 	
     9991	         2738 	
     9992	         2696 	
     9993	         2681 	
     9994	         2930 	
     9995	         2813 	
     9996	         2679 	
     9997	         2709 	
     9998	         2743 	
     9999	         2803 	
    10000	         2910 	
