{
  "p_mm": 0.24171,
  "p2_mm": 0.364283,
  "a_mm": 0.517668,
  "c_mm": 9.817748,
  "d2_mm": 204.301731,
  "q_fija_cm": 3.0,
  "score": 0.8660676486487929,
  "unidades": "mm (excepto q_fija_cm [cm] y score [adim])",
  "N_F_max": 12.0,
  "N_quad_opt": 40
}