{
  "p": 0.250233,
  "q": 0.160079,
  "p2": 0.059558,
  "q2": 0.227274,
  "a": 1.983629,
  "b": 0.409487,
  "c": 6.572104,
  "d2": 62.332233,
  "score": 0.4404301105653118,
  "unidades": "mm (excepto score)",
  "N_F_max": 12.0,
  "N_quad_opt": 30
}