# bins en theta = 30.00 deg
# bin_length_s = 0.001000
# bin	counts	CPS
1	84	84000.000
2	90	90000.000
3	104	104000.000
4	92	92000.000
5	91	91000.000
6	97	97000.000
7	84	84000.000
8	66	66000.000
9	85	85000.000
10	90	90000.000
11	104	104000.000
12	80	80000.000
13	81	81000.000
14	92	92000.000
15	83	83000.000
16	88	88000.000
17	97	97000.000
18	99	99000.000
19	71	71000.000
20	81	81000.000
21	88	88000.000
22	93	93000.000
23	85	85000.000
24	80	80000.000
25	74	74000.000
26	72	72000.000
27	93	93000.000
28	84	84000.000
29	93	93000.000
30	94	94000.000
31	97	97000.000
32	80	80000.000
33	69	69000.000
34	75	75000.000
35	88	88000.000
36	103	103000.000
37	89	89000.000
38	86	86000.000
39	84	84000.000
40	81	81000.000
41	85	85000.000
42	77	77000.000
43	88	88000.000
44	88	88000.000
45	77	77000.000
46	80	80000.000
47	87	87000.000
48	68	68000.000
49	71	71000.000
50	96	96000.000
51	80	80000.000
52	87	87000.000
53	88	88000.000
54	104	104000.000
55	91	91000.000
56	98	98000.000
57	81	81000.000
58	81	81000.000
59	91	91000.000
60	100	100000.000
61	78	78000.000
62	82	82000.000
63	106	106000.000
64	96	96000.000
65	95	95000.000
66	101	101000.000
67	98	98000.000
68	85	85000.000
69	99	99000.000
70	90	90000.000
71	79	79000.000
72	90	90000.000
73	105	105000.000
74	93	93000.000
75	100	100000.000
76	94	94000.000
77	102	102000.000
78	109	109000.000
79	88	88000.000
80	84	84000.000
81	105	105000.000
82	101	101000.000
83	90	90000.000
84	79	79000.000
85	98	98000.000
86	96	96000.000
87	94	94000.000
88	74	74000.000
89	107	107000.000
90	75	75000.000
91	91	91000.000
92	89	89000.000
93	113	113000.000
94	73	73000.000
95	79	79000.000
96	56	56000.000
97	92	92000.000
98	106	106000.000
99	83	83000.000
100	92	92000.000
101	102	102000.000
102	79	79000.000
103	79	79000.000
104	85	85000.000
105	89	89000.000
106	91	91000.000
107	87	87000.000
108	97	97000.000
109	86	86000.000
110	85	85000.000
111	84	84000.000
112	73	73000.000
113	81	81000.000
114	98	98000.000
115	84	84000.000
116	91	91000.000
117	93	93000.000
118	93	93000.000
119	89	89000.000
120	88	88000.000
121	85	85000.000
122	85	85000.000
123	74	74000.000
124	76	76000.000
125	93	93000.000
126	83	83000.000
127	100	100000.000
128	90	90000.000
129	81	81000.000
130	101	101000.000
131	111	111000.000
132	93	93000.000
133	85	85000.000
134	84	84000.000
135	90	90000.000
136	98	98000.000
137	79	79000.000
138	101	101000.000
139	87	87000.000
140	70	70000.000
141	77	77000.000
142	80	80000.000
143	72	72000.000
144	88	88000.000
145	85	85000.000
146	89	89000.000
147	62	62000.000
148	96	96000.000
149	82	82000.000
150	89	89000.000
151	99	99000.000
152	80	80000.000
153	76	76000.000
154	93	93000.000
155	79	79000.000
156	92	92000.000
157	86	86000.000
158	75	75000.000
159	82	82000.000
160	102	102000.000
161	86	86000.000
162	80	80000.000
163	92	92000.000
164	73	73000.000
165	90	90000.000
166	106	106000.000
167	82	82000.000
168	86	86000.000
169	77	77000.000
170	91	91000.000
171	106	106000.000
172	92	92000.000
173	109	109000.000
174	92	92000.000
175	102	102000.000
176	100	100000.000
177	95	95000.000
178	83	83000.000
179	91	91000.000
180	89	89000.000
181	79	79000.000
182	90	90000.000
183	78	78000.000
184	89	89000.000
185	84	84000.000
186	79	79000.000
187	81	81000.000
188	80	80000.000
189	84	84000.000
190	87	87000.000
191	108	108000.000
192	89	89000.000
193	83	83000.000
194	77	77000.000
195	83	83000.000
196	71	71000.000
197	99	99000.000
198	105	105000.000
199	95	95000.000
200	82	82000.000
201	107	107000.000
202	79	79000.000
203	92	92000.000
204	88	88000.000
205	67	67000.000
206	87	87000.000
207	84	84000.000
208	74	74000.000
209	86	86000.000
210	78	78000.000
211	83	83000.000
212	89	89000.000
213	93	93000.000
214	92	92000.000
215	83	83000.000
216	83	83000.000
217	90	90000.000
218	99	99000.000
219	102	102000.000
220	98	98000.000
221	82	82000.000
222	80	80000.000
223	82	82000.000
224	96	96000.000
225	88	88000.000
226	105	105000.000
227	87	87000.000
228	97	97000.000
229	82	82000.000
230	82	82000.000
231	76	76000.000
232	85	85000.000
233	91	91000.000
234	86	86000.000
235	92	92000.000
236	101	101000.000
237	81	81000.000
238	79	79000.000
239	81	81000.000
240	79	79000.000
241	87	87000.000
242	101	101000.000
243	84	84000.000
244	85	85000.000
245	88	88000.000
246	104	104000.000
247	83	83000.000
248	89	89000.000
249	82	82000.000
250	71	71000.000
251	81	81000.000
252	79	79000.000
253	96	96000.000
254	104	104000.000
255	104	104000.000
256	76	76000.000
257	65	65000.000
258	72	72000.000
259	90	90000.000
260	98	98000.000
261	83	83000.000
262	86	86000.000
263	98	98000.000
264	94	94000.000
265	89	89000.000
266	76	76000.000
267	109	109000.000
268	82	82000.000
269	99	99000.000
270	106	106000.000
271	66	66000.000
272	69	69000.000
273	83	83000.000
274	90	90000.000
275	72	72000.000
276	88	88000.000
277	100	100000.000
278	87	87000.000
279	97	97000.000
280	91	91000.000
281	81	81000.000
282	89	89000.000
283	86	86000.000
284	102	102000.000
285	93	93000.000
286	99	99000.000
287	84	84000.000
288	103	103000.000
289	88	88000.000
290	83	83000.000
291	80	80000.000
292	103	103000.000
293	82	82000.000
294	93	93000.000
295	79	79000.000
296	89	89000.000
297	110	110000.000
298	93	93000.000
299	89	89000.000
300	76	76000.000
301	115	115000.000
302	74	74000.000
303	98	98000.000
304	65	65000.000
305	88	88000.000
306	95	95000.000
307	78	78000.000
308	108	108000.000
309	68	68000.000
310	89	89000.000
311	81	81000.000
312	84	84000.000
313	95	95000.000
314	79	79000.000
315	103	103000.000
316	82	82000.000
317	78	78000.000
318	90	90000.000
319	90	90000.000
320	82	82000.000
321	94	94000.000
322	86	86000.000
323	83	83000.000
324	91	91000.000
325	84	84000.000
326	86	86000.000
327	78	78000.000
328	97	97000.000
329	72	72000.000
330	93	93000.000
331	93	93000.000
332	99	99000.000
333	87	87000.000
334	88	88000.000
335	78	78000.000
336	91	91000.000
337	84	84000.000
338	96	96000.000
339	84	84000.000
340	79	79000.000
341	88	88000.000
342	85	85000.000
343	72	72000.000
344	104	104000.000
345	90	90000.000
346	92	92000.000
347	104	104000.000
348	78	78000.000
349	91	91000.000
350	81	81000.000
351	83	83000.000
352	101	101000.000
353	94	94000.000
354	81	81000.000
355	91	91000.000
356	93	93000.000
357	73	73000.000
358	100	100000.000
359	98	98000.000
360	96	96000.000
361	86	86000.000
362	90	90000.000
363	80	80000.000
364	92	92000.000
365	87	87000.000
366	82	82000.000
367	85	85000.000
368	95	95000.000
369	78	78000.000
370	98	98000.000
371	86	86000.000
372	96	96000.000
373	84	84000.000
374	84	84000.000
375	91	91000.000
376	98	98000.000
377	75	75000.000
378	76	76000.000
379	108	108000.000
380	80	80000.000
381	102	102000.000
382	67	67000.000
383	74	74000.000
384	99	99000.000
385	69	69000.000
386	90	90000.000
387	82	82000.000
388	75	75000.000
389	99	99000.000
390	83	83000.000
391	83	83000.000
392	77	77000.000
393	67	67000.000
394	73	73000.000
395	79	79000.000
396	88	88000.000
397	72	72000.000
398	96	96000.000
399	79	79000.000
400	110	110000.000
401	111	111000.000
402	98	98000.000
403	93	93000.000
404	86	86000.000
405	96	96000.000
406	83	83000.000
407	89	89000.000
408	104	104000.000
409	89	89000.000
410	86	86000.000
411	92	92000.000
412	101	101000.000
413	86	86000.000
414	73	73000.000
415	89	89000.000
416	84	84000.000
417	89	89000.000
418	72	72000.000
419	75	75000.000
420	85	85000.000
421	92	92000.000
422	105	105000.000
423	75	75000.000
424	99	99000.000
425	91	91000.000
426	93	93000.000
427	84	84000.000
428	71	71000.000
429	82	82000.000
430	86	86000.000
431	93	93000.000
432	98	98000.000
433	83	83000.000
434	96	96000.000
435	96	96000.000
436	70	70000.000
437	81	81000.000
438	84	84000.000
439	84	84000.000
440	76	76000.000
441	76	76000.000
442	71	71000.000
443	90	90000.000
444	95	95000.000
445	84	84000.000
446	81	81000.000
447	85	85000.000
448	83	83000.000
449	88	88000.000
450	96	96000.000
451	81	81000.000
452	103	103000.000
453	90	90000.000
454	105	105000.000
455	80	80000.000
456	95	95000.000
457	82	82000.000
458	87	87000.000
459	68	68000.000
460	76	76000.000
461	73	73000.000
462	96	96000.000
463	76	76000.000
464	78	78000.000
465	91	91000.000
466	91	91000.000
467	87	87000.000
468	89	89000.000
469	78	78000.000
470	80	80000.000
471	87	87000.000
472	85	85000.000
473	86	86000.000
474	82	82000.000
475	79	79000.000
476	77	77000.000
477	112	112000.000
478	90	90000.000
479	88	88000.000
480	82	82000.000
481	81	81000.000
482	81	81000.000
483	92	92000.000
484	84	84000.000
485	84	84000.000
486	96	96000.000
487	68	68000.000
488	105	105000.000
489	89	89000.000
490	91	91000.000
491	77	77000.000
492	84	84000.000
493	71	71000.000
494	90	90000.000
495	74	74000.000
496	100	100000.000
497	99	99000.000
498	96	96000.000
499	75	75000.000
500	103	103000.000
501	85	85000.000
502	72	72000.000
503	96	96000.000
504	99	99000.000
505	75	75000.000
506	111	111000.000
507	82	82000.000
508	95	95000.000
509	79	79000.000
510	82	82000.000
511	79	79000.000
512	86	86000.000
513	86	86000.000
514	82	82000.000
515	100	100000.000
516	87	87000.000
517	89	89000.000
518	94	94000.000
519	89	89000.000
520	97	97000.000
521	89	89000.000
522	91	91000.000
523	74	74000.000
524	61	61000.000
525	66	66000.000
526	77	77000.000
527	94	94000.000
528	92	92000.000
529	86	86000.000
530	83	83000.000
531	94	94000.000
532	80	80000.000
533	78	78000.000
534	83	83000.000
535	86	86000.000
536	117	117000.000
537	94	94000.000
538	73	73000.000
539	86	86000.000
540	91	91000.000
541	81	81000.000
542	87	87000.000
543	93	93000.000
544	94	94000.000
545	81	81000.000
546	97	97000.000
547	85	85000.000
548	110	110000.000
549	97	97000.000
550	69	69000.000
551	86	86000.000
552	89	89000.000
553	84	84000.000
554	84	84000.000
555	89	89000.000
556	84	84000.000
557	84	84000.000
558	72	72000.000
559	76	76000.000
560	88	88000.000
561	81	81000.000
562	92	92000.000
563	96	96000.000
564	97	97000.000
565	83	83000.000
566	78	78000.000
567	94	94000.000
568	76	76000.000
569	89	89000.000
570	89	89000.000
571	89	89000.000
572	102	102000.000
573	66	66000.000
574	83	83000.000
575	74	74000.000
576	80	80000.000
577	78	78000.000
578	92	92000.000
579	101	101000.000
580	76	76000.000
581	102	102000.000
582	77	77000.000
583	77	77000.000
584	83	83000.000
585	87	87000.000
586	92	92000.000
587	88	88000.000
588	91	91000.000
589	87	87000.000
590	93	93000.000
591	94	94000.000
592	79	79000.000
593	80	80000.000
594	94	94000.000
595	95	95000.000
596	86	86000.000
597	88	88000.000
598	88	88000.000
599	74	74000.000
600	77	77000.000
601	76	76000.000
602	95	95000.000
603	97	97000.000
604	78	78000.000
605	103	103000.000
606	82	82000.000
607	80	80000.000
608	104	104000.000
609	87	87000.000
610	87	87000.000
611	79	79000.000
612	75	75000.000
613	92	92000.000
614	83	83000.000
615	94	94000.000
616	107	107000.000
617	83	83000.000
618	94	94000.000
619	89	89000.000
620	82	82000.000
621	86	86000.000
622	91	91000.000
623	85	85000.000
624	97	97000.000
625	92	92000.000
626	99	99000.000
627	86	86000.000
628	86	86000.000
629	71	71000.000
630	101	101000.000
631	91	91000.000
632	87	87000.000
633	103	103000.000
634	102	102000.000
635	97	97000.000
636	89	89000.000
637	88	88000.000
638	88	88000.000
639	72	72000.000
640	71	71000.000
641	85	85000.000
642	80	80000.000
643	80	80000.000
644	96	96000.000
645	100	100000.000
646	84	84000.000
647	85	85000.000
648	86	86000.000
649	70	70000.000
650	92	92000.000
651	83	83000.000
652	88	88000.000
653	97	97000.000
654	91	91000.000
655	95	95000.000
656	113	113000.000
657	80	80000.000
658	67	67000.000
659	66	66000.000
660	107	107000.000
661	80	80000.000
662	101	101000.000
663	80	80000.000
664	86	86000.000
665	65	65000.000
666	86	86000.000
667	89	89000.000
668	75	75000.000
669	88	88000.000
670	96	96000.000
671	96	96000.000
672	87	87000.000
673	91	91000.000
674	72	72000.000
675	108	108000.000
676	93	93000.000
677	80	80000.000
678	99	99000.000
679	84	84000.000
680	92	92000.000
681	83	83000.000
682	94	94000.000
683	98	98000.000
684	81	81000.000
685	101	101000.000
686	108	108000.000
687	90	90000.000
688	76	76000.000
689	88	88000.000
690	110	110000.000
691	82	82000.000
692	100	100000.000
693	99	99000.000
694	91	91000.000
695	97	97000.000
696	106	106000.000
697	76	76000.000
698	71	71000.000
699	78	78000.000
700	91	91000.000
701	77	77000.000
702	74	74000.000
703	79	79000.000
704	85	85000.000
705	95	95000.000
706	97	97000.000
707	83	83000.000
708	83	83000.000
709	90	90000.000
710	99	99000.000
711	82	82000.000
712	85	85000.000
713	77	77000.000
714	77	77000.000
715	85	85000.000
716	89	89000.000
717	89	89000.000
718	71	71000.000
719	89	89000.000
720	85	85000.000
721	86	86000.000
722	85	85000.000
723	93	93000.000
724	65	65000.000
725	104	104000.000
726	101	101000.000
727	74	74000.000
728	103	103000.000
729	101	101000.000
730	89	89000.000
731	82	82000.000
732	85	85000.000
733	73	73000.000
734	77	77000.000
735	98	98000.000
736	86	86000.000
737	80	80000.000
738	86	86000.000
739	110	110000.000
740	91	91000.000
741	86	86000.000
742	97	97000.000
743	81	81000.000
744	88	88000.000
745	88	88000.000
746	84	84000.000
747	78	78000.000
748	90	90000.000
749	94	94000.000
750	100	100000.000
751	80	80000.000
752	97	97000.000
753	96	96000.000
754	80	80000.000
755	98	98000.000
756	86	86000.000
757	87	87000.000
758	75	75000.000
759	80	80000.000
760	94	94000.000
761	78	78000.000
762	108	108000.000
763	110	110000.000
764	77	77000.000
765	88	88000.000
766	95	95000.000
767	94	94000.000
768	69	69000.000
769	84	84000.000
770	93	93000.000
771	84	84000.000
772	91	91000.000
773	82	82000.000
774	105	105000.000
775	89	89000.000
776	83	83000.000
777	67	67000.000
778	93	93000.000
779	99	99000.000
780	91	91000.000
781	92	92000.000
782	85	85000.000
783	94	94000.000
784	89	89000.000
785	71	71000.000
786	90	90000.000
787	89	89000.000
788	103	103000.000
789	91	91000.000
790	79	79000.000
791	104	104000.000
792	72	72000.000
793	94	94000.000
794	79	79000.000
795	107	107000.000
796	91	91000.000
797	86	86000.000
798	74	74000.000
799	107	107000.000
800	85	85000.000
801	94	94000.000
802	89	89000.000
803	71	71000.000
804	87	87000.000
805	79	79000.000
806	86	86000.000
807	85	85000.000
808	89	89000.000
809	103	103000.000
810	86	86000.000
811	81	81000.000
812	90	90000.000
813	90	90000.000
814	104	104000.000
815	79	79000.000
816	91	91000.000
817	89	89000.000
818	64	64000.000
819	86	86000.000
820	78	78000.000
821	94	94000.000
822	80	80000.000
823	85	85000.000
824	105	105000.000
825	94	94000.000
826	74	74000.000
827	87	87000.000
828	84	84000.000
829	83	83000.000
830	86	86000.000
831	77	77000.000
832	83	83000.000
833	86	86000.000
834	87	87000.000
835	90	90000.000
836	76	76000.000
837	91	91000.000
838	98	98000.000
839	96	96000.000
840	82	82000.000
841	86	86000.000
842	92	92000.000
843	77	77000.000
844	93	93000.000
845	89	89000.000
846	99	99000.000
847	87	87000.000
848	90	90000.000
849	77	77000.000
850	87	87000.000
851	79	79000.000
852	91	91000.000
853	83	83000.000
854	78	78000.000
855	83	83000.000
856	93	93000.000
857	87	87000.000
858	77	77000.000
859	70	70000.000
860	109	109000.000
861	87	87000.000
862	78	78000.000
863	77	77000.000
864	87	87000.000
865	90	90000.000
866	86	86000.000
867	92	92000.000
868	87	87000.000
869	88	88000.000
870	93	93000.000
871	85	85000.000
872	94	94000.000
873	87	87000.000
874	80	80000.000
875	86	86000.000
876	81	81000.000
877	77	77000.000
878	79	79000.000
879	93	93000.000
880	90	90000.000
881	94	94000.000
882	87	87000.000
883	100	100000.000
884	83	83000.000
885	96	96000.000
886	82	82000.000
887	78	78000.000
888	76	76000.000
889	92	92000.000
890	85	85000.000
891	91	91000.000
892	93	93000.000
893	84	84000.000
894	80	80000.000
895	94	94000.000
896	84	84000.000
897	84	84000.000
898	88	88000.000
899	81	81000.000
900	87	87000.000
901	78	78000.000
902	75	75000.000
903	83	83000.000
904	95	95000.000
905	94	94000.000
906	78	78000.000
907	91	91000.000
908	94	94000.000
909	107	107000.000
910	85	85000.000
911	84	84000.000
912	88	88000.000
913	94	94000.000
914	67	67000.000
915	71	71000.000
916	90	90000.000
917	86	86000.000
918	93	93000.000
919	92	92000.000
920	89	89000.000
921	83	83000.000
922	82	82000.000
923	92	92000.000
924	84	84000.000
925	81	81000.000
926	83	83000.000
927	55	55000.000
928	90	90000.000
929	94	94000.000
930	97	97000.000
931	102	102000.000
932	89	89000.000
933	90	90000.000
934	87	87000.000
935	93	93000.000
936	91	91000.000
937	99	99000.000
938	73	73000.000
939	86	86000.000
940	92	92000.000
941	82	82000.000
942	100	100000.000
943	61	61000.000
944	96	96000.000
945	84	84000.000
946	95	95000.000
947	89	89000.000
948	86	86000.000
949	98	98000.000
950	77	77000.000
951	97	97000.000
952	90	90000.000
953	95	95000.000
954	84	84000.000
955	98	98000.000
956	92	92000.000
957	90	90000.000
958	91	91000.000
959	69	69000.000
960	80	80000.000
961	101	101000.000
962	75	75000.000
963	91	91000.000
964	91	91000.000
965	88	88000.000
966	91	91000.000
967	73	73000.000
968	84	84000.000
969	91	91000.000
970	69	69000.000
971	80	80000.000
972	85	85000.000
973	83	83000.000
974	83	83000.000
975	92	92000.000
976	83	83000.000
977	89	89000.000
978	74	74000.000
979	86	86000.000
980	91	91000.000
981	100	100000.000
982	85	85000.000
983	80	80000.000
984	87	87000.000
985	96	96000.000
986	80	80000.000
987	88	88000.000
988	97	97000.000
989	95	95000.000
990	75	75000.000
991	76	76000.000
992	80	80000.000
993	76	76000.000
994	84	84000.000
995	80	80000.000
996	85	85000.000
997	89	89000.000
998	75	75000.000
999	83	83000.000
1000	102	102000.000
1001	80	80000.000
1002	84	84000.000
1003	80	80000.000
1004	84	84000.000
1005	81	81000.000
1006	102	102000.000
1007	97	97000.000
1008	76	76000.000
1009	76	76000.000
1010	106	106000.000
1011	85	85000.000
1012	101	101000.000
1013	82	82000.000
1014	91	91000.000
1015	81	81000.000
1016	91	91000.000
1017	93	93000.000
1018	93	93000.000
1019	85	85000.000
1020	82	82000.000
1021	73	73000.000
1022	73	73000.000
1023	101	101000.000
1024	87	87000.000
1025	99	99000.000
1026	99	99000.000
1027	98	98000.000
1028	74	74000.000
1029	77	77000.000
1030	84	84000.000
1031	94	94000.000
1032	76	76000.000
1033	79	79000.000
1034	71	71000.000
1035	94	94000.000
1036	76	76000.000
1037	85	85000.000
1038	101	101000.000
1039	92	92000.000
1040	70	70000.000
1041	90	90000.000
1042	91	91000.000
1043	96	96000.000
1044	91	91000.000
1045	80	80000.000
1046	79	79000.000
1047	95	95000.000
1048	91	91000.000
1049	69	69000.000
1050	102	102000.000
1051	72	72000.000
1052	82	82000.000
1053	94	94000.000
1054	98	98000.000
1055	87	87000.000
1056	97	97000.000
1057	96	96000.000
1058	89	89000.000
1059	79	79000.000
1060	91	91000.000
1061	89	89000.000
1062	92	92000.000
1063	88	88000.000
1064	88	88000.000
1065	78	78000.000
1066	74	74000.000
1067	98	98000.000
1068	88	88000.000
1069	67	67000.000
1070	82	82000.000
1071	85	85000.000
1072	75	75000.000
1073	89	89000.000
1074	102	102000.000
1075	95	95000.000
1076	107	107000.000
1077	86	86000.000
1078	93	93000.000
1079	97	97000.000
1080	71	71000.000
1081	96	96000.000
1082	75	75000.000
1083	75	75000.000
1084	94	94000.000
1085	76	76000.000
1086	63	63000.000
1087	103	103000.000
1088	80	80000.000
1089	82	82000.000
1090	91	91000.000
1091	81	81000.000
1092	95	95000.000
1093	94	94000.000
1094	85	85000.000
1095	81	81000.000
1096	94	94000.000
1097	75	75000.000
1098	84	84000.000
1099	93	93000.000
1100	97	97000.000
1101	86	86000.000
1102	77	77000.000
1103	81	81000.000
1104	84	84000.000
1105	100	100000.000
1106	68	68000.000
1107	83	83000.000
1108	108	108000.000
1109	82	82000.000
1110	82	82000.000
1111	89	89000.000
1112	93	93000.000
1113	88	88000.000
1114	83	83000.000
1115	86	86000.000
1116	84	84000.000
1117	123	123000.000
1118	82	82000.000
1119	88	88000.000
1120	96	96000.000
1121	81	81000.000
1122	71	71000.000
1123	73	73000.000
1124	76	76000.000
1125	80	80000.000
1126	84	84000.000
1127	86	86000.000
1128	74	74000.000
1129	104	104000.000
1130	96	96000.000
1131	72	72000.000
1132	80	80000.000
1133	96	96000.000
1134	97	97000.000
1135	79	79000.000
1136	86	86000.000
1137	66	66000.000
1138	77	77000.000
1139	95	95000.000
1140	95	95000.000
1141	91	91000.000
1142	84	84000.000
1143	68	68000.000
1144	97	97000.000
1145	88	88000.000
1146	97	97000.000
1147	81	81000.000
1148	93	93000.000
1149	89	89000.000
1150	82	82000.000
1151	87	87000.000
1152	86	86000.000
1153	104	104000.000
1154	81	81000.000
1155	98	98000.000
1156	90	90000.000
1157	100	100000.000
1158	77	77000.000
1159	104	104000.000
1160	86	86000.000
1161	80	80000.000
1162	97	97000.000
1163	96	96000.000
1164	100	100000.000
1165	90	90000.000
1166	99	99000.000
1167	96	96000.000
1168	92	92000.000
1169	90	90000.000
1170	81	81000.000
1171	88	88000.000
1172	85	85000.000
1173	90	90000.000
1174	94	94000.000
1175	94	94000.000
1176	97	97000.000
1177	77	77000.000
1178	102	102000.000
1179	99	99000.000
1180	82	82000.000
1181	81	81000.000
1182	81	81000.000
1183	89	89000.000
1184	81	81000.000
1185	105	105000.000
1186	94	94000.000
1187	82	82000.000
1188	96	96000.000
1189	72	72000.000
1190	108	108000.000
1191	81	81000.000
1192	77	77000.000
1193	95	95000.000
1194	77	77000.000
1195	86	86000.000
1196	77	77000.000
1197	80	80000.000
1198	79	79000.000
1199	90	90000.000
1200	91	91000.000
1201	84	84000.000
1202	92	92000.000
1203	95	95000.000
1204	78	78000.000
1205	83	83000.000
1206	96	96000.000
1207	80	80000.000
1208	83	83000.000
1209	94	94000.000
1210	82	82000.000
1211	78	78000.000
1212	77	77000.000
1213	69	69000.000
1214	108	108000.000
1215	88	88000.000
1216	79	79000.000
1217	82	82000.000
1218	83	83000.000
1219	89	89000.000
1220	80	80000.000
1221	98	98000.000
1222	97	97000.000
1223	116	116000.000
1224	83	83000.000
1225	89	89000.000
1226	102	102000.000
1227	88	88000.000
1228	89	89000.000
1229	84	84000.000
1230	82	82000.000
1231	80	80000.000
1232	83	83000.000
1233	93	93000.000
1234	68	68000.000
1235	75	75000.000
1236	76	76000.000
1237	95	95000.000
1238	81	81000.000
1239	89	89000.000
1240	101	101000.000
1241	107	107000.000
1242	76	76000.000
1243	87	87000.000
1244	89	89000.000
1245	81	81000.000
1246	88	88000.000
1247	83	83000.000
1248	95	95000.000
1249	88	88000.000
1250	83	83000.000
1251	84	84000.000
1252	83	83000.000
1253	86	86000.000
1254	102	102000.000
1255	89	89000.000
1256	84	84000.000
1257	93	93000.000
1258	94	94000.000
1259	104	104000.000
1260	81	81000.000
1261	81	81000.000
1262	75	75000.000
1263	89	89000.000
1264	90	90000.000
1265	80	80000.000
1266	89	89000.000
1267	100	100000.000
1268	79	79000.000
1269	88	88000.000
1270	95	95000.000
1271	72	72000.000
1272	94	94000.000
1273	79	79000.000
1274	87	87000.000
1275	100	100000.000
1276	90	90000.000
1277	98	98000.000
1278	95	95000.000
1279	91	91000.000
1280	73	73000.000
1281	102	102000.000
1282	83	83000.000
1283	87	87000.000
1284	99	99000.000
1285	99	99000.000
1286	88	88000.000
1287	90	90000.000
1288	70	70000.000
1289	89	89000.000
1290	93	93000.000
1291	82	82000.000
1292	96	96000.000
1293	90	90000.000
1294	72	72000.000
1295	90	90000.000
1296	83	83000.000
1297	89	89000.000
1298	73	73000.000
1299	85	85000.000
1300	90	90000.000
1301	93	93000.000
1302	89	89000.000
1303	80	80000.000
1304	80	80000.000
1305	102	102000.000
1306	88	88000.000
1307	95	95000.000
1308	84	84000.000
1309	90	90000.000
1310	93	93000.000
1311	78	78000.000
1312	84	84000.000
1313	91	91000.000
1314	87	87000.000
1315	87	87000.000
1316	72	72000.000
1317	100	100000.000
1318	105	105000.000
1319	85	85000.000
1320	84	84000.000
1321	91	91000.000
1322	73	73000.000
1323	98	98000.000
1324	88	88000.000
1325	91	91000.000
1326	82	82000.000
1327	84	84000.000
1328	93	93000.000
1329	100	100000.000
1330	75	75000.000
1331	81	81000.000
1332	98	98000.000
1333	98	98000.000
1334	81	81000.000
1335	85	85000.000
1336	79	79000.000
1337	72	72000.000
1338	104	104000.000
1339	84	84000.000
1340	81	81000.000
1341	88	88000.000
1342	69	69000.000
1343	105	105000.000
1344	87	87000.000
1345	86	86000.000
1346	75	75000.000
1347	83	83000.000
1348	89	89000.000
1349	81	81000.000
1350	87	87000.000
1351	84	84000.000
1352	104	104000.000
1353	112	112000.000
1354	78	78000.000
1355	88	88000.000
1356	75	75000.000
1357	87	87000.000
1358	85	85000.000
1359	78	78000.000
1360	72	72000.000
1361	82	82000.000
1362	82	82000.000
1363	94	94000.000
1364	82	82000.000
1365	77	77000.000
1366	86	86000.000
1367	107	107000.000
1368	86	86000.000
1369	81	81000.000
1370	89	89000.000
1371	102	102000.000
1372	98	98000.000
1373	83	83000.000
1374	80	80000.000
1375	76	76000.000
1376	86	86000.000
1377	112	112000.000
1378	100	100000.000
1379	87	87000.000
1380	88	88000.000
1381	72	72000.000
1382	94	94000.000
1383	104	104000.000
1384	94	94000.000
1385	97	97000.000
1386	82	82000.000
1387	89	89000.000
1388	77	77000.000
1389	109	109000.000
1390	69	69000.000
1391	91	91000.000
1392	91	91000.000
1393	104	104000.000
1394	105	105000.000
1395	72	72000.000
1396	67	67000.000
1397	92	92000.000
1398	81	81000.000
1399	96	96000.000
1400	84	84000.000
1401	87	87000.000
1402	72	72000.000
1403	92	92000.000
1404	102	102000.000
1405	84	84000.000
1406	102	102000.000
1407	77	77000.000
1408	67	67000.000
1409	100	100000.000
1410	93	93000.000
1411	86	86000.000
1412	88	88000.000
1413	87	87000.000
1414	91	91000.000
1415	87	87000.000
1416	102	102000.000
1417	92	92000.000
1418	87	87000.000
1419	96	96000.000
1420	90	90000.000
1421	100	100000.000
1422	88	88000.000
1423	97	97000.000
1424	88	88000.000
1425	102	102000.000
1426	86	86000.000
1427	83	83000.000
1428	104	104000.000
1429	96	96000.000
1430	69	69000.000
1431	90	90000.000
1432	102	102000.000
1433	88	88000.000
1434	85	85000.000
1435	68	68000.000
1436	91	91000.000
1437	86	86000.000
1438	89	89000.000
1439	108	108000.000
1440	78	78000.000
1441	91	91000.000
1442	85	85000.000
1443	82	82000.000
1444	90	90000.000
1445	100	100000.000
1446	84	84000.000
1447	101	101000.000
1448	97	97000.000
1449	82	82000.000
1450	82	82000.000
1451	90	90000.000
1452	72	72000.000
1453	95	95000.000
1454	105	105000.000
1455	81	81000.000
1456	77	77000.000
1457	101	101000.000
1458	81	81000.000
1459	86	86000.000
1460	83	83000.000
1461	98	98000.000
1462	96	96000.000
1463	95	95000.000
1464	91	91000.000
1465	96	96000.000
1466	79	79000.000
1467	97	97000.000
1468	90	90000.000
1469	89	89000.000
1470	85	85000.000
1471	108	108000.000
1472	94	94000.000
1473	90	90000.000
1474	105	105000.000
1475	92	92000.000
1476	73	73000.000
1477	83	83000.000
1478	102	102000.000
1479	97	97000.000
1480	101	101000.000
1481	90	90000.000
1482	81	81000.000
1483	80	80000.000
1484	96	96000.000
1485	90	90000.000
1486	100	100000.000
1487	91	91000.000
1488	86	86000.000
1489	98	98000.000
1490	92	92000.000
1491	88	88000.000
1492	110	110000.000
1493	81	81000.000
1494	103	103000.000
1495	89	89000.000
1496	104	104000.000
1497	91	91000.000
1498	97	97000.000
1499	81	81000.000
1500	99	99000.000
1501	91	91000.000
1502	80	80000.000
1503	93	93000.000
1504	91	91000.000
1505	72	72000.000
1506	88	88000.000
1507	96	96000.000
1508	75	75000.000
1509	100	100000.000
1510	98	98000.000
1511	78	78000.000
1512	86	86000.000
1513	104	104000.000
1514	91	91000.000
1515	105	105000.000
1516	93	93000.000
1517	86	86000.000
1518	91	91000.000
1519	81	81000.000
1520	86	86000.000
1521	95	95000.000
1522	91	91000.000
1523	91	91000.000
1524	76	76000.000
1525	87	87000.000
1526	103	103000.000
1527	82	82000.000
1528	81	81000.000
1529	80	80000.000
1530	93	93000.000
1531	86	86000.000
1532	95	95000.000
1533	86	86000.000
1534	78	78000.000
1535	95	95000.000
1536	95	95000.000
1537	82	82000.000
1538	85	85000.000
1539	84	84000.000
1540	79	79000.000
1541	89	89000.000
1542	74	74000.000
1543	86	86000.000
1544	91	91000.000
1545	92	92000.000
1546	87	87000.000
1547	102	102000.000
1548	87	87000.000
1549	86	86000.000
1550	75	75000.000
1551	89	89000.000
1552	78	78000.000
1553	90	90000.000
1554	106	106000.000
1555	92	92000.000
1556	94	94000.000
1557	92	92000.000
1558	83	83000.000
1559	97	97000.000
1560	81	81000.000
1561	86	86000.000
1562	87	87000.000
1563	73	73000.000
1564	84	84000.000
1565	97	97000.000
1566	82	82000.000
1567	88	88000.000
1568	94	94000.000
1569	85	85000.000
1570	85	85000.000
1571	96	96000.000
1572	81	81000.000
1573	81	81000.000
1574	86	86000.000
1575	89	89000.000
1576	92	92000.000
1577	78	78000.000
1578	79	79000.000
1579	104	104000.000
1580	96	96000.000
1581	96	96000.000
1582	76	76000.000
1583	92	92000.000
1584	86	86000.000
1585	90	90000.000
1586	78	78000.000
1587	83	83000.000
1588	87	87000.000
1589	97	97000.000
1590	89	89000.000
1591	93	93000.000
1592	101	101000.000
1593	96	96000.000
1594	102	102000.000
1595	87	87000.000
1596	83	83000.000
1597	76	76000.000
1598	91	91000.000
1599	84	84000.000
1600	91	91000.000
1601	85	85000.000
1602	78	78000.000
1603	75	75000.000
1604	87	87000.000
1605	84	84000.000
1606	86	86000.000
1607	83	83000.000
1608	99	99000.000
1609	74	74000.000
1610	89	89000.000
1611	82	82000.000
1612	71	71000.000
1613	109	109000.000
1614	88	88000.000
1615	78	78000.000
1616	91	91000.000
1617	74	74000.000
1618	94	94000.000
1619	87	87000.000
1620	98	98000.000
1621	96	96000.000
1622	97	97000.000
1623	83	83000.000
1624	72	72000.000
1625	76	76000.000
1626	87	87000.000
1627	93	93000.000
1628	87	87000.000
1629	89	89000.000
1630	89	89000.000
1631	90	90000.000
1632	101	101000.000
1633	81	81000.000
1634	98	98000.000
1635	84	84000.000
1636	92	92000.000
1637	99	99000.000
1638	82	82000.000
1639	80	80000.000
1640	83	83000.000
1641	96	96000.000
1642	88	88000.000
1643	100	100000.000
1644	91	91000.000
1645	77	77000.000
1646	94	94000.000
1647	105	105000.000
1648	95	95000.000
1649	91	91000.000
1650	98	98000.000
1651	95	95000.000
1652	69	69000.000
1653	73	73000.000
1654	83	83000.000
1655	90	90000.000
1656	91	91000.000
1657	82	82000.000
1658	92	92000.000
1659	93	93000.000
1660	72	72000.000
1661	94	94000.000
1662	87	87000.000
1663	75	75000.000
1664	87	87000.000
1665	71	71000.000
1666	99	99000.000
1667	87	87000.000
1668	111	111000.000
1669	76	76000.000
1670	93	93000.000
1671	91	91000.000
1672	88	88000.000
1673	90	90000.000
1674	98	98000.000
1675	78	78000.000
1676	96	96000.000
1677	90	90000.000
1678	82	82000.000
1679	83	83000.000
1680	77	77000.000
1681	95	95000.000
1682	96	96000.000
1683	78	78000.000
1684	82	82000.000
1685	84	84000.000
1686	77	77000.000
1687	82	82000.000
1688	68	68000.000
1689	90	90000.000
1690	89	89000.000
1691	82	82000.000
1692	106	106000.000
1693	83	83000.000
1694	101	101000.000
1695	78	78000.000
1696	69	69000.000
1697	82	82000.000
1698	75	75000.000
1699	78	78000.000
1700	77	77000.000
1701	91	91000.000
1702	98	98000.000
1703	87	87000.000
1704	89	89000.000
1705	83	83000.000
1706	93	93000.000
1707	81	81000.000
1708	80	80000.000
1709	86	86000.000
1710	102	102000.000
1711	91	91000.000
1712	86	86000.000
1713	83	83000.000
1714	96	96000.000
1715	85	85000.000
1716	81	81000.000
1717	98	98000.000
1718	75	75000.000
1719	68	68000.000
1720	97	97000.000
1721	90	90000.000
1722	87	87000.000
1723	88	88000.000
1724	96	96000.000
1725	87	87000.000
1726	98	98000.000
1727	101	101000.000
1728	90	90000.000
1729	90	90000.000
1730	97	97000.000
1731	101	101000.000
1732	88	88000.000
1733	86	86000.000
1734	73	73000.000
1735	77	77000.000
1736	87	87000.000
1737	102	102000.000
1738	83	83000.000
1739	80	80000.000
1740	101	101000.000
1741	101	101000.000
1742	79	79000.000
1743	97	97000.000
1744	90	90000.000
1745	81	81000.000
1746	110	110000.000
1747	96	96000.000
1748	81	81000.000
1749	104	104000.000
1750	92	92000.000
1751	81	81000.000
1752	95	95000.000
1753	80	80000.000
1754	90	90000.000
1755	79	79000.000
1756	92	92000.000
1757	89	89000.000
1758	92	92000.000
1759	89	89000.000
1760	94	94000.000
1761	62	62000.000
1762	91	91000.000
1763	89	89000.000
1764	97	97000.000
1765	93	93000.000
1766	86	86000.000
1767	83	83000.000
1768	90	90000.000
1769	78	78000.000
1770	101	101000.000
1771	93	93000.000
1772	94	94000.000
1773	78	78000.000
1774	94	94000.000
1775	79	79000.000
1776	86	86000.000
1777	84	84000.000
1778	84	84000.000
1779	93	93000.000
1780	85	85000.000
1781	82	82000.000
1782	79	79000.000
1783	76	76000.000
1784	90	90000.000
1785	84	84000.000
1786	84	84000.000
1787	88	88000.000
1788	92	92000.000
1789	78	78000.000
1790	90	90000.000
1791	96	96000.000
1792	83	83000.000
1793	78	78000.000
1794	84	84000.000
1795	104	104000.000
1796	83	83000.000
1797	99	99000.000
1798	97	97000.000
1799	67	67000.000
1800	78	78000.000
1801	99	99000.000
1802	74	74000.000
1803	81	81000.000
1804	68	68000.000
1805	87	87000.000
1806	93	93000.000
1807	84	84000.000
1808	102	102000.000
1809	80	80000.000
1810	88	88000.000
1811	87	87000.000
1812	83	83000.000
1813	81	81000.000
1814	101	101000.000
1815	88	88000.000
1816	79	79000.000
1817	77	77000.000
1818	95	95000.000
1819	93	93000.000
1820	80	80000.000
1821	79	79000.000
1822	98	98000.000
1823	107	107000.000
1824	93	93000.000
1825	77	77000.000
1826	81	81000.000
1827	100	100000.000
1828	83	83000.000
1829	77	77000.000
1830	89	89000.000
1831	93	93000.000
1832	76	76000.000
1833	85	85000.000
1834	87	87000.000
1835	73	73000.000
1836	80	80000.000
1837	88	88000.000
1838	76	76000.000
1839	86	86000.000
1840	93	93000.000
1841	90	90000.000
1842	93	93000.000
1843	86	86000.000
1844	79	79000.000
1845	102	102000.000
1846	90	90000.000
1847	97	97000.000
1848	75	75000.000
1849	80	80000.000
1850	81	81000.000
1851	81	81000.000
1852	84	84000.000
1853	92	92000.000
1854	76	76000.000
1855	96	96000.000
1856	67	67000.000
1857	88	88000.000
1858	100	100000.000
1859	77	77000.000
1860	86	86000.000
1861	80	80000.000
1862	88	88000.000
1863	100	100000.000
1864	74	74000.000
1865	83	83000.000
1866	77	77000.000
1867	95	95000.000
1868	105	105000.000
1869	93	93000.000
1870	75	75000.000
1871	92	92000.000
1872	89	89000.000
1873	87	87000.000
1874	84	84000.000
1875	92	92000.000
1876	88	88000.000
1877	90	90000.000
1878	85	85000.000
1879	83	83000.000
1880	77	77000.000
1881	72	72000.000
1882	93	93000.000
1883	87	87000.000
1884	106	106000.000
1885	68	68000.000
1886	81	81000.000
1887	98	98000.000
1888	73	73000.000
1889	106	106000.000
1890	112	112000.000
1891	80	80000.000
1892	89	89000.000
1893	92	92000.000
1894	82	82000.000
1895	87	87000.000
1896	91	91000.000
1897	100	100000.000
1898	114	114000.000
1899	90	90000.000
1900	85	85000.000
1901	85	85000.000
1902	83	83000.000
1903	91	91000.000
1904	84	84000.000
1905	87	87000.000
1906	80	80000.000
1907	88	88000.000
1908	89	89000.000
1909	77	77000.000
1910	65	65000.000
1911	84	84000.000
1912	93	93000.000
1913	97	97000.000
1914	81	81000.000
1915	96	96000.000
1916	83	83000.000
1917	68	68000.000
1918	79	79000.000
1919	87	87000.000
1920	83	83000.000
1921	92	92000.000
1922	79	79000.000
1923	95	95000.000
1924	79	79000.000
1925	90	90000.000
1926	89	89000.000
1927	90	90000.000
1928	51	51000.000
1929	93	93000.000
1930	69	69000.000
1931	100	100000.000
1932	81	81000.000
1933	90	90000.000
1934	91	91000.000
1935	89	89000.000
1936	76	76000.000
1937	89	89000.000
1938	80	80000.000
1939	92	92000.000
1940	85	85000.000
1941	112	112000.000
1942	92	92000.000
1943	84	84000.000
1944	83	83000.000
1945	96	96000.000
1946	75	75000.000
1947	79	79000.000
1948	83	83000.000
1949	74	74000.000
1950	114	114000.000
1951	69	69000.000
1952	92	92000.000
1953	78	78000.000
1954	92	92000.000
1955	91	91000.000
1956	78	78000.000
1957	94	94000.000
1958	82	82000.000
1959	107	107000.000
1960	81	81000.000
1961	88	88000.000
1962	77	77000.000
1963	87	87000.000
1964	109	109000.000
1965	100	100000.000
1966	79	79000.000
1967	86	86000.000
1968	89	89000.000
1969	87	87000.000
1970	77	77000.000
1971	76	76000.000
1972	89	89000.000
1973	88	88000.000
1974	87	87000.000
1975	87	87000.000
1976	88	88000.000
1977	96	96000.000
1978	95	95000.000
1979	80	80000.000
1980	94	94000.000
1981	94	94000.000
1982	84	84000.000
1983	95	95000.000
1984	97	97000.000
1985	83	83000.000
1986	67	67000.000
1987	89	89000.000
1988	77	77000.000
1989	89	89000.000
1990	90	90000.000
1991	85	85000.000
1992	80	80000.000
1993	98	98000.000
1994	74	74000.000
1995	79	79000.000
1996	86	86000.000
1997	94	94000.000
1998	72	72000.000
1999	76	76000.000
2000	87	87000.000
2001	90	90000.000
2002	72	72000.000
2003	86	86000.000
2004	99	99000.000
2005	112	112000.000
2006	85	85000.000
2007	90	90000.000
2008	93	93000.000
2009	103	103000.000
2010	79	79000.000
2011	90	90000.000
2012	99	99000.000
2013	90	90000.000
2014	78	78000.000
2015	101	101000.000
2016	97	97000.000
2017	73	73000.000
2018	71	71000.000
2019	92	92000.000
2020	87	87000.000
2021	78	78000.000
2022	95	95000.000
2023	107	107000.000
2024	95	95000.000
2025	80	80000.000
2026	80	80000.000
2027	83	83000.000
2028	94	94000.000
2029	95	95000.000
2030	75	75000.000
2031	103	103000.000
2032	82	82000.000
2033	97	97000.000
2034	83	83000.000
2035	95	95000.000
2036	80	80000.000
2037	95	95000.000
2038	92	92000.000
2039	76	76000.000
2040	82	82000.000
2041	104	104000.000
2042	92	92000.000
2043	91	91000.000
2044	92	92000.000
2045	82	82000.000
2046	87	87000.000
2047	72	72000.000
2048	81	81000.000
2049	93	93000.000
2050	101	101000.000
2051	84	84000.000
2052	94	94000.000
2053	79	79000.000
2054	81	81000.000
2055	64	64000.000
2056	74	74000.000
2057	77	77000.000
2058	73	73000.000
2059	82	82000.000
2060	108	108000.000
2061	79	79000.000
2062	95	95000.000
2063	89	89000.000
2064	112	112000.000
2065	98	98000.000
2066	84	84000.000
2067	75	75000.000
2068	100	100000.000
2069	97	97000.000
2070	93	93000.000
2071	98	98000.000
2072	94	94000.000
2073	97	97000.000
2074	102	102000.000
2075	109	109000.000
2076	82	82000.000
2077	95	95000.000
2078	82	82000.000
2079	86	86000.000
2080	92	92000.000
2081	86	86000.000
2082	80	80000.000
2083	110	110000.000
2084	89	89000.000
2085	101	101000.000
2086	78	78000.000
2087	90	90000.000
2088	79	79000.000
2089	112	112000.000
2090	97	97000.000
2091	73	73000.000
2092	88	88000.000
2093	80	80000.000
2094	85	85000.000
2095	90	90000.000
2096	93	93000.000
2097	71	71000.000
2098	89	89000.000
2099	81	81000.000
2100	89	89000.000
2101	89	89000.000
2102	82	82000.000
2103	87	87000.000
2104	78	78000.000
2105	90	90000.000
2106	101	101000.000
2107	82	82000.000
2108	91	91000.000
2109	98	98000.000
2110	97	97000.000
2111	73	73000.000
2112	80	80000.000
2113	95	95000.000
2114	71	71000.000
2115	70	70000.000
2116	77	77000.000
2117	100	100000.000
2118	111	111000.000
2119	85	85000.000
2120	91	91000.000
2121	96	96000.000
2122	87	87000.000
2123	88	88000.000
2124	108	108000.000
2125	94	94000.000
2126	89	89000.000
2127	96	96000.000
2128	78	78000.000
2129	76	76000.000
2130	83	83000.000
2131	75	75000.000
2132	86	86000.000
2133	82	82000.000
2134	89	89000.000
2135	99	99000.000
2136	72	72000.000
2137	78	78000.000
2138	94	94000.000
2139	86	86000.000
2140	71	71000.000
2141	92	92000.000
2142	94	94000.000
2143	82	82000.000
2144	95	95000.000
2145	79	79000.000
2146	104	104000.000
2147	106	106000.000
2148	90	90000.000
2149	69	69000.000
2150	93	93000.000
2151	102	102000.000
2152	94	94000.000
2153	87	87000.000
2154	93	93000.000
2155	82	82000.000
2156	81	81000.000
2157	79	79000.000
2158	80	80000.000
2159	95	95000.000
2160	87	87000.000
2161	89	89000.000
2162	97	97000.000
2163	98	98000.000
2164	83	83000.000
2165	102	102000.000
2166	81	81000.000
2167	79	79000.000
2168	95	95000.000
2169	94	94000.000
2170	79	79000.000
2171	104	104000.000
2172	90	90000.000
2173	92	92000.000
2174	92	92000.000
2175	96	96000.000
2176	91	91000.000
2177	92	92000.000
2178	99	99000.000
2179	87	87000.000
2180	86	86000.000
2181	84	84000.000
2182	105	105000.000
2183	94	94000.000
2184	90	90000.000
2185	96	96000.000
2186	85	85000.000
2187	75	75000.000
2188	116	116000.000
2189	92	92000.000
2190	89	89000.000
2191	90	90000.000
2192	96	96000.000
2193	69	69000.000
2194	78	78000.000
2195	65	65000.000
2196	80	80000.000
2197	91	91000.000
2198	79	79000.000
2199	93	93000.000
2200	92	92000.000
2201	99	99000.000
2202	91	91000.000
2203	66	66000.000
2204	82	82000.000
2205	71	71000.000
2206	93	93000.000
2207	88	88000.000
2208	82	82000.000
2209	97	97000.000
2210	83	83000.000
2211	89	89000.000
2212	100	100000.000
2213	105	105000.000
2214	73	73000.000
2215	92	92000.000
2216	94	94000.000
2217	91	91000.000
2218	77	77000.000
2219	94	94000.000
2220	86	86000.000
2221	96	96000.000
2222	79	79000.000
2223	72	72000.000
2224	82	82000.000
2225	111	111000.000
2226	84	84000.000
2227	95	95000.000
2228	78	78000.000
2229	91	91000.000
2230	75	75000.000
2231	92	92000.000
2232	83	83000.000
2233	89	89000.000
2234	84	84000.000
2235	87	87000.000
2236	95	95000.000
2237	88	88000.000
2238	92	92000.000
2239	87	87000.000
2240	89	89000.000
2241	87	87000.000
2242	85	85000.000
2243	70	70000.000
2244	72	72000.000
2245	87	87000.000
2246	89	89000.000
2247	94	94000.000
2248	93	93000.000
2249	78	78000.000
2250	82	82000.000
2251	90	90000.000
2252	78	78000.000
2253	92	92000.000
2254	79	79000.000
2255	73	73000.000
2256	88	88000.000
2257	98	98000.000
2258	93	93000.000
2259	87	87000.000
2260	89	89000.000
2261	79	79000.000
2262	95	95000.000
2263	78	78000.000
2264	97	97000.000
2265	84	84000.000
2266	89	89000.000
2267	88	88000.000
2268	98	98000.000
2269	92	92000.000
2270	88	88000.000
2271	88	88000.000
2272	103	103000.000
2273	97	97000.000
2274	85	85000.000
2275	78	78000.000
2276	110	110000.000
2277	76	76000.000
2278	98	98000.000
2279	91	91000.000
2280	96	96000.000
2281	89	89000.000
2282	100	100000.000
2283	96	96000.000
2284	74	74000.000
2285	94	94000.000
2286	81	81000.000
2287	96	96000.000
2288	93	93000.000
2289	92	92000.000
2290	88	88000.000
2291	91	91000.000
2292	94	94000.000
2293	78	78000.000
2294	77	77000.000
2295	86	86000.000
2296	106	106000.000
2297	115	115000.000
2298	81	81000.000
2299	87	87000.000
2300	99	99000.000
2301	89	89000.000
2302	77	77000.000
2303	66	66000.000
2304	86	86000.000
2305	74	74000.000
2306	103	103000.000
2307	81	81000.000
2308	90	90000.000
2309	70	70000.000
2310	74	74000.000
2311	82	82000.000
2312	89	89000.000
2313	89	89000.000
2314	93	93000.000
2315	91	91000.000
2316	85	85000.000
2317	81	81000.000
2318	81	81000.000
2319	98	98000.000
2320	96	96000.000
2321	82	82000.000
2322	85	85000.000
2323	95	95000.000
2324	101	101000.000
2325	78	78000.000
2326	83	83000.000
2327	97	97000.000
2328	89	89000.000
2329	85	85000.000
2330	89	89000.000
2331	85	85000.000
2332	105	105000.000
2333	77	77000.000
2334	98	98000.000
2335	87	87000.000
2336	90	90000.000
2337	68	68000.000
2338	80	80000.000
2339	88	88000.000
2340	97	97000.000
2341	103	103000.000
2342	91	91000.000
2343	105	105000.000
2344	81	81000.000
2345	94	94000.000
2346	90	90000.000
2347	93	93000.000
2348	80	80000.000
2349	89	89000.000
2350	94	94000.000
2351	86	86000.000
2352	77	77000.000
2353	77	77000.000
2354	91	91000.000
2355	81	81000.000
2356	80	80000.000
2357	75	75000.000
2358	79	79000.000
2359	86	86000.000
2360	96	96000.000
2361	85	85000.000
2362	88	88000.000
2363	96	96000.000
2364	96	96000.000
2365	78	78000.000
2366	100	100000.000
2367	77	77000.000
2368	86	86000.000
2369	99	99000.000
2370	82	82000.000
2371	100	100000.000
2372	97	97000.000
2373	105	105000.000
2374	102	102000.000
2375	87	87000.000
2376	85	85000.000
2377	86	86000.000
2378	99	99000.000
2379	89	89000.000
2380	86	86000.000
2381	95	95000.000
2382	87	87000.000
2383	80	80000.000
2384	81	81000.000
2385	90	90000.000
2386	107	107000.000
2387	91	91000.000
2388	95	95000.000
2389	86	86000.000
2390	103	103000.000
2391	87	87000.000
2392	79	79000.000
2393	91	91000.000
2394	92	92000.000
2395	107	107000.000
2396	88	88000.000
2397	73	73000.000
2398	83	83000.000
2399	86	86000.000
2400	88	88000.000
2401	100	100000.000
2402	89	89000.000
2403	85	85000.000
2404	86	86000.000
2405	87	87000.000
2406	70	70000.000
2407	93	93000.000
2408	94	94000.000
2409	108	108000.000
2410	89	89000.000
2411	76	76000.000
2412	85	85000.000
2413	85	85000.000
2414	86	86000.000
2415	69	69000.000
2416	86	86000.000
2417	85	85000.000
2418	90	90000.000
2419	90	90000.000
2420	99	99000.000
2421	107	107000.000
2422	89	89000.000
2423	92	92000.000
2424	96	96000.000
2425	87	87000.000
2426	90	90000.000
2427	90	90000.000
2428	98	98000.000
2429	97	97000.000
2430	101	101000.000
2431	84	84000.000
2432	89	89000.000
2433	95	95000.000
2434	101	101000.000
2435	85	85000.000
2436	86	86000.000
2437	88	88000.000
2438	74	74000.000
2439	78	78000.000
2440	94	94000.000
2441	68	68000.000
2442	86	86000.000
2443	64	64000.000
2444	86	86000.000
2445	79	79000.000
2446	90	90000.000
2447	72	72000.000
2448	84	84000.000
2449	78	78000.000
2450	90	90000.000
2451	92	92000.000
2452	77	77000.000
2453	87	87000.000
2454	93	93000.000
2455	86	86000.000
2456	93	93000.000
2457	90	90000.000
2458	84	84000.000
2459	85	85000.000
2460	94	94000.000
2461	84	84000.000
2462	91	91000.000
2463	75	75000.000
2464	90	90000.000
2465	86	86000.000
2466	81	81000.000
2467	91	91000.000
2468	76	76000.000
2469	78	78000.000
2470	79	79000.000
2471	89	89000.000
2472	89	89000.000
2473	83	83000.000
2474	68	68000.000
2475	68	68000.000
2476	74	74000.000
2477	90	90000.000
2478	78	78000.000
2479	86	86000.000
2480	92	92000.000
2481	92	92000.000
2482	86	86000.000
2483	92	92000.000
2484	102	102000.000
2485	94	94000.000
2486	77	77000.000
2487	87	87000.000
2488	82	82000.000
2489	85	85000.000
2490	83	83000.000
2491	83	83000.000
2492	85	85000.000
2493	91	91000.000
2494	89	89000.000
2495	73	73000.000
2496	69	69000.000
2497	87	87000.000
2498	91	91000.000
2499	90	90000.000
2500	79	79000.000
2501	79	79000.000
2502	89	89000.000
2503	107	107000.000
2504	97	97000.000
2505	92	92000.000
2506	100	100000.000
2507	85	85000.000
2508	76	76000.000
2509	81	81000.000
2510	93	93000.000
2511	81	81000.000
2512	94	94000.000
2513	80	80000.000
2514	59	59000.000
2515	83	83000.000
2516	83	83000.000
2517	77	77000.000
2518	80	80000.000
2519	92	92000.000
2520	85	85000.000
2521	102	102000.000
2522	81	81000.000
2523	101	101000.000
2524	95	95000.000
2525	102	102000.000
2526	91	91000.000
2527	80	80000.000
2528	99	99000.000
2529	90	90000.000
2530	93	93000.000
2531	70	70000.000
2532	87	87000.000
2533	87	87000.000
2534	96	96000.000
2535	80	80000.000
2536	83	83000.000
2537	98	98000.000
2538	95	95000.000
2539	99	99000.000
2540	79	79000.000
2541	71	71000.000
2542	100	100000.000
2543	93	93000.000
2544	70	70000.000
2545	86	86000.000
2546	73	73000.000
2547	92	92000.000
2548	76	76000.000
2549	97	97000.000
2550	78	78000.000
2551	72	72000.000
2552	91	91000.000
2553	108	108000.000
2554	91	91000.000
2555	81	81000.000
2556	100	100000.000
2557	85	85000.000
2558	96	96000.000
2559	102	102000.000
2560	76	76000.000
2561	75	75000.000
2562	66	66000.000
2563	87	87000.000
2564	80	80000.000
2565	89	89000.000
2566	83	83000.000
2567	93	93000.000
2568	85	85000.000
2569	114	114000.000
2570	84	84000.000
2571	92	92000.000
2572	75	75000.000
2573	70	70000.000
2574	96	96000.000
2575	80	80000.000
2576	98	98000.000
2577	83	83000.000
2578	94	94000.000
2579	89	89000.000
2580	87	87000.000
2581	97	97000.000
2582	96	96000.000
2583	78	78000.000
2584	86	86000.000
2585	86	86000.000
2586	77	77000.000
2587	110	110000.000
2588	96	96000.000
2589	93	93000.000
2590	83	83000.000
2591	80	80000.000
2592	91	91000.000
2593	91	91000.000
2594	86	86000.000
2595	75	75000.000
2596	85	85000.000
2597	79	79000.000
2598	85	85000.000
2599	95	95000.000
2600	89	89000.000
2601	78	78000.000
2602	92	92000.000
2603	95	95000.000
2604	72	72000.000
2605	79	79000.000
2606	101	101000.000
2607	99	99000.000
2608	92	92000.000
2609	91	91000.000
2610	92	92000.000
2611	104	104000.000
2612	76	76000.000
2613	97	97000.000
2614	80	80000.000
2615	95	95000.000
2616	84	84000.000
2617	80	80000.000
2618	75	75000.000
2619	89	89000.000
2620	89	89000.000
2621	93	93000.000
2622	95	95000.000
2623	77	77000.000
2624	90	90000.000
2625	114	114000.000
2626	79	79000.000
2627	89	89000.000
2628	81	81000.000
2629	90	90000.000
2630	94	94000.000
2631	88	88000.000
2632	91	91000.000
2633	102	102000.000
2634	81	81000.000
2635	82	82000.000
2636	90	90000.000
2637	98	98000.000
2638	65	65000.000
2639	81	81000.000
2640	79	79000.000
2641	69	69000.000
2642	76	76000.000
2643	91	91000.000
2644	81	81000.000
2645	100	100000.000
2646	84	84000.000
2647	90	90000.000
2648	79	79000.000
2649	101	101000.000
2650	93	93000.000
2651	92	92000.000
2652	75	75000.000
2653	91	91000.000
2654	72	72000.000
2655	91	91000.000
2656	70	70000.000
2657	88	88000.000
2658	89	89000.000
2659	88	88000.000
2660	84	84000.000
2661	78	78000.000
2662	82	82000.000
2663	82	82000.000
2664	89	89000.000
2665	92	92000.000
2666	86	86000.000
2667	98	98000.000
2668	98	98000.000
2669	72	72000.000
2670	94	94000.000
2671	85	85000.000
2672	97	97000.000
2673	95	95000.000
2674	83	83000.000
2675	89	89000.000
2676	82	82000.000
2677	89	89000.000
2678	84	84000.000
2679	79	79000.000
2680	96	96000.000
2681	110	110000.000
2682	86	86000.000
2683	99	99000.000
2684	98	98000.000
2685	93	93000.000
2686	80	80000.000
2687	74	74000.000
2688	74	74000.000
2689	92	92000.000
2690	82	82000.000
2691	87	87000.000
2692	80	80000.000
2693	88	88000.000
2694	91	91000.000
2695	70	70000.000
2696	83	83000.000
2697	84	84000.000
2698	85	85000.000
2699	115	115000.000
2700	83	83000.000
2701	89	89000.000
2702	84	84000.000
2703	82	82000.000
2704	88	88000.000
2705	86	86000.000
2706	80	80000.000
2707	79	79000.000
2708	83	83000.000
2709	90	90000.000
2710	78	78000.000
2711	91	91000.000
2712	81	81000.000
2713	67	67000.000
2714	78	78000.000
2715	68	68000.000
2716	96	96000.000
2717	68	68000.000
2718	86	86000.000
2719	76	76000.000
2720	91	91000.000
2721	97	97000.000
2722	74	74000.000
2723	81	81000.000
2724	90	90000.000
2725	76	76000.000
2726	85	85000.000
2727	93	93000.000
2728	93	93000.000
2729	82	82000.000
2730	81	81000.000
2731	71	71000.000
2732	95	95000.000
2733	89	89000.000
2734	73	73000.000
2735	103	103000.000
2736	91	91000.000
2737	93	93000.000
2738	93	93000.000
2739	84	84000.000
2740	94	94000.000
2741	86	86000.000
2742	92	92000.000
2743	79	79000.000
2744	81	81000.000
2745	81	81000.000
2746	82	82000.000
2747	94	94000.000
2748	87	87000.000
2749	92	92000.000
2750	95	95000.000
2751	81	81000.000
2752	85	85000.000
2753	104	104000.000
2754	93	93000.000
2755	83	83000.000
2756	93	93000.000
2757	92	92000.000
2758	83	83000.000
2759	86	86000.000
2760	87	87000.000
2761	88	88000.000
2762	79	79000.000
2763	72	72000.000
2764	98	98000.000
2765	87	87000.000
2766	109	109000.000
2767	79	79000.000
2768	85	85000.000
2769	97	97000.000
2770	88	88000.000
2771	85	85000.000
2772	107	107000.000
2773	92	92000.000
2774	69	69000.000
2775	82	82000.000
2776	102	102000.000
2777	104	104000.000
2778	77	77000.000
2779	84	84000.000
2780	77	77000.000
2781	76	76000.000
2782	84	84000.000
2783	91	91000.000
2784	77	77000.000
2785	92	92000.000
2786	70	70000.000
2787	75	75000.000
2788	86	86000.000
2789	90	90000.000
2790	107	107000.000
2791	79	79000.000
2792	72	72000.000
2793	79	79000.000
2794	86	86000.000
2795	92	92000.000
2796	73	73000.000
2797	92	92000.000
2798	83	83000.000
2799	86	86000.000
2800	72	72000.000
2801	75	75000.000
2802	80	80000.000
2803	81	81000.000
2804	95	95000.000
2805	76	76000.000
2806	86	86000.000
2807	78	78000.000
2808	75	75000.000
2809	78	78000.000
2810	77	77000.000
2811	76	76000.000
2812	89	89000.000
2813	89	89000.000
2814	93	93000.000
2815	95	95000.000
2816	111	111000.000
2817	69	69000.000
2818	72	72000.000
2819	74	74000.000
2820	99	99000.000
2821	84	84000.000
2822	85	85000.000
2823	86	86000.000
2824	63	63000.000
2825	88	88000.000
2826	91	91000.000
2827	88	88000.000
2828	90	90000.000
2829	94	94000.000
2830	91	91000.000
2831	84	84000.000
2832	102	102000.000
2833	98	98000.000
2834	86	86000.000
2835	97	97000.000
2836	66	66000.000
2837	105	105000.000
2838	93	93000.000
2839	71	71000.000
2840	80	80000.000
2841	91	91000.000
2842	90	90000.000
2843	77	77000.000
2844	65	65000.000
2845	88	88000.000
2846	77	77000.000
2847	83	83000.000
2848	67	67000.000
2849	86	86000.000
2850	79	79000.000
2851	87	87000.000
2852	89	89000.000
2853	84	84000.000
2854	100	100000.000
2855	97	97000.000
2856	85	85000.000
2857	87	87000.000
2858	88	88000.000
2859	90	90000.000
2860	86	86000.000
2861	86	86000.000
2862	85	85000.000
2863	90	90000.000
2864	81	81000.000
2865	76	76000.000
2866	75	75000.000
2867	93	93000.000
2868	90	90000.000
2869	86	86000.000
2870	86	86000.000
2871	96	96000.000
2872	93	93000.000
2873	89	89000.000
2874	87	87000.000
2875	97	97000.000
2876	88	88000.000
2877	90	90000.000
2878	88	88000.000
2879	87	87000.000
2880	87	87000.000
2881	98	98000.000
2882	90	90000.000
2883	86	86000.000
2884	80	80000.000
2885	76	76000.000
2886	86	86000.000
2887	84	84000.000
2888	73	73000.000
2889	79	79000.000
2890	91	91000.000
2891	93	93000.000
2892	85	85000.000
2893	76	76000.000
2894	79	79000.000
2895	88	88000.000
2896	86	86000.000
2897	93	93000.000
2898	82	82000.000
2899	103	103000.000
2900	80	80000.000
2901	78	78000.000
2902	86	86000.000
2903	90	90000.000
2904	81	81000.000
2905	97	97000.000
2906	95	95000.000
2907	73	73000.000
2908	84	84000.000
2909	81	81000.000
2910	88	88000.000
2911	87	87000.000
2912	75	75000.000
2913	85	85000.000
2914	86	86000.000
2915	86	86000.000
2916	98	98000.000
2917	97	97000.000
2918	83	83000.000
2919	93	93000.000
2920	91	91000.000
2921	92	92000.000
2922	93	93000.000
2923	100	100000.000
2924	107	107000.000
2925	91	91000.000
2926	101	101000.000
2927	85	85000.000
2928	83	83000.000
2929	79	79000.000
2930	79	79000.000
2931	93	93000.000
2932	96	96000.000
2933	80	80000.000
2934	89	89000.000
2935	68	68000.000
2936	85	85000.000
2937	82	82000.000
2938	73	73000.000
2939	80	80000.000
2940	92	92000.000
2941	76	76000.000
2942	88	88000.000
2943	84	84000.000
2944	83	83000.000
2945	71	71000.000
2946	103	103000.000
2947	83	83000.000
2948	91	91000.000
2949	87	87000.000
2950	83	83000.000
2951	103	103000.000
2952	75	75000.000
2953	85	85000.000
2954	77	77000.000
2955	87	87000.000
2956	91	91000.000
2957	92	92000.000
2958	81	81000.000
2959	89	89000.000
2960	77	77000.000
2961	91	91000.000
2962	87	87000.000
2963	106	106000.000
2964	81	81000.000
2965	78	78000.000
2966	88	88000.000
2967	85	85000.000
2968	89	89000.000
2969	86	86000.000
2970	100	100000.000
2971	86	86000.000
2972	82	82000.000
2973	85	85000.000
2974	103	103000.000
2975	88	88000.000
2976	85	85000.000
2977	82	82000.000
2978	82	82000.000
2979	87	87000.000
2980	82	82000.000
2981	96	96000.000
2982	84	84000.000
2983	88	88000.000
2984	82	82000.000
2985	99	99000.000
2986	95	95000.000
2987	98	98000.000
2988	74	74000.000
2989	94	94000.000
2990	102	102000.000
2991	89	89000.000
2992	93	93000.000
2993	95	95000.000
2994	87	87000.000
2995	84	84000.000
2996	90	90000.000
2997	89	89000.000
2998	92	92000.000
2999	76	76000.000
3000	89	89000.000
3001	76	76000.000
3002	82	82000.000
3003	86	86000.000
3004	98	98000.000
3005	86	86000.000
3006	108	108000.000
3007	92	92000.000
3008	70	70000.000
3009	77	77000.000
3010	109	109000.000
3011	93	93000.000
3012	70	70000.000
3013	88	88000.000
3014	84	84000.000
3015	95	95000.000
3016	84	84000.000
3017	88	88000.000
3018	94	94000.000
3019	82	82000.000
3020	86	86000.000
3021	95	95000.000
3022	97	97000.000
3023	87	87000.000
3024	76	76000.000
3025	77	77000.000
3026	80	80000.000
3027	85	85000.000
3028	82	82000.000
3029	88	88000.000
3030	81	81000.000
3031	88	88000.000
3032	95	95000.000
3033	80	80000.000
3034	95	95000.000
3035	64	64000.000
3036	79	79000.000
3037	86	86000.000
3038	97	97000.000
3039	95	95000.000
3040	92	92000.000
3041	75	75000.000
3042	88	88000.000
3043	113	113000.000
3044	89	89000.000
3045	90	90000.000
3046	73	73000.000
3047	83	83000.000
3048	80	80000.000
3049	78	78000.000
3050	83	83000.000
3051	101	101000.000
3052	98	98000.000
3053	63	63000.000
3054	78	78000.000
3055	100	100000.000
3056	93	93000.000
3057	91	91000.000
3058	80	80000.000
3059	79	79000.000
3060	106	106000.000
3061	86	86000.000
3062	84	84000.000
3063	72	72000.000
3064	90	90000.000
3065	88	88000.000
3066	95	95000.000
3067	72	72000.000
3068	78	78000.000
3069	78	78000.000
3070	84	84000.000
3071	98	98000.000
3072	72	72000.000
3073	82	82000.000
3074	83	83000.000
3075	86	86000.000
3076	88	88000.000
3077	100	100000.000
3078	90	90000.000
3079	98	98000.000
3080	99	99000.000
3081	92	92000.000
3082	83	83000.000
3083	103	103000.000
3084	98	98000.000
3085	86	86000.000
3086	79	79000.000
3087	86	86000.000
3088	79	79000.000
3089	92	92000.000
3090	96	96000.000
3091	83	83000.000
3092	84	84000.000
3093	53	53000.000
3094	82	82000.000
3095	95	95000.000
3096	89	89000.000
3097	83	83000.000
3098	76	76000.000
3099	92	92000.000
3100	73	73000.000
3101	81	81000.000
3102	94	94000.000
3103	82	82000.000
3104	93	93000.000
3105	97	97000.000
3106	81	81000.000
3107	93	93000.000
3108	109	109000.000
3109	90	90000.000
3110	93	93000.000
3111	82	82000.000
3112	85	85000.000
3113	99	99000.000
3114	81	81000.000
3115	95	95000.000
3116	90	90000.000
3117	76	76000.000
3118	101	101000.000
3119	85	85000.000
3120	85	85000.000
3121	85	85000.000
3122	88	88000.000
3123	90	90000.000
3124	80	80000.000
3125	87	87000.000
3126	84	84000.000
3127	98	98000.000
3128	88	88000.000
3129	81	81000.000
3130	86	86000.000
3131	77	77000.000
3132	82	82000.000
3133	96	96000.000
3134	77	77000.000
3135	98	98000.000
3136	83	83000.000
3137	80	80000.000
3138	88	88000.000
3139	95	95000.000
3140	73	73000.000
3141	85	85000.000
3142	91	91000.000
3143	82	82000.000
3144	70	70000.000
3145	81	81000.000
3146	106	106000.000
3147	100	100000.000
3148	110	110000.000
3149	85	85000.000
3150	81	81000.000
3151	94	94000.000
3152	84	84000.000
3153	91	91000.000
3154	83	83000.000
3155	104	104000.000
3156	88	88000.000
3157	76	76000.000
3158	85	85000.000
3159	100	100000.000
3160	104	104000.000
3161	102	102000.000
3162	84	84000.000
3163	87	87000.000
3164	80	80000.000
3165	86	86000.000
3166	78	78000.000
3167	84	84000.000
3168	70	70000.000
3169	72	72000.000
3170	84	84000.000
3171	104	104000.000
3172	94	94000.000
3173	93	93000.000
3174	83	83000.000
3175	83	83000.000
3176	84	84000.000
3177	98	98000.000
3178	89	89000.000
3179	101	101000.000
3180	91	91000.000
3181	108	108000.000
3182	80	80000.000
3183	74	74000.000
3184	82	82000.000
3185	92	92000.000
3186	86	86000.000
3187	93	93000.000
3188	92	92000.000
3189	90	90000.000
3190	79	79000.000
3191	83	83000.000
3192	93	93000.000
3193	88	88000.000
3194	88	88000.000
3195	92	92000.000
3196	72	72000.000
3197	94	94000.000
3198	99	99000.000
3199	94	94000.000
3200	94	94000.000
3201	92	92000.000
3202	102	102000.000
3203	84	84000.000
3204	94	94000.000
3205	91	91000.000
3206	83	83000.000
3207	85	85000.000
3208	78	78000.000
3209	93	93000.000
3210	88	88000.000
3211	81	81000.000
3212	70	70000.000
3213	83	83000.000
3214	84	84000.000
3215	78	78000.000
3216	78	78000.000
3217	91	91000.000
3218	95	95000.000
3219	85	85000.000
3220	88	88000.000
3221	91	91000.000
3222	92	92000.000
3223	79	79000.000
3224	90	90000.000
3225	77	77000.000
3226	68	68000.000
3227	106	106000.000
3228	91	91000.000
3229	74	74000.000
3230	92	92000.000
3231	87	87000.000
3232	86	86000.000
3233	85	85000.000
3234	96	96000.000
3235	94	94000.000
3236	81	81000.000
3237	102	102000.000
3238	92	92000.000
3239	92	92000.000
3240	88	88000.000
3241	94	94000.000
3242	88	88000.000
3243	92	92000.000
3244	75	75000.000
3245	90	90000.000
3246	86	86000.000
3247	91	91000.000
3248	95	95000.000
3249	98	98000.000
3250	83	83000.000
3251	82	82000.000
3252	105	105000.000
3253	100	100000.000
3254	83	83000.000
3255	103	103000.000
3256	100	100000.000
3257	91	91000.000
3258	87	87000.000
3259	94	94000.000
3260	80	80000.000
3261	85	85000.000
3262	70	70000.000
3263	93	93000.000
3264	98	98000.000
3265	85	85000.000
3266	98	98000.000
3267	91	91000.000
3268	86	86000.000
3269	92	92000.000
3270	98	98000.000
3271	99	99000.000
3272	98	98000.000
3273	88	88000.000
3274	71	71000.000
3275	92	92000.000
3276	79	79000.000
3277	88	88000.000
3278	84	84000.000
3279	85	85000.000
3280	117	117000.000
3281	82	82000.000
3282	70	70000.000
3283	88	88000.000
3284	90	90000.000
3285	94	94000.000
3286	87	87000.000
3287	84	84000.000
3288	72	72000.000
3289	89	89000.000
3290	91	91000.000
3291	77	77000.000
3292	91	91000.000
3293	88	88000.000
3294	102	102000.000
3295	87	87000.000
3296	97	97000.000
3297	80	80000.000
3298	78	78000.000
3299	89	89000.000
3300	87	87000.000
3301	64	64000.000
3302	91	91000.000
3303	83	83000.000
3304	83	83000.000
3305	94	94000.000
3306	83	83000.000
3307	102	102000.000
3308	83	83000.000
3309	91	91000.000
3310	102	102000.000
3311	88	88000.000
3312	92	92000.000
3313	73	73000.000
3314	88	88000.000
3315	92	92000.000
3316	77	77000.000
3317	86	86000.000
3318	96	96000.000
3319	98	98000.000
3320	95	95000.000
3321	84	84000.000
3322	84	84000.000
3323	96	96000.000
3324	115	115000.000
3325	84	84000.000
3326	76	76000.000
3327	101	101000.000
3328	89	89000.000
3329	96	96000.000
3330	79	79000.000
3331	76	76000.000
3332	75	75000.000
3333	97	97000.000
3334	78	78000.000
3335	88	88000.000
3336	67	67000.000
3337	71	71000.000
3338	93	93000.000
3339	85	85000.000
3340	80	80000.000
3341	75	75000.000
3342	97	97000.000
3343	87	87000.000
3344	84	84000.000
3345	97	97000.000
3346	94	94000.000
3347	94	94000.000
3348	93	93000.000
3349	101	101000.000
3350	104	104000.000
3351	105	105000.000
3352	81	81000.000
3353	86	86000.000
3354	100	100000.000
3355	100	100000.000
3356	104	104000.000
3357	83	83000.000
3358	98	98000.000
3359	84	84000.000
3360	82	82000.000
3361	87	87000.000
3362	70	70000.000
3363	103	103000.000
3364	87	87000.000
3365	84	84000.000
3366	90	90000.000
3367	91	91000.000
3368	79	79000.000
3369	93	93000.000
3370	95	95000.000
3371	68	68000.000
3372	99	99000.000
3373	95	95000.000
3374	59	59000.000
3375	89	89000.000
3376	81	81000.000
3377	83	83000.000
3378	78	78000.000
3379	101	101000.000
3380	81	81000.000
3381	94	94000.000
3382	90	90000.000
3383	85	85000.000
3384	96	96000.000
3385	79	79000.000
3386	89	89000.000
3387	79	79000.000
3388	75	75000.000
3389	93	93000.000
3390	78	78000.000
3391	89	89000.000
3392	87	87000.000
3393	81	81000.000
3394	91	91000.000
3395	93	93000.000
3396	76	76000.000
3397	83	83000.000
3398	97	97000.000
3399	98	98000.000
3400	89	89000.000
3401	83	83000.000
3402	90	90000.000
3403	90	90000.000
3404	100	100000.000
3405	94	94000.000
3406	87	87000.000
3407	77	77000.000
3408	88	88000.000
3409	103	103000.000
3410	75	75000.000
3411	87	87000.000
3412	86	86000.000
3413	80	80000.000
3414	91	91000.000
3415	87	87000.000
3416	86	86000.000
3417	65	65000.000
3418	92	92000.000
3419	75	75000.000
3420	102	102000.000
3421	88	88000.000
3422	103	103000.000
3423	87	87000.000
3424	86	86000.000
3425	82	82000.000
3426	98	98000.000
3427	103	103000.000
3428	94	94000.000
3429	80	80000.000
3430	85	85000.000
3431	79	79000.000
3432	93	93000.000
3433	76	76000.000
3434	85	85000.000
3435	96	96000.000
3436	86	86000.000
3437	88	88000.000
3438	101	101000.000
3439	83	83000.000
3440	86	86000.000
3441	103	103000.000
3442	92	92000.000
3443	92	92000.000
3444	93	93000.000
3445	99	99000.000
3446	95	95000.000
3447	90	90000.000
3448	98	98000.000
3449	97	97000.000
3450	102	102000.000
3451	117	117000.000
3452	91	91000.000
3453	82	82000.000
3454	84	84000.000
3455	106	106000.000
3456	86	86000.000
3457	85	85000.000
3458	83	83000.000
3459	92	92000.000
3460	72	72000.000
3461	80	80000.000
3462	102	102000.000
3463	93	93000.000
3464	85	85000.000
3465	99	99000.000
3466	87	87000.000
3467	99	99000.000
3468	99	99000.000
3469	93	93000.000
3470	95	95000.000
3471	88	88000.000
3472	95	95000.000
3473	97	97000.000
3474	85	85000.000
3475	94	94000.000
3476	75	75000.000
3477	84	84000.000
3478	94	94000.000
3479	93	93000.000
3480	93	93000.000
3481	81	81000.000
3482	88	88000.000
3483	79	79000.000
3484	87	87000.000
3485	95	95000.000
3486	72	72000.000
3487	98	98000.000
3488	94	94000.000
3489	87	87000.000
3490	77	77000.000
3491	76	76000.000
3492	93	93000.000
3493	82	82000.000
3494	81	81000.000
3495	92	92000.000
3496	105	105000.000
3497	89	89000.000
3498	79	79000.000
3499	96	96000.000
3500	82	82000.000
3501	86	86000.000
3502	87	87000.000
3503	69	69000.000
3504	80	80000.000
3505	100	100000.000
3506	84	84000.000
3507	91	91000.000
3508	79	79000.000
3509	78	78000.000
3510	100	100000.000
3511	77	77000.000
3512	96	96000.000
3513	85	85000.000
3514	97	97000.000
3515	89	89000.000
3516	98	98000.000
3517	81	81000.000
3518	84	84000.000
3519	85	85000.000
3520	87	87000.000
3521	95	95000.000
3522	85	85000.000
3523	82	82000.000
3524	105	105000.000
3525	86	86000.000
3526	101	101000.000
3527	78	78000.000
3528	83	83000.000
3529	86	86000.000
3530	94	94000.000
3531	89	89000.000
3532	83	83000.000
3533	102	102000.000
3534	78	78000.000
3535	89	89000.000
3536	77	77000.000
3537	93	93000.000
3538	97	97000.000
3539	96	96000.000
3540	90	90000.000
3541	91	91000.000
3542	105	105000.000
3543	89	89000.000
3544	90	90000.000
3545	87	87000.000
3546	74	74000.000
3547	81	81000.000
3548	84	84000.000
3549	90	90000.000
3550	79	79000.000
3551	93	93000.000
3552	81	81000.000
3553	85	85000.000
3554	87	87000.000
3555	81	81000.000
3556	97	97000.000
3557	94	94000.000
3558	81	81000.000
3559	83	83000.000
3560	97	97000.000
3561	81	81000.000
3562	84	84000.000
3563	101	101000.000
3564	76	76000.000
3565	87	87000.000
3566	83	83000.000
3567	95	95000.000
3568	98	98000.000
3569	87	87000.000
3570	85	85000.000
3571	92	92000.000
3572	99	99000.000
3573	92	92000.000
3574	104	104000.000
3575	92	92000.000
3576	104	104000.000
3577	92	92000.000
3578	82	82000.000
3579	87	87000.000
3580	83	83000.000
3581	79	79000.000
3582	86	86000.000
3583	82	82000.000
3584	95	95000.000
3585	82	82000.000
3586	92	92000.000
3587	95	95000.000
3588	95	95000.000
3589	96	96000.000
3590	85	85000.000
3591	91	91000.000
3592	79	79000.000
3593	85	85000.000
3594	86	86000.000
3595	81	81000.000
3596	87	87000.000
3597	103	103000.000
3598	82	82000.000
3599	96	96000.000
3600	113	113000.000
3601	86	86000.000
3602	78	78000.000
3603	83	83000.000
3604	88	88000.000
3605	91	91000.000
3606	61	61000.000
3607	82	82000.000
3608	80	80000.000
3609	99	99000.000
3610	85	85000.000
3611	99	99000.000
3612	117	117000.000
3613	97	97000.000
3614	77	77000.000
3615	75	75000.000
3616	90	90000.000
3617	80	80000.000
3618	81	81000.000
3619	65	65000.000
3620	74	74000.000
3621	97	97000.000
3622	86	86000.000
3623	91	91000.000
3624	83	83000.000
3625	97	97000.000
3626	83	83000.000
3627	79	79000.000
3628	81	81000.000
3629	81	81000.000
3630	99	99000.000
3631	85	85000.000
3632	77	77000.000
3633	88	88000.000
3634	80	80000.000
3635	99	99000.000
3636	88	88000.000
3637	99	99000.000
3638	84	84000.000
3639	80	80000.000
3640	96	96000.000
3641	99	99000.000
3642	83	83000.000
3643	77	77000.000
3644	90	90000.000
3645	94	94000.000
3646	86	86000.000
3647	81	81000.000
3648	77	77000.000
3649	107	107000.000
3650	95	95000.000
3651	91	91000.000
3652	92	92000.000
3653	85	85000.000
3654	91	91000.000
3655	98	98000.000
3656	104	104000.000
3657	97	97000.000
3658	79	79000.000
3659	106	106000.000
3660	84	84000.000
3661	85	85000.000
3662	80	80000.000
3663	97	97000.000
3664	86	86000.000
3665	79	79000.000
3666	87	87000.000
3667	105	105000.000
3668	96	96000.000
3669	89	89000.000
3670	105	105000.000
3671	91	91000.000
3672	86	86000.000
3673	76	76000.000
3674	87	87000.000
3675	92	92000.000
3676	78	78000.000
3677	88	88000.000
3678	95	95000.000
3679	108	108000.000
3680	79	79000.000
3681	83	83000.000
3682	91	91000.000
3683	72	72000.000
3684	74	74000.000
3685	87	87000.000
3686	87	87000.000
3687	84	84000.000
3688	93	93000.000
3689	90	90000.000
3690	90	90000.000
3691	100	100000.000
3692	88	88000.000
3693	91	91000.000
3694	102	102000.000
3695	82	82000.000
3696	82	82000.000
3697	92	92000.000
3698	86	86000.000
3699	73	73000.000
3700	83	83000.000
3701	89	89000.000
3702	81	81000.000
3703	99	99000.000
3704	82	82000.000
3705	98	98000.000
3706	90	90000.000
3707	93	93000.000
3708	74	74000.000
3709	87	87000.000
3710	95	95000.000
3711	91	91000.000
3712	80	80000.000
3713	103	103000.000
3714	94	94000.000
3715	77	77000.000
3716	85	85000.000
3717	84	84000.000
3718	97	97000.000
3719	92	92000.000
3720	106	106000.000
3721	80	80000.000
3722	109	109000.000
3723	100	100000.000
3724	85	85000.000
3725	104	104000.000
3726	83	83000.000
3727	112	112000.000
3728	106	106000.000
3729	92	92000.000
3730	82	82000.000
3731	78	78000.000
3732	95	95000.000
3733	92	92000.000
3734	87	87000.000
3735	92	92000.000
3736	88	88000.000
3737	85	85000.000
3738	98	98000.000
3739	73	73000.000
3740	92	92000.000
3741	81	81000.000
3742	86	86000.000
3743	89	89000.000
3744	90	90000.000
3745	86	86000.000
3746	73	73000.000
3747	75	75000.000
3748	84	84000.000
3749	82	82000.000
3750	109	109000.000
3751	78	78000.000
3752	86	86000.000
3753	92	92000.000
3754	86	86000.000
3755	79	79000.000
3756	80	80000.000
3757	87	87000.000
3758	106	106000.000
3759	84	84000.000
3760	86	86000.000
3761	82	82000.000
3762	97	97000.000
3763	68	68000.000
3764	100	100000.000
3765	93	93000.000
3766	87	87000.000
3767	78	78000.000
3768	72	72000.000
3769	82	82000.000
3770	66	66000.000
3771	83	83000.000
3772	74	74000.000
3773	79	79000.000
3774	92	92000.000
3775	81	81000.000
3776	89	89000.000
3777	84	84000.000
3778	104	104000.000
3779	113	113000.000
3780	95	95000.000
3781	88	88000.000
3782	71	71000.000
3783	98	98000.000
3784	91	91000.000
3785	83	83000.000
3786	93	93000.000
3787	79	79000.000
3788	86	86000.000
3789	99	99000.000
3790	103	103000.000
3791	90	90000.000
3792	83	83000.000
3793	86	86000.000
3794	74	74000.000
3795	80	80000.000
3796	86	86000.000
3797	90	90000.000
3798	85	85000.000
3799	88	88000.000
3800	87	87000.000
3801	83	83000.000
3802	81	81000.000
3803	79	79000.000
3804	88	88000.000
3805	76	76000.000
3806	80	80000.000
3807	92	92000.000
3808	115	115000.000
3809	96	96000.000
3810	84	84000.000
3811	77	77000.000
3812	85	85000.000
3813	96	96000.000
3814	91	91000.000
3815	83	83000.000
3816	80	80000.000
3817	102	102000.000
3818	82	82000.000
3819	77	77000.000
3820	80	80000.000
3821	96	96000.000
3822	87	87000.000
3823	91	91000.000
3824	97	97000.000
3825	98	98000.000
3826	89	89000.000
3827	79	79000.000
3828	95	95000.000
3829	79	79000.000
3830	80	80000.000
3831	78	78000.000
3832	101	101000.000
3833	91	91000.000
3834	95	95000.000
3835	94	94000.000
3836	89	89000.000
3837	73	73000.000
3838	100	100000.000
3839	79	79000.000
3840	86	86000.000
3841	69	69000.000
3842	73	73000.000
3843	97	97000.000
3844	88	88000.000
3845	81	81000.000
3846	94	94000.000
3847	79	79000.000
3848	80	80000.000
3849	97	97000.000
3850	77	77000.000
3851	80	80000.000
3852	99	99000.000
3853	89	89000.000
3854	90	90000.000
3855	95	95000.000
3856	89	89000.000
3857	97	97000.000
3858	75	75000.000
3859	80	80000.000
3860	96	96000.000
3861	78	78000.000
3862	91	91000.000
3863	76	76000.000
3864	77	77000.000
3865	85	85000.000
3866	83	83000.000
3867	100	100000.000
3868	70	70000.000
3869	96	96000.000
3870	89	89000.000
3871	84	84000.000
3872	103	103000.000
3873	72	72000.000
3874	74	74000.000
3875	90	90000.000
3876	78	78000.000
3877	85	85000.000
3878	80	80000.000
3879	85	85000.000
3880	97	97000.000
3881	79	79000.000
3882	96	96000.000
3883	96	96000.000
3884	63	63000.000
3885	76	76000.000
3886	99	99000.000
3887	84	84000.000
3888	91	91000.000
3889	82	82000.000
3890	99	99000.000
3891	89	89000.000
3892	85	85000.000
3893	112	112000.000
3894	81	81000.000
3895	99	99000.000
3896	86	86000.000
3897	92	92000.000
3898	96	96000.000
3899	90	90000.000
3900	87	87000.000
3901	97	97000.000
3902	82	82000.000
3903	87	87000.000
3904	100	100000.000
3905	95	95000.000
3906	94	94000.000
3907	79	79000.000
3908	82	82000.000
3909	71	71000.000
3910	82	82000.000
3911	107	107000.000
3912	78	78000.000
3913	96	96000.000
3914	90	90000.000
3915	86	86000.000
3916	85	85000.000
3917	83	83000.000
3918	87	87000.000
3919	103	103000.000
3920	84	84000.000
3921	103	103000.000
3922	85	85000.000
3923	84	84000.000
3924	82	82000.000
3925	95	95000.000
3926	71	71000.000
3927	93	93000.000
3928	85	85000.000
3929	78	78000.000
3930	85	85000.000
3931	69	69000.000
3932	88	88000.000
3933	91	91000.000
3934	95	95000.000
3935	95	95000.000
3936	88	88000.000
3937	79	79000.000
3938	115	115000.000
3939	88	88000.000
3940	96	96000.000
3941	90	90000.000
3942	108	108000.000
3943	92	92000.000
3944	95	95000.000
3945	94	94000.000
3946	77	77000.000
3947	107	107000.000
3948	91	91000.000
3949	82	82000.000
3950	88	88000.000
3951	90	90000.000
3952	97	97000.000
3953	87	87000.000
3954	82	82000.000
3955	115	115000.000
3956	79	79000.000
3957	81	81000.000
3958	94	94000.000
3959	95	95000.000
3960	96	96000.000
3961	90	90000.000
3962	82	82000.000
3963	87	87000.000
3964	89	89000.000
3965	96	96000.000
3966	87	87000.000
3967	91	91000.000
3968	78	78000.000
3969	81	81000.000
3970	110	110000.000
3971	94	94000.000
3972	78	78000.000
3973	87	87000.000
3974	101	101000.000
3975	91	91000.000
3976	94	94000.000
3977	84	84000.000
3978	73	73000.000
3979	83	83000.000
3980	105	105000.000
3981	99	99000.000
3982	84	84000.000
3983	86	86000.000
3984	84	84000.000
3985	110	110000.000
3986	83	83000.000
3987	67	67000.000
3988	74	74000.000
3989	90	90000.000
3990	81	81000.000
3991	93	93000.000
3992	121	121000.000
3993	89	89000.000
3994	61	61000.000
3995	94	94000.000
3996	87	87000.000
3997	82	82000.000
3998	95	95000.000
3999	87	87000.000
4000	103	103000.000
4001	94	94000.000
4002	98	98000.000
4003	93	93000.000
4004	90	90000.000
4005	93	93000.000
4006	84	84000.000
4007	87	87000.000
4008	77	77000.000
4009	93	93000.000
4010	87	87000.000
4011	91	91000.000
4012	90	90000.000
4013	98	98000.000
4014	100	100000.000
4015	98	98000.000
4016	84	84000.000
4017	91	91000.000
4018	95	95000.000
4019	98	98000.000
4020	101	101000.000
4021	80	80000.000
4022	62	62000.000
4023	82	82000.000
4024	82	82000.000
4025	87	87000.000
4026	91	91000.000
4027	85	85000.000
4028	96	96000.000
4029	80	80000.000
4030	90	90000.000
4031	83	83000.000
4032	91	91000.000
4033	79	79000.000
4034	95	95000.000
4035	84	84000.000
4036	92	92000.000
4037	78	78000.000
4038	81	81000.000
4039	87	87000.000
4040	81	81000.000
4041	81	81000.000
4042	102	102000.000
4043	89	89000.000
4044	94	94000.000
4045	70	70000.000
4046	85	85000.000
4047	89	89000.000
4048	80	80000.000
4049	102	102000.000
4050	78	78000.000
4051	96	96000.000
4052	73	73000.000
4053	90	90000.000
4054	84	84000.000
4055	91	91000.000
4056	77	77000.000
4057	89	89000.000
4058	91	91000.000
4059	84	84000.000
4060	83	83000.000
4061	91	91000.000
4062	96	96000.000
4063	81	81000.000
4064	96	96000.000
4065	90	90000.000
4066	90	90000.000
4067	62	62000.000
4068	76	76000.000
4069	104	104000.000
4070	100	100000.000
4071	74	74000.000
4072	86	86000.000
4073	96	96000.000
4074	79	79000.000
4075	88	88000.000
4076	94	94000.000
4077	87	87000.000
4078	93	93000.000
4079	92	92000.000
4080	98	98000.000
4081	102	102000.000
4082	74	74000.000
4083	82	82000.000
4084	97	97000.000
4085	72	72000.000
4086	97	97000.000
4087	91	91000.000
4088	89	89000.000
4089	113	113000.000
4090	84	84000.000
4091	100	100000.000
4092	90	90000.000
4093	74	74000.000
4094	85	85000.000
4095	84	84000.000
4096	98	98000.000
4097	88	88000.000
4098	97	97000.000
4099	103	103000.000
4100	84	84000.000
4101	98	98000.000
4102	73	73000.000
4103	87	87000.000
4104	90	90000.000
4105	87	87000.000
4106	84	84000.000
4107	122	122000.000
4108	76	76000.000
4109	79	79000.000
4110	100	100000.000
4111	92	92000.000
4112	72	72000.000
4113	90	90000.000
4114	100	100000.000
4115	79	79000.000
4116	68	68000.000
4117	99	99000.000
4118	92	92000.000
4119	94	94000.000
4120	105	105000.000
4121	102	102000.000
4122	93	93000.000
4123	91	91000.000
4124	88	88000.000
4125	90	90000.000
4126	79	79000.000
4127	92	92000.000
4128	103	103000.000
4129	107	107000.000
4130	104	104000.000
4131	92	92000.000
4132	80	80000.000
4133	91	91000.000
4134	98	98000.000
4135	80	80000.000
4136	89	89000.000
4137	76	76000.000
4138	97	97000.000
4139	106	106000.000
4140	90	90000.000
4141	92	92000.000
4142	91	91000.000
4143	77	77000.000
4144	89	89000.000
4145	88	88000.000
4146	97	97000.000
4147	89	89000.000
4148	74	74000.000
4149	98	98000.000
4150	80	80000.000
4151	79	79000.000
4152	77	77000.000
4153	81	81000.000
4154	75	75000.000
4155	69	69000.000
4156	88	88000.000
4157	85	85000.000
4158	71	71000.000
4159	78	78000.000
4160	90	90000.000
4161	71	71000.000
4162	94	94000.000
4163	81	81000.000
4164	91	91000.000
4165	93	93000.000
4166	94	94000.000
4167	87	87000.000
4168	93	93000.000
4169	91	91000.000
4170	90	90000.000
4171	96	96000.000
4172	93	93000.000
4173	83	83000.000
4174	84	84000.000
4175	85	85000.000
4176	88	88000.000
4177	96	96000.000
4178	89	89000.000
4179	75	75000.000
4180	109	109000.000
4181	97	97000.000
4182	87	87000.000
4183	74	74000.000
4184	87	87000.000
4185	76	76000.000
4186	84	84000.000
4187	100	100000.000
4188	95	95000.000
4189	92	92000.000
4190	100	100000.000
4191	107	107000.000
4192	86	86000.000
4193	75	75000.000
4194	95	95000.000
4195	95	95000.000
4196	89	89000.000
4197	87	87000.000
4198	88	88000.000
4199	84	84000.000
4200	89	89000.000
4201	87	87000.000
4202	78	78000.000
4203	79	79000.000
4204	91	91000.000
4205	83	83000.000
4206	72	72000.000
4207	83	83000.000
4208	86	86000.000
4209	73	73000.000
4210	88	88000.000
4211	92	92000.000
4212	91	91000.000
4213	85	85000.000
4214	85	85000.000
4215	100	100000.000
4216	85	85000.000
4217	98	98000.000
4218	81	81000.000
4219	87	87000.000
4220	89	89000.000
4221	87	87000.000
4222	81	81000.000
4223	73	73000.000
4224	103	103000.000
4225	103	103000.000
4226	83	83000.000
4227	69	69000.000
4228	83	83000.000
4229	79	79000.000
4230	85	85000.000
4231	76	76000.000
4232	98	98000.000
4233	81	81000.000
4234	100	100000.000
4235	94	94000.000
4236	87	87000.000
4237	87	87000.000
4238	92	92000.000
4239	104	104000.000
4240	86	86000.000
4241	82	82000.000
4242	93	93000.000
4243	80	80000.000
4244	85	85000.000
4245	71	71000.000
4246	88	88000.000
4247	114	114000.000
4248	83	83000.000
4249	81	81000.000
4250	91	91000.000
4251	88	88000.000
4252	88	88000.000
4253	95	95000.000
4254	94	94000.000
4255	71	71000.000
4256	95	95000.000
4257	76	76000.000
4258	85	85000.000
4259	93	93000.000
4260	107	107000.000
4261	90	90000.000
4262	91	91000.000
4263	99	99000.000
4264	107	107000.000
4265	91	91000.000
4266	99	99000.000
4267	74	74000.000
4268	96	96000.000
4269	81	81000.000
4270	100	100000.000
4271	98	98000.000
4272	93	93000.000
4273	87	87000.000
4274	97	97000.000
4275	87	87000.000
4276	66	66000.000
4277	79	79000.000
4278	104	104000.000
4279	88	88000.000
4280	90	90000.000
4281	69	69000.000
4282	66	66000.000
4283	71	71000.000
4284	88	88000.000
4285	93	93000.000
4286	91	91000.000
4287	87	87000.000
4288	90	90000.000
4289	81	81000.000
4290	81	81000.000
4291	97	97000.000
4292	88	88000.000
4293	98	98000.000
4294	78	78000.000
4295	83	83000.000
4296	108	108000.000
4297	85	85000.000
4298	79	79000.000
4299	86	86000.000
4300	100	100000.000
4301	99	99000.000
4302	85	85000.000
4303	79	79000.000
4304	88	88000.000
4305	110	110000.000
4306	93	93000.000
4307	68	68000.000
4308	84	84000.000
4309	86	86000.000
4310	97	97000.000
4311	92	92000.000
4312	77	77000.000
4313	71	71000.000
4314	96	96000.000
4315	104	104000.000
4316	113	113000.000
4317	95	95000.000
4318	81	81000.000
4319	69	69000.000
4320	94	94000.000
4321	92	92000.000
4322	82	82000.000
4323	102	102000.000
4324	78	78000.000
4325	78	78000.000
4326	78	78000.000
4327	106	106000.000
4328	97	97000.000
4329	75	75000.000
4330	69	69000.000
4331	73	73000.000
4332	82	82000.000
4333	101	101000.000
4334	74	74000.000
4335	54	54000.000
4336	76	76000.000
4337	86	86000.000
4338	80	80000.000
4339	98	98000.000
4340	96	96000.000
4341	102	102000.000
4342	88	88000.000
4343	85	85000.000
4344	76	76000.000
4345	85	85000.000
4346	105	105000.000
4347	102	102000.000
4348	90	90000.000
4349	78	78000.000
4350	86	86000.000
4351	86	86000.000
4352	71	71000.000
4353	88	88000.000
4354	95	95000.000
4355	87	87000.000
4356	79	79000.000
4357	75	75000.000
4358	93	93000.000
4359	93	93000.000
4360	101	101000.000
4361	80	80000.000
4362	79	79000.000
4363	98	98000.000
4364	88	88000.000
4365	70	70000.000
4366	91	91000.000
4367	78	78000.000
4368	90	90000.000
4369	82	82000.000
4370	84	84000.000
4371	109	109000.000
4372	105	105000.000
4373	82	82000.000
4374	80	80000.000
4375	116	116000.000
4376	75	75000.000
4377	80	80000.000
4378	92	92000.000
4379	78	78000.000
4380	98	98000.000
4381	86	86000.000
4382	99	99000.000
4383	77	77000.000
4384	96	96000.000
4385	102	102000.000
4386	91	91000.000
4387	87	87000.000
4388	78	78000.000
4389	88	88000.000
4390	91	91000.000
4391	88	88000.000
4392	75	75000.000
4393	69	69000.000
4394	109	109000.000
4395	108	108000.000
4396	70	70000.000
4397	93	93000.000
4398	97	97000.000
4399	85	85000.000
4400	82	82000.000
4401	81	81000.000
4402	75	75000.000
4403	85	85000.000
4404	100	100000.000
4405	76	76000.000
4406	85	85000.000
4407	85	85000.000
4408	88	88000.000
4409	89	89000.000
4410	86	86000.000
4411	105	105000.000
4412	79	79000.000
4413	80	80000.000
4414	84	84000.000
4415	104	104000.000
4416	75	75000.000
4417	101	101000.000
4418	91	91000.000
4419	77	77000.000
4420	93	93000.000
4421	90	90000.000
4422	83	83000.000
4423	84	84000.000
4424	71	71000.000
4425	83	83000.000
4426	80	80000.000
4427	72	72000.000
4428	97	97000.000
4429	74	74000.000
4430	73	73000.000
4431	98	98000.000
4432	91	91000.000
4433	100	100000.000
4434	76	76000.000
4435	71	71000.000
4436	84	84000.000
4437	72	72000.000
4438	88	88000.000
4439	89	89000.000
4440	98	98000.000
4441	95	95000.000
4442	83	83000.000
4443	83	83000.000
4444	87	87000.000
4445	94	94000.000
4446	84	84000.000
4447	92	92000.000
4448	82	82000.000
4449	94	94000.000
4450	93	93000.000
4451	76	76000.000
4452	83	83000.000
4453	114	114000.000
4454	99	99000.000
4455	69	69000.000
4456	96	96000.000
4457	94	94000.000
4458	88	88000.000
4459	104	104000.000
4460	87	87000.000
4461	84	84000.000
4462	92	92000.000
4463	88	88000.000
4464	93	93000.000
4465	90	90000.000
4466	86	86000.000
4467	92	92000.000
4468	107	107000.000
4469	79	79000.000
4470	89	89000.000
4471	93	93000.000
4472	92	92000.000
4473	81	81000.000
4474	94	94000.000
4475	96	96000.000
4476	106	106000.000
4477	93	93000.000
4478	88	88000.000
4479	101	101000.000
4480	102	102000.000
4481	87	87000.000
4482	99	99000.000
4483	96	96000.000
4484	88	88000.000
4485	83	83000.000
4486	91	91000.000
4487	97	97000.000
4488	89	89000.000
4489	78	78000.000
4490	108	108000.000
4491	93	93000.000
4492	85	85000.000
4493	106	106000.000
4494	95	95000.000
4495	76	76000.000
4496	94	94000.000
4497	113	113000.000
4498	92	92000.000
4499	86	86000.000
4500	94	94000.000
4501	85	85000.000
4502	100	100000.000
4503	84	84000.000
4504	86	86000.000
4505	93	93000.000
4506	84	84000.000
4507	79	79000.000
4508	77	77000.000
4509	82	82000.000
4510	75	75000.000
4511	100	100000.000
4512	79	79000.000
4513	110	110000.000
4514	90	90000.000
4515	108	108000.000
4516	88	88000.000
4517	99	99000.000
4518	101	101000.000
4519	91	91000.000
4520	73	73000.000
4521	78	78000.000
4522	108	108000.000
4523	105	105000.000
4524	102	102000.000
4525	90	90000.000
4526	100	100000.000
4527	83	83000.000
4528	100	100000.000
4529	93	93000.000
4530	101	101000.000
4531	88	88000.000
4532	80	80000.000
4533	98	98000.000
4534	81	81000.000
4535	79	79000.000
4536	86	86000.000
4537	90	90000.000
4538	83	83000.000
4539	77	77000.000
4540	92	92000.000
4541	90	90000.000
4542	105	105000.000
4543	86	86000.000
4544	90	90000.000
4545	80	80000.000
4546	89	89000.000
4547	82	82000.000
4548	92	92000.000
4549	98	98000.000
4550	85	85000.000
4551	83	83000.000
4552	96	96000.000
4553	89	89000.000
4554	78	78000.000
4555	92	92000.000
4556	89	89000.000
4557	90	90000.000
4558	100	100000.000
4559	92	92000.000
4560	81	81000.000
4561	86	86000.000
4562	77	77000.000
4563	90	90000.000
4564	104	104000.000
4565	88	88000.000
4566	86	86000.000
4567	91	91000.000
4568	85	85000.000
4569	86	86000.000
4570	88	88000.000
4571	107	107000.000
4572	91	91000.000
4573	103	103000.000
4574	90	90000.000
4575	70	70000.000
4576	80	80000.000
4577	89	89000.000
4578	80	80000.000
4579	76	76000.000
4580	88	88000.000
4581	87	87000.000
4582	102	102000.000
4583	83	83000.000
4584	78	78000.000
4585	99	99000.000
4586	90	90000.000
4587	94	94000.000
4588	87	87000.000
4589	103	103000.000
4590	79	79000.000
4591	82	82000.000
4592	105	105000.000
4593	80	80000.000
4594	98	98000.000
4595	90	90000.000
4596	89	89000.000
4597	78	78000.000
4598	95	95000.000
4599	81	81000.000
4600	105	105000.000
4601	81	81000.000
4602	79	79000.000
4603	98	98000.000
4604	107	107000.000
4605	100	100000.000
4606	103	103000.000
4607	91	91000.000
4608	83	83000.000
4609	80	80000.000
4610	96	96000.000
4611	91	91000.000
4612	96	96000.000
4613	77	77000.000
4614	69	69000.000
4615	85	85000.000
4616	94	94000.000
4617	82	82000.000
4618	94	94000.000
4619	97	97000.000
4620	84	84000.000
4621	90	90000.000
4622	86	86000.000
4623	82	82000.000
4624	93	93000.000
4625	106	106000.000
4626	95	95000.000
4627	101	101000.000
4628	88	88000.000
4629	90	90000.000
4630	101	101000.000
4631	89	89000.000
4632	76	76000.000
4633	86	86000.000
4634	96	96000.000
4635	99	99000.000
4636	77	77000.000
4637	86	86000.000
4638	87	87000.000
4639	88	88000.000
4640	87	87000.000
4641	85	85000.000
4642	79	79000.000
4643	89	89000.000
4644	87	87000.000
4645	87	87000.000
4646	83	83000.000
4647	90	90000.000
4648	85	85000.000
4649	88	88000.000
4650	97	97000.000
4651	79	79000.000
4652	87	87000.000
4653	95	95000.000
4654	78	78000.000
4655	71	71000.000
4656	91	91000.000
4657	81	81000.000
4658	95	95000.000
4659	100	100000.000
4660	96	96000.000
4661	84	84000.000
4662	90	90000.000
4663	80	80000.000
4664	76	76000.000
4665	89	89000.000
4666	81	81000.000
4667	94	94000.000
4668	83	83000.000
4669	90	90000.000
4670	98	98000.000
4671	96	96000.000
4672	90	90000.000
4673	95	95000.000
4674	94	94000.000
4675	85	85000.000
4676	84	84000.000
4677	95	95000.000
4678	81	81000.000
4679	98	98000.000
4680	89	89000.000
4681	85	85000.000
4682	88	88000.000
4683	74	74000.000
4684	95	95000.000
4685	97	97000.000
4686	81	81000.000
4687	88	88000.000
4688	91	91000.000
4689	82	82000.000
4690	95	95000.000
4691	114	114000.000
4692	81	81000.000
4693	98	98000.000
4694	72	72000.000
4695	81	81000.000
4696	84	84000.000
4697	92	92000.000
4698	107	107000.000
4699	81	81000.000
4700	80	80000.000
4701	74	74000.000
4702	94	94000.000
4703	101	101000.000
4704	106	106000.000
4705	88	88000.000
4706	108	108000.000
4707	89	89000.000
4708	99	99000.000
4709	102	102000.000
4710	85	85000.000
4711	76	76000.000
4712	85	85000.000
4713	81	81000.000
4714	103	103000.000
4715	91	91000.000
4716	90	90000.000
4717	76	76000.000
4718	73	73000.000
4719	93	93000.000
4720	93	93000.000
4721	101	101000.000
4722	101	101000.000
4723	96	96000.000
4724	84	84000.000
4725	88	88000.000
4726	92	92000.000
4727	79	79000.000
4728	78	78000.000
4729	98	98000.000
4730	93	93000.000
4731	90	90000.000
4732	79	79000.000
4733	81	81000.000
4734	89	89000.000
4735	83	83000.000
4736	103	103000.000
4737	97	97000.000
4738	90	90000.000
4739	93	93000.000
4740	99	99000.000
4741	91	91000.000
4742	76	76000.000
4743	112	112000.000
4744	102	102000.000
4745	79	79000.000
4746	99	99000.000
4747	89	89000.000
4748	101	101000.000
4749	82	82000.000
4750	94	94000.000
4751	99	99000.000
4752	81	81000.000
4753	96	96000.000
4754	87	87000.000
4755	84	84000.000
4756	74	74000.000
4757	111	111000.000
4758	100	100000.000
4759	91	91000.000
4760	84	84000.000
4761	99	99000.000
4762	74	74000.000
4763	84	84000.000
4764	83	83000.000
4765	92	92000.000
4766	94	94000.000
4767	101	101000.000
4768	91	91000.000
4769	89	89000.000
4770	72	72000.000
4771	96	96000.000
4772	90	90000.000
4773	85	85000.000
4774	76	76000.000
4775	90	90000.000
4776	93	93000.000
4777	84	84000.000
4778	107	107000.000
4779	81	81000.000
4780	104	104000.000
4781	92	92000.000
4782	78	78000.000
4783	82	82000.000
4784	84	84000.000
4785	84	84000.000
4786	64	64000.000
4787	95	95000.000
4788	101	101000.000
4789	81	81000.000
4790	87	87000.000
4791	81	81000.000
4792	72	72000.000
4793	87	87000.000
4794	76	76000.000
4795	81	81000.000
4796	83	83000.000
4797	83	83000.000
4798	99	99000.000
4799	92	92000.000
4800	95	95000.000
4801	82	82000.000
4802	111	111000.000
4803	77	77000.000
4804	85	85000.000
4805	79	79000.000
4806	93	93000.000
4807	101	101000.000
4808	92	92000.000
4809	94	94000.000
4810	87	87000.000
4811	113	113000.000
4812	77	77000.000
4813	80	80000.000
4814	92	92000.000
4815	71	71000.000
4816	94	94000.000
4817	76	76000.000
4818	92	92000.000
4819	85	85000.000
4820	86	86000.000
4821	89	89000.000
4822	94	94000.000
4823	80	80000.000
4824	97	97000.000
4825	91	91000.000
4826	89	89000.000
4827	98	98000.000
4828	77	77000.000
4829	95	95000.000
4830	94	94000.000
4831	100	100000.000
4832	94	94000.000
4833	89	89000.000
4834	84	84000.000
4835	83	83000.000
4836	95	95000.000
4837	95	95000.000
4838	100	100000.000
4839	84	84000.000
4840	90	90000.000
4841	75	75000.000
4842	83	83000.000
4843	85	85000.000
4844	94	94000.000
4845	80	80000.000
4846	90	90000.000
4847	95	95000.000
4848	97	97000.000
4849	80	80000.000
4850	88	88000.000
4851	84	84000.000
4852	98	98000.000
4853	82	82000.000
4854	95	95000.000
4855	76	76000.000
4856	85	85000.000
4857	87	87000.000
4858	86	86000.000
4859	90	90000.000
4860	84	84000.000
4861	82	82000.000
4862	86	86000.000
4863	96	96000.000
4864	91	91000.000
4865	102	102000.000
4866	81	81000.000
4867	72	72000.000
4868	94	94000.000
4869	91	91000.000
4870	92	92000.000
4871	75	75000.000
4872	87	87000.000
4873	101	101000.000
4874	90	90000.000
4875	88	88000.000
4876	99	99000.000
4877	87	87000.000
4878	101	101000.000
4879	102	102000.000
4880	87	87000.000
4881	102	102000.000
4882	88	88000.000
4883	82	82000.000
4884	84	84000.000
4885	76	76000.000
4886	84	84000.000
4887	89	89000.000
4888	99	99000.000
4889	101	101000.000
4890	93	93000.000
4891	85	85000.000
4892	83	83000.000
4893	92	92000.000
4894	95	95000.000
4895	92	92000.000
4896	88	88000.000
4897	75	75000.000
4898	92	92000.000
4899	88	88000.000
4900	80	80000.000
4901	90	90000.000
4902	98	98000.000
4903	92	92000.000
4904	81	81000.000
4905	107	107000.000
4906	89	89000.000
4907	88	88000.000
4908	99	99000.000
4909	90	90000.000
4910	87	87000.000
4911	88	88000.000
4912	106	106000.000
4913	89	89000.000
4914	97	97000.000
4915	77	77000.000
4916	114	114000.000
4917	83	83000.000
4918	91	91000.000
4919	88	88000.000
4920	96	96000.000
4921	82	82000.000
4922	83	83000.000
4923	88	88000.000
4924	76	76000.000
4925	86	86000.000
4926	87	87000.000
4927	88	88000.000
4928	95	95000.000
4929	103	103000.000
4930	105	105000.000
4931	89	89000.000
4932	84	84000.000
4933	82	82000.000
4934	71	71000.000
4935	85	85000.000
4936	82	82000.000
4937	97	97000.000
4938	83	83000.000
4939	97	97000.000
4940	90	90000.000
4941	93	93000.000
4942	95	95000.000
4943	98	98000.000
4944	83	83000.000
4945	88	88000.000
4946	94	94000.000
4947	71	71000.000
4948	89	89000.000
4949	70	70000.000
4950	96	96000.000
4951	108	108000.000
4952	73	73000.000
4953	93	93000.000
4954	101	101000.000
4955	81	81000.000
4956	93	93000.000
4957	77	77000.000
4958	105	105000.000
4959	109	109000.000
4960	92	92000.000
4961	96	96000.000
4962	77	77000.000
4963	89	89000.000
4964	90	90000.000
4965	95	95000.000
4966	85	85000.000
4967	68	68000.000
4968	73	73000.000
4969	95	95000.000
4970	78	78000.000
4971	101	101000.000
4972	86	86000.000
4973	93	93000.000
4974	66	66000.000
4975	87	87000.000
4976	88	88000.000
4977	73	73000.000
4978	76	76000.000
4979	66	66000.000
4980	103	103000.000
4981	99	99000.000
4982	80	80000.000
4983	91	91000.000
4984	99	99000.000
4985	83	83000.000
4986	86	86000.000
4987	72	72000.000
4988	80	80000.000
4989	96	96000.000
4990	94	94000.000
4991	82	82000.000
4992	81	81000.000
4993	75	75000.000
4994	92	92000.000
4995	86	86000.000
4996	87	87000.000
4997	69	69000.000
4998	72	72000.000
4999	87	87000.000
5000	90	90000.000
5001	90	90000.000
5002	94	94000.000
5003	80	80000.000
5004	78	78000.000
5005	91	91000.000
5006	99	99000.000
5007	79	79000.000
5008	86	86000.000
5009	90	90000.000
5010	86	86000.000
5011	86	86000.000
5012	96	96000.000
5013	86	86000.000
5014	92	92000.000
5015	86	86000.000
5016	96	96000.000
5017	79	79000.000
5018	88	88000.000
5019	99	99000.000
5020	94	94000.000
5021	93	93000.000
5022	87	87000.000
5023	93	93000.000
5024	100	100000.000
5025	94	94000.000
5026	90	90000.000
5027	83	83000.000
5028	75	75000.000
5029	72	72000.000
5030	97	97000.000
5031	90	90000.000
5032	79	79000.000
5033	87	87000.000
5034	83	83000.000
5035	70	70000.000
5036	77	77000.000
5037	88	88000.000
5038	73	73000.000
5039	92	92000.000
5040	83	83000.000
5041	85	85000.000
5042	86	86000.000
5043	78	78000.000
5044	82	82000.000
5045	90	90000.000
5046	111	111000.000
5047	79	79000.000
5048	86	86000.000
5049	80	80000.000
5050	98	98000.000
5051	81	81000.000
5052	79	79000.000
5053	79	79000.000
5054	90	90000.000
5055	88	88000.000
5056	87	87000.000
5057	97	97000.000
5058	97	97000.000
5059	89	89000.000
5060	88	88000.000
5061	86	86000.000
5062	93	93000.000
5063	87	87000.000
5064	92	92000.000
5065	85	85000.000
5066	87	87000.000
5067	104	104000.000
5068	82	82000.000
5069	86	86000.000
5070	94	94000.000
5071	96	96000.000
5072	71	71000.000
5073	90	90000.000
5074	89	89000.000
5075	100	100000.000
5076	88	88000.000
5077	78	78000.000
5078	91	91000.000
5079	90	90000.000
5080	91	91000.000
5081	88	88000.000
5082	86	86000.000
5083	76	76000.000
5084	88	88000.000
5085	90	90000.000
5086	84	84000.000
5087	92	92000.000
5088	88	88000.000
5089	89	89000.000
5090	119	119000.000
5091	90	90000.000
5092	80	80000.000
5093	91	91000.000
5094	75	75000.000
5095	87	87000.000
5096	81	81000.000
5097	91	91000.000
5098	96	96000.000
5099	66	66000.000
5100	94	94000.000
5101	85	85000.000
5102	99	99000.000
5103	90	90000.000
5104	96	96000.000
5105	86	86000.000
5106	106	106000.000
5107	92	92000.000
5108	70	70000.000
5109	84	84000.000
5110	89	89000.000
5111	75	75000.000
5112	104	104000.000
5113	96	96000.000
5114	85	85000.000
5115	72	72000.000
5116	74	74000.000
5117	82	82000.000
5118	87	87000.000
5119	94	94000.000
5120	90	90000.000
5121	92	92000.000
5122	81	81000.000
5123	60	60000.000
5124	89	89000.000
5125	97	97000.000
5126	88	88000.000
5127	76	76000.000
5128	99	99000.000
5129	71	71000.000
5130	104	104000.000
5131	81	81000.000
5132	94	94000.000
5133	95	95000.000
5134	76	76000.000
5135	87	87000.000
5136	83	83000.000
5137	81	81000.000
5138	69	69000.000
5139	84	84000.000
5140	82	82000.000
5141	99	99000.000
5142	108	108000.000
5143	103	103000.000
5144	91	91000.000
5145	97	97000.000
5146	77	77000.000
5147	91	91000.000
5148	94	94000.000
5149	88	88000.000
5150	84	84000.000
5151	90	90000.000
5152	86	86000.000
5153	89	89000.000
5154	82	82000.000
5155	80	80000.000
5156	84	84000.000
5157	102	102000.000
5158	97	97000.000
5159	83	83000.000
5160	79	79000.000
5161	80	80000.000
5162	81	81000.000
5163	96	96000.000
5164	88	88000.000
5165	80	80000.000
5166	98	98000.000
5167	83	83000.000
5168	87	87000.000
5169	81	81000.000
5170	89	89000.000
5171	108	108000.000
5172	87	87000.000
5173	98	98000.000
5174	91	91000.000
5175	94	94000.000
5176	72	72000.000
5177	83	83000.000
5178	79	79000.000
5179	90	90000.000
5180	79	79000.000
5181	102	102000.000
5182	101	101000.000
5183	106	106000.000
5184	92	92000.000
5185	74	74000.000
5186	98	98000.000
5187	80	80000.000
5188	90	90000.000
5189	96	96000.000
5190	97	97000.000
5191	95	95000.000
5192	78	78000.000
5193	87	87000.000
5194	85	85000.000
5195	87	87000.000
5196	96	96000.000
5197	95	95000.000
5198	79	79000.000
5199	105	105000.000
5200	82	82000.000
5201	92	92000.000
5202	70	70000.000
5203	80	80000.000
5204	67	67000.000
5205	91	91000.000
5206	80	80000.000
5207	82	82000.000
5208	86	86000.000
5209	99	99000.000
5210	88	88000.000
5211	94	94000.000
5212	102	102000.000
5213	94	94000.000
5214	91	91000.000
5215	84	84000.000
5216	90	90000.000
5217	90	90000.000
5218	89	89000.000
5219	85	85000.000
5220	98	98000.000
5221	87	87000.000
5222	84	84000.000
5223	102	102000.000
5224	108	108000.000
5225	93	93000.000
5226	88	88000.000
5227	100	100000.000
5228	87	87000.000
5229	93	93000.000
5230	93	93000.000
5231	104	104000.000
5232	83	83000.000
5233	87	87000.000
5234	96	96000.000
5235	94	94000.000
5236	95	95000.000
5237	93	93000.000
5238	91	91000.000
5239	78	78000.000
5240	83	83000.000
5241	98	98000.000
5242	102	102000.000
5243	92	92000.000
5244	98	98000.000
5245	90	90000.000
5246	85	85000.000
5247	91	91000.000
5248	83	83000.000
5249	100	100000.000
5250	81	81000.000
5251	91	91000.000
5252	80	80000.000
5253	76	76000.000
5254	100	100000.000
5255	78	78000.000
5256	80	80000.000
5257	81	81000.000
5258	87	87000.000
5259	87	87000.000
5260	99	99000.000
5261	87	87000.000
5262	86	86000.000
5263	96	96000.000
5264	86	86000.000
5265	87	87000.000
5266	88	88000.000
5267	85	85000.000
5268	84	84000.000
5269	105	105000.000
5270	93	93000.000
5271	85	85000.000
5272	97	97000.000
5273	94	94000.000
5274	74	74000.000
5275	102	102000.000
5276	80	80000.000
5277	73	73000.000
5278	94	94000.000
5279	83	83000.000
5280	86	86000.000
5281	87	87000.000
5282	85	85000.000
5283	106	106000.000
5284	88	88000.000
5285	89	89000.000
5286	80	80000.000
5287	98	98000.000
5288	94	94000.000
5289	92	92000.000
5290	95	95000.000
5291	88	88000.000
5292	87	87000.000
5293	70	70000.000
5294	78	78000.000
5295	78	78000.000
5296	69	69000.000
5297	82	82000.000
5298	90	90000.000
5299	94	94000.000
5300	101	101000.000
5301	94	94000.000
5302	92	92000.000
5303	78	78000.000
5304	86	86000.000
5305	99	99000.000
5306	91	91000.000
5307	85	85000.000
5308	96	96000.000
5309	81	81000.000
5310	85	85000.000
5311	80	80000.000
5312	76	76000.000
5313	75	75000.000
5314	65	65000.000
5315	81	81000.000
5316	96	96000.000
5317	87	87000.000
5318	88	88000.000
5319	89	89000.000
5320	68	68000.000
5321	99	99000.000
5322	98	98000.000
5323	84	84000.000
5324	90	90000.000
5325	79	79000.000
5326	85	85000.000
5327	92	92000.000
5328	92	92000.000
5329	91	91000.000
5330	82	82000.000
5331	80	80000.000
5332	75	75000.000
5333	86	86000.000
5334	85	85000.000
5335	89	89000.000
5336	86	86000.000
5337	94	94000.000
5338	95	95000.000
5339	85	85000.000
5340	89	89000.000
5341	79	79000.000
5342	90	90000.000
5343	91	91000.000
5344	96	96000.000
5345	76	76000.000
5346	100	100000.000
5347	104	104000.000
5348	80	80000.000
5349	101	101000.000
5350	69	69000.000
5351	82	82000.000
5352	80	80000.000
5353	84	84000.000
5354	97	97000.000
5355	104	104000.000
5356	85	85000.000
5357	81	81000.000
5358	84	84000.000
5359	82	82000.000
5360	99	99000.000
5361	84	84000.000
5362	81	81000.000
5363	90	90000.000
5364	75	75000.000
5365	89	89000.000
5366	88	88000.000
5367	101	101000.000
5368	97	97000.000
5369	96	96000.000
5370	94	94000.000
5371	82	82000.000
5372	80	80000.000
5373	88	88000.000
5374	96	96000.000
5375	84	84000.000
5376	81	81000.000
5377	88	88000.000
5378	97	97000.000
5379	72	72000.000
5380	94	94000.000
5381	82	82000.000
5382	87	87000.000
5383	72	72000.000
5384	81	81000.000
5385	83	83000.000
5386	80	80000.000
5387	98	98000.000
5388	70	70000.000
5389	89	89000.000
5390	91	91000.000
5391	82	82000.000
5392	78	78000.000
5393	81	81000.000
5394	89	89000.000
5395	62	62000.000
5396	99	99000.000
5397	103	103000.000
5398	86	86000.000
5399	89	89000.000
5400	87	87000.000
5401	86	86000.000
5402	89	89000.000
5403	84	84000.000
5404	101	101000.000
5405	80	80000.000
5406	101	101000.000
5407	87	87000.000
5408	97	97000.000
5409	95	95000.000
5410	89	89000.000
5411	93	93000.000
5412	89	89000.000
5413	103	103000.000
5414	78	78000.000
5415	96	96000.000
5416	90	90000.000
5417	88	88000.000
5418	94	94000.000
5419	87	87000.000
5420	89	89000.000
5421	80	80000.000
5422	89	89000.000
5423	69	69000.000
5424	96	96000.000
5425	75	75000.000
5426	95	95000.000
5427	87	87000.000
5428	87	87000.000
5429	84	84000.000
5430	106	106000.000
5431	88	88000.000
5432	93	93000.000
5433	83	83000.000
5434	94	94000.000
5435	92	92000.000
5436	96	96000.000
5437	86	86000.000
5438	83	83000.000
5439	73	73000.000
5440	77	77000.000
5441	67	67000.000
5442	72	72000.000
5443	81	81000.000
5444	85	85000.000
5445	100	100000.000
5446	95	95000.000
5447	70	70000.000
5448	80	80000.000
5449	87	87000.000
5450	92	92000.000
5451	95	95000.000
5452	70	70000.000
5453	76	76000.000
5454	83	83000.000
5455	86	86000.000
5456	97	97000.000
5457	84	84000.000
5458	93	93000.000
5459	97	97000.000
5460	91	91000.000
5461	95	95000.000
5462	92	92000.000
5463	89	89000.000
5464	93	93000.000
5465	105	105000.000
5466	86	86000.000
5467	88	88000.000
5468	82	82000.000
5469	78	78000.000
5470	91	91000.000
5471	78	78000.000
5472	96	96000.000
5473	72	72000.000
5474	95	95000.000
5475	73	73000.000
5476	91	91000.000
5477	104	104000.000
5478	100	100000.000
5479	90	90000.000
5480	106	106000.000
5481	83	83000.000
5482	92	92000.000
5483	71	71000.000
5484	85	85000.000
5485	68	68000.000
5486	93	93000.000
5487	96	96000.000
5488	83	83000.000
5489	101	101000.000
5490	93	93000.000
5491	76	76000.000
5492	79	79000.000
5493	89	89000.000
5494	101	101000.000
5495	79	79000.000
5496	87	87000.000
5497	94	94000.000
5498	96	96000.000
5499	98	98000.000
5500	83	83000.000
5501	86	86000.000
5502	98	98000.000
5503	89	89000.000
5504	94	94000.000
5505	98	98000.000
5506	94	94000.000
5507	101	101000.000
5508	77	77000.000
5509	76	76000.000
5510	76	76000.000
5511	89	89000.000
5512	82	82000.000
5513	81	81000.000
5514	88	88000.000
5515	84	84000.000
5516	94	94000.000
5517	95	95000.000
5518	79	79000.000
5519	94	94000.000
5520	80	80000.000
5521	93	93000.000
5522	83	83000.000
5523	91	91000.000
5524	85	85000.000
5525	87	87000.000
5526	87	87000.000
5527	73	73000.000
5528	86	86000.000
5529	87	87000.000
5530	94	94000.000
5531	94	94000.000
5532	73	73000.000
5533	94	94000.000
5534	87	87000.000
5535	84	84000.000
5536	81	81000.000
5537	79	79000.000
5538	85	85000.000
5539	90	90000.000
5540	97	97000.000
5541	83	83000.000
5542	95	95000.000
5543	95	95000.000
5544	78	78000.000
5545	102	102000.000
5546	76	76000.000
5547	101	101000.000
5548	116	116000.000
5549	96	96000.000
5550	83	83000.000
5551	90	90000.000
5552	92	92000.000
5553	89	89000.000
5554	89	89000.000
5555	96	96000.000
5556	96	96000.000
5557	84	84000.000
5558	69	69000.000
5559	88	88000.000
5560	103	103000.000
5561	86	86000.000
5562	104	104000.000
5563	91	91000.000
5564	78	78000.000
5565	84	84000.000
5566	76	76000.000
5567	84	84000.000
5568	84	84000.000
5569	78	78000.000
5570	70	70000.000
5571	92	92000.000
5572	82	82000.000
5573	87	87000.000
5574	78	78000.000
5575	102	102000.000
5576	71	71000.000
5577	88	88000.000
5578	85	85000.000
5579	87	87000.000
5580	89	89000.000
5581	94	94000.000
5582	78	78000.000
5583	73	73000.000
5584	75	75000.000
5585	88	88000.000
5586	87	87000.000
5587	97	97000.000
5588	83	83000.000
5589	71	71000.000
5590	82	82000.000
5591	80	80000.000
5592	96	96000.000
5593	93	93000.000
5594	80	80000.000
5595	84	84000.000
5596	85	85000.000
5597	100	100000.000
5598	91	91000.000
5599	74	74000.000
5600	65	65000.000
5601	81	81000.000
5602	74	74000.000
5603	90	90000.000
5604	90	90000.000
5605	91	91000.000
5606	94	94000.000
5607	82	82000.000
5608	99	99000.000
5609	98	98000.000
5610	112	112000.000
5611	97	97000.000
5612	70	70000.000
5613	110	110000.000
5614	86	86000.000
5615	82	82000.000
5616	83	83000.000
5617	92	92000.000
5618	83	83000.000
5619	66	66000.000
5620	78	78000.000
5621	87	87000.000
5622	63	63000.000
5623	81	81000.000
5624	72	72000.000
5625	90	90000.000
5626	82	82000.000
5627	93	93000.000
5628	76	76000.000
5629	95	95000.000
5630	83	83000.000
5631	98	98000.000
5632	90	90000.000
5633	77	77000.000
5634	85	85000.000
5635	90	90000.000
5636	81	81000.000
5637	81	81000.000
5638	98	98000.000
5639	110	110000.000
5640	97	97000.000
5641	72	72000.000
5642	94	94000.000
5643	111	111000.000
5644	99	99000.000
5645	97	97000.000
5646	92	92000.000
5647	95	95000.000
5648	98	98000.000
5649	92	92000.000
5650	104	104000.000
5651	93	93000.000
5652	95	95000.000
5653	83	83000.000
5654	88	88000.000
5655	81	81000.000
5656	92	92000.000
5657	82	82000.000
5658	98	98000.000
5659	85	85000.000
5660	105	105000.000
5661	98	98000.000
5662	98	98000.000
5663	86	86000.000
5664	97	97000.000
5665	93	93000.000
5666	83	83000.000
5667	71	71000.000
5668	94	94000.000
5669	107	107000.000
5670	101	101000.000
5671	78	78000.000
5672	91	91000.000
5673	99	99000.000
5674	90	90000.000
5675	77	77000.000
5676	78	78000.000
5677	99	99000.000
5678	86	86000.000
5679	91	91000.000
5680	69	69000.000
5681	84	84000.000
5682	92	92000.000
5683	86	86000.000
5684	90	90000.000
5685	86	86000.000
5686	97	97000.000
5687	94	94000.000
5688	99	99000.000
5689	90	90000.000
5690	100	100000.000
5691	84	84000.000
5692	94	94000.000
5693	85	85000.000
5694	95	95000.000
5695	89	89000.000
5696	86	86000.000
5697	74	74000.000
5698	92	92000.000
5699	86	86000.000
5700	99	99000.000
5701	83	83000.000
5702	86	86000.000
5703	91	91000.000
5704	100	100000.000
5705	75	75000.000
5706	81	81000.000
5707	94	94000.000
5708	112	112000.000
5709	93	93000.000
5710	73	73000.000
5711	74	74000.000
5712	82	82000.000
5713	78	78000.000
5714	87	87000.000
5715	89	89000.000
5716	99	99000.000
5717	100	100000.000
5718	85	85000.000
5719	75	75000.000
5720	94	94000.000
5721	85	85000.000
5722	100	100000.000
5723	95	95000.000
5724	89	89000.000
5725	81	81000.000
5726	97	97000.000
5727	106	106000.000
5728	92	92000.000
5729	71	71000.000
5730	97	97000.000
5731	69	69000.000
5732	97	97000.000
5733	80	80000.000
5734	100	100000.000
5735	87	87000.000
5736	91	91000.000
5737	100	100000.000
5738	83	83000.000
5739	84	84000.000
5740	89	89000.000
5741	77	77000.000
5742	100	100000.000
5743	92	92000.000
5744	93	93000.000
5745	95	95000.000
5746	76	76000.000
5747	87	87000.000
5748	110	110000.000
5749	90	90000.000
5750	86	86000.000
5751	83	83000.000
5752	84	84000.000
5753	79	79000.000
5754	91	91000.000
5755	88	88000.000
5756	105	105000.000
5757	84	84000.000
5758	91	91000.000
5759	84	84000.000
5760	104	104000.000
5761	86	86000.000
5762	99	99000.000
5763	92	92000.000
5764	79	79000.000
5765	89	89000.000
5766	89	89000.000
5767	94	94000.000
5768	92	92000.000
5769	80	80000.000
5770	87	87000.000
5771	92	92000.000
5772	91	91000.000
5773	82	82000.000
5774	78	78000.000
5775	99	99000.000
5776	79	79000.000
5777	89	89000.000
5778	84	84000.000
5779	103	103000.000
5780	87	87000.000
5781	98	98000.000
5782	86	86000.000
5783	107	107000.000
5784	79	79000.000
5785	81	81000.000
5786	81	81000.000
5787	89	89000.000
5788	74	74000.000
5789	78	78000.000
5790	91	91000.000
5791	92	92000.000
5792	95	95000.000
5793	92	92000.000
5794	74	74000.000
5795	95	95000.000
5796	75	75000.000
5797	89	89000.000
5798	92	92000.000
5799	89	89000.000
5800	97	97000.000
5801	71	71000.000
5802	97	97000.000
5803	97	97000.000
5804	98	98000.000
5805	85	85000.000
5806	80	80000.000
5807	70	70000.000
5808	91	91000.000
5809	89	89000.000
5810	87	87000.000
5811	89	89000.000
5812	94	94000.000
5813	92	92000.000
5814	87	87000.000
5815	94	94000.000
5816	94	94000.000
5817	88	88000.000
5818	92	92000.000
5819	96	96000.000
5820	96	96000.000
5821	88	88000.000
5822	73	73000.000
5823	94	94000.000
5824	82	82000.000
5825	89	89000.000
5826	101	101000.000
5827	85	85000.000
5828	72	72000.000
5829	81	81000.000
5830	102	102000.000
5831	82	82000.000
5832	90	90000.000
5833	98	98000.000
5834	92	92000.000
5835	83	83000.000
5836	86	86000.000
5837	89	89000.000
5838	63	63000.000
5839	88	88000.000
5840	79	79000.000
5841	81	81000.000
5842	94	94000.000
5843	84	84000.000
5844	82	82000.000
5845	90	90000.000
5846	85	85000.000
5847	78	78000.000
5848	87	87000.000
5849	89	89000.000
5850	79	79000.000
5851	110	110000.000
5852	79	79000.000
5853	79	79000.000
5854	80	80000.000
5855	76	76000.000
5856	99	99000.000
5857	87	87000.000
5858	97	97000.000
5859	83	83000.000
5860	71	71000.000
5861	82	82000.000
5862	88	88000.000
5863	96	96000.000
5864	96	96000.000
5865	99	99000.000
5866	85	85000.000
5867	80	80000.000
5868	96	96000.000
5869	75	75000.000
5870	84	84000.000
5871	97	97000.000
5872	77	77000.000
5873	84	84000.000
5874	100	100000.000
5875	87	87000.000
5876	107	107000.000
5877	86	86000.000
5878	90	90000.000
5879	75	75000.000
5880	90	90000.000
5881	75	75000.000
5882	98	98000.000
5883	95	95000.000
5884	85	85000.000
5885	97	97000.000
5886	93	93000.000
5887	77	77000.000
5888	86	86000.000
5889	84	84000.000
5890	87	87000.000
5891	73	73000.000
5892	93	93000.000
5893	93	93000.000
5894	81	81000.000
5895	84	84000.000
5896	75	75000.000
5897	82	82000.000
5898	91	91000.000
5899	102	102000.000
5900	88	88000.000
5901	101	101000.000
5902	104	104000.000
5903	91	91000.000
5904	74	74000.000
5905	101	101000.000
5906	79	79000.000
5907	77	77000.000
5908	80	80000.000
5909	103	103000.000
5910	67	67000.000
5911	77	77000.000
5912	86	86000.000
5913	78	78000.000
5914	96	96000.000
5915	68	68000.000
5916	90	90000.000
5917	71	71000.000
5918	85	85000.000
5919	75	75000.000
5920	81	81000.000
5921	85	85000.000
5922	82	82000.000
5923	83	83000.000
5924	84	84000.000
5925	90	90000.000
5926	86	86000.000
5927	96	96000.000
5928	88	88000.000
5929	91	91000.000
5930	83	83000.000
5931	106	106000.000
5932	98	98000.000
5933	73	73000.000
5934	97	97000.000
5935	77	77000.000
5936	80	80000.000
5937	98	98000.000
5938	73	73000.000
5939	95	95000.000
5940	87	87000.000
5941	94	94000.000
5942	91	91000.000
5943	99	99000.000
5944	94	94000.000
5945	99	99000.000
5946	90	90000.000
5947	97	97000.000
5948	89	89000.000
5949	122	122000.000
5950	85	85000.000
5951	89	89000.000
5952	91	91000.000
5953	75	75000.000
5954	95	95000.000
5955	100	100000.000
5956	96	96000.000
5957	98	98000.000
5958	84	84000.000
5959	74	74000.000
5960	94	94000.000
5961	119	119000.000
5962	86	86000.000
5963	80	80000.000
5964	72	72000.000
5965	76	76000.000
5966	78	78000.000
5967	79	79000.000
5968	84	84000.000
5969	81	81000.000
5970	90	90000.000
5971	96	96000.000
5972	102	102000.000
5973	85	85000.000
5974	102	102000.000
5975	103	103000.000
5976	105	105000.000
5977	101	101000.000
5978	102	102000.000
5979	84	84000.000
5980	81	81000.000
5981	75	75000.000
5982	94	94000.000
5983	88	88000.000
5984	78	78000.000
5985	78	78000.000
5986	91	91000.000
5987	86	86000.000
5988	88	88000.000
5989	94	94000.000
5990	81	81000.000
5991	90	90000.000
5992	100	100000.000
5993	80	80000.000
5994	77	77000.000
5995	66	66000.000
5996	91	91000.000
5997	90	90000.000
5998	81	81000.000
5999	83	83000.000
6000	81	81000.000
6001	90	90000.000
6002	85	85000.000
6003	94	94000.000
6004	89	89000.000
6005	86	86000.000
6006	91	91000.000
6007	82	82000.000
6008	86	86000.000
6009	86	86000.000
6010	92	92000.000
6011	78	78000.000
6012	107	107000.000
6013	74	74000.000
6014	82	82000.000
6015	97	97000.000
6016	80	80000.000
6017	95	95000.000
6018	84	84000.000
6019	87	87000.000
6020	91	91000.000
6021	86	86000.000
6022	86	86000.000
6023	91	91000.000
6024	78	78000.000
6025	85	85000.000
6026	84	84000.000
6027	82	82000.000
6028	76	76000.000
6029	74	74000.000
6030	85	85000.000
6031	87	87000.000
6032	79	79000.000
6033	83	83000.000
6034	93	93000.000
6035	69	69000.000
6036	93	93000.000
6037	85	85000.000
6038	100	100000.000
6039	84	84000.000
6040	81	81000.000
6041	105	105000.000
6042	84	84000.000
6043	79	79000.000
6044	81	81000.000
6045	72	72000.000
6046	93	93000.000
6047	93	93000.000
6048	93	93000.000
6049	101	101000.000
6050	95	95000.000
6051	93	93000.000
6052	83	83000.000
6053	80	80000.000
6054	95	95000.000
6055	91	91000.000
6056	101	101000.000
6057	83	83000.000
6058	77	77000.000
6059	99	99000.000
6060	76	76000.000
6061	111	111000.000
6062	81	81000.000
6063	94	94000.000
6064	100	100000.000
6065	83	83000.000
6066	98	98000.000
6067	80	80000.000
6068	95	95000.000
6069	86	86000.000
6070	82	82000.000
6071	101	101000.000
6072	75	75000.000
6073	92	92000.000
6074	78	78000.000
6075	104	104000.000
6076	94	94000.000
6077	99	99000.000
6078	93	93000.000
6079	79	79000.000
6080	66	66000.000
6081	88	88000.000
6082	79	79000.000
6083	98	98000.000
6084	88	88000.000
6085	94	94000.000
6086	92	92000.000
6087	80	80000.000
6088	90	90000.000
6089	90	90000.000
6090	103	103000.000
6091	76	76000.000
6092	76	76000.000
6093	100	100000.000
6094	97	97000.000
6095	84	84000.000
6096	93	93000.000
6097	102	102000.000
6098	81	81000.000
6099	93	93000.000
6100	76	76000.000
6101	94	94000.000
6102	104	104000.000
6103	96	96000.000
6104	98	98000.000
6105	92	92000.000
6106	93	93000.000
6107	107	107000.000
6108	85	85000.000
6109	96	96000.000
6110	84	84000.000
6111	95	95000.000
6112	97	97000.000
6113	86	86000.000
6114	80	80000.000
6115	96	96000.000
6116	74	74000.000
6117	93	93000.000
6118	69	69000.000
6119	63	63000.000
6120	76	76000.000
6121	96	96000.000
6122	75	75000.000
6123	83	83000.000
6124	97	97000.000
6125	88	88000.000
6126	88	88000.000
6127	80	80000.000
6128	102	102000.000
6129	95	95000.000
6130	91	91000.000
6131	83	83000.000
6132	62	62000.000
6133	87	87000.000
6134	97	97000.000
6135	91	91000.000
6136	104	104000.000
6137	63	63000.000
6138	86	86000.000
6139	86	86000.000
6140	94	94000.000
6141	92	92000.000
6142	84	84000.000
6143	101	101000.000
6144	85	85000.000
6145	85	85000.000
6146	90	90000.000
6147	84	84000.000
6148	98	98000.000
6149	98	98000.000
6150	86	86000.000
6151	97	97000.000
6152	83	83000.000
6153	102	102000.000
6154	99	99000.000
6155	101	101000.000
6156	94	94000.000
6157	98	98000.000
6158	72	72000.000
6159	98	98000.000
6160	91	91000.000
6161	72	72000.000
6162	95	95000.000
6163	71	71000.000
6164	87	87000.000
6165	92	92000.000
6166	93	93000.000
6167	88	88000.000
6168	97	97000.000
6169	84	84000.000
6170	95	95000.000
6171	94	94000.000
6172	102	102000.000
6173	84	84000.000
6174	79	79000.000
6175	73	73000.000
6176	86	86000.000
6177	81	81000.000
6178	82	82000.000
6179	91	91000.000
6180	106	106000.000
6181	83	83000.000
6182	100	100000.000
6183	89	89000.000
6184	87	87000.000
6185	98	98000.000
6186	92	92000.000
6187	83	83000.000
6188	84	84000.000
6189	103	103000.000
6190	102	102000.000
6191	92	92000.000
6192	94	94000.000
6193	68	68000.000
6194	75	75000.000
6195	84	84000.000
6196	79	79000.000
6197	81	81000.000
6198	71	71000.000
6199	83	83000.000
6200	78	78000.000
6201	84	84000.000
6202	89	89000.000
6203	94	94000.000
6204	95	95000.000
6205	74	74000.000
6206	93	93000.000
6207	84	84000.000
6208	102	102000.000
6209	95	95000.000
6210	95	95000.000
6211	102	102000.000
6212	105	105000.000
6213	85	85000.000
6214	104	104000.000
6215	93	93000.000
6216	83	83000.000
6217	84	84000.000
6218	85	85000.000
6219	76	76000.000
6220	82	82000.000
6221	95	95000.000
6222	91	91000.000
6223	103	103000.000
6224	82	82000.000
6225	87	87000.000
6226	86	86000.000
6227	81	81000.000
6228	89	89000.000
6229	83	83000.000
6230	83	83000.000
6231	94	94000.000
6232	79	79000.000
6233	68	68000.000
6234	100	100000.000
6235	101	101000.000
6236	87	87000.000
6237	81	81000.000
6238	95	95000.000
6239	87	87000.000
6240	102	102000.000
6241	102	102000.000
6242	82	82000.000
6243	93	93000.000
6244	98	98000.000
6245	63	63000.000
6246	79	79000.000
6247	86	86000.000
6248	88	88000.000
6249	89	89000.000
6250	101	101000.000
6251	103	103000.000
6252	96	96000.000
6253	80	80000.000
6254	77	77000.000
6255	94	94000.000
6256	92	92000.000
6257	82	82000.000
6258	82	82000.000
6259	93	93000.000
6260	76	76000.000
6261	108	108000.000
6262	77	77000.000
6263	85	85000.000
6264	80	80000.000
6265	102	102000.000
6266	80	80000.000
6267	103	103000.000
6268	116	116000.000
6269	105	105000.000
6270	105	105000.000
6271	88	88000.000
6272	90	90000.000
6273	91	91000.000
6274	84	84000.000
6275	114	114000.000
6276	84	84000.000
6277	79	79000.000
6278	87	87000.000
6279	99	99000.000
6280	93	93000.000
6281	96	96000.000
6282	73	73000.000
6283	110	110000.000
6284	82	82000.000
6285	77	77000.000
6286	94	94000.000
6287	86	86000.000
6288	80	80000.000
6289	83	83000.000
6290	98	98000.000
6291	92	92000.000
6292	87	87000.000
6293	82	82000.000
6294	67	67000.000
6295	91	91000.000
6296	86	86000.000
6297	97	97000.000
6298	88	88000.000
6299	97	97000.000
6300	72	72000.000
6301	75	75000.000
6302	97	97000.000
6303	98	98000.000
6304	93	93000.000
6305	106	106000.000
6306	87	87000.000
6307	104	104000.000
6308	80	80000.000
6309	84	84000.000
6310	95	95000.000
6311	100	100000.000
6312	99	99000.000
6313	80	80000.000
6314	96	96000.000
6315	94	94000.000
6316	91	91000.000
6317	85	85000.000
6318	85	85000.000
6319	78	78000.000
6320	95	95000.000
6321	103	103000.000
6322	64	64000.000
6323	73	73000.000
6324	105	105000.000
6325	91	91000.000
6326	86	86000.000
6327	105	105000.000
6328	69	69000.000
6329	76	76000.000
6330	89	89000.000
6331	90	90000.000
6332	96	96000.000
6333	74	74000.000
6334	90	90000.000
6335	100	100000.000
6336	64	64000.000
6337	90	90000.000
6338	90	90000.000
6339	79	79000.000
6340	90	90000.000
6341	95	95000.000
6342	96	96000.000
6343	103	103000.000
6344	77	77000.000
6345	89	89000.000
6346	97	97000.000
6347	93	93000.000
6348	97	97000.000
6349	81	81000.000
6350	80	80000.000
6351	101	101000.000
6352	110	110000.000
6353	82	82000.000
6354	83	83000.000
6355	102	102000.000
6356	75	75000.000
6357	84	84000.000
6358	90	90000.000
6359	81	81000.000
6360	101	101000.000
6361	89	89000.000
6362	80	80000.000
6363	83	83000.000
6364	94	94000.000
6365	72	72000.000
6366	83	83000.000
6367	95	95000.000
6368	78	78000.000
6369	85	85000.000
6370	96	96000.000
6371	66	66000.000
6372	102	102000.000
6373	97	97000.000
6374	101	101000.000
6375	99	99000.000
6376	83	83000.000
6377	95	95000.000
6378	82	82000.000
6379	85	85000.000
6380	87	87000.000
6381	73	73000.000
6382	71	71000.000
6383	92	92000.000
6384	93	93000.000
6385	86	86000.000
6386	84	84000.000
6387	76	76000.000
6388	88	88000.000
6389	87	87000.000
6390	71	71000.000
6391	100	100000.000
6392	93	93000.000
6393	86	86000.000
6394	100	100000.000
6395	76	76000.000
6396	81	81000.000
6397	88	88000.000
6398	88	88000.000
6399	97	97000.000
6400	78	78000.000
6401	107	107000.000
6402	86	86000.000
6403	84	84000.000
6404	101	101000.000
6405	82	82000.000
6406	113	113000.000
6407	110	110000.000
6408	87	87000.000
6409	85	85000.000
6410	89	89000.000
6411	91	91000.000
6412	84	84000.000
6413	98	98000.000
6414	98	98000.000
6415	90	90000.000
6416	91	91000.000
6417	83	83000.000
6418	85	85000.000
6419	82	82000.000
6420	86	86000.000
6421	92	92000.000
6422	96	96000.000
6423	89	89000.000
6424	86	86000.000
6425	90	90000.000
6426	95	95000.000
6427	93	93000.000
6428	85	85000.000
6429	76	76000.000
6430	89	89000.000
6431	90	90000.000
6432	110	110000.000
6433	89	89000.000
6434	85	85000.000
6435	74	74000.000
6436	88	88000.000
6437	74	74000.000
6438	100	100000.000
6439	91	91000.000
6440	77	77000.000
6441	79	79000.000
6442	88	88000.000
6443	95	95000.000
6444	81	81000.000
6445	95	95000.000
6446	85	85000.000
6447	77	77000.000
6448	95	95000.000
6449	92	92000.000
6450	70	70000.000
6451	102	102000.000
6452	74	74000.000
6453	88	88000.000
6454	82	82000.000
6455	104	104000.000
6456	89	89000.000
6457	85	85000.000
6458	75	75000.000
6459	82	82000.000
6460	74	74000.000
6461	102	102000.000
6462	97	97000.000
6463	85	85000.000
6464	94	94000.000
6465	107	107000.000
6466	79	79000.000
6467	87	87000.000
6468	100	100000.000
6469	89	89000.000
6470	90	90000.000
6471	82	82000.000
6472	87	87000.000
6473	85	85000.000
6474	91	91000.000
6475	80	80000.000
6476	92	92000.000
6477	79	79000.000
6478	69	69000.000
6479	105	105000.000
6480	104	104000.000
6481	78	78000.000
6482	88	88000.000
6483	81	81000.000
6484	92	92000.000
6485	82	82000.000
6486	90	90000.000
6487	106	106000.000
6488	103	103000.000
6489	101	101000.000
6490	83	83000.000
6491	70	70000.000
6492	104	104000.000
6493	87	87000.000
6494	73	73000.000
6495	72	72000.000
6496	78	78000.000
6497	92	92000.000
6498	79	79000.000
6499	98	98000.000
6500	83	83000.000
6501	80	80000.000
6502	82	82000.000
6503	98	98000.000
6504	85	85000.000
6505	101	101000.000
6506	110	110000.000
6507	91	91000.000
6508	99	99000.000
6509	76	76000.000
6510	86	86000.000
6511	95	95000.000
6512	97	97000.000
6513	90	90000.000
6514	103	103000.000
6515	75	75000.000
6516	91	91000.000
6517	81	81000.000
6518	90	90000.000
6519	97	97000.000
6520	97	97000.000
6521	89	89000.000
6522	89	89000.000
6523	98	98000.000
6524	85	85000.000
6525	85	85000.000
6526	86	86000.000
6527	97	97000.000
6528	88	88000.000
6529	74	74000.000
6530	99	99000.000
6531	82	82000.000
6532	93	93000.000
6533	83	83000.000
6534	97	97000.000
6535	83	83000.000
6536	88	88000.000
6537	90	90000.000
6538	91	91000.000
6539	97	97000.000
6540	88	88000.000
6541	111	111000.000
6542	84	84000.000
6543	74	74000.000
6544	96	96000.000
6545	71	71000.000
6546	96	96000.000
6547	89	89000.000
6548	92	92000.000
6549	72	72000.000
6550	83	83000.000
6551	75	75000.000
6552	88	88000.000
6553	82	82000.000
6554	85	85000.000
6555	74	74000.000
6556	107	107000.000
6557	85	85000.000
6558	78	78000.000
6559	95	95000.000
6560	93	93000.000
6561	81	81000.000
6562	84	84000.000
6563	92	92000.000
6564	79	79000.000
6565	90	90000.000
6566	94	94000.000
6567	76	76000.000
6568	99	99000.000
6569	93	93000.000
6570	98	98000.000
6571	93	93000.000
6572	95	95000.000
6573	74	74000.000
6574	85	85000.000
6575	70	70000.000
6576	93	93000.000
6577	77	77000.000
6578	85	85000.000
6579	95	95000.000
6580	90	90000.000
6581	85	85000.000
6582	83	83000.000
6583	80	80000.000
6584	68	68000.000
6585	87	87000.000
6586	87	87000.000
6587	79	79000.000
6588	100	100000.000
6589	92	92000.000
6590	73	73000.000
6591	107	107000.000
6592	96	96000.000
6593	71	71000.000
6594	85	85000.000
6595	89	89000.000
6596	85	85000.000
6597	89	89000.000
6598	95	95000.000
6599	96	96000.000
6600	84	84000.000
6601	97	97000.000
6602	74	74000.000
6603	84	84000.000
6604	91	91000.000
6605	72	72000.000
6606	85	85000.000
6607	95	95000.000
6608	77	77000.000
6609	74	74000.000
6610	77	77000.000
6611	81	81000.000
6612	104	104000.000
6613	81	81000.000
6614	87	87000.000
6615	80	80000.000
6616	75	75000.000
6617	90	90000.000
6618	92	92000.000
6619	86	86000.000
6620	87	87000.000
6621	100	100000.000
6622	82	82000.000
6623	73	73000.000
6624	80	80000.000
6625	87	87000.000
6626	96	96000.000
6627	94	94000.000
6628	86	86000.000
6629	93	93000.000
6630	90	90000.000
6631	112	112000.000
6632	80	80000.000
6633	95	95000.000
6634	82	82000.000
6635	102	102000.000
6636	97	97000.000
6637	96	96000.000
6638	101	101000.000
6639	77	77000.000
6640	86	86000.000
6641	84	84000.000
6642	88	88000.000
6643	95	95000.000
6644	84	84000.000
6645	80	80000.000
6646	81	81000.000
6647	72	72000.000
6648	108	108000.000
6649	75	75000.000
6650	79	79000.000
6651	75	75000.000
6652	90	90000.000
6653	90	90000.000
6654	83	83000.000
6655	98	98000.000
6656	97	97000.000
6657	80	80000.000
6658	84	84000.000
6659	86	86000.000
6660	88	88000.000
6661	89	89000.000
6662	96	96000.000
6663	79	79000.000
6664	98	98000.000
6665	108	108000.000
6666	96	96000.000
6667	72	72000.000
6668	75	75000.000
6669	87	87000.000
6670	99	99000.000
6671	94	94000.000
6672	101	101000.000
6673	77	77000.000
6674	78	78000.000
6675	95	95000.000
6676	94	94000.000
6677	94	94000.000
6678	86	86000.000
6679	89	89000.000
6680	98	98000.000
6681	95	95000.000
6682	88	88000.000
6683	92	92000.000
6684	82	82000.000
6685	82	82000.000
6686	107	107000.000
6687	102	102000.000
6688	76	76000.000
6689	106	106000.000
6690	87	87000.000
6691	84	84000.000
6692	78	78000.000
6693	80	80000.000
6694	100	100000.000
6695	86	86000.000
6696	83	83000.000
6697	97	97000.000
6698	97	97000.000
6699	76	76000.000
6700	78	78000.000
6701	88	88000.000
6702	94	94000.000
6703	89	89000.000
6704	82	82000.000
6705	83	83000.000
6706	81	81000.000
6707	74	74000.000
6708	84	84000.000
6709	67	67000.000
6710	82	82000.000
6711	92	92000.000
6712	81	81000.000
6713	85	85000.000
6714	80	80000.000
6715	96	96000.000
6716	87	87000.000
6717	98	98000.000
6718	93	93000.000
6719	83	83000.000
6720	107	107000.000
6721	102	102000.000
6722	85	85000.000
6723	98	98000.000
6724	99	99000.000
6725	105	105000.000
6726	97	97000.000
6727	77	77000.000
6728	87	87000.000
6729	102	102000.000
6730	81	81000.000
6731	109	109000.000
6732	82	82000.000
6733	81	81000.000
6734	80	80000.000
6735	95	95000.000
6736	89	89000.000
6737	71	71000.000
6738	100	100000.000
6739	87	87000.000
6740	93	93000.000
6741	74	74000.000
6742	86	86000.000
6743	82	82000.000
6744	94	94000.000
6745	76	76000.000
6746	103	103000.000
6747	88	88000.000
6748	93	93000.000
6749	100	100000.000
6750	99	99000.000
6751	91	91000.000
6752	86	86000.000
6753	94	94000.000
6754	85	85000.000
6755	107	107000.000
6756	79	79000.000
6757	95	95000.000
6758	87	87000.000
6759	80	80000.000
6760	92	92000.000
6761	93	93000.000
6762	81	81000.000
6763	89	89000.000
6764	80	80000.000
6765	96	96000.000
6766	71	71000.000
6767	92	92000.000
6768	98	98000.000
6769	82	82000.000
6770	72	72000.000
6771	103	103000.000
6772	91	91000.000
6773	82	82000.000
6774	86	86000.000
6775	94	94000.000
6776	79	79000.000
6777	100	100000.000
6778	99	99000.000
6779	98	98000.000
6780	77	77000.000
6781	77	77000.000
6782	84	84000.000
6783	88	88000.000
6784	99	99000.000
6785	89	89000.000
6786	100	100000.000
6787	87	87000.000
6788	84	84000.000
6789	90	90000.000
6790	79	79000.000
6791	77	77000.000
6792	98	98000.000
6793	84	84000.000
6794	94	94000.000
6795	70	70000.000
6796	93	93000.000
6797	92	92000.000
6798	88	88000.000
6799	91	91000.000
6800	99	99000.000
6801	98	98000.000
6802	96	96000.000
6803	99	99000.000
6804	67	67000.000
6805	85	85000.000
6806	86	86000.000
6807	83	83000.000
6808	85	85000.000
6809	75	75000.000
6810	86	86000.000
6811	76	76000.000
6812	95	95000.000
6813	86	86000.000
6814	85	85000.000
6815	101	101000.000
6816	84	84000.000
6817	81	81000.000
6818	83	83000.000
6819	79	79000.000
6820	87	87000.000
6821	97	97000.000
6822	92	92000.000
6823	93	93000.000
6824	92	92000.000
6825	80	80000.000
6826	72	72000.000
6827	106	106000.000
6828	106	106000.000
6829	81	81000.000
6830	101	101000.000
6831	87	87000.000
6832	87	87000.000
6833	89	89000.000
6834	90	90000.000
6835	84	84000.000
6836	78	78000.000
6837	87	87000.000
6838	68	68000.000
6839	63	63000.000
6840	85	85000.000
6841	83	83000.000
6842	81	81000.000
6843	95	95000.000
6844	79	79000.000
6845	99	99000.000
6846	99	99000.000
6847	77	77000.000
6848	97	97000.000
6849	81	81000.000
6850	102	102000.000
6851	88	88000.000
6852	86	86000.000
6853	68	68000.000
6854	90	90000.000
6855	85	85000.000
6856	81	81000.000
6857	94	94000.000
6858	85	85000.000
6859	82	82000.000
6860	92	92000.000
6861	90	90000.000
6862	95	95000.000
6863	94	94000.000
6864	81	81000.000
6865	88	88000.000
6866	80	80000.000
6867	93	93000.000
6868	74	74000.000
6869	86	86000.000
6870	97	97000.000
6871	94	94000.000
6872	100	100000.000
6873	82	82000.000
6874	93	93000.000
6875	89	89000.000
6876	92	92000.000
6877	84	84000.000
6878	88	88000.000
6879	82	82000.000
6880	90	90000.000
6881	93	93000.000
6882	82	82000.000
6883	85	85000.000
6884	93	93000.000
6885	79	79000.000
6886	100	100000.000
6887	95	95000.000
6888	87	87000.000
6889	92	92000.000
6890	75	75000.000
6891	96	96000.000
6892	68	68000.000
6893	84	84000.000
6894	75	75000.000
6895	96	96000.000
6896	93	93000.000
6897	78	78000.000
6898	76	76000.000
6899	95	95000.000
6900	95	95000.000
6901	95	95000.000
6902	91	91000.000
6903	84	84000.000
6904	92	92000.000
6905	85	85000.000
6906	94	94000.000
6907	95	95000.000
6908	85	85000.000
6909	90	90000.000
6910	92	92000.000
6911	76	76000.000
6912	67	67000.000
6913	89	89000.000
6914	93	93000.000
6915	81	81000.000
6916	90	90000.000
6917	114	114000.000
6918	79	79000.000
6919	92	92000.000
6920	105	105000.000
6921	88	88000.000
6922	77	77000.000
6923	86	86000.000
6924	66	66000.000
6925	73	73000.000
6926	104	104000.000
6927	86	86000.000
6928	89	89000.000
6929	82	82000.000
6930	93	93000.000
6931	80	80000.000
6932	74	74000.000
6933	89	89000.000
6934	86	86000.000
6935	81	81000.000
6936	77	77000.000
6937	108	108000.000
6938	104	104000.000
6939	91	91000.000
6940	92	92000.000
6941	83	83000.000
6942	103	103000.000
6943	93	93000.000
6944	95	95000.000
6945	75	75000.000
6946	98	98000.000
6947	88	88000.000
6948	83	83000.000
6949	80	80000.000
6950	88	88000.000
6951	94	94000.000
6952	89	89000.000
6953	107	107000.000
6954	96	96000.000
6955	97	97000.000
6956	85	85000.000
6957	94	94000.000
6958	89	89000.000
6959	88	88000.000
6960	86	86000.000
6961	86	86000.000
6962	89	89000.000
6963	88	88000.000
6964	88	88000.000
6965	116	116000.000
6966	92	92000.000
6967	94	94000.000
6968	83	83000.000
6969	91	91000.000
6970	78	78000.000
6971	105	105000.000
6972	87	87000.000
6973	94	94000.000
6974	79	79000.000
6975	86	86000.000
6976	101	101000.000
6977	86	86000.000
6978	86	86000.000
6979	68	68000.000
6980	105	105000.000
6981	83	83000.000
6982	92	92000.000
6983	108	108000.000
6984	92	92000.000
6985	83	83000.000
6986	90	90000.000
6987	106	106000.000
6988	91	91000.000
6989	85	85000.000
6990	69	69000.000
6991	87	87000.000
6992	93	93000.000
6993	86	86000.000
6994	107	107000.000
6995	98	98000.000
6996	92	92000.000
6997	94	94000.000
6998	89	89000.000
6999	92	92000.000
7000	80	80000.000
7001	101	101000.000
7002	82	82000.000
7003	77	77000.000
7004	79	79000.000
7005	81	81000.000
7006	80	80000.000
7007	77	77000.000
7008	80	80000.000
7009	86	86000.000
7010	91	91000.000
7011	85	85000.000
7012	84	84000.000
7013	112	112000.000
7014	101	101000.000
7015	89	89000.000
7016	89	89000.000
7017	79	79000.000
7018	87	87000.000
7019	80	80000.000
7020	109	109000.000
7021	79	79000.000
7022	86	86000.000
7023	119	119000.000
7024	93	93000.000
7025	75	75000.000
7026	83	83000.000
7027	85	85000.000
7028	87	87000.000
7029	74	74000.000
7030	71	71000.000
7031	114	114000.000
7032	88	88000.000
7033	96	96000.000
7034	89	89000.000
7035	99	99000.000
7036	93	93000.000
7037	84	84000.000
7038	86	86000.000
7039	79	79000.000
7040	86	86000.000
7041	95	95000.000
7042	92	92000.000
7043	101	101000.000
7044	75	75000.000
7045	72	72000.000
7046	76	76000.000
7047	79	79000.000
7048	87	87000.000
7049	95	95000.000
7050	86	86000.000
7051	86	86000.000
7052	97	97000.000
7053	84	84000.000
7054	99	99000.000
7055	83	83000.000
7056	87	87000.000
7057	83	83000.000
7058	96	96000.000
7059	83	83000.000
7060	74	74000.000
7061	92	92000.000
7062	80	80000.000
7063	93	93000.000
7064	87	87000.000
7065	83	83000.000
7066	98	98000.000
7067	81	81000.000
7068	84	84000.000
7069	85	85000.000
7070	93	93000.000
7071	81	81000.000
7072	88	88000.000
7073	81	81000.000
7074	75	75000.000
7075	94	94000.000
7076	99	99000.000
7077	93	93000.000
7078	80	80000.000
7079	101	101000.000
7080	80	80000.000
7081	91	91000.000
7082	81	81000.000
7083	107	107000.000
7084	77	77000.000
7085	83	83000.000
7086	91	91000.000
7087	100	100000.000
7088	76	76000.000
7089	91	91000.000
7090	74	74000.000
7091	80	80000.000
7092	85	85000.000
7093	84	84000.000
7094	75	75000.000
7095	85	85000.000
7096	83	83000.000
7097	71	71000.000
7098	88	88000.000
7099	85	85000.000
7100	64	64000.000
7101	79	79000.000
7102	92	92000.000
7103	77	77000.000
7104	69	69000.000
7105	86	86000.000
7106	84	84000.000
7107	70	70000.000
7108	92	92000.000
7109	83	83000.000
7110	79	79000.000
7111	82	82000.000
7112	94	94000.000
7113	84	84000.000
7114	86	86000.000
7115	80	80000.000
7116	96	96000.000
7117	89	89000.000
7118	75	75000.000
7119	82	82000.000
7120	78	78000.000
7121	101	101000.000
7122	79	79000.000
7123	79	79000.000
7124	105	105000.000
7125	99	99000.000
7126	96	96000.000
7127	90	90000.000
7128	84	84000.000
7129	82	82000.000
7130	80	80000.000
7131	78	78000.000
7132	85	85000.000
7133	90	90000.000
7134	81	81000.000
7135	97	97000.000
7136	90	90000.000
7137	83	83000.000
7138	88	88000.000
7139	98	98000.000
7140	89	89000.000
7141	98	98000.000
7142	81	81000.000
7143	85	85000.000
7144	92	92000.000
7145	102	102000.000
7146	75	75000.000
7147	91	91000.000
7148	91	91000.000
7149	87	87000.000
7150	111	111000.000
7151	73	73000.000
7152	92	92000.000
7153	92	92000.000
7154	84	84000.000
7155	75	75000.000
7156	85	85000.000
7157	94	94000.000
7158	94	94000.000
7159	94	94000.000
7160	76	76000.000
7161	100	100000.000
7162	97	97000.000
7163	90	90000.000
7164	89	89000.000
7165	95	95000.000
7166	84	84000.000
7167	89	89000.000
7168	81	81000.000
7169	105	105000.000
7170	81	81000.000
7171	90	90000.000
7172	75	75000.000
7173	91	91000.000
7174	79	79000.000
7175	83	83000.000
7176	84	84000.000
7177	102	102000.000
7178	84	84000.000
7179	83	83000.000
7180	91	91000.000
7181	88	88000.000
7182	84	84000.000
7183	107	107000.000
7184	90	90000.000
7185	89	89000.000
7186	91	91000.000
7187	97	97000.000
7188	111	111000.000
7189	82	82000.000
7190	88	88000.000
7191	81	81000.000
7192	92	92000.000
7193	91	91000.000
7194	108	108000.000
7195	89	89000.000
7196	94	94000.000
7197	89	89000.000
7198	110	110000.000
7199	87	87000.000
7200	101	101000.000
7201	101	101000.000
7202	93	93000.000
7203	84	84000.000
7204	92	92000.000
7205	82	82000.000
7206	84	84000.000
7207	82	82000.000
7208	85	85000.000
7209	78	78000.000
7210	80	80000.000
7211	98	98000.000
7212	92	92000.000
7213	84	84000.000
7214	82	82000.000
7215	93	93000.000
7216	86	86000.000
7217	91	91000.000
7218	85	85000.000
7219	82	82000.000
7220	86	86000.000
7221	98	98000.000
7222	99	99000.000
7223	90	90000.000
7224	71	71000.000
7225	93	93000.000
7226	83	83000.000
7227	79	79000.000
7228	94	94000.000
7229	97	97000.000
7230	69	69000.000
7231	90	90000.000
7232	87	87000.000
7233	76	76000.000
7234	79	79000.000
7235	102	102000.000
7236	90	90000.000
7237	63	63000.000
7238	79	79000.000
7239	97	97000.000
7240	83	83000.000
7241	81	81000.000
7242	93	93000.000
7243	88	88000.000
7244	85	85000.000
7245	83	83000.000
7246	93	93000.000
7247	94	94000.000
7248	96	96000.000
7249	81	81000.000
7250	98	98000.000
7251	94	94000.000
7252	90	90000.000
7253	90	90000.000
7254	69	69000.000
7255	83	83000.000
7256	94	94000.000
7257	86	86000.000
7258	79	79000.000
7259	89	89000.000
7260	87	87000.000
7261	74	74000.000
7262	96	96000.000
7263	80	80000.000
7264	95	95000.000
7265	90	90000.000
7266	71	71000.000
7267	89	89000.000
7268	86	86000.000
7269	89	89000.000
7270	97	97000.000
7271	61	61000.000
7272	88	88000.000
7273	88	88000.000
7274	91	91000.000
7275	86	86000.000
7276	87	87000.000
7277	108	108000.000
7278	82	82000.000
7279	99	99000.000
7280	95	95000.000
7281	76	76000.000
7282	90	90000.000
7283	105	105000.000
7284	78	78000.000
7285	78	78000.000
7286	94	94000.000
7287	64	64000.000
7288	104	104000.000
7289	94	94000.000
7290	95	95000.000
7291	76	76000.000
7292	85	85000.000
7293	104	104000.000
7294	76	76000.000
7295	83	83000.000
7296	86	86000.000
7297	105	105000.000
7298	91	91000.000
7299	76	76000.000
7300	95	95000.000
7301	88	88000.000
7302	82	82000.000
7303	95	95000.000
7304	88	88000.000
7305	105	105000.000
7306	96	96000.000
7307	93	93000.000
7308	88	88000.000
7309	106	106000.000
7310	96	96000.000
7311	109	109000.000
7312	87	87000.000
7313	94	94000.000
7314	91	91000.000
7315	89	89000.000
7316	83	83000.000
7317	91	91000.000
7318	78	78000.000
7319	103	103000.000
7320	96	96000.000
7321	82	82000.000
7322	109	109000.000
7323	93	93000.000
7324	86	86000.000
7325	90	90000.000
7326	85	85000.000
7327	77	77000.000
7328	111	111000.000
7329	94	94000.000
7330	88	88000.000
7331	90	90000.000
7332	72	72000.000
7333	91	91000.000
7334	101	101000.000
7335	80	80000.000
7336	97	97000.000
7337	93	93000.000
7338	69	69000.000
7339	85	85000.000
7340	85	85000.000
7341	93	93000.000
7342	109	109000.000
7343	72	72000.000
7344	84	84000.000
7345	85	85000.000
7346	83	83000.000
7347	74	74000.000
7348	74	74000.000
7349	81	81000.000
7350	79	79000.000
7351	84	84000.000
7352	99	99000.000
7353	93	93000.000
7354	90	90000.000
7355	88	88000.000
7356	93	93000.000
7357	95	95000.000
7358	91	91000.000
7359	90	90000.000
7360	85	85000.000
7361	90	90000.000
7362	98	98000.000
7363	90	90000.000
7364	81	81000.000
7365	69	69000.000
7366	94	94000.000
7367	110	110000.000
7368	81	81000.000
7369	85	85000.000
7370	82	82000.000
7371	98	98000.000
7372	84	84000.000
7373	90	90000.000
7374	93	93000.000
7375	69	69000.000
7376	67	67000.000
7377	101	101000.000
7378	88	88000.000
7379	104	104000.000
7380	104	104000.000
7381	107	107000.000
7382	92	92000.000
7383	95	95000.000
7384	104	104000.000
7385	82	82000.000
7386	79	79000.000
7387	100	100000.000
7388	85	85000.000
7389	91	91000.000
7390	75	75000.000
7391	93	93000.000
7392	91	91000.000
7393	91	91000.000
7394	95	95000.000
7395	85	85000.000
7396	86	86000.000
7397	90	90000.000
7398	72	72000.000
7399	72	72000.000
7400	95	95000.000
7401	76	76000.000
7402	76	76000.000
7403	91	91000.000
7404	97	97000.000
7405	92	92000.000
7406	88	88000.000
7407	100	100000.000
7408	93	93000.000
7409	89	89000.000
7410	89	89000.000
7411	92	92000.000
7412	73	73000.000
7413	76	76000.000
7414	108	108000.000
7415	90	90000.000
7416	88	88000.000
7417	62	62000.000
7418	100	100000.000
7419	91	91000.000
7420	113	113000.000
7421	101	101000.000
7422	89	89000.000
7423	93	93000.000
7424	85	85000.000
7425	102	102000.000
7426	108	108000.000
7427	76	76000.000
7428	84	84000.000
7429	81	81000.000
7430	102	102000.000
7431	89	89000.000
7432	87	87000.000
7433	88	88000.000
7434	94	94000.000
7435	82	82000.000
7436	86	86000.000
7437	85	85000.000
7438	83	83000.000
7439	95	95000.000
7440	87	87000.000
7441	86	86000.000
7442	98	98000.000
7443	91	91000.000
7444	83	83000.000
7445	99	99000.000
7446	95	95000.000
7447	92	92000.000
7448	92	92000.000
7449	104	104000.000
7450	88	88000.000
7451	84	84000.000
7452	72	72000.000
7453	77	77000.000
7454	93	93000.000
7455	93	93000.000
7456	84	84000.000
7457	91	91000.000
7458	80	80000.000
7459	83	83000.000
7460	90	90000.000
7461	102	102000.000
7462	90	90000.000
7463	82	82000.000
7464	68	68000.000
7465	86	86000.000
7466	79	79000.000
7467	85	85000.000
7468	72	72000.000
7469	86	86000.000
7470	97	97000.000
7471	118	118000.000
7472	99	99000.000
7473	81	81000.000
7474	84	84000.000
7475	79	79000.000
7476	84	84000.000
7477	93	93000.000
7478	92	92000.000
7479	92	92000.000
7480	93	93000.000
7481	77	77000.000
7482	72	72000.000
7483	80	80000.000
7484	79	79000.000
7485	78	78000.000
7486	95	95000.000
7487	102	102000.000
7488	67	67000.000
7489	79	79000.000
7490	73	73000.000
7491	90	90000.000
7492	82	82000.000
7493	78	78000.000
7494	105	105000.000
7495	77	77000.000
7496	94	94000.000
7497	73	73000.000
7498	95	95000.000
7499	72	72000.000
7500	84	84000.000
7501	89	89000.000
7502	77	77000.000
7503	92	92000.000
7504	92	92000.000
7505	93	93000.000
7506	82	82000.000
7507	88	88000.000
7508	82	82000.000
7509	91	91000.000
7510	90	90000.000
7511	77	77000.000
7512	101	101000.000
7513	84	84000.000
7514	95	95000.000
7515	82	82000.000
7516	102	102000.000
7517	106	106000.000
7518	82	82000.000
7519	87	87000.000
7520	89	89000.000
7521	79	79000.000
7522	96	96000.000
7523	80	80000.000
7524	85	85000.000
7525	96	96000.000
7526	83	83000.000
7527	109	109000.000
7528	79	79000.000
7529	84	84000.000
7530	98	98000.000
7531	87	87000.000
7532	76	76000.000
7533	76	76000.000
7534	81	81000.000
7535	73	73000.000
7536	85	85000.000
7537	83	83000.000
7538	96	96000.000
7539	102	102000.000
7540	82	82000.000
7541	81	81000.000
7542	78	78000.000
7543	91	91000.000
7544	79	79000.000
7545	96	96000.000
7546	92	92000.000
7547	75	75000.000
7548	95	95000.000
7549	88	88000.000
7550	110	110000.000
7551	87	87000.000
7552	91	91000.000
7553	99	99000.000
7554	98	98000.000
7555	92	92000.000
7556	92	92000.000
7557	98	98000.000
7558	82	82000.000
7559	101	101000.000
7560	100	100000.000
7561	100	100000.000
7562	87	87000.000
7563	89	89000.000
7564	100	100000.000
7565	89	89000.000
7566	89	89000.000
7567	80	80000.000
7568	87	87000.000
7569	84	84000.000
7570	77	77000.000
7571	92	92000.000
7572	83	83000.000
7573	96	96000.000
7574	96	96000.000
7575	76	76000.000
7576	87	87000.000
7577	77	77000.000
7578	85	85000.000
7579	88	88000.000
7580	89	89000.000
7581	98	98000.000
7582	90	90000.000
7583	85	85000.000
7584	90	90000.000
7585	92	92000.000
7586	77	77000.000
7587	84	84000.000
7588	98	98000.000
7589	102	102000.000
7590	90	90000.000
7591	70	70000.000
7592	93	93000.000
7593	90	90000.000
7594	77	77000.000
7595	100	100000.000
7596	87	87000.000
7597	90	90000.000
7598	86	86000.000
7599	105	105000.000
7600	88	88000.000
7601	87	87000.000
7602	83	83000.000
7603	98	98000.000
7604	95	95000.000
7605	69	69000.000
7606	84	84000.000
7607	115	115000.000
7608	71	71000.000
7609	103	103000.000
7610	98	98000.000
7611	90	90000.000
7612	112	112000.000
7613	80	80000.000
7614	80	80000.000
7615	99	99000.000
7616	84	84000.000
7617	86	86000.000
7618	94	94000.000
7619	84	84000.000
7620	81	81000.000
7621	67	67000.000
7622	96	96000.000
7623	87	87000.000
7624	84	84000.000
7625	95	95000.000
7626	96	96000.000
7627	95	95000.000
7628	104	104000.000
7629	85	85000.000
7630	86	86000.000
7631	91	91000.000
7632	97	97000.000
7633	79	79000.000
7634	78	78000.000
7635	107	107000.000
7636	98	98000.000
7637	103	103000.000
7638	73	73000.000
7639	71	71000.000
7640	82	82000.000
7641	75	75000.000
7642	91	91000.000
7643	84	84000.000
7644	71	71000.000
7645	85	85000.000
7646	79	79000.000
7647	83	83000.000
7648	86	86000.000
7649	89	89000.000
7650	86	86000.000
7651	80	80000.000
7652	83	83000.000
7653	94	94000.000
7654	93	93000.000
7655	115	115000.000
7656	89	89000.000
7657	88	88000.000
7658	86	86000.000
7659	83	83000.000
7660	93	93000.000
7661	90	90000.000
7662	96	96000.000
7663	83	83000.000
7664	96	96000.000
7665	88	88000.000
7666	76	76000.000
7667	87	87000.000
7668	82	82000.000
7669	93	93000.000
7670	75	75000.000
7671	94	94000.000
7672	82	82000.000
7673	90	90000.000
7674	78	78000.000
7675	83	83000.000
7676	94	94000.000
7677	76	76000.000
7678	100	100000.000
7679	88	88000.000
7680	99	99000.000
7681	66	66000.000
7682	86	86000.000
7683	100	100000.000
7684	105	105000.000
7685	80	80000.000
7686	93	93000.000
7687	84	84000.000
7688	97	97000.000
7689	91	91000.000
7690	87	87000.000
7691	88	88000.000
7692	92	92000.000
7693	91	91000.000
7694	88	88000.000
7695	86	86000.000
7696	93	93000.000
7697	82	82000.000
7698	71	71000.000
7699	103	103000.000
7700	104	104000.000
7701	98	98000.000
7702	98	98000.000
7703	74	74000.000
7704	98	98000.000
7705	96	96000.000
7706	107	107000.000
7707	89	89000.000
7708	94	94000.000
7709	86	86000.000
7710	81	81000.000
7711	97	97000.000
7712	91	91000.000
7713	123	123000.000
7714	112	112000.000
7715	91	91000.000
7716	93	93000.000
7717	97	97000.000
7718	105	105000.000
7719	103	103000.000
7720	88	88000.000
7721	91	91000.000
7722	73	73000.000
7723	91	91000.000
7724	80	80000.000
7725	85	85000.000
7726	89	89000.000
7727	74	74000.000
7728	75	75000.000
7729	88	88000.000
7730	81	81000.000
7731	91	91000.000
7732	103	103000.000
7733	103	103000.000
7734	74	74000.000
7735	85	85000.000
7736	91	91000.000
7737	81	81000.000
7738	88	88000.000
7739	80	80000.000
7740	94	94000.000
7741	86	86000.000
7742	112	112000.000
7743	86	86000.000
7744	92	92000.000
7745	78	78000.000
7746	77	77000.000
7747	90	90000.000
7748	91	91000.000
7749	92	92000.000
7750	111	111000.000
7751	103	103000.000
7752	80	80000.000
7753	91	91000.000
7754	74	74000.000
7755	84	84000.000
7756	71	71000.000
7757	89	89000.000
7758	114	114000.000
7759	74	74000.000
7760	89	89000.000
7761	73	73000.000
7762	82	82000.000
7763	86	86000.000
7764	73	73000.000
7765	88	88000.000
7766	105	105000.000
7767	102	102000.000
7768	75	75000.000
7769	72	72000.000
7770	82	82000.000
7771	97	97000.000
7772	86	86000.000
7773	78	78000.000
7774	89	89000.000
7775	72	72000.000
7776	100	100000.000
7777	85	85000.000
7778	89	89000.000
7779	89	89000.000
7780	88	88000.000
7781	89	89000.000
7782	93	93000.000
7783	105	105000.000
7784	74	74000.000
7785	93	93000.000
7786	91	91000.000
7787	94	94000.000
7788	86	86000.000
7789	94	94000.000
7790	75	75000.000
7791	97	97000.000
7792	78	78000.000
7793	88	88000.000
7794	90	90000.000
7795	81	81000.000
7796	84	84000.000
7797	95	95000.000
7798	74	74000.000
7799	83	83000.000
7800	86	86000.000
7801	86	86000.000
7802	96	96000.000
7803	94	94000.000
7804	89	89000.000
7805	83	83000.000
7806	81	81000.000
7807	80	80000.000
7808	95	95000.000
7809	94	94000.000
7810	79	79000.000
7811	86	86000.000
7812	93	93000.000
7813	99	99000.000
7814	89	89000.000
7815	83	83000.000
7816	83	83000.000
7817	92	92000.000
7818	78	78000.000
7819	83	83000.000
7820	85	85000.000
7821	98	98000.000
7822	92	92000.000
7823	88	88000.000
7824	82	82000.000
7825	121	121000.000
7826	94	94000.000
7827	86	86000.000
7828	94	94000.000
7829	86	86000.000
7830	89	89000.000
7831	77	77000.000
7832	102	102000.000
7833	85	85000.000
7834	90	90000.000
7835	92	92000.000
7836	96	96000.000
7837	80	80000.000
7838	94	94000.000
7839	100	100000.000
7840	84	84000.000
7841	87	87000.000
7842	97	97000.000
7843	76	76000.000
7844	83	83000.000
7845	93	93000.000
7846	89	89000.000
7847	96	96000.000
7848	83	83000.000
7849	101	101000.000
7850	80	80000.000
7851	98	98000.000
7852	86	86000.000
7853	75	75000.000
7854	86	86000.000
7855	65	65000.000
7856	92	92000.000
7857	107	107000.000
7858	98	98000.000
7859	99	99000.000
7860	83	83000.000
7861	85	85000.000
7862	105	105000.000
7863	86	86000.000
7864	99	99000.000
7865	80	80000.000
7866	94	94000.000
7867	79	79000.000
7868	76	76000.000
7869	90	90000.000
7870	77	77000.000
7871	95	95000.000
7872	75	75000.000
7873	72	72000.000
7874	86	86000.000
7875	87	87000.000
7876	81	81000.000
7877	95	95000.000
7878	93	93000.000
7879	91	91000.000
7880	91	91000.000
7881	81	81000.000
7882	99	99000.000
7883	99	99000.000
7884	86	86000.000
7885	103	103000.000
7886	100	100000.000
7887	94	94000.000
7888	94	94000.000
7889	88	88000.000
7890	78	78000.000
7891	88	88000.000
7892	84	84000.000
7893	62	62000.000
7894	97	97000.000
7895	80	80000.000
7896	93	93000.000
7897	95	95000.000
7898	97	97000.000
7899	104	104000.000
7900	104	104000.000
7901	96	96000.000
7902	88	88000.000
7903	93	93000.000
7904	83	83000.000
7905	96	96000.000
7906	64	64000.000
7907	96	96000.000
7908	89	89000.000
7909	99	99000.000
7910	81	81000.000
7911	96	96000.000
7912	94	94000.000
7913	105	105000.000
7914	66	66000.000
7915	76	76000.000
7916	99	99000.000
7917	93	93000.000
7918	99	99000.000
7919	72	72000.000
7920	65	65000.000
7921	97	97000.000
7922	94	94000.000
7923	95	95000.000
7924	85	85000.000
7925	81	81000.000
7926	97	97000.000
7927	91	91000.000
7928	103	103000.000
7929	94	94000.000
7930	87	87000.000
7931	82	82000.000
7932	92	92000.000
7933	98	98000.000
7934	77	77000.000
7935	89	89000.000
7936	84	84000.000
7937	86	86000.000
7938	108	108000.000
7939	101	101000.000
7940	106	106000.000
7941	92	92000.000
7942	88	88000.000
7943	78	78000.000
7944	90	90000.000
7945	86	86000.000
7946	93	93000.000
7947	95	95000.000
7948	79	79000.000
7949	85	85000.000
7950	84	84000.000
7951	82	82000.000
7952	77	77000.000
7953	83	83000.000
7954	94	94000.000
7955	91	91000.000
7956	85	85000.000
7957	86	86000.000
7958	104	104000.000
7959	92	92000.000
7960	80	80000.000
7961	87	87000.000
7962	104	104000.000
7963	74	74000.000
7964	80	80000.000
7965	102	102000.000
7966	119	119000.000
7967	73	73000.000
7968	81	81000.000
7969	83	83000.000
7970	67	67000.000
7971	78	78000.000
7972	92	92000.000
7973	69	69000.000
7974	96	96000.000
7975	73	73000.000
7976	85	85000.000
7977	96	96000.000
7978	81	81000.000
7979	89	89000.000
7980	89	89000.000
7981	110	110000.000
7982	76	76000.000
7983	71	71000.000
7984	93	93000.000
7985	93	93000.000
7986	92	92000.000
7987	91	91000.000
7988	81	81000.000
7989	91	91000.000
7990	103	103000.000
7991	99	99000.000
7992	84	84000.000
7993	79	79000.000
7994	87	87000.000
7995	79	79000.000
7996	102	102000.000
7997	93	93000.000
7998	82	82000.000
7999	90	90000.000
8000	87	87000.000
8001	111	111000.000
8002	75	75000.000
8003	101	101000.000
8004	98	98000.000
8005	70	70000.000
8006	107	107000.000
8007	94	94000.000
8008	78	78000.000
8009	95	95000.000
8010	81	81000.000
8011	83	83000.000
8012	86	86000.000
8013	84	84000.000
8014	104	104000.000
8015	95	95000.000
8016	77	77000.000
8017	84	84000.000
8018	89	89000.000
8019	85	85000.000
8020	72	72000.000
8021	98	98000.000
8022	110	110000.000
8023	63	63000.000
8024	89	89000.000
8025	96	96000.000
8026	80	80000.000
8027	92	92000.000
8028	94	94000.000
8029	79	79000.000
8030	80	80000.000
8031	93	93000.000
8032	101	101000.000
8033	92	92000.000
8034	102	102000.000
8035	70	70000.000
8036	85	85000.000
8037	95	95000.000
8038	84	84000.000
8039	76	76000.000
8040	95	95000.000
8041	90	90000.000
8042	88	88000.000
8043	82	82000.000
8044	76	76000.000
8045	104	104000.000
8046	101	101000.000
8047	104	104000.000
8048	83	83000.000
8049	97	97000.000
8050	89	89000.000
8051	81	81000.000
8052	79	79000.000
8053	91	91000.000
8054	90	90000.000
8055	78	78000.000
8056	91	91000.000
8057	84	84000.000
8058	95	95000.000
8059	98	98000.000
8060	83	83000.000
8061	82	82000.000
8062	108	108000.000
8063	88	88000.000
8064	94	94000.000
8065	88	88000.000
8066	88	88000.000
8067	89	89000.000
8068	107	107000.000
8069	74	74000.000
8070	101	101000.000
8071	91	91000.000
8072	91	91000.000
8073	101	101000.000
8074	86	86000.000
8075	87	87000.000
8076	94	94000.000
8077	97	97000.000
8078	84	84000.000
8079	89	89000.000
8080	91	91000.000
8081	90	90000.000
8082	93	93000.000
8083	96	96000.000
8084	87	87000.000
8085	107	107000.000
8086	73	73000.000
8087	82	82000.000
8088	96	96000.000
8089	84	84000.000
8090	76	76000.000
8091	98	98000.000
8092	99	99000.000
8093	95	95000.000
8094	88	88000.000
8095	81	81000.000
8096	93	93000.000
8097	76	76000.000
8098	77	77000.000
8099	90	90000.000
8100	89	89000.000
8101	93	93000.000
8102	94	94000.000
8103	77	77000.000
8104	93	93000.000
8105	73	73000.000
8106	84	84000.000
8107	83	83000.000
8108	94	94000.000
8109	79	79000.000
8110	80	80000.000
8111	97	97000.000
8112	96	96000.000
8113	90	90000.000
8114	75	75000.000
8115	77	77000.000
8116	76	76000.000
8117	80	80000.000
8118	82	82000.000
8119	89	89000.000
8120	88	88000.000
8121	105	105000.000
8122	82	82000.000
8123	96	96000.000
8124	80	80000.000
8125	85	85000.000
8126	78	78000.000
8127	96	96000.000
8128	82	82000.000
8129	90	90000.000
8130	79	79000.000
8131	79	79000.000
8132	81	81000.000
8133	75	75000.000
8134	97	97000.000
8135	109	109000.000
8136	83	83000.000
8137	84	84000.000
8138	98	98000.000
8139	76	76000.000
8140	100	100000.000
8141	101	101000.000
8142	72	72000.000
8143	80	80000.000
8144	79	79000.000
8145	88	88000.000
8146	73	73000.000
8147	93	93000.000
8148	79	79000.000
8149	110	110000.000
8150	102	102000.000
8151	96	96000.000
8152	68	68000.000
8153	84	84000.000
8154	96	96000.000
8155	84	84000.000
8156	96	96000.000
8157	91	91000.000
8158	66	66000.000
8159	87	87000.000
8160	76	76000.000
8161	85	85000.000
8162	95	95000.000
8163	78	78000.000
8164	94	94000.000
8165	80	80000.000
8166	69	69000.000
8167	77	77000.000
8168	76	76000.000
8169	101	101000.000
8170	90	90000.000
8171	75	75000.000
8172	83	83000.000
8173	72	72000.000
8174	82	82000.000
8175	96	96000.000
8176	92	92000.000
8177	85	85000.000
8178	93	93000.000
8179	98	98000.000
8180	89	89000.000
8181	73	73000.000
8182	98	98000.000
8183	94	94000.000
8184	102	102000.000
8185	87	87000.000
8186	93	93000.000
8187	81	81000.000
8188	92	92000.000
8189	81	81000.000
8190	84	84000.000
8191	80	80000.000
8192	87	87000.000
8193	91	91000.000
8194	98	98000.000
8195	74	74000.000
8196	83	83000.000
8197	87	87000.000
8198	88	88000.000
8199	84	84000.000
8200	76	76000.000
8201	95	95000.000
8202	81	81000.000
8203	88	88000.000
8204	88	88000.000
8205	76	76000.000
8206	102	102000.000
8207	77	77000.000
8208	70	70000.000
8209	89	89000.000
8210	100	100000.000
8211	84	84000.000
8212	90	90000.000
8213	99	99000.000
8214	78	78000.000
8215	104	104000.000
8216	88	88000.000
8217	93	93000.000
8218	92	92000.000
8219	86	86000.000
8220	103	103000.000
8221	81	81000.000
8222	69	69000.000
8223	89	89000.000
8224	85	85000.000
8225	80	80000.000
8226	84	84000.000
8227	90	90000.000
8228	83	83000.000
8229	79	79000.000
8230	76	76000.000
8231	91	91000.000
8232	82	82000.000
8233	92	92000.000
8234	94	94000.000
8235	88	88000.000
8236	91	91000.000
8237	84	84000.000
8238	96	96000.000
8239	86	86000.000
8240	88	88000.000
8241	96	96000.000
8242	88	88000.000
8243	98	98000.000
8244	101	101000.000
8245	115	115000.000
8246	71	71000.000
8247	83	83000.000
8248	89	89000.000
8249	79	79000.000
8250	97	97000.000
8251	82	82000.000
8252	93	93000.000
8253	87	87000.000
8254	88	88000.000
8255	84	84000.000
8256	69	69000.000
8257	84	84000.000
8258	88	88000.000
8259	78	78000.000
8260	110	110000.000
8261	85	85000.000
8262	75	75000.000
8263	82	82000.000
8264	90	90000.000
8265	96	96000.000
8266	95	95000.000
8267	107	107000.000
8268	90	90000.000
8269	88	88000.000
8270	85	85000.000
8271	97	97000.000
8272	90	90000.000
8273	102	102000.000
8274	91	91000.000
8275	92	92000.000
8276	88	88000.000
8277	114	114000.000
8278	93	93000.000
8279	82	82000.000
8280	82	82000.000
8281	79	79000.000
8282	79	79000.000
8283	69	69000.000
8284	88	88000.000
8285	86	86000.000
8286	79	79000.000
8287	96	96000.000
8288	94	94000.000
8289	84	84000.000
8290	85	85000.000
8291	88	88000.000
8292	90	90000.000
8293	94	94000.000
8294	109	109000.000
8295	87	87000.000
8296	96	96000.000
8297	93	93000.000
8298	94	94000.000
8299	98	98000.000
8300	88	88000.000
8301	94	94000.000
8302	109	109000.000
8303	78	78000.000
8304	89	89000.000
8305	99	99000.000
8306	92	92000.000
8307	77	77000.000
8308	97	97000.000
8309	86	86000.000
8310	93	93000.000
8311	86	86000.000
8312	85	85000.000
8313	93	93000.000
8314	84	84000.000
8315	83	83000.000
8316	83	83000.000
8317	88	88000.000
8318	88	88000.000
8319	90	90000.000
8320	91	91000.000
8321	77	77000.000
8322	104	104000.000
8323	102	102000.000
8324	96	96000.000
8325	73	73000.000
8326	104	104000.000
8327	105	105000.000
8328	100	100000.000
8329	87	87000.000
8330	86	86000.000
8331	110	110000.000
8332	80	80000.000
8333	97	97000.000
8334	94	94000.000
8335	75	75000.000
8336	81	81000.000
8337	84	84000.000
8338	82	82000.000
8339	90	90000.000
8340	95	95000.000
8341	89	89000.000
8342	92	92000.000
8343	84	84000.000
8344	67	67000.000
8345	80	80000.000
8346	102	102000.000
8347	90	90000.000
8348	76	76000.000
8349	83	83000.000
8350	90	90000.000
8351	79	79000.000
8352	91	91000.000
8353	81	81000.000
8354	90	90000.000
8355	101	101000.000
8356	97	97000.000
8357	80	80000.000
8358	87	87000.000
8359	87	87000.000
8360	101	101000.000
8361	76	76000.000
8362	102	102000.000
8363	93	93000.000
8364	92	92000.000
8365	83	83000.000
8366	76	76000.000
8367	93	93000.000
8368	79	79000.000
8369	87	87000.000
8370	79	79000.000
8371	106	106000.000
8372	90	90000.000
8373	76	76000.000
8374	87	87000.000
8375	81	81000.000
8376	102	102000.000
8377	82	82000.000
8378	90	90000.000
8379	102	102000.000
8380	78	78000.000
8381	91	91000.000
8382	81	81000.000
8383	96	96000.000
8384	89	89000.000
8385	90	90000.000
8386	83	83000.000
8387	94	94000.000
8388	78	78000.000
8389	88	88000.000
8390	78	78000.000
8391	91	91000.000
8392	87	87000.000
8393	80	80000.000
8394	80	80000.000
8395	104	104000.000
8396	89	89000.000
8397	91	91000.000
8398	75	75000.000
8399	92	92000.000
8400	80	80000.000
8401	85	85000.000
8402	99	99000.000
8403	101	101000.000
8404	114	114000.000
8405	79	79000.000
8406	93	93000.000
8407	81	81000.000
8408	94	94000.000
8409	87	87000.000
8410	82	82000.000
8411	82	82000.000
8412	77	77000.000
8413	83	83000.000
8414	84	84000.000
8415	91	91000.000
8416	79	79000.000
8417	95	95000.000
8418	90	90000.000
8419	89	89000.000
8420	79	79000.000
8421	99	99000.000
8422	87	87000.000
8423	87	87000.000
8424	73	73000.000
8425	95	95000.000
8426	77	77000.000
8427	96	96000.000
8428	93	93000.000
8429	97	97000.000
8430	82	82000.000
8431	80	80000.000
8432	98	98000.000
8433	91	91000.000
8434	104	104000.000
8435	82	82000.000
8436	103	103000.000
8437	85	85000.000
8438	91	91000.000
8439	88	88000.000
8440	86	86000.000
8441	78	78000.000
8442	94	94000.000
8443	87	87000.000
8444	82	82000.000
8445	85	85000.000
8446	88	88000.000
8447	79	79000.000
8448	75	75000.000
8449	75	75000.000
8450	71	71000.000
8451	76	76000.000
8452	100	100000.000
8453	92	92000.000
8454	107	107000.000
8455	83	83000.000
8456	94	94000.000
8457	80	80000.000
8458	64	64000.000
8459	87	87000.000
8460	90	90000.000
8461	100	100000.000
8462	89	89000.000
8463	90	90000.000
8464	83	83000.000
8465	89	89000.000
8466	100	100000.000
8467	90	90000.000
8468	102	102000.000
8469	83	83000.000
8470	81	81000.000
8471	79	79000.000
8472	88	88000.000
8473	82	82000.000
8474	101	101000.000
8475	74	74000.000
8476	88	88000.000
8477	100	100000.000
8478	94	94000.000
8479	78	78000.000
8480	84	84000.000
8481	109	109000.000
8482	97	97000.000
8483	74	74000.000
8484	86	86000.000
8485	77	77000.000
8486	86	86000.000
8487	76	76000.000
8488	96	96000.000
8489	105	105000.000
8490	92	92000.000
8491	89	89000.000
8492	94	94000.000
8493	89	89000.000
8494	91	91000.000
8495	89	89000.000
8496	68	68000.000
8497	106	106000.000
8498	94	94000.000
8499	95	95000.000
8500	81	81000.000
8501	76	76000.000
8502	89	89000.000
8503	96	96000.000
8504	106	106000.000
8505	89	89000.000
8506	77	77000.000
8507	67	67000.000
8508	83	83000.000
8509	78	78000.000
8510	95	95000.000
8511	87	87000.000
8512	94	94000.000
8513	110	110000.000
8514	86	86000.000
8515	95	95000.000
8516	86	86000.000
8517	87	87000.000
8518	80	80000.000
8519	93	93000.000
8520	83	83000.000
8521	84	84000.000
8522	74	74000.000
8523	102	102000.000
8524	94	94000.000
8525	82	82000.000
8526	83	83000.000
8527	98	98000.000
8528	99	99000.000
8529	82	82000.000
8530	76	76000.000
8531	76	76000.000
8532	83	83000.000
8533	96	96000.000
8534	65	65000.000
8535	79	79000.000
8536	78	78000.000
8537	71	71000.000
8538	103	103000.000
8539	90	90000.000
8540	98	98000.000
8541	81	81000.000
8542	105	105000.000
8543	84	84000.000
8544	76	76000.000
8545	83	83000.000
8546	84	84000.000
8547	88	88000.000
8548	91	91000.000
8549	83	83000.000
8550	89	89000.000
8551	83	83000.000
8552	87	87000.000
8553	91	91000.000
8554	97	97000.000
8555	87	87000.000
8556	82	82000.000
8557	93	93000.000
8558	97	97000.000
8559	79	79000.000
8560	75	75000.000
8561	77	77000.000
8562	97	97000.000
8563	96	96000.000
8564	102	102000.000
8565	87	87000.000
8566	99	99000.000
8567	94	94000.000
8568	78	78000.000
8569	96	96000.000
8570	101	101000.000
8571	87	87000.000
8572	78	78000.000
8573	85	85000.000
8574	87	87000.000
8575	83	83000.000
8576	94	94000.000
8577	78	78000.000
8578	88	88000.000
8579	90	90000.000
8580	87	87000.000
8581	89	89000.000
8582	100	100000.000
8583	102	102000.000
8584	79	79000.000
8585	81	81000.000
8586	78	78000.000
8587	87	87000.000
8588	85	85000.000
8589	100	100000.000
8590	76	76000.000
8591	80	80000.000
8592	88	88000.000
8593	96	96000.000
8594	84	84000.000
8595	74	74000.000
8596	90	90000.000
8597	93	93000.000
8598	89	89000.000
8599	76	76000.000
8600	110	110000.000
8601	91	91000.000
8602	80	80000.000
8603	91	91000.000
8604	70	70000.000
8605	88	88000.000
8606	73	73000.000
8607	86	86000.000
8608	86	86000.000
8609	96	96000.000
8610	87	87000.000
8611	81	81000.000
8612	86	86000.000
8613	76	76000.000
8614	97	97000.000
8615	84	84000.000
8616	77	77000.000
8617	115	115000.000
8618	90	90000.000
8619	100	100000.000
8620	93	93000.000
8621	92	92000.000
8622	89	89000.000
8623	86	86000.000
8624	111	111000.000
8625	99	99000.000
8626	88	88000.000
8627	71	71000.000
8628	92	92000.000
8629	84	84000.000
8630	103	103000.000
8631	77	77000.000
8632	105	105000.000
8633	76	76000.000
8634	88	88000.000
8635	81	81000.000
8636	87	87000.000
8637	96	96000.000
8638	103	103000.000
8639	87	87000.000
8640	78	78000.000
8641	90	90000.000
8642	90	90000.000
8643	77	77000.000
8644	79	79000.000
8645	98	98000.000
8646	94	94000.000
8647	80	80000.000
8648	88	88000.000
8649	96	96000.000
8650	76	76000.000
8651	90	90000.000
8652	87	87000.000
8653	95	95000.000
8654	94	94000.000
8655	101	101000.000
8656	93	93000.000
8657	107	107000.000
8658	83	83000.000
8659	70	70000.000
8660	90	90000.000
8661	81	81000.000
8662	92	92000.000
8663	94	94000.000
8664	92	92000.000
8665	82	82000.000
8666	82	82000.000
8667	93	93000.000
8668	84	84000.000
8669	77	77000.000
8670	86	86000.000
8671	75	75000.000
8672	85	85000.000
8673	108	108000.000
8674	97	97000.000
8675	96	96000.000
8676	82	82000.000
8677	71	71000.000
8678	92	92000.000
8679	69	69000.000
8680	66	66000.000
8681	73	73000.000
8682	65	65000.000
8683	82	82000.000
8684	81	81000.000
8685	77	77000.000
8686	89	89000.000
8687	85	85000.000
8688	80	80000.000
8689	87	87000.000
8690	86	86000.000
8691	83	83000.000
8692	103	103000.000
8693	97	97000.000
8694	78	78000.000
8695	85	85000.000
8696	85	85000.000
8697	95	95000.000
8698	93	93000.000
8699	87	87000.000
8700	97	97000.000
8701	76	76000.000
8702	77	77000.000
8703	100	100000.000
8704	104	104000.000
8705	79	79000.000
8706	76	76000.000
8707	89	89000.000
8708	87	87000.000
8709	89	89000.000
8710	99	99000.000
8711	99	99000.000
8712	93	93000.000
8713	84	84000.000
8714	66	66000.000
8715	84	84000.000
8716	88	88000.000
8717	82	82000.000
8718	80	80000.000
8719	87	87000.000
8720	75	75000.000
8721	97	97000.000
8722	99	99000.000
8723	89	89000.000
8724	94	94000.000
8725	85	85000.000
8726	89	89000.000
8727	76	76000.000
8728	105	105000.000
8729	74	74000.000
8730	93	93000.000
8731	69	69000.000
8732	95	95000.000
8733	76	76000.000
8734	90	90000.000
8735	83	83000.000
8736	77	77000.000
8737	87	87000.000
8738	93	93000.000
8739	93	93000.000
8740	98	98000.000
8741	66	66000.000
8742	101	101000.000
8743	78	78000.000
8744	105	105000.000
8745	87	87000.000
8746	88	88000.000
8747	94	94000.000
8748	110	110000.000
8749	92	92000.000
8750	95	95000.000
8751	80	80000.000
8752	93	93000.000
8753	59	59000.000
8754	100	100000.000
8755	78	78000.000
8756	89	89000.000
8757	81	81000.000
8758	82	82000.000
8759	96	96000.000
8760	87	87000.000
8761	98	98000.000
8762	80	80000.000
8763	92	92000.000
8764	80	80000.000
8765	99	99000.000
8766	83	83000.000
8767	78	78000.000
8768	94	94000.000
8769	86	86000.000
8770	66	66000.000
8771	84	84000.000
8772	82	82000.000
8773	82	82000.000
8774	92	92000.000
8775	83	83000.000
8776	90	90000.000
8777	90	90000.000
8778	79	79000.000
8779	75	75000.000
8780	96	96000.000
8781	63	63000.000
8782	87	87000.000
8783	89	89000.000
8784	72	72000.000
8785	79	79000.000
8786	74	74000.000
8787	90	90000.000
8788	92	92000.000
8789	86	86000.000
8790	93	93000.000
8791	76	76000.000
8792	76	76000.000
8793	98	98000.000
8794	93	93000.000
8795	83	83000.000
8796	90	90000.000
8797	100	100000.000
8798	87	87000.000
8799	82	82000.000
8800	105	105000.000
8801	81	81000.000
8802	78	78000.000
8803	91	91000.000
8804	72	72000.000
8805	84	84000.000
8806	89	89000.000
8807	94	94000.000
8808	88	88000.000
8809	83	83000.000
8810	88	88000.000
8811	97	97000.000
8812	88	88000.000
8813	93	93000.000
8814	87	87000.000
8815	85	85000.000
8816	80	80000.000
8817	90	90000.000
8818	70	70000.000
8819	93	93000.000
8820	87	87000.000
8821	94	94000.000
8822	89	89000.000
8823	74	74000.000
8824	94	94000.000
8825	95	95000.000
8826	95	95000.000
8827	74	74000.000
8828	88	88000.000
8829	96	96000.000
8830	90	90000.000
8831	97	97000.000
8832	92	92000.000
8833	91	91000.000
8834	93	93000.000
8835	111	111000.000
8836	95	95000.000
8837	72	72000.000
8838	94	94000.000
8839	76	76000.000
8840	98	98000.000
8841	77	77000.000
8842	73	73000.000
8843	84	84000.000
8844	88	88000.000
8845	98	98000.000
8846	88	88000.000
8847	106	106000.000
8848	95	95000.000
8849	117	117000.000
8850	94	94000.000
8851	81	81000.000
8852	70	70000.000
8853	82	82000.000
8854	106	106000.000
8855	86	86000.000
8856	84	84000.000
8857	92	92000.000
8858	87	87000.000
8859	98	98000.000
8860	94	94000.000
8861	80	80000.000
8862	95	95000.000
8863	78	78000.000
8864	75	75000.000
8865	75	75000.000
8866	87	87000.000
8867	87	87000.000
8868	83	83000.000
8869	84	84000.000
8870	91	91000.000
8871	85	85000.000
8872	88	88000.000
8873	80	80000.000
8874	100	100000.000
8875	87	87000.000
8876	103	103000.000
8877	84	84000.000
8878	92	92000.000
8879	106	106000.000
8880	95	95000.000
8881	78	78000.000
8882	117	117000.000
8883	89	89000.000
8884	93	93000.000
8885	84	84000.000
8886	55	55000.000
8887	73	73000.000
8888	80	80000.000
8889	99	99000.000
8890	103	103000.000
8891	83	83000.000
8892	72	72000.000
8893	89	89000.000
8894	95	95000.000
8895	72	72000.000
8896	90	90000.000
8897	77	77000.000
8898	93	93000.000
8899	84	84000.000
8900	90	90000.000
8901	83	83000.000
8902	94	94000.000
8903	75	75000.000
8904	88	88000.000
8905	88	88000.000
8906	108	108000.000
8907	95	95000.000
8908	86	86000.000
8909	95	95000.000
8910	82	82000.000
8911	85	85000.000
8912	94	94000.000
8913	91	91000.000
8914	71	71000.000
8915	79	79000.000
8916	91	91000.000
8917	84	84000.000
8918	63	63000.000
8919	78	78000.000
8920	81	81000.000
8921	89	89000.000
8922	66	66000.000
8923	74	74000.000
8924	93	93000.000
8925	92	92000.000
8926	96	96000.000
8927	79	79000.000
8928	105	105000.000
8929	87	87000.000
8930	89	89000.000
8931	102	102000.000
8932	86	86000.000
8933	84	84000.000
8934	87	87000.000
8935	77	77000.000
8936	94	94000.000
8937	102	102000.000
8938	91	91000.000
8939	94	94000.000
8940	91	91000.000
8941	87	87000.000
8942	91	91000.000
8943	81	81000.000
8944	76	76000.000
8945	96	96000.000
8946	101	101000.000
8947	89	89000.000
8948	68	68000.000
8949	80	80000.000
8950	77	77000.000
8951	91	91000.000
8952	81	81000.000
8953	77	77000.000
8954	90	90000.000
8955	98	98000.000
8956	95	95000.000
8957	98	98000.000
8958	89	89000.000
8959	80	80000.000
8960	85	85000.000
8961	97	97000.000
8962	85	85000.000
8963	77	77000.000
8964	87	87000.000
8965	114	114000.000
8966	94	94000.000
8967	104	104000.000
8968	83	83000.000
8969	91	91000.000
8970	79	79000.000
8971	90	90000.000
8972	63	63000.000
8973	86	86000.000
8974	90	90000.000
8975	84	84000.000
8976	93	93000.000
8977	106	106000.000
8978	109	109000.000
8979	76	76000.000
8980	86	86000.000
8981	85	85000.000
8982	101	101000.000
8983	78	78000.000
8984	100	100000.000
8985	115	115000.000
8986	101	101000.000
8987	84	84000.000
8988	85	85000.000
8989	100	100000.000
8990	78	78000.000
8991	103	103000.000
8992	80	80000.000
8993	95	95000.000
8994	86	86000.000
8995	73	73000.000
8996	97	97000.000
8997	76	76000.000
8998	81	81000.000
8999	87	87000.000
9000	89	89000.000
9001	89	89000.000
9002	98	98000.000
9003	79	79000.000
9004	76	76000.000
9005	87	87000.000
9006	97	97000.000
9007	104	104000.000
9008	85	85000.000
9009	96	96000.000
9010	89	89000.000
9011	88	88000.000
9012	92	92000.000
9013	90	90000.000
9014	85	85000.000
9015	91	91000.000
9016	95	95000.000
9017	87	87000.000
9018	87	87000.000
9019	86	86000.000
9020	99	99000.000
9021	99	99000.000
9022	97	97000.000
9023	85	85000.000
9024	82	82000.000
9025	84	84000.000
9026	89	89000.000
9027	88	88000.000
9028	71	71000.000
9029	107	107000.000
9030	97	97000.000
9031	87	87000.000
9032	97	97000.000
9033	71	71000.000
9034	92	92000.000
9035	93	93000.000
9036	71	71000.000
9037	74	74000.000
9038	84	84000.000
9039	83	83000.000
9040	88	88000.000
9041	77	77000.000
9042	106	106000.000
9043	70	70000.000
9044	76	76000.000
9045	86	86000.000
9046	89	89000.000
9047	84	84000.000
9048	90	90000.000
9049	89	89000.000
9050	91	91000.000
9051	92	92000.000
9052	82	82000.000
9053	84	84000.000
9054	88	88000.000
9055	93	93000.000
9056	89	89000.000
9057	76	76000.000
9058	95	95000.000
9059	56	56000.000
9060	79	79000.000
9061	111	111000.000
9062	100	100000.000
9063	82	82000.000
9064	83	83000.000
9065	83	83000.000
9066	90	90000.000
9067	89	89000.000
9068	93	93000.000
9069	90	90000.000
9070	73	73000.000
9071	97	97000.000
9072	66	66000.000
9073	97	97000.000
9074	86	86000.000
9075	99	99000.000
9076	94	94000.000
9077	82	82000.000
9078	94	94000.000
9079	103	103000.000
9080	102	102000.000
9081	77	77000.000
9082	68	68000.000
9083	80	80000.000
9084	95	95000.000
9085	96	96000.000
9086	107	107000.000
9087	78	78000.000
9088	89	89000.000
9089	88	88000.000
9090	86	86000.000
9091	88	88000.000
9092	73	73000.000
9093	92	92000.000
9094	65	65000.000
9095	84	84000.000
9096	86	86000.000
9097	103	103000.000
9098	98	98000.000
9099	83	83000.000
9100	91	91000.000
9101	97	97000.000
9102	76	76000.000
9103	81	81000.000
9104	82	82000.000
9105	79	79000.000
9106	82	82000.000
9107	91	91000.000
9108	106	106000.000
9109	80	80000.000
9110	88	88000.000
9111	101	101000.000
9112	88	88000.000
9113	87	87000.000
9114	84	84000.000
9115	89	89000.000
9116	100	100000.000
9117	98	98000.000
9118	100	100000.000
9119	95	95000.000
9120	91	91000.000
9121	92	92000.000
9122	103	103000.000
9123	82	82000.000
9124	93	93000.000
9125	94	94000.000
9126	82	82000.000
9127	83	83000.000
9128	94	94000.000
9129	89	89000.000
9130	88	88000.000
9131	78	78000.000
9132	103	103000.000
9133	78	78000.000
9134	84	84000.000
9135	109	109000.000
9136	94	94000.000
9137	73	73000.000
9138	80	80000.000
9139	90	90000.000
9140	72	72000.000
9141	77	77000.000
9142	84	84000.000
9143	92	92000.000
9144	81	81000.000
9145	101	101000.000
9146	96	96000.000
9147	90	90000.000
9148	93	93000.000
9149	84	84000.000
9150	98	98000.000
9151	99	99000.000
9152	89	89000.000
9153	84	84000.000
9154	90	90000.000
9155	80	80000.000
9156	89	89000.000
9157	87	87000.000
9158	88	88000.000
9159	91	91000.000
9160	90	90000.000
9161	81	81000.000
9162	87	87000.000
9163	84	84000.000
9164	73	73000.000
9165	90	90000.000
9166	94	94000.000
9167	83	83000.000
9168	82	82000.000
9169	85	85000.000
9170	95	95000.000
9171	76	76000.000
9172	79	79000.000
9173	69	69000.000
9174	89	89000.000
9175	67	67000.000
9176	87	87000.000
9177	93	93000.000
9178	87	87000.000
9179	85	85000.000
9180	74	74000.000
9181	84	84000.000
9182	86	86000.000
9183	81	81000.000
9184	97	97000.000
9185	91	91000.000
9186	99	99000.000
9187	115	115000.000
9188	67	67000.000
9189	90	90000.000
9190	100	100000.000
9191	86	86000.000
9192	88	88000.000
9193	103	103000.000
9194	90	90000.000
9195	87	87000.000
9196	93	93000.000
9197	81	81000.000
9198	91	91000.000
9199	100	100000.000
9200	88	88000.000
9201	91	91000.000
9202	95	95000.000
9203	83	83000.000
9204	85	85000.000
9205	73	73000.000
9206	86	86000.000
9207	89	89000.000
9208	81	81000.000
9209	84	84000.000
9210	92	92000.000
9211	92	92000.000
9212	84	84000.000
9213	89	89000.000
9214	65	65000.000
9215	88	88000.000
9216	86	86000.000
9217	90	90000.000
9218	83	83000.000
9219	104	104000.000
9220	94	94000.000
9221	91	91000.000
9222	82	82000.000
9223	82	82000.000
9224	96	96000.000
9225	86	86000.000
9226	81	81000.000
9227	107	107000.000
9228	83	83000.000
9229	84	84000.000
9230	68	68000.000
9231	100	100000.000
9232	86	86000.000
9233	78	78000.000
9234	79	79000.000
9235	103	103000.000
9236	82	82000.000
9237	117	117000.000
9238	79	79000.000
9239	107	107000.000
9240	87	87000.000
9241	81	81000.000
9242	99	99000.000
9243	86	86000.000
9244	90	90000.000
9245	83	83000.000
9246	73	73000.000
9247	81	81000.000
9248	70	70000.000
9249	87	87000.000
9250	97	97000.000
9251	100	100000.000
9252	97	97000.000
9253	90	90000.000
9254	79	79000.000
9255	91	91000.000
9256	98	98000.000
9257	97	97000.000
9258	88	88000.000
9259	85	85000.000
9260	93	93000.000
9261	108	108000.000
9262	75	75000.000
9263	103	103000.000
9264	100	100000.000
9265	96	96000.000
9266	103	103000.000
9267	78	78000.000
9268	103	103000.000
9269	87	87000.000
9270	96	96000.000
9271	83	83000.000
9272	82	82000.000
9273	94	94000.000
9274	87	87000.000
9275	98	98000.000
9276	99	99000.000
9277	85	85000.000
9278	90	90000.000
9279	71	71000.000
9280	74	74000.000
9281	81	81000.000
9282	92	92000.000
9283	88	88000.000
9284	75	75000.000
9285	89	89000.000
9286	86	86000.000
9287	77	77000.000
9288	84	84000.000
9289	81	81000.000
9290	86	86000.000
9291	85	85000.000
9292	91	91000.000
9293	77	77000.000
9294	95	95000.000
9295	88	88000.000
9296	97	97000.000
9297	102	102000.000
9298	106	106000.000
9299	82	82000.000
9300	96	96000.000
9301	91	91000.000
9302	92	92000.000
9303	78	78000.000
9304	85	85000.000
9305	100	100000.000
9306	80	80000.000
9307	113	113000.000
9308	83	83000.000
9309	91	91000.000
9310	93	93000.000
9311	84	84000.000
9312	85	85000.000
9313	77	77000.000
9314	81	81000.000
9315	87	87000.000
9316	103	103000.000
9317	80	80000.000
9318	79	79000.000
9319	97	97000.000
9320	83	83000.000
9321	115	115000.000
9322	87	87000.000
9323	100	100000.000
9324	77	77000.000
9325	88	88000.000
9326	84	84000.000
9327	88	88000.000
9328	91	91000.000
9329	94	94000.000
9330	76	76000.000
9331	91	91000.000
9332	82	82000.000
9333	68	68000.000
9334	90	90000.000
9335	93	93000.000
9336	104	104000.000
9337	86	86000.000
9338	93	93000.000
9339	101	101000.000
9340	108	108000.000
9341	91	91000.000
9342	93	93000.000
9343	95	95000.000
9344	73	73000.000
9345	97	97000.000
9346	77	77000.000
9347	86	86000.000
9348	103	103000.000
9349	75	75000.000
9350	70	70000.000
9351	78	78000.000
9352	101	101000.000
9353	112	112000.000
9354	84	84000.000
9355	67	67000.000
9356	76	76000.000
9357	88	88000.000
9358	80	80000.000
9359	98	98000.000
9360	98	98000.000
9361	94	94000.000
9362	98	98000.000
9363	106	106000.000
9364	91	91000.000
9365	76	76000.000
9366	98	98000.000
9367	87	87000.000
9368	80	80000.000
9369	80	80000.000
9370	94	94000.000
9371	81	81000.000
9372	93	93000.000
9373	84	84000.000
9374	89	89000.000
9375	72	72000.000
9376	84	84000.000
9377	74	74000.000
9378	96	96000.000
9379	98	98000.000
9380	80	80000.000
9381	64	64000.000
9382	96	96000.000
9383	93	93000.000
9384	80	80000.000
9385	96	96000.000
9386	101	101000.000
9387	96	96000.000
9388	106	106000.000
9389	68	68000.000
9390	88	88000.000
9391	83	83000.000
9392	93	93000.000
9393	87	87000.000
9394	99	99000.000
9395	81	81000.000
9396	79	79000.000
9397	96	96000.000
9398	77	77000.000
9399	83	83000.000
9400	96	96000.000
9401	89	89000.000
9402	91	91000.000
9403	84	84000.000
9404	98	98000.000
9405	76	76000.000
9406	71	71000.000
9407	93	93000.000
9408	76	76000.000
9409	90	90000.000
9410	77	77000.000
9411	91	91000.000
9412	87	87000.000
9413	92	92000.000
9414	91	91000.000
9415	97	97000.000
9416	64	64000.000
9417	82	82000.000
9418	68	68000.000
9419	88	88000.000
9420	93	93000.000
9421	93	93000.000
9422	87	87000.000
9423	82	82000.000
9424	92	92000.000
9425	82	82000.000
9426	58	58000.000
9427	102	102000.000
9428	87	87000.000
9429	91	91000.000
9430	94	94000.000
9431	89	89000.000
9432	82	82000.000
9433	104	104000.000
9434	86	86000.000
9435	91	91000.000
9436	77	77000.000
9437	79	79000.000
9438	91	91000.000
9439	77	77000.000
9440	83	83000.000
9441	88	88000.000
9442	96	96000.000
9443	71	71000.000
9444	107	107000.000
9445	104	104000.000
9446	93	93000.000
9447	84	84000.000
9448	81	81000.000
9449	84	84000.000
9450	93	93000.000
9451	81	81000.000
9452	76	76000.000
9453	79	79000.000
9454	95	95000.000
9455	87	87000.000
9456	100	100000.000
9457	88	88000.000
9458	94	94000.000
9459	83	83000.000
9460	68	68000.000
9461	90	90000.000
9462	94	94000.000
9463	83	83000.000
9464	84	84000.000
9465	86	86000.000
9466	91	91000.000
9467	104	104000.000
9468	110	110000.000
9469	73	73000.000
9470	94	94000.000
9471	77	77000.000
9472	109	109000.000
9473	92	92000.000
9474	91	91000.000
9475	93	93000.000
9476	99	99000.000
9477	81	81000.000
9478	87	87000.000
9479	104	104000.000
9480	86	86000.000
9481	100	100000.000
9482	88	88000.000
9483	83	83000.000
9484	96	96000.000
9485	89	89000.000
9486	76	76000.000
9487	100	100000.000
9488	87	87000.000
9489	101	101000.000
9490	69	69000.000
9491	93	93000.000
9492	84	84000.000
9493	87	87000.000
9494	78	78000.000
9495	88	88000.000
9496	77	77000.000
9497	97	97000.000
9498	91	91000.000
9499	93	93000.000
9500	103	103000.000
9501	98	98000.000
9502	98	98000.000
9503	84	84000.000
9504	75	75000.000
9505	76	76000.000
9506	83	83000.000
9507	85	85000.000
9508	95	95000.000
9509	77	77000.000
9510	94	94000.000
9511	104	104000.000
9512	84	84000.000
9513	78	78000.000
9514	88	88000.000
9515	83	83000.000
9516	94	94000.000
9517	61	61000.000
9518	97	97000.000
9519	90	90000.000
9520	99	99000.000
9521	101	101000.000
9522	93	93000.000
9523	91	91000.000
9524	93	93000.000
9525	84	84000.000
9526	100	100000.000
9527	92	92000.000
9528	90	90000.000
9529	82	82000.000
9530	94	94000.000
9531	84	84000.000
9532	105	105000.000
9533	95	95000.000
9534	94	94000.000
9535	84	84000.000
9536	77	77000.000
9537	81	81000.000
9538	73	73000.000
9539	72	72000.000
9540	82	82000.000
9541	92	92000.000
9542	84	84000.000
9543	88	88000.000
9544	81	81000.000
9545	101	101000.000
9546	82	82000.000
9547	77	77000.000
9548	87	87000.000
9549	81	81000.000
9550	94	94000.000
9551	89	89000.000
9552	82	82000.000
9553	103	103000.000
9554	82	82000.000
9555	109	109000.000
9556	85	85000.000
9557	76	76000.000
9558	74	74000.000
9559	88	88000.000
9560	92	92000.000
9561	86	86000.000
9562	100	100000.000
9563	87	87000.000
9564	86	86000.000
9565	92	92000.000
9566	85	85000.000
9567	68	68000.000
9568	93	93000.000
9569	87	87000.000
9570	106	106000.000
9571	97	97000.000
9572	104	104000.000
9573	89	89000.000
9574	87	87000.000
9575	104	104000.000
9576	93	93000.000
9577	75	75000.000
9578	93	93000.000
9579	84	84000.000
9580	89	89000.000
9581	95	95000.000
9582	85	85000.000
9583	100	100000.000
9584	79	79000.000
9585	97	97000.000
9586	71	71000.000
9587	94	94000.000
9588	91	91000.000
9589	92	92000.000
9590	82	82000.000
9591	100	100000.000
9592	94	94000.000
9593	97	97000.000
9594	91	91000.000
9595	79	79000.000
9596	92	92000.000
9597	108	108000.000
9598	95	95000.000
9599	93	93000.000
9600	109	109000.000
9601	106	106000.000
9602	90	90000.000
9603	97	97000.000
9604	92	92000.000
9605	98	98000.000
9606	76	76000.000
9607	95	95000.000
9608	77	77000.000
9609	86	86000.000
9610	80	80000.000
9611	94	94000.000
9612	107	107000.000
9613	88	88000.000
9614	85	85000.000
9615	92	92000.000
9616	98	98000.000
9617	79	79000.000
9618	89	89000.000
9619	92	92000.000
9620	80	80000.000
9621	83	83000.000
9622	102	102000.000
9623	78	78000.000
9624	94	94000.000
9625	92	92000.000
9626	88	88000.000
9627	89	89000.000
9628	80	80000.000
9629	85	85000.000
9630	78	78000.000
9631	87	87000.000
9632	80	80000.000
9633	64	64000.000
9634	86	86000.000
9635	84	84000.000
9636	108	108000.000
9637	86	86000.000
9638	99	99000.000
9639	92	92000.000
9640	104	104000.000
9641	87	87000.000
9642	105	105000.000
9643	91	91000.000
9644	80	80000.000
9645	86	86000.000
9646	98	98000.000
9647	89	89000.000
9648	92	92000.000
9649	87	87000.000
9650	84	84000.000
9651	85	85000.000
9652	99	99000.000
9653	79	79000.000
9654	80	80000.000
9655	83	83000.000
9656	84	84000.000
9657	81	81000.000
9658	81	81000.000
9659	96	96000.000
9660	77	77000.000
9661	103	103000.000
9662	94	94000.000
9663	94	94000.000
9664	83	83000.000
9665	82	82000.000
9666	99	99000.000
9667	98	98000.000
9668	91	91000.000
9669	96	96000.000
9670	100	100000.000
9671	76	76000.000
9672	89	89000.000
9673	91	91000.000
9674	93	93000.000
9675	81	81000.000
9676	94	94000.000
9677	87	87000.000
9678	99	99000.000
9679	84	84000.000
9680	79	79000.000
9681	92	92000.000
9682	94	94000.000
9683	90	90000.000
9684	87	87000.000
9685	94	94000.000
9686	75	75000.000
9687	89	89000.000
9688	75	75000.000
9689	95	95000.000
9690	89	89000.000
9691	89	89000.000
9692	67	67000.000
9693	101	101000.000
9694	93	93000.000
9695	101	101000.000
9696	84	84000.000
9697	95	95000.000
9698	92	92000.000
9699	83	83000.000
9700	84	84000.000
9701	100	100000.000
9702	89	89000.000
9703	90	90000.000
9704	80	80000.000
9705	81	81000.000
9706	77	77000.000
9707	101	101000.000
9708	93	93000.000
9709	97	97000.000
9710	103	103000.000
9711	76	76000.000
9712	105	105000.000
9713	88	88000.000
9714	82	82000.000
9715	78	78000.000
9716	87	87000.000
9717	79	79000.000
9718	89	89000.000
9719	89	89000.000
9720	93	93000.000
9721	80	80000.000
9722	81	81000.000
9723	65	65000.000
9724	81	81000.000
9725	89	89000.000
9726	82	82000.000
9727	82	82000.000
9728	102	102000.000
9729	84	84000.000
9730	100	100000.000
9731	92	92000.000
9732	92	92000.000
9733	82	82000.000
9734	75	75000.000
9735	87	87000.000
9736	96	96000.000
9737	90	90000.000
9738	90	90000.000
9739	107	107000.000
9740	104	104000.000
9741	83	83000.000
9742	73	73000.000
9743	84	84000.000
9744	87	87000.000
9745	85	85000.000
9746	85	85000.000
9747	96	96000.000
9748	93	93000.000
9749	86	86000.000
9750	106	106000.000
9751	104	104000.000
9752	88	88000.000
9753	95	95000.000
9754	81	81000.000
9755	89	89000.000
9756	93	93000.000
9757	98	98000.000
9758	82	82000.000
9759	86	86000.000
9760	85	85000.000
9761	90	90000.000
9762	66	66000.000
9763	105	105000.000
9764	85	85000.000
9765	91	91000.000
9766	91	91000.000
9767	93	93000.000
9768	73	73000.000
9769	80	80000.000
9770	92	92000.000
9771	84	84000.000
9772	76	76000.000
9773	87	87000.000
9774	74	74000.000
9775	99	99000.000
9776	83	83000.000
9777	77	77000.000
9778	95	95000.000
9779	98	98000.000
9780	79	79000.000
9781	90	90000.000
9782	76	76000.000
9783	83	83000.000
9784	76	76000.000
9785	83	83000.000
9786	93	93000.000
9787	80	80000.000
9788	81	81000.000
9789	91	91000.000
9790	88	88000.000
9791	86	86000.000
9792	79	79000.000
9793	90	90000.000
9794	95	95000.000
9795	99	99000.000
9796	66	66000.000
9797	75	75000.000
9798	102	102000.000
9799	99	99000.000
9800	76	76000.000
9801	96	96000.000
9802	75	75000.000
9803	91	91000.000
9804	89	89000.000
9805	90	90000.000
9806	100	100000.000
9807	101	101000.000
9808	97	97000.000
9809	75	75000.000
9810	83	83000.000
9811	83	83000.000
9812	82	82000.000
9813	84	84000.000
9814	79	79000.000
9815	85	85000.000
9816	86	86000.000
9817	70	70000.000
9818	86	86000.000
9819	74	74000.000
9820	78	78000.000
9821	80	80000.000
9822	114	114000.000
9823	94	94000.000
9824	93	93000.000
9825	69	69000.000
9826	78	78000.000
9827	85	85000.000
9828	92	92000.000
9829	107	107000.000
9830	85	85000.000
9831	71	71000.000
9832	82	82000.000
9833	90	90000.000
9834	85	85000.000
9835	84	84000.000
9836	85	85000.000
9837	76	76000.000
9838	83	83000.000
9839	96	96000.000
9840	87	87000.000
9841	96	96000.000
9842	68	68000.000
9843	81	81000.000
9844	99	99000.000
9845	84	84000.000
9846	94	94000.000
9847	91	91000.000
9848	88	88000.000
9849	98	98000.000
9850	93	93000.000
9851	76	76000.000
9852	72	72000.000
9853	89	89000.000
9854	80	80000.000
9855	93	93000.000
9856	91	91000.000
9857	88	88000.000
9858	82	82000.000
9859	108	108000.000
9860	88	88000.000
9861	85	85000.000
9862	99	99000.000
9863	83	83000.000
9864	98	98000.000
9865	85	85000.000
9866	99	99000.000
9867	87	87000.000
9868	90	90000.000
9869	90	90000.000
9870	93	93000.000
9871	81	81000.000
9872	73	73000.000
9873	102	102000.000
9874	88	88000.000
9875	93	93000.000
9876	78	78000.000
9877	105	105000.000
9878	82	82000.000
9879	93	93000.000
9880	102	102000.000
9881	79	79000.000
9882	84	84000.000
9883	83	83000.000
9884	97	97000.000
9885	72	72000.000
9886	89	89000.000
9887	84	84000.000
9888	91	91000.000
9889	95	95000.000
9890	83	83000.000
9891	95	95000.000
9892	107	107000.000
9893	102	102000.000
9894	83	83000.000
9895	93	93000.000
9896	111	111000.000
9897	98	98000.000
9898	86	86000.000
9899	80	80000.000
9900	79	79000.000
9901	96	96000.000
9902	84	84000.000
9903	97	97000.000
9904	104	104000.000
9905	88	88000.000
9906	77	77000.000
9907	80	80000.000
9908	87	87000.000
9909	82	82000.000
9910	109	109000.000
9911	82	82000.000
9912	86	86000.000
9913	92	92000.000
9914	93	93000.000
9915	84	84000.000
9916	89	89000.000
9917	82	82000.000
9918	76	76000.000
9919	106	106000.000
9920	91	91000.000
9921	72	72000.000
9922	93	93000.000
9923	97	97000.000
9924	97	97000.000
9925	105	105000.000
9926	81	81000.000
9927	85	85000.000
9928	84	84000.000
9929	89	89000.000
9930	98	98000.000
9931	103	103000.000
9932	77	77000.000
9933	72	72000.000
9934	95	95000.000
9935	66	66000.000
9936	99	99000.000
9937	101	101000.000
9938	101	101000.000
9939	73	73000.000
9940	82	82000.000
9941	87	87000.000
9942	93	93000.000
9943	84	84000.000
9944	73	73000.000
9945	77	77000.000
9946	103	103000.000
9947	89	89000.000
9948	102	102000.000
9949	97	97000.000
9950	86	86000.000
9951	85	85000.000
9952	83	83000.000
9953	84	84000.000
9954	76	76000.000
9955	92	92000.000
9956	84	84000.000
9957	77	77000.000
9958	75	75000.000
9959	107	107000.000
9960	81	81000.000
9961	69	69000.000
9962	95	95000.000
9963	81	81000.000
9964	75	75000.000
9965	70	70000.000
9966	79	79000.000
9967	107	107000.000
9968	81	81000.000
9969	98	98000.000
9970	65	65000.000
9971	79	79000.000
9972	78	78000.000
9973	83	83000.000
9974	91	91000.000
9975	88	88000.000
9976	89	89000.000
9977	100	100000.000
9978	87	87000.000
9979	104	104000.000
9980	82	82000.000
9981	91	91000.000
9982	85	85000.000
9983	84	84000.000
9984	88	88000.000
9985	93	93000.000
9986	88	88000.000
9987	100	100000.000
9988	100	100000.000
9989	86	86000.000
9990	84	84000.000
9991	79	79000.000
9992	84	84000.000
9993	87	87000.000
9994	86	86000.000
9995	95	95000.000
9996	103	103000.000
9997	93	93000.000
9998	86	86000.000
9999	75	75000.000
10000	82	82000.000
