# bins en theta = 280.00 deg
# bin_length_s = 0.001000
# bin	counts	CPS
1	49	49000.000
2	67	67000.000
3	59	59000.000
4	61	61000.000
5	64	64000.000
6	53	53000.000
7	80	80000.000
8	66	66000.000
9	51	51000.000
10	54	54000.000
11	46	46000.000
12	54	54000.000
13	58	58000.000
14	59	59000.000
15	60	60000.000
16	48	48000.000
17	65	65000.000
18	55	55000.000
19	40	40000.000
20	74	74000.000
21	53	53000.000
22	50	50000.000
23	48	48000.000
24	53	53000.000
25	59	59000.000
26	47	47000.000
27	64	64000.000
28	69	69000.000
29	57	57000.000
30	52	52000.000
31	59	59000.000
32	73	73000.000
33	65	65000.000
34	47	47000.000
35	57	57000.000
36	79	79000.000
37	56	56000.000
38	62	62000.000
39	67	67000.000
40	52	52000.000
41	57	57000.000
42	67	67000.000
43	53	53000.000
44	48	48000.000
45	61	61000.000
46	51	51000.000
47	56	56000.000
48	61	61000.000
49	60	60000.000
50	55	55000.000
51	50	50000.000
52	62	62000.000
53	60	60000.000
54	60	60000.000
55	67	67000.000
56	71	71000.000
57	67	67000.000
58	53	53000.000
59	54	54000.000
60	69	69000.000
61	57	57000.000
62	57	57000.000
63	74	74000.000
64	51	51000.000
65	58	58000.000
66	53	53000.000
67	51	51000.000
68	55	55000.000
69	67	67000.000
70	60	60000.000
71	61	61000.000
72	64	64000.000
73	58	58000.000
74	55	55000.000
75	52	52000.000
76	53	53000.000
77	63	63000.000
78	67	67000.000
79	67	67000.000
80	56	56000.000
81	50	50000.000
82	54	54000.000
83	47	47000.000
84	56	56000.000
85	51	51000.000
86	49	49000.000
87	58	58000.000
88	54	54000.000
89	63	63000.000
90	60	60000.000
91	54	54000.000
92	55	55000.000
93	67	67000.000
94	59	59000.000
95	55	55000.000
96	56	56000.000
97	54	54000.000
98	56	56000.000
99	57	57000.000
100	72	72000.000
101	49	49000.000
102	58	58000.000
103	53	53000.000
104	60	60000.000
105	47	47000.000
106	52	52000.000
107	61	61000.000
108	54	54000.000
109	51	51000.000
110	42	42000.000
111	59	59000.000
112	66	66000.000
113	56	56000.000
114	53	53000.000
115	50	50000.000
116	62	62000.000
117	54	54000.000
118	61	61000.000
119	50	50000.000
120	54	54000.000
121	46	46000.000
122	59	59000.000
123	49	49000.000
124	52	52000.000
125	60	60000.000
126	61	61000.000
127	46	46000.000
128	67	67000.000
129	67	67000.000
130	70	70000.000
131	63	63000.000
132	53	53000.000
133	50	50000.000
134	51	51000.000
135	66	66000.000
136	49	49000.000
137	44	44000.000
138	56	56000.000
139	59	59000.000
140	72	72000.000
141	57	57000.000
142	60	60000.000
143	57	57000.000
144	70	70000.000
145	54	54000.000
146	55	55000.000
147	61	61000.000
148	49	49000.000
149	55	55000.000
150	53	53000.000
151	60	60000.000
152	51	51000.000
153	67	67000.000
154	60	60000.000
155	58	58000.000
156	58	58000.000
157	56	56000.000
158	49	49000.000
159	58	58000.000
160	46	46000.000
161	61	61000.000
162	50	50000.000
163	54	54000.000
164	45	45000.000
165	61	61000.000
166	67	67000.000
167	58	58000.000
168	52	52000.000
169	57	57000.000
170	63	63000.000
171	54	54000.000
172	57	57000.000
173	59	59000.000
174	60	60000.000
175	61	61000.000
176	75	75000.000
177	58	58000.000
178	60	60000.000
179	55	55000.000
180	59	59000.000
181	49	49000.000
182	42	42000.000
183	50	50000.000
184	54	54000.000
185	43	43000.000
186	48	48000.000
187	57	57000.000
188	61	61000.000
189	60	60000.000
190	53	53000.000
191	57	57000.000
192	71	71000.000
193	45	45000.000
194	56	56000.000
195	66	66000.000
196	56	56000.000
197	64	64000.000
198	59	59000.000
199	50	50000.000
200	43	43000.000
201	65	65000.000
202	54	54000.000
203	47	47000.000
204	52	52000.000
205	62	62000.000
206	52	52000.000
207	55	55000.000
208	62	62000.000
209	58	58000.000
210	45	45000.000
211	68	68000.000
212	48	48000.000
213	64	64000.000
214	73	73000.000
215	66	66000.000
216	49	49000.000
217	68	68000.000
218	65	65000.000
219	54	54000.000
220	56	56000.000
221	58	58000.000
222	62	62000.000
223	55	55000.000
224	53	53000.000
225	53	53000.000
226	62	62000.000
227	44	44000.000
228	56	56000.000
229	58	58000.000
230	56	56000.000
231	53	53000.000
232	71	71000.000
233	53	53000.000
234	63	63000.000
235	56	56000.000
236	59	59000.000
237	57	57000.000
238	42	42000.000
239	53	53000.000
240	49	49000.000
241	65	65000.000
242	60	60000.000
243	57	57000.000
244	51	51000.000
245	72	72000.000
246	68	68000.000
247	57	57000.000
248	53	53000.000
249	57	57000.000
250	49	49000.000
251	63	63000.000
252	54	54000.000
253	48	48000.000
254	63	63000.000
255	53	53000.000
256	53	53000.000
257	64	64000.000
258	64	64000.000
259	68	68000.000
260	72	72000.000
261	65	65000.000
262	59	59000.000
263	61	61000.000
264	61	61000.000
265	45	45000.000
266	47	47000.000
267	58	58000.000
268	50	50000.000
269	50	50000.000
270	58	58000.000
271	50	50000.000
272	63	63000.000
273	62	62000.000
274	53	53000.000
275	48	48000.000
276	63	63000.000
277	66	66000.000
278	52	52000.000
279	58	58000.000
280	65	65000.000
281	51	51000.000
282	67	67000.000
283	67	67000.000
284	53	53000.000
285	62	62000.000
286	57	57000.000
287	46	46000.000
288	58	58000.000
289	61	61000.000
290	61	61000.000
291	52	52000.000
292	69	69000.000
293	48	48000.000
294	66	66000.000
295	59	59000.000
296	65	65000.000
297	53	53000.000
298	53	53000.000
299	71	71000.000
300	62	62000.000
301	57	57000.000
302	60	60000.000
303	66	66000.000
304	60	60000.000
305	52	52000.000
306	60	60000.000
307	63	63000.000
308	68	68000.000
309	55	55000.000
310	70	70000.000
311	59	59000.000
312	75	75000.000
313	55	55000.000
314	47	47000.000
315	54	54000.000
316	56	56000.000
317	69	69000.000
318	56	56000.000
319	55	55000.000
320	47	47000.000
321	54	54000.000
322	52	52000.000
323	50	50000.000
324	50	50000.000
325	51	51000.000
326	54	54000.000
327	50	50000.000
328	55	55000.000
329	66	66000.000
330	62	62000.000
331	59	59000.000
332	40	40000.000
333	45	45000.000
334	64	64000.000
335	61	61000.000
336	60	60000.000
337	59	59000.000
338	79	79000.000
339	53	53000.000
340	58	58000.000
341	59	59000.000
342	36	36000.000
343	66	66000.000
344	66	66000.000
345	73	73000.000
346	46	46000.000
347	55	55000.000
348	59	59000.000
349	59	59000.000
350	54	54000.000
351	60	60000.000
352	68	68000.000
353	65	65000.000
354	58	58000.000
355	46	46000.000
356	57	57000.000
357	59	59000.000
358	62	62000.000
359	56	56000.000
360	69	69000.000
361	59	59000.000
362	50	50000.000
363	61	61000.000
364	48	48000.000
365	71	71000.000
366	64	64000.000
367	68	68000.000
368	57	57000.000
369	46	46000.000
370	63	63000.000
371	63	63000.000
372	54	54000.000
373	52	52000.000
374	52	52000.000
375	57	57000.000
376	63	63000.000
377	60	60000.000
378	53	53000.000
379	61	61000.000
380	66	66000.000
381	71	71000.000
382	61	61000.000
383	55	55000.000
384	52	52000.000
385	49	49000.000
386	64	64000.000
387	54	54000.000
388	57	57000.000
389	61	61000.000
390	61	61000.000
391	66	66000.000
392	48	48000.000
393	61	61000.000
394	59	59000.000
395	62	62000.000
396	61	61000.000
397	54	54000.000
398	59	59000.000
399	60	60000.000
400	43	43000.000
401	64	64000.000
402	63	63000.000
403	66	66000.000
404	53	53000.000
405	68	68000.000
406	48	48000.000
407	52	52000.000
408	59	59000.000
409	45	45000.000
410	60	60000.000
411	51	51000.000
412	56	56000.000
413	61	61000.000
414	53	53000.000
415	59	59000.000
416	56	56000.000
417	45	45000.000
418	60	60000.000
419	50	50000.000
420	57	57000.000
421	48	48000.000
422	56	56000.000
423	48	48000.000
424	79	79000.000
425	68	68000.000
426	62	62000.000
427	52	52000.000
428	70	70000.000
429	50	50000.000
430	64	64000.000
431	56	56000.000
432	61	61000.000
433	57	57000.000
434	53	53000.000
435	52	52000.000
436	62	62000.000
437	61	61000.000
438	50	50000.000
439	61	61000.000
440	60	60000.000
441	72	72000.000
442	58	58000.000
443	57	57000.000
444	50	50000.000
445	65	65000.000
446	53	53000.000
447	55	55000.000
448	62	62000.000
449	48	48000.000
450	44	44000.000
451	55	55000.000
452	45	45000.000
453	62	62000.000
454	71	71000.000
455	62	62000.000
456	56	56000.000
457	58	58000.000
458	59	59000.000
459	55	55000.000
460	63	63000.000
461	52	52000.000
462	47	47000.000
463	55	55000.000
464	63	63000.000
465	58	58000.000
466	59	59000.000
467	52	52000.000
468	50	50000.000
469	70	70000.000
470	57	57000.000
471	63	63000.000
472	61	61000.000
473	68	68000.000
474	60	60000.000
475	57	57000.000
476	57	57000.000
477	44	44000.000
478	59	59000.000
479	57	57000.000
480	53	53000.000
481	48	48000.000
482	44	44000.000
483	56	56000.000
484	57	57000.000
485	50	50000.000
486	66	66000.000
487	68	68000.000
488	50	50000.000
489	54	54000.000
490	59	59000.000
491	57	57000.000
492	53	53000.000
493	52	52000.000
494	67	67000.000
495	56	56000.000
496	50	50000.000
497	46	46000.000
498	71	71000.000
499	55	55000.000
500	66	66000.000
501	62	62000.000
502	59	59000.000
503	46	46000.000
504	63	63000.000
505	49	49000.000
506	58	58000.000
507	71	71000.000
508	51	51000.000
509	68	68000.000
510	61	61000.000
511	59	59000.000
512	61	61000.000
513	68	68000.000
514	53	53000.000
515	73	73000.000
516	61	61000.000
517	53	53000.000
518	58	58000.000
519	67	67000.000
520	52	52000.000
521	58	58000.000
522	65	65000.000
523	67	67000.000
524	54	54000.000
525	47	47000.000
526	61	61000.000
527	62	62000.000
528	63	63000.000
529	58	58000.000
530	60	60000.000
531	50	50000.000
532	59	59000.000
533	67	67000.000
534	61	61000.000
535	56	56000.000
536	50	50000.000
537	62	62000.000
538	50	50000.000
539	50	50000.000
540	68	68000.000
541	62	62000.000
542	39	39000.000
543	62	62000.000
544	60	60000.000
545	54	54000.000
546	66	66000.000
547	54	54000.000
548	70	70000.000
549	52	52000.000
550	66	66000.000
551	51	51000.000
552	72	72000.000
553	60	60000.000
554	52	52000.000
555	69	69000.000
556	63	63000.000
557	50	50000.000
558	46	46000.000
559	58	58000.000
560	46	46000.000
561	67	67000.000
562	58	58000.000
563	64	64000.000
564	50	50000.000
565	55	55000.000
566	62	62000.000
567	75	75000.000
568	53	53000.000
569	47	47000.000
570	58	58000.000
571	76	76000.000
572	59	59000.000
573	60	60000.000
574	51	51000.000
575	71	71000.000
576	72	72000.000
577	68	68000.000
578	59	59000.000
579	54	54000.000
580	58	58000.000
581	70	70000.000
582	61	61000.000
583	69	69000.000
584	76	76000.000
585	63	63000.000
586	63	63000.000
587	51	51000.000
588	56	56000.000
589	53	53000.000
590	63	63000.000
591	41	41000.000
592	45	45000.000
593	61	61000.000
594	53	53000.000
595	76	76000.000
596	55	55000.000
597	44	44000.000
598	64	64000.000
599	60	60000.000
600	59	59000.000
601	56	56000.000
602	67	67000.000
603	61	61000.000
604	58	58000.000
605	49	49000.000
606	62	62000.000
607	62	62000.000
608	55	55000.000
609	63	63000.000
610	59	59000.000
611	61	61000.000
612	53	53000.000
613	60	60000.000
614	63	63000.000
615	49	49000.000
616	55	55000.000
617	54	54000.000
618	45	45000.000
619	52	52000.000
620	65	65000.000
621	49	49000.000
622	62	62000.000
623	55	55000.000
624	63	63000.000
625	62	62000.000
626	53	53000.000
627	61	61000.000
628	61	61000.000
629	67	67000.000
630	44	44000.000
631	61	61000.000
632	48	48000.000
633	57	57000.000
634	44	44000.000
635	50	50000.000
636	58	58000.000
637	50	50000.000
638	58	58000.000
639	63	63000.000
640	59	59000.000
641	63	63000.000
642	42	42000.000
643	60	60000.000
644	52	52000.000
645	57	57000.000
646	54	54000.000
647	51	51000.000
648	47	47000.000
649	51	51000.000
650	61	61000.000
651	62	62000.000
652	64	64000.000
653	53	53000.000
654	50	50000.000
655	51	51000.000
656	45	45000.000
657	51	51000.000
658	67	67000.000
659	73	73000.000
660	58	58000.000
661	52	52000.000
662	70	70000.000
663	58	58000.000
664	56	56000.000
665	51	51000.000
666	57	57000.000
667	69	69000.000
668	58	58000.000
669	69	69000.000
670	58	58000.000
671	66	66000.000
672	60	60000.000
673	61	61000.000
674	57	57000.000
675	49	49000.000
676	41	41000.000
677	68	68000.000
678	51	51000.000
679	61	61000.000
680	59	59000.000
681	40	40000.000
682	60	60000.000
683	48	48000.000
684	65	65000.000
685	64	64000.000
686	62	62000.000
687	54	54000.000
688	54	54000.000
689	71	71000.000
690	46	46000.000
691	64	64000.000
692	77	77000.000
693	37	37000.000
694	68	68000.000
695	62	62000.000
696	63	63000.000
697	69	69000.000
698	52	52000.000
699	66	66000.000
700	49	49000.000
701	57	57000.000
702	63	63000.000
703	55	55000.000
704	55	55000.000
705	59	59000.000
706	63	63000.000
707	63	63000.000
708	56	56000.000
709	59	59000.000
710	54	54000.000
711	50	50000.000
712	51	51000.000
713	47	47000.000
714	49	49000.000
715	54	54000.000
716	57	57000.000
717	64	64000.000
718	69	69000.000
719	50	50000.000
720	43	43000.000
721	55	55000.000
722	57	57000.000
723	57	57000.000
724	82	82000.000
725	57	57000.000
726	69	69000.000
727	52	52000.000
728	63	63000.000
729	48	48000.000
730	61	61000.000
731	47	47000.000
732	61	61000.000
733	44	44000.000
734	52	52000.000
735	56	56000.000
736	58	58000.000
737	57	57000.000
738	54	54000.000
739	54	54000.000
740	51	51000.000
741	51	51000.000
742	53	53000.000
743	56	56000.000
744	61	61000.000
745	69	69000.000
746	63	63000.000
747	64	64000.000
748	47	47000.000
749	57	57000.000
750	52	52000.000
751	52	52000.000
752	78	78000.000
753	64	64000.000
754	72	72000.000
755	46	46000.000
756	49	49000.000
757	51	51000.000
758	65	65000.000
759	53	53000.000
760	57	57000.000
761	53	53000.000
762	55	55000.000
763	66	66000.000
764	49	49000.000
765	55	55000.000
766	54	54000.000
767	49	49000.000
768	53	53000.000
769	53	53000.000
770	73	73000.000
771	59	59000.000
772	62	62000.000
773	65	65000.000
774	57	57000.000
775	55	55000.000
776	39	39000.000
777	65	65000.000
778	61	61000.000
779	67	67000.000
780	68	68000.000
781	46	46000.000
782	61	61000.000
783	44	44000.000
784	41	41000.000
785	57	57000.000
786	55	55000.000
787	48	48000.000
788	57	57000.000
789	57	57000.000
790	67	67000.000
791	65	65000.000
792	53	53000.000
793	51	51000.000
794	64	64000.000
795	70	70000.000
796	62	62000.000
797	61	61000.000
798	52	52000.000
799	55	55000.000
800	66	66000.000
801	51	51000.000
802	51	51000.000
803	55	55000.000
804	67	67000.000
805	60	60000.000
806	55	55000.000
807	53	53000.000
808	48	48000.000
809	57	57000.000
810	64	64000.000
811	61	61000.000
812	51	51000.000
813	49	49000.000
814	52	52000.000
815	51	51000.000
816	61	61000.000
817	57	57000.000
818	65	65000.000
819	61	61000.000
820	73	73000.000
821	50	50000.000
822	41	41000.000
823	42	42000.000
824	55	55000.000
825	53	53000.000
826	46	46000.000
827	47	47000.000
828	48	48000.000
829	49	49000.000
830	59	59000.000
831	48	48000.000
832	60	60000.000
833	39	39000.000
834	56	56000.000
835	71	71000.000
836	59	59000.000
837	57	57000.000
838	56	56000.000
839	54	54000.000
840	62	62000.000
841	52	52000.000
842	77	77000.000
843	53	53000.000
844	49	49000.000
845	64	64000.000
846	60	60000.000
847	67	67000.000
848	50	50000.000
849	60	60000.000
850	58	58000.000
851	57	57000.000
852	75	75000.000
853	69	69000.000
854	63	63000.000
855	50	50000.000
856	53	53000.000
857	57	57000.000
858	55	55000.000
859	51	51000.000
860	74	74000.000
861	55	55000.000
862	64	64000.000
863	63	63000.000
864	68	68000.000
865	64	64000.000
866	72	72000.000
867	48	48000.000
868	43	43000.000
869	66	66000.000
870	49	49000.000
871	51	51000.000
872	43	43000.000
873	54	54000.000
874	45	45000.000
875	61	61000.000
876	52	52000.000
877	62	62000.000
878	65	65000.000
879	61	61000.000
880	46	46000.000
881	61	61000.000
882	50	50000.000
883	43	43000.000
884	40	40000.000
885	75	75000.000
886	59	59000.000
887	72	72000.000
888	61	61000.000
889	53	53000.000
890	67	67000.000
891	55	55000.000
892	62	62000.000
893	49	49000.000
894	61	61000.000
895	45	45000.000
896	53	53000.000
897	59	59000.000
898	54	54000.000
899	65	65000.000
900	53	53000.000
901	59	59000.000
902	55	55000.000
903	61	61000.000
904	51	51000.000
905	52	52000.000
906	45	45000.000
907	63	63000.000
908	62	62000.000
909	62	62000.000
910	49	49000.000
911	52	52000.000
912	43	43000.000
913	49	49000.000
914	50	50000.000
915	55	55000.000
916	56	56000.000
917	61	61000.000
918	53	53000.000
919	52	52000.000
920	74	74000.000
921	62	62000.000
922	63	63000.000
923	46	46000.000
924	59	59000.000
925	72	72000.000
926	64	64000.000
927	76	76000.000
928	58	58000.000
929	54	54000.000
930	57	57000.000
931	58	58000.000
932	55	55000.000
933	55	55000.000
934	48	48000.000
935	62	62000.000
936	62	62000.000
937	47	47000.000
938	57	57000.000
939	52	52000.000
940	53	53000.000
941	52	52000.000
942	57	57000.000
943	47	47000.000
944	67	67000.000
945	58	58000.000
946	68	68000.000
947	62	62000.000
948	45	45000.000
949	55	55000.000
950	59	59000.000
951	54	54000.000
952	68	68000.000
953	62	62000.000
954	56	56000.000
955	63	63000.000
956	61	61000.000
957	54	54000.000
958	67	67000.000
959	65	65000.000
960	65	65000.000
961	63	63000.000
962	51	51000.000
963	47	47000.000
964	61	61000.000
965	58	58000.000
966	62	62000.000
967	66	66000.000
968	50	50000.000
969	55	55000.000
970	54	54000.000
971	52	52000.000
972	58	58000.000
973	61	61000.000
974	61	61000.000
975	59	59000.000
976	46	46000.000
977	57	57000.000
978	71	71000.000
979	52	52000.000
980	63	63000.000
981	66	66000.000
982	63	63000.000
983	61	61000.000
984	62	62000.000
985	39	39000.000
986	63	63000.000
987	52	52000.000
988	65	65000.000
989	51	51000.000
990	61	61000.000
991	52	52000.000
992	63	63000.000
993	66	66000.000
994	48	48000.000
995	70	70000.000
996	61	61000.000
997	52	52000.000
998	56	56000.000
999	51	51000.000
1000	51	51000.000
1001	66	66000.000
1002	48	48000.000
1003	43	43000.000
1004	71	71000.000
1005	64	64000.000
1006	65	65000.000
1007	76	76000.000
1008	50	50000.000
1009	59	59000.000
1010	51	51000.000
1011	72	72000.000
1012	47	47000.000
1013	60	60000.000
1014	47	47000.000
1015	69	69000.000
1016	64	64000.000
1017	54	54000.000
1018	58	58000.000
1019	61	61000.000
1020	57	57000.000
1021	57	57000.000
1022	68	68000.000
1023	64	64000.000
1024	68	68000.000
1025	49	49000.000
1026	53	53000.000
1027	48	48000.000
1028	67	67000.000
1029	72	72000.000
1030	51	51000.000
1031	53	53000.000
1032	67	67000.000
1033	63	63000.000
1034	60	60000.000
1035	59	59000.000
1036	51	51000.000
1037	44	44000.000
1038	57	57000.000
1039	55	55000.000
1040	51	51000.000
1041	44	44000.000
1042	60	60000.000
1043	64	64000.000
1044	66	66000.000
1045	67	67000.000
1046	63	63000.000
1047	57	57000.000
1048	71	71000.000
1049	57	57000.000
1050	72	72000.000
1051	51	51000.000
1052	66	66000.000
1053	58	58000.000
1054	58	58000.000
1055	53	53000.000
1056	62	62000.000
1057	59	59000.000
1058	58	58000.000
1059	64	64000.000
1060	47	47000.000
1061	65	65000.000
1062	62	62000.000
1063	62	62000.000
1064	62	62000.000
1065	65	65000.000
1066	55	55000.000
1067	60	60000.000
1068	51	51000.000
1069	49	49000.000
1070	68	68000.000
1071	56	56000.000
1072	61	61000.000
1073	75	75000.000
1074	52	52000.000
1075	59	59000.000
1076	55	55000.000
1077	66	66000.000
1078	49	49000.000
1079	70	70000.000
1080	61	61000.000
1081	57	57000.000
1082	59	59000.000
1083	61	61000.000
1084	48	48000.000
1085	59	59000.000
1086	53	53000.000
1087	64	64000.000
1088	46	46000.000
1089	57	57000.000
1090	71	71000.000
1091	62	62000.000
1092	71	71000.000
1093	52	52000.000
1094	51	51000.000
1095	58	58000.000
1096	52	52000.000
1097	48	48000.000
1098	47	47000.000
1099	66	66000.000
1100	53	53000.000
1101	53	53000.000
1102	55	55000.000
1103	60	60000.000
1104	43	43000.000
1105	51	51000.000
1106	64	64000.000
1107	75	75000.000
1108	51	51000.000
1109	58	58000.000
1110	60	60000.000
1111	63	63000.000
1112	56	56000.000
1113	54	54000.000
1114	63	63000.000
1115	52	52000.000
1116	58	58000.000
1117	59	59000.000
1118	56	56000.000
1119	63	63000.000
1120	49	49000.000
1121	70	70000.000
1122	63	63000.000
1123	61	61000.000
1124	60	60000.000
1125	62	62000.000
1126	71	71000.000
1127	47	47000.000
1128	56	56000.000
1129	66	66000.000
1130	45	45000.000
1131	67	67000.000
1132	61	61000.000
1133	57	57000.000
1134	72	72000.000
1135	57	57000.000
1136	51	51000.000
1137	67	67000.000
1138	55	55000.000
1139	43	43000.000
1140	58	58000.000
1141	61	61000.000
1142	65	65000.000
1143	47	47000.000
1144	58	58000.000
1145	48	48000.000
1146	51	51000.000
1147	59	59000.000
1148	70	70000.000
1149	65	65000.000
1150	47	47000.000
1151	60	60000.000
1152	55	55000.000
1153	65	65000.000
1154	54	54000.000
1155	44	44000.000
1156	57	57000.000
1157	54	54000.000
1158	48	48000.000
1159	57	57000.000
1160	63	63000.000
1161	54	54000.000
1162	76	76000.000
1163	57	57000.000
1164	49	49000.000
1165	44	44000.000
1166	58	58000.000
1167	68	68000.000
1168	53	53000.000
1169	56	56000.000
1170	60	60000.000
1171	53	53000.000
1172	63	63000.000
1173	53	53000.000
1174	55	55000.000
1175	67	67000.000
1176	55	55000.000
1177	55	55000.000
1178	66	66000.000
1179	56	56000.000
1180	68	68000.000
1181	53	53000.000
1182	54	54000.000
1183	53	53000.000
1184	66	66000.000
1185	60	60000.000
1186	63	63000.000
1187	60	60000.000
1188	67	67000.000
1189	67	67000.000
1190	59	59000.000
1191	65	65000.000
1192	55	55000.000
1193	54	54000.000
1194	50	50000.000
1195	63	63000.000
1196	63	63000.000
1197	59	59000.000
1198	62	62000.000
1199	46	46000.000
1200	61	61000.000
1201	63	63000.000
1202	43	43000.000
1203	64	64000.000
1204	68	68000.000
1205	67	67000.000
1206	63	63000.000
1207	43	43000.000
1208	48	48000.000
1209	46	46000.000
1210	63	63000.000
1211	48	48000.000
1212	62	62000.000
1213	63	63000.000
1214	54	54000.000
1215	68	68000.000
1216	48	48000.000
1217	54	54000.000
1218	55	55000.000
1219	74	74000.000
1220	56	56000.000
1221	48	48000.000
1222	58	58000.000
1223	52	52000.000
1224	66	66000.000
1225	53	53000.000
1226	48	48000.000
1227	69	69000.000
1228	64	64000.000
1229	66	66000.000
1230	67	67000.000
1231	58	58000.000
1232	45	45000.000
1233	59	59000.000
1234	73	73000.000
1235	52	52000.000
1236	62	62000.000
1237	55	55000.000
1238	58	58000.000
1239	60	60000.000
1240	47	47000.000
1241	54	54000.000
1242	62	62000.000
1243	55	55000.000
1244	64	64000.000
1245	49	49000.000
1246	54	54000.000
1247	43	43000.000
1248	61	61000.000
1249	54	54000.000
1250	68	68000.000
1251	56	56000.000
1252	57	57000.000
1253	64	64000.000
1254	64	64000.000
1255	52	52000.000
1256	54	54000.000
1257	61	61000.000
1258	69	69000.000
1259	58	58000.000
1260	59	59000.000
1261	61	61000.000
1262	57	57000.000
1263	46	46000.000
1264	57	57000.000
1265	56	56000.000
1266	63	63000.000
1267	49	49000.000
1268	57	57000.000
1269	61	61000.000
1270	55	55000.000
1271	77	77000.000
1272	51	51000.000
1273	58	58000.000
1274	54	54000.000
1275	48	48000.000
1276	56	56000.000
1277	47	47000.000
1278	53	53000.000
1279	54	54000.000
1280	72	72000.000
1281	58	58000.000
1282	68	68000.000
1283	59	59000.000
1284	60	60000.000
1285	46	46000.000
1286	47	47000.000
1287	67	67000.000
1288	59	59000.000
1289	56	56000.000
1290	48	48000.000
1291	46	46000.000
1292	59	59000.000
1293	70	70000.000
1294	52	52000.000
1295	69	69000.000
1296	56	56000.000
1297	64	64000.000
1298	61	61000.000
1299	58	58000.000
1300	74	74000.000
1301	47	47000.000
1302	53	53000.000
1303	71	71000.000
1304	48	48000.000
1305	51	51000.000
1306	56	56000.000
1307	61	61000.000
1308	50	50000.000
1309	63	63000.000
1310	53	53000.000
1311	52	52000.000
1312	61	61000.000
1313	57	57000.000
1314	53	53000.000
1315	63	63000.000
1316	58	58000.000
1317	71	71000.000
1318	51	51000.000
1319	51	51000.000
1320	51	51000.000
1321	52	52000.000
1322	45	45000.000
1323	67	67000.000
1324	50	50000.000
1325	66	66000.000
1326	52	52000.000
1327	53	53000.000
1328	64	64000.000
1329	59	59000.000
1330	45	45000.000
1331	70	70000.000
1332	61	61000.000
1333	71	71000.000
1334	57	57000.000
1335	52	52000.000
1336	55	55000.000
1337	50	50000.000
1338	57	57000.000
1339	56	56000.000
1340	47	47000.000
1341	56	56000.000
1342	54	54000.000
1343	65	65000.000
1344	46	46000.000
1345	59	59000.000
1346	62	62000.000
1347	71	71000.000
1348	54	54000.000
1349	55	55000.000
1350	58	58000.000
1351	65	65000.000
1352	78	78000.000
1353	56	56000.000
1354	39	39000.000
1355	56	56000.000
1356	53	53000.000
1357	60	60000.000
1358	66	66000.000
1359	66	66000.000
1360	56	56000.000
1361	59	59000.000
1362	66	66000.000
1363	50	50000.000
1364	57	57000.000
1365	53	53000.000
1366	48	48000.000
1367	65	65000.000
1368	62	62000.000
1369	54	54000.000
1370	58	58000.000
1371	67	67000.000
1372	50	50000.000
1373	44	44000.000
1374	67	67000.000
1375	48	48000.000
1376	75	75000.000
1377	60	60000.000
1378	43	43000.000
1379	60	60000.000
1380	61	61000.000
1381	51	51000.000
1382	54	54000.000
1383	55	55000.000
1384	67	67000.000
1385	48	48000.000
1386	56	56000.000
1387	57	57000.000
1388	55	55000.000
1389	51	51000.000
1390	52	52000.000
1391	58	58000.000
1392	55	55000.000
1393	67	67000.000
1394	82	82000.000
1395	42	42000.000
1396	52	52000.000
1397	54	54000.000
1398	65	65000.000
1399	52	52000.000
1400	55	55000.000
1401	50	50000.000
1402	58	58000.000
1403	65	65000.000
1404	62	62000.000
1405	59	59000.000
1406	48	48000.000
1407	59	59000.000
1408	60	60000.000
1409	60	60000.000
1410	60	60000.000
1411	67	67000.000
1412	65	65000.000
1413	69	69000.000
1414	55	55000.000
1415	57	57000.000
1416	63	63000.000
1417	51	51000.000
1418	62	62000.000
1419	61	61000.000
1420	63	63000.000
1421	61	61000.000
1422	61	61000.000
1423	50	50000.000
1424	50	50000.000
1425	50	50000.000
1426	56	56000.000
1427	65	65000.000
1428	64	64000.000
1429	47	47000.000
1430	56	56000.000
1431	51	51000.000
1432	63	63000.000
1433	46	46000.000
1434	50	50000.000
1435	54	54000.000
1436	42	42000.000
1437	64	64000.000
1438	57	57000.000
1439	69	69000.000
1440	37	37000.000
1441	52	52000.000
1442	61	61000.000
1443	73	73000.000
1444	59	59000.000
1445	50	50000.000
1446	62	62000.000
1447	67	67000.000
1448	44	44000.000
1449	58	58000.000
1450	56	56000.000
1451	60	60000.000
1452	53	53000.000
1453	50	50000.000
1454	67	67000.000
1455	64	64000.000
1456	65	65000.000
1457	50	50000.000
1458	57	57000.000
1459	64	64000.000
1460	73	73000.000
1461	56	56000.000
1462	61	61000.000
1463	62	62000.000
1464	61	61000.000
1465	64	64000.000
1466	58	58000.000
1467	48	48000.000
1468	61	61000.000
1469	50	50000.000
1470	57	57000.000
1471	59	59000.000
1472	79	79000.000
1473	51	51000.000
1474	55	55000.000
1475	58	58000.000
1476	51	51000.000
1477	57	57000.000
1478	54	54000.000
1479	63	63000.000
1480	56	56000.000
1481	59	59000.000
1482	59	59000.000
1483	43	43000.000
1484	76	76000.000
1485	68	68000.000
1486	66	66000.000
1487	44	44000.000
1488	55	55000.000
1489	72	72000.000
1490	61	61000.000
1491	47	47000.000
1492	49	49000.000
1493	59	59000.000
1494	62	62000.000
1495	56	56000.000
1496	72	72000.000
1497	67	67000.000
1498	57	57000.000
1499	67	67000.000
1500	59	59000.000
1501	64	64000.000
1502	61	61000.000
1503	70	70000.000
1504	68	68000.000
1505	52	52000.000
1506	71	71000.000
1507	53	53000.000
1508	46	46000.000
1509	53	53000.000
1510	68	68000.000
1511	61	61000.000
1512	61	61000.000
1513	56	56000.000
1514	69	69000.000
1515	50	50000.000
1516	55	55000.000
1517	51	51000.000
1518	57	57000.000
1519	48	48000.000
1520	52	52000.000
1521	46	46000.000
1522	56	56000.000
1523	64	64000.000
1524	65	65000.000
1525	52	52000.000
1526	67	67000.000
1527	59	59000.000
1528	71	71000.000
1529	54	54000.000
1530	67	67000.000
1531	55	55000.000
1532	57	57000.000
1533	61	61000.000
1534	67	67000.000
1535	57	57000.000
1536	60	60000.000
1537	65	65000.000
1538	56	56000.000
1539	60	60000.000
1540	48	48000.000
1541	63	63000.000
1542	63	63000.000
1543	44	44000.000
1544	56	56000.000
1545	67	67000.000
1546	58	58000.000
1547	43	43000.000
1548	71	71000.000
1549	72	72000.000
1550	51	51000.000
1551	58	58000.000
1552	64	64000.000
1553	47	47000.000
1554	48	48000.000
1555	60	60000.000
1556	57	57000.000
1557	45	45000.000
1558	70	70000.000
1559	61	61000.000
1560	56	56000.000
1561	55	55000.000
1562	56	56000.000
1563	59	59000.000
1564	51	51000.000
1565	59	59000.000
1566	55	55000.000
1567	64	64000.000
1568	62	62000.000
1569	56	56000.000
1570	46	46000.000
1571	55	55000.000
1572	54	54000.000
1573	58	58000.000
1574	63	63000.000
1575	52	52000.000
1576	43	43000.000
1577	65	65000.000
1578	51	51000.000
1579	52	52000.000
1580	63	63000.000
1581	58	58000.000
1582	66	66000.000
1583	52	52000.000
1584	51	51000.000
1585	53	53000.000
1586	66	66000.000
1587	51	51000.000
1588	59	59000.000
1589	58	58000.000
1590	57	57000.000
1591	57	57000.000
1592	68	68000.000
1593	65	65000.000
1594	48	48000.000
1595	65	65000.000
1596	46	46000.000
1597	47	47000.000
1598	54	54000.000
1599	69	69000.000
1600	51	51000.000
1601	64	64000.000
1602	61	61000.000
1603	57	57000.000
1604	57	57000.000
1605	63	63000.000
1606	49	49000.000
1607	67	67000.000
1608	57	57000.000
1609	59	59000.000
1610	50	50000.000
1611	50	50000.000
1612	55	55000.000
1613	68	68000.000
1614	54	54000.000
1615	59	59000.000
1616	58	58000.000
1617	52	52000.000
1618	58	58000.000
1619	69	69000.000
1620	61	61000.000
1621	44	44000.000
1622	56	56000.000
1623	63	63000.000
1624	55	55000.000
1625	51	51000.000
1626	56	56000.000
1627	57	57000.000
1628	63	63000.000
1629	47	47000.000
1630	59	59000.000
1631	53	53000.000
1632	47	47000.000
1633	64	64000.000
1634	47	47000.000
1635	53	53000.000
1636	69	69000.000
1637	47	47000.000
1638	48	48000.000
1639	55	55000.000
1640	67	67000.000
1641	52	52000.000
1642	75	75000.000
1643	47	47000.000
1644	53	53000.000
1645	62	62000.000
1646	59	59000.000
1647	53	53000.000
1648	40	40000.000
1649	57	57000.000
1650	75	75000.000
1651	58	58000.000
1652	59	59000.000
1653	51	51000.000
1654	68	68000.000
1655	52	52000.000
1656	49	49000.000
1657	65	65000.000
1658	60	60000.000
1659	44	44000.000
1660	53	53000.000
1661	64	64000.000
1662	51	51000.000
1663	63	63000.000
1664	59	59000.000
1665	55	55000.000
1666	58	58000.000
1667	48	48000.000
1668	66	66000.000
1669	49	49000.000
1670	59	59000.000
1671	58	58000.000
1672	48	48000.000
1673	58	58000.000
1674	52	52000.000
1675	63	63000.000
1676	59	59000.000
1677	67	67000.000
1678	57	57000.000
1679	60	60000.000
1680	54	54000.000
1681	57	57000.000
1682	60	60000.000
1683	64	64000.000
1684	56	56000.000
1685	63	63000.000
1686	65	65000.000
1687	53	53000.000
1688	71	71000.000
1689	57	57000.000
1690	70	70000.000
1691	49	49000.000
1692	50	50000.000
1693	59	59000.000
1694	46	46000.000
1695	52	52000.000
1696	55	55000.000
1697	63	63000.000
1698	60	60000.000
1699	57	57000.000
1700	56	56000.000
1701	56	56000.000
1702	46	46000.000
1703	55	55000.000
1704	66	66000.000
1705	60	60000.000
1706	59	59000.000
1707	58	58000.000
1708	51	51000.000
1709	66	66000.000
1710	63	63000.000
1711	62	62000.000
1712	56	56000.000
1713	59	59000.000
1714	52	52000.000
1715	51	51000.000
1716	65	65000.000
1717	70	70000.000
1718	47	47000.000
1719	55	55000.000
1720	52	52000.000
1721	68	68000.000
1722	49	49000.000
1723	58	58000.000
1724	52	52000.000
1725	57	57000.000
1726	69	69000.000
1727	68	68000.000
1728	70	70000.000
1729	39	39000.000
1730	66	66000.000
1731	45	45000.000
1732	62	62000.000
1733	60	60000.000
1734	46	46000.000
1735	75	75000.000
1736	49	49000.000
1737	78	78000.000
1738	64	64000.000
1739	55	55000.000
1740	70	70000.000
1741	57	57000.000
1742	62	62000.000
1743	56	56000.000
1744	61	61000.000
1745	55	55000.000
1746	59	59000.000
1747	66	66000.000
1748	59	59000.000
1749	54	54000.000
1750	54	54000.000
1751	61	61000.000
1752	62	62000.000
1753	47	47000.000
1754	74	74000.000
1755	58	58000.000
1756	66	66000.000
1757	65	65000.000
1758	71	71000.000
1759	55	55000.000
1760	57	57000.000
1761	55	55000.000
1762	58	58000.000
1763	78	78000.000
1764	69	69000.000
1765	58	58000.000
1766	72	72000.000
1767	52	52000.000
1768	65	65000.000
1769	53	53000.000
1770	60	60000.000
1771	68	68000.000
1772	53	53000.000
1773	52	52000.000
1774	55	55000.000
1775	61	61000.000
1776	59	59000.000
1777	73	73000.000
1778	48	48000.000
1779	48	48000.000
1780	61	61000.000
1781	47	47000.000
1782	41	41000.000
1783	55	55000.000
1784	60	60000.000
1785	58	58000.000
1786	72	72000.000
1787	50	50000.000
1788	51	51000.000
1789	55	55000.000
1790	71	71000.000
1791	53	53000.000
1792	62	62000.000
1793	64	64000.000
1794	43	43000.000
1795	55	55000.000
1796	54	54000.000
1797	67	67000.000
1798	49	49000.000
1799	54	54000.000
1800	52	52000.000
1801	53	53000.000
1802	50	50000.000
1803	48	48000.000
1804	72	72000.000
1805	48	48000.000
1806	69	69000.000
1807	60	60000.000
1808	63	63000.000
1809	60	60000.000
1810	55	55000.000
1811	57	57000.000
1812	59	59000.000
1813	61	61000.000
1814	66	66000.000
1815	46	46000.000
1816	64	64000.000
1817	56	56000.000
1818	62	62000.000
1819	45	45000.000
1820	75	75000.000
1821	59	59000.000
1822	51	51000.000
1823	51	51000.000
1824	70	70000.000
1825	58	58000.000
1826	38	38000.000
1827	61	61000.000
1828	68	68000.000
1829	58	58000.000
1830	56	56000.000
1831	71	71000.000
1832	51	51000.000
1833	52	52000.000
1834	63	63000.000
1835	55	55000.000
1836	57	57000.000
1837	60	60000.000
1838	62	62000.000
1839	67	67000.000
1840	43	43000.000
1841	51	51000.000
1842	66	66000.000
1843	48	48000.000
1844	48	48000.000
1845	51	51000.000
1846	51	51000.000
1847	48	48000.000
1848	55	55000.000
1849	51	51000.000
1850	63	63000.000
1851	60	60000.000
1852	75	75000.000
1853	73	73000.000
1854	71	71000.000
1855	57	57000.000
1856	59	59000.000
1857	70	70000.000
1858	70	70000.000
1859	57	57000.000
1860	48	48000.000
1861	59	59000.000
1862	49	49000.000
1863	47	47000.000
1864	54	54000.000
1865	54	54000.000
1866	72	72000.000
1867	57	57000.000
1868	48	48000.000
1869	69	69000.000
1870	61	61000.000
1871	54	54000.000
1872	66	66000.000
1873	52	52000.000
1874	56	56000.000
1875	52	52000.000
1876	65	65000.000
1877	46	46000.000
1878	56	56000.000
1879	42	42000.000
1880	51	51000.000
1881	59	59000.000
1882	67	67000.000
1883	54	54000.000
1884	56	56000.000
1885	47	47000.000
1886	54	54000.000
1887	49	49000.000
1888	61	61000.000
1889	73	73000.000
1890	58	58000.000
1891	69	69000.000
1892	65	65000.000
1893	57	57000.000
1894	40	40000.000
1895	56	56000.000
1896	53	53000.000
1897	58	58000.000
1898	55	55000.000
1899	57	57000.000
1900	61	61000.000
1901	53	53000.000
1902	59	59000.000
1903	57	57000.000
1904	64	64000.000
1905	49	49000.000
1906	62	62000.000
1907	42	42000.000
1908	54	54000.000
1909	55	55000.000
1910	52	52000.000
1911	50	50000.000
1912	49	49000.000
1913	66	66000.000
1914	65	65000.000
1915	58	58000.000
1916	63	63000.000
1917	48	48000.000
1918	72	72000.000
1919	43	43000.000
1920	55	55000.000
1921	49	49000.000
1922	68	68000.000
1923	61	61000.000
1924	65	65000.000
1925	65	65000.000
1926	67	67000.000
1927	68	68000.000
1928	68	68000.000
1929	61	61000.000
1930	56	56000.000
1931	59	59000.000
1932	48	48000.000
1933	64	64000.000
1934	52	52000.000
1935	51	51000.000
1936	67	67000.000
1937	57	57000.000
1938	51	51000.000
1939	60	60000.000
1940	77	77000.000
1941	51	51000.000
1942	58	58000.000
1943	52	52000.000
1944	48	48000.000
1945	60	60000.000
1946	60	60000.000
1947	66	66000.000
1948	66	66000.000
1949	65	65000.000
1950	70	70000.000
1951	52	52000.000
1952	68	68000.000
1953	58	58000.000
1954	62	62000.000
1955	63	63000.000
1956	74	74000.000
1957	45	45000.000
1958	38	38000.000
1959	57	57000.000
1960	63	63000.000
1961	58	58000.000
1962	59	59000.000
1963	47	47000.000
1964	47	47000.000
1965	49	49000.000
1966	51	51000.000
1967	62	62000.000
1968	64	64000.000
1969	53	53000.000
1970	60	60000.000
1971	56	56000.000
1972	68	68000.000
1973	71	71000.000
1974	62	62000.000
1975	62	62000.000
1976	53	53000.000
1977	58	58000.000
1978	53	53000.000
1979	56	56000.000
1980	67	67000.000
1981	63	63000.000
1982	58	58000.000
1983	52	52000.000
1984	58	58000.000
1985	50	50000.000
1986	70	70000.000
1987	53	53000.000
1988	56	56000.000
1989	63	63000.000
1990	59	59000.000
1991	54	54000.000
1992	62	62000.000
1993	57	57000.000
1994	62	62000.000
1995	66	66000.000
1996	46	46000.000
1997	55	55000.000
1998	62	62000.000
1999	46	46000.000
2000	73	73000.000
2001	48	48000.000
2002	68	68000.000
2003	47	47000.000
2004	49	49000.000
2005	65	65000.000
2006	67	67000.000
2007	58	58000.000
2008	45	45000.000
2009	54	54000.000
2010	43	43000.000
2011	58	58000.000
2012	52	52000.000
2013	62	62000.000
2014	61	61000.000
2015	60	60000.000
2016	49	49000.000
2017	66	66000.000
2018	56	56000.000
2019	64	64000.000
2020	65	65000.000
2021	63	63000.000
2022	47	47000.000
2023	56	56000.000
2024	59	59000.000
2025	60	60000.000
2026	57	57000.000
2027	61	61000.000
2028	49	49000.000
2029	54	54000.000
2030	70	70000.000
2031	66	66000.000
2032	69	69000.000
2033	58	58000.000
2034	54	54000.000
2035	58	58000.000
2036	68	68000.000
2037	46	46000.000
2038	44	44000.000
2039	65	65000.000
2040	62	62000.000
2041	44	44000.000
2042	54	54000.000
2043	49	49000.000
2044	64	64000.000
2045	57	57000.000
2046	61	61000.000
2047	57	57000.000
2048	65	65000.000
2049	73	73000.000
2050	46	46000.000
2051	51	51000.000
2052	56	56000.000
2053	39	39000.000
2054	47	47000.000
2055	69	69000.000
2056	58	58000.000
2057	65	65000.000
2058	53	53000.000
2059	60	60000.000
2060	57	57000.000
2061	54	54000.000
2062	69	69000.000
2063	60	60000.000
2064	50	50000.000
2065	47	47000.000
2066	61	61000.000
2067	78	78000.000
2068	48	48000.000
2069	50	50000.000
2070	52	52000.000
2071	45	45000.000
2072	50	50000.000
2073	43	43000.000
2074	73	73000.000
2075	53	53000.000
2076	46	46000.000
2077	50	50000.000
2078	50	50000.000
2079	59	59000.000
2080	64	64000.000
2081	70	70000.000
2082	62	62000.000
2083	55	55000.000
2084	63	63000.000
2085	47	47000.000
2086	68	68000.000
2087	71	71000.000
2088	71	71000.000
2089	75	75000.000
2090	52	52000.000
2091	51	51000.000
2092	69	69000.000
2093	58	58000.000
2094	69	69000.000
2095	57	57000.000
2096	54	54000.000
2097	58	58000.000
2098	69	69000.000
2099	55	55000.000
2100	62	62000.000
2101	56	56000.000
2102	38	38000.000
2103	61	61000.000
2104	54	54000.000
2105	58	58000.000
2106	62	62000.000
2107	64	64000.000
2108	61	61000.000
2109	55	55000.000
2110	60	60000.000
2111	61	61000.000
2112	61	61000.000
2113	59	59000.000
2114	50	50000.000
2115	59	59000.000
2116	50	50000.000
2117	69	69000.000
2118	54	54000.000
2119	53	53000.000
2120	54	54000.000
2121	70	70000.000
2122	65	65000.000
2123	58	58000.000
2124	53	53000.000
2125	46	46000.000
2126	54	54000.000
2127	45	45000.000
2128	52	52000.000
2129	53	53000.000
2130	54	54000.000
2131	60	60000.000
2132	64	64000.000
2133	56	56000.000
2134	62	62000.000
2135	72	72000.000
2136	56	56000.000
2137	54	54000.000
2138	56	56000.000
2139	59	59000.000
2140	54	54000.000
2141	47	47000.000
2142	47	47000.000
2143	49	49000.000
2144	65	65000.000
2145	54	54000.000
2146	53	53000.000
2147	54	54000.000
2148	58	58000.000
2149	49	49000.000
2150	52	52000.000
2151	52	52000.000
2152	58	58000.000
2153	48	48000.000
2154	53	53000.000
2155	67	67000.000
2156	48	48000.000
2157	53	53000.000
2158	67	67000.000
2159	67	67000.000
2160	56	56000.000
2161	49	49000.000
2162	67	67000.000
2163	73	73000.000
2164	72	72000.000
2165	60	60000.000
2166	67	67000.000
2167	48	48000.000
2168	62	62000.000
2169	55	55000.000
2170	67	67000.000
2171	65	65000.000
2172	57	57000.000
2173	46	46000.000
2174	58	58000.000
2175	53	53000.000
2176	45	45000.000
2177	44	44000.000
2178	51	51000.000
2179	58	58000.000
2180	63	63000.000
2181	61	61000.000
2182	59	59000.000
2183	69	69000.000
2184	58	58000.000
2185	50	50000.000
2186	68	68000.000
2187	58	58000.000
2188	60	60000.000
2189	42	42000.000
2190	56	56000.000
2191	53	53000.000
2192	65	65000.000
2193	51	51000.000
2194	48	48000.000
2195	51	51000.000
2196	56	56000.000
2197	45	45000.000
2198	59	59000.000
2199	49	49000.000
2200	51	51000.000
2201	64	64000.000
2202	74	74000.000
2203	53	53000.000
2204	62	62000.000
2205	59	59000.000
2206	50	50000.000
2207	48	48000.000
2208	41	41000.000
2209	52	52000.000
2210	59	59000.000
2211	76	76000.000
2212	49	49000.000
2213	51	51000.000
2214	53	53000.000
2215	51	51000.000
2216	60	60000.000
2217	72	72000.000
2218	59	59000.000
2219	62	62000.000
2220	43	43000.000
2221	56	56000.000
2222	63	63000.000
2223	66	66000.000
2224	57	57000.000
2225	67	67000.000
2226	60	60000.000
2227	66	66000.000
2228	80	80000.000
2229	78	78000.000
2230	66	66000.000
2231	56	56000.000
2232	56	56000.000
2233	60	60000.000
2234	50	50000.000
2235	64	64000.000
2236	46	46000.000
2237	46	46000.000
2238	45	45000.000
2239	48	48000.000
2240	60	60000.000
2241	62	62000.000
2242	66	66000.000
2243	75	75000.000
2244	48	48000.000
2245	55	55000.000
2246	63	63000.000
2247	65	65000.000
2248	54	54000.000
2249	49	49000.000
2250	56	56000.000
2251	59	59000.000
2252	55	55000.000
2253	50	50000.000
2254	66	66000.000
2255	56	56000.000
2256	64	64000.000
2257	65	65000.000
2258	63	63000.000
2259	64	64000.000
2260	53	53000.000
2261	49	49000.000
2262	68	68000.000
2263	62	62000.000
2264	55	55000.000
2265	62	62000.000
2266	62	62000.000
2267	51	51000.000
2268	44	44000.000
2269	52	52000.000
2270	48	48000.000
2271	60	60000.000
2272	67	67000.000
2273	62	62000.000
2274	73	73000.000
2275	64	64000.000
2276	56	56000.000
2277	67	67000.000
2278	63	63000.000
2279	46	46000.000
2280	61	61000.000
2281	53	53000.000
2282	43	43000.000
2283	60	60000.000
2284	60	60000.000
2285	57	57000.000
2286	61	61000.000
2287	50	50000.000
2288	57	57000.000
2289	56	56000.000
2290	43	43000.000
2291	49	49000.000
2292	63	63000.000
2293	56	56000.000
2294	65	65000.000
2295	45	45000.000
2296	60	60000.000
2297	63	63000.000
2298	74	74000.000
2299	46	46000.000
2300	59	59000.000
2301	56	56000.000
2302	65	65000.000
2303	46	46000.000
2304	52	52000.000
2305	61	61000.000
2306	46	46000.000
2307	56	56000.000
2308	65	65000.000
2309	65	65000.000
2310	65	65000.000
2311	59	59000.000
2312	53	53000.000
2313	53	53000.000
2314	58	58000.000
2315	66	66000.000
2316	57	57000.000
2317	50	50000.000
2318	55	55000.000
2319	72	72000.000
2320	58	58000.000
2321	61	61000.000
2322	59	59000.000
2323	66	66000.000
2324	61	61000.000
2325	63	63000.000
2326	55	55000.000
2327	49	49000.000
2328	51	51000.000
2329	56	56000.000
2330	52	52000.000
2331	45	45000.000
2332	64	64000.000
2333	62	62000.000
2334	51	51000.000
2335	39	39000.000
2336	53	53000.000
2337	61	61000.000
2338	57	57000.000
2339	55	55000.000
2340	56	56000.000
2341	64	64000.000
2342	67	67000.000
2343	62	62000.000
2344	56	56000.000
2345	64	64000.000
2346	56	56000.000
2347	51	51000.000
2348	55	55000.000
2349	59	59000.000
2350	67	67000.000
2351	59	59000.000
2352	54	54000.000
2353	53	53000.000
2354	73	73000.000
2355	49	49000.000
2356	62	62000.000
2357	70	70000.000
2358	57	57000.000
2359	63	63000.000
2360	55	55000.000
2361	53	53000.000
2362	66	66000.000
2363	63	63000.000
2364	74	74000.000
2365	52	52000.000
2366	69	69000.000
2367	63	63000.000
2368	63	63000.000
2369	62	62000.000
2370	58	58000.000
2371	55	55000.000
2372	62	62000.000
2373	59	59000.000
2374	54	54000.000
2375	59	59000.000
2376	45	45000.000
2377	68	68000.000
2378	48	48000.000
2379	51	51000.000
2380	56	56000.000
2381	64	64000.000
2382	59	59000.000
2383	51	51000.000
2384	70	70000.000
2385	63	63000.000
2386	58	58000.000
2387	56	56000.000
2388	71	71000.000
2389	59	59000.000
2390	53	53000.000
2391	62	62000.000
2392	68	68000.000
2393	54	54000.000
2394	63	63000.000
2395	55	55000.000
2396	52	52000.000
2397	50	50000.000
2398	66	66000.000
2399	40	40000.000
2400	51	51000.000
2401	54	54000.000
2402	49	49000.000
2403	51	51000.000
2404	62	62000.000
2405	77	77000.000
2406	44	44000.000
2407	54	54000.000
2408	58	58000.000
2409	48	48000.000
2410	50	50000.000
2411	54	54000.000
2412	61	61000.000
2413	62	62000.000
2414	53	53000.000
2415	67	67000.000
2416	56	56000.000
2417	59	59000.000
2418	52	52000.000
2419	53	53000.000
2420	43	43000.000
2421	49	49000.000
2422	66	66000.000
2423	60	60000.000
2424	55	55000.000
2425	52	52000.000
2426	64	64000.000
2427	64	64000.000
2428	64	64000.000
2429	53	53000.000
2430	63	63000.000
2431	51	51000.000
2432	66	66000.000
2433	62	62000.000
2434	41	41000.000
2435	57	57000.000
2436	73	73000.000
2437	58	58000.000
2438	60	60000.000
2439	51	51000.000
2440	54	54000.000
2441	58	58000.000
2442	59	59000.000
2443	54	54000.000
2444	74	74000.000
2445	52	52000.000
2446	55	55000.000
2447	58	58000.000
2448	66	66000.000
2449	56	56000.000
2450	63	63000.000
2451	80	80000.000
2452	55	55000.000
2453	61	61000.000
2454	55	55000.000
2455	59	59000.000
2456	66	66000.000
2457	44	44000.000
2458	58	58000.000
2459	49	49000.000
2460	50	50000.000
2461	54	54000.000
2462	60	60000.000
2463	59	59000.000
2464	55	55000.000
2465	52	52000.000
2466	56	56000.000
2467	61	61000.000
2468	59	59000.000
2469	54	54000.000
2470	48	48000.000
2471	51	51000.000
2472	42	42000.000
2473	79	79000.000
2474	55	55000.000
2475	67	67000.000
2476	47	47000.000
2477	51	51000.000
2478	55	55000.000
2479	64	64000.000
2480	66	66000.000
2481	66	66000.000
2482	55	55000.000
2483	70	70000.000
2484	54	54000.000
2485	65	65000.000
2486	55	55000.000
2487	56	56000.000
2488	54	54000.000
2489	56	56000.000
2490	60	60000.000
2491	55	55000.000
2492	57	57000.000
2493	70	70000.000
2494	53	53000.000
2495	50	50000.000
2496	52	52000.000
2497	49	49000.000
2498	52	52000.000
2499	58	58000.000
2500	59	59000.000
2501	52	52000.000
2502	52	52000.000
2503	51	51000.000
2504	50	50000.000
2505	58	58000.000
2506	52	52000.000
2507	56	56000.000
2508	52	52000.000
2509	62	62000.000
2510	41	41000.000
2511	57	57000.000
2512	59	59000.000
2513	65	65000.000
2514	51	51000.000
2515	48	48000.000
2516	65	65000.000
2517	58	58000.000
2518	51	51000.000
2519	64	64000.000
2520	54	54000.000
2521	60	60000.000
2522	62	62000.000
2523	65	65000.000
2524	48	48000.000
2525	63	63000.000
2526	59	59000.000
2527	56	56000.000
2528	66	66000.000
2529	69	69000.000
2530	54	54000.000
2531	57	57000.000
2532	64	64000.000
2533	56	56000.000
2534	57	57000.000
2535	53	53000.000
2536	62	62000.000
2537	65	65000.000
2538	45	45000.000
2539	70	70000.000
2540	64	64000.000
2541	68	68000.000
2542	61	61000.000
2543	60	60000.000
2544	69	69000.000
2545	64	64000.000
2546	48	48000.000
2547	58	58000.000
2548	51	51000.000
2549	64	64000.000
2550	56	56000.000
2551	63	63000.000
2552	54	54000.000
2553	57	57000.000
2554	67	67000.000
2555	61	61000.000
2556	67	67000.000
2557	60	60000.000
2558	58	58000.000
2559	53	53000.000
2560	55	55000.000
2561	55	55000.000
2562	58	58000.000
2563	47	47000.000
2564	57	57000.000
2565	45	45000.000
2566	48	48000.000
2567	52	52000.000
2568	58	58000.000
2569	55	55000.000
2570	49	49000.000
2571	56	56000.000
2572	65	65000.000
2573	54	54000.000
2574	63	63000.000
2575	57	57000.000
2576	61	61000.000
2577	52	52000.000
2578	62	62000.000
2579	75	75000.000
2580	63	63000.000
2581	47	47000.000
2582	46	46000.000
2583	65	65000.000
2584	54	54000.000
2585	53	53000.000
2586	54	54000.000
2587	71	71000.000
2588	58	58000.000
2589	56	56000.000
2590	51	51000.000
2591	77	77000.000
2592	52	52000.000
2593	73	73000.000
2594	65	65000.000
2595	51	51000.000
2596	63	63000.000
2597	53	53000.000
2598	55	55000.000
2599	48	48000.000
2600	60	60000.000
2601	60	60000.000
2602	49	49000.000
2603	58	58000.000
2604	53	53000.000
2605	60	60000.000
2606	51	51000.000
2607	56	56000.000
2608	55	55000.000
2609	69	69000.000
2610	54	54000.000
2611	45	45000.000
2612	55	55000.000
2613	62	62000.000
2614	41	41000.000
2615	70	70000.000
2616	59	59000.000
2617	41	41000.000
2618	58	58000.000
2619	52	52000.000
2620	61	61000.000
2621	60	60000.000
2622	74	74000.000
2623	58	58000.000
2624	45	45000.000
2625	53	53000.000
2626	54	54000.000
2627	45	45000.000
2628	50	50000.000
2629	57	57000.000
2630	55	55000.000
2631	57	57000.000
2632	69	69000.000
2633	68	68000.000
2634	51	51000.000
2635	46	46000.000
2636	58	58000.000
2637	62	62000.000
2638	61	61000.000
2639	57	57000.000
2640	64	64000.000
2641	56	56000.000
2642	63	63000.000
2643	57	57000.000
2644	64	64000.000
2645	63	63000.000
2646	60	60000.000
2647	49	49000.000
2648	63	63000.000
2649	52	52000.000
2650	46	46000.000
2651	72	72000.000
2652	64	64000.000
2653	64	64000.000
2654	48	48000.000
2655	60	60000.000
2656	50	50000.000
2657	66	66000.000
2658	53	53000.000
2659	51	51000.000
2660	46	46000.000
2661	55	55000.000
2662	54	54000.000
2663	63	63000.000
2664	62	62000.000
2665	57	57000.000
2666	59	59000.000
2667	46	46000.000
2668	65	65000.000
2669	53	53000.000
2670	48	48000.000
2671	50	50000.000
2672	45	45000.000
2673	63	63000.000
2674	53	53000.000
2675	63	63000.000
2676	59	59000.000
2677	73	73000.000
2678	60	60000.000
2679	45	45000.000
2680	58	58000.000
2681	53	53000.000
2682	66	66000.000
2683	56	56000.000
2684	61	61000.000
2685	70	70000.000
2686	65	65000.000
2687	63	63000.000
2688	49	49000.000
2689	71	71000.000
2690	56	56000.000
2691	54	54000.000
2692	66	66000.000
2693	56	56000.000
2694	66	66000.000
2695	55	55000.000
2696	59	59000.000
2697	61	61000.000
2698	70	70000.000
2699	46	46000.000
2700	52	52000.000
2701	57	57000.000
2702	52	52000.000
2703	55	55000.000
2704	53	53000.000
2705	58	58000.000
2706	62	62000.000
2707	56	56000.000
2708	56	56000.000
2709	57	57000.000
2710	64	64000.000
2711	60	60000.000
2712	46	46000.000
2713	60	60000.000
2714	59	59000.000
2715	56	56000.000
2716	56	56000.000
2717	54	54000.000
2718	47	47000.000
2719	68	68000.000
2720	42	42000.000
2721	55	55000.000
2722	57	57000.000
2723	62	62000.000
2724	51	51000.000
2725	60	60000.000
2726	35	35000.000
2727	54	54000.000
2728	61	61000.000
2729	68	68000.000
2730	60	60000.000
2731	61	61000.000
2732	55	55000.000
2733	59	59000.000
2734	55	55000.000
2735	52	52000.000
2736	55	55000.000
2737	44	44000.000
2738	65	65000.000
2739	39	39000.000
2740	55	55000.000
2741	63	63000.000
2742	60	60000.000
2743	58	58000.000
2744	63	63000.000
2745	57	57000.000
2746	56	56000.000
2747	58	58000.000
2748	66	66000.000
2749	66	66000.000
2750	47	47000.000
2751	64	64000.000
2752	53	53000.000
2753	46	46000.000
2754	55	55000.000
2755	59	59000.000
2756	65	65000.000
2757	52	52000.000
2758	58	58000.000
2759	67	67000.000
2760	55	55000.000
2761	59	59000.000
2762	60	60000.000
2763	56	56000.000
2764	55	55000.000
2765	52	52000.000
2766	52	52000.000
2767	55	55000.000
2768	57	57000.000
2769	72	72000.000
2770	51	51000.000
2771	69	69000.000
2772	64	64000.000
2773	44	44000.000
2774	65	65000.000
2775	59	59000.000
2776	57	57000.000
2777	59	59000.000
2778	60	60000.000
2779	49	49000.000
2780	46	46000.000
2781	63	63000.000
2782	76	76000.000
2783	61	61000.000
2784	46	46000.000
2785	45	45000.000
2786	49	49000.000
2787	53	53000.000
2788	75	75000.000
2789	61	61000.000
2790	56	56000.000
2791	53	53000.000
2792	45	45000.000
2793	49	49000.000
2794	56	56000.000
2795	63	63000.000
2796	63	63000.000
2797	56	56000.000
2798	60	60000.000
2799	45	45000.000
2800	64	64000.000
2801	51	51000.000
2802	56	56000.000
2803	39	39000.000
2804	51	51000.000
2805	62	62000.000
2806	49	49000.000
2807	67	67000.000
2808	59	59000.000
2809	53	53000.000
2810	53	53000.000
2811	50	50000.000
2812	47	47000.000
2813	61	61000.000
2814	61	61000.000
2815	69	69000.000
2816	61	61000.000
2817	54	54000.000
2818	51	51000.000
2819	52	52000.000
2820	79	79000.000
2821	59	59000.000
2822	50	50000.000
2823	49	49000.000
2824	47	47000.000
2825	57	57000.000
2826	60	60000.000
2827	55	55000.000
2828	60	60000.000
2829	62	62000.000
2830	63	63000.000
2831	42	42000.000
2832	72	72000.000
2833	63	63000.000
2834	53	53000.000
2835	62	62000.000
2836	63	63000.000
2837	49	49000.000
2838	51	51000.000
2839	69	69000.000
2840	52	52000.000
2841	50	50000.000
2842	48	48000.000
2843	63	63000.000
2844	62	62000.000
2845	52	52000.000
2846	52	52000.000
2847	44	44000.000
2848	61	61000.000
2849	51	51000.000
2850	71	71000.000
2851	71	71000.000
2852	55	55000.000
2853	49	49000.000
2854	52	52000.000
2855	55	55000.000
2856	62	62000.000
2857	51	51000.000
2858	58	58000.000
2859	50	50000.000
2860	58	58000.000
2861	54	54000.000
2862	58	58000.000
2863	53	53000.000
2864	75	75000.000
2865	56	56000.000
2866	68	68000.000
2867	59	59000.000
2868	59	59000.000
2869	65	65000.000
2870	57	57000.000
2871	52	52000.000
2872	66	66000.000
2873	62	62000.000
2874	65	65000.000
2875	62	62000.000
2876	64	64000.000
2877	52	52000.000
2878	62	62000.000
2879	66	66000.000
2880	63	63000.000
2881	47	47000.000
2882	75	75000.000
2883	53	53000.000
2884	76	76000.000
2885	66	66000.000
2886	45	45000.000
2887	57	57000.000
2888	64	64000.000
2889	47	47000.000
2890	54	54000.000
2891	49	49000.000
2892	63	63000.000
2893	61	61000.000
2894	64	64000.000
2895	59	59000.000
2896	63	63000.000
2897	68	68000.000
2898	46	46000.000
2899	66	66000.000
2900	56	56000.000
2901	40	40000.000
2902	46	46000.000
2903	60	60000.000
2904	80	80000.000
2905	50	50000.000
2906	51	51000.000
2907	56	56000.000
2908	67	67000.000
2909	68	68000.000
2910	46	46000.000
2911	47	47000.000
2912	62	62000.000
2913	56	56000.000
2914	62	62000.000
2915	62	62000.000
2916	58	58000.000
2917	63	63000.000
2918	48	48000.000
2919	52	52000.000
2920	58	58000.000
2921	60	60000.000
2922	60	60000.000
2923	55	55000.000
2924	66	66000.000
2925	47	47000.000
2926	57	57000.000
2927	53	53000.000
2928	65	65000.000
2929	56	56000.000
2930	66	66000.000
2931	47	47000.000
2932	48	48000.000
2933	52	52000.000
2934	48	48000.000
2935	58	58000.000
2936	60	60000.000
2937	63	63000.000
2938	47	47000.000
2939	52	52000.000
2940	49	49000.000
2941	75	75000.000
2942	59	59000.000
2943	60	60000.000
2944	52	52000.000
2945	49	49000.000
2946	56	56000.000
2947	65	65000.000
2948	58	58000.000
2949	51	51000.000
2950	64	64000.000
2951	51	51000.000
2952	58	58000.000
2953	58	58000.000
2954	61	61000.000
2955	49	49000.000
2956	52	52000.000
2957	58	58000.000
2958	66	66000.000
2959	70	70000.000
2960	48	48000.000
2961	48	48000.000
2962	57	57000.000
2963	54	54000.000
2964	63	63000.000
2965	48	48000.000
2966	42	42000.000
2967	51	51000.000
2968	57	57000.000
2969	59	59000.000
2970	56	56000.000
2971	57	57000.000
2972	47	47000.000
2973	64	64000.000
2974	65	65000.000
2975	44	44000.000
2976	60	60000.000
2977	65	65000.000
2978	68	68000.000
2979	64	64000.000
2980	50	50000.000
2981	58	58000.000
2982	57	57000.000
2983	61	61000.000
2984	55	55000.000
2985	60	60000.000
2986	52	52000.000
2987	63	63000.000
2988	62	62000.000
2989	59	59000.000
2990	49	49000.000
2991	45	45000.000
2992	70	70000.000
2993	61	61000.000
2994	48	48000.000
2995	62	62000.000
2996	45	45000.000
2997	52	52000.000
2998	54	54000.000
2999	64	64000.000
3000	48	48000.000
3001	64	64000.000
3002	57	57000.000
3003	58	58000.000
3004	69	69000.000
3005	50	50000.000
3006	45	45000.000
3007	43	43000.000
3008	49	49000.000
3009	41	41000.000
3010	60	60000.000
3011	55	55000.000
3012	62	62000.000
3013	57	57000.000
3014	58	58000.000
3015	66	66000.000
3016	60	60000.000
3017	67	67000.000
3018	53	53000.000
3019	57	57000.000
3020	48	48000.000
3021	65	65000.000
3022	50	50000.000
3023	64	64000.000
3024	56	56000.000
3025	61	61000.000
3026	65	65000.000
3027	57	57000.000
3028	49	49000.000
3029	58	58000.000
3030	49	49000.000
3031	49	49000.000
3032	55	55000.000
3033	47	47000.000
3034	52	52000.000
3035	59	59000.000
3036	71	71000.000
3037	70	70000.000
3038	63	63000.000
3039	53	53000.000
3040	58	58000.000
3041	58	58000.000
3042	52	52000.000
3043	62	62000.000
3044	56	56000.000
3045	56	56000.000
3046	58	58000.000
3047	49	49000.000
3048	58	58000.000
3049	55	55000.000
3050	61	61000.000
3051	65	65000.000
3052	60	60000.000
3053	69	69000.000
3054	63	63000.000
3055	49	49000.000
3056	46	46000.000
3057	54	54000.000
3058	69	69000.000
3059	53	53000.000
3060	60	60000.000
3061	53	53000.000
3062	54	54000.000
3063	55	55000.000
3064	50	50000.000
3065	58	58000.000
3066	57	57000.000
3067	53	53000.000
3068	65	65000.000
3069	56	56000.000
3070	44	44000.000
3071	58	58000.000
3072	63	63000.000
3073	48	48000.000
3074	51	51000.000
3075	49	49000.000
3076	53	53000.000
3077	42	42000.000
3078	62	62000.000
3079	56	56000.000
3080	53	53000.000
3081	53	53000.000
3082	64	64000.000
3083	63	63000.000
3084	47	47000.000
3085	51	51000.000
3086	60	60000.000
3087	60	60000.000
3088	60	60000.000
3089	55	55000.000
3090	58	58000.000
3091	52	52000.000
3092	56	56000.000
3093	60	60000.000
3094	36	36000.000
3095	63	63000.000
3096	53	53000.000
3097	55	55000.000
3098	57	57000.000
3099	53	53000.000
3100	65	65000.000
3101	47	47000.000
3102	54	54000.000
3103	64	64000.000
3104	53	53000.000
3105	67	67000.000
3106	46	46000.000
3107	69	69000.000
3108	56	56000.000
3109	54	54000.000
3110	43	43000.000
3111	52	52000.000
3112	51	51000.000
3113	70	70000.000
3114	58	58000.000
3115	44	44000.000
3116	55	55000.000
3117	48	48000.000
3118	60	60000.000
3119	66	66000.000
3120	64	64000.000
3121	59	59000.000
3122	44	44000.000
3123	55	55000.000
3124	47	47000.000
3125	61	61000.000
3126	53	53000.000
3127	72	72000.000
3128	62	62000.000
3129	51	51000.000
3130	58	58000.000
3131	58	58000.000
3132	52	52000.000
3133	55	55000.000
3134	59	59000.000
3135	50	50000.000
3136	58	58000.000
3137	53	53000.000
3138	73	73000.000
3139	58	58000.000
3140	55	55000.000
3141	54	54000.000
3142	46	46000.000
3143	62	62000.000
3144	56	56000.000
3145	61	61000.000
3146	55	55000.000
3147	49	49000.000
3148	58	58000.000
3149	60	60000.000
3150	67	67000.000
3151	57	57000.000
3152	46	46000.000
3153	52	52000.000
3154	56	56000.000
3155	52	52000.000
3156	61	61000.000
3157	60	60000.000
3158	54	54000.000
3159	54	54000.000
3160	64	64000.000
3161	44	44000.000
3162	54	54000.000
3163	54	54000.000
3164	56	56000.000
3165	60	60000.000
3166	58	58000.000
3167	54	54000.000
3168	71	71000.000
3169	59	59000.000
3170	61	61000.000
3171	72	72000.000
3172	53	53000.000
3173	61	61000.000
3174	56	56000.000
3175	56	56000.000
3176	49	49000.000
3177	59	59000.000
3178	58	58000.000
3179	60	60000.000
3180	53	53000.000
3181	48	48000.000
3182	66	66000.000
3183	66	66000.000
3184	55	55000.000
3185	46	46000.000
3186	47	47000.000
3187	45	45000.000
3188	46	46000.000
3189	66	66000.000
3190	63	63000.000
3191	57	57000.000
3192	53	53000.000
3193	66	66000.000
3194	49	49000.000
3195	68	68000.000
3196	49	49000.000
3197	56	56000.000
3198	53	53000.000
3199	70	70000.000
3200	53	53000.000
3201	56	56000.000
3202	54	54000.000
3203	58	58000.000
3204	56	56000.000
3205	55	55000.000
3206	52	52000.000
3207	72	72000.000
3208	60	60000.000
3209	58	58000.000
3210	63	63000.000
3211	51	51000.000
3212	70	70000.000
3213	59	59000.000
3214	41	41000.000
3215	49	49000.000
3216	54	54000.000
3217	48	48000.000
3218	66	66000.000
3219	57	57000.000
3220	50	50000.000
3221	61	61000.000
3222	47	47000.000
3223	55	55000.000
3224	42	42000.000
3225	62	62000.000
3226	52	52000.000
3227	54	54000.000
3228	39	39000.000
3229	66	66000.000
3230	50	50000.000
3231	64	64000.000
3232	58	58000.000
3233	57	57000.000
3234	62	62000.000
3235	56	56000.000
3236	70	70000.000
3237	61	61000.000
3238	66	66000.000
3239	56	56000.000
3240	47	47000.000
3241	58	58000.000
3242	55	55000.000
3243	50	50000.000
3244	58	58000.000
3245	36	36000.000
3246	57	57000.000
3247	57	57000.000
3248	58	58000.000
3249	66	66000.000
3250	56	56000.000
3251	54	54000.000
3252	65	65000.000
3253	48	48000.000
3254	50	50000.000
3255	57	57000.000
3256	56	56000.000
3257	52	52000.000
3258	65	65000.000
3259	54	54000.000
3260	60	60000.000
3261	47	47000.000
3262	61	61000.000
3263	53	53000.000
3264	49	49000.000
3265	64	64000.000
3266	56	56000.000
3267	52	52000.000
3268	50	50000.000
3269	41	41000.000
3270	70	70000.000
3271	74	74000.000
3272	52	52000.000
3273	74	74000.000
3274	51	51000.000
3275	55	55000.000
3276	64	64000.000
3277	47	47000.000
3278	63	63000.000
3279	68	68000.000
3280	53	53000.000
3281	42	42000.000
3282	50	50000.000
3283	54	54000.000
3284	57	57000.000
3285	45	45000.000
3286	54	54000.000
3287	69	69000.000
3288	53	53000.000
3289	70	70000.000
3290	62	62000.000
3291	66	66000.000
3292	60	60000.000
3293	63	63000.000
3294	55	55000.000
3295	53	53000.000
3296	64	64000.000
3297	58	58000.000
3298	64	64000.000
3299	61	61000.000
3300	54	54000.000
3301	54	54000.000
3302	56	56000.000
3303	72	72000.000
3304	40	40000.000
3305	65	65000.000
3306	50	50000.000
3307	59	59000.000
3308	48	48000.000
3309	76	76000.000
3310	57	57000.000
3311	59	59000.000
3312	57	57000.000
3313	50	50000.000
3314	54	54000.000
3315	63	63000.000
3316	68	68000.000
3317	47	47000.000
3318	60	60000.000
3319	63	63000.000
3320	59	59000.000
3321	60	60000.000
3322	46	46000.000
3323	55	55000.000
3324	59	59000.000
3325	63	63000.000
3326	49	49000.000
3327	51	51000.000
3328	61	61000.000
3329	47	47000.000
3330	54	54000.000
3331	63	63000.000
3332	60	60000.000
3333	60	60000.000
3334	43	43000.000
3335	64	64000.000
3336	60	60000.000
3337	58	58000.000
3338	45	45000.000
3339	53	53000.000
3340	61	61000.000
3341	63	63000.000
3342	52	52000.000
3343	50	50000.000
3344	48	48000.000
3345	53	53000.000
3346	50	50000.000
3347	74	74000.000
3348	60	60000.000
3349	58	58000.000
3350	64	64000.000
3351	44	44000.000
3352	77	77000.000
3353	46	46000.000
3354	74	74000.000
3355	68	68000.000
3356	64	64000.000
3357	69	69000.000
3358	62	62000.000
3359	50	50000.000
3360	51	51000.000
3361	70	70000.000
3362	62	62000.000
3363	44	44000.000
3364	65	65000.000
3365	59	59000.000
3366	59	59000.000
3367	56	56000.000
3368	54	54000.000
3369	62	62000.000
3370	63	63000.000
3371	59	59000.000
3372	53	53000.000
3373	49	49000.000
3374	54	54000.000
3375	44	44000.000
3376	72	72000.000
3377	58	58000.000
3378	52	52000.000
3379	48	48000.000
3380	65	65000.000
3381	62	62000.000
3382	61	61000.000
3383	59	59000.000
3384	49	49000.000
3385	46	46000.000
3386	59	59000.000
3387	52	52000.000
3388	61	61000.000
3389	55	55000.000
3390	49	49000.000
3391	66	66000.000
3392	66	66000.000
3393	53	53000.000
3394	67	67000.000
3395	58	58000.000
3396	50	50000.000
3397	55	55000.000
3398	60	60000.000
3399	62	62000.000
3400	79	79000.000
3401	63	63000.000
3402	45	45000.000
3403	61	61000.000
3404	54	54000.000
3405	64	64000.000
3406	51	51000.000
3407	60	60000.000
3408	88	88000.000
3409	59	59000.000
3410	51	51000.000
3411	52	52000.000
3412	55	55000.000
3413	58	58000.000
3414	57	57000.000
3415	73	73000.000
3416	49	49000.000
3417	50	50000.000
3418	61	61000.000
3419	52	52000.000
3420	46	46000.000
3421	66	66000.000
3422	58	58000.000
3423	54	54000.000
3424	66	66000.000
3425	57	57000.000
3426	58	58000.000
3427	54	54000.000
3428	51	51000.000
3429	54	54000.000
3430	55	55000.000
3431	57	57000.000
3432	70	70000.000
3433	56	56000.000
3434	50	50000.000
3435	52	52000.000
3436	41	41000.000
3437	54	54000.000
3438	47	47000.000
3439	46	46000.000
3440	61	61000.000
3441	41	41000.000
3442	63	63000.000
3443	64	64000.000
3444	62	62000.000
3445	56	56000.000
3446	55	55000.000
3447	49	49000.000
3448	46	46000.000
3449	72	72000.000
3450	48	48000.000
3451	65	65000.000
3452	54	54000.000
3453	74	74000.000
3454	44	44000.000
3455	67	67000.000
3456	52	52000.000
3457	71	71000.000
3458	64	64000.000
3459	68	68000.000
3460	60	60000.000
3461	62	62000.000
3462	43	43000.000
3463	52	52000.000
3464	54	54000.000
3465	64	64000.000
3466	59	59000.000
3467	63	63000.000
3468	58	58000.000
3469	55	55000.000
3470	68	68000.000
3471	60	60000.000
3472	64	64000.000
3473	54	54000.000
3474	45	45000.000
3475	53	53000.000
3476	77	77000.000
3477	43	43000.000
3478	52	52000.000
3479	62	62000.000
3480	53	53000.000
3481	69	69000.000
3482	45	45000.000
3483	47	47000.000
3484	53	53000.000
3485	47	47000.000
3486	67	67000.000
3487	61	61000.000
3488	56	56000.000
3489	53	53000.000
3490	58	58000.000
3491	60	60000.000
3492	71	71000.000
3493	54	54000.000
3494	55	55000.000
3495	68	68000.000
3496	52	52000.000
3497	60	60000.000
3498	69	69000.000
3499	52	52000.000
3500	69	69000.000
3501	68	68000.000
3502	63	63000.000
3503	53	53000.000
3504	63	63000.000
3505	67	67000.000
3506	66	66000.000
3507	63	63000.000
3508	56	56000.000
3509	58	58000.000
3510	57	57000.000
3511	60	60000.000
3512	57	57000.000
3513	51	51000.000
3514	55	55000.000
3515	62	62000.000
3516	55	55000.000
3517	60	60000.000
3518	61	61000.000
3519	53	53000.000
3520	52	52000.000
3521	51	51000.000
3522	58	58000.000
3523	62	62000.000
3524	73	73000.000
3525	37	37000.000
3526	59	59000.000
3527	46	46000.000
3528	67	67000.000
3529	56	56000.000
3530	49	49000.000
3531	55	55000.000
3532	59	59000.000
3533	57	57000.000
3534	55	55000.000
3535	46	46000.000
3536	50	50000.000
3537	48	48000.000
3538	55	55000.000
3539	43	43000.000
3540	57	57000.000
3541	54	54000.000
3542	65	65000.000
3543	63	63000.000
3544	68	68000.000
3545	55	55000.000
3546	76	76000.000
3547	54	54000.000
3548	54	54000.000
3549	62	62000.000
3550	47	47000.000
3551	56	56000.000
3552	58	58000.000
3553	60	60000.000
3554	61	61000.000
3555	49	49000.000
3556	63	63000.000
3557	51	51000.000
3558	54	54000.000
3559	62	62000.000
3560	60	60000.000
3561	56	56000.000
3562	34	34000.000
3563	45	45000.000
3564	55	55000.000
3565	59	59000.000
3566	70	70000.000
3567	50	50000.000
3568	63	63000.000
3569	48	48000.000
3570	51	51000.000
3571	55	55000.000
3572	62	62000.000
3573	62	62000.000
3574	51	51000.000
3575	66	66000.000
3576	51	51000.000
3577	54	54000.000
3578	63	63000.000
3579	48	48000.000
3580	56	56000.000
3581	63	63000.000
3582	63	63000.000
3583	52	52000.000
3584	52	52000.000
3585	53	53000.000
3586	46	46000.000
3587	55	55000.000
3588	57	57000.000
3589	55	55000.000
3590	58	58000.000
3591	62	62000.000
3592	61	61000.000
3593	57	57000.000
3594	53	53000.000
3595	68	68000.000
3596	42	42000.000
3597	59	59000.000
3598	68	68000.000
3599	56	56000.000
3600	50	50000.000
3601	50	50000.000
3602	62	62000.000
3603	59	59000.000
3604	67	67000.000
3605	54	54000.000
3606	59	59000.000
3607	65	65000.000
3608	57	57000.000
3609	57	57000.000
3610	54	54000.000
3611	68	68000.000
3612	63	63000.000
3613	56	56000.000
3614	50	50000.000
3615	63	63000.000
3616	51	51000.000
3617	66	66000.000
3618	54	54000.000
3619	56	56000.000
3620	64	64000.000
3621	45	45000.000
3622	58	58000.000
3623	58	58000.000
3624	75	75000.000
3625	57	57000.000
3626	46	46000.000
3627	58	58000.000
3628	51	51000.000
3629	65	65000.000
3630	62	62000.000
3631	63	63000.000
3632	60	60000.000
3633	63	63000.000
3634	65	65000.000
3635	46	46000.000
3636	61	61000.000
3637	50	50000.000
3638	70	70000.000
3639	62	62000.000
3640	54	54000.000
3641	53	53000.000
3642	48	48000.000
3643	48	48000.000
3644	53	53000.000
3645	57	57000.000
3646	71	71000.000
3647	57	57000.000
3648	58	58000.000
3649	52	52000.000
3650	56	56000.000
3651	40	40000.000
3652	57	57000.000
3653	56	56000.000
3654	81	81000.000
3655	61	61000.000
3656	56	56000.000
3657	49	49000.000
3658	49	49000.000
3659	56	56000.000
3660	54	54000.000
3661	56	56000.000
3662	63	63000.000
3663	42	42000.000
3664	55	55000.000
3665	56	56000.000
3666	60	60000.000
3667	52	52000.000
3668	49	49000.000
3669	75	75000.000
3670	61	61000.000
3671	58	58000.000
3672	56	56000.000
3673	62	62000.000
3674	49	49000.000
3675	62	62000.000
3676	51	51000.000
3677	45	45000.000
3678	66	66000.000
3679	38	38000.000
3680	57	57000.000
3681	47	47000.000
3682	56	56000.000
3683	45	45000.000
3684	51	51000.000
3685	48	48000.000
3686	53	53000.000
3687	73	73000.000
3688	44	44000.000
3689	72	72000.000
3690	62	62000.000
3691	61	61000.000
3692	58	58000.000
3693	58	58000.000
3694	69	69000.000
3695	61	61000.000
3696	68	68000.000
3697	51	51000.000
3698	64	64000.000
3699	61	61000.000
3700	58	58000.000
3701	60	60000.000
3702	47	47000.000
3703	52	52000.000
3704	66	66000.000
3705	54	54000.000
3706	53	53000.000
3707	62	62000.000
3708	52	52000.000
3709	62	62000.000
3710	57	57000.000
3711	58	58000.000
3712	42	42000.000
3713	60	60000.000
3714	58	58000.000
3715	50	50000.000
3716	59	59000.000
3717	54	54000.000
3718	63	63000.000
3719	57	57000.000
3720	61	61000.000
3721	68	68000.000
3722	57	57000.000
3723	68	68000.000
3724	59	59000.000
3725	57	57000.000
3726	58	58000.000
3727	52	52000.000
3728	57	57000.000
3729	56	56000.000
3730	66	66000.000
3731	69	69000.000
3732	41	41000.000
3733	61	61000.000
3734	51	51000.000
3735	47	47000.000
3736	59	59000.000
3737	53	53000.000
3738	52	52000.000
3739	56	56000.000
3740	56	56000.000
3741	54	54000.000
3742	67	67000.000
3743	59	59000.000
3744	49	49000.000
3745	80	80000.000
3746	56	56000.000
3747	62	62000.000
3748	40	40000.000
3749	63	63000.000
3750	65	65000.000
3751	71	71000.000
3752	63	63000.000
3753	58	58000.000
3754	51	51000.000
3755	69	69000.000
3756	78	78000.000
3757	61	61000.000
3758	67	67000.000
3759	59	59000.000
3760	51	51000.000
3761	59	59000.000
3762	56	56000.000
3763	43	43000.000
3764	73	73000.000
3765	68	68000.000
3766	60	60000.000
3767	57	57000.000
3768	65	65000.000
3769	62	62000.000
3770	59	59000.000
3771	69	69000.000
3772	50	50000.000
3773	67	67000.000
3774	51	51000.000
3775	57	57000.000
3776	69	69000.000
3777	56	56000.000
3778	60	60000.000
3779	59	59000.000
3780	50	50000.000
3781	63	63000.000
3782	62	62000.000
3783	49	49000.000
3784	59	59000.000
3785	49	49000.000
3786	62	62000.000
3787	51	51000.000
3788	67	67000.000
3789	62	62000.000
3790	55	55000.000
3791	44	44000.000
3792	65	65000.000
3793	60	60000.000
3794	64	64000.000
3795	63	63000.000
3796	64	64000.000
3797	65	65000.000
3798	53	53000.000
3799	63	63000.000
3800	62	62000.000
3801	51	51000.000
3802	58	58000.000
3803	52	52000.000
3804	49	49000.000
3805	51	51000.000
3806	63	63000.000
3807	42	42000.000
3808	61	61000.000
3809	40	40000.000
3810	56	56000.000
3811	67	67000.000
3812	42	42000.000
3813	54	54000.000
3814	52	52000.000
3815	61	61000.000
3816	53	53000.000
3817	63	63000.000
3818	45	45000.000
3819	59	59000.000
3820	53	53000.000
3821	53	53000.000
3822	45	45000.000
3823	61	61000.000
3824	63	63000.000
3825	65	65000.000
3826	49	49000.000
3827	45	45000.000
3828	44	44000.000
3829	60	60000.000
3830	56	56000.000
3831	66	66000.000
3832	67	67000.000
3833	50	50000.000
3834	62	62000.000
3835	52	52000.000
3836	58	58000.000
3837	59	59000.000
3838	48	48000.000
3839	53	53000.000
3840	60	60000.000
3841	57	57000.000
3842	68	68000.000
3843	43	43000.000
3844	56	56000.000
3845	71	71000.000
3846	68	68000.000
3847	69	69000.000
3848	72	72000.000
3849	55	55000.000
3850	53	53000.000
3851	51	51000.000
3852	62	62000.000
3853	76	76000.000
3854	57	57000.000
3855	55	55000.000
3856	63	63000.000
3857	59	59000.000
3858	60	60000.000
3859	66	66000.000
3860	67	67000.000
3861	58	58000.000
3862	62	62000.000
3863	60	60000.000
3864	53	53000.000
3865	61	61000.000
3866	55	55000.000
3867	58	58000.000
3868	75	75000.000
3869	62	62000.000
3870	54	54000.000
3871	56	56000.000
3872	58	58000.000
3873	68	68000.000
3874	57	57000.000
3875	46	46000.000
3876	51	51000.000
3877	52	52000.000
3878	58	58000.000
3879	54	54000.000
3880	45	45000.000
3881	66	66000.000
3882	64	64000.000
3883	61	61000.000
3884	70	70000.000
3885	43	43000.000
3886	46	46000.000
3887	53	53000.000
3888	55	55000.000
3889	54	54000.000
3890	58	58000.000
3891	71	71000.000
3892	64	64000.000
3893	62	62000.000
3894	45	45000.000
3895	58	58000.000
3896	47	47000.000
3897	84	84000.000
3898	47	47000.000
3899	59	59000.000
3900	48	48000.000
3901	62	62000.000
3902	56	56000.000
3903	42	42000.000
3904	60	60000.000
3905	46	46000.000
3906	70	70000.000
3907	69	69000.000
3908	77	77000.000
3909	68	68000.000
3910	54	54000.000
3911	66	66000.000
3912	60	60000.000
3913	67	67000.000
3914	61	61000.000
3915	65	65000.000
3916	56	56000.000
3917	52	52000.000
3918	55	55000.000
3919	48	48000.000
3920	39	39000.000
3921	46	46000.000
3922	55	55000.000
3923	60	60000.000
3924	51	51000.000
3925	63	63000.000
3926	59	59000.000
3927	64	64000.000
3928	58	58000.000
3929	55	55000.000
3930	51	51000.000
3931	63	63000.000
3932	55	55000.000
3933	52	52000.000
3934	52	52000.000
3935	51	51000.000
3936	50	50000.000
3937	47	47000.000
3938	52	52000.000
3939	57	57000.000
3940	51	51000.000
3941	56	56000.000
3942	70	70000.000
3943	48	48000.000
3944	58	58000.000
3945	58	58000.000
3946	57	57000.000
3947	64	64000.000
3948	61	61000.000
3949	68	68000.000
3950	50	50000.000
3951	82	82000.000
3952	57	57000.000
3953	57	57000.000
3954	53	53000.000
3955	67	67000.000
3956	55	55000.000
3957	48	48000.000
3958	55	55000.000
3959	54	54000.000
3960	48	48000.000
3961	57	57000.000
3962	60	60000.000
3963	55	55000.000
3964	55	55000.000
3965	51	51000.000
3966	47	47000.000
3967	44	44000.000
3968	48	48000.000
3969	69	69000.000
3970	55	55000.000
3971	54	54000.000
3972	54	54000.000
3973	64	64000.000
3974	55	55000.000
3975	52	52000.000
3976	52	52000.000
3977	44	44000.000
3978	57	57000.000
3979	53	53000.000
3980	50	50000.000
3981	51	51000.000
3982	50	50000.000
3983	62	62000.000
3984	60	60000.000
3985	61	61000.000
3986	65	65000.000
3987	41	41000.000
3988	58	58000.000
3989	56	56000.000
3990	47	47000.000
3991	58	58000.000
3992	68	68000.000
3993	63	63000.000
3994	51	51000.000
3995	68	68000.000
3996	54	54000.000
3997	58	58000.000
3998	54	54000.000
3999	65	65000.000
4000	45	45000.000
4001	60	60000.000
4002	62	62000.000
4003	57	57000.000
4004	57	57000.000
4005	64	64000.000
4006	60	60000.000
4007	64	64000.000
4008	68	68000.000
4009	52	52000.000
4010	63	63000.000
4011	58	58000.000
4012	52	52000.000
4013	67	67000.000
4014	66	66000.000
4015	48	48000.000
4016	44	44000.000
4017	60	60000.000
4018	61	61000.000
4019	62	62000.000
4020	65	65000.000
4021	50	50000.000
4022	61	61000.000
4023	56	56000.000
4024	72	72000.000
4025	68	68000.000
4026	56	56000.000
4027	51	51000.000
4028	63	63000.000
4029	51	51000.000
4030	46	46000.000
4031	64	64000.000
4032	63	63000.000
4033	61	61000.000
4034	44	44000.000
4035	61	61000.000
4036	60	60000.000
4037	56	56000.000
4038	47	47000.000
4039	54	54000.000
4040	57	57000.000
4041	63	63000.000
4042	51	51000.000
4043	47	47000.000
4044	62	62000.000
4045	58	58000.000
4046	50	50000.000
4047	47	47000.000
4048	53	53000.000
4049	52	52000.000
4050	54	54000.000
4051	59	59000.000
4052	55	55000.000
4053	52	52000.000
4054	47	47000.000
4055	47	47000.000
4056	46	46000.000
4057	70	70000.000
4058	62	62000.000
4059	64	64000.000
4060	58	58000.000
4061	47	47000.000
4062	52	52000.000
4063	56	56000.000
4064	56	56000.000
4065	59	59000.000
4066	63	63000.000
4067	57	57000.000
4068	57	57000.000
4069	52	52000.000
4070	55	55000.000
4071	65	65000.000
4072	38	38000.000
4073	61	61000.000
4074	57	57000.000
4075	67	67000.000
4076	51	51000.000
4077	76	76000.000
4078	72	72000.000
4079	52	52000.000
4080	69	69000.000
4081	61	61000.000
4082	52	52000.000
4083	52	52000.000
4084	39	39000.000
4085	67	67000.000
4086	66	66000.000
4087	65	65000.000
4088	58	58000.000
4089	62	62000.000
4090	63	63000.000
4091	47	47000.000
4092	58	58000.000
4093	57	57000.000
4094	53	53000.000
4095	64	64000.000
4096	58	58000.000
4097	47	47000.000
4098	64	64000.000
4099	55	55000.000
4100	57	57000.000
4101	63	63000.000
4102	67	67000.000
4103	38	38000.000
4104	72	72000.000
4105	56	56000.000
4106	65	65000.000
4107	59	59000.000
4108	65	65000.000
4109	63	63000.000
4110	54	54000.000
4111	65	65000.000
4112	68	68000.000
4113	61	61000.000
4114	56	56000.000
4115	61	61000.000
4116	59	59000.000
4117	60	60000.000
4118	53	53000.000
4119	50	50000.000
4120	59	59000.000
4121	59	59000.000
4122	57	57000.000
4123	63	63000.000
4124	63	63000.000
4125	45	45000.000
4126	60	60000.000
4127	55	55000.000
4128	54	54000.000
4129	34	34000.000
4130	55	55000.000
4131	47	47000.000
4132	53	53000.000
4133	57	57000.000
4134	72	72000.000
4135	56	56000.000
4136	56	56000.000
4137	59	59000.000
4138	58	58000.000
4139	64	64000.000
4140	57	57000.000
4141	67	67000.000
4142	62	62000.000
4143	63	63000.000
4144	54	54000.000
4145	60	60000.000
4146	57	57000.000
4147	64	64000.000
4148	56	56000.000
4149	39	39000.000
4150	75	75000.000
4151	66	66000.000
4152	57	57000.000
4153	67	67000.000
4154	56	56000.000
4155	62	62000.000
4156	56	56000.000
4157	49	49000.000
4158	38	38000.000
4159	60	60000.000
4160	58	58000.000
4161	51	51000.000
4162	35	35000.000
4163	69	69000.000
4164	58	58000.000
4165	53	53000.000
4166	58	58000.000
4167	57	57000.000
4168	66	66000.000
4169	70	70000.000
4170	68	68000.000
4171	53	53000.000
4172	59	59000.000
4173	57	57000.000
4174	52	52000.000
4175	56	56000.000
4176	48	48000.000
4177	55	55000.000
4178	58	58000.000
4179	52	52000.000
4180	59	59000.000
4181	56	56000.000
4182	53	53000.000
4183	63	63000.000
4184	56	56000.000
4185	40	40000.000
4186	52	52000.000
4187	63	63000.000
4188	57	57000.000
4189	55	55000.000
4190	56	56000.000
4191	63	63000.000
4192	70	70000.000
4193	63	63000.000
4194	61	61000.000
4195	69	69000.000
4196	68	68000.000
4197	43	43000.000
4198	74	74000.000
4199	56	56000.000
4200	57	57000.000
4201	46	46000.000
4202	46	46000.000
4203	57	57000.000
4204	61	61000.000
4205	55	55000.000
4206	51	51000.000
4207	51	51000.000
4208	46	46000.000
4209	53	53000.000
4210	64	64000.000
4211	54	54000.000
4212	52	52000.000
4213	66	66000.000
4214	56	56000.000
4215	63	63000.000
4216	65	65000.000
4217	59	59000.000
4218	69	69000.000
4219	67	67000.000
4220	52	52000.000
4221	64	64000.000
4222	55	55000.000
4223	41	41000.000
4224	46	46000.000
4225	53	53000.000
4226	59	59000.000
4227	58	58000.000
4228	57	57000.000
4229	58	58000.000
4230	51	51000.000
4231	55	55000.000
4232	71	71000.000
4233	61	61000.000
4234	65	65000.000
4235	43	43000.000
4236	63	63000.000
4237	54	54000.000
4238	66	66000.000
4239	57	57000.000
4240	75	75000.000
4241	72	72000.000
4242	64	64000.000
4243	64	64000.000
4244	65	65000.000
4245	56	56000.000
4246	60	60000.000
4247	50	50000.000
4248	68	68000.000
4249	52	52000.000
4250	51	51000.000
4251	59	59000.000
4252	61	61000.000
4253	68	68000.000
4254	43	43000.000
4255	57	57000.000
4256	59	59000.000
4257	55	55000.000
4258	45	45000.000
4259	57	57000.000
4260	44	44000.000
4261	61	61000.000
4262	59	59000.000
4263	48	48000.000
4264	54	54000.000
4265	46	46000.000
4266	64	64000.000
4267	48	48000.000
4268	49	49000.000
4269	53	53000.000
4270	60	60000.000
4271	50	50000.000
4272	52	52000.000
4273	48	48000.000
4274	51	51000.000
4275	50	50000.000
4276	54	54000.000
4277	58	58000.000
4278	66	66000.000
4279	61	61000.000
4280	64	64000.000
4281	66	66000.000
4282	52	52000.000
4283	59	59000.000
4284	52	52000.000
4285	59	59000.000
4286	58	58000.000
4287	55	55000.000
4288	55	55000.000
4289	63	63000.000
4290	43	43000.000
4291	62	62000.000
4292	45	45000.000
4293	60	60000.000
4294	58	58000.000
4295	49	49000.000
4296	65	65000.000
4297	64	64000.000
4298	67	67000.000
4299	69	69000.000
4300	53	53000.000
4301	57	57000.000
4302	58	58000.000
4303	66	66000.000
4304	40	40000.000
4305	66	66000.000
4306	57	57000.000
4307	53	53000.000
4308	46	46000.000
4309	65	65000.000
4310	74	74000.000
4311	63	63000.000
4312	43	43000.000
4313	60	60000.000
4314	51	51000.000
4315	58	58000.000
4316	49	49000.000
4317	60	60000.000
4318	59	59000.000
4319	61	61000.000
4320	73	73000.000
4321	49	49000.000
4322	53	53000.000
4323	58	58000.000
4324	57	57000.000
4325	60	60000.000
4326	58	58000.000
4327	60	60000.000
4328	68	68000.000
4329	71	71000.000
4330	42	42000.000
4331	68	68000.000
4332	49	49000.000
4333	66	66000.000
4334	52	52000.000
4335	56	56000.000
4336	49	49000.000
4337	56	56000.000
4338	62	62000.000
4339	64	64000.000
4340	59	59000.000
4341	47	47000.000
4342	51	51000.000
4343	62	62000.000
4344	61	61000.000
4345	45	45000.000
4346	64	64000.000
4347	49	49000.000
4348	54	54000.000
4349	48	48000.000
4350	71	71000.000
4351	60	60000.000
4352	70	70000.000
4353	59	59000.000
4354	58	58000.000
4355	58	58000.000
4356	48	48000.000
4357	61	61000.000
4358	60	60000.000
4359	59	59000.000
4360	82	82000.000
4361	55	55000.000
4362	59	59000.000
4363	48	48000.000
4364	57	57000.000
4365	45	45000.000
4366	54	54000.000
4367	66	66000.000
4368	50	50000.000
4369	63	63000.000
4370	50	50000.000
4371	69	69000.000
4372	72	72000.000
4373	50	50000.000
4374	46	46000.000
4375	45	45000.000
4376	57	57000.000
4377	64	64000.000
4378	77	77000.000
4379	64	64000.000
4380	58	58000.000
4381	67	67000.000
4382	67	67000.000
4383	57	57000.000
4384	57	57000.000
4385	51	51000.000
4386	60	60000.000
4387	53	53000.000
4388	61	61000.000
4389	61	61000.000
4390	58	58000.000
4391	52	52000.000
4392	50	50000.000
4393	56	56000.000
4394	42	42000.000
4395	47	47000.000
4396	55	55000.000
4397	66	66000.000
4398	66	66000.000
4399	60	60000.000
4400	60	60000.000
4401	41	41000.000
4402	63	63000.000
4403	47	47000.000
4404	66	66000.000
4405	62	62000.000
4406	42	42000.000
4407	50	50000.000
4408	56	56000.000
4409	53	53000.000
4410	44	44000.000
4411	63	63000.000
4412	55	55000.000
4413	51	51000.000
4414	59	59000.000
4415	53	53000.000
4416	63	63000.000
4417	54	54000.000
4418	62	62000.000
4419	48	48000.000
4420	58	58000.000
4421	72	72000.000
4422	55	55000.000
4423	65	65000.000
4424	53	53000.000
4425	55	55000.000
4426	56	56000.000
4427	64	64000.000
4428	66	66000.000
4429	48	48000.000
4430	67	67000.000
4431	60	60000.000
4432	57	57000.000
4433	53	53000.000
4434	61	61000.000
4435	57	57000.000
4436	68	68000.000
4437	57	57000.000
4438	56	56000.000
4439	53	53000.000
4440	46	46000.000
4441	59	59000.000
4442	46	46000.000
4443	58	58000.000
4444	54	54000.000
4445	59	59000.000
4446	47	47000.000
4447	49	49000.000
4448	66	66000.000
4449	55	55000.000
4450	55	55000.000
4451	56	56000.000
4452	50	50000.000
4453	51	51000.000
4454	64	64000.000
4455	50	50000.000
4456	52	52000.000
4457	46	46000.000
4458	51	51000.000
4459	72	72000.000
4460	63	63000.000
4461	57	57000.000
4462	50	50000.000
4463	50	50000.000
4464	64	64000.000
4465	48	48000.000
4466	50	50000.000
4467	55	55000.000
4468	34	34000.000
4469	54	54000.000
4470	67	67000.000
4471	45	45000.000
4472	53	53000.000
4473	65	65000.000
4474	59	59000.000
4475	56	56000.000
4476	51	51000.000
4477	45	45000.000
4478	57	57000.000
4479	63	63000.000
4480	58	58000.000
4481	63	63000.000
4482	67	67000.000
4483	57	57000.000
4484	42	42000.000
4485	60	60000.000
4486	54	54000.000
4487	50	50000.000
4488	45	45000.000
4489	73	73000.000
4490	66	66000.000
4491	64	64000.000
4492	60	60000.000
4493	49	49000.000
4494	54	54000.000
4495	52	52000.000
4496	62	62000.000
4497	55	55000.000
4498	58	58000.000
4499	57	57000.000
4500	63	63000.000
4501	52	52000.000
4502	52	52000.000
4503	54	54000.000
4504	48	48000.000
4505	51	51000.000
4506	48	48000.000
4507	67	67000.000
4508	63	63000.000
4509	48	48000.000
4510	64	64000.000
4511	56	56000.000
4512	56	56000.000
4513	56	56000.000
4514	51	51000.000
4515	57	57000.000
4516	59	59000.000
4517	48	48000.000
4518	71	71000.000
4519	64	64000.000
4520	47	47000.000
4521	69	69000.000
4522	41	41000.000
4523	61	61000.000
4524	70	70000.000
4525	52	52000.000
4526	55	55000.000
4527	53	53000.000
4528	53	53000.000
4529	65	65000.000
4530	59	59000.000
4531	59	59000.000
4532	46	46000.000
4533	47	47000.000
4534	57	57000.000
4535	52	52000.000
4536	63	63000.000
4537	68	68000.000
4538	60	60000.000
4539	59	59000.000
4540	58	58000.000
4541	57	57000.000
4542	54	54000.000
4543	61	61000.000
4544	51	51000.000
4545	42	42000.000
4546	59	59000.000
4547	55	55000.000
4548	61	61000.000
4549	58	58000.000
4550	47	47000.000
4551	52	52000.000
4552	59	59000.000
4553	73	73000.000
4554	42	42000.000
4555	52	52000.000
4556	60	60000.000
4557	67	67000.000
4558	43	43000.000
4559	53	53000.000
4560	59	59000.000
4561	62	62000.000
4562	79	79000.000
4563	50	50000.000
4564	47	47000.000
4565	48	48000.000
4566	65	65000.000
4567	48	48000.000
4568	52	52000.000
4569	40	40000.000
4570	55	55000.000
4571	64	64000.000
4572	54	54000.000
4573	49	49000.000
4574	42	42000.000
4575	50	50000.000
4576	69	69000.000
4577	54	54000.000
4578	67	67000.000
4579	47	47000.000
4580	59	59000.000
4581	53	53000.000
4582	68	68000.000
4583	59	59000.000
4584	42	42000.000
4585	50	50000.000
4586	64	64000.000
4587	53	53000.000
4588	58	58000.000
4589	59	59000.000
4590	48	48000.000
4591	59	59000.000
4592	43	43000.000
4593	57	57000.000
4594	69	69000.000
4595	52	52000.000
4596	65	65000.000
4597	56	56000.000
4598	59	59000.000
4599	60	60000.000
4600	62	62000.000
4601	60	60000.000
4602	55	55000.000
4603	66	66000.000
4604	67	67000.000
4605	47	47000.000
4606	62	62000.000
4607	60	60000.000
4608	47	47000.000
4609	67	67000.000
4610	60	60000.000
4611	61	61000.000
4612	64	64000.000
4613	53	53000.000
4614	53	53000.000
4615	68	68000.000
4616	60	60000.000
4617	57	57000.000
4618	48	48000.000
4619	64	64000.000
4620	35	35000.000
4621	46	46000.000
4622	67	67000.000
4623	56	56000.000
4624	49	49000.000
4625	61	61000.000
4626	68	68000.000
4627	44	44000.000
4628	59	59000.000
4629	71	71000.000
4630	59	59000.000
4631	64	64000.000
4632	71	71000.000
4633	59	59000.000
4634	61	61000.000
4635	58	58000.000
4636	60	60000.000
4637	51	51000.000
4638	45	45000.000
4639	58	58000.000
4640	66	66000.000
4641	58	58000.000
4642	49	49000.000
4643	63	63000.000
4644	53	53000.000
4645	63	63000.000
4646	68	68000.000
4647	52	52000.000
4648	60	60000.000
4649	51	51000.000
4650	62	62000.000
4651	58	58000.000
4652	42	42000.000
4653	52	52000.000
4654	49	49000.000
4655	67	67000.000
4656	61	61000.000
4657	61	61000.000
4658	42	42000.000
4659	53	53000.000
4660	65	65000.000
4661	55	55000.000
4662	60	60000.000
4663	68	68000.000
4664	72	72000.000
4665	53	53000.000
4666	64	64000.000
4667	57	57000.000
4668	56	56000.000
4669	54	54000.000
4670	54	54000.000
4671	57	57000.000
4672	68	68000.000
4673	71	71000.000
4674	65	65000.000
4675	57	57000.000
4676	74	74000.000
4677	66	66000.000
4678	67	67000.000
4679	63	63000.000
4680	63	63000.000
4681	60	60000.000
4682	58	58000.000
4683	49	49000.000
4684	63	63000.000
4685	47	47000.000
4686	57	57000.000
4687	55	55000.000
4688	57	57000.000
4689	58	58000.000
4690	50	50000.000
4691	53	53000.000
4692	59	59000.000
4693	56	56000.000
4694	54	54000.000
4695	57	57000.000
4696	50	50000.000
4697	60	60000.000
4698	55	55000.000
4699	65	65000.000
4700	52	52000.000
4701	56	56000.000
4702	46	46000.000
4703	61	61000.000
4704	69	69000.000
4705	47	47000.000
4706	61	61000.000
4707	68	68000.000
4708	58	58000.000
4709	58	58000.000
4710	58	58000.000
4711	58	58000.000
4712	58	58000.000
4713	56	56000.000
4714	47	47000.000
4715	51	51000.000
4716	60	60000.000
4717	65	65000.000
4718	53	53000.000
4719	65	65000.000
4720	68	68000.000
4721	62	62000.000
4722	51	51000.000
4723	48	48000.000
4724	64	64000.000
4725	59	59000.000
4726	68	68000.000
4727	53	53000.000
4728	48	48000.000
4729	41	41000.000
4730	53	53000.000
4731	58	58000.000
4732	54	54000.000
4733	75	75000.000
4734	60	60000.000
4735	63	63000.000
4736	60	60000.000
4737	79	79000.000
4738	54	54000.000
4739	56	56000.000
4740	62	62000.000
4741	61	61000.000
4742	53	53000.000
4743	58	58000.000
4744	60	60000.000
4745	67	67000.000
4746	56	56000.000
4747	64	64000.000
4748	51	51000.000
4749	53	53000.000
4750	57	57000.000
4751	68	68000.000
4752	64	64000.000
4753	45	45000.000
4754	57	57000.000
4755	41	41000.000
4756	59	59000.000
4757	45	45000.000
4758	55	55000.000
4759	53	53000.000
4760	59	59000.000
4761	58	58000.000
4762	61	61000.000
4763	63	63000.000
4764	57	57000.000
4765	72	72000.000
4766	59	59000.000
4767	71	71000.000
4768	52	52000.000
4769	52	52000.000
4770	50	50000.000
4771	64	64000.000
4772	58	58000.000
4773	62	62000.000
4774	50	50000.000
4775	62	62000.000
4776	63	63000.000
4777	62	62000.000
4778	57	57000.000
4779	58	58000.000
4780	51	51000.000
4781	49	49000.000
4782	52	52000.000
4783	57	57000.000
4784	58	58000.000
4785	57	57000.000
4786	61	61000.000
4787	56	56000.000
4788	51	51000.000
4789	54	54000.000
4790	58	58000.000
4791	57	57000.000
4792	64	64000.000
4793	64	64000.000
4794	62	62000.000
4795	59	59000.000
4796	52	52000.000
4797	46	46000.000
4798	63	63000.000
4799	56	56000.000
4800	64	64000.000
4801	58	58000.000
4802	62	62000.000
4803	58	58000.000
4804	57	57000.000
4805	50	50000.000
4806	50	50000.000
4807	65	65000.000
4808	49	49000.000
4809	68	68000.000
4810	68	68000.000
4811	55	55000.000
4812	47	47000.000
4813	65	65000.000
4814	44	44000.000
4815	64	64000.000
4816	67	67000.000
4817	64	64000.000
4818	59	59000.000
4819	66	66000.000
4820	60	60000.000
4821	51	51000.000
4822	63	63000.000
4823	60	60000.000
4824	62	62000.000
4825	51	51000.000
4826	58	58000.000
4827	63	63000.000
4828	60	60000.000
4829	61	61000.000
4830	53	53000.000
4831	51	51000.000
4832	60	60000.000
4833	47	47000.000
4834	55	55000.000
4835	67	67000.000
4836	48	48000.000
4837	60	60000.000
4838	48	48000.000
4839	70	70000.000
4840	49	49000.000
4841	40	40000.000
4842	53	53000.000
4843	69	69000.000
4844	72	72000.000
4845	60	60000.000
4846	71	71000.000
4847	51	51000.000
4848	72	72000.000
4849	56	56000.000
4850	71	71000.000
4851	59	59000.000
4852	73	73000.000
4853	58	58000.000
4854	52	52000.000
4855	58	58000.000
4856	63	63000.000
4857	59	59000.000
4858	61	61000.000
4859	61	61000.000
4860	52	52000.000
4861	51	51000.000
4862	68	68000.000
4863	62	62000.000
4864	62	62000.000
4865	67	67000.000
4866	70	70000.000
4867	73	73000.000
4868	50	50000.000
4869	52	52000.000
4870	53	53000.000
4871	52	52000.000
4872	62	62000.000
4873	56	56000.000
4874	58	58000.000
4875	66	66000.000
4876	60	60000.000
4877	70	70000.000
4878	59	59000.000
4879	67	67000.000
4880	59	59000.000
4881	70	70000.000
4882	63	63000.000
4883	71	71000.000
4884	46	46000.000
4885	70	70000.000
4886	66	66000.000
4887	55	55000.000
4888	62	62000.000
4889	42	42000.000
4890	48	48000.000
4891	58	58000.000
4892	50	50000.000
4893	53	53000.000
4894	42	42000.000
4895	49	49000.000
4896	66	66000.000
4897	54	54000.000
4898	61	61000.000
4899	57	57000.000
4900	57	57000.000
4901	51	51000.000
4902	52	52000.000
4903	64	64000.000
4904	57	57000.000
4905	52	52000.000
4906	61	61000.000
4907	74	74000.000
4908	61	61000.000
4909	54	54000.000
4910	67	67000.000
4911	53	53000.000
4912	67	67000.000
4913	48	48000.000
4914	56	56000.000
4915	61	61000.000
4916	57	57000.000
4917	64	64000.000
4918	61	61000.000
4919	61	61000.000
4920	63	63000.000
4921	59	59000.000
4922	57	57000.000
4923	55	55000.000
4924	48	48000.000
4925	66	66000.000
4926	52	52000.000
4927	49	49000.000
4928	43	43000.000
4929	64	64000.000
4930	50	50000.000
4931	61	61000.000
4932	70	70000.000
4933	65	65000.000
4934	61	61000.000
4935	53	53000.000
4936	67	67000.000
4937	71	71000.000
4938	49	49000.000
4939	46	46000.000
4940	49	49000.000
4941	55	55000.000
4942	51	51000.000
4943	57	57000.000
4944	64	64000.000
4945	60	60000.000
4946	57	57000.000
4947	49	49000.000
4948	53	53000.000
4949	60	60000.000
4950	49	49000.000
4951	60	60000.000
4952	49	49000.000
4953	66	66000.000
4954	51	51000.000
4955	62	62000.000
4956	54	54000.000
4957	46	46000.000
4958	64	64000.000
4959	52	52000.000
4960	39	39000.000
4961	64	64000.000
4962	56	56000.000
4963	53	53000.000
4964	45	45000.000
4965	55	55000.000
4966	59	59000.000
4967	50	50000.000
4968	61	61000.000
4969	45	45000.000
4970	49	49000.000
4971	56	56000.000
4972	60	60000.000
4973	45	45000.000
4974	57	57000.000
4975	51	51000.000
4976	68	68000.000
4977	71	71000.000
4978	63	63000.000
4979	52	52000.000
4980	54	54000.000
4981	46	46000.000
4982	51	51000.000
4983	63	63000.000
4984	60	60000.000
4985	58	58000.000
4986	41	41000.000
4987	54	54000.000
4988	60	60000.000
4989	60	60000.000
4990	47	47000.000
4991	57	57000.000
4992	54	54000.000
4993	44	44000.000
4994	67	67000.000
4995	49	49000.000
4996	60	60000.000
4997	55	55000.000
4998	60	60000.000
4999	52	52000.000
5000	70	70000.000
5001	67	67000.000
5002	60	60000.000
5003	65	65000.000
5004	49	49000.000
5005	55	55000.000
5006	67	67000.000
5007	67	67000.000
5008	54	54000.000
5009	61	61000.000
5010	58	58000.000
5011	61	61000.000
5012	58	58000.000
5013	63	63000.000
5014	57	57000.000
5015	63	63000.000
5016	42	42000.000
5017	45	45000.000
5018	47	47000.000
5019	54	54000.000
5020	69	69000.000
5021	53	53000.000
5022	73	73000.000
5023	53	53000.000
5024	40	40000.000
5025	57	57000.000
5026	65	65000.000
5027	59	59000.000
5028	71	71000.000
5029	57	57000.000
5030	52	52000.000
5031	56	56000.000
5032	69	69000.000
5033	59	59000.000
5034	63	63000.000
5035	50	50000.000
5036	48	48000.000
5037	53	53000.000
5038	51	51000.000
5039	60	60000.000
5040	48	48000.000
5041	53	53000.000
5042	40	40000.000
5043	62	62000.000
5044	61	61000.000
5045	53	53000.000
5046	48	48000.000
5047	46	46000.000
5048	51	51000.000
5049	67	67000.000
5050	54	54000.000
5051	74	74000.000
5052	61	61000.000
5053	50	50000.000
5054	63	63000.000
5055	56	56000.000
5056	54	54000.000
5057	60	60000.000
5058	53	53000.000
5059	56	56000.000
5060	74	74000.000
5061	57	57000.000
5062	50	50000.000
5063	73	73000.000
5064	54	54000.000
5065	65	65000.000
5066	66	66000.000
5067	61	61000.000
5068	49	49000.000
5069	42	42000.000
5070	43	43000.000
5071	64	64000.000
5072	57	57000.000
5073	50	50000.000
5074	59	59000.000
5075	68	68000.000
5076	61	61000.000
5077	53	53000.000
5078	50	50000.000
5079	54	54000.000
5080	58	58000.000
5081	59	59000.000
5082	67	67000.000
5083	58	58000.000
5084	69	69000.000
5085	54	54000.000
5086	56	56000.000
5087	37	37000.000
5088	50	50000.000
5089	45	45000.000
5090	68	68000.000
5091	64	64000.000
5092	61	61000.000
5093	51	51000.000
5094	50	50000.000
5095	55	55000.000
5096	56	56000.000
5097	50	50000.000
5098	42	42000.000
5099	58	58000.000
5100	55	55000.000
5101	62	62000.000
5102	50	50000.000
5103	52	52000.000
5104	49	49000.000
5105	57	57000.000
5106	58	58000.000
5107	54	54000.000
5108	66	66000.000
5109	57	57000.000
5110	64	64000.000
5111	56	56000.000
5112	55	55000.000
5113	55	55000.000
5114	63	63000.000
5115	59	59000.000
5116	64	64000.000
5117	64	64000.000
5118	55	55000.000
5119	56	56000.000
5120	51	51000.000
5121	48	48000.000
5122	48	48000.000
5123	54	54000.000
5124	51	51000.000
5125	56	56000.000
5126	62	62000.000
5127	42	42000.000
5128	75	75000.000
5129	58	58000.000
5130	62	62000.000
5131	61	61000.000
5132	60	60000.000
5133	50	50000.000
5134	69	69000.000
5135	56	56000.000
5136	75	75000.000
5137	55	55000.000
5138	64	64000.000
5139	57	57000.000
5140	43	43000.000
5141	63	63000.000
5142	80	80000.000
5143	53	53000.000
5144	72	72000.000
5145	73	73000.000
5146	71	71000.000
5147	54	54000.000
5148	56	56000.000
5149	69	69000.000
5150	50	50000.000
5151	67	67000.000
5152	70	70000.000
5153	66	66000.000
5154	59	59000.000
5155	51	51000.000
5156	49	49000.000
5157	53	53000.000
5158	67	67000.000
5159	62	62000.000
5160	45	45000.000
5161	65	65000.000
5162	49	49000.000
5163	62	62000.000
5164	51	51000.000
5165	70	70000.000
5166	61	61000.000
5167	69	69000.000
5168	51	51000.000
5169	57	57000.000
5170	61	61000.000
5171	61	61000.000
5172	69	69000.000
5173	50	50000.000
5174	54	54000.000
5175	62	62000.000
5176	74	74000.000
5177	68	68000.000
5178	65	65000.000
5179	54	54000.000
5180	50	50000.000
5181	86	86000.000
5182	74	74000.000
5183	51	51000.000
5184	50	50000.000
5185	76	76000.000
5186	43	43000.000
5187	62	62000.000
5188	51	51000.000
5189	61	61000.000
5190	52	52000.000
5191	78	78000.000
5192	48	48000.000
5193	65	65000.000
5194	44	44000.000
5195	63	63000.000
5196	57	57000.000
5197	59	59000.000
5198	47	47000.000
5199	65	65000.000
5200	59	59000.000
5201	52	52000.000
5202	46	46000.000
5203	49	49000.000
5204	44	44000.000
5205	62	62000.000
5206	49	49000.000
5207	61	61000.000
5208	51	51000.000
5209	64	64000.000
5210	58	58000.000
5211	55	55000.000
5212	50	50000.000
5213	74	74000.000
5214	55	55000.000
5215	58	58000.000
5216	47	47000.000
5217	58	58000.000
5218	56	56000.000
5219	60	60000.000
5220	46	46000.000
5221	61	61000.000
5222	63	63000.000
5223	50	50000.000
5224	55	55000.000
5225	70	70000.000
5226	72	72000.000
5227	62	62000.000
5228	46	46000.000
5229	63	63000.000
5230	58	58000.000
5231	65	65000.000
5232	67	67000.000
5233	60	60000.000
5234	62	62000.000
5235	71	71000.000
5236	54	54000.000
5237	83	83000.000
5238	48	48000.000
5239	57	57000.000
5240	53	53000.000
5241	63	63000.000
5242	53	53000.000
5243	73	73000.000
5244	64	64000.000
5245	55	55000.000
5246	57	57000.000
5247	64	64000.000
5248	62	62000.000
5249	66	66000.000
5250	57	57000.000
5251	52	52000.000
5252	71	71000.000
5253	69	69000.000
5254	56	56000.000
5255	68	68000.000
5256	64	64000.000
5257	62	62000.000
5258	55	55000.000
5259	65	65000.000
5260	68	68000.000
5261	51	51000.000
5262	69	69000.000
5263	66	66000.000
5264	55	55000.000
5265	50	50000.000
5266	70	70000.000
5267	50	50000.000
5268	56	56000.000
5269	48	48000.000
5270	45	45000.000
5271	52	52000.000
5272	66	66000.000
5273	48	48000.000
5274	64	64000.000
5275	62	62000.000
5276	58	58000.000
5277	59	59000.000
5278	54	54000.000
5279	61	61000.000
5280	53	53000.000
5281	63	63000.000
5282	56	56000.000
5283	57	57000.000
5284	50	50000.000
5285	69	69000.000
5286	60	60000.000
5287	59	59000.000
5288	50	50000.000
5289	61	61000.000
5290	61	61000.000
5291	55	55000.000
5292	54	54000.000
5293	64	64000.000
5294	54	54000.000
5295	68	68000.000
5296	50	50000.000
5297	67	67000.000
5298	74	74000.000
5299	67	67000.000
5300	64	64000.000
5301	57	57000.000
5302	61	61000.000
5303	83	83000.000
5304	50	50000.000
5305	73	73000.000
5306	55	55000.000
5307	52	52000.000
5308	72	72000.000
5309	54	54000.000
5310	65	65000.000
5311	47	47000.000
5312	41	41000.000
5313	56	56000.000
5314	47	47000.000
5315	58	58000.000
5316	50	50000.000
5317	54	54000.000
5318	62	62000.000
5319	59	59000.000
5320	62	62000.000
5321	66	66000.000
5322	62	62000.000
5323	56	56000.000
5324	56	56000.000
5325	59	59000.000
5326	65	65000.000
5327	46	46000.000
5328	51	51000.000
5329	60	60000.000
5330	59	59000.000
5331	63	63000.000
5332	56	56000.000
5333	46	46000.000
5334	51	51000.000
5335	55	55000.000
5336	49	49000.000
5337	66	66000.000
5338	65	65000.000
5339	45	45000.000
5340	64	64000.000
5341	52	52000.000
5342	71	71000.000
5343	54	54000.000
5344	79	79000.000
5345	68	68000.000
5346	57	57000.000
5347	49	49000.000
5348	41	41000.000
5349	67	67000.000
5350	48	48000.000
5351	58	58000.000
5352	63	63000.000
5353	49	49000.000
5354	56	56000.000
5355	61	61000.000
5356	65	65000.000
5357	60	60000.000
5358	54	54000.000
5359	62	62000.000
5360	54	54000.000
5361	58	58000.000
5362	52	52000.000
5363	54	54000.000
5364	42	42000.000
5365	55	55000.000
5366	55	55000.000
5367	58	58000.000
5368	48	48000.000
5369	60	60000.000
5370	72	72000.000
5371	55	55000.000
5372	59	59000.000
5373	59	59000.000
5374	50	50000.000
5375	56	56000.000
5376	53	53000.000
5377	54	54000.000
5378	44	44000.000
5379	52	52000.000
5380	44	44000.000
5381	54	54000.000
5382	51	51000.000
5383	55	55000.000
5384	53	53000.000
5385	56	56000.000
5386	57	57000.000
5387	56	56000.000
5388	47	47000.000
5389	61	61000.000
5390	51	51000.000
5391	59	59000.000
5392	69	69000.000
5393	62	62000.000
5394	48	48000.000
5395	56	56000.000
5396	63	63000.000
5397	46	46000.000
5398	57	57000.000
5399	53	53000.000
5400	65	65000.000
5401	56	56000.000
5402	48	48000.000
5403	67	67000.000
5404	57	57000.000
5405	63	63000.000
5406	42	42000.000
5407	49	49000.000
5408	54	54000.000
5409	57	57000.000
5410	47	47000.000
5411	58	58000.000
5412	63	63000.000
5413	46	46000.000
5414	57	57000.000
5415	51	51000.000
5416	41	41000.000
5417	69	69000.000
5418	71	71000.000
5419	70	70000.000
5420	63	63000.000
5421	48	48000.000
5422	50	50000.000
5423	58	58000.000
5424	57	57000.000
5425	52	52000.000
5426	61	61000.000
5427	65	65000.000
5428	58	58000.000
5429	58	58000.000
5430	48	48000.000
5431	58	58000.000
5432	43	43000.000
5433	59	59000.000
5434	53	53000.000
5435	57	57000.000
5436	53	53000.000
5437	70	70000.000
5438	70	70000.000
5439	61	61000.000
5440	53	53000.000
5441	56	56000.000
5442	51	51000.000
5443	39	39000.000
5444	46	46000.000
5445	57	57000.000
5446	56	56000.000
5447	52	52000.000
5448	53	53000.000
5449	65	65000.000
5450	59	59000.000
5451	58	58000.000
5452	53	53000.000
5453	67	67000.000
5454	39	39000.000
5455	63	63000.000
5456	66	66000.000
5457	54	54000.000
5458	54	54000.000
5459	61	61000.000
5460	56	56000.000
5461	55	55000.000
5462	46	46000.000
5463	59	59000.000
5464	53	53000.000
5465	67	67000.000
5466	43	43000.000
5467	72	72000.000
5468	58	58000.000
5469	44	44000.000
5470	51	51000.000
5471	48	48000.000
5472	56	56000.000
5473	67	67000.000
5474	67	67000.000
5475	53	53000.000
5476	51	51000.000
5477	68	68000.000
5478	56	56000.000
5479	55	55000.000
5480	55	55000.000
5481	63	63000.000
5482	64	64000.000
5483	44	44000.000
5484	62	62000.000
5485	55	55000.000
5486	43	43000.000
5487	67	67000.000
5488	52	52000.000
5489	55	55000.000
5490	54	54000.000
5491	71	71000.000
5492	75	75000.000
5493	52	52000.000
5494	53	53000.000
5495	54	54000.000
5496	65	65000.000
5497	56	56000.000
5498	55	55000.000
5499	36	36000.000
5500	42	42000.000
5501	64	64000.000
5502	54	54000.000
5503	33	33000.000
5504	67	67000.000
5505	50	50000.000
5506	60	60000.000
5507	46	46000.000
5508	50	50000.000
5509	58	58000.000
5510	58	58000.000
5511	60	60000.000
5512	49	49000.000
5513	65	65000.000
5514	61	61000.000
5515	52	52000.000
5516	53	53000.000
5517	61	61000.000
5518	54	54000.000
5519	56	56000.000
5520	52	52000.000
5521	51	51000.000
5522	53	53000.000
5523	50	50000.000
5524	44	44000.000
5525	58	58000.000
5526	66	66000.000
5527	49	49000.000
5528	58	58000.000
5529	54	54000.000
5530	61	61000.000
5531	58	58000.000
5532	50	50000.000
5533	57	57000.000
5534	50	50000.000
5535	58	58000.000
5536	61	61000.000
5537	62	62000.000
5538	71	71000.000
5539	61	61000.000
5540	45	45000.000
5541	52	52000.000
5542	50	50000.000
5543	52	52000.000
5544	60	60000.000
5545	43	43000.000
5546	52	52000.000
5547	55	55000.000
5548	45	45000.000
5549	56	56000.000
5550	66	66000.000
5551	63	63000.000
5552	51	51000.000
5553	57	57000.000
5554	63	63000.000
5555	55	55000.000
5556	57	57000.000
5557	65	65000.000
5558	61	61000.000
5559	71	71000.000
5560	65	65000.000
5561	53	53000.000
5562	57	57000.000
5563	49	49000.000
5564	47	47000.000
5565	45	45000.000
5566	58	58000.000
5567	47	47000.000
5568	52	52000.000
5569	68	68000.000
5570	60	60000.000
5571	57	57000.000
5572	63	63000.000
5573	52	52000.000
5574	46	46000.000
5575	54	54000.000
5576	65	65000.000
5577	65	65000.000
5578	57	57000.000
5579	62	62000.000
5580	71	71000.000
5581	46	46000.000
5582	54	54000.000
5583	62	62000.000
5584	80	80000.000
5585	57	57000.000
5586	74	74000.000
5587	51	51000.000
5588	61	61000.000
5589	56	56000.000
5590	59	59000.000
5591	56	56000.000
5592	60	60000.000
5593	69	69000.000
5594	46	46000.000
5595	63	63000.000
5596	42	42000.000
5597	75	75000.000
5598	53	53000.000
5599	61	61000.000
5600	43	43000.000
5601	64	64000.000
5602	56	56000.000
5603	49	49000.000
5604	52	52000.000
5605	45	45000.000
5606	55	55000.000
5607	58	58000.000
5608	81	81000.000
5609	55	55000.000
5610	51	51000.000
5611	51	51000.000
5612	53	53000.000
5613	48	48000.000
5614	64	64000.000
5615	65	65000.000
5616	45	45000.000
5617	44	44000.000
5618	65	65000.000
5619	55	55000.000
5620	47	47000.000
5621	54	54000.000
5622	54	54000.000
5623	44	44000.000
5624	64	64000.000
5625	36	36000.000
5626	71	71000.000
5627	58	58000.000
5628	61	61000.000
5629	54	54000.000
5630	57	57000.000
5631	71	71000.000
5632	64	64000.000
5633	63	63000.000
5634	60	60000.000
5635	55	55000.000
5636	64	64000.000
5637	58	58000.000
5638	43	43000.000
5639	66	66000.000
5640	63	63000.000
5641	57	57000.000
5642	52	52000.000
5643	58	58000.000
5644	52	52000.000
5645	48	48000.000
5646	54	54000.000
5647	50	50000.000
5648	58	58000.000
5649	68	68000.000
5650	60	60000.000
5651	54	54000.000
5652	60	60000.000
5653	61	61000.000
5654	55	55000.000
5655	41	41000.000
5656	40	40000.000
5657	62	62000.000
5658	61	61000.000
5659	47	47000.000
5660	63	63000.000
5661	70	70000.000
5662	62	62000.000
5663	62	62000.000
5664	53	53000.000
5665	48	48000.000
5666	55	55000.000
5667	54	54000.000
5668	71	71000.000
5669	59	59000.000
5670	63	63000.000
5671	65	65000.000
5672	65	65000.000
5673	55	55000.000
5674	58	58000.000
5675	59	59000.000
5676	52	52000.000
5677	42	42000.000
5678	48	48000.000
5679	50	50000.000
5680	48	48000.000
5681	61	61000.000
5682	63	63000.000
5683	60	60000.000
5684	52	52000.000
5685	68	68000.000
5686	58	58000.000
5687	62	62000.000
5688	48	48000.000
5689	67	67000.000
5690	68	68000.000
5691	70	70000.000
5692	64	64000.000
5693	48	48000.000
5694	54	54000.000
5695	57	57000.000
5696	48	48000.000
5697	72	72000.000
5698	57	57000.000
5699	51	51000.000
5700	56	56000.000
5701	68	68000.000
5702	59	59000.000
5703	48	48000.000
5704	64	64000.000
5705	57	57000.000
5706	61	61000.000
5707	50	50000.000
5708	50	50000.000
5709	49	49000.000
5710	50	50000.000
5711	46	46000.000
5712	48	48000.000
5713	56	56000.000
5714	65	65000.000
5715	48	48000.000
5716	61	61000.000
5717	51	51000.000
5718	60	60000.000
5719	61	61000.000
5720	72	72000.000
5721	75	75000.000
5722	57	57000.000
5723	60	60000.000
5724	58	58000.000
5725	51	51000.000
5726	56	56000.000
5727	66	66000.000
5728	57	57000.000
5729	58	58000.000
5730	48	48000.000
5731	58	58000.000
5732	63	63000.000
5733	67	67000.000
5734	58	58000.000
5735	49	49000.000
5736	54	54000.000
5737	67	67000.000
5738	71	71000.000
5739	76	76000.000
5740	55	55000.000
5741	58	58000.000
5742	61	61000.000
5743	62	62000.000
5744	64	64000.000
5745	61	61000.000
5746	59	59000.000
5747	57	57000.000
5748	62	62000.000
5749	64	64000.000
5750	58	58000.000
5751	49	49000.000
5752	58	58000.000
5753	51	51000.000
5754	57	57000.000
5755	52	52000.000
5756	69	69000.000
5757	50	50000.000
5758	51	51000.000
5759	53	53000.000
5760	55	55000.000
5761	60	60000.000
5762	60	60000.000
5763	61	61000.000
5764	50	50000.000
5765	61	61000.000
5766	64	64000.000
5767	65	65000.000
5768	70	70000.000
5769	57	57000.000
5770	68	68000.000
5771	66	66000.000
5772	47	47000.000
5773	53	53000.000
5774	58	58000.000
5775	46	46000.000
5776	62	62000.000
5777	55	55000.000
5778	70	70000.000
5779	51	51000.000
5780	56	56000.000
5781	51	51000.000
5782	55	55000.000
5783	54	54000.000
5784	37	37000.000
5785	55	55000.000
5786	67	67000.000
5787	62	62000.000
5788	62	62000.000
5789	44	44000.000
5790	53	53000.000
5791	60	60000.000
5792	66	66000.000
5793	53	53000.000
5794	60	60000.000
5795	51	51000.000
5796	69	69000.000
5797	55	55000.000
5798	63	63000.000
5799	47	47000.000
5800	57	57000.000
5801	70	70000.000
5802	57	57000.000
5803	56	56000.000
5804	55	55000.000
5805	61	61000.000
5806	51	51000.000
5807	49	49000.000
5808	52	52000.000
5809	64	64000.000
5810	73	73000.000
5811	48	48000.000
5812	46	46000.000
5813	53	53000.000
5814	57	57000.000
5815	58	58000.000
5816	54	54000.000
5817	67	67000.000
5818	46	46000.000
5819	62	62000.000
5820	47	47000.000
5821	74	74000.000
5822	39	39000.000
5823	49	49000.000
5824	64	64000.000
5825	51	51000.000
5826	65	65000.000
5827	57	57000.000
5828	59	59000.000
5829	60	60000.000
5830	40	40000.000
5831	65	65000.000
5832	49	49000.000
5833	60	60000.000
5834	69	69000.000
5835	48	48000.000
5836	59	59000.000
5837	72	72000.000
5838	59	59000.000
5839	59	59000.000
5840	56	56000.000
5841	57	57000.000
5842	59	59000.000
5843	52	52000.000
5844	67	67000.000
5845	52	52000.000
5846	52	52000.000
5847	54	54000.000
5848	49	49000.000
5849	47	47000.000
5850	71	71000.000
5851	46	46000.000
5852	55	55000.000
5853	47	47000.000
5854	56	56000.000
5855	51	51000.000
5856	52	52000.000
5857	62	62000.000
5858	64	64000.000
5859	54	54000.000
5860	49	49000.000
5861	52	52000.000
5862	46	46000.000
5863	50	50000.000
5864	47	47000.000
5865	47	47000.000
5866	64	64000.000
5867	54	54000.000
5868	59	59000.000
5869	52	52000.000
5870	54	54000.000
5871	72	72000.000
5872	53	53000.000
5873	56	56000.000
5874	62	62000.000
5875	64	64000.000
5876	50	50000.000
5877	63	63000.000
5878	53	53000.000
5879	60	60000.000
5880	50	50000.000
5881	45	45000.000
5882	72	72000.000
5883	57	57000.000
5884	55	55000.000
5885	46	46000.000
5886	68	68000.000
5887	60	60000.000
5888	51	51000.000
5889	50	50000.000
5890	59	59000.000
5891	69	69000.000
5892	48	48000.000
5893	66	66000.000
5894	51	51000.000
5895	51	51000.000
5896	75	75000.000
5897	44	44000.000
5898	50	50000.000
5899	59	59000.000
5900	57	57000.000
5901	45	45000.000
5902	52	52000.000
5903	63	63000.000
5904	55	55000.000
5905	58	58000.000
5906	65	65000.000
5907	57	57000.000
5908	58	58000.000
5909	56	56000.000
5910	60	60000.000
5911	45	45000.000
5912	57	57000.000
5913	68	68000.000
5914	45	45000.000
5915	57	57000.000
5916	61	61000.000
5917	55	55000.000
5918	47	47000.000
5919	56	56000.000
5920	54	54000.000
5921	60	60000.000
5922	52	52000.000
5923	50	50000.000
5924	69	69000.000
5925	60	60000.000
5926	60	60000.000
5927	67	67000.000
5928	65	65000.000
5929	58	58000.000
5930	58	58000.000
5931	57	57000.000
5932	60	60000.000
5933	63	63000.000
5934	58	58000.000
5935	44	44000.000
5936	52	52000.000
5937	45	45000.000
5938	58	58000.000
5939	74	74000.000
5940	46	46000.000
5941	50	50000.000
5942	68	68000.000
5943	60	60000.000
5944	55	55000.000
5945	58	58000.000
5946	54	54000.000
5947	50	50000.000
5948	58	58000.000
5949	69	69000.000
5950	45	45000.000
5951	65	65000.000
5952	64	64000.000
5953	61	61000.000
5954	59	59000.000
5955	54	54000.000
5956	54	54000.000
5957	77	77000.000
5958	55	55000.000
5959	52	52000.000
5960	55	55000.000
5961	75	75000.000
5962	68	68000.000
5963	63	63000.000
5964	53	53000.000
5965	67	67000.000
5966	57	57000.000
5967	43	43000.000
5968	60	60000.000
5969	44	44000.000
5970	52	52000.000
5971	56	56000.000
5972	57	57000.000
5973	62	62000.000
5974	46	46000.000
5975	60	60000.000
5976	62	62000.000
5977	58	58000.000
5978	59	59000.000
5979	61	61000.000
5980	71	71000.000
5981	48	48000.000
5982	64	64000.000
5983	62	62000.000
5984	58	58000.000
5985	48	48000.000
5986	55	55000.000
5987	54	54000.000
5988	71	71000.000
5989	52	52000.000
5990	50	50000.000
5991	62	62000.000
5992	55	55000.000
5993	51	51000.000
5994	55	55000.000
5995	60	60000.000
5996	56	56000.000
5997	72	72000.000
5998	42	42000.000
5999	49	49000.000
6000	56	56000.000
6001	54	54000.000
6002	55	55000.000
6003	51	51000.000
6004	53	53000.000
6005	68	68000.000
6006	55	55000.000
6007	68	68000.000
6008	46	46000.000
6009	55	55000.000
6010	56	56000.000
6011	58	58000.000
6012	47	47000.000
6013	57	57000.000
6014	60	60000.000
6015	48	48000.000
6016	61	61000.000
6017	53	53000.000
6018	64	64000.000
6019	60	60000.000
6020	55	55000.000
6021	47	47000.000
6022	61	61000.000
6023	66	66000.000
6024	72	72000.000
6025	61	61000.000
6026	55	55000.000
6027	42	42000.000
6028	47	47000.000
6029	69	69000.000
6030	57	57000.000
6031	51	51000.000
6032	73	73000.000
6033	45	45000.000
6034	71	71000.000
6035	55	55000.000
6036	51	51000.000
6037	47	47000.000
6038	39	39000.000
6039	34	34000.000
6040	56	56000.000
6041	57	57000.000
6042	59	59000.000
6043	56	56000.000
6044	62	62000.000
6045	57	57000.000
6046	61	61000.000
6047	55	55000.000
6048	59	59000.000
6049	48	48000.000
6050	57	57000.000
6051	62	62000.000
6052	55	55000.000
6053	70	70000.000
6054	64	64000.000
6055	58	58000.000
6056	55	55000.000
6057	57	57000.000
6058	66	66000.000
6059	51	51000.000
6060	61	61000.000
6061	50	50000.000
6062	50	50000.000
6063	52	52000.000
6064	50	50000.000
6065	62	62000.000
6066	69	69000.000
6067	60	60000.000
6068	43	43000.000
6069	54	54000.000
6070	73	73000.000
6071	46	46000.000
6072	69	69000.000
6073	79	79000.000
6074	65	65000.000
6075	64	64000.000
6076	41	41000.000
6077	59	59000.000
6078	62	62000.000
6079	54	54000.000
6080	50	50000.000
6081	49	49000.000
6082	68	68000.000
6083	52	52000.000
6084	46	46000.000
6085	66	66000.000
6086	58	58000.000
6087	53	53000.000
6088	55	55000.000
6089	52	52000.000
6090	65	65000.000
6091	57	57000.000
6092	60	60000.000
6093	68	68000.000
6094	60	60000.000
6095	56	56000.000
6096	65	65000.000
6097	68	68000.000
6098	54	54000.000
6099	62	62000.000
6100	65	65000.000
6101	57	57000.000
6102	53	53000.000
6103	60	60000.000
6104	53	53000.000
6105	55	55000.000
6106	57	57000.000
6107	59	59000.000
6108	64	64000.000
6109	44	44000.000
6110	51	51000.000
6111	53	53000.000
6112	71	71000.000
6113	51	51000.000
6114	65	65000.000
6115	52	52000.000
6116	67	67000.000
6117	57	57000.000
6118	48	48000.000
6119	74	74000.000
6120	67	67000.000
6121	82	82000.000
6122	61	61000.000
6123	65	65000.000
6124	65	65000.000
6125	44	44000.000
6126	49	49000.000
6127	43	43000.000
6128	57	57000.000
6129	57	57000.000
6130	58	58000.000
6131	56	56000.000
6132	55	55000.000
6133	60	60000.000
6134	66	66000.000
6135	61	61000.000
6136	59	59000.000
6137	64	64000.000
6138	57	57000.000
6139	64	64000.000
6140	52	52000.000
6141	45	45000.000
6142	53	53000.000
6143	60	60000.000
6144	51	51000.000
6145	65	65000.000
6146	68	68000.000
6147	54	54000.000
6148	59	59000.000
6149	49	49000.000
6150	54	54000.000
6151	63	63000.000
6152	65	65000.000
6153	64	64000.000
6154	65	65000.000
6155	60	60000.000
6156	58	58000.000
6157	41	41000.000
6158	53	53000.000
6159	62	62000.000
6160	49	49000.000
6161	57	57000.000
6162	51	51000.000
6163	61	61000.000
6164	55	55000.000
6165	71	71000.000
6166	72	72000.000
6167	47	47000.000
6168	58	58000.000
6169	60	60000.000
6170	49	49000.000
6171	45	45000.000
6172	56	56000.000
6173	67	67000.000
6174	51	51000.000
6175	73	73000.000
6176	59	59000.000
6177	59	59000.000
6178	65	65000.000
6179	61	61000.000
6180	50	50000.000
6181	69	69000.000
6182	69	69000.000
6183	54	54000.000
6184	45	45000.000
6185	46	46000.000
6186	53	53000.000
6187	68	68000.000
6188	54	54000.000
6189	73	73000.000
6190	70	70000.000
6191	54	54000.000
6192	65	65000.000
6193	48	48000.000
6194	71	71000.000
6195	61	61000.000
6196	57	57000.000
6197	57	57000.000
6198	54	54000.000
6199	62	62000.000
6200	63	63000.000
6201	58	58000.000
6202	61	61000.000
6203	48	48000.000
6204	40	40000.000
6205	56	56000.000
6206	61	61000.000
6207	50	50000.000
6208	59	59000.000
6209	59	59000.000
6210	55	55000.000
6211	54	54000.000
6212	53	53000.000
6213	55	55000.000
6214	69	69000.000
6215	64	64000.000
6216	57	57000.000
6217	60	60000.000
6218	55	55000.000
6219	55	55000.000
6220	64	64000.000
6221	53	53000.000
6222	48	48000.000
6223	62	62000.000
6224	48	48000.000
6225	57	57000.000
6226	56	56000.000
6227	51	51000.000
6228	57	57000.000
6229	52	52000.000
6230	61	61000.000
6231	57	57000.000
6232	61	61000.000
6233	67	67000.000
6234	68	68000.000
6235	50	50000.000
6236	48	48000.000
6237	55	55000.000
6238	71	71000.000
6239	55	55000.000
6240	60	60000.000
6241	57	57000.000
6242	77	77000.000
6243	52	52000.000
6244	48	48000.000
6245	57	57000.000
6246	45	45000.000
6247	60	60000.000
6248	51	51000.000
6249	60	60000.000
6250	56	56000.000
6251	56	56000.000
6252	51	51000.000
6253	56	56000.000
6254	57	57000.000
6255	52	52000.000
6256	60	60000.000
6257	50	50000.000
6258	49	49000.000
6259	58	58000.000
6260	47	47000.000
6261	58	58000.000
6262	43	43000.000
6263	50	50000.000
6264	62	62000.000
6265	58	58000.000
6266	58	58000.000
6267	54	54000.000
6268	63	63000.000
6269	59	59000.000
6270	48	48000.000
6271	63	63000.000
6272	53	53000.000
6273	57	57000.000
6274	53	53000.000
6275	59	59000.000
6276	61	61000.000
6277	64	64000.000
6278	60	60000.000
6279	55	55000.000
6280	59	59000.000
6281	52	52000.000
6282	56	56000.000
6283	44	44000.000
6284	53	53000.000
6285	73	73000.000
6286	66	66000.000
6287	58	58000.000
6288	61	61000.000
6289	66	66000.000
6290	60	60000.000
6291	65	65000.000
6292	70	70000.000
6293	59	59000.000
6294	62	62000.000
6295	58	58000.000
6296	73	73000.000
6297	51	51000.000
6298	60	60000.000
6299	52	52000.000
6300	63	63000.000
6301	63	63000.000
6302	50	50000.000
6303	61	61000.000
6304	55	55000.000
6305	58	58000.000
6306	45	45000.000
6307	49	49000.000
6308	54	54000.000
6309	60	60000.000
6310	58	58000.000
6311	59	59000.000
6312	47	47000.000
6313	59	59000.000
6314	64	64000.000
6315	51	51000.000
6316	61	61000.000
6317	62	62000.000
6318	46	46000.000
6319	50	50000.000
6320	72	72000.000
6321	66	66000.000
6322	54	54000.000
6323	55	55000.000
6324	60	60000.000
6325	59	59000.000
6326	70	70000.000
6327	50	50000.000
6328	64	64000.000
6329	60	60000.000
6330	58	58000.000
6331	77	77000.000
6332	57	57000.000
6333	38	38000.000
6334	54	54000.000
6335	51	51000.000
6336	59	59000.000
6337	68	68000.000
6338	54	54000.000
6339	53	53000.000
6340	52	52000.000
6341	63	63000.000
6342	74	74000.000
6343	58	58000.000
6344	64	64000.000
6345	68	68000.000
6346	58	58000.000
6347	54	54000.000
6348	47	47000.000
6349	44	44000.000
6350	61	61000.000
6351	60	60000.000
6352	56	56000.000
6353	79	79000.000
6354	58	58000.000
6355	50	50000.000
6356	62	62000.000
6357	61	61000.000
6358	61	61000.000
6359	62	62000.000
6360	54	54000.000
6361	56	56000.000
6362	64	64000.000
6363	65	65000.000
6364	55	55000.000
6365	51	51000.000
6366	55	55000.000
6367	63	63000.000
6368	66	66000.000
6369	55	55000.000
6370	46	46000.000
6371	66	66000.000
6372	49	49000.000
6373	48	48000.000
6374	55	55000.000
6375	49	49000.000
6376	52	52000.000
6377	39	39000.000
6378	65	65000.000
6379	39	39000.000
6380	45	45000.000
6381	62	62000.000
6382	45	45000.000
6383	59	59000.000
6384	52	52000.000
6385	55	55000.000
6386	49	49000.000
6387	62	62000.000
6388	56	56000.000
6389	59	59000.000
6390	54	54000.000
6391	67	67000.000
6392	49	49000.000
6393	59	59000.000
6394	59	59000.000
6395	54	54000.000
6396	65	65000.000
6397	63	63000.000
6398	56	56000.000
6399	58	58000.000
6400	57	57000.000
6401	60	60000.000
6402	63	63000.000
6403	64	64000.000
6404	67	67000.000
6405	71	71000.000
6406	51	51000.000
6407	59	59000.000
6408	51	51000.000
6409	66	66000.000
6410	67	67000.000
6411	59	59000.000
6412	50	50000.000
6413	61	61000.000
6414	60	60000.000
6415	55	55000.000
6416	56	56000.000
6417	50	50000.000
6418	58	58000.000
6419	64	64000.000
6420	71	71000.000
6421	54	54000.000
6422	58	58000.000
6423	51	51000.000
6424	53	53000.000
6425	62	62000.000
6426	65	65000.000
6427	56	56000.000
6428	62	62000.000
6429	61	61000.000
6430	60	60000.000
6431	56	56000.000
6432	48	48000.000
6433	63	63000.000
6434	51	51000.000
6435	60	60000.000
6436	48	48000.000
6437	44	44000.000
6438	60	60000.000
6439	59	59000.000
6440	45	45000.000
6441	72	72000.000
6442	53	53000.000
6443	55	55000.000
6444	56	56000.000
6445	61	61000.000
6446	59	59000.000
6447	55	55000.000
6448	53	53000.000
6449	62	62000.000
6450	61	61000.000
6451	58	58000.000
6452	43	43000.000
6453	65	65000.000
6454	59	59000.000
6455	54	54000.000
6456	58	58000.000
6457	72	72000.000
6458	69	69000.000
6459	55	55000.000
6460	62	62000.000
6461	69	69000.000
6462	44	44000.000
6463	61	61000.000
6464	63	63000.000
6465	65	65000.000
6466	53	53000.000
6467	53	53000.000
6468	54	54000.000
6469	60	60000.000
6470	72	72000.000
6471	60	60000.000
6472	51	51000.000
6473	59	59000.000
6474	50	50000.000
6475	68	68000.000
6476	35	35000.000
6477	48	48000.000
6478	60	60000.000
6479	55	55000.000
6480	57	57000.000
6481	53	53000.000
6482	61	61000.000
6483	64	64000.000
6484	59	59000.000
6485	55	55000.000
6486	46	46000.000
6487	70	70000.000
6488	49	49000.000
6489	44	44000.000
6490	50	50000.000
6491	55	55000.000
6492	59	59000.000
6493	52	52000.000
6494	58	58000.000
6495	58	58000.000
6496	47	47000.000
6497	48	48000.000
6498	59	59000.000
6499	60	60000.000
6500	48	48000.000
6501	52	52000.000
6502	54	54000.000
6503	51	51000.000
6504	45	45000.000
6505	63	63000.000
6506	60	60000.000
6507	59	59000.000
6508	47	47000.000
6509	54	54000.000
6510	54	54000.000
6511	62	62000.000
6512	51	51000.000
6513	45	45000.000
6514	54	54000.000
6515	40	40000.000
6516	73	73000.000
6517	39	39000.000
6518	57	57000.000
6519	60	60000.000
6520	58	58000.000
6521	59	59000.000
6522	44	44000.000
6523	50	50000.000
6524	60	60000.000
6525	62	62000.000
6526	64	64000.000
6527	52	52000.000
6528	74	74000.000
6529	55	55000.000
6530	64	64000.000
6531	57	57000.000
6532	51	51000.000
6533	45	45000.000
6534	51	51000.000
6535	65	65000.000
6536	53	53000.000
6537	56	56000.000
6538	56	56000.000
6539	78	78000.000
6540	65	65000.000
6541	51	51000.000
6542	62	62000.000
6543	49	49000.000
6544	61	61000.000
6545	60	60000.000
6546	63	63000.000
6547	58	58000.000
6548	68	68000.000
6549	49	49000.000
6550	59	59000.000
6551	67	67000.000
6552	63	63000.000
6553	55	55000.000
6554	52	52000.000
6555	73	73000.000
6556	59	59000.000
6557	57	57000.000
6558	48	48000.000
6559	52	52000.000
6560	75	75000.000
6561	53	53000.000
6562	57	57000.000
6563	47	47000.000
6564	61	61000.000
6565	53	53000.000
6566	59	59000.000
6567	61	61000.000
6568	59	59000.000
6569	57	57000.000
6570	69	69000.000
6571	52	52000.000
6572	67	67000.000
6573	65	65000.000
6574	51	51000.000
6575	45	45000.000
6576	64	64000.000
6577	48	48000.000
6578	63	63000.000
6579	67	67000.000
6580	49	49000.000
6581	52	52000.000
6582	49	49000.000
6583	55	55000.000
6584	61	61000.000
6585	59	59000.000
6586	51	51000.000
6587	64	64000.000
6588	42	42000.000
6589	44	44000.000
6590	45	45000.000
6591	73	73000.000
6592	56	56000.000
6593	69	69000.000
6594	60	60000.000
6595	66	66000.000
6596	62	62000.000
6597	52	52000.000
6598	52	52000.000
6599	56	56000.000
6600	63	63000.000
6601	58	58000.000
6602	66	66000.000
6603	55	55000.000
6604	51	51000.000
6605	53	53000.000
6606	51	51000.000
6607	62	62000.000
6608	68	68000.000
6609	69	69000.000
6610	60	60000.000
6611	65	65000.000
6612	69	69000.000
6613	47	47000.000
6614	61	61000.000
6615	53	53000.000
6616	55	55000.000
6617	54	54000.000
6618	54	54000.000
6619	47	47000.000
6620	54	54000.000
6621	57	57000.000
6622	63	63000.000
6623	53	53000.000
6624	65	65000.000
6625	50	50000.000
6626	50	50000.000
6627	54	54000.000
6628	60	60000.000
6629	64	64000.000
6630	63	63000.000
6631	67	67000.000
6632	59	59000.000
6633	58	58000.000
6634	53	53000.000
6635	54	54000.000
6636	58	58000.000
6637	57	57000.000
6638	51	51000.000
6639	46	46000.000
6640	56	56000.000
6641	55	55000.000
6642	67	67000.000
6643	57	57000.000
6644	61	61000.000
6645	61	61000.000
6646	66	66000.000
6647	58	58000.000
6648	63	63000.000
6649	56	56000.000
6650	51	51000.000
6651	58	58000.000
6652	46	46000.000
6653	61	61000.000
6654	57	57000.000
6655	56	56000.000
6656	50	50000.000
6657	64	64000.000
6658	48	48000.000
6659	50	50000.000
6660	69	69000.000
6661	57	57000.000
6662	65	65000.000
6663	66	66000.000
6664	68	68000.000
6665	59	59000.000
6666	58	58000.000
6667	49	49000.000
6668	49	49000.000
6669	64	64000.000
6670	58	58000.000
6671	61	61000.000
6672	56	56000.000
6673	64	64000.000
6674	58	58000.000
6675	52	52000.000
6676	61	61000.000
6677	64	64000.000
6678	60	60000.000
6679	51	51000.000
6680	58	58000.000
6681	64	64000.000
6682	57	57000.000
6683	52	52000.000
6684	50	50000.000
6685	58	58000.000
6686	46	46000.000
6687	58	58000.000
6688	55	55000.000
6689	68	68000.000
6690	66	66000.000
6691	47	47000.000
6692	74	74000.000
6693	50	50000.000
6694	63	63000.000
6695	48	48000.000
6696	48	48000.000
6697	61	61000.000
6698	52	52000.000
6699	70	70000.000
6700	58	58000.000
6701	62	62000.000
6702	61	61000.000
6703	51	51000.000
6704	61	61000.000
6705	54	54000.000
6706	53	53000.000
6707	56	56000.000
6708	44	44000.000
6709	53	53000.000
6710	59	59000.000
6711	65	65000.000
6712	55	55000.000
6713	65	65000.000
6714	51	51000.000
6715	65	65000.000
6716	50	50000.000
6717	60	60000.000
6718	62	62000.000
6719	48	48000.000
6720	53	53000.000
6721	69	69000.000
6722	48	48000.000
6723	57	57000.000
6724	57	57000.000
6725	68	68000.000
6726	58	58000.000
6727	48	48000.000
6728	60	60000.000
6729	62	62000.000
6730	62	62000.000
6731	57	57000.000
6732	62	62000.000
6733	64	64000.000
6734	40	40000.000
6735	62	62000.000
6736	64	64000.000
6737	53	53000.000
6738	69	69000.000
6739	55	55000.000
6740	63	63000.000
6741	47	47000.000
6742	59	59000.000
6743	51	51000.000
6744	53	53000.000
6745	53	53000.000
6746	71	71000.000
6747	57	57000.000
6748	57	57000.000
6749	40	40000.000
6750	64	64000.000
6751	52	52000.000
6752	70	70000.000
6753	48	48000.000
6754	46	46000.000
6755	59	59000.000
6756	50	50000.000
6757	53	53000.000
6758	58	58000.000
6759	66	66000.000
6760	66	66000.000
6761	66	66000.000
6762	56	56000.000
6763	57	57000.000
6764	60	60000.000
6765	52	52000.000
6766	79	79000.000
6767	55	55000.000
6768	45	45000.000
6769	68	68000.000
6770	62	62000.000
6771	53	53000.000
6772	45	45000.000
6773	43	43000.000
6774	46	46000.000
6775	40	40000.000
6776	54	54000.000
6777	52	52000.000
6778	62	62000.000
6779	60	60000.000
6780	62	62000.000
6781	49	49000.000
6782	60	60000.000
6783	66	66000.000
6784	56	56000.000
6785	58	58000.000
6786	50	50000.000
6787	53	53000.000
6788	58	58000.000
6789	54	54000.000
6790	55	55000.000
6791	55	55000.000
6792	57	57000.000
6793	76	76000.000
6794	54	54000.000
6795	61	61000.000
6796	66	66000.000
6797	68	68000.000
6798	62	62000.000
6799	56	56000.000
6800	54	54000.000
6801	49	49000.000
6802	62	62000.000
6803	34	34000.000
6804	71	71000.000
6805	56	56000.000
6806	60	60000.000
6807	48	48000.000
6808	49	49000.000
6809	65	65000.000
6810	56	56000.000
6811	60	60000.000
6812	55	55000.000
6813	48	48000.000
6814	51	51000.000
6815	63	63000.000
6816	54	54000.000
6817	52	52000.000
6818	43	43000.000
6819	58	58000.000
6820	80	80000.000
6821	46	46000.000
6822	50	50000.000
6823	58	58000.000
6824	50	50000.000
6825	58	58000.000
6826	65	65000.000
6827	69	69000.000
6828	49	49000.000
6829	54	54000.000
6830	53	53000.000
6831	58	58000.000
6832	39	39000.000
6833	71	71000.000
6834	60	60000.000
6835	49	49000.000
6836	56	56000.000
6837	66	66000.000
6838	64	64000.000
6839	63	63000.000
6840	50	50000.000
6841	54	54000.000
6842	64	64000.000
6843	63	63000.000
6844	52	52000.000
6845	52	52000.000
6846	57	57000.000
6847	60	60000.000
6848	59	59000.000
6849	62	62000.000
6850	60	60000.000
6851	70	70000.000
6852	62	62000.000
6853	67	67000.000
6854	48	48000.000
6855	53	53000.000
6856	66	66000.000
6857	62	62000.000
6858	48	48000.000
6859	49	49000.000
6860	74	74000.000
6861	58	58000.000
6862	64	64000.000
6863	63	63000.000
6864	60	60000.000
6865	54	54000.000
6866	54	54000.000
6867	60	60000.000
6868	46	46000.000
6869	63	63000.000
6870	49	49000.000
6871	49	49000.000
6872	55	55000.000
6873	49	49000.000
6874	62	62000.000
6875	63	63000.000
6876	59	59000.000
6877	48	48000.000
6878	62	62000.000
6879	66	66000.000
6880	70	70000.000
6881	64	64000.000
6882	55	55000.000
6883	54	54000.000
6884	44	44000.000
6885	60	60000.000
6886	67	67000.000
6887	54	54000.000
6888	46	46000.000
6889	57	57000.000
6890	55	55000.000
6891	64	64000.000
6892	61	61000.000
6893	64	64000.000
6894	57	57000.000
6895	55	55000.000
6896	45	45000.000
6897	65	65000.000
6898	60	60000.000
6899	42	42000.000
6900	56	56000.000
6901	62	62000.000
6902	51	51000.000
6903	69	69000.000
6904	53	53000.000
6905	52	52000.000
6906	55	55000.000
6907	58	58000.000
6908	55	55000.000
6909	54	54000.000
6910	68	68000.000
6911	56	56000.000
6912	68	68000.000
6913	48	48000.000
6914	58	58000.000
6915	52	52000.000
6916	57	57000.000
6917	54	54000.000
6918	54	54000.000
6919	64	64000.000
6920	65	65000.000
6921	53	53000.000
6922	69	69000.000
6923	58	58000.000
6924	70	70000.000
6925	47	47000.000
6926	67	67000.000
6927	54	54000.000
6928	59	59000.000
6929	45	45000.000
6930	52	52000.000
6931	58	58000.000
6932	64	64000.000
6933	45	45000.000
6934	64	64000.000
6935	67	67000.000
6936	61	61000.000
6937	62	62000.000
6938	66	66000.000
6939	59	59000.000
6940	73	73000.000
6941	49	49000.000
6942	50	50000.000
6943	54	54000.000
6944	54	54000.000
6945	65	65000.000
6946	43	43000.000
6947	51	51000.000
6948	59	59000.000
6949	57	57000.000
6950	50	50000.000
6951	58	58000.000
6952	47	47000.000
6953	70	70000.000
6954	68	68000.000
6955	55	55000.000
6956	71	71000.000
6957	54	54000.000
6958	62	62000.000
6959	54	54000.000
6960	49	49000.000
6961	51	51000.000
6962	49	49000.000
6963	56	56000.000
6964	58	58000.000
6965	57	57000.000
6966	51	51000.000
6967	60	60000.000
6968	40	40000.000
6969	47	47000.000
6970	70	70000.000
6971	61	61000.000
6972	71	71000.000
6973	53	53000.000
6974	58	58000.000
6975	61	61000.000
6976	70	70000.000
6977	51	51000.000
6978	61	61000.000
6979	57	57000.000
6980	54	54000.000
6981	66	66000.000
6982	72	72000.000
6983	57	57000.000
6984	45	45000.000
6985	57	57000.000
6986	62	62000.000
6987	66	66000.000
6988	61	61000.000
6989	58	58000.000
6990	46	46000.000
6991	61	61000.000
6992	59	59000.000
6993	63	63000.000
6994	56	56000.000
6995	44	44000.000
6996	68	68000.000
6997	55	55000.000
6998	65	65000.000
6999	64	64000.000
7000	63	63000.000
7001	55	55000.000
7002	49	49000.000
7003	53	53000.000
7004	43	43000.000
7005	56	56000.000
7006	62	62000.000
7007	58	58000.000
7008	54	54000.000
7009	69	69000.000
7010	64	64000.000
7011	59	59000.000
7012	76	76000.000
7013	50	50000.000
7014	64	64000.000
7015	61	61000.000
7016	52	52000.000
7017	64	64000.000
7018	61	61000.000
7019	54	54000.000
7020	41	41000.000
7021	76	76000.000
7022	67	67000.000
7023	58	58000.000
7024	73	73000.000
7025	44	44000.000
7026	57	57000.000
7027	69	69000.000
7028	52	52000.000
7029	63	63000.000
7030	65	65000.000
7031	74	74000.000
7032	65	65000.000
7033	57	57000.000
7034	67	67000.000
7035	65	65000.000
7036	61	61000.000
7037	51	51000.000
7038	66	66000.000
7039	58	58000.000
7040	49	49000.000
7041	48	48000.000
7042	68	68000.000
7043	47	47000.000
7044	67	67000.000
7045	48	48000.000
7046	47	47000.000
7047	64	64000.000
7048	55	55000.000
7049	61	61000.000
7050	65	65000.000
7051	64	64000.000
7052	65	65000.000
7053	63	63000.000
7054	59	59000.000
7055	49	49000.000
7056	60	60000.000
7057	46	46000.000
7058	61	61000.000
7059	42	42000.000
7060	51	51000.000
7061	40	40000.000
7062	49	49000.000
7063	68	68000.000
7064	57	57000.000
7065	56	56000.000
7066	77	77000.000
7067	52	52000.000
7068	66	66000.000
7069	57	57000.000
7070	63	63000.000
7071	73	73000.000
7072	52	52000.000
7073	49	49000.000
7074	63	63000.000
7075	67	67000.000
7076	50	50000.000
7077	53	53000.000
7078	62	62000.000
7079	59	59000.000
7080	50	50000.000
7081	57	57000.000
7082	63	63000.000
7083	54	54000.000
7084	64	64000.000
7085	55	55000.000
7086	68	68000.000
7087	52	52000.000
7088	61	61000.000
7089	58	58000.000
7090	51	51000.000
7091	60	60000.000
7092	65	65000.000
7093	54	54000.000
7094	55	55000.000
7095	55	55000.000
7096	67	67000.000
7097	71	71000.000
7098	62	62000.000
7099	58	58000.000
7100	62	62000.000
7101	65	65000.000
7102	61	61000.000
7103	61	61000.000
7104	76	76000.000
7105	55	55000.000
7106	66	66000.000
7107	53	53000.000
7108	50	50000.000
7109	69	69000.000
7110	65	65000.000
7111	51	51000.000
7112	53	53000.000
7113	63	63000.000
7114	51	51000.000
7115	54	54000.000
7116	66	66000.000
7117	59	59000.000
7118	55	55000.000
7119	54	54000.000
7120	62	62000.000
7121	54	54000.000
7122	59	59000.000
7123	82	82000.000
7124	61	61000.000
7125	70	70000.000
7126	59	59000.000
7127	43	43000.000
7128	47	47000.000
7129	62	62000.000
7130	57	57000.000
7131	59	59000.000
7132	64	64000.000
7133	52	52000.000
7134	50	50000.000
7135	65	65000.000
7136	64	64000.000
7137	56	56000.000
7138	55	55000.000
7139	46	46000.000
7140	53	53000.000
7141	56	56000.000
7142	46	46000.000
7143	55	55000.000
7144	52	52000.000
7145	43	43000.000
7146	53	53000.000
7147	68	68000.000
7148	64	64000.000
7149	69	69000.000
7150	63	63000.000
7151	67	67000.000
7152	58	58000.000
7153	65	65000.000
7154	59	59000.000
7155	62	62000.000
7156	66	66000.000
7157	58	58000.000
7158	49	49000.000
7159	55	55000.000
7160	65	65000.000
7161	66	66000.000
7162	51	51000.000
7163	54	54000.000
7164	48	48000.000
7165	63	63000.000
7166	56	56000.000
7167	60	60000.000
7168	61	61000.000
7169	58	58000.000
7170	69	69000.000
7171	66	66000.000
7172	52	52000.000
7173	68	68000.000
7174	57	57000.000
7175	57	57000.000
7176	72	72000.000
7177	55	55000.000
7178	56	56000.000
7179	57	57000.000
7180	53	53000.000
7181	54	54000.000
7182	45	45000.000
7183	51	51000.000
7184	58	58000.000
7185	52	52000.000
7186	54	54000.000
7187	68	68000.000
7188	70	70000.000
7189	56	56000.000
7190	57	57000.000
7191	60	60000.000
7192	44	44000.000
7193	47	47000.000
7194	45	45000.000
7195	52	52000.000
7196	38	38000.000
7197	40	40000.000
7198	53	53000.000
7199	64	64000.000
7200	54	54000.000
7201	61	61000.000
7202	50	50000.000
7203	59	59000.000
7204	46	46000.000
7205	67	67000.000
7206	65	65000.000
7207	48	48000.000
7208	66	66000.000
7209	53	53000.000
7210	49	49000.000
7211	49	49000.000
7212	51	51000.000
7213	53	53000.000
7214	67	67000.000
7215	60	60000.000
7216	63	63000.000
7217	63	63000.000
7218	65	65000.000
7219	57	57000.000
7220	58	58000.000
7221	56	56000.000
7222	63	63000.000
7223	54	54000.000
7224	50	50000.000
7225	56	56000.000
7226	54	54000.000
7227	65	65000.000
7228	52	52000.000
7229	59	59000.000
7230	53	53000.000
7231	50	50000.000
7232	48	48000.000
7233	61	61000.000
7234	65	65000.000
7235	55	55000.000
7236	50	50000.000
7237	56	56000.000
7238	60	60000.000
7239	54	54000.000
7240	54	54000.000
7241	57	57000.000
7242	50	50000.000
7243	58	58000.000
7244	48	48000.000
7245	65	65000.000
7246	56	56000.000
7247	58	58000.000
7248	68	68000.000
7249	68	68000.000
7250	52	52000.000
7251	57	57000.000
7252	61	61000.000
7253	66	66000.000
7254	53	53000.000
7255	66	66000.000
7256	49	49000.000
7257	49	49000.000
7258	59	59000.000
7259	62	62000.000
7260	57	57000.000
7261	55	55000.000
7262	58	58000.000
7263	70	70000.000
7264	52	52000.000
7265	46	46000.000
7266	58	58000.000
7267	76	76000.000
7268	45	45000.000
7269	55	55000.000
7270	58	58000.000
7271	48	48000.000
7272	66	66000.000
7273	61	61000.000
7274	71	71000.000
7275	43	43000.000
7276	53	53000.000
7277	63	63000.000
7278	51	51000.000
7279	63	63000.000
7280	51	51000.000
7281	55	55000.000
7282	53	53000.000
7283	51	51000.000
7284	58	58000.000
7285	72	72000.000
7286	57	57000.000
7287	50	50000.000
7288	67	67000.000
7289	60	60000.000
7290	48	48000.000
7291	53	53000.000
7292	61	61000.000
7293	57	57000.000
7294	48	48000.000
7295	51	51000.000
7296	68	68000.000
7297	60	60000.000
7298	59	59000.000
7299	69	69000.000
7300	55	55000.000
7301	62	62000.000
7302	54	54000.000
7303	67	67000.000
7304	60	60000.000
7305	51	51000.000
7306	52	52000.000
7307	48	48000.000
7308	52	52000.000
7309	55	55000.000
7310	46	46000.000
7311	47	47000.000
7312	57	57000.000
7313	60	60000.000
7314	56	56000.000
7315	70	70000.000
7316	55	55000.000
7317	57	57000.000
7318	44	44000.000
7319	69	69000.000
7320	59	59000.000
7321	61	61000.000
7322	61	61000.000
7323	46	46000.000
7324	52	52000.000
7325	60	60000.000
7326	69	69000.000
7327	61	61000.000
7328	48	48000.000
7329	58	58000.000
7330	59	59000.000
7331	50	50000.000
7332	53	53000.000
7333	65	65000.000
7334	48	48000.000
7335	61	61000.000
7336	56	56000.000
7337	52	52000.000
7338	65	65000.000
7339	67	67000.000
7340	60	60000.000
7341	57	57000.000
7342	61	61000.000
7343	54	54000.000
7344	54	54000.000
7345	55	55000.000
7346	49	49000.000
7347	52	52000.000
7348	59	59000.000
7349	56	56000.000
7350	69	69000.000
7351	63	63000.000
7352	52	52000.000
7353	56	56000.000
7354	52	52000.000
7355	45	45000.000
7356	63	63000.000
7357	73	73000.000
7358	52	52000.000
7359	58	58000.000
7360	46	46000.000
7361	53	53000.000
7362	64	64000.000
7363	65	65000.000
7364	51	51000.000
7365	62	62000.000
7366	58	58000.000
7367	53	53000.000
7368	47	47000.000
7369	55	55000.000
7370	63	63000.000
7371	63	63000.000
7372	52	52000.000
7373	59	59000.000
7374	54	54000.000
7375	63	63000.000
7376	42	42000.000
7377	51	51000.000
7378	61	61000.000
7379	62	62000.000
7380	56	56000.000
7381	66	66000.000
7382	66	66000.000
7383	57	57000.000
7384	60	60000.000
7385	46	46000.000
7386	56	56000.000
7387	60	60000.000
7388	60	60000.000
7389	57	57000.000
7390	62	62000.000
7391	66	66000.000
7392	56	56000.000
7393	51	51000.000
7394	51	51000.000
7395	54	54000.000
7396	69	69000.000
7397	50	50000.000
7398	56	56000.000
7399	59	59000.000
7400	48	48000.000
7401	60	60000.000
7402	66	66000.000
7403	67	67000.000
7404	54	54000.000
7405	64	64000.000
7406	55	55000.000
7407	74	74000.000
7408	61	61000.000
7409	62	62000.000
7410	60	60000.000
7411	65	65000.000
7412	63	63000.000
7413	71	71000.000
7414	71	71000.000
7415	60	60000.000
7416	51	51000.000
7417	53	53000.000
7418	50	50000.000
7419	48	48000.000
7420	40	40000.000
7421	50	50000.000
7422	59	59000.000
7423	55	55000.000
7424	62	62000.000
7425	54	54000.000
7426	47	47000.000
7427	67	67000.000
7428	53	53000.000
7429	66	66000.000
7430	53	53000.000
7431	66	66000.000
7432	60	60000.000
7433	51	51000.000
7434	64	64000.000
7435	57	57000.000
7436	56	56000.000
7437	54	54000.000
7438	60	60000.000
7439	59	59000.000
7440	69	69000.000
7441	69	69000.000
7442	59	59000.000
7443	47	47000.000
7444	51	51000.000
7445	59	59000.000
7446	47	47000.000
7447	56	56000.000
7448	45	45000.000
7449	49	49000.000
7450	46	46000.000
7451	46	46000.000
7452	56	56000.000
7453	66	66000.000
7454	63	63000.000
7455	65	65000.000
7456	47	47000.000
7457	58	58000.000
7458	64	64000.000
7459	62	62000.000
7460	57	57000.000
7461	71	71000.000
7462	67	67000.000
7463	49	49000.000
7464	49	49000.000
7465	67	67000.000
7466	50	50000.000
7467	75	75000.000
7468	45	45000.000
7469	52	52000.000
7470	58	58000.000
7471	63	63000.000
7472	57	57000.000
7473	59	59000.000
7474	49	49000.000
7475	61	61000.000
7476	36	36000.000
7477	50	50000.000
7478	55	55000.000
7479	65	65000.000
7480	64	64000.000
7481	64	64000.000
7482	60	60000.000
7483	58	58000.000
7484	64	64000.000
7485	55	55000.000
7486	52	52000.000
7487	60	60000.000
7488	54	54000.000
7489	40	40000.000
7490	67	67000.000
7491	48	48000.000
7492	49	49000.000
7493	53	53000.000
7494	49	49000.000
7495	54	54000.000
7496	65	65000.000
7497	57	57000.000
7498	75	75000.000
7499	53	53000.000
7500	50	50000.000
7501	66	66000.000
7502	58	58000.000
7503	65	65000.000
7504	65	65000.000
7505	65	65000.000
7506	58	58000.000
7507	55	55000.000
7508	59	59000.000
7509	54	54000.000
7510	50	50000.000
7511	50	50000.000
7512	64	64000.000
7513	71	71000.000
7514	60	60000.000
7515	68	68000.000
7516	57	57000.000
7517	58	58000.000
7518	45	45000.000
7519	55	55000.000
7520	57	57000.000
7521	53	53000.000
7522	54	54000.000
7523	59	59000.000
7524	49	49000.000
7525	48	48000.000
7526	59	59000.000
7527	55	55000.000
7528	58	58000.000
7529	66	66000.000
7530	60	60000.000
7531	55	55000.000
7532	65	65000.000
7533	59	59000.000
7534	60	60000.000
7535	70	70000.000
7536	56	56000.000
7537	54	54000.000
7538	55	55000.000
7539	59	59000.000
7540	73	73000.000
7541	79	79000.000
7542	57	57000.000
7543	54	54000.000
7544	65	65000.000
7545	68	68000.000
7546	60	60000.000
7547	51	51000.000
7548	75	75000.000
7549	60	60000.000
7550	61	61000.000
7551	49	49000.000
7552	49	49000.000
7553	64	64000.000
7554	48	48000.000
7555	57	57000.000
7556	48	48000.000
7557	63	63000.000
7558	63	63000.000
7559	63	63000.000
7560	50	50000.000
7561	56	56000.000
7562	52	52000.000
7563	61	61000.000
7564	45	45000.000
7565	59	59000.000
7566	61	61000.000
7567	61	61000.000
7568	61	61000.000
7569	54	54000.000
7570	63	63000.000
7571	67	67000.000
7572	52	52000.000
7573	57	57000.000
7574	62	62000.000
7575	71	71000.000
7576	47	47000.000
7577	54	54000.000
7578	46	46000.000
7579	60	60000.000
7580	48	48000.000
7581	58	58000.000
7582	50	50000.000
7583	65	65000.000
7584	62	62000.000
7585	58	58000.000
7586	48	48000.000
7587	60	60000.000
7588	79	79000.000
7589	56	56000.000
7590	59	59000.000
7591	70	70000.000
7592	54	54000.000
7593	59	59000.000
7594	59	59000.000
7595	51	51000.000
7596	61	61000.000
7597	61	61000.000
7598	80	80000.000
7599	47	47000.000
7600	47	47000.000
7601	58	58000.000
7602	75	75000.000
7603	52	52000.000
7604	58	58000.000
7605	57	57000.000
7606	46	46000.000
7607	46	46000.000
7608	65	65000.000
7609	66	66000.000
7610	67	67000.000
7611	64	64000.000
7612	70	70000.000
7613	51	51000.000
7614	53	53000.000
7615	49	49000.000
7616	54	54000.000
7617	63	63000.000
7618	56	56000.000
7619	52	52000.000
7620	71	71000.000
7621	55	55000.000
7622	48	48000.000
7623	45	45000.000
7624	58	58000.000
7625	53	53000.000
7626	52	52000.000
7627	58	58000.000
7628	57	57000.000
7629	50	50000.000
7630	63	63000.000
7631	43	43000.000
7632	55	55000.000
7633	59	59000.000
7634	52	52000.000
7635	70	70000.000
7636	50	50000.000
7637	66	66000.000
7638	65	65000.000
7639	53	53000.000
7640	53	53000.000
7641	63	63000.000
7642	63	63000.000
7643	68	68000.000
7644	39	39000.000
7645	62	62000.000
7646	58	58000.000
7647	71	71000.000
7648	57	57000.000
7649	51	51000.000
7650	57	57000.000
7651	50	50000.000
7652	57	57000.000
7653	50	50000.000
7654	59	59000.000
7655	45	45000.000
7656	55	55000.000
7657	72	72000.000
7658	65	65000.000
7659	45	45000.000
7660	65	65000.000
7661	68	68000.000
7662	55	55000.000
7663	58	58000.000
7664	52	52000.000
7665	66	66000.000
7666	58	58000.000
7667	63	63000.000
7668	49	49000.000
7669	71	71000.000
7670	58	58000.000
7671	44	44000.000
7672	44	44000.000
7673	73	73000.000
7674	54	54000.000
7675	41	41000.000
7676	61	61000.000
7677	50	50000.000
7678	48	48000.000
7679	47	47000.000
7680	62	62000.000
7681	45	45000.000
7682	47	47000.000
7683	54	54000.000
7684	58	58000.000
7685	51	51000.000
7686	62	62000.000
7687	46	46000.000
7688	58	58000.000
7689	51	51000.000
7690	54	54000.000
7691	62	62000.000
7692	58	58000.000
7693	60	60000.000
7694	61	61000.000
7695	55	55000.000
7696	59	59000.000
7697	48	48000.000
7698	52	52000.000
7699	50	50000.000
7700	53	53000.000
7701	51	51000.000
7702	64	64000.000
7703	55	55000.000
7704	48	48000.000
7705	59	59000.000
7706	61	61000.000
7707	47	47000.000
7708	56	56000.000
7709	61	61000.000
7710	63	63000.000
7711	64	64000.000
7712	51	51000.000
7713	64	64000.000
7714	56	56000.000
7715	55	55000.000
7716	63	63000.000
7717	54	54000.000
7718	52	52000.000
7719	68	68000.000
7720	40	40000.000
7721	62	62000.000
7722	55	55000.000
7723	62	62000.000
7724	49	49000.000
7725	50	50000.000
7726	38	38000.000
7727	54	54000.000
7728	49	49000.000
7729	47	47000.000
7730	58	58000.000
7731	54	54000.000
7732	57	57000.000
7733	60	60000.000
7734	61	61000.000
7735	45	45000.000
7736	50	50000.000
7737	56	56000.000
7738	50	50000.000
7739	47	47000.000
7740	48	48000.000
7741	48	48000.000
7742	49	49000.000
7743	44	44000.000
7744	59	59000.000
7745	64	64000.000
7746	65	65000.000
7747	61	61000.000
7748	64	64000.000
7749	48	48000.000
7750	67	67000.000
7751	62	62000.000
7752	52	52000.000
7753	47	47000.000
7754	68	68000.000
7755	61	61000.000
7756	59	59000.000
7757	59	59000.000
7758	47	47000.000
7759	56	56000.000
7760	44	44000.000
7761	52	52000.000
7762	59	59000.000
7763	56	56000.000
7764	49	49000.000
7765	62	62000.000
7766	56	56000.000
7767	58	58000.000
7768	51	51000.000
7769	57	57000.000
7770	57	57000.000
7771	63	63000.000
7772	53	53000.000
7773	62	62000.000
7774	62	62000.000
7775	60	60000.000
7776	53	53000.000
7777	69	69000.000
7778	58	58000.000
7779	63	63000.000
7780	68	68000.000
7781	50	50000.000
7782	45	45000.000
7783	50	50000.000
7784	56	56000.000
7785	73	73000.000
7786	56	56000.000
7787	58	58000.000
7788	64	64000.000
7789	46	46000.000
7790	58	58000.000
7791	52	52000.000
7792	64	64000.000
7793	73	73000.000
7794	57	57000.000
7795	56	56000.000
7796	62	62000.000
7797	69	69000.000
7798	67	67000.000
7799	75	75000.000
7800	60	60000.000
7801	66	66000.000
7802	54	54000.000
7803	53	53000.000
7804	56	56000.000
7805	52	52000.000
7806	56	56000.000
7807	53	53000.000
7808	42	42000.000
7809	64	64000.000
7810	71	71000.000
7811	60	60000.000
7812	82	82000.000
7813	63	63000.000
7814	58	58000.000
7815	60	60000.000
7816	41	41000.000
7817	69	69000.000
7818	59	59000.000
7819	57	57000.000
7820	54	54000.000
7821	54	54000.000
7822	58	58000.000
7823	53	53000.000
7824	56	56000.000
7825	57	57000.000
7826	54	54000.000
7827	62	62000.000
7828	43	43000.000
7829	65	65000.000
7830	58	58000.000
7831	59	59000.000
7832	39	39000.000
7833	46	46000.000
7834	59	59000.000
7835	54	54000.000
7836	51	51000.000
7837	45	45000.000
7838	39	39000.000
7839	56	56000.000
7840	60	60000.000
7841	54	54000.000
7842	52	52000.000
7843	55	55000.000
7844	61	61000.000
7845	64	64000.000
7846	66	66000.000
7847	55	55000.000
7848	54	54000.000
7849	76	76000.000
7850	51	51000.000
7851	55	55000.000
7852	45	45000.000
7853	54	54000.000
7854	62	62000.000
7855	48	48000.000
7856	50	50000.000
7857	56	56000.000
7858	55	55000.000
7859	68	68000.000
7860	68	68000.000
7861	70	70000.000
7862	66	66000.000
7863	74	74000.000
7864	66	66000.000
7865	57	57000.000
7866	58	58000.000
7867	66	66000.000
7868	57	57000.000
7869	66	66000.000
7870	48	48000.000
7871	49	49000.000
7872	60	60000.000
7873	61	61000.000
7874	58	58000.000
7875	67	67000.000
7876	50	50000.000
7877	55	55000.000
7878	71	71000.000
7879	44	44000.000
7880	44	44000.000
7881	59	59000.000
7882	58	58000.000
7883	56	56000.000
7884	51	51000.000
7885	47	47000.000
7886	57	57000.000
7887	65	65000.000
7888	74	74000.000
7889	57	57000.000
7890	61	61000.000
7891	55	55000.000
7892	50	50000.000
7893	60	60000.000
7894	62	62000.000
7895	63	63000.000
7896	56	56000.000
7897	55	55000.000
7898	60	60000.000
7899	52	52000.000
7900	68	68000.000
7901	48	48000.000
7902	59	59000.000
7903	72	72000.000
7904	50	50000.000
7905	51	51000.000
7906	60	60000.000
7907	63	63000.000
7908	62	62000.000
7909	51	51000.000
7910	54	54000.000
7911	54	54000.000
7912	55	55000.000
7913	59	59000.000
7914	72	72000.000
7915	52	52000.000
7916	60	60000.000
7917	64	64000.000
7918	55	55000.000
7919	57	57000.000
7920	60	60000.000
7921	55	55000.000
7922	67	67000.000
7923	59	59000.000
7924	62	62000.000
7925	48	48000.000
7926	67	67000.000
7927	55	55000.000
7928	53	53000.000
7929	64	64000.000
7930	56	56000.000
7931	62	62000.000
7932	56	56000.000
7933	64	64000.000
7934	57	57000.000
7935	60	60000.000
7936	65	65000.000
7937	59	59000.000
7938	52	52000.000
7939	52	52000.000
7940	46	46000.000
7941	45	45000.000
7942	51	51000.000
7943	68	68000.000
7944	47	47000.000
7945	55	55000.000
7946	75	75000.000
7947	52	52000.000
7948	49	49000.000
7949	51	51000.000
7950	56	56000.000
7951	60	60000.000
7952	55	55000.000
7953	52	52000.000
7954	48	48000.000
7955	57	57000.000
7956	45	45000.000
7957	57	57000.000
7958	54	54000.000
7959	58	58000.000
7960	47	47000.000
7961	70	70000.000
7962	43	43000.000
7963	62	62000.000
7964	82	82000.000
7965	54	54000.000
7966	49	49000.000
7967	68	68000.000
7968	56	56000.000
7969	46	46000.000
7970	67	67000.000
7971	56	56000.000
7972	42	42000.000
7973	47	47000.000
7974	58	58000.000
7975	60	60000.000
7976	58	58000.000
7977	51	51000.000
7978	62	62000.000
7979	52	52000.000
7980	53	53000.000
7981	42	42000.000
7982	50	50000.000
7983	57	57000.000
7984	63	63000.000
7985	51	51000.000
7986	61	61000.000
7987	60	60000.000
7988	50	50000.000
7989	60	60000.000
7990	56	56000.000
7991	67	67000.000
7992	64	64000.000
7993	54	54000.000
7994	52	52000.000
7995	64	64000.000
7996	57	57000.000
7997	56	56000.000
7998	56	56000.000
7999	70	70000.000
8000	51	51000.000
8001	63	63000.000
8002	63	63000.000
8003	62	62000.000
8004	65	65000.000
8005	48	48000.000
8006	53	53000.000
8007	58	58000.000
8008	65	65000.000
8009	53	53000.000
8010	57	57000.000
8011	62	62000.000
8012	44	44000.000
8013	59	59000.000
8014	62	62000.000
8015	65	65000.000
8016	69	69000.000
8017	58	58000.000
8018	64	64000.000
8019	40	40000.000
8020	60	60000.000
8021	46	46000.000
8022	43	43000.000
8023	65	65000.000
8024	50	50000.000
8025	53	53000.000
8026	61	61000.000
8027	49	49000.000
8028	63	63000.000
8029	58	58000.000
8030	63	63000.000
8031	62	62000.000
8032	61	61000.000
8033	53	53000.000
8034	45	45000.000
8035	63	63000.000
8036	53	53000.000
8037	60	60000.000
8038	39	39000.000
8039	56	56000.000
8040	48	48000.000
8041	67	67000.000
8042	52	52000.000
8043	57	57000.000
8044	62	62000.000
8045	52	52000.000
8046	65	65000.000
8047	67	67000.000
8048	58	58000.000
8049	70	70000.000
8050	68	68000.000
8051	67	67000.000
8052	54	54000.000
8053	57	57000.000
8054	52	52000.000
8055	63	63000.000
8056	55	55000.000
8057	56	56000.000
8058	69	69000.000
8059	55	55000.000
8060	44	44000.000
8061	58	58000.000
8062	59	59000.000
8063	68	68000.000
8064	64	64000.000
8065	46	46000.000
8066	53	53000.000
8067	60	60000.000
8068	61	61000.000
8069	54	54000.000
8070	71	71000.000
8071	46	46000.000
8072	49	49000.000
8073	67	67000.000
8074	38	38000.000
8075	64	64000.000
8076	69	69000.000
8077	55	55000.000
8078	65	65000.000
8079	45	45000.000
8080	53	53000.000
8081	43	43000.000
8082	53	53000.000
8083	57	57000.000
8084	59	59000.000
8085	53	53000.000
8086	61	61000.000
8087	48	48000.000
8088	68	68000.000
8089	62	62000.000
8090	63	63000.000
8091	64	64000.000
8092	61	61000.000
8093	68	68000.000
8094	61	61000.000
8095	63	63000.000
8096	61	61000.000
8097	49	49000.000
8098	69	69000.000
8099	59	59000.000
8100	65	65000.000
8101	52	52000.000
8102	53	53000.000
8103	62	62000.000
8104	55	55000.000
8105	48	48000.000
8106	58	58000.000
8107	56	56000.000
8108	71	71000.000
8109	51	51000.000
8110	48	48000.000
8111	67	67000.000
8112	49	49000.000
8113	61	61000.000
8114	59	59000.000
8115	62	62000.000
8116	58	58000.000
8117	56	56000.000
8118	49	49000.000
8119	57	57000.000
8120	79	79000.000
8121	41	41000.000
8122	53	53000.000
8123	48	48000.000
8124	63	63000.000
8125	43	43000.000
8126	56	56000.000
8127	56	56000.000
8128	59	59000.000
8129	61	61000.000
8130	58	58000.000
8131	58	58000.000
8132	57	57000.000
8133	44	44000.000
8134	42	42000.000
8135	56	56000.000
8136	54	54000.000
8137	76	76000.000
8138	55	55000.000
8139	54	54000.000
8140	65	65000.000
8141	49	49000.000
8142	49	49000.000
8143	53	53000.000
8144	49	49000.000
8145	50	50000.000
8146	67	67000.000
8147	50	50000.000
8148	52	52000.000
8149	44	44000.000
8150	58	58000.000
8151	63	63000.000
8152	46	46000.000
8153	51	51000.000
8154	62	62000.000
8155	60	60000.000
8156	58	58000.000
8157	58	58000.000
8158	59	59000.000
8159	49	49000.000
8160	54	54000.000
8161	52	52000.000
8162	60	60000.000
8163	48	48000.000
8164	56	56000.000
8165	72	72000.000
8166	67	67000.000
8167	51	51000.000
8168	60	60000.000
8169	50	50000.000
8170	65	65000.000
8171	64	64000.000
8172	71	71000.000
8173	57	57000.000
8174	62	62000.000
8175	53	53000.000
8176	42	42000.000
8177	69	69000.000
8178	44	44000.000
8179	49	49000.000
8180	57	57000.000
8181	52	52000.000
8182	67	67000.000
8183	51	51000.000
8184	42	42000.000
8185	50	50000.000
8186	61	61000.000
8187	75	75000.000
8188	68	68000.000
8189	63	63000.000
8190	58	58000.000
8191	51	51000.000
8192	58	58000.000
8193	57	57000.000
8194	59	59000.000
8195	78	78000.000
8196	54	54000.000
8197	65	65000.000
8198	66	66000.000
8199	53	53000.000
8200	60	60000.000
8201	53	53000.000
8202	58	58000.000
8203	62	62000.000
8204	72	72000.000
8205	48	48000.000
8206	53	53000.000
8207	57	57000.000
8208	68	68000.000
8209	61	61000.000
8210	60	60000.000
8211	73	73000.000
8212	50	50000.000
8213	60	60000.000
8214	63	63000.000
8215	45	45000.000
8216	62	62000.000
8217	57	57000.000
8218	62	62000.000
8219	70	70000.000
8220	58	58000.000
8221	66	66000.000
8222	54	54000.000
8223	70	70000.000
8224	63	63000.000
8225	63	63000.000
8226	46	46000.000
8227	54	54000.000
8228	63	63000.000
8229	68	68000.000
8230	73	73000.000
8231	52	52000.000
8232	61	61000.000
8233	49	49000.000
8234	58	58000.000
8235	60	60000.000
8236	67	67000.000
8237	55	55000.000
8238	62	62000.000
8239	46	46000.000
8240	57	57000.000
8241	61	61000.000
8242	72	72000.000
8243	69	69000.000
8244	52	52000.000
8245	61	61000.000
8246	61	61000.000
8247	70	70000.000
8248	56	56000.000
8249	47	47000.000
8250	63	63000.000
8251	60	60000.000
8252	62	62000.000
8253	62	62000.000
8254	50	50000.000
8255	59	59000.000
8256	52	52000.000
8257	52	52000.000
8258	47	47000.000
8259	75	75000.000
8260	60	60000.000
8261	50	50000.000
8262	52	52000.000
8263	57	57000.000
8264	60	60000.000
8265	55	55000.000
8266	66	66000.000
8267	64	64000.000
8268	64	64000.000
8269	54	54000.000
8270	42	42000.000
8271	57	57000.000
8272	60	60000.000
8273	46	46000.000
8274	66	66000.000
8275	62	62000.000
8276	62	62000.000
8277	48	48000.000
8278	55	55000.000
8279	63	63000.000
8280	54	54000.000
8281	63	63000.000
8282	66	66000.000
8283	55	55000.000
8284	73	73000.000
8285	58	58000.000
8286	50	50000.000
8287	59	59000.000
8288	63	63000.000
8289	60	60000.000
8290	53	53000.000
8291	54	54000.000
8292	65	65000.000
8293	53	53000.000
8294	45	45000.000
8295	63	63000.000
8296	53	53000.000
8297	53	53000.000
8298	61	61000.000
8299	62	62000.000
8300	60	60000.000
8301	54	54000.000
8302	54	54000.000
8303	63	63000.000
8304	64	64000.000
8305	55	55000.000
8306	54	54000.000
8307	60	60000.000
8308	67	67000.000
8309	66	66000.000
8310	62	62000.000
8311	57	57000.000
8312	60	60000.000
8313	66	66000.000
8314	70	70000.000
8315	49	49000.000
8316	66	66000.000
8317	57	57000.000
8318	48	48000.000
8319	56	56000.000
8320	61	61000.000
8321	42	42000.000
8322	43	43000.000
8323	52	52000.000
8324	58	58000.000
8325	76	76000.000
8326	50	50000.000
8327	58	58000.000
8328	48	48000.000
8329	59	59000.000
8330	63	63000.000
8331	57	57000.000
8332	69	69000.000
8333	65	65000.000
8334	52	52000.000
8335	52	52000.000
8336	65	65000.000
8337	54	54000.000
8338	62	62000.000
8339	58	58000.000
8340	56	56000.000
8341	48	48000.000
8342	66	66000.000
8343	47	47000.000
8344	65	65000.000
8345	53	53000.000
8346	50	50000.000
8347	67	67000.000
8348	74	74000.000
8349	50	50000.000
8350	65	65000.000
8351	49	49000.000
8352	54	54000.000
8353	77	77000.000
8354	55	55000.000
8355	64	64000.000
8356	56	56000.000
8357	53	53000.000
8358	70	70000.000
8359	63	63000.000
8360	71	71000.000
8361	57	57000.000
8362	75	75000.000
8363	63	63000.000
8364	64	64000.000
8365	44	44000.000
8366	59	59000.000
8367	37	37000.000
8368	59	59000.000
8369	53	53000.000
8370	36	36000.000
8371	64	64000.000
8372	61	61000.000
8373	59	59000.000
8374	57	57000.000
8375	71	71000.000
8376	47	47000.000
8377	50	50000.000
8378	46	46000.000
8379	43	43000.000
8380	62	62000.000
8381	45	45000.000
8382	49	49000.000
8383	67	67000.000
8384	52	52000.000
8385	58	58000.000
8386	68	68000.000
8387	58	58000.000
8388	39	39000.000
8389	52	52000.000
8390	58	58000.000
8391	57	57000.000
8392	54	54000.000
8393	58	58000.000
8394	53	53000.000
8395	64	64000.000
8396	59	59000.000
8397	54	54000.000
8398	66	66000.000
8399	54	54000.000
8400	44	44000.000
8401	57	57000.000
8402	59	59000.000
8403	44	44000.000
8404	50	50000.000
8405	56	56000.000
8406	58	58000.000
8407	50	50000.000
8408	47	47000.000
8409	75	75000.000
8410	48	48000.000
8411	57	57000.000
8412	65	65000.000
8413	60	60000.000
8414	64	64000.000
8415	67	67000.000
8416	52	52000.000
8417	51	51000.000
8418	66	66000.000
8419	69	69000.000
8420	56	56000.000
8421	49	49000.000
8422	51	51000.000
8423	67	67000.000
8424	58	58000.000
8425	67	67000.000
8426	66	66000.000
8427	55	55000.000
8428	56	56000.000
8429	63	63000.000
8430	53	53000.000
8431	59	59000.000
8432	59	59000.000
8433	63	63000.000
8434	49	49000.000
8435	55	55000.000
8436	47	47000.000
8437	62	62000.000
8438	69	69000.000
8439	60	60000.000
8440	48	48000.000
8441	55	55000.000
8442	46	46000.000
8443	44	44000.000
8444	54	54000.000
8445	57	57000.000
8446	51	51000.000
8447	65	65000.000
8448	57	57000.000
8449	55	55000.000
8450	59	59000.000
8451	55	55000.000
8452	62	62000.000
8453	53	53000.000
8454	52	52000.000
8455	52	52000.000
8456	58	58000.000
8457	69	69000.000
8458	72	72000.000
8459	64	64000.000
8460	55	55000.000
8461	72	72000.000
8462	51	51000.000
8463	54	54000.000
8464	60	60000.000
8465	41	41000.000
8466	47	47000.000
8467	63	63000.000
8468	65	65000.000
8469	59	59000.000
8470	67	67000.000
8471	67	67000.000
8472	73	73000.000
8473	69	69000.000
8474	54	54000.000
8475	67	67000.000
8476	70	70000.000
8477	63	63000.000
8478	62	62000.000
8479	45	45000.000
8480	55	55000.000
8481	63	63000.000
8482	63	63000.000
8483	50	50000.000
8484	67	67000.000
8485	62	62000.000
8486	56	56000.000
8487	72	72000.000
8488	63	63000.000
8489	56	56000.000
8490	45	45000.000
8491	56	56000.000
8492	71	71000.000
8493	65	65000.000
8494	65	65000.000
8495	47	47000.000
8496	63	63000.000
8497	63	63000.000
8498	61	61000.000
8499	63	63000.000
8500	56	56000.000
8501	59	59000.000
8502	53	53000.000
8503	48	48000.000
8504	60	60000.000
8505	65	65000.000
8506	59	59000.000
8507	65	65000.000
8508	56	56000.000
8509	75	75000.000
8510	60	60000.000
8511	43	43000.000
8512	42	42000.000
8513	61	61000.000
8514	55	55000.000
8515	43	43000.000
8516	55	55000.000
8517	62	62000.000
8518	59	59000.000
8519	61	61000.000
8520	48	48000.000
8521	62	62000.000
8522	54	54000.000
8523	49	49000.000
8524	62	62000.000
8525	60	60000.000
8526	50	50000.000
8527	56	56000.000
8528	67	67000.000
8529	66	66000.000
8530	53	53000.000
8531	53	53000.000
8532	65	65000.000
8533	57	57000.000
8534	59	59000.000
8535	62	62000.000
8536	49	49000.000
8537	47	47000.000
8538	61	61000.000
8539	66	66000.000
8540	50	50000.000
8541	61	61000.000
8542	52	52000.000
8543	41	41000.000
8544	54	54000.000
8545	51	51000.000
8546	59	59000.000
8547	49	49000.000
8548	58	58000.000
8549	49	49000.000
8550	66	66000.000
8551	68	68000.000
8552	43	43000.000
8553	50	50000.000
8554	65	65000.000
8555	55	55000.000
8556	51	51000.000
8557	56	56000.000
8558	53	53000.000
8559	61	61000.000
8560	70	70000.000
8561	74	74000.000
8562	68	68000.000
8563	65	65000.000
8564	58	58000.000
8565	66	66000.000
8566	58	58000.000
8567	56	56000.000
8568	60	60000.000
8569	49	49000.000
8570	46	46000.000
8571	54	54000.000
8572	51	51000.000
8573	47	47000.000
8574	59	59000.000
8575	64	64000.000
8576	64	64000.000
8577	47	47000.000
8578	50	50000.000
8579	56	56000.000
8580	56	56000.000
8581	82	82000.000
8582	57	57000.000
8583	64	64000.000
8584	48	48000.000
8585	66	66000.000
8586	50	50000.000
8587	49	49000.000
8588	58	58000.000
8589	48	48000.000
8590	53	53000.000
8591	53	53000.000
8592	60	60000.000
8593	59	59000.000
8594	43	43000.000
8595	57	57000.000
8596	56	56000.000
8597	40	40000.000
8598	44	44000.000
8599	56	56000.000
8600	54	54000.000
8601	62	62000.000
8602	63	63000.000
8603	46	46000.000
8604	60	60000.000
8605	47	47000.000
8606	57	57000.000
8607	51	51000.000
8608	55	55000.000
8609	59	59000.000
8610	67	67000.000
8611	63	63000.000
8612	54	54000.000
8613	66	66000.000
8614	52	52000.000
8615	63	63000.000
8616	61	61000.000
8617	55	55000.000
8618	64	64000.000
8619	57	57000.000
8620	57	57000.000
8621	77	77000.000
8622	58	58000.000
8623	38	38000.000
8624	59	59000.000
8625	57	57000.000
8626	56	56000.000
8627	73	73000.000
8628	49	49000.000
8629	66	66000.000
8630	64	64000.000
8631	66	66000.000
8632	50	50000.000
8633	56	56000.000
8634	60	60000.000
8635	70	70000.000
8636	56	56000.000
8637	51	51000.000
8638	52	52000.000
8639	47	47000.000
8640	63	63000.000
8641	72	72000.000
8642	57	57000.000
8643	58	58000.000
8644	55	55000.000
8645	69	69000.000
8646	67	67000.000
8647	51	51000.000
8648	56	56000.000
8649	59	59000.000
8650	52	52000.000
8651	45	45000.000
8652	49	49000.000
8653	55	55000.000
8654	62	62000.000
8655	54	54000.000
8656	56	56000.000
8657	58	58000.000
8658	43	43000.000
8659	69	69000.000
8660	64	64000.000
8661	55	55000.000
8662	56	56000.000
8663	62	62000.000
8664	54	54000.000
8665	47	47000.000
8666	53	53000.000
8667	50	50000.000
8668	54	54000.000
8669	58	58000.000
8670	66	66000.000
8671	60	60000.000
8672	57	57000.000
8673	50	50000.000
8674	58	58000.000
8675	59	59000.000
8676	62	62000.000
8677	53	53000.000
8678	61	61000.000
8679	69	69000.000
8680	52	52000.000
8681	50	50000.000
8682	59	59000.000
8683	60	60000.000
8684	48	48000.000
8685	54	54000.000
8686	59	59000.000
8687	71	71000.000
8688	46	46000.000
8689	41	41000.000
8690	68	68000.000
8691	43	43000.000
8692	60	60000.000
8693	54	54000.000
8694	62	62000.000
8695	56	56000.000
8696	40	40000.000
8697	63	63000.000
8698	60	60000.000
8699	62	62000.000
8700	58	58000.000
8701	60	60000.000
8702	60	60000.000
8703	60	60000.000
8704	63	63000.000
8705	58	58000.000
8706	60	60000.000
8707	58	58000.000
8708	44	44000.000
8709	46	46000.000
8710	53	53000.000
8711	55	55000.000
8712	53	53000.000
8713	43	43000.000
8714	67	67000.000
8715	58	58000.000
8716	57	57000.000
8717	53	53000.000
8718	58	58000.000
8719	66	66000.000
8720	52	52000.000
8721	50	50000.000
8722	51	51000.000
8723	56	56000.000
8724	57	57000.000
8725	70	70000.000
8726	72	72000.000
8727	55	55000.000
8728	53	53000.000
8729	55	55000.000
8730	59	59000.000
8731	61	61000.000
8732	53	53000.000
8733	67	67000.000
8734	66	66000.000
8735	64	64000.000
8736	58	58000.000
8737	56	56000.000
8738	61	61000.000
8739	60	60000.000
8740	50	50000.000
8741	54	54000.000
8742	65	65000.000
8743	44	44000.000
8744	57	57000.000
8745	61	61000.000
8746	54	54000.000
8747	60	60000.000
8748	53	53000.000
8749	51	51000.000
8750	60	60000.000
8751	58	58000.000
8752	66	66000.000
8753	48	48000.000
8754	63	63000.000
8755	51	51000.000
8756	56	56000.000
8757	60	60000.000
8758	55	55000.000
8759	72	72000.000
8760	64	64000.000
8761	50	50000.000
8762	55	55000.000
8763	48	48000.000
8764	55	55000.000
8765	48	48000.000
8766	50	50000.000
8767	47	47000.000
8768	40	40000.000
8769	46	46000.000
8770	53	53000.000
8771	53	53000.000
8772	46	46000.000
8773	52	52000.000
8774	56	56000.000
8775	68	68000.000
8776	58	58000.000
8777	64	64000.000
8778	42	42000.000
8779	49	49000.000
8780	48	48000.000
8781	49	49000.000
8782	56	56000.000
8783	41	41000.000
8784	43	43000.000
8785	60	60000.000
8786	62	62000.000
8787	51	51000.000
8788	61	61000.000
8789	59	59000.000
8790	56	56000.000
8791	67	67000.000
8792	57	57000.000
8793	60	60000.000
8794	48	48000.000
8795	45	45000.000
8796	50	50000.000
8797	58	58000.000
8798	62	62000.000
8799	54	54000.000
8800	59	59000.000
8801	54	54000.000
8802	52	52000.000
8803	50	50000.000
8804	64	64000.000
8805	52	52000.000
8806	64	64000.000
8807	56	56000.000
8808	52	52000.000
8809	64	64000.000
8810	57	57000.000
8811	70	70000.000
8812	57	57000.000
8813	80	80000.000
8814	57	57000.000
8815	56	56000.000
8816	63	63000.000
8817	62	62000.000
8818	53	53000.000
8819	57	57000.000
8820	55	55000.000
8821	56	56000.000
8822	67	67000.000
8823	52	52000.000
8824	59	59000.000
8825	50	50000.000
8826	67	67000.000
8827	70	70000.000
8828	53	53000.000
8829	66	66000.000
8830	55	55000.000
8831	64	64000.000
8832	61	61000.000
8833	60	60000.000
8834	57	57000.000
8835	62	62000.000
8836	39	39000.000
8837	57	57000.000
8838	56	56000.000
8839	49	49000.000
8840	58	58000.000
8841	48	48000.000
8842	75	75000.000
8843	53	53000.000
8844	66	66000.000
8845	47	47000.000
8846	58	58000.000
8847	50	50000.000
8848	67	67000.000
8849	57	57000.000
8850	54	54000.000
8851	54	54000.000
8852	61	61000.000
8853	61	61000.000
8854	68	68000.000
8855	57	57000.000
8856	53	53000.000
8857	59	59000.000
8858	43	43000.000
8859	50	50000.000
8860	61	61000.000
8861	60	60000.000
8862	48	48000.000
8863	48	48000.000
8864	67	67000.000
8865	57	57000.000
8866	58	58000.000
8867	65	65000.000
8868	50	50000.000
8869	76	76000.000
8870	60	60000.000
8871	51	51000.000
8872	63	63000.000
8873	50	50000.000
8874	59	59000.000
8875	60	60000.000
8876	53	53000.000
8877	59	59000.000
8878	56	56000.000
8879	63	63000.000
8880	52	52000.000
8881	59	59000.000
8882	54	54000.000
8883	59	59000.000
8884	63	63000.000
8885	53	53000.000
8886	45	45000.000
8887	72	72000.000
8888	78	78000.000
8889	55	55000.000
8890	58	58000.000
8891	54	54000.000
8892	52	52000.000
8893	61	61000.000
8894	65	65000.000
8895	67	67000.000
8896	59	59000.000
8897	56	56000.000
8898	52	52000.000
8899	67	67000.000
8900	60	60000.000
8901	60	60000.000
8902	54	54000.000
8903	55	55000.000
8904	50	50000.000
8905	57	57000.000
8906	59	59000.000
8907	70	70000.000
8908	58	58000.000
8909	50	50000.000
8910	55	55000.000
8911	49	49000.000
8912	61	61000.000
8913	53	53000.000
8914	64	64000.000
8915	62	62000.000
8916	54	54000.000
8917	69	69000.000
8918	57	57000.000
8919	57	57000.000
8920	46	46000.000
8921	56	56000.000
8922	68	68000.000
8923	60	60000.000
8924	65	65000.000
8925	58	58000.000
8926	52	52000.000
8927	58	58000.000
8928	63	63000.000
8929	58	58000.000
8930	59	59000.000
8931	57	57000.000
8932	66	66000.000
8933	57	57000.000
8934	59	59000.000
8935	51	51000.000
8936	63	63000.000
8937	53	53000.000
8938	65	65000.000
8939	57	57000.000
8940	53	53000.000
8941	57	57000.000
8942	53	53000.000
8943	55	55000.000
8944	56	56000.000
8945	59	59000.000
8946	54	54000.000
8947	52	52000.000
8948	64	64000.000
8949	53	53000.000
8950	60	60000.000
8951	55	55000.000
8952	58	58000.000
8953	49	49000.000
8954	64	64000.000
8955	71	71000.000
8956	59	59000.000
8957	45	45000.000
8958	49	49000.000
8959	63	63000.000
8960	58	58000.000
8961	67	67000.000
8962	62	62000.000
8963	52	52000.000
8964	63	63000.000
8965	47	47000.000
8966	55	55000.000
8967	71	71000.000
8968	78	78000.000
8969	59	59000.000
8970	46	46000.000
8971	58	58000.000
8972	62	62000.000
8973	63	63000.000
8974	71	71000.000
8975	47	47000.000
8976	61	61000.000
8977	48	48000.000
8978	58	58000.000
8979	49	49000.000
8980	72	72000.000
8981	51	51000.000
8982	69	69000.000
8983	55	55000.000
8984	54	54000.000
8985	59	59000.000
8986	59	59000.000
8987	56	56000.000
8988	72	72000.000
8989	62	62000.000
8990	52	52000.000
8991	61	61000.000
8992	63	63000.000
8993	71	71000.000
8994	52	52000.000
8995	71	71000.000
8996	65	65000.000
8997	57	57000.000
8998	76	76000.000
8999	54	54000.000
9000	73	73000.000
9001	63	63000.000
9002	62	62000.000
9003	54	54000.000
9004	53	53000.000
9005	66	66000.000
9006	59	59000.000
9007	68	68000.000
9008	64	64000.000
9009	56	56000.000
9010	56	56000.000
9011	45	45000.000
9012	56	56000.000
9013	53	53000.000
9014	57	57000.000
9015	59	59000.000
9016	80	80000.000
9017	52	52000.000
9018	57	57000.000
9019	57	57000.000
9020	66	66000.000
9021	55	55000.000
9022	57	57000.000
9023	61	61000.000
9024	52	52000.000
9025	73	73000.000
9026	41	41000.000
9027	60	60000.000
9028	62	62000.000
9029	59	59000.000
9030	62	62000.000
9031	66	66000.000
9032	47	47000.000
9033	46	46000.000
9034	61	61000.000
9035	67	67000.000
9036	59	59000.000
9037	54	54000.000
9038	59	59000.000
9039	45	45000.000
9040	50	50000.000
9041	68	68000.000
9042	54	54000.000
9043	64	64000.000
9044	51	51000.000
9045	62	62000.000
9046	51	51000.000
9047	49	49000.000
9048	70	70000.000
9049	56	56000.000
9050	57	57000.000
9051	53	53000.000
9052	58	58000.000
9053	54	54000.000
9054	53	53000.000
9055	59	59000.000
9056	61	61000.000
9057	50	50000.000
9058	51	51000.000
9059	50	50000.000
9060	50	50000.000
9061	63	63000.000
9062	61	61000.000
9063	61	61000.000
9064	56	56000.000
9065	67	67000.000
9066	66	66000.000
9067	61	61000.000
9068	68	68000.000
9069	56	56000.000
9070	60	60000.000
9071	47	47000.000
9072	52	52000.000
9073	56	56000.000
9074	61	61000.000
9075	56	56000.000
9076	52	52000.000
9077	55	55000.000
9078	63	63000.000
9079	59	59000.000
9080	68	68000.000
9081	52	52000.000
9082	56	56000.000
9083	58	58000.000
9084	45	45000.000
9085	59	59000.000
9086	58	58000.000
9087	45	45000.000
9088	62	62000.000
9089	68	68000.000
9090	52	52000.000
9091	55	55000.000
9092	63	63000.000
9093	66	66000.000
9094	56	56000.000
9095	70	70000.000
9096	68	68000.000
9097	59	59000.000
9098	64	64000.000
9099	61	61000.000
9100	64	64000.000
9101	55	55000.000
9102	61	61000.000
9103	59	59000.000
9104	62	62000.000
9105	64	64000.000
9106	56	56000.000
9107	58	58000.000
9108	54	54000.000
9109	69	69000.000
9110	48	48000.000
9111	38	38000.000
9112	63	63000.000
9113	55	55000.000
9114	44	44000.000
9115	46	46000.000
9116	58	58000.000
9117	61	61000.000
9118	55	55000.000
9119	58	58000.000
9120	55	55000.000
9121	52	52000.000
9122	66	66000.000
9123	49	49000.000
9124	64	64000.000
9125	64	64000.000
9126	48	48000.000
9127	64	64000.000
9128	60	60000.000
9129	63	63000.000
9130	55	55000.000
9131	61	61000.000
9132	60	60000.000
9133	50	50000.000
9134	65	65000.000
9135	41	41000.000
9136	58	58000.000
9137	55	55000.000
9138	43	43000.000
9139	58	58000.000
9140	52	52000.000
9141	56	56000.000
9142	53	53000.000
9143	64	64000.000
9144	49	49000.000
9145	56	56000.000
9146	63	63000.000
9147	64	64000.000
9148	56	56000.000
9149	62	62000.000
9150	57	57000.000
9151	62	62000.000
9152	48	48000.000
9153	57	57000.000
9154	63	63000.000
9155	67	67000.000
9156	68	68000.000
9157	58	58000.000
9158	50	50000.000
9159	70	70000.000
9160	58	58000.000
9161	51	51000.000
9162	43	43000.000
9163	51	51000.000
9164	50	50000.000
9165	63	63000.000
9166	61	61000.000
9167	60	60000.000
9168	62	62000.000
9169	57	57000.000
9170	56	56000.000
9171	51	51000.000
9172	57	57000.000
9173	46	46000.000
9174	62	62000.000
9175	44	44000.000
9176	60	60000.000
9177	53	53000.000
9178	59	59000.000
9179	53	53000.000
9180	54	54000.000
9181	56	56000.000
9182	70	70000.000
9183	56	56000.000
9184	52	52000.000
9185	62	62000.000
9186	57	57000.000
9187	55	55000.000
9188	54	54000.000
9189	56	56000.000
9190	63	63000.000
9191	49	49000.000
9192	59	59000.000
9193	65	65000.000
9194	62	62000.000
9195	75	75000.000
9196	54	54000.000
9197	57	57000.000
9198	62	62000.000
9199	74	74000.000
9200	59	59000.000
9201	61	61000.000
9202	65	65000.000
9203	54	54000.000
9204	61	61000.000
9205	66	66000.000
9206	49	49000.000
9207	56	56000.000
9208	56	56000.000
9209	64	64000.000
9210	47	47000.000
9211	59	59000.000
9212	60	60000.000
9213	59	59000.000
9214	66	66000.000
9215	60	60000.000
9216	51	51000.000
9217	59	59000.000
9218	64	64000.000
9219	52	52000.000
9220	52	52000.000
9221	65	65000.000
9222	71	71000.000
9223	58	58000.000
9224	64	64000.000
9225	40	40000.000
9226	59	59000.000
9227	57	57000.000
9228	62	62000.000
9229	60	60000.000
9230	57	57000.000
9231	55	55000.000
9232	57	57000.000
9233	42	42000.000
9234	46	46000.000
9235	48	48000.000
9236	68	68000.000
9237	53	53000.000
9238	70	70000.000
9239	63	63000.000
9240	48	48000.000
9241	72	72000.000
9242	53	53000.000
9243	59	59000.000
9244	57	57000.000
9245	56	56000.000
9246	72	72000.000
9247	41	41000.000
9248	55	55000.000
9249	65	65000.000
9250	47	47000.000
9251	49	49000.000
9252	64	64000.000
9253	54	54000.000
9254	51	51000.000
9255	48	48000.000
9256	64	64000.000
9257	47	47000.000
9258	52	52000.000
9259	61	61000.000
9260	40	40000.000
9261	46	46000.000
9262	55	55000.000
9263	52	52000.000
9264	48	48000.000
9265	60	60000.000
9266	64	64000.000
9267	64	64000.000
9268	52	52000.000
9269	71	71000.000
9270	57	57000.000
9271	58	58000.000
9272	68	68000.000
9273	60	60000.000
9274	49	49000.000
9275	65	65000.000
9276	65	65000.000
9277	46	46000.000
9278	46	46000.000
9279	69	69000.000
9280	57	57000.000
9281	60	60000.000
9282	68	68000.000
9283	53	53000.000
9284	71	71000.000
9285	55	55000.000
9286	60	60000.000
9287	55	55000.000
9288	67	67000.000
9289	46	46000.000
9290	53	53000.000
9291	57	57000.000
9292	50	50000.000
9293	57	57000.000
9294	60	60000.000
9295	51	51000.000
9296	52	52000.000
9297	55	55000.000
9298	64	64000.000
9299	50	50000.000
9300	58	58000.000
9301	54	54000.000
9302	59	59000.000
9303	52	52000.000
9304	55	55000.000
9305	64	64000.000
9306	60	60000.000
9307	49	49000.000
9308	64	64000.000
9309	55	55000.000
9310	66	66000.000
9311	63	63000.000
9312	54	54000.000
9313	47	47000.000
9314	59	59000.000
9315	62	62000.000
9316	65	65000.000
9317	60	60000.000
9318	57	57000.000
9319	75	75000.000
9320	48	48000.000
9321	61	61000.000
9322	56	56000.000
9323	66	66000.000
9324	70	70000.000
9325	68	68000.000
9326	55	55000.000
9327	52	52000.000
9328	64	64000.000
9329	67	67000.000
9330	48	48000.000
9331	47	47000.000
9332	45	45000.000
9333	63	63000.000
9334	47	47000.000
9335	54	54000.000
9336	53	53000.000
9337	56	56000.000
9338	68	68000.000
9339	63	63000.000
9340	57	57000.000
9341	56	56000.000
9342	51	51000.000
9343	63	63000.000
9344	59	59000.000
9345	55	55000.000
9346	52	52000.000
9347	66	66000.000
9348	67	67000.000
9349	57	57000.000
9350	61	61000.000
9351	53	53000.000
9352	67	67000.000
9353	71	71000.000
9354	56	56000.000
9355	65	65000.000
9356	61	61000.000
9357	52	52000.000
9358	57	57000.000
9359	67	67000.000
9360	64	64000.000
9361	53	53000.000
9362	48	48000.000
9363	52	52000.000
9364	65	65000.000
9365	46	46000.000
9366	72	72000.000
9367	57	57000.000
9368	50	50000.000
9369	65	65000.000
9370	57	57000.000
9371	69	69000.000
9372	53	53000.000
9373	50	50000.000
9374	80	80000.000
9375	49	49000.000
9376	54	54000.000
9377	55	55000.000
9378	63	63000.000
9379	52	52000.000
9380	60	60000.000
9381	52	52000.000
9382	48	48000.000
9383	62	62000.000
9384	54	54000.000
9385	60	60000.000
9386	51	51000.000
9387	62	62000.000
9388	67	67000.000
9389	65	65000.000
9390	54	54000.000
9391	49	49000.000
9392	60	60000.000
9393	68	68000.000
9394	51	51000.000
9395	63	63000.000
9396	47	47000.000
9397	48	48000.000
9398	57	57000.000
9399	51	51000.000
9400	83	83000.000
9401	56	56000.000
9402	49	49000.000
9403	59	59000.000
9404	61	61000.000
9405	66	66000.000
9406	57	57000.000
9407	56	56000.000
9408	53	53000.000
9409	81	81000.000
9410	65	65000.000
9411	47	47000.000
9412	54	54000.000
9413	56	56000.000
9414	64	64000.000
9415	61	61000.000
9416	63	63000.000
9417	54	54000.000
9418	63	63000.000
9419	57	57000.000
9420	54	54000.000
9421	68	68000.000
9422	56	56000.000
9423	68	68000.000
9424	62	62000.000
9425	52	52000.000
9426	56	56000.000
9427	61	61000.000
9428	62	62000.000
9429	50	50000.000
9430	37	37000.000
9431	63	63000.000
9432	67	67000.000
9433	59	59000.000
9434	68	68000.000
9435	46	46000.000
9436	51	51000.000
9437	70	70000.000
9438	61	61000.000
9439	71	71000.000
9440	55	55000.000
9441	60	60000.000
9442	61	61000.000
9443	48	48000.000
9444	56	56000.000
9445	68	68000.000
9446	51	51000.000
9447	50	50000.000
9448	66	66000.000
9449	54	54000.000
9450	55	55000.000
9451	55	55000.000
9452	48	48000.000
9453	54	54000.000
9454	51	51000.000
9455	63	63000.000
9456	53	53000.000
9457	47	47000.000
9458	57	57000.000
9459	61	61000.000
9460	62	62000.000
9461	54	54000.000
9462	57	57000.000
9463	59	59000.000
9464	56	56000.000
9465	61	61000.000
9466	62	62000.000
9467	58	58000.000
9468	71	71000.000
9469	69	69000.000
9470	56	56000.000
9471	49	49000.000
9472	55	55000.000
9473	58	58000.000
9474	69	69000.000
9475	53	53000.000
9476	51	51000.000
9477	50	50000.000
9478	60	60000.000
9479	67	67000.000
9480	51	51000.000
9481	62	62000.000
9482	61	61000.000
9483	51	51000.000
9484	52	52000.000
9485	48	48000.000
9486	66	66000.000
9487	63	63000.000
9488	61	61000.000
9489	63	63000.000
9490	48	48000.000
9491	43	43000.000
9492	47	47000.000
9493	61	61000.000
9494	39	39000.000
9495	57	57000.000
9496	58	58000.000
9497	66	66000.000
9498	41	41000.000
9499	54	54000.000
9500	62	62000.000
9501	58	58000.000
9502	48	48000.000
9503	58	58000.000
9504	58	58000.000
9505	61	61000.000
9506	53	53000.000
9507	66	66000.000
9508	62	62000.000
9509	58	58000.000
9510	70	70000.000
9511	55	55000.000
9512	55	55000.000
9513	64	64000.000
9514	62	62000.000
9515	50	50000.000
9516	49	49000.000
9517	62	62000.000
9518	58	58000.000
9519	54	54000.000
9520	68	68000.000
9521	60	60000.000
9522	50	50000.000
9523	54	54000.000
9524	73	73000.000
9525	56	56000.000
9526	62	62000.000
9527	51	51000.000
9528	49	49000.000
9529	55	55000.000
9530	74	74000.000
9531	50	50000.000
9532	59	59000.000
9533	57	57000.000
9534	60	60000.000
9535	78	78000.000
9536	54	54000.000
9537	53	53000.000
9538	54	54000.000
9539	55	55000.000
9540	43	43000.000
9541	51	51000.000
9542	46	46000.000
9543	62	62000.000
9544	48	48000.000
9545	47	47000.000
9546	63	63000.000
9547	52	52000.000
9548	63	63000.000
9549	56	56000.000
9550	51	51000.000
9551	54	54000.000
9552	57	57000.000
9553	65	65000.000
9554	53	53000.000
9555	79	79000.000
9556	51	51000.000
9557	59	59000.000
9558	59	59000.000
9559	63	63000.000
9560	53	53000.000
9561	60	60000.000
9562	71	71000.000
9563	68	68000.000
9564	42	42000.000
9565	50	50000.000
9566	57	57000.000
9567	44	44000.000
9568	66	66000.000
9569	60	60000.000
9570	55	55000.000
9571	50	50000.000
9572	53	53000.000
9573	42	42000.000
9574	49	49000.000
9575	64	64000.000
9576	53	53000.000
9577	64	64000.000
9578	62	62000.000
9579	49	49000.000
9580	57	57000.000
9581	56	56000.000
9582	58	58000.000
9583	54	54000.000
9584	76	76000.000
9585	48	48000.000
9586	64	64000.000
9587	53	53000.000
9588	49	49000.000
9589	63	63000.000
9590	62	62000.000
9591	55	55000.000
9592	49	49000.000
9593	65	65000.000
9594	59	59000.000
9595	60	60000.000
9596	62	62000.000
9597	49	49000.000
9598	72	72000.000
9599	60	60000.000
9600	57	57000.000
9601	55	55000.000
9602	42	42000.000
9603	69	69000.000
9604	55	55000.000
9605	58	58000.000
9606	59	59000.000
9607	49	49000.000
9608	65	65000.000
9609	65	65000.000
9610	47	47000.000
9611	41	41000.000
9612	58	58000.000
9613	58	58000.000
9614	53	53000.000
9615	51	51000.000
9616	53	53000.000
9617	51	51000.000
9618	63	63000.000
9619	52	52000.000
9620	64	64000.000
9621	38	38000.000
9622	68	68000.000
9623	63	63000.000
9624	70	70000.000
9625	71	71000.000
9626	49	49000.000
9627	54	54000.000
9628	59	59000.000
9629	51	51000.000
9630	50	50000.000
9631	56	56000.000
9632	57	57000.000
9633	66	66000.000
9634	50	50000.000
9635	50	50000.000
9636	51	51000.000
9637	63	63000.000
9638	69	69000.000
9639	61	61000.000
9640	64	64000.000
9641	59	59000.000
9642	66	66000.000
9643	56	56000.000
9644	72	72000.000
9645	68	68000.000
9646	65	65000.000
9647	55	55000.000
9648	53	53000.000
9649	61	61000.000
9650	59	59000.000
9651	56	56000.000
9652	63	63000.000
9653	60	60000.000
9654	59	59000.000
9655	52	52000.000
9656	54	54000.000
9657	48	48000.000
9658	65	65000.000
9659	53	53000.000
9660	66	66000.000
9661	53	53000.000
9662	63	63000.000
9663	57	57000.000
9664	56	56000.000
9665	52	52000.000
9666	49	49000.000
9667	72	72000.000
9668	50	50000.000
9669	48	48000.000
9670	59	59000.000
9671	57	57000.000
9672	55	55000.000
9673	59	59000.000
9674	72	72000.000
9675	59	59000.000
9676	70	70000.000
9677	69	69000.000
9678	61	61000.000
9679	65	65000.000
9680	57	57000.000
9681	49	49000.000
9682	48	48000.000
9683	55	55000.000
9684	53	53000.000
9685	53	53000.000
9686	52	52000.000
9687	69	69000.000
9688	61	61000.000
9689	61	61000.000
9690	53	53000.000
9691	54	54000.000
9692	53	53000.000
9693	57	57000.000
9694	62	62000.000
9695	62	62000.000
9696	69	69000.000
9697	59	59000.000
9698	58	58000.000
9699	74	74000.000
9700	63	63000.000
9701	61	61000.000
9702	57	57000.000
9703	77	77000.000
9704	58	58000.000
9705	54	54000.000
9706	52	52000.000
9707	67	67000.000
9708	52	52000.000
9709	65	65000.000
9710	52	52000.000
9711	52	52000.000
9712	69	69000.000
9713	66	66000.000
9714	75	75000.000
9715	47	47000.000
9716	59	59000.000
9717	55	55000.000
9718	59	59000.000
9719	67	67000.000
9720	43	43000.000
9721	47	47000.000
9722	52	52000.000
9723	68	68000.000
9724	54	54000.000
9725	62	62000.000
9726	57	57000.000
9727	50	50000.000
9728	69	69000.000
9729	56	56000.000
9730	63	63000.000
9731	54	54000.000
9732	48	48000.000
9733	71	71000.000
9734	54	54000.000
9735	59	59000.000
9736	54	54000.000
9737	66	66000.000
9738	63	63000.000
9739	66	66000.000
9740	67	67000.000
9741	61	61000.000
9742	60	60000.000
9743	60	60000.000
9744	69	69000.000
9745	53	53000.000
9746	59	59000.000
9747	59	59000.000
9748	47	47000.000
9749	48	48000.000
9750	67	67000.000
9751	50	50000.000
9752	54	54000.000
9753	59	59000.000
9754	63	63000.000
9755	51	51000.000
9756	58	58000.000
9757	56	56000.000
9758	49	49000.000
9759	66	66000.000
9760	54	54000.000
9761	60	60000.000
9762	53	53000.000
9763	53	53000.000
9764	50	50000.000
9765	66	66000.000
9766	52	52000.000
9767	68	68000.000
9768	60	60000.000
9769	45	45000.000
9770	66	66000.000
9771	63	63000.000
9772	59	59000.000
9773	67	67000.000
9774	37	37000.000
9775	53	53000.000
9776	70	70000.000
9777	44	44000.000
9778	58	58000.000
9779	65	65000.000
9780	50	50000.000
9781	57	57000.000
9782	48	48000.000
9783	62	62000.000
9784	65	65000.000
9785	59	59000.000
9786	44	44000.000
9787	56	56000.000
9788	51	51000.000
9789	54	54000.000
9790	65	65000.000
9791	64	64000.000
9792	55	55000.000
9793	57	57000.000
9794	53	53000.000
9795	62	62000.000
9796	50	50000.000
9797	61	61000.000
9798	56	56000.000
9799	48	48000.000
9800	54	54000.000
9801	55	55000.000
9802	59	59000.000
9803	58	58000.000
9804	51	51000.000
9805	54	54000.000
9806	46	46000.000
9807	54	54000.000
9808	54	54000.000
9809	54	54000.000
9810	66	66000.000
9811	59	59000.000
9812	66	66000.000
9813	56	56000.000
9814	52	52000.000
9815	64	64000.000
9816	64	64000.000
9817	39	39000.000
9818	52	52000.000
9819	58	58000.000
9820	55	55000.000
9821	70	70000.000
9822	56	56000.000
9823	58	58000.000
9824	69	69000.000
9825	51	51000.000
9826	46	46000.000
9827	57	57000.000
9828	64	64000.000
9829	56	56000.000
9830	58	58000.000
9831	59	59000.000
9832	54	54000.000
9833	56	56000.000
9834	50	50000.000
9835	53	53000.000
9836	51	51000.000
9837	63	63000.000
9838	68	68000.000
9839	67	67000.000
9840	69	69000.000
9841	53	53000.000
9842	58	58000.000
9843	62	62000.000
9844	64	64000.000
9845	49	49000.000
9846	60	60000.000
9847	62	62000.000
9848	71	71000.000
9849	55	55000.000
9850	57	57000.000
9851	52	52000.000
9852	64	64000.000
9853	61	61000.000
9854	53	53000.000
9855	48	48000.000
9856	59	59000.000
9857	58	58000.000
9858	79	79000.000
9859	69	69000.000
9860	46	46000.000
9861	70	70000.000
9862	63	63000.000
9863	71	71000.000
9864	63	63000.000
9865	58	58000.000
9866	51	51000.000
9867	67	67000.000
9868	58	58000.000
9869	52	52000.000
9870	67	67000.000
9871	59	59000.000
9872	52	52000.000
9873	73	73000.000
9874	48	48000.000
9875	62	62000.000
9876	58	58000.000
9877	41	41000.000
9878	61	61000.000
9879	46	46000.000
9880	61	61000.000
9881	58	58000.000
9882	58	58000.000
9883	68	68000.000
9884	69	69000.000
9885	63	63000.000
9886	66	66000.000
9887	63	63000.000
9888	69	69000.000
9889	45	45000.000
9890	57	57000.000
9891	52	52000.000
9892	60	60000.000
9893	54	54000.000
9894	64	64000.000
9895	65	65000.000
9896	53	53000.000
9897	73	73000.000
9898	52	52000.000
9899	56	56000.000
9900	63	63000.000
9901	54	54000.000
9902	41	41000.000
9903	58	58000.000
9904	56	56000.000
9905	47	47000.000
9906	49	49000.000
9907	64	64000.000
9908	45	45000.000
9909	62	62000.000
9910	70	70000.000
9911	70	70000.000
9912	55	55000.000
9913	62	62000.000
9914	50	50000.000
9915	43	43000.000
9916	64	64000.000
9917	43	43000.000
9918	51	51000.000
9919	61	61000.000
9920	66	66000.000
9921	62	62000.000
9922	60	60000.000
9923	49	49000.000
9924	49	49000.000
9925	59	59000.000
9926	61	61000.000
9927	55	55000.000
9928	57	57000.000
9929	51	51000.000
9930	49	49000.000
9931	57	57000.000
9932	53	53000.000
9933	52	52000.000
9934	60	60000.000
9935	68	68000.000
9936	50	50000.000
9937	54	54000.000
9938	56	56000.000
9939	54	54000.000
9940	49	49000.000
9941	62	62000.000
9942	58	58000.000
9943	60	60000.000
9944	49	49000.000
9945	44	44000.000
9946	57	57000.000
9947	62	62000.000
9948	54	54000.000
9949	59	59000.000
9950	57	57000.000
9951	71	71000.000
9952	62	62000.000
9953	70	70000.000
9954	54	54000.000
9955	68	68000.000
9956	46	46000.000
9957	60	60000.000
9958	44	44000.000
9959	52	52000.000
9960	55	55000.000
9961	51	51000.000
9962	47	47000.000
9963	62	62000.000
9964	61	61000.000
9965	42	42000.000
9966	50	50000.000
9967	63	63000.000
9968	60	60000.000
9969	71	71000.000
9970	60	60000.000
9971	64	64000.000
9972	58	58000.000
9973	74	74000.000
9974	69	69000.000
9975	50	50000.000
9976	57	57000.000
9977	56	56000.000
9978	60	60000.000
9979	62	62000.000
9980	58	58000.000
9981	56	56000.000
9982	55	55000.000
9983	61	61000.000
9984	53	53000.000
9985	51	51000.000
9986	56	56000.000
9987	60	60000.000
9988	51	51000.000
9989	68	68000.000
9990	52	52000.000
9991	56	56000.000
9992	73	73000.000
9993	47	47000.000
9994	62	62000.000
9995	72	72000.000
9996	55	55000.000
9997	55	55000.000
9998	68	68000.000
9999	59	59000.000
10000	70	70000.000
