# bins en theta = 250.00 deg
# bin_length_s = 0.001000
# bin	counts	CPS
1	76	76000.000
2	63	63000.000
3	69	69000.000
4	66	66000.000
5	67	67000.000
6	61	61000.000
7	71	71000.000
8	77	77000.000
9	71	71000.000
10	66	66000.000
11	81	81000.000
12	79	79000.000
13	58	58000.000
14	68	68000.000
15	53	53000.000
16	55	55000.000
17	66	66000.000
18	70	70000.000
19	71	71000.000
20	69	69000.000
21	63	63000.000
22	58	58000.000
23	63	63000.000
24	68	68000.000
25	59	59000.000
26	58	58000.000
27	73	73000.000
28	73	73000.000
29	66	66000.000
30	75	75000.000
31	69	69000.000
32	51	51000.000
33	66	66000.000
34	56	56000.000
35	63	63000.000
36	64	64000.000
37	64	64000.000
38	67	67000.000
39	66	66000.000
40	83	83000.000
41	63	63000.000
42	70	70000.000
43	59	59000.000
44	58	58000.000
45	69	69000.000
46	83	83000.000
47	72	72000.000
48	62	62000.000
49	56	56000.000
50	69	69000.000
51	63	63000.000
52	66	66000.000
53	54	54000.000
54	63	63000.000
55	76	76000.000
56	63	63000.000
57	69	69000.000
58	66	66000.000
59	56	56000.000
60	55	55000.000
61	52	52000.000
62	65	65000.000
63	65	65000.000
64	69	69000.000
65	61	61000.000
66	60	60000.000
67	60	60000.000
68	48	48000.000
69	73	73000.000
70	56	56000.000
71	58	58000.000
72	71	71000.000
73	67	67000.000
74	58	58000.000
75	56	56000.000
76	65	65000.000
77	77	77000.000
78	58	58000.000
79	78	78000.000
80	57	57000.000
81	48	48000.000
82	61	61000.000
83	71	71000.000
84	55	55000.000
85	63	63000.000
86	66	66000.000
87	72	72000.000
88	71	71000.000
89	55	55000.000
90	75	75000.000
91	74	74000.000
92	65	65000.000
93	78	78000.000
94	71	71000.000
95	79	79000.000
96	64	64000.000
97	61	61000.000
98	73	73000.000
99	70	70000.000
100	69	69000.000
101	79	79000.000
102	60	60000.000
103	74	74000.000
104	63	63000.000
105	67	67000.000
106	63	63000.000
107	61	61000.000
108	63	63000.000
109	78	78000.000
110	68	68000.000
111	60	60000.000
112	46	46000.000
113	58	58000.000
114	70	70000.000
115	63	63000.000
116	56	56000.000
117	79	79000.000
118	79	79000.000
119	50	50000.000
120	66	66000.000
121	73	73000.000
122	76	76000.000
123	60	60000.000
124	80	80000.000
125	70	70000.000
126	59	59000.000
127	52	52000.000
128	63	63000.000
129	60	60000.000
130	70	70000.000
131	63	63000.000
132	70	70000.000
133	55	55000.000
134	67	67000.000
135	65	65000.000
136	64	64000.000
137	54	54000.000
138	82	82000.000
139	79	79000.000
140	55	55000.000
141	65	65000.000
142	52	52000.000
143	60	60000.000
144	58	58000.000
145	59	59000.000
146	62	62000.000
147	52	52000.000
148	55	55000.000
149	66	66000.000
150	61	61000.000
151	46	46000.000
152	59	59000.000
153	57	57000.000
154	62	62000.000
155	53	53000.000
156	46	46000.000
157	60	60000.000
158	63	63000.000
159	58	58000.000
160	62	62000.000
161	72	72000.000
162	58	58000.000
163	66	66000.000
164	71	71000.000
165	66	66000.000
166	59	59000.000
167	68	68000.000
168	68	68000.000
169	73	73000.000
170	66	66000.000
171	72	72000.000
172	59	59000.000
173	75	75000.000
174	64	64000.000
175	70	70000.000
176	66	66000.000
177	47	47000.000
178	87	87000.000
179	63	63000.000
180	66	66000.000
181	78	78000.000
182	58	58000.000
183	59	59000.000
184	81	81000.000
185	74	74000.000
186	50	50000.000
187	60	60000.000
188	69	69000.000
189	80	80000.000
190	70	70000.000
191	62	62000.000
192	59	59000.000
193	57	57000.000
194	65	65000.000
195	55	55000.000
196	67	67000.000
197	52	52000.000
198	67	67000.000
199	56	56000.000
200	71	71000.000
201	63	63000.000
202	73	73000.000
203	68	68000.000
204	79	79000.000
205	56	56000.000
206	57	57000.000
207	65	65000.000
208	51	51000.000
209	63	63000.000
210	60	60000.000
211	60	60000.000
212	66	66000.000
213	71	71000.000
214	71	71000.000
215	57	57000.000
216	55	55000.000
217	58	58000.000
218	58	58000.000
219	58	58000.000
220	63	63000.000
221	57	57000.000
222	61	61000.000
223	59	59000.000
224	63	63000.000
225	63	63000.000
226	59	59000.000
227	74	74000.000
228	60	60000.000
229	39	39000.000
230	54	54000.000
231	72	72000.000
232	61	61000.000
233	71	71000.000
234	53	53000.000
235	63	63000.000
236	57	57000.000
237	57	57000.000
238	49	49000.000
239	77	77000.000
240	53	53000.000
241	58	58000.000
242	62	62000.000
243	70	70000.000
244	55	55000.000
245	66	66000.000
246	66	66000.000
247	61	61000.000
248	63	63000.000
249	67	67000.000
250	58	58000.000
251	52	52000.000
252	61	61000.000
253	60	60000.000
254	59	59000.000
255	72	72000.000
256	69	69000.000
257	57	57000.000
258	71	71000.000
259	70	70000.000
260	54	54000.000
261	62	62000.000
262	65	65000.000
263	72	72000.000
264	72	72000.000
265	59	59000.000
266	60	60000.000
267	72	72000.000
268	60	60000.000
269	53	53000.000
270	63	63000.000
271	64	64000.000
272	60	60000.000
273	67	67000.000
274	57	57000.000
275	65	65000.000
276	59	59000.000
277	58	58000.000
278	63	63000.000
279	79	79000.000
280	70	70000.000
281	73	73000.000
282	68	68000.000
283	66	66000.000
284	52	52000.000
285	63	63000.000
286	62	62000.000
287	52	52000.000
288	59	59000.000
289	64	64000.000
290	49	49000.000
291	59	59000.000
292	60	60000.000
293	68	68000.000
294	59	59000.000
295	62	62000.000
296	70	70000.000
297	71	71000.000
298	62	62000.000
299	66	66000.000
300	74	74000.000
301	56	56000.000
302	73	73000.000
303	73	73000.000
304	72	72000.000
305	62	62000.000
306	42	42000.000
307	75	75000.000
308	64	64000.000
309	71	71000.000
310	80	80000.000
311	74	74000.000
312	73	73000.000
313	61	61000.000
314	59	59000.000
315	58	58000.000
316	58	58000.000
317	63	63000.000
318	57	57000.000
319	68	68000.000
320	60	60000.000
321	66	66000.000
322	61	61000.000
323	60	60000.000
324	73	73000.000
325	61	61000.000
326	69	69000.000
327	60	60000.000
328	68	68000.000
329	61	61000.000
330	76	76000.000
331	65	65000.000
332	67	67000.000
333	64	64000.000
334	60	60000.000
335	76	76000.000
336	63	63000.000
337	68	68000.000
338	58	58000.000
339	59	59000.000
340	68	68000.000
341	71	71000.000
342	65	65000.000
343	75	75000.000
344	58	58000.000
345	67	67000.000
346	56	56000.000
347	67	67000.000
348	90	90000.000
349	63	63000.000
350	68	68000.000
351	59	59000.000
352	56	56000.000
353	62	62000.000
354	62	62000.000
355	67	67000.000
356	62	62000.000
357	67	67000.000
358	57	57000.000
359	70	70000.000
360	51	51000.000
361	66	66000.000
362	74	74000.000
363	60	60000.000
364	64	64000.000
365	60	60000.000
366	64	64000.000
367	63	63000.000
368	47	47000.000
369	66	66000.000
370	76	76000.000
371	62	62000.000
372	83	83000.000
373	77	77000.000
374	60	60000.000
375	51	51000.000
376	65	65000.000
377	56	56000.000
378	74	74000.000
379	73	73000.000
380	57	57000.000
381	72	72000.000
382	57	57000.000
383	50	50000.000
384	57	57000.000
385	63	63000.000
386	60	60000.000
387	67	67000.000
388	63	63000.000
389	68	68000.000
390	45	45000.000
391	69	69000.000
392	53	53000.000
393	62	62000.000
394	64	64000.000
395	68	68000.000
396	73	73000.000
397	66	66000.000
398	60	60000.000
399	56	56000.000
400	55	55000.000
401	66	66000.000
402	63	63000.000
403	56	56000.000
404	60	60000.000
405	60	60000.000
406	60	60000.000
407	49	49000.000
408	56	56000.000
409	69	69000.000
410	46	46000.000
411	74	74000.000
412	59	59000.000
413	51	51000.000
414	67	67000.000
415	55	55000.000
416	75	75000.000
417	59	59000.000
418	67	67000.000
419	38	38000.000
420	74	74000.000
421	64	64000.000
422	60	60000.000
423	71	71000.000
424	74	74000.000
425	54	54000.000
426	61	61000.000
427	64	64000.000
428	63	63000.000
429	68	68000.000
430	46	46000.000
431	59	59000.000
432	51	51000.000
433	56	56000.000
434	72	72000.000
435	83	83000.000
436	62	62000.000
437	65	65000.000
438	70	70000.000
439	72	72000.000
440	78	78000.000
441	75	75000.000
442	76	76000.000
443	61	61000.000
444	75	75000.000
445	68	68000.000
446	59	59000.000
447	68	68000.000
448	56	56000.000
449	69	69000.000
450	56	56000.000
451	81	81000.000
452	71	71000.000
453	60	60000.000
454	75	75000.000
455	59	59000.000
456	46	46000.000
457	61	61000.000
458	67	67000.000
459	61	61000.000
460	55	55000.000
461	60	60000.000
462	75	75000.000
463	65	65000.000
464	65	65000.000
465	75	75000.000
466	63	63000.000
467	53	53000.000
468	72	72000.000
469	62	62000.000
470	65	65000.000
471	79	79000.000
472	67	67000.000
473	63	63000.000
474	56	56000.000
475	56	56000.000
476	57	57000.000
477	64	64000.000
478	73	73000.000
479	72	72000.000
480	68	68000.000
481	58	58000.000
482	71	71000.000
483	65	65000.000
484	60	60000.000
485	49	49000.000
486	50	50000.000
487	66	66000.000
488	73	73000.000
489	76	76000.000
490	51	51000.000
491	57	57000.000
492	63	63000.000
493	62	62000.000
494	82	82000.000
495	64	64000.000
496	91	91000.000
497	55	55000.000
498	54	54000.000
499	53	53000.000
500	58	58000.000
501	58	58000.000
502	59	59000.000
503	64	64000.000
504	64	64000.000
505	63	63000.000
506	63	63000.000
507	70	70000.000
508	66	66000.000
509	62	62000.000
510	64	64000.000
511	49	49000.000
512	57	57000.000
513	51	51000.000
514	65	65000.000
515	52	52000.000
516	72	72000.000
517	55	55000.000
518	71	71000.000
519	60	60000.000
520	60	60000.000
521	48	48000.000
522	66	66000.000
523	72	72000.000
524	71	71000.000
525	74	74000.000
526	72	72000.000
527	48	48000.000
528	66	66000.000
529	54	54000.000
530	54	54000.000
531	64	64000.000
532	70	70000.000
533	50	50000.000
534	59	59000.000
535	99	99000.000
536	59	59000.000
537	67	67000.000
538	51	51000.000
539	59	59000.000
540	69	69000.000
541	83	83000.000
542	68	68000.000
543	50	50000.000
544	62	62000.000
545	63	63000.000
546	62	62000.000
547	64	64000.000
548	64	64000.000
549	55	55000.000
550	68	68000.000
551	54	54000.000
552	65	65000.000
553	68	68000.000
554	78	78000.000
555	72	72000.000
556	69	69000.000
557	65	65000.000
558	53	53000.000
559	71	71000.000
560	74	74000.000
561	75	75000.000
562	73	73000.000
563	71	71000.000
564	62	62000.000
565	52	52000.000
566	66	66000.000
567	60	60000.000
568	58	58000.000
569	53	53000.000
570	54	54000.000
571	61	61000.000
572	58	58000.000
573	73	73000.000
574	70	70000.000
575	55	55000.000
576	55	55000.000
577	60	60000.000
578	74	74000.000
579	81	81000.000
580	70	70000.000
581	63	63000.000
582	62	62000.000
583	59	59000.000
584	60	60000.000
585	61	61000.000
586	75	75000.000
587	78	78000.000
588	60	60000.000
589	68	68000.000
590	64	64000.000
591	61	61000.000
592	52	52000.000
593	60	60000.000
594	71	71000.000
595	53	53000.000
596	58	58000.000
597	56	56000.000
598	60	60000.000
599	58	58000.000
600	58	58000.000
601	68	68000.000
602	68	68000.000
603	54	54000.000
604	64	64000.000
605	57	57000.000
606	61	61000.000
607	59	59000.000
608	81	81000.000
609	66	66000.000
610	54	54000.000
611	69	69000.000
612	59	59000.000
613	66	66000.000
614	68	68000.000
615	50	50000.000
616	67	67000.000
617	64	64000.000
618	56	56000.000
619	62	62000.000
620	53	53000.000
621	66	66000.000
622	59	59000.000
623	55	55000.000
624	58	58000.000
625	59	59000.000
626	63	63000.000
627	59	59000.000
628	62	62000.000
629	45	45000.000
630	50	50000.000
631	61	61000.000
632	78	78000.000
633	73	73000.000
634	60	60000.000
635	64	64000.000
636	68	68000.000
637	68	68000.000
638	78	78000.000
639	52	52000.000
640	86	86000.000
641	56	56000.000
642	57	57000.000
643	52	52000.000
644	77	77000.000
645	60	60000.000
646	59	59000.000
647	70	70000.000
648	62	62000.000
649	61	61000.000
650	62	62000.000
651	60	60000.000
652	52	52000.000
653	63	63000.000
654	63	63000.000
655	59	59000.000
656	70	70000.000
657	71	71000.000
658	67	67000.000
659	65	65000.000
660	61	61000.000
661	59	59000.000
662	48	48000.000
663	53	53000.000
664	52	52000.000
665	68	68000.000
666	48	48000.000
667	60	60000.000
668	61	61000.000
669	74	74000.000
670	70	70000.000
671	77	77000.000
672	59	59000.000
673	63	63000.000
674	69	69000.000
675	55	55000.000
676	70	70000.000
677	69	69000.000
678	60	60000.000
679	61	61000.000
680	56	56000.000
681	82	82000.000
682	67	67000.000
683	72	72000.000
684	61	61000.000
685	62	62000.000
686	65	65000.000
687	75	75000.000
688	55	55000.000
689	52	52000.000
690	67	67000.000
691	53	53000.000
692	58	58000.000
693	59	59000.000
694	50	50000.000
695	55	55000.000
696	65	65000.000
697	62	62000.000
698	69	69000.000
699	71	71000.000
700	76	76000.000
701	56	56000.000
702	66	66000.000
703	65	65000.000
704	74	74000.000
705	59	59000.000
706	54	54000.000
707	78	78000.000
708	71	71000.000
709	60	60000.000
710	60	60000.000
711	66	66000.000
712	62	62000.000
713	63	63000.000
714	70	70000.000
715	61	61000.000
716	56	56000.000
717	61	61000.000
718	59	59000.000
719	62	62000.000
720	70	70000.000
721	68	68000.000
722	69	69000.000
723	55	55000.000
724	50	50000.000
725	86	86000.000
726	69	69000.000
727	75	75000.000
728	68	68000.000
729	65	65000.000
730	61	61000.000
731	66	66000.000
732	66	66000.000
733	56	56000.000
734	64	64000.000
735	59	59000.000
736	61	61000.000
737	70	70000.000
738	56	56000.000
739	55	55000.000
740	65	65000.000
741	64	64000.000
742	62	62000.000
743	50	50000.000
744	53	53000.000
745	61	61000.000
746	59	59000.000
747	65	65000.000
748	50	50000.000
749	76	76000.000
750	57	57000.000
751	66	66000.000
752	69	69000.000
753	78	78000.000
754	57	57000.000
755	57	57000.000
756	63	63000.000
757	58	58000.000
758	67	67000.000
759	62	62000.000
760	57	57000.000
761	53	53000.000
762	81	81000.000
763	69	69000.000
764	60	60000.000
765	57	57000.000
766	58	58000.000
767	67	67000.000
768	64	64000.000
769	67	67000.000
770	82	82000.000
771	66	66000.000
772	66	66000.000
773	61	61000.000
774	74	74000.000
775	60	60000.000
776	71	71000.000
777	58	58000.000
778	68	68000.000
779	68	68000.000
780	74	74000.000
781	62	62000.000
782	65	65000.000
783	50	50000.000
784	56	56000.000
785	71	71000.000
786	60	60000.000
787	52	52000.000
788	52	52000.000
789	46	46000.000
790	70	70000.000
791	77	77000.000
792	64	64000.000
793	63	63000.000
794	68	68000.000
795	55	55000.000
796	71	71000.000
797	64	64000.000
798	62	62000.000
799	61	61000.000
800	67	67000.000
801	78	78000.000
802	70	70000.000
803	66	66000.000
804	53	53000.000
805	62	62000.000
806	54	54000.000
807	58	58000.000
808	58	58000.000
809	69	69000.000
810	55	55000.000
811	48	48000.000
812	72	72000.000
813	57	57000.000
814	55	55000.000
815	68	68000.000
816	62	62000.000
817	51	51000.000
818	76	76000.000
819	61	61000.000
820	66	66000.000
821	46	46000.000
822	55	55000.000
823	63	63000.000
824	49	49000.000
825	59	59000.000
826	65	65000.000
827	64	64000.000
828	52	52000.000
829	64	64000.000
830	48	48000.000
831	76	76000.000
832	55	55000.000
833	75	75000.000
834	64	64000.000
835	64	64000.000
836	59	59000.000
837	69	69000.000
838	74	74000.000
839	53	53000.000
840	63	63000.000
841	55	55000.000
842	60	60000.000
843	63	63000.000
844	69	69000.000
845	51	51000.000
846	71	71000.000
847	70	70000.000
848	71	71000.000
849	75	75000.000
850	66	66000.000
851	59	59000.000
852	62	62000.000
853	68	68000.000
854	65	65000.000
855	68	68000.000
856	72	72000.000
857	71	71000.000
858	54	54000.000
859	77	77000.000
860	54	54000.000
861	47	47000.000
862	73	73000.000
863	69	69000.000
864	64	64000.000
865	63	63000.000
866	70	70000.000
867	67	67000.000
868	61	61000.000
869	57	57000.000
870	66	66000.000
871	62	62000.000
872	66	66000.000
873	67	67000.000
874	46	46000.000
875	79	79000.000
876	82	82000.000
877	46	46000.000
878	53	53000.000
879	71	71000.000
880	71	71000.000
881	71	71000.000
882	66	66000.000
883	65	65000.000
884	69	69000.000
885	72	72000.000
886	65	65000.000
887	57	57000.000
888	64	64000.000
889	50	50000.000
890	70	70000.000
891	58	58000.000
892	74	74000.000
893	63	63000.000
894	73	73000.000
895	57	57000.000
896	70	70000.000
897	51	51000.000
898	64	64000.000
899	61	61000.000
900	60	60000.000
901	68	68000.000
902	65	65000.000
903	72	72000.000
904	65	65000.000
905	78	78000.000
906	56	56000.000
907	54	54000.000
908	62	62000.000
909	71	71000.000
910	74	74000.000
911	70	70000.000
912	60	60000.000
913	54	54000.000
914	58	58000.000
915	59	59000.000
916	63	63000.000
917	62	62000.000
918	65	65000.000
919	72	72000.000
920	67	67000.000
921	63	63000.000
922	62	62000.000
923	68	68000.000
924	58	58000.000
925	61	61000.000
926	63	63000.000
927	68	68000.000
928	59	59000.000
929	77	77000.000
930	63	63000.000
931	61	61000.000
932	72	72000.000
933	54	54000.000
934	62	62000.000
935	64	64000.000
936	58	58000.000
937	58	58000.000
938	61	61000.000
939	60	60000.000
940	71	71000.000
941	61	61000.000
942	58	58000.000
943	65	65000.000
944	66	66000.000
945	70	70000.000
946	72	72000.000
947	72	72000.000
948	58	58000.000
949	84	84000.000
950	65	65000.000
951	61	61000.000
952	73	73000.000
953	77	77000.000
954	62	62000.000
955	60	60000.000
956	56	56000.000
957	62	62000.000
958	70	70000.000
959	84	84000.000
960	66	66000.000
961	52	52000.000
962	66	66000.000
963	62	62000.000
964	65	65000.000
965	63	63000.000
966	64	64000.000
967	70	70000.000
968	58	58000.000
969	73	73000.000
970	55	55000.000
971	58	58000.000
972	69	69000.000
973	71	71000.000
974	61	61000.000
975	70	70000.000
976	64	64000.000
977	44	44000.000
978	57	57000.000
979	64	64000.000
980	82	82000.000
981	77	77000.000
982	60	60000.000
983	58	58000.000
984	64	64000.000
985	61	61000.000
986	59	59000.000
987	64	64000.000
988	56	56000.000
989	63	63000.000
990	67	67000.000
991	76	76000.000
992	73	73000.000
993	47	47000.000
994	52	52000.000
995	88	88000.000
996	67	67000.000
997	81	81000.000
998	70	70000.000
999	75	75000.000
1000	48	48000.000
1001	63	63000.000
1002	61	61000.000
1003	68	68000.000
1004	48	48000.000
1005	65	65000.000
1006	78	78000.000
1007	73	73000.000
1008	57	57000.000
1009	69	69000.000
1010	48	48000.000
1011	76	76000.000
1012	67	67000.000
1013	71	71000.000
1014	74	74000.000
1015	49	49000.000
1016	59	59000.000
1017	73	73000.000
1018	74	74000.000
1019	59	59000.000
1020	58	58000.000
1021	69	69000.000
1022	79	79000.000
1023	60	60000.000
1024	58	58000.000
1025	68	68000.000
1026	60	60000.000
1027	69	69000.000
1028	67	67000.000
1029	55	55000.000
1030	68	68000.000
1031	54	54000.000
1032	82	82000.000
1033	59	59000.000
1034	58	58000.000
1035	64	64000.000
1036	54	54000.000
1037	60	60000.000
1038	62	62000.000
1039	73	73000.000
1040	63	63000.000
1041	76	76000.000
1042	70	70000.000
1043	58	58000.000
1044	73	73000.000
1045	71	71000.000
1046	52	52000.000
1047	51	51000.000
1048	61	61000.000
1049	45	45000.000
1050	72	72000.000
1051	68	68000.000
1052	64	64000.000
1053	60	60000.000
1054	44	44000.000
1055	59	59000.000
1056	70	70000.000
1057	58	58000.000
1058	56	56000.000
1059	63	63000.000
1060	71	71000.000
1061	63	63000.000
1062	72	72000.000
1063	69	69000.000
1064	60	60000.000
1065	71	71000.000
1066	62	62000.000
1067	54	54000.000
1068	68	68000.000
1069	74	74000.000
1070	59	59000.000
1071	68	68000.000
1072	59	59000.000
1073	68	68000.000
1074	74	74000.000
1075	70	70000.000
1076	63	63000.000
1077	61	61000.000
1078	69	69000.000
1079	62	62000.000
1080	67	67000.000
1081	76	76000.000
1082	60	60000.000
1083	65	65000.000
1084	66	66000.000
1085	65	65000.000
1086	61	61000.000
1087	66	66000.000
1088	76	76000.000
1089	69	69000.000
1090	66	66000.000
1091	55	55000.000
1092	64	64000.000
1093	47	47000.000
1094	69	69000.000
1095	63	63000.000
1096	83	83000.000
1097	65	65000.000
1098	50	50000.000
1099	64	64000.000
1100	63	63000.000
1101	59	59000.000
1102	65	65000.000
1103	57	57000.000
1104	56	56000.000
1105	69	69000.000
1106	67	67000.000
1107	61	61000.000
1108	63	63000.000
1109	62	62000.000
1110	62	62000.000
1111	62	62000.000
1112	71	71000.000
1113	72	72000.000
1114	63	63000.000
1115	59	59000.000
1116	57	57000.000
1117	56	56000.000
1118	58	58000.000
1119	78	78000.000
1120	71	71000.000
1121	51	51000.000
1122	68	68000.000
1123	69	69000.000
1124	63	63000.000
1125	40	40000.000
1126	57	57000.000
1127	56	56000.000
1128	68	68000.000
1129	65	65000.000
1130	84	84000.000
1131	68	68000.000
1132	69	69000.000
1133	72	72000.000
1134	63	63000.000
1135	55	55000.000
1136	53	53000.000
1137	59	59000.000
1138	57	57000.000
1139	65	65000.000
1140	66	66000.000
1141	73	73000.000
1142	66	66000.000
1143	65	65000.000
1144	65	65000.000
1145	65	65000.000
1146	73	73000.000
1147	56	56000.000
1148	65	65000.000
1149	71	71000.000
1150	59	59000.000
1151	53	53000.000
1152	68	68000.000
1153	66	66000.000
1154	81	81000.000
1155	64	64000.000
1156	79	79000.000
1157	65	65000.000
1158	65	65000.000
1159	65	65000.000
1160	52	52000.000
1161	58	58000.000
1162	73	73000.000
1163	62	62000.000
1164	67	67000.000
1165	64	64000.000
1166	66	66000.000
1167	70	70000.000
1168	72	72000.000
1169	61	61000.000
1170	57	57000.000
1171	69	69000.000
1172	65	65000.000
1173	56	56000.000
1174	53	53000.000
1175	58	58000.000
1176	58	58000.000
1177	63	63000.000
1178	59	59000.000
1179	73	73000.000
1180	88	88000.000
1181	69	69000.000
1182	62	62000.000
1183	67	67000.000
1184	67	67000.000
1185	51	51000.000
1186	85	85000.000
1187	60	60000.000
1188	51	51000.000
1189	62	62000.000
1190	57	57000.000
1191	62	62000.000
1192	62	62000.000
1193	68	68000.000
1194	62	62000.000
1195	53	53000.000
1196	64	64000.000
1197	77	77000.000
1198	62	62000.000
1199	59	59000.000
1200	57	57000.000
1201	74	74000.000
1202	60	60000.000
1203	54	54000.000
1204	79	79000.000
1205	68	68000.000
1206	60	60000.000
1207	47	47000.000
1208	74	74000.000
1209	69	69000.000
1210	48	48000.000
1211	69	69000.000
1212	62	62000.000
1213	62	62000.000
1214	79	79000.000
1215	69	69000.000
1216	46	46000.000
1217	66	66000.000
1218	57	57000.000
1219	68	68000.000
1220	60	60000.000
1221	59	59000.000
1222	53	53000.000
1223	76	76000.000
1224	63	63000.000
1225	57	57000.000
1226	60	60000.000
1227	71	71000.000
1228	76	76000.000
1229	75	75000.000
1230	55	55000.000
1231	72	72000.000
1232	78	78000.000
1233	55	55000.000
1234	77	77000.000
1235	53	53000.000
1236	65	65000.000
1237	62	62000.000
1238	52	52000.000
1239	49	49000.000
1240	65	65000.000
1241	67	67000.000
1242	52	52000.000
1243	67	67000.000
1244	62	62000.000
1245	52	52000.000
1246	65	65000.000
1247	68	68000.000
1248	59	59000.000
1249	59	59000.000
1250	63	63000.000
1251	74	74000.000
1252	63	63000.000
1253	71	71000.000
1254	62	62000.000
1255	67	67000.000
1256	64	64000.000
1257	77	77000.000
1258	55	55000.000
1259	64	64000.000
1260	73	73000.000
1261	60	60000.000
1262	71	71000.000
1263	69	69000.000
1264	60	60000.000
1265	71	71000.000
1266	68	68000.000
1267	66	66000.000
1268	53	53000.000
1269	63	63000.000
1270	63	63000.000
1271	69	69000.000
1272	63	63000.000
1273	70	70000.000
1274	63	63000.000
1275	62	62000.000
1276	61	61000.000
1277	52	52000.000
1278	73	73000.000
1279	69	69000.000
1280	62	62000.000
1281	72	72000.000
1282	70	70000.000
1283	63	63000.000
1284	66	66000.000
1285	65	65000.000
1286	67	67000.000
1287	44	44000.000
1288	47	47000.000
1289	69	69000.000
1290	66	66000.000
1291	62	62000.000
1292	55	55000.000
1293	81	81000.000
1294	67	67000.000
1295	67	67000.000
1296	66	66000.000
1297	66	66000.000
1298	62	62000.000
1299	74	74000.000
1300	63	63000.000
1301	72	72000.000
1302	57	57000.000
1303	63	63000.000
1304	62	62000.000
1305	66	66000.000
1306	84	84000.000
1307	72	72000.000
1308	73	73000.000
1309	62	62000.000
1310	63	63000.000
1311	60	60000.000
1312	75	75000.000
1313	56	56000.000
1314	54	54000.000
1315	80	80000.000
1316	67	67000.000
1317	70	70000.000
1318	54	54000.000
1319	61	61000.000
1320	50	50000.000
1321	66	66000.000
1322	76	76000.000
1323	74	74000.000
1324	47	47000.000
1325	78	78000.000
1326	74	74000.000
1327	74	74000.000
1328	64	64000.000
1329	50	50000.000
1330	64	64000.000
1331	54	54000.000
1332	55	55000.000
1333	59	59000.000
1334	76	76000.000
1335	64	64000.000
1336	75	75000.000
1337	57	57000.000
1338	63	63000.000
1339	63	63000.000
1340	61	61000.000
1341	63	63000.000
1342	57	57000.000
1343	53	53000.000
1344	70	70000.000
1345	75	75000.000
1346	65	65000.000
1347	79	79000.000
1348	62	62000.000
1349	58	58000.000
1350	63	63000.000
1351	62	62000.000
1352	57	57000.000
1353	62	62000.000
1354	63	63000.000
1355	62	62000.000
1356	58	58000.000
1357	60	60000.000
1358	70	70000.000
1359	68	68000.000
1360	67	67000.000
1361	61	61000.000
1362	86	86000.000
1363	77	77000.000
1364	52	52000.000
1365	71	71000.000
1366	67	67000.000
1367	77	77000.000
1368	58	58000.000
1369	69	69000.000
1370	65	65000.000
1371	59	59000.000
1372	66	66000.000
1373	62	62000.000
1374	74	74000.000
1375	50	50000.000
1376	74	74000.000
1377	59	59000.000
1378	66	66000.000
1379	63	63000.000
1380	57	57000.000
1381	60	60000.000
1382	73	73000.000
1383	65	65000.000
1384	67	67000.000
1385	66	66000.000
1386	59	59000.000
1387	70	70000.000
1388	55	55000.000
1389	52	52000.000
1390	49	49000.000
1391	57	57000.000
1392	55	55000.000
1393	75	75000.000
1394	49	49000.000
1395	75	75000.000
1396	68	68000.000
1397	57	57000.000
1398	85	85000.000
1399	73	73000.000
1400	57	57000.000
1401	59	59000.000
1402	72	72000.000
1403	60	60000.000
1404	74	74000.000
1405	64	64000.000
1406	61	61000.000
1407	64	64000.000
1408	48	48000.000
1409	69	69000.000
1410	66	66000.000
1411	72	72000.000
1412	86	86000.000
1413	57	57000.000
1414	72	72000.000
1415	65	65000.000
1416	55	55000.000
1417	51	51000.000
1418	55	55000.000
1419	67	67000.000
1420	66	66000.000
1421	58	58000.000
1422	62	62000.000
1423	73	73000.000
1424	70	70000.000
1425	40	40000.000
1426	69	69000.000
1427	53	53000.000
1428	67	67000.000
1429	64	64000.000
1430	61	61000.000
1431	62	62000.000
1432	72	72000.000
1433	62	62000.000
1434	56	56000.000
1435	66	66000.000
1436	62	62000.000
1437	57	57000.000
1438	58	58000.000
1439	50	50000.000
1440	82	82000.000
1441	61	61000.000
1442	66	66000.000
1443	66	66000.000
1444	64	64000.000
1445	65	65000.000
1446	69	69000.000
1447	70	70000.000
1448	76	76000.000
1449	69	69000.000
1450	59	59000.000
1451	62	62000.000
1452	71	71000.000
1453	50	50000.000
1454	54	54000.000
1455	66	66000.000
1456	72	72000.000
1457	67	67000.000
1458	61	61000.000
1459	61	61000.000
1460	56	56000.000
1461	67	67000.000
1462	55	55000.000
1463	54	54000.000
1464	73	73000.000
1465	69	69000.000
1466	72	72000.000
1467	78	78000.000
1468	65	65000.000
1469	65	65000.000
1470	66	66000.000
1471	55	55000.000
1472	62	62000.000
1473	54	54000.000
1474	80	80000.000
1475	71	71000.000
1476	64	64000.000
1477	50	50000.000
1478	58	58000.000
1479	48	48000.000
1480	70	70000.000
1481	57	57000.000
1482	73	73000.000
1483	73	73000.000
1484	65	65000.000
1485	66	66000.000
1486	68	68000.000
1487	59	59000.000
1488	53	53000.000
1489	50	50000.000
1490	53	53000.000
1491	59	59000.000
1492	61	61000.000
1493	51	51000.000
1494	71	71000.000
1495	52	52000.000
1496	67	67000.000
1497	54	54000.000
1498	74	74000.000
1499	58	58000.000
1500	67	67000.000
1501	57	57000.000
1502	59	59000.000
1503	57	57000.000
1504	70	70000.000
1505	60	60000.000
1506	55	55000.000
1507	63	63000.000
1508	62	62000.000
1509	68	68000.000
1510	78	78000.000
1511	70	70000.000
1512	73	73000.000
1513	67	67000.000
1514	66	66000.000
1515	53	53000.000
1516	64	64000.000
1517	52	52000.000
1518	60	60000.000
1519	79	79000.000
1520	73	73000.000
1521	59	59000.000
1522	72	72000.000
1523	63	63000.000
1524	65	65000.000
1525	61	61000.000
1526	74	74000.000
1527	69	69000.000
1528	60	60000.000
1529	62	62000.000
1530	56	56000.000
1531	59	59000.000
1532	79	79000.000
1533	64	64000.000
1534	47	47000.000
1535	62	62000.000
1536	69	69000.000
1537	59	59000.000
1538	69	69000.000
1539	67	67000.000
1540	56	56000.000
1541	61	61000.000
1542	72	72000.000
1543	45	45000.000
1544	56	56000.000
1545	57	57000.000
1546	53	53000.000
1547	61	61000.000
1548	47	47000.000
1549	68	68000.000
1550	84	84000.000
1551	72	72000.000
1552	77	77000.000
1553	65	65000.000
1554	46	46000.000
1555	63	63000.000
1556	71	71000.000
1557	68	68000.000
1558	56	56000.000
1559	69	69000.000
1560	61	61000.000
1561	73	73000.000
1562	65	65000.000
1563	46	46000.000
1564	60	60000.000
1565	52	52000.000
1566	77	77000.000
1567	85	85000.000
1568	58	58000.000
1569	85	85000.000
1570	62	62000.000
1571	75	75000.000
1572	60	60000.000
1573	62	62000.000
1574	66	66000.000
1575	67	67000.000
1576	73	73000.000
1577	49	49000.000
1578	58	58000.000
1579	59	59000.000
1580	61	61000.000
1581	71	71000.000
1582	84	84000.000
1583	64	64000.000
1584	68	68000.000
1585	69	69000.000
1586	55	55000.000
1587	68	68000.000
1588	64	64000.000
1589	68	68000.000
1590	69	69000.000
1591	56	56000.000
1592	69	69000.000
1593	56	56000.000
1594	73	73000.000
1595	66	66000.000
1596	69	69000.000
1597	62	62000.000
1598	63	63000.000
1599	78	78000.000
1600	67	67000.000
1601	67	67000.000
1602	70	70000.000
1603	59	59000.000
1604	74	74000.000
1605	62	62000.000
1606	71	71000.000
1607	71	71000.000
1608	68	68000.000
1609	54	54000.000
1610	63	63000.000
1611	65	65000.000
1612	60	60000.000
1613	62	62000.000
1614	72	72000.000
1615	64	64000.000
1616	71	71000.000
1617	71	71000.000
1618	57	57000.000
1619	58	58000.000
1620	80	80000.000
1621	64	64000.000
1622	56	56000.000
1623	56	56000.000
1624	76	76000.000
1625	67	67000.000
1626	59	59000.000
1627	61	61000.000
1628	70	70000.000
1629	68	68000.000
1630	68	68000.000
1631	53	53000.000
1632	62	62000.000
1633	58	58000.000
1634	57	57000.000
1635	66	66000.000
1636	82	82000.000
1637	66	66000.000
1638	62	62000.000
1639	72	72000.000
1640	60	60000.000
1641	59	59000.000
1642	59	59000.000
1643	57	57000.000
1644	66	66000.000
1645	64	64000.000
1646	67	67000.000
1647	70	70000.000
1648	60	60000.000
1649	66	66000.000
1650	64	64000.000
1651	61	61000.000
1652	51	51000.000
1653	83	83000.000
1654	75	75000.000
1655	70	70000.000
1656	67	67000.000
1657	65	65000.000
1658	67	67000.000
1659	68	68000.000
1660	69	69000.000
1661	62	62000.000
1662	75	75000.000
1663	68	68000.000
1664	70	70000.000
1665	72	72000.000
1666	77	77000.000
1667	55	55000.000
1668	78	78000.000
1669	70	70000.000
1670	60	60000.000
1671	63	63000.000
1672	62	62000.000
1673	68	68000.000
1674	73	73000.000
1675	72	72000.000
1676	74	74000.000
1677	79	79000.000
1678	71	71000.000
1679	62	62000.000
1680	64	64000.000
1681	70	70000.000
1682	73	73000.000
1683	65	65000.000
1684	61	61000.000
1685	54	54000.000
1686	55	55000.000
1687	67	67000.000
1688	73	73000.000
1689	62	62000.000
1690	54	54000.000
1691	63	63000.000
1692	70	70000.000
1693	56	56000.000
1694	71	71000.000
1695	57	57000.000
1696	68	68000.000
1697	75	75000.000
1698	59	59000.000
1699	58	58000.000
1700	49	49000.000
1701	70	70000.000
1702	77	77000.000
1703	70	70000.000
1704	67	67000.000
1705	47	47000.000
1706	65	65000.000
1707	60	60000.000
1708	64	64000.000
1709	70	70000.000
1710	64	64000.000
1711	80	80000.000
1712	64	64000.000
1713	73	73000.000
1714	77	77000.000
1715	68	68000.000
1716	66	66000.000
1717	70	70000.000
1718	58	58000.000
1719	62	62000.000
1720	58	58000.000
1721	56	56000.000
1722	60	60000.000
1723	74	74000.000
1724	64	64000.000
1725	67	67000.000
1726	58	58000.000
1727	72	72000.000
1728	73	73000.000
1729	57	57000.000
1730	66	66000.000
1731	72	72000.000
1732	64	64000.000
1733	70	70000.000
1734	54	54000.000
1735	73	73000.000
1736	67	67000.000
1737	59	59000.000
1738	66	66000.000
1739	60	60000.000
1740	55	55000.000
1741	65	65000.000
1742	67	67000.000
1743	56	56000.000
1744	70	70000.000
1745	56	56000.000
1746	57	57000.000
1747	51	51000.000
1748	74	74000.000
1749	57	57000.000
1750	59	59000.000
1751	59	59000.000
1752	55	55000.000
1753	61	61000.000
1754	57	57000.000
1755	76	76000.000
1756	63	63000.000
1757	65	65000.000
1758	71	71000.000
1759	62	62000.000
1760	72	72000.000
1761	71	71000.000
1762	58	58000.000
1763	60	60000.000
1764	57	57000.000
1765	56	56000.000
1766	76	76000.000
1767	71	71000.000
1768	62	62000.000
1769	70	70000.000
1770	59	59000.000
1771	69	69000.000
1772	71	71000.000
1773	68	68000.000
1774	58	58000.000
1775	77	77000.000
1776	54	54000.000
1777	52	52000.000
1778	62	62000.000
1779	78	78000.000
1780	66	66000.000
1781	54	54000.000
1782	56	56000.000
1783	56	56000.000
1784	75	75000.000
1785	62	62000.000
1786	51	51000.000
1787	73	73000.000
1788	68	68000.000
1789	66	66000.000
1790	56	56000.000
1791	72	72000.000
1792	71	71000.000
1793	68	68000.000
1794	58	58000.000
1795	77	77000.000
1796	62	62000.000
1797	68	68000.000
1798	68	68000.000
1799	58	58000.000
1800	64	64000.000
1801	48	48000.000
1802	72	72000.000
1803	76	76000.000
1804	68	68000.000
1805	73	73000.000
1806	67	67000.000
1807	67	67000.000
1808	62	62000.000
1809	63	63000.000
1810	80	80000.000
1811	74	74000.000
1812	57	57000.000
1813	62	62000.000
1814	59	59000.000
1815	53	53000.000
1816	70	70000.000
1817	58	58000.000
1818	65	65000.000
1819	58	58000.000
1820	47	47000.000
1821	58	58000.000
1822	64	64000.000
1823	58	58000.000
1824	67	67000.000
1825	58	58000.000
1826	66	66000.000
1827	60	60000.000
1828	80	80000.000
1829	61	61000.000
1830	71	71000.000
1831	74	74000.000
1832	63	63000.000
1833	66	66000.000
1834	82	82000.000
1835	58	58000.000
1836	76	76000.000
1837	69	69000.000
1838	79	79000.000
1839	66	66000.000
1840	57	57000.000
1841	59	59000.000
1842	65	65000.000
1843	55	55000.000
1844	57	57000.000
1845	62	62000.000
1846	59	59000.000
1847	72	72000.000
1848	67	67000.000
1849	81	81000.000
1850	58	58000.000
1851	66	66000.000
1852	70	70000.000
1853	66	66000.000
1854	57	57000.000
1855	63	63000.000
1856	47	47000.000
1857	67	67000.000
1858	67	67000.000
1859	66	66000.000
1860	59	59000.000
1861	69	69000.000
1862	66	66000.000
1863	66	66000.000
1864	67	67000.000
1865	75	75000.000
1866	52	52000.000
1867	59	59000.000
1868	53	53000.000
1869	76	76000.000
1870	70	70000.000
1871	91	91000.000
1872	61	61000.000
1873	76	76000.000
1874	63	63000.000
1875	62	62000.000
1876	66	66000.000
1877	51	51000.000
1878	69	69000.000
1879	78	78000.000
1880	70	70000.000
1881	66	66000.000
1882	72	72000.000
1883	52	52000.000
1884	75	75000.000
1885	57	57000.000
1886	70	70000.000
1887	69	69000.000
1888	67	67000.000
1889	64	64000.000
1890	54	54000.000
1891	66	66000.000
1892	63	63000.000
1893	64	64000.000
1894	59	59000.000
1895	56	56000.000
1896	59	59000.000
1897	60	60000.000
1898	65	65000.000
1899	68	68000.000
1900	68	68000.000
1901	69	69000.000
1902	82	82000.000
1903	65	65000.000
1904	83	83000.000
1905	69	69000.000
1906	58	58000.000
1907	68	68000.000
1908	58	58000.000
1909	77	77000.000
1910	68	68000.000
1911	53	53000.000
1912	60	60000.000
1913	57	57000.000
1914	63	63000.000
1915	63	63000.000
1916	62	62000.000
1917	78	78000.000
1918	68	68000.000
1919	64	64000.000
1920	57	57000.000
1921	40	40000.000
1922	51	51000.000
1923	54	54000.000
1924	68	68000.000
1925	78	78000.000
1926	68	68000.000
1927	58	58000.000
1928	54	54000.000
1929	62	62000.000
1930	61	61000.000
1931	66	66000.000
1932	60	60000.000
1933	55	55000.000
1934	67	67000.000
1935	70	70000.000
1936	64	64000.000
1937	54	54000.000
1938	53	53000.000
1939	74	74000.000
1940	66	66000.000
1941	64	64000.000
1942	77	77000.000
1943	75	75000.000
1944	48	48000.000
1945	63	63000.000
1946	60	60000.000
1947	49	49000.000
1948	75	75000.000
1949	66	66000.000
1950	59	59000.000
1951	62	62000.000
1952	57	57000.000
1953	58	58000.000
1954	67	67000.000
1955	52	52000.000
1956	62	62000.000
1957	70	70000.000
1958	76	76000.000
1959	84	84000.000
1960	71	71000.000
1961	48	48000.000
1962	57	57000.000
1963	54	54000.000
1964	72	72000.000
1965	60	60000.000
1966	62	62000.000
1967	66	66000.000
1968	73	73000.000
1969	51	51000.000
1970	70	70000.000
1971	66	66000.000
1972	69	69000.000
1973	87	87000.000
1974	64	64000.000
1975	74	74000.000
1976	60	60000.000
1977	69	69000.000
1978	60	60000.000
1979	56	56000.000
1980	75	75000.000
1981	57	57000.000
1982	60	60000.000
1983	51	51000.000
1984	73	73000.000
1985	65	65000.000
1986	78	78000.000
1987	53	53000.000
1988	52	52000.000
1989	67	67000.000
1990	60	60000.000
1991	73	73000.000
1992	83	83000.000
1993	64	64000.000
1994	78	78000.000
1995	66	66000.000
1996	75	75000.000
1997	74	74000.000
1998	67	67000.000
1999	62	62000.000
2000	59	59000.000
2001	61	61000.000
2002	60	60000.000
2003	60	60000.000
2004	58	58000.000
2005	60	60000.000
2006	63	63000.000
2007	71	71000.000
2008	74	74000.000
2009	63	63000.000
2010	56	56000.000
2011	64	64000.000
2012	53	53000.000
2013	58	58000.000
2014	66	66000.000
2015	65	65000.000
2016	70	70000.000
2017	77	77000.000
2018	61	61000.000
2019	62	62000.000
2020	61	61000.000
2021	56	56000.000
2022	64	64000.000
2023	64	64000.000
2024	61	61000.000
2025	72	72000.000
2026	57	57000.000
2027	57	57000.000
2028	66	66000.000
2029	61	61000.000
2030	66	66000.000
2031	67	67000.000
2032	52	52000.000
2033	73	73000.000
2034	44	44000.000
2035	60	60000.000
2036	66	66000.000
2037	53	53000.000
2038	58	58000.000
2039	71	71000.000
2040	61	61000.000
2041	65	65000.000
2042	73	73000.000
2043	66	66000.000
2044	68	68000.000
2045	59	59000.000
2046	65	65000.000
2047	63	63000.000
2048	62	62000.000
2049	72	72000.000
2050	69	69000.000
2051	56	56000.000
2052	59	59000.000
2053	49	49000.000
2054	65	65000.000
2055	72	72000.000
2056	64	64000.000
2057	61	61000.000
2058	69	69000.000
2059	44	44000.000
2060	59	59000.000
2061	67	67000.000
2062	58	58000.000
2063	73	73000.000
2064	70	70000.000
2065	69	69000.000
2066	68	68000.000
2067	47	47000.000
2068	62	62000.000
2069	65	65000.000
2070	69	69000.000
2071	63	63000.000
2072	67	67000.000
2073	58	58000.000
2074	84	84000.000
2075	64	64000.000
2076	62	62000.000
2077	60	60000.000
2078	60	60000.000
2079	67	67000.000
2080	53	53000.000
2081	59	59000.000
2082	66	66000.000
2083	75	75000.000
2084	80	80000.000
2085	55	55000.000
2086	71	71000.000
2087	63	63000.000
2088	57	57000.000
2089	69	69000.000
2090	73	73000.000
2091	49	49000.000
2092	73	73000.000
2093	76	76000.000
2094	67	67000.000
2095	81	81000.000
2096	63	63000.000
2097	79	79000.000
2098	58	58000.000
2099	73	73000.000
2100	59	59000.000
2101	66	66000.000
2102	59	59000.000
2103	61	61000.000
2104	73	73000.000
2105	65	65000.000
2106	57	57000.000
2107	68	68000.000
2108	57	57000.000
2109	78	78000.000
2110	80	80000.000
2111	63	63000.000
2112	77	77000.000
2113	64	64000.000
2114	55	55000.000
2115	60	60000.000
2116	61	61000.000
2117	57	57000.000
2118	65	65000.000
2119	54	54000.000
2120	53	53000.000
2121	60	60000.000
2122	61	61000.000
2123	61	61000.000
2124	49	49000.000
2125	70	70000.000
2126	59	59000.000
2127	51	51000.000
2128	65	65000.000
2129	66	66000.000
2130	63	63000.000
2131	67	67000.000
2132	54	54000.000
2133	68	68000.000
2134	59	59000.000
2135	63	63000.000
2136	63	63000.000
2137	61	61000.000
2138	52	52000.000
2139	67	67000.000
2140	72	72000.000
2141	71	71000.000
2142	83	83000.000
2143	54	54000.000
2144	49	49000.000
2145	59	59000.000
2146	75	75000.000
2147	54	54000.000
2148	59	59000.000
2149	57	57000.000
2150	63	63000.000
2151	67	67000.000
2152	59	59000.000
2153	58	58000.000
2154	49	49000.000
2155	71	71000.000
2156	68	68000.000
2157	52	52000.000
2158	61	61000.000
2159	64	64000.000
2160	56	56000.000
2161	64	64000.000
2162	68	68000.000
2163	56	56000.000
2164	58	58000.000
2165	49	49000.000
2166	58	58000.000
2167	55	55000.000
2168	64	64000.000
2169	63	63000.000
2170	73	73000.000
2171	50	50000.000
2172	55	55000.000
2173	60	60000.000
2174	61	61000.000
2175	73	73000.000
2176	79	79000.000
2177	55	55000.000
2178	75	75000.000
2179	82	82000.000
2180	72	72000.000
2181	58	58000.000
2182	71	71000.000
2183	67	67000.000
2184	53	53000.000
2185	66	66000.000
2186	65	65000.000
2187	68	68000.000
2188	62	62000.000
2189	57	57000.000
2190	57	57000.000
2191	60	60000.000
2192	59	59000.000
2193	78	78000.000
2194	65	65000.000
2195	54	54000.000
2196	71	71000.000
2197	50	50000.000
2198	71	71000.000
2199	73	73000.000
2200	78	78000.000
2201	77	77000.000
2202	83	83000.000
2203	76	76000.000
2204	63	63000.000
2205	70	70000.000
2206	75	75000.000
2207	57	57000.000
2208	68	68000.000
2209	73	73000.000
2210	63	63000.000
2211	60	60000.000
2212	56	56000.000
2213	73	73000.000
2214	53	53000.000
2215	50	50000.000
2216	69	69000.000
2217	59	59000.000
2218	69	69000.000
2219	58	58000.000
2220	61	61000.000
2221	57	57000.000
2222	52	52000.000
2223	67	67000.000
2224	58	58000.000
2225	67	67000.000
2226	56	56000.000
2227	53	53000.000
2228	71	71000.000
2229	76	76000.000
2230	67	67000.000
2231	68	68000.000
2232	64	64000.000
2233	50	50000.000
2234	67	67000.000
2235	60	60000.000
2236	55	55000.000
2237	61	61000.000
2238	69	69000.000
2239	49	49000.000
2240	64	64000.000
2241	53	53000.000
2242	74	74000.000
2243	61	61000.000
2244	64	64000.000
2245	52	52000.000
2246	72	72000.000
2247	72	72000.000
2248	61	61000.000
2249	59	59000.000
2250	58	58000.000
2251	53	53000.000
2252	60	60000.000
2253	61	61000.000
2254	67	67000.000
2255	52	52000.000
2256	74	74000.000
2257	76	76000.000
2258	58	58000.000
2259	74	74000.000
2260	58	58000.000
2261	70	70000.000
2262	52	52000.000
2263	70	70000.000
2264	50	50000.000
2265	64	64000.000
2266	60	60000.000
2267	54	54000.000
2268	71	71000.000
2269	80	80000.000
2270	43	43000.000
2271	57	57000.000
2272	57	57000.000
2273	64	64000.000
2274	62	62000.000
2275	54	54000.000
2276	74	74000.000
2277	68	68000.000
2278	56	56000.000
2279	84	84000.000
2280	60	60000.000
2281	63	63000.000
2282	52	52000.000
2283	60	60000.000
2284	63	63000.000
2285	65	65000.000
2286	49	49000.000
2287	69	69000.000
2288	76	76000.000
2289	56	56000.000
2290	65	65000.000
2291	66	66000.000
2292	60	60000.000
2293	71	71000.000
2294	67	67000.000
2295	64	64000.000
2296	80	80000.000
2297	69	69000.000
2298	65	65000.000
2299	69	69000.000
2300	69	69000.000
2301	67	67000.000
2302	50	50000.000
2303	64	64000.000
2304	71	71000.000
2305	58	58000.000
2306	50	50000.000
2307	62	62000.000
2308	63	63000.000
2309	71	71000.000
2310	62	62000.000
2311	76	76000.000
2312	60	60000.000
2313	61	61000.000
2314	60	60000.000
2315	68	68000.000
2316	68	68000.000
2317	75	75000.000
2318	42	42000.000
2319	57	57000.000
2320	61	61000.000
2321	74	74000.000
2322	73	73000.000
2323	57	57000.000
2324	81	81000.000
2325	63	63000.000
2326	53	53000.000
2327	62	62000.000
2328	70	70000.000
2329	72	72000.000
2330	60	60000.000
2331	69	69000.000
2332	58	58000.000
2333	63	63000.000
2334	85	85000.000
2335	65	65000.000
2336	60	60000.000
2337	55	55000.000
2338	55	55000.000
2339	53	53000.000
2340	52	52000.000
2341	71	71000.000
2342	78	78000.000
2343	55	55000.000
2344	49	49000.000
2345	61	61000.000
2346	83	83000.000
2347	72	72000.000
2348	64	64000.000
2349	54	54000.000
2350	77	77000.000
2351	66	66000.000
2352	63	63000.000
2353	62	62000.000
2354	68	68000.000
2355	65	65000.000
2356	48	48000.000
2357	55	55000.000
2358	71	71000.000
2359	52	52000.000
2360	75	75000.000
2361	61	61000.000
2362	75	75000.000
2363	61	61000.000
2364	61	61000.000
2365	57	57000.000
2366	60	60000.000
2367	78	78000.000
2368	59	59000.000
2369	67	67000.000
2370	64	64000.000
2371	71	71000.000
2372	66	66000.000
2373	70	70000.000
2374	71	71000.000
2375	60	60000.000
2376	61	61000.000
2377	64	64000.000
2378	58	58000.000
2379	51	51000.000
2380	55	55000.000
2381	64	64000.000
2382	66	66000.000
2383	63	63000.000
2384	63	63000.000
2385	61	61000.000
2386	56	56000.000
2387	72	72000.000
2388	58	58000.000
2389	37	37000.000
2390	71	71000.000
2391	54	54000.000
2392	64	64000.000
2393	77	77000.000
2394	55	55000.000
2395	68	68000.000
2396	58	58000.000
2397	74	74000.000
2398	67	67000.000
2399	56	56000.000
2400	63	63000.000
2401	65	65000.000
2402	79	79000.000
2403	59	59000.000
2404	68	68000.000
2405	69	69000.000
2406	65	65000.000
2407	65	65000.000
2408	67	67000.000
2409	50	50000.000
2410	51	51000.000
2411	56	56000.000
2412	58	58000.000
2413	52	52000.000
2414	46	46000.000
2415	67	67000.000
2416	67	67000.000
2417	63	63000.000
2418	61	61000.000
2419	72	72000.000
2420	62	62000.000
2421	64	64000.000
2422	56	56000.000
2423	63	63000.000
2424	50	50000.000
2425	67	67000.000
2426	67	67000.000
2427	75	75000.000
2428	71	71000.000
2429	72	72000.000
2430	57	57000.000
2431	82	82000.000
2432	63	63000.000
2433	66	66000.000
2434	60	60000.000
2435	62	62000.000
2436	92	92000.000
2437	74	74000.000
2438	61	61000.000
2439	65	65000.000
2440	63	63000.000
2441	60	60000.000
2442	74	74000.000
2443	64	64000.000
2444	63	63000.000
2445	64	64000.000
2446	43	43000.000
2447	62	62000.000
2448	60	60000.000
2449	52	52000.000
2450	61	61000.000
2451	69	69000.000
2452	59	59000.000
2453	61	61000.000
2454	65	65000.000
2455	66	66000.000
2456	61	61000.000
2457	60	60000.000
2458	73	73000.000
2459	49	49000.000
2460	72	72000.000
2461	68	68000.000
2462	64	64000.000
2463	61	61000.000
2464	62	62000.000
2465	77	77000.000
2466	56	56000.000
2467	59	59000.000
2468	78	78000.000
2469	64	64000.000
2470	63	63000.000
2471	51	51000.000
2472	66	66000.000
2473	67	67000.000
2474	63	63000.000
2475	49	49000.000
2476	61	61000.000
2477	64	64000.000
2478	67	67000.000
2479	65	65000.000
2480	60	60000.000
2481	72	72000.000
2482	66	66000.000
2483	71	71000.000
2484	71	71000.000
2485	83	83000.000
2486	64	64000.000
2487	57	57000.000
2488	58	58000.000
2489	68	68000.000
2490	63	63000.000
2491	61	61000.000
2492	73	73000.000
2493	61	61000.000
2494	54	54000.000
2495	76	76000.000
2496	64	64000.000
2497	67	67000.000
2498	70	70000.000
2499	57	57000.000
2500	61	61000.000
2501	59	59000.000
2502	63	63000.000
2503	70	70000.000
2504	59	59000.000
2505	55	55000.000
2506	59	59000.000
2507	63	63000.000
2508	44	44000.000
2509	53	53000.000
2510	66	66000.000
2511	73	73000.000
2512	63	63000.000
2513	63	63000.000
2514	76	76000.000
2515	66	66000.000
2516	77	77000.000
2517	59	59000.000
2518	66	66000.000
2519	53	53000.000
2520	59	59000.000
2521	77	77000.000
2522	66	66000.000
2523	89	89000.000
2524	62	62000.000
2525	65	65000.000
2526	40	40000.000
2527	61	61000.000
2528	73	73000.000
2529	68	68000.000
2530	71	71000.000
2531	65	65000.000
2532	56	56000.000
2533	59	59000.000
2534	66	66000.000
2535	67	67000.000
2536	55	55000.000
2537	63	63000.000
2538	52	52000.000
2539	63	63000.000
2540	61	61000.000
2541	62	62000.000
2542	54	54000.000
2543	64	64000.000
2544	68	68000.000
2545	48	48000.000
2546	82	82000.000
2547	73	73000.000
2548	72	72000.000
2549	72	72000.000
2550	60	60000.000
2551	71	71000.000
2552	62	62000.000
2553	72	72000.000
2554	77	77000.000
2555	60	60000.000
2556	58	58000.000
2557	64	64000.000
2558	62	62000.000
2559	69	69000.000
2560	60	60000.000
2561	59	59000.000
2562	77	77000.000
2563	55	55000.000
2564	54	54000.000
2565	60	60000.000
2566	59	59000.000
2567	80	80000.000
2568	75	75000.000
2569	62	62000.000
2570	68	68000.000
2571	55	55000.000
2572	74	74000.000
2573	60	60000.000
2574	74	74000.000
2575	66	66000.000
2576	50	50000.000
2577	64	64000.000
2578	74	74000.000
2579	68	68000.000
2580	63	63000.000
2581	65	65000.000
2582	66	66000.000
2583	73	73000.000
2584	67	67000.000
2585	62	62000.000
2586	73	73000.000
2587	74	74000.000
2588	68	68000.000
2589	68	68000.000
2590	70	70000.000
2591	60	60000.000
2592	60	60000.000
2593	60	60000.000
2594	55	55000.000
2595	68	68000.000
2596	60	60000.000
2597	65	65000.000
2598	67	67000.000
2599	68	68000.000
2600	66	66000.000
2601	71	71000.000
2602	66	66000.000
2603	55	55000.000
2604	64	64000.000
2605	79	79000.000
2606	57	57000.000
2607	72	72000.000
2608	59	59000.000
2609	46	46000.000
2610	62	62000.000
2611	68	68000.000
2612	52	52000.000
2613	59	59000.000
2614	62	62000.000
2615	69	69000.000
2616	61	61000.000
2617	53	53000.000
2618	82	82000.000
2619	65	65000.000
2620	55	55000.000
2621	62	62000.000
2622	51	51000.000
2623	76	76000.000
2624	76	76000.000
2625	57	57000.000
2626	71	71000.000
2627	49	49000.000
2628	62	62000.000
2629	65	65000.000
2630	81	81000.000
2631	61	61000.000
2632	57	57000.000
2633	53	53000.000
2634	63	63000.000
2635	66	66000.000
2636	62	62000.000
2637	58	58000.000
2638	71	71000.000
2639	72	72000.000
2640	71	71000.000
2641	62	62000.000
2642	74	74000.000
2643	65	65000.000
2644	69	69000.000
2645	61	61000.000
2646	70	70000.000
2647	60	60000.000
2648	56	56000.000
2649	64	64000.000
2650	63	63000.000
2651	56	56000.000
2652	80	80000.000
2653	69	69000.000
2654	60	60000.000
2655	59	59000.000
2656	48	48000.000
2657	63	63000.000
2658	66	66000.000
2659	66	66000.000
2660	65	65000.000
2661	53	53000.000
2662	78	78000.000
2663	53	53000.000
2664	68	68000.000
2665	83	83000.000
2666	64	64000.000
2667	69	69000.000
2668	68	68000.000
2669	63	63000.000
2670	66	66000.000
2671	64	64000.000
2672	58	58000.000
2673	65	65000.000
2674	59	59000.000
2675	64	64000.000
2676	61	61000.000
2677	56	56000.000
2678	55	55000.000
2679	66	66000.000
2680	57	57000.000
2681	74	74000.000
2682	64	64000.000
2683	66	66000.000
2684	66	66000.000
2685	56	56000.000
2686	66	66000.000
2687	81	81000.000
2688	83	83000.000
2689	64	64000.000
2690	59	59000.000
2691	79	79000.000
2692	61	61000.000
2693	59	59000.000
2694	55	55000.000
2695	54	54000.000
2696	65	65000.000
2697	60	60000.000
2698	48	48000.000
2699	56	56000.000
2700	66	66000.000
2701	73	73000.000
2702	57	57000.000
2703	70	70000.000
2704	57	57000.000
2705	53	53000.000
2706	68	68000.000
2707	51	51000.000
2708	58	58000.000
2709	65	65000.000
2710	63	63000.000
2711	67	67000.000
2712	61	61000.000
2713	60	60000.000
2714	66	66000.000
2715	72	72000.000
2716	61	61000.000
2717	53	53000.000
2718	62	62000.000
2719	54	54000.000
2720	72	72000.000
2721	68	68000.000
2722	68	68000.000
2723	61	61000.000
2724	62	62000.000
2725	44	44000.000
2726	50	50000.000
2727	85	85000.000
2728	61	61000.000
2729	66	66000.000
2730	61	61000.000
2731	72	72000.000
2732	62	62000.000
2733	55	55000.000
2734	66	66000.000
2735	66	66000.000
2736	77	77000.000
2737	65	65000.000
2738	53	53000.000
2739	54	54000.000
2740	63	63000.000
2741	62	62000.000
2742	56	56000.000
2743	59	59000.000
2744	61	61000.000
2745	76	76000.000
2746	63	63000.000
2747	45	45000.000
2748	68	68000.000
2749	56	56000.000
2750	68	68000.000
2751	74	74000.000
2752	71	71000.000
2753	47	47000.000
2754	67	67000.000
2755	63	63000.000
2756	57	57000.000
2757	64	64000.000
2758	83	83000.000
2759	80	80000.000
2760	77	77000.000
2761	64	64000.000
2762	51	51000.000
2763	64	64000.000
2764	75	75000.000
2765	62	62000.000
2766	71	71000.000
2767	61	61000.000
2768	52	52000.000
2769	61	61000.000
2770	61	61000.000
2771	69	69000.000
2772	59	59000.000
2773	67	67000.000
2774	76	76000.000
2775	63	63000.000
2776	61	61000.000
2777	78	78000.000
2778	66	66000.000
2779	85	85000.000
2780	71	71000.000
2781	73	73000.000
2782	57	57000.000
2783	65	65000.000
2784	60	60000.000
2785	73	73000.000
2786	62	62000.000
2787	62	62000.000
2788	47	47000.000
2789	57	57000.000
2790	61	61000.000
2791	70	70000.000
2792	64	64000.000
2793	55	55000.000
2794	79	79000.000
2795	79	79000.000
2796	46	46000.000
2797	66	66000.000
2798	58	58000.000
2799	57	57000.000
2800	78	78000.000
2801	67	67000.000
2802	67	67000.000
2803	58	58000.000
2804	65	65000.000
2805	75	75000.000
2806	67	67000.000
2807	67	67000.000
2808	53	53000.000
2809	68	68000.000
2810	66	66000.000
2811	64	64000.000
2812	72	72000.000
2813	56	56000.000
2814	63	63000.000
2815	63	63000.000
2816	57	57000.000
2817	73	73000.000
2818	55	55000.000
2819	62	62000.000
2820	70	70000.000
2821	62	62000.000
2822	74	74000.000
2823	70	70000.000
2824	73	73000.000
2825	61	61000.000
2826	64	64000.000
2827	76	76000.000
2828	72	72000.000
2829	62	62000.000
2830	71	71000.000
2831	69	69000.000
2832	71	71000.000
2833	60	60000.000
2834	68	68000.000
2835	55	55000.000
2836	48	48000.000
2837	50	50000.000
2838	44	44000.000
2839	63	63000.000
2840	51	51000.000
2841	67	67000.000
2842	65	65000.000
2843	57	57000.000
2844	74	74000.000
2845	62	62000.000
2846	71	71000.000
2847	70	70000.000
2848	44	44000.000
2849	68	68000.000
2850	66	66000.000
2851	56	56000.000
2852	61	61000.000
2853	65	65000.000
2854	70	70000.000
2855	58	58000.000
2856	58	58000.000
2857	53	53000.000
2858	66	66000.000
2859	57	57000.000
2860	52	52000.000
2861	60	60000.000
2862	69	69000.000
2863	49	49000.000
2864	62	62000.000
2865	64	64000.000
2866	52	52000.000
2867	66	66000.000
2868	67	67000.000
2869	58	58000.000
2870	87	87000.000
2871	77	77000.000
2872	46	46000.000
2873	68	68000.000
2874	52	52000.000
2875	80	80000.000
2876	57	57000.000
2877	67	67000.000
2878	54	54000.000
2879	69	69000.000
2880	73	73000.000
2881	64	64000.000
2882	61	61000.000
2883	49	49000.000
2884	74	74000.000
2885	63	63000.000
2886	56	56000.000
2887	52	52000.000
2888	66	66000.000
2889	73	73000.000
2890	60	60000.000
2891	66	66000.000
2892	77	77000.000
2893	65	65000.000
2894	57	57000.000
2895	68	68000.000
2896	69	69000.000
2897	72	72000.000
2898	75	75000.000
2899	65	65000.000
2900	62	62000.000
2901	77	77000.000
2902	64	64000.000
2903	61	61000.000
2904	48	48000.000
2905	61	61000.000
2906	62	62000.000
2907	66	66000.000
2908	86	86000.000
2909	54	54000.000
2910	63	63000.000
2911	56	56000.000
2912	61	61000.000
2913	66	66000.000
2914	66	66000.000
2915	69	69000.000
2916	69	69000.000
2917	71	71000.000
2918	68	68000.000
2919	59	59000.000
2920	58	58000.000
2921	65	65000.000
2922	77	77000.000
2923	66	66000.000
2924	66	66000.000
2925	61	61000.000
2926	58	58000.000
2927	69	69000.000
2928	66	66000.000
2929	67	67000.000
2930	51	51000.000
2931	65	65000.000
2932	59	59000.000
2933	65	65000.000
2934	62	62000.000
2935	70	70000.000
2936	68	68000.000
2937	81	81000.000
2938	49	49000.000
2939	65	65000.000
2940	60	60000.000
2941	61	61000.000
2942	68	68000.000
2943	64	64000.000
2944	64	64000.000
2945	52	52000.000
2946	58	58000.000
2947	63	63000.000
2948	46	46000.000
2949	61	61000.000
2950	57	57000.000
2951	69	69000.000
2952	71	71000.000
2953	55	55000.000
2954	65	65000.000
2955	68	68000.000
2956	67	67000.000
2957	60	60000.000
2958	55	55000.000
2959	75	75000.000
2960	54	54000.000
2961	55	55000.000
2962	60	60000.000
2963	82	82000.000
2964	64	64000.000
2965	64	64000.000
2966	41	41000.000
2967	68	68000.000
2968	70	70000.000
2969	75	75000.000
2970	60	60000.000
2971	56	56000.000
2972	52	52000.000
2973	61	61000.000
2974	72	72000.000
2975	70	70000.000
2976	50	50000.000
2977	49	49000.000
2978	67	67000.000
2979	74	74000.000
2980	57	57000.000
2981	61	61000.000
2982	58	58000.000
2983	71	71000.000
2984	65	65000.000
2985	67	67000.000
2986	60	60000.000
2987	65	65000.000
2988	91	91000.000
2989	68	68000.000
2990	67	67000.000
2991	71	71000.000
2992	63	63000.000
2993	63	63000.000
2994	60	60000.000
2995	72	72000.000
2996	74	74000.000
2997	57	57000.000
2998	76	76000.000
2999	54	54000.000
3000	71	71000.000
3001	60	60000.000
3002	42	42000.000
3003	72	72000.000
3004	60	60000.000
3005	50	50000.000
3006	59	59000.000
3007	65	65000.000
3008	54	54000.000
3009	58	58000.000
3010	65	65000.000
3011	56	56000.000
3012	66	66000.000
3013	61	61000.000
3014	74	74000.000
3015	75	75000.000
3016	57	57000.000
3017	59	59000.000
3018	78	78000.000
3019	56	56000.000
3020	63	63000.000
3021	59	59000.000
3022	47	47000.000
3023	56	56000.000
3024	69	69000.000
3025	51	51000.000
3026	66	66000.000
3027	75	75000.000
3028	62	62000.000
3029	64	64000.000
3030	58	58000.000
3031	50	50000.000
3032	67	67000.000
3033	67	67000.000
3034	67	67000.000
3035	79	79000.000
3036	77	77000.000
3037	65	65000.000
3038	69	69000.000
3039	67	67000.000
3040	64	64000.000
3041	60	60000.000
3042	62	62000.000
3043	70	70000.000
3044	54	54000.000
3045	68	68000.000
3046	67	67000.000
3047	53	53000.000
3048	56	56000.000
3049	61	61000.000
3050	54	54000.000
3051	71	71000.000
3052	74	74000.000
3053	72	72000.000
3054	69	69000.000
3055	66	66000.000
3056	56	56000.000
3057	71	71000.000
3058	57	57000.000
3059	69	69000.000
3060	83	83000.000
3061	54	54000.000
3062	66	66000.000
3063	88	88000.000
3064	61	61000.000
3065	52	52000.000
3066	57	57000.000
3067	68	68000.000
3068	57	57000.000
3069	68	68000.000
3070	67	67000.000
3071	49	49000.000
3072	53	53000.000
3073	59	59000.000
3074	61	61000.000
3075	65	65000.000
3076	66	66000.000
3077	61	61000.000
3078	64	64000.000
3079	66	66000.000
3080	60	60000.000
3081	72	72000.000
3082	56	56000.000
3083	61	61000.000
3084	52	52000.000
3085	69	69000.000
3086	59	59000.000
3087	63	63000.000
3088	58	58000.000
3089	73	73000.000
3090	60	60000.000
3091	68	68000.000
3092	70	70000.000
3093	64	64000.000
3094	56	56000.000
3095	67	67000.000
3096	56	56000.000
3097	60	60000.000
3098	50	50000.000
3099	59	59000.000
3100	69	69000.000
3101	67	67000.000
3102	76	76000.000
3103	70	70000.000
3104	62	62000.000
3105	51	51000.000
3106	58	58000.000
3107	83	83000.000
3108	64	64000.000
3109	66	66000.000
3110	55	55000.000
3111	78	78000.000
3112	65	65000.000
3113	64	64000.000
3114	67	67000.000
3115	67	67000.000
3116	77	77000.000
3117	80	80000.000
3118	62	62000.000
3119	76	76000.000
3120	55	55000.000
3121	60	60000.000
3122	72	72000.000
3123	67	67000.000
3124	80	80000.000
3125	61	61000.000
3126	47	47000.000
3127	88	88000.000
3128	82	82000.000
3129	65	65000.000
3130	66	66000.000
3131	65	65000.000
3132	61	61000.000
3133	86	86000.000
3134	54	54000.000
3135	56	56000.000
3136	60	60000.000
3137	70	70000.000
3138	58	58000.000
3139	72	72000.000
3140	60	60000.000
3141	65	65000.000
3142	56	56000.000
3143	80	80000.000
3144	75	75000.000
3145	63	63000.000
3146	74	74000.000
3147	50	50000.000
3148	64	64000.000
3149	71	71000.000
3150	59	59000.000
3151	75	75000.000
3152	62	62000.000
3153	73	73000.000
3154	57	57000.000
3155	56	56000.000
3156	37	37000.000
3157	53	53000.000
3158	61	61000.000
3159	54	54000.000
3160	44	44000.000
3161	65	65000.000
3162	63	63000.000
3163	66	66000.000
3164	63	63000.000
3165	63	63000.000
3166	53	53000.000
3167	66	66000.000
3168	77	77000.000
3169	63	63000.000
3170	57	57000.000
3171	55	55000.000
3172	77	77000.000
3173	73	73000.000
3174	59	59000.000
3175	66	66000.000
3176	54	54000.000
3177	60	60000.000
3178	60	60000.000
3179	70	70000.000
3180	73	73000.000
3181	57	57000.000
3182	61	61000.000
3183	66	66000.000
3184	66	66000.000
3185	83	83000.000
3186	46	46000.000
3187	65	65000.000
3188	45	45000.000
3189	58	58000.000
3190	57	57000.000
3191	60	60000.000
3192	55	55000.000
3193	69	69000.000
3194	75	75000.000
3195	54	54000.000
3196	68	68000.000
3197	85	85000.000
3198	54	54000.000
3199	72	72000.000
3200	63	63000.000
3201	64	64000.000
3202	63	63000.000
3203	71	71000.000
3204	59	59000.000
3205	54	54000.000
3206	56	56000.000
3207	58	58000.000
3208	69	69000.000
3209	64	64000.000
3210	81	81000.000
3211	65	65000.000
3212	63	63000.000
3213	61	61000.000
3214	62	62000.000
3215	70	70000.000
3216	61	61000.000
3217	61	61000.000
3218	69	69000.000
3219	64	64000.000
3220	63	63000.000
3221	63	63000.000
3222	53	53000.000
3223	81	81000.000
3224	72	72000.000
3225	57	57000.000
3226	75	75000.000
3227	64	64000.000
3228	63	63000.000
3229	54	54000.000
3230	73	73000.000
3231	52	52000.000
3232	58	58000.000
3233	45	45000.000
3234	51	51000.000
3235	57	57000.000
3236	61	61000.000
3237	74	74000.000
3238	54	54000.000
3239	64	64000.000
3240	67	67000.000
3241	65	65000.000
3242	70	70000.000
3243	66	66000.000
3244	66	66000.000
3245	62	62000.000
3246	57	57000.000
3247	47	47000.000
3248	65	65000.000
3249	58	58000.000
3250	68	68000.000
3251	80	80000.000
3252	49	49000.000
3253	72	72000.000
3254	75	75000.000
3255	73	73000.000
3256	74	74000.000
3257	84	84000.000
3258	56	56000.000
3259	64	64000.000
3260	64	64000.000
3261	69	69000.000
3262	63	63000.000
3263	68	68000.000
3264	55	55000.000
3265	65	65000.000
3266	68	68000.000
3267	68	68000.000
3268	73	73000.000
3269	58	58000.000
3270	70	70000.000
3271	72	72000.000
3272	82	82000.000
3273	68	68000.000
3274	69	69000.000
3275	73	73000.000
3276	65	65000.000
3277	61	61000.000
3278	66	66000.000
3279	66	66000.000
3280	73	73000.000
3281	56	56000.000
3282	57	57000.000
3283	67	67000.000
3284	68	68000.000
3285	77	77000.000
3286	55	55000.000
3287	68	68000.000
3288	70	70000.000
3289	61	61000.000
3290	69	69000.000
3291	74	74000.000
3292	69	69000.000
3293	67	67000.000
3294	66	66000.000
3295	85	85000.000
3296	67	67000.000
3297	69	69000.000
3298	68	68000.000
3299	68	68000.000
3300	54	54000.000
3301	63	63000.000
3302	64	64000.000
3303	72	72000.000
3304	57	57000.000
3305	71	71000.000
3306	55	55000.000
3307	65	65000.000
3308	58	58000.000
3309	65	65000.000
3310	82	82000.000
3311	64	64000.000
3312	68	68000.000
3313	62	62000.000
3314	66	66000.000
3315	57	57000.000
3316	51	51000.000
3317	69	69000.000
3318	63	63000.000
3319	57	57000.000
3320	65	65000.000
3321	58	58000.000
3322	69	69000.000
3323	60	60000.000
3324	54	54000.000
3325	61	61000.000
3326	75	75000.000
3327	70	70000.000
3328	51	51000.000
3329	74	74000.000
3330	62	62000.000
3331	60	60000.000
3332	72	72000.000
3333	54	54000.000
3334	79	79000.000
3335	72	72000.000
3336	74	74000.000
3337	70	70000.000
3338	58	58000.000
3339	68	68000.000
3340	65	65000.000
3341	59	59000.000
3342	58	58000.000
3343	60	60000.000
3344	74	74000.000
3345	70	70000.000
3346	64	64000.000
3347	53	53000.000
3348	68	68000.000
3349	58	58000.000
3350	62	62000.000
3351	58	58000.000
3352	61	61000.000
3353	63	63000.000
3354	75	75000.000
3355	64	64000.000
3356	56	56000.000
3357	73	73000.000
3358	71	71000.000
3359	53	53000.000
3360	54	54000.000
3361	62	62000.000
3362	55	55000.000
3363	81	81000.000
3364	69	69000.000
3365	72	72000.000
3366	50	50000.000
3367	76	76000.000
3368	65	65000.000
3369	61	61000.000
3370	66	66000.000
3371	57	57000.000
3372	62	62000.000
3373	56	56000.000
3374	65	65000.000
3375	55	55000.000
3376	72	72000.000
3377	72	72000.000
3378	61	61000.000
3379	64	64000.000
3380	67	67000.000
3381	76	76000.000
3382	55	55000.000
3383	66	66000.000
3384	74	74000.000
3385	65	65000.000
3386	62	62000.000
3387	59	59000.000
3388	67	67000.000
3389	56	56000.000
3390	53	53000.000
3391	51	51000.000
3392	42	42000.000
3393	76	76000.000
3394	79	79000.000
3395	66	66000.000
3396	59	59000.000
3397	61	61000.000
3398	56	56000.000
3399	61	61000.000
3400	75	75000.000
3401	51	51000.000
3402	59	59000.000
3403	63	63000.000
3404	58	58000.000
3405	55	55000.000
3406	72	72000.000
3407	58	58000.000
3408	60	60000.000
3409	67	67000.000
3410	66	66000.000
3411	67	67000.000
3412	60	60000.000
3413	62	62000.000
3414	60	60000.000
3415	54	54000.000
3416	59	59000.000
3417	55	55000.000
3418	64	64000.000
3419	55	55000.000
3420	61	61000.000
3421	67	67000.000
3422	72	72000.000
3423	70	70000.000
3424	79	79000.000
3425	60	60000.000
3426	47	47000.000
3427	79	79000.000
3428	68	68000.000
3429	50	50000.000
3430	71	71000.000
3431	61	61000.000
3432	64	64000.000
3433	61	61000.000
3434	65	65000.000
3435	57	57000.000
3436	58	58000.000
3437	64	64000.000
3438	64	64000.000
3439	67	67000.000
3440	63	63000.000
3441	77	77000.000
3442	44	44000.000
3443	67	67000.000
3444	79	79000.000
3445	66	66000.000
3446	63	63000.000
3447	69	69000.000
3448	48	48000.000
3449	58	58000.000
3450	73	73000.000
3451	59	59000.000
3452	63	63000.000
3453	81	81000.000
3454	61	61000.000
3455	67	67000.000
3456	50	50000.000
3457	67	67000.000
3458	60	60000.000
3459	72	72000.000
3460	56	56000.000
3461	76	76000.000
3462	59	59000.000
3463	82	82000.000
3464	67	67000.000
3465	50	50000.000
3466	51	51000.000
3467	56	56000.000
3468	56	56000.000
3469	57	57000.000
3470	48	48000.000
3471	68	68000.000
3472	66	66000.000
3473	64	64000.000
3474	71	71000.000
3475	69	69000.000
3476	52	52000.000
3477	60	60000.000
3478	66	66000.000
3479	58	58000.000
3480	72	72000.000
3481	81	81000.000
3482	65	65000.000
3483	53	53000.000
3484	71	71000.000
3485	68	68000.000
3486	69	69000.000
3487	59	59000.000
3488	53	53000.000
3489	49	49000.000
3490	79	79000.000
3491	58	58000.000
3492	65	65000.000
3493	71	71000.000
3494	58	58000.000
3495	58	58000.000
3496	57	57000.000
3497	56	56000.000
3498	52	52000.000
3499	60	60000.000
3500	76	76000.000
3501	61	61000.000
3502	56	56000.000
3503	48	48000.000
3504	63	63000.000
3505	52	52000.000
3506	47	47000.000
3507	67	67000.000
3508	55	55000.000
3509	82	82000.000
3510	72	72000.000
3511	60	60000.000
3512	66	66000.000
3513	64	64000.000
3514	58	58000.000
3515	68	68000.000
3516	58	58000.000
3517	81	81000.000
3518	69	69000.000
3519	58	58000.000
3520	51	51000.000
3521	74	74000.000
3522	60	60000.000
3523	66	66000.000
3524	56	56000.000
3525	67	67000.000
3526	73	73000.000
3527	69	69000.000
3528	71	71000.000
3529	44	44000.000
3530	67	67000.000
3531	67	67000.000
3532	47	47000.000
3533	74	74000.000
3534	68	68000.000
3535	49	49000.000
3536	64	64000.000
3537	65	65000.000
3538	67	67000.000
3539	59	59000.000
3540	69	69000.000
3541	62	62000.000
3542	73	73000.000
3543	64	64000.000
3544	61	61000.000
3545	64	64000.000
3546	83	83000.000
3547	56	56000.000
3548	57	57000.000
3549	83	83000.000
3550	57	57000.000
3551	73	73000.000
3552	46	46000.000
3553	70	70000.000
3554	71	71000.000
3555	48	48000.000
3556	51	51000.000
3557	57	57000.000
3558	64	64000.000
3559	38	38000.000
3560	57	57000.000
3561	69	69000.000
3562	68	68000.000
3563	67	67000.000
3564	66	66000.000
3565	63	63000.000
3566	61	61000.000
3567	80	80000.000
3568	64	64000.000
3569	62	62000.000
3570	56	56000.000
3571	47	47000.000
3572	48	48000.000
3573	50	50000.000
3574	64	64000.000
3575	62	62000.000
3576	53	53000.000
3577	68	68000.000
3578	63	63000.000
3579	75	75000.000
3580	53	53000.000
3581	55	55000.000
3582	60	60000.000
3583	60	60000.000
3584	58	58000.000
3585	61	61000.000
3586	65	65000.000
3587	43	43000.000
3588	69	69000.000
3589	53	53000.000
3590	64	64000.000
3591	68	68000.000
3592	61	61000.000
3593	56	56000.000
3594	60	60000.000
3595	62	62000.000
3596	61	61000.000
3597	65	65000.000
3598	61	61000.000
3599	60	60000.000
3600	70	70000.000
3601	61	61000.000
3602	72	72000.000
3603	50	50000.000
3604	75	75000.000
3605	59	59000.000
3606	59	59000.000
3607	67	67000.000
3608	61	61000.000
3609	68	68000.000
3610	58	58000.000
3611	58	58000.000
3612	68	68000.000
3613	79	79000.000
3614	79	79000.000
3615	55	55000.000
3616	64	64000.000
3617	61	61000.000
3618	62	62000.000
3619	67	67000.000
3620	62	62000.000
3621	69	69000.000
3622	52	52000.000
3623	53	53000.000
3624	80	80000.000
3625	69	69000.000
3626	77	77000.000
3627	75	75000.000
3628	54	54000.000
3629	56	56000.000
3630	69	69000.000
3631	46	46000.000
3632	57	57000.000
3633	67	67000.000
3634	71	71000.000
3635	57	57000.000
3636	65	65000.000
3637	71	71000.000
3638	60	60000.000
3639	65	65000.000
3640	44	44000.000
3641	70	70000.000
3642	63	63000.000
3643	70	70000.000
3644	62	62000.000
3645	72	72000.000
3646	51	51000.000
3647	62	62000.000
3648	73	73000.000
3649	65	65000.000
3650	57	57000.000
3651	61	61000.000
3652	65	65000.000
3653	72	72000.000
3654	79	79000.000
3655	67	67000.000
3656	59	59000.000
3657	69	69000.000
3658	63	63000.000
3659	78	78000.000
3660	54	54000.000
3661	53	53000.000
3662	62	62000.000
3663	67	67000.000
3664	63	63000.000
3665	70	70000.000
3666	75	75000.000
3667	68	68000.000
3668	69	69000.000
3669	69	69000.000
3670	53	53000.000
3671	73	73000.000
3672	66	66000.000
3673	52	52000.000
3674	59	59000.000
3675	72	72000.000
3676	62	62000.000
3677	59	59000.000
3678	71	71000.000
3679	67	67000.000
3680	61	61000.000
3681	78	78000.000
3682	65	65000.000
3683	55	55000.000
3684	57	57000.000
3685	71	71000.000
3686	62	62000.000
3687	65	65000.000
3688	54	54000.000
3689	60	60000.000
3690	52	52000.000
3691	69	69000.000
3692	64	64000.000
3693	63	63000.000
3694	67	67000.000
3695	55	55000.000
3696	64	64000.000
3697	60	60000.000
3698	63	63000.000
3699	65	65000.000
3700	50	50000.000
3701	58	58000.000
3702	51	51000.000
3703	63	63000.000
3704	64	64000.000
3705	70	70000.000
3706	58	58000.000
3707	54	54000.000
3708	74	74000.000
3709	46	46000.000
3710	71	71000.000
3711	53	53000.000
3712	60	60000.000
3713	77	77000.000
3714	59	59000.000
3715	74	74000.000
3716	57	57000.000
3717	75	75000.000
3718	51	51000.000
3719	68	68000.000
3720	60	60000.000
3721	61	61000.000
3722	57	57000.000
3723	68	68000.000
3724	54	54000.000
3725	62	62000.000
3726	52	52000.000
3727	61	61000.000
3728	77	77000.000
3729	59	59000.000
3730	71	71000.000
3731	69	69000.000
3732	62	62000.000
3733	59	59000.000
3734	58	58000.000
3735	70	70000.000
3736	81	81000.000
3737	51	51000.000
3738	59	59000.000
3739	73	73000.000
3740	68	68000.000
3741	58	58000.000
3742	68	68000.000
3743	59	59000.000
3744	58	58000.000
3745	48	48000.000
3746	64	64000.000
3747	64	64000.000
3748	60	60000.000
3749	74	74000.000
3750	73	73000.000
3751	66	66000.000
3752	67	67000.000
3753	72	72000.000
3754	70	70000.000
3755	57	57000.000
3756	72	72000.000
3757	75	75000.000
3758	66	66000.000
3759	65	65000.000
3760	74	74000.000
3761	54	54000.000
3762	58	58000.000
3763	72	72000.000
3764	66	66000.000
3765	65	65000.000
3766	78	78000.000
3767	55	55000.000
3768	65	65000.000
3769	52	52000.000
3770	56	56000.000
3771	71	71000.000
3772	64	64000.000
3773	61	61000.000
3774	51	51000.000
3775	62	62000.000
3776	76	76000.000
3777	62	62000.000
3778	77	77000.000
3779	67	67000.000
3780	57	57000.000
3781	59	59000.000
3782	53	53000.000
3783	78	78000.000
3784	53	53000.000
3785	49	49000.000
3786	76	76000.000
3787	69	69000.000
3788	66	66000.000
3789	59	59000.000
3790	67	67000.000
3791	53	53000.000
3792	60	60000.000
3793	61	61000.000
3794	66	66000.000
3795	60	60000.000
3796	57	57000.000
3797	67	67000.000
3798	71	71000.000
3799	60	60000.000
3800	70	70000.000
3801	73	73000.000
3802	68	68000.000
3803	64	64000.000
3804	71	71000.000
3805	62	62000.000
3806	63	63000.000
3807	71	71000.000
3808	48	48000.000
3809	59	59000.000
3810	66	66000.000
3811	59	59000.000
3812	65	65000.000
3813	71	71000.000
3814	68	68000.000
3815	52	52000.000
3816	59	59000.000
3817	52	52000.000
3818	75	75000.000
3819	69	69000.000
3820	71	71000.000
3821	63	63000.000
3822	69	69000.000
3823	74	74000.000
3824	59	59000.000
3825	59	59000.000
3826	76	76000.000
3827	78	78000.000
3828	69	69000.000
3829	61	61000.000
3830	67	67000.000
3831	47	47000.000
3832	69	69000.000
3833	61	61000.000
3834	64	64000.000
3835	51	51000.000
3836	69	69000.000
3837	60	60000.000
3838	64	64000.000
3839	58	58000.000
3840	62	62000.000
3841	56	56000.000
3842	59	59000.000
3843	68	68000.000
3844	73	73000.000
3845	77	77000.000
3846	76	76000.000
3847	63	63000.000
3848	54	54000.000
3849	70	70000.000
3850	62	62000.000
3851	73	73000.000
3852	73	73000.000
3853	72	72000.000
3854	60	60000.000
3855	67	67000.000
3856	67	67000.000
3857	56	56000.000
3858	72	72000.000
3859	63	63000.000
3860	53	53000.000
3861	56	56000.000
3862	68	68000.000
3863	79	79000.000
3864	76	76000.000
3865	51	51000.000
3866	66	66000.000
3867	77	77000.000
3868	89	89000.000
3869	75	75000.000
3870	80	80000.000
3871	65	65000.000
3872	59	59000.000
3873	68	68000.000
3874	75	75000.000
3875	80	80000.000
3876	60	60000.000
3877	53	53000.000
3878	59	59000.000
3879	67	67000.000
3880	62	62000.000
3881	73	73000.000
3882	64	64000.000
3883	51	51000.000
3884	62	62000.000
3885	56	56000.000
3886	64	64000.000
3887	51	51000.000
3888	73	73000.000
3889	57	57000.000
3890	74	74000.000
3891	79	79000.000
3892	61	61000.000
3893	57	57000.000
3894	69	69000.000
3895	61	61000.000
3896	71	71000.000
3897	65	65000.000
3898	59	59000.000
3899	66	66000.000
3900	61	61000.000
3901	75	75000.000
3902	67	67000.000
3903	66	66000.000
3904	71	71000.000
3905	68	68000.000
3906	57	57000.000
3907	64	64000.000
3908	59	59000.000
3909	70	70000.000
3910	68	68000.000
3911	54	54000.000
3912	69	69000.000
3913	64	64000.000
3914	72	72000.000
3915	68	68000.000
3916	70	70000.000
3917	65	65000.000
3918	70	70000.000
3919	62	62000.000
3920	56	56000.000
3921	54	54000.000
3922	57	57000.000
3923	63	63000.000
3924	63	63000.000
3925	64	64000.000
3926	53	53000.000
3927	71	71000.000
3928	81	81000.000
3929	68	68000.000
3930	55	55000.000
3931	68	68000.000
3932	56	56000.000
3933	61	61000.000
3934	63	63000.000
3935	53	53000.000
3936	66	66000.000
3937	62	62000.000
3938	63	63000.000
3939	55	55000.000
3940	55	55000.000
3941	63	63000.000
3942	66	66000.000
3943	69	69000.000
3944	46	46000.000
3945	73	73000.000
3946	65	65000.000
3947	66	66000.000
3948	72	72000.000
3949	62	62000.000
3950	77	77000.000
3951	66	66000.000
3952	67	67000.000
3953	69	69000.000
3954	60	60000.000
3955	60	60000.000
3956	76	76000.000
3957	72	72000.000
3958	66	66000.000
3959	56	56000.000
3960	73	73000.000
3961	59	59000.000
3962	61	61000.000
3963	69	69000.000
3964	59	59000.000
3965	54	54000.000
3966	53	53000.000
3967	66	66000.000
3968	71	71000.000
3969	73	73000.000
3970	65	65000.000
3971	53	53000.000
3972	48	48000.000
3973	58	58000.000
3974	65	65000.000
3975	70	70000.000
3976	59	59000.000
3977	52	52000.000
3978	78	78000.000
3979	62	62000.000
3980	71	71000.000
3981	61	61000.000
3982	67	67000.000
3983	63	63000.000
3984	79	79000.000
3985	63	63000.000
3986	61	61000.000
3987	61	61000.000
3988	83	83000.000
3989	71	71000.000
3990	66	66000.000
3991	63	63000.000
3992	54	54000.000
3993	56	56000.000
3994	63	63000.000
3995	63	63000.000
3996	63	63000.000
3997	58	58000.000
3998	45	45000.000
3999	68	68000.000
4000	59	59000.000
4001	57	57000.000
4002	60	60000.000
4003	68	68000.000
4004	70	70000.000
4005	68	68000.000
4006	66	66000.000
4007	66	66000.000
4008	75	75000.000
4009	79	79000.000
4010	61	61000.000
4011	69	69000.000
4012	80	80000.000
4013	61	61000.000
4014	62	62000.000
4015	72	72000.000
4016	70	70000.000
4017	63	63000.000
4018	60	60000.000
4019	70	70000.000
4020	61	61000.000
4021	52	52000.000
4022	59	59000.000
4023	68	68000.000
4024	58	58000.000
4025	57	57000.000
4026	58	58000.000
4027	53	53000.000
4028	74	74000.000
4029	49	49000.000
4030	78	78000.000
4031	59	59000.000
4032	59	59000.000
4033	68	68000.000
4034	70	70000.000
4035	54	54000.000
4036	61	61000.000
4037	45	45000.000
4038	67	67000.000
4039	72	72000.000
4040	72	72000.000
4041	84	84000.000
4042	66	66000.000
4043	59	59000.000
4044	67	67000.000
4045	80	80000.000
4046	61	61000.000
4047	60	60000.000
4048	60	60000.000
4049	54	54000.000
4050	63	63000.000
4051	68	68000.000
4052	56	56000.000
4053	71	71000.000
4054	65	65000.000
4055	57	57000.000
4056	75	75000.000
4057	67	67000.000
4058	68	68000.000
4059	67	67000.000
4060	69	69000.000
4061	65	65000.000
4062	68	68000.000
4063	70	70000.000
4064	62	62000.000
4065	85	85000.000
4066	63	63000.000
4067	61	61000.000
4068	74	74000.000
4069	57	57000.000
4070	53	53000.000
4071	60	60000.000
4072	70	70000.000
4073	65	65000.000
4074	60	60000.000
4075	68	68000.000
4076	74	74000.000
4077	67	67000.000
4078	70	70000.000
4079	64	64000.000
4080	81	81000.000
4081	56	56000.000
4082	64	64000.000
4083	60	60000.000
4084	86	86000.000
4085	59	59000.000
4086	67	67000.000
4087	67	67000.000
4088	59	59000.000
4089	72	72000.000
4090	70	70000.000
4091	81	81000.000
4092	64	64000.000
4093	50	50000.000
4094	68	68000.000
4095	58	58000.000
4096	73	73000.000
4097	66	66000.000
4098	68	68000.000
4099	53	53000.000
4100	71	71000.000
4101	70	70000.000
4102	64	64000.000
4103	66	66000.000
4104	76	76000.000
4105	70	70000.000
4106	58	58000.000
4107	73	73000.000
4108	53	53000.000
4109	66	66000.000
4110	63	63000.000
4111	56	56000.000
4112	58	58000.000
4113	55	55000.000
4114	61	61000.000
4115	60	60000.000
4116	51	51000.000
4117	70	70000.000
4118	70	70000.000
4119	69	69000.000
4120	55	55000.000
4121	55	55000.000
4122	73	73000.000
4123	76	76000.000
4124	68	68000.000
4125	65	65000.000
4126	60	60000.000
4127	67	67000.000
4128	52	52000.000
4129	71	71000.000
4130	62	62000.000
4131	57	57000.000
4132	46	46000.000
4133	65	65000.000
4134	87	87000.000
4135	52	52000.000
4136	58	58000.000
4137	53	53000.000
4138	72	72000.000
4139	57	57000.000
4140	61	61000.000
4141	76	76000.000
4142	67	67000.000
4143	67	67000.000
4144	76	76000.000
4145	49	49000.000
4146	61	61000.000
4147	74	74000.000
4148	63	63000.000
4149	58	58000.000
4150	91	91000.000
4151	64	64000.000
4152	53	53000.000
4153	54	54000.000
4154	59	59000.000
4155	62	62000.000
4156	60	60000.000
4157	76	76000.000
4158	69	69000.000
4159	54	54000.000
4160	52	52000.000
4161	55	55000.000
4162	80	80000.000
4163	59	59000.000
4164	65	65000.000
4165	65	65000.000
4166	66	66000.000
4167	51	51000.000
4168	61	61000.000
4169	81	81000.000
4170	72	72000.000
4171	57	57000.000
4172	78	78000.000
4173	62	62000.000
4174	70	70000.000
4175	75	75000.000
4176	65	65000.000
4177	53	53000.000
4178	64	64000.000
4179	74	74000.000
4180	65	65000.000
4181	62	62000.000
4182	68	68000.000
4183	60	60000.000
4184	47	47000.000
4185	71	71000.000
4186	57	57000.000
4187	61	61000.000
4188	66	66000.000
4189	65	65000.000
4190	76	76000.000
4191	64	64000.000
4192	69	69000.000
4193	59	59000.000
4194	77	77000.000
4195	64	64000.000
4196	61	61000.000
4197	74	74000.000
4198	68	68000.000
4199	60	60000.000
4200	63	63000.000
4201	65	65000.000
4202	65	65000.000
4203	65	65000.000
4204	60	60000.000
4205	61	61000.000
4206	67	67000.000
4207	57	57000.000
4208	48	48000.000
4209	66	66000.000
4210	54	54000.000
4211	61	61000.000
4212	69	69000.000
4213	55	55000.000
4214	68	68000.000
4215	77	77000.000
4216	76	76000.000
4217	67	67000.000
4218	64	64000.000
4219	68	68000.000
4220	63	63000.000
4221	66	66000.000
4222	66	66000.000
4223	85	85000.000
4224	63	63000.000
4225	78	78000.000
4226	54	54000.000
4227	77	77000.000
4228	51	51000.000
4229	44	44000.000
4230	72	72000.000
4231	56	56000.000
4232	64	64000.000
4233	74	74000.000
4234	58	58000.000
4235	60	60000.000
4236	62	62000.000
4237	66	66000.000
4238	67	67000.000
4239	54	54000.000
4240	53	53000.000
4241	79	79000.000
4242	58	58000.000
4243	66	66000.000
4244	64	64000.000
4245	67	67000.000
4246	42	42000.000
4247	70	70000.000
4248	67	67000.000
4249	63	63000.000
4250	72	72000.000
4251	60	60000.000
4252	50	50000.000
4253	64	64000.000
4254	60	60000.000
4255	57	57000.000
4256	78	78000.000
4257	53	53000.000
4258	51	51000.000
4259	60	60000.000
4260	72	72000.000
4261	63	63000.000
4262	68	68000.000
4263	64	64000.000
4264	62	62000.000
4265	69	69000.000
4266	60	60000.000
4267	66	66000.000
4268	73	73000.000
4269	59	59000.000
4270	63	63000.000
4271	76	76000.000
4272	61	61000.000
4273	61	61000.000
4274	70	70000.000
4275	79	79000.000
4276	60	60000.000
4277	68	68000.000
4278	64	64000.000
4279	58	58000.000
4280	60	60000.000
4281	72	72000.000
4282	69	69000.000
4283	60	60000.000
4284	69	69000.000
4285	51	51000.000
4286	66	66000.000
4287	61	61000.000
4288	55	55000.000
4289	67	67000.000
4290	67	67000.000
4291	59	59000.000
4292	55	55000.000
4293	70	70000.000
4294	63	63000.000
4295	64	64000.000
4296	68	68000.000
4297	60	60000.000
4298	55	55000.000
4299	62	62000.000
4300	73	73000.000
4301	63	63000.000
4302	53	53000.000
4303	60	60000.000
4304	62	62000.000
4305	68	68000.000
4306	72	72000.000
4307	56	56000.000
4308	77	77000.000
4309	76	76000.000
4310	50	50000.000
4311	69	69000.000
4312	67	67000.000
4313	63	63000.000
4314	71	71000.000
4315	62	62000.000
4316	70	70000.000
4317	61	61000.000
4318	79	79000.000
4319	67	67000.000
4320	71	71000.000
4321	70	70000.000
4322	76	76000.000
4323	73	73000.000
4324	92	92000.000
4325	79	79000.000
4326	53	53000.000
4327	61	61000.000
4328	69	69000.000
4329	72	72000.000
4330	60	60000.000
4331	47	47000.000
4332	62	62000.000
4333	62	62000.000
4334	58	58000.000
4335	72	72000.000
4336	61	61000.000
4337	48	48000.000
4338	67	67000.000
4339	60	60000.000
4340	55	55000.000
4341	64	64000.000
4342	65	65000.000
4343	52	52000.000
4344	59	59000.000
4345	71	71000.000
4346	76	76000.000
4347	59	59000.000
4348	66	66000.000
4349	62	62000.000
4350	65	65000.000
4351	72	72000.000
4352	69	69000.000
4353	64	64000.000
4354	72	72000.000
4355	74	74000.000
4356	78	78000.000
4357	57	57000.000
4358	66	66000.000
4359	63	63000.000
4360	76	76000.000
4361	63	63000.000
4362	62	62000.000
4363	77	77000.000
4364	69	69000.000
4365	65	65000.000
4366	73	73000.000
4367	74	74000.000
4368	60	60000.000
4369	62	62000.000
4370	71	71000.000
4371	73	73000.000
4372	64	64000.000
4373	58	58000.000
4374	74	74000.000
4375	66	66000.000
4376	63	63000.000
4377	75	75000.000
4378	75	75000.000
4379	53	53000.000
4380	70	70000.000
4381	58	58000.000
4382	62	62000.000
4383	75	75000.000
4384	64	64000.000
4385	64	64000.000
4386	63	63000.000
4387	65	65000.000
4388	72	72000.000
4389	56	56000.000
4390	63	63000.000
4391	64	64000.000
4392	56	56000.000
4393	69	69000.000
4394	59	59000.000
4395	67	67000.000
4396	49	49000.000
4397	48	48000.000
4398	56	56000.000
4399	65	65000.000
4400	55	55000.000
4401	68	68000.000
4402	55	55000.000
4403	57	57000.000
4404	54	54000.000
4405	53	53000.000
4406	55	55000.000
4407	59	59000.000
4408	59	59000.000
4409	68	68000.000
4410	63	63000.000
4411	55	55000.000
4412	63	63000.000
4413	62	62000.000
4414	58	58000.000
4415	66	66000.000
4416	59	59000.000
4417	60	60000.000
4418	66	66000.000
4419	59	59000.000
4420	69	69000.000
4421	73	73000.000
4422	64	64000.000
4423	62	62000.000
4424	80	80000.000
4425	63	63000.000
4426	66	66000.000
4427	69	69000.000
4428	71	71000.000
4429	69	69000.000
4430	65	65000.000
4431	68	68000.000
4432	55	55000.000
4433	48	48000.000
4434	65	65000.000
4435	58	58000.000
4436	60	60000.000
4437	59	59000.000
4438	59	59000.000
4439	70	70000.000
4440	66	66000.000
4441	66	66000.000
4442	60	60000.000
4443	63	63000.000
4444	59	59000.000
4445	45	45000.000
4446	58	58000.000
4447	62	62000.000
4448	74	74000.000
4449	63	63000.000
4450	69	69000.000
4451	70	70000.000
4452	63	63000.000
4453	72	72000.000
4454	62	62000.000
4455	61	61000.000
4456	58	58000.000
4457	78	78000.000
4458	52	52000.000
4459	72	72000.000
4460	72	72000.000
4461	57	57000.000
4462	51	51000.000
4463	69	69000.000
4464	76	76000.000
4465	60	60000.000
4466	67	67000.000
4467	67	67000.000
4468	54	54000.000
4469	84	84000.000
4470	57	57000.000
4471	48	48000.000
4472	69	69000.000
4473	66	66000.000
4474	56	56000.000
4475	58	58000.000
4476	61	61000.000
4477	68	68000.000
4478	50	50000.000
4479	62	62000.000
4480	57	57000.000
4481	67	67000.000
4482	56	56000.000
4483	69	69000.000
4484	43	43000.000
4485	53	53000.000
4486	54	54000.000
4487	58	58000.000
4488	82	82000.000
4489	65	65000.000
4490	91	91000.000
4491	62	62000.000
4492	72	72000.000
4493	48	48000.000
4494	68	68000.000
4495	67	67000.000
4496	58	58000.000
4497	51	51000.000
4498	56	56000.000
4499	79	79000.000
4500	63	63000.000
4501	60	60000.000
4502	62	62000.000
4503	61	61000.000
4504	49	49000.000
4505	67	67000.000
4506	77	77000.000
4507	64	64000.000
4508	61	61000.000
4509	64	64000.000
4510	61	61000.000
4511	71	71000.000
4512	67	67000.000
4513	55	55000.000
4514	54	54000.000
4515	66	66000.000
4516	69	69000.000
4517	69	69000.000
4518	69	69000.000
4519	57	57000.000
4520	56	56000.000
4521	61	61000.000
4522	73	73000.000
4523	62	62000.000
4524	51	51000.000
4525	57	57000.000
4526	70	70000.000
4527	81	81000.000
4528	61	61000.000
4529	44	44000.000
4530	72	72000.000
4531	59	59000.000
4532	57	57000.000
4533	67	67000.000
4534	67	67000.000
4535	58	58000.000
4536	53	53000.000
4537	58	58000.000
4538	59	59000.000
4539	64	64000.000
4540	62	62000.000
4541	54	54000.000
4542	52	52000.000
4543	69	69000.000
4544	53	53000.000
4545	78	78000.000
4546	66	66000.000
4547	57	57000.000
4548	70	70000.000
4549	52	52000.000
4550	37	37000.000
4551	57	57000.000
4552	63	63000.000
4553	73	73000.000
4554	59	59000.000
4555	56	56000.000
4556	67	67000.000
4557	57	57000.000
4558	72	72000.000
4559	71	71000.000
4560	57	57000.000
4561	70	70000.000
4562	61	61000.000
4563	78	78000.000
4564	48	48000.000
4565	71	71000.000
4566	67	67000.000
4567	65	65000.000
4568	67	67000.000
4569	55	55000.000
4570	57	57000.000
4571	56	56000.000
4572	60	60000.000
4573	68	68000.000
4574	43	43000.000
4575	53	53000.000
4576	63	63000.000
4577	56	56000.000
4578	60	60000.000
4579	41	41000.000
4580	73	73000.000
4581	79	79000.000
4582	60	60000.000
4583	54	54000.000
4584	56	56000.000
4585	64	64000.000
4586	56	56000.000
4587	72	72000.000
4588	70	70000.000
4589	53	53000.000
4590	59	59000.000
4591	66	66000.000
4592	60	60000.000
4593	74	74000.000
4594	73	73000.000
4595	63	63000.000
4596	80	80000.000
4597	50	50000.000
4598	54	54000.000
4599	77	77000.000
4600	68	68000.000
4601	71	71000.000
4602	66	66000.000
4603	52	52000.000
4604	67	67000.000
4605	53	53000.000
4606	61	61000.000
4607	81	81000.000
4608	55	55000.000
4609	57	57000.000
4610	52	52000.000
4611	53	53000.000
4612	64	64000.000
4613	73	73000.000
4614	70	70000.000
4615	65	65000.000
4616	53	53000.000
4617	61	61000.000
4618	64	64000.000
4619	72	72000.000
4620	69	69000.000
4621	64	64000.000
4622	64	64000.000
4623	74	74000.000
4624	70	70000.000
4625	57	57000.000
4626	56	56000.000
4627	69	69000.000
4628	65	65000.000
4629	59	59000.000
4630	61	61000.000
4631	73	73000.000
4632	70	70000.000
4633	56	56000.000
4634	60	60000.000
4635	65	65000.000
4636	69	69000.000
4637	64	64000.000
4638	75	75000.000
4639	69	69000.000
4640	51	51000.000
4641	73	73000.000
4642	64	64000.000
4643	63	63000.000
4644	66	66000.000
4645	69	69000.000
4646	68	68000.000
4647	61	61000.000
4648	58	58000.000
4649	70	70000.000
4650	68	68000.000
4651	62	62000.000
4652	60	60000.000
4653	58	58000.000
4654	63	63000.000
4655	72	72000.000
4656	69	69000.000
4657	64	64000.000
4658	73	73000.000
4659	79	79000.000
4660	68	68000.000
4661	61	61000.000
4662	58	58000.000
4663	49	49000.000
4664	64	64000.000
4665	54	54000.000
4666	75	75000.000
4667	72	72000.000
4668	73	73000.000
4669	68	68000.000
4670	54	54000.000
4671	71	71000.000
4672	62	62000.000
4673	50	50000.000
4674	62	62000.000
4675	72	72000.000
4676	51	51000.000
4677	57	57000.000
4678	52	52000.000
4679	71	71000.000
4680	70	70000.000
4681	60	60000.000
4682	63	63000.000
4683	71	71000.000
4684	56	56000.000
4685	61	61000.000
4686	63	63000.000
4687	51	51000.000
4688	61	61000.000
4689	60	60000.000
4690	48	48000.000
4691	65	65000.000
4692	53	53000.000
4693	75	75000.000
4694	66	66000.000
4695	69	69000.000
4696	65	65000.000
4697	61	61000.000
4698	69	69000.000
4699	67	67000.000
4700	57	57000.000
4701	67	67000.000
4702	59	59000.000
4703	68	68000.000
4704	52	52000.000
4705	67	67000.000
4706	63	63000.000
4707	75	75000.000
4708	57	57000.000
4709	58	58000.000
4710	59	59000.000
4711	65	65000.000
4712	60	60000.000
4713	65	65000.000
4714	42	42000.000
4715	49	49000.000
4716	68	68000.000
4717	69	69000.000
4718	67	67000.000
4719	79	79000.000
4720	62	62000.000
4721	68	68000.000
4722	62	62000.000
4723	62	62000.000
4724	80	80000.000
4725	66	66000.000
4726	68	68000.000
4727	55	55000.000
4728	56	56000.000
4729	49	49000.000
4730	62	62000.000
4731	72	72000.000
4732	49	49000.000
4733	58	58000.000
4734	85	85000.000
4735	72	72000.000
4736	53	53000.000
4737	69	69000.000
4738	61	61000.000
4739	49	49000.000
4740	71	71000.000
4741	59	59000.000
4742	61	61000.000
4743	69	69000.000
4744	52	52000.000
4745	84	84000.000
4746	73	73000.000
4747	57	57000.000
4748	56	56000.000
4749	52	52000.000
4750	58	58000.000
4751	56	56000.000
4752	62	62000.000
4753	65	65000.000
4754	69	69000.000
4755	62	62000.000
4756	64	64000.000
4757	53	53000.000
4758	70	70000.000
4759	64	64000.000
4760	48	48000.000
4761	62	62000.000
4762	63	63000.000
4763	63	63000.000
4764	65	65000.000
4765	59	59000.000
4766	63	63000.000
4767	66	66000.000
4768	73	73000.000
4769	62	62000.000
4770	67	67000.000
4771	48	48000.000
4772	76	76000.000
4773	72	72000.000
4774	58	58000.000
4775	67	67000.000
4776	61	61000.000
4777	65	65000.000
4778	62	62000.000
4779	50	50000.000
4780	68	68000.000
4781	57	57000.000
4782	68	68000.000
4783	68	68000.000
4784	63	63000.000
4785	62	62000.000
4786	60	60000.000
4787	85	85000.000
4788	60	60000.000
4789	77	77000.000
4790	61	61000.000
4791	70	70000.000
4792	65	65000.000
4793	62	62000.000
4794	66	66000.000
4795	65	65000.000
4796	77	77000.000
4797	58	58000.000
4798	75	75000.000
4799	60	60000.000
4800	61	61000.000
4801	65	65000.000
4802	64	64000.000
4803	60	60000.000
4804	67	67000.000
4805	55	55000.000
4806	63	63000.000
4807	60	60000.000
4808	68	68000.000
4809	56	56000.000
4810	63	63000.000
4811	73	73000.000
4812	73	73000.000
4813	69	69000.000
4814	73	73000.000
4815	65	65000.000
4816	64	64000.000
4817	50	50000.000
4818	69	69000.000
4819	42	42000.000
4820	72	72000.000
4821	60	60000.000
4822	54	54000.000
4823	63	63000.000
4824	61	61000.000
4825	69	69000.000
4826	67	67000.000
4827	56	56000.000
4828	84	84000.000
4829	63	63000.000
4830	70	70000.000
4831	66	66000.000
4832	75	75000.000
4833	52	52000.000
4834	73	73000.000
4835	70	70000.000
4836	65	65000.000
4837	77	77000.000
4838	79	79000.000
4839	60	60000.000
4840	55	55000.000
4841	73	73000.000
4842	59	59000.000
4843	81	81000.000
4844	66	66000.000
4845	74	74000.000
4846	72	72000.000
4847	59	59000.000
4848	64	64000.000
4849	67	67000.000
4850	61	61000.000
4851	63	63000.000
4852	79	79000.000
4853	75	75000.000
4854	67	67000.000
4855	52	52000.000
4856	60	60000.000
4857	53	53000.000
4858	61	61000.000
4859	72	72000.000
4860	65	65000.000
4861	67	67000.000
4862	64	64000.000
4863	59	59000.000
4864	65	65000.000
4865	71	71000.000
4866	64	64000.000
4867	65	65000.000
4868	73	73000.000
4869	57	57000.000
4870	67	67000.000
4871	56	56000.000
4872	51	51000.000
4873	56	56000.000
4874	53	53000.000
4875	67	67000.000
4876	62	62000.000
4877	71	71000.000
4878	58	58000.000
4879	67	67000.000
4880	66	66000.000
4881	54	54000.000
4882	62	62000.000
4883	68	68000.000
4884	60	60000.000
4885	57	57000.000
4886	67	67000.000
4887	75	75000.000
4888	78	78000.000
4889	57	57000.000
4890	63	63000.000
4891	62	62000.000
4892	55	55000.000
4893	61	61000.000
4894	61	61000.000
4895	78	78000.000
4896	69	69000.000
4897	57	57000.000
4898	63	63000.000
4899	65	65000.000
4900	62	62000.000
4901	56	56000.000
4902	75	75000.000
4903	73	73000.000
4904	61	61000.000
4905	74	74000.000
4906	63	63000.000
4907	54	54000.000
4908	69	69000.000
4909	65	65000.000
4910	56	56000.000
4911	61	61000.000
4912	67	67000.000
4913	65	65000.000
4914	70	70000.000
4915	55	55000.000
4916	61	61000.000
4917	65	65000.000
4918	68	68000.000
4919	58	58000.000
4920	40	40000.000
4921	61	61000.000
4922	61	61000.000
4923	44	44000.000
4924	64	64000.000
4925	60	60000.000
4926	59	59000.000
4927	64	64000.000
4928	58	58000.000
4929	61	61000.000
4930	79	79000.000
4931	62	62000.000
4932	55	55000.000
4933	86	86000.000
4934	54	54000.000
4935	66	66000.000
4936	81	81000.000
4937	66	66000.000
4938	53	53000.000
4939	55	55000.000
4940	58	58000.000
4941	73	73000.000
4942	68	68000.000
4943	56	56000.000
4944	60	60000.000
4945	66	66000.000
4946	74	74000.000
4947	60	60000.000
4948	65	65000.000
4949	69	69000.000
4950	89	89000.000
4951	64	64000.000
4952	74	74000.000
4953	75	75000.000
4954	66	66000.000
4955	63	63000.000
4956	72	72000.000
4957	67	67000.000
4958	56	56000.000
4959	59	59000.000
4960	62	62000.000
4961	78	78000.000
4962	62	62000.000
4963	52	52000.000
4964	73	73000.000
4965	68	68000.000
4966	62	62000.000
4967	48	48000.000
4968	66	66000.000
4969	56	56000.000
4970	66	66000.000
4971	60	60000.000
4972	65	65000.000
4973	68	68000.000
4974	77	77000.000
4975	67	67000.000
4976	66	66000.000
4977	63	63000.000
4978	71	71000.000
4979	61	61000.000
4980	60	60000.000
4981	51	51000.000
4982	83	83000.000
4983	68	68000.000
4984	66	66000.000
4985	67	67000.000
4986	70	70000.000
4987	55	55000.000
4988	57	57000.000
4989	53	53000.000
4990	67	67000.000
4991	74	74000.000
4992	58	58000.000
4993	60	60000.000
4994	59	59000.000
4995	64	64000.000
4996	56	56000.000
4997	62	62000.000
4998	58	58000.000
4999	70	70000.000
5000	72	72000.000
5001	61	61000.000
5002	58	58000.000
5003	72	72000.000
5004	68	68000.000
5005	63	63000.000
5006	52	52000.000
5007	69	69000.000
5008	70	70000.000
5009	61	61000.000
5010	66	66000.000
5011	65	65000.000
5012	55	55000.000
5013	76	76000.000
5014	60	60000.000
5015	59	59000.000
5016	62	62000.000
5017	57	57000.000
5018	69	69000.000
5019	56	56000.000
5020	45	45000.000
5021	81	81000.000
5022	75	75000.000
5023	68	68000.000
5024	75	75000.000
5025	61	61000.000
5026	70	70000.000
5027	58	58000.000
5028	65	65000.000
5029	65	65000.000
5030	58	58000.000
5031	73	73000.000
5032	74	74000.000
5033	55	55000.000
5034	54	54000.000
5035	64	64000.000
5036	75	75000.000
5037	74	74000.000
5038	57	57000.000
5039	69	69000.000
5040	58	58000.000
5041	59	59000.000
5042	61	61000.000
5043	48	48000.000
5044	64	64000.000
5045	67	67000.000
5046	78	78000.000
5047	70	70000.000
5048	61	61000.000
5049	69	69000.000
5050	75	75000.000
5051	74	74000.000
5052	59	59000.000
5053	68	68000.000
5054	55	55000.000
5055	66	66000.000
5056	61	61000.000
5057	61	61000.000
5058	75	75000.000
5059	68	68000.000
5060	68	68000.000
5061	55	55000.000
5062	69	69000.000
5063	71	71000.000
5064	62	62000.000
5065	73	73000.000
5066	62	62000.000
5067	57	57000.000
5068	70	70000.000
5069	70	70000.000
5070	68	68000.000
5071	76	76000.000
5072	57	57000.000
5073	69	69000.000
5074	78	78000.000
5075	66	66000.000
5076	61	61000.000
5077	58	58000.000
5078	53	53000.000
5079	58	58000.000
5080	75	75000.000
5081	70	70000.000
5082	61	61000.000
5083	61	61000.000
5084	57	57000.000
5085	60	60000.000
5086	52	52000.000
5087	59	59000.000
5088	84	84000.000
5089	62	62000.000
5090	82	82000.000
5091	58	58000.000
5092	56	56000.000
5093	59	59000.000
5094	51	51000.000
5095	65	65000.000
5096	68	68000.000
5097	69	69000.000
5098	73	73000.000
5099	66	66000.000
5100	69	69000.000
5101	67	67000.000
5102	85	85000.000
5103	66	66000.000
5104	54	54000.000
5105	59	59000.000
5106	59	59000.000
5107	66	66000.000
5108	76	76000.000
5109	67	67000.000
5110	81	81000.000
5111	59	59000.000
5112	69	69000.000
5113	60	60000.000
5114	71	71000.000
5115	61	61000.000
5116	70	70000.000
5117	68	68000.000
5118	57	57000.000
5119	59	59000.000
5120	62	62000.000
5121	60	60000.000
5122	56	56000.000
5123	56	56000.000
5124	79	79000.000
5125	73	73000.000
5126	66	66000.000
5127	46	46000.000
5128	68	68000.000
5129	67	67000.000
5130	50	50000.000
5131	43	43000.000
5132	63	63000.000
5133	71	71000.000
5134	65	65000.000
5135	74	74000.000
5136	67	67000.000
5137	73	73000.000
5138	54	54000.000
5139	59	59000.000
5140	61	61000.000
5141	56	56000.000
5142	66	66000.000
5143	65	65000.000
5144	63	63000.000
5145	57	57000.000
5146	66	66000.000
5147	72	72000.000
5148	60	60000.000
5149	53	53000.000
5150	60	60000.000
5151	57	57000.000
5152	52	52000.000
5153	65	65000.000
5154	76	76000.000
5155	60	60000.000
5156	64	64000.000
5157	63	63000.000
5158	61	61000.000
5159	75	75000.000
5160	67	67000.000
5161	57	57000.000
5162	64	64000.000
5163	65	65000.000
5164	60	60000.000
5165	64	64000.000
5166	57	57000.000
5167	78	78000.000
5168	72	72000.000
5169	67	67000.000
5170	58	58000.000
5171	57	57000.000
5172	65	65000.000
5173	61	61000.000
5174	63	63000.000
5175	73	73000.000
5176	77	77000.000
5177	66	66000.000
5178	69	69000.000
5179	77	77000.000
5180	73	73000.000
5181	66	66000.000
5182	75	75000.000
5183	52	52000.000
5184	63	63000.000
5185	61	61000.000
5186	56	56000.000
5187	76	76000.000
5188	68	68000.000
5189	68	68000.000
5190	52	52000.000
5191	58	58000.000
5192	54	54000.000
5193	60	60000.000
5194	66	66000.000
5195	78	78000.000
5196	56	56000.000
5197	61	61000.000
5198	78	78000.000
5199	52	52000.000
5200	53	53000.000
5201	60	60000.000
5202	67	67000.000
5203	59	59000.000
5204	61	61000.000
5205	54	54000.000
5206	55	55000.000
5207	39	39000.000
5208	47	47000.000
5209	75	75000.000
5210	66	66000.000
5211	65	65000.000
5212	68	68000.000
5213	68	68000.000
5214	62	62000.000
5215	58	58000.000
5216	66	66000.000
5217	57	57000.000
5218	63	63000.000
5219	69	69000.000
5220	48	48000.000
5221	66	66000.000
5222	77	77000.000
5223	77	77000.000
5224	53	53000.000
5225	71	71000.000
5226	61	61000.000
5227	63	63000.000
5228	59	59000.000
5229	62	62000.000
5230	68	68000.000
5231	78	78000.000
5232	64	64000.000
5233	61	61000.000
5234	71	71000.000
5235	60	60000.000
5236	71	71000.000
5237	72	72000.000
5238	72	72000.000
5239	72	72000.000
5240	73	73000.000
5241	65	65000.000
5242	65	65000.000
5243	57	57000.000
5244	44	44000.000
5245	69	69000.000
5246	78	78000.000
5247	61	61000.000
5248	60	60000.000
5249	67	67000.000
5250	73	73000.000
5251	72	72000.000
5252	59	59000.000
5253	74	74000.000
5254	67	67000.000
5255	68	68000.000
5256	66	66000.000
5257	54	54000.000
5258	65	65000.000
5259	60	60000.000
5260	70	70000.000
5261	66	66000.000
5262	69	69000.000
5263	73	73000.000
5264	78	78000.000
5265	55	55000.000
5266	61	61000.000
5267	61	61000.000
5268	49	49000.000
5269	58	58000.000
5270	60	60000.000
5271	62	62000.000
5272	68	68000.000
5273	58	58000.000
5274	51	51000.000
5275	72	72000.000
5276	75	75000.000
5277	69	69000.000
5278	82	82000.000
5279	60	60000.000
5280	45	45000.000
5281	60	60000.000
5282	57	57000.000
5283	68	68000.000
5284	56	56000.000
5285	71	71000.000
5286	69	69000.000
5287	68	68000.000
5288	64	64000.000
5289	62	62000.000
5290	58	58000.000
5291	50	50000.000
5292	67	67000.000
5293	48	48000.000
5294	50	50000.000
5295	77	77000.000
5296	60	60000.000
5297	61	61000.000
5298	56	56000.000
5299	82	82000.000
5300	53	53000.000
5301	78	78000.000
5302	64	64000.000
5303	78	78000.000
5304	69	69000.000
5305	81	81000.000
5306	66	66000.000
5307	69	69000.000
5308	66	66000.000
5309	54	54000.000
5310	72	72000.000
5311	82	82000.000
5312	57	57000.000
5313	65	65000.000
5314	61	61000.000
5315	60	60000.000
5316	73	73000.000
5317	68	68000.000
5318	63	63000.000
5319	58	58000.000
5320	64	64000.000
5321	68	68000.000
5322	59	59000.000
5323	52	52000.000
5324	60	60000.000
5325	68	68000.000
5326	73	73000.000
5327	71	71000.000
5328	58	58000.000
5329	61	61000.000
5330	60	60000.000
5331	69	69000.000
5332	56	56000.000
5333	54	54000.000
5334	63	63000.000
5335	72	72000.000
5336	66	66000.000
5337	58	58000.000
5338	61	61000.000
5339	71	71000.000
5340	61	61000.000
5341	71	71000.000
5342	61	61000.000
5343	68	68000.000
5344	75	75000.000
5345	66	66000.000
5346	65	65000.000
5347	65	65000.000
5348	80	80000.000
5349	64	64000.000
5350	80	80000.000
5351	75	75000.000
5352	60	60000.000
5353	78	78000.000
5354	49	49000.000
5355	73	73000.000
5356	64	64000.000
5357	56	56000.000
5358	70	70000.000
5359	66	66000.000
5360	76	76000.000
5361	60	60000.000
5362	59	59000.000
5363	67	67000.000
5364	44	44000.000
5365	76	76000.000
5366	61	61000.000
5367	63	63000.000
5368	53	53000.000
5369	68	68000.000
5370	60	60000.000
5371	74	74000.000
5372	62	62000.000
5373	72	72000.000
5374	64	64000.000
5375	66	66000.000
5376	55	55000.000
5377	70	70000.000
5378	55	55000.000
5379	58	58000.000
5380	59	59000.000
5381	70	70000.000
5382	68	68000.000
5383	61	61000.000
5384	75	75000.000
5385	45	45000.000
5386	55	55000.000
5387	62	62000.000
5388	74	74000.000
5389	81	81000.000
5390	58	58000.000
5391	66	66000.000
5392	73	73000.000
5393	66	66000.000
5394	68	68000.000
5395	60	60000.000
5396	66	66000.000
5397	56	56000.000
5398	62	62000.000
5399	55	55000.000
5400	52	52000.000
5401	77	77000.000
5402	67	67000.000
5403	60	60000.000
5404	73	73000.000
5405	65	65000.000
5406	60	60000.000
5407	49	49000.000
5408	69	69000.000
5409	72	72000.000
5410	54	54000.000
5411	58	58000.000
5412	59	59000.000
5413	67	67000.000
5414	63	63000.000
5415	57	57000.000
5416	72	72000.000
5417	73	73000.000
5418	78	78000.000
5419	69	69000.000
5420	78	78000.000
5421	64	64000.000
5422	73	73000.000
5423	67	67000.000
5424	70	70000.000
5425	65	65000.000
5426	71	71000.000
5427	60	60000.000
5428	59	59000.000
5429	77	77000.000
5430	66	66000.000
5431	69	69000.000
5432	61	61000.000
5433	70	70000.000
5434	80	80000.000
5435	65	65000.000
5436	55	55000.000
5437	58	58000.000
5438	57	57000.000
5439	59	59000.000
5440	72	72000.000
5441	66	66000.000
5442	65	65000.000
5443	65	65000.000
5444	66	66000.000
5445	83	83000.000
5446	70	70000.000
5447	68	68000.000
5448	52	52000.000
5449	64	64000.000
5450	51	51000.000
5451	63	63000.000
5452	51	51000.000
5453	67	67000.000
5454	63	63000.000
5455	54	54000.000
5456	57	57000.000
5457	56	56000.000
5458	56	56000.000
5459	70	70000.000
5460	61	61000.000
5461	68	68000.000
5462	49	49000.000
5463	63	63000.000
5464	67	67000.000
5465	68	68000.000
5466	66	66000.000
5467	75	75000.000
5468	67	67000.000
5469	68	68000.000
5470	57	57000.000
5471	63	63000.000
5472	64	64000.000
5473	72	72000.000
5474	61	61000.000
5475	64	64000.000
5476	66	66000.000
5477	74	74000.000
5478	70	70000.000
5479	49	49000.000
5480	63	63000.000
5481	55	55000.000
5482	75	75000.000
5483	65	65000.000
5484	66	66000.000
5485	75	75000.000
5486	53	53000.000
5487	71	71000.000
5488	56	56000.000
5489	78	78000.000
5490	69	69000.000
5491	64	64000.000
5492	72	72000.000
5493	60	60000.000
5494	75	75000.000
5495	68	68000.000
5496	58	58000.000
5497	68	68000.000
5498	58	58000.000
5499	60	60000.000
5500	57	57000.000
5501	65	65000.000
5502	63	63000.000
5503	69	69000.000
5504	56	56000.000
5505	63	63000.000
5506	56	56000.000
5507	51	51000.000
5508	71	71000.000
5509	71	71000.000
5510	63	63000.000
5511	80	80000.000
5512	70	70000.000
5513	62	62000.000
5514	65	65000.000
5515	60	60000.000
5516	52	52000.000
5517	71	71000.000
5518	63	63000.000
5519	80	80000.000
5520	64	64000.000
5521	65	65000.000
5522	56	56000.000
5523	62	62000.000
5524	48	48000.000
5525	56	56000.000
5526	64	64000.000
5527	53	53000.000
5528	66	66000.000
5529	48	48000.000
5530	59	59000.000
5531	61	61000.000
5532	62	62000.000
5533	68	68000.000
5534	59	59000.000
5535	56	56000.000
5536	55	55000.000
5537	62	62000.000
5538	72	72000.000
5539	72	72000.000
5540	63	63000.000
5541	75	75000.000
5542	72	72000.000
5543	71	71000.000
5544	68	68000.000
5545	75	75000.000
5546	66	66000.000
5547	69	69000.000
5548	59	59000.000
5549	56	56000.000
5550	59	59000.000
5551	60	60000.000
5552	62	62000.000
5553	69	69000.000
5554	60	60000.000
5555	73	73000.000
5556	50	50000.000
5557	53	53000.000
5558	60	60000.000
5559	68	68000.000
5560	59	59000.000
5561	67	67000.000
5562	74	74000.000
5563	66	66000.000
5564	60	60000.000
5565	73	73000.000
5566	77	77000.000
5567	65	65000.000
5568	62	62000.000
5569	83	83000.000
5570	55	55000.000
5571	52	52000.000
5572	61	61000.000
5573	55	55000.000
5574	65	65000.000
5575	64	64000.000
5576	64	64000.000
5577	67	67000.000
5578	67	67000.000
5579	84	84000.000
5580	60	60000.000
5581	59	59000.000
5582	54	54000.000
5583	64	64000.000
5584	81	81000.000
5585	72	72000.000
5586	50	50000.000
5587	52	52000.000
5588	68	68000.000
5589	67	67000.000
5590	59	59000.000
5591	68	68000.000
5592	66	66000.000
5593	56	56000.000
5594	49	49000.000
5595	48	48000.000
5596	72	72000.000
5597	70	70000.000
5598	66	66000.000
5599	60	60000.000
5600	68	68000.000
5601	63	63000.000
5602	62	62000.000
5603	56	56000.000
5604	72	72000.000
5605	53	53000.000
5606	55	55000.000
5607	69	69000.000
5608	49	49000.000
5609	65	65000.000
5610	61	61000.000
5611	68	68000.000
5612	72	72000.000
5613	62	62000.000
5614	64	64000.000
5615	62	62000.000
5616	67	67000.000
5617	61	61000.000
5618	68	68000.000
5619	62	62000.000
5620	72	72000.000
5621	65	65000.000
5622	58	58000.000
5623	69	69000.000
5624	64	64000.000
5625	67	67000.000
5626	56	56000.000
5627	60	60000.000
5628	58	58000.000
5629	70	70000.000
5630	65	65000.000
5631	76	76000.000
5632	63	63000.000
5633	48	48000.000
5634	66	66000.000
5635	62	62000.000
5636	76	76000.000
5637	73	73000.000
5638	77	77000.000
5639	75	75000.000
5640	70	70000.000
5641	66	66000.000
5642	62	62000.000
5643	72	72000.000
5644	56	56000.000
5645	53	53000.000
5646	60	60000.000
5647	72	72000.000
5648	83	83000.000
5649	63	63000.000
5650	71	71000.000
5651	67	67000.000
5652	78	78000.000
5653	62	62000.000
5654	52	52000.000
5655	61	61000.000
5656	59	59000.000
5657	75	75000.000
5658	63	63000.000
5659	52	52000.000
5660	68	68000.000
5661	73	73000.000
5662	74	74000.000
5663	74	74000.000
5664	62	62000.000
5665	76	76000.000
5666	59	59000.000
5667	53	53000.000
5668	64	64000.000
5669	50	50000.000
5670	71	71000.000
5671	67	67000.000
5672	62	62000.000
5673	62	62000.000
5674	49	49000.000
5675	79	79000.000
5676	74	74000.000
5677	86	86000.000
5678	68	68000.000
5679	59	59000.000
5680	62	62000.000
5681	61	61000.000
5682	66	66000.000
5683	70	70000.000
5684	60	60000.000
5685	58	58000.000
5686	57	57000.000
5687	59	59000.000
5688	64	64000.000
5689	69	69000.000
5690	72	72000.000
5691	55	55000.000
5692	61	61000.000
5693	75	75000.000
5694	67	67000.000
5695	62	62000.000
5696	74	74000.000
5697	67	67000.000
5698	56	56000.000
5699	52	52000.000
5700	78	78000.000
5701	67	67000.000
5702	52	52000.000
5703	68	68000.000
5704	48	48000.000
5705	76	76000.000
5706	62	62000.000
5707	61	61000.000
5708	79	79000.000
5709	73	73000.000
5710	54	54000.000
5711	64	64000.000
5712	62	62000.000
5713	44	44000.000
5714	58	58000.000
5715	63	63000.000
5716	62	62000.000
5717	68	68000.000
5718	74	74000.000
5719	76	76000.000
5720	68	68000.000
5721	73	73000.000
5722	67	67000.000
5723	54	54000.000
5724	69	69000.000
5725	58	58000.000
5726	58	58000.000
5727	52	52000.000
5728	67	67000.000
5729	73	73000.000
5730	54	54000.000
5731	54	54000.000
5732	79	79000.000
5733	62	62000.000
5734	64	64000.000
5735	59	59000.000
5736	59	59000.000
5737	57	57000.000
5738	83	83000.000
5739	69	69000.000
5740	68	68000.000
5741	53	53000.000
5742	60	60000.000
5743	61	61000.000
5744	82	82000.000
5745	68	68000.000
5746	78	78000.000
5747	57	57000.000
5748	54	54000.000
5749	64	64000.000
5750	80	80000.000
5751	53	53000.000
5752	54	54000.000
5753	62	62000.000
5754	64	64000.000
5755	67	67000.000
5756	58	58000.000
5757	61	61000.000
5758	67	67000.000
5759	56	56000.000
5760	48	48000.000
5761	68	68000.000
5762	66	66000.000
5763	69	69000.000
5764	64	64000.000
5765	66	66000.000
5766	76	76000.000
5767	71	71000.000
5768	78	78000.000
5769	63	63000.000
5770	66	66000.000
5771	65	65000.000
5772	43	43000.000
5773	62	62000.000
5774	64	64000.000
5775	55	55000.000
5776	57	57000.000
5777	79	79000.000
5778	79	79000.000
5779	66	66000.000
5780	56	56000.000
5781	59	59000.000
5782	78	78000.000
5783	63	63000.000
5784	49	49000.000
5785	52	52000.000
5786	77	77000.000
5787	78	78000.000
5788	73	73000.000
5789	64	64000.000
5790	66	66000.000
5791	58	58000.000
5792	76	76000.000
5793	67	67000.000
5794	64	64000.000
5795	56	56000.000
5796	64	64000.000
5797	62	62000.000
5798	53	53000.000
5799	64	64000.000
5800	56	56000.000
5801	70	70000.000
5802	65	65000.000
5803	72	72000.000
5804	56	56000.000
5805	61	61000.000
5806	59	59000.000
5807	79	79000.000
5808	51	51000.000
5809	71	71000.000
5810	61	61000.000
5811	75	75000.000
5812	68	68000.000
5813	57	57000.000
5814	58	58000.000
5815	70	70000.000
5816	56	56000.000
5817	63	63000.000
5818	56	56000.000
5819	70	70000.000
5820	80	80000.000
5821	57	57000.000
5822	77	77000.000
5823	48	48000.000
5824	67	67000.000
5825	69	69000.000
5826	54	54000.000
5827	71	71000.000
5828	58	58000.000
5829	61	61000.000
5830	49	49000.000
5831	73	73000.000
5832	81	81000.000
5833	60	60000.000
5834	60	60000.000
5835	66	66000.000
5836	54	54000.000
5837	53	53000.000
5838	70	70000.000
5839	67	67000.000
5840	49	49000.000
5841	55	55000.000
5842	51	51000.000
5843	55	55000.000
5844	70	70000.000
5845	55	55000.000
5846	57	57000.000
5847	56	56000.000
5848	59	59000.000
5849	69	69000.000
5850	64	64000.000
5851	47	47000.000
5852	69	69000.000
5853	70	70000.000
5854	63	63000.000
5855	60	60000.000
5856	54	54000.000
5857	53	53000.000
5858	67	67000.000
5859	63	63000.000
5860	70	70000.000
5861	60	60000.000
5862	72	72000.000
5863	66	66000.000
5864	71	71000.000
5865	62	62000.000
5866	69	69000.000
5867	68	68000.000
5868	74	74000.000
5869	55	55000.000
5870	48	48000.000
5871	60	60000.000
5872	65	65000.000
5873	70	70000.000
5874	66	66000.000
5875	70	70000.000
5876	62	62000.000
5877	68	68000.000
5878	62	62000.000
5879	65	65000.000
5880	67	67000.000
5881	51	51000.000
5882	66	66000.000
5883	52	52000.000
5884	80	80000.000
5885	63	63000.000
5886	54	54000.000
5887	69	69000.000
5888	61	61000.000
5889	55	55000.000
5890	60	60000.000
5891	60	60000.000
5892	71	71000.000
5893	68	68000.000
5894	61	61000.000
5895	83	83000.000
5896	59	59000.000
5897	67	67000.000
5898	79	79000.000
5899	70	70000.000
5900	63	63000.000
5901	55	55000.000
5902	57	57000.000
5903	60	60000.000
5904	74	74000.000
5905	65	65000.000
5906	56	56000.000
5907	72	72000.000
5908	64	64000.000
5909	68	68000.000
5910	63	63000.000
5911	48	48000.000
5912	76	76000.000
5913	56	56000.000
5914	69	69000.000
5915	75	75000.000
5916	54	54000.000
5917	57	57000.000
5918	61	61000.000
5919	77	77000.000
5920	58	58000.000
5921	59	59000.000
5922	84	84000.000
5923	62	62000.000
5924	59	59000.000
5925	73	73000.000
5926	56	56000.000
5927	69	69000.000
5928	72	72000.000
5929	54	54000.000
5930	81	81000.000
5931	69	69000.000
5932	72	72000.000
5933	60	60000.000
5934	41	41000.000
5935	55	55000.000
5936	68	68000.000
5937	63	63000.000
5938	60	60000.000
5939	67	67000.000
5940	57	57000.000
5941	58	58000.000
5942	65	65000.000
5943	60	60000.000
5944	50	50000.000
5945	53	53000.000
5946	72	72000.000
5947	62	62000.000
5948	60	60000.000
5949	41	41000.000
5950	69	69000.000
5951	56	56000.000
5952	65	65000.000
5953	76	76000.000
5954	56	56000.000
5955	62	62000.000
5956	65	65000.000
5957	58	58000.000
5958	60	60000.000
5959	70	70000.000
5960	61	61000.000
5961	64	64000.000
5962	57	57000.000
5963	77	77000.000
5964	83	83000.000
5965	66	66000.000
5966	73	73000.000
5967	63	63000.000
5968	75	75000.000
5969	70	70000.000
5970	65	65000.000
5971	69	69000.000
5972	57	57000.000
5973	67	67000.000
5974	54	54000.000
5975	59	59000.000
5976	61	61000.000
5977	56	56000.000
5978	51	51000.000
5979	69	69000.000
5980	62	62000.000
5981	60	60000.000
5982	61	61000.000
5983	87	87000.000
5984	54	54000.000
5985	59	59000.000
5986	63	63000.000
5987	53	53000.000
5988	73	73000.000
5989	79	79000.000
5990	55	55000.000
5991	74	74000.000
5992	69	69000.000
5993	62	62000.000
5994	61	61000.000
5995	64	64000.000
5996	71	71000.000
5997	78	78000.000
5998	58	58000.000
5999	68	68000.000
6000	71	71000.000
6001	55	55000.000
6002	63	63000.000
6003	60	60000.000
6004	63	63000.000
6005	71	71000.000
6006	68	68000.000
6007	62	62000.000
6008	64	64000.000
6009	56	56000.000
6010	55	55000.000
6011	69	69000.000
6012	61	61000.000
6013	84	84000.000
6014	74	74000.000
6015	72	72000.000
6016	59	59000.000
6017	60	60000.000
6018	66	66000.000
6019	78	78000.000
6020	67	67000.000
6021	61	61000.000
6022	68	68000.000
6023	59	59000.000
6024	62	62000.000
6025	55	55000.000
6026	56	56000.000
6027	59	59000.000
6028	65	65000.000
6029	61	61000.000
6030	65	65000.000
6031	57	57000.000
6032	74	74000.000
6033	52	52000.000
6034	62	62000.000
6035	56	56000.000
6036	70	70000.000
6037	59	59000.000
6038	71	71000.000
6039	53	53000.000
6040	66	66000.000
6041	68	68000.000
6042	53	53000.000
6043	58	58000.000
6044	68	68000.000
6045	49	49000.000
6046	60	60000.000
6047	58	58000.000
6048	59	59000.000
6049	62	62000.000
6050	64	64000.000
6051	56	56000.000
6052	70	70000.000
6053	65	65000.000
6054	59	59000.000
6055	67	67000.000
6056	62	62000.000
6057	58	58000.000
6058	72	72000.000
6059	73	73000.000
6060	64	64000.000
6061	63	63000.000
6062	79	79000.000
6063	72	72000.000
6064	60	60000.000
6065	65	65000.000
6066	71	71000.000
6067	55	55000.000
6068	65	65000.000
6069	65	65000.000
6070	81	81000.000
6071	62	62000.000
6072	70	70000.000
6073	56	56000.000
6074	73	73000.000
6075	64	64000.000
6076	62	62000.000
6077	60	60000.000
6078	64	64000.000
6079	55	55000.000
6080	74	74000.000
6081	71	71000.000
6082	60	60000.000
6083	67	67000.000
6084	59	59000.000
6085	70	70000.000
6086	55	55000.000
6087	54	54000.000
6088	64	64000.000
6089	52	52000.000
6090	48	48000.000
6091	60	60000.000
6092	64	64000.000
6093	56	56000.000
6094	59	59000.000
6095	72	72000.000
6096	52	52000.000
6097	65	65000.000
6098	65	65000.000
6099	51	51000.000
6100	57	57000.000
6101	54	54000.000
6102	56	56000.000
6103	56	56000.000
6104	76	76000.000
6105	57	57000.000
6106	63	63000.000
6107	67	67000.000
6108	69	69000.000
6109	71	71000.000
6110	61	61000.000
6111	58	58000.000
6112	55	55000.000
6113	71	71000.000
6114	64	64000.000
6115	54	54000.000
6116	57	57000.000
6117	67	67000.000
6118	68	68000.000
6119	66	66000.000
6120	58	58000.000
6121	77	77000.000
6122	66	66000.000
6123	54	54000.000
6124	74	74000.000
6125	56	56000.000
6126	75	75000.000
6127	59	59000.000
6128	79	79000.000
6129	63	63000.000
6130	63	63000.000
6131	71	71000.000
6132	64	64000.000
6133	72	72000.000
6134	74	74000.000
6135	68	68000.000
6136	66	66000.000
6137	65	65000.000
6138	61	61000.000
6139	60	60000.000
6140	53	53000.000
6141	57	57000.000
6142	79	79000.000
6143	64	64000.000
6144	68	68000.000
6145	57	57000.000
6146	56	56000.000
6147	68	68000.000
6148	69	69000.000
6149	74	74000.000
6150	54	54000.000
6151	61	61000.000
6152	55	55000.000
6153	67	67000.000
6154	79	79000.000
6155	54	54000.000
6156	66	66000.000
6157	60	60000.000
6158	55	55000.000
6159	56	56000.000
6160	62	62000.000
6161	71	71000.000
6162	67	67000.000
6163	63	63000.000
6164	80	80000.000
6165	75	75000.000
6166	56	56000.000
6167	62	62000.000
6168	61	61000.000
6169	57	57000.000
6170	67	67000.000
6171	57	57000.000
6172	49	49000.000
6173	67	67000.000
6174	62	62000.000
6175	58	58000.000
6176	52	52000.000
6177	66	66000.000
6178	70	70000.000
6179	55	55000.000
6180	59	59000.000
6181	85	85000.000
6182	80	80000.000
6183	53	53000.000
6184	56	56000.000
6185	68	68000.000
6186	56	56000.000
6187	54	54000.000
6188	70	70000.000
6189	61	61000.000
6190	71	71000.000
6191	64	64000.000
6192	54	54000.000
6193	54	54000.000
6194	55	55000.000
6195	62	62000.000
6196	49	49000.000
6197	59	59000.000
6198	64	64000.000
6199	69	69000.000
6200	64	64000.000
6201	64	64000.000
6202	68	68000.000
6203	69	69000.000
6204	56	56000.000
6205	59	59000.000
6206	75	75000.000
6207	65	65000.000
6208	64	64000.000
6209	62	62000.000
6210	66	66000.000
6211	59	59000.000
6212	82	82000.000
6213	62	62000.000
6214	58	58000.000
6215	48	48000.000
6216	57	57000.000
6217	74	74000.000
6218	57	57000.000
6219	57	57000.000
6220	59	59000.000
6221	64	64000.000
6222	66	66000.000
6223	65	65000.000
6224	71	71000.000
6225	71	71000.000
6226	78	78000.000
6227	74	74000.000
6228	71	71000.000
6229	56	56000.000
6230	66	66000.000
6231	80	80000.000
6232	57	57000.000
6233	48	48000.000
6234	66	66000.000
6235	72	72000.000
6236	75	75000.000
6237	66	66000.000
6238	48	48000.000
6239	62	62000.000
6240	75	75000.000
6241	48	48000.000
6242	64	64000.000
6243	67	67000.000
6244	60	60000.000
6245	49	49000.000
6246	75	75000.000
6247	60	60000.000
6248	57	57000.000
6249	58	58000.000
6250	87	87000.000
6251	53	53000.000
6252	48	48000.000
6253	76	76000.000
6254	68	68000.000
6255	59	59000.000
6256	54	54000.000
6257	70	70000.000
6258	60	60000.000
6259	55	55000.000
6260	66	66000.000
6261	58	58000.000
6262	64	64000.000
6263	65	65000.000
6264	59	59000.000
6265	77	77000.000
6266	57	57000.000
6267	62	62000.000
6268	71	71000.000
6269	55	55000.000
6270	65	65000.000
6271	66	66000.000
6272	61	61000.000
6273	77	77000.000
6274	65	65000.000
6275	68	68000.000
6276	74	74000.000
6277	66	66000.000
6278	65	65000.000
6279	58	58000.000
6280	52	52000.000
6281	49	49000.000
6282	57	57000.000
6283	66	66000.000
6284	57	57000.000
6285	71	71000.000
6286	60	60000.000
6287	58	58000.000
6288	71	71000.000
6289	55	55000.000
6290	56	56000.000
6291	45	45000.000
6292	64	64000.000
6293	62	62000.000
6294	55	55000.000
6295	53	53000.000
6296	54	54000.000
6297	73	73000.000
6298	60	60000.000
6299	67	67000.000
6300	62	62000.000
6301	57	57000.000
6302	69	69000.000
6303	55	55000.000
6304	64	64000.000
6305	51	51000.000
6306	61	61000.000
6307	62	62000.000
6308	69	69000.000
6309	66	66000.000
6310	65	65000.000
6311	55	55000.000
6312	78	78000.000
6313	59	59000.000
6314	69	69000.000
6315	67	67000.000
6316	75	75000.000
6317	63	63000.000
6318	66	66000.000
6319	61	61000.000
6320	65	65000.000
6321	56	56000.000
6322	73	73000.000
6323	54	54000.000
6324	66	66000.000
6325	61	61000.000
6326	67	67000.000
6327	71	71000.000
6328	77	77000.000
6329	61	61000.000
6330	69	69000.000
6331	55	55000.000
6332	69	69000.000
6333	52	52000.000
6334	64	64000.000
6335	63	63000.000
6336	58	58000.000
6337	66	66000.000
6338	81	81000.000
6339	55	55000.000
6340	59	59000.000
6341	65	65000.000
6342	77	77000.000
6343	85	85000.000
6344	48	48000.000
6345	56	56000.000
6346	50	50000.000
6347	74	74000.000
6348	73	73000.000
6349	77	77000.000
6350	67	67000.000
6351	71	71000.000
6352	60	60000.000
6353	46	46000.000
6354	49	49000.000
6355	54	54000.000
6356	52	52000.000
6357	70	70000.000
6358	63	63000.000
6359	67	67000.000
6360	58	58000.000
6361	65	65000.000
6362	52	52000.000
6363	60	60000.000
6364	63	63000.000
6365	91	91000.000
6366	57	57000.000
6367	81	81000.000
6368	66	66000.000
6369	72	72000.000
6370	75	75000.000
6371	70	70000.000
6372	72	72000.000
6373	46	46000.000
6374	59	59000.000
6375	71	71000.000
6376	62	62000.000
6377	69	69000.000
6378	64	64000.000
6379	75	75000.000
6380	59	59000.000
6381	68	68000.000
6382	64	64000.000
6383	51	51000.000
6384	59	59000.000
6385	67	67000.000
6386	57	57000.000
6387	49	49000.000
6388	64	64000.000
6389	63	63000.000
6390	63	63000.000
6391	52	52000.000
6392	63	63000.000
6393	70	70000.000
6394	72	72000.000
6395	81	81000.000
6396	62	62000.000
6397	80	80000.000
6398	66	66000.000
6399	76	76000.000
6400	65	65000.000
6401	64	64000.000
6402	57	57000.000
6403	77	77000.000
6404	66	66000.000
6405	60	60000.000
6406	71	71000.000
6407	50	50000.000
6408	85	85000.000
6409	56	56000.000
6410	63	63000.000
6411	64	64000.000
6412	65	65000.000
6413	58	58000.000
6414	59	59000.000
6415	43	43000.000
6416	56	56000.000
6417	66	66000.000
6418	75	75000.000
6419	65	65000.000
6420	69	69000.000
6421	69	69000.000
6422	69	69000.000
6423	66	66000.000
6424	79	79000.000
6425	54	54000.000
6426	64	64000.000
6427	49	49000.000
6428	56	56000.000
6429	59	59000.000
6430	59	59000.000
6431	65	65000.000
6432	54	54000.000
6433	75	75000.000
6434	65	65000.000
6435	76	76000.000
6436	67	67000.000
6437	67	67000.000
6438	64	64000.000
6439	78	78000.000
6440	65	65000.000
6441	80	80000.000
6442	78	78000.000
6443	52	52000.000
6444	51	51000.000
6445	72	72000.000
6446	57	57000.000
6447	59	59000.000
6448	63	63000.000
6449	57	57000.000
6450	61	61000.000
6451	36	36000.000
6452	65	65000.000
6453	62	62000.000
6454	67	67000.000
6455	71	71000.000
6456	55	55000.000
6457	55	55000.000
6458	66	66000.000
6459	82	82000.000
6460	48	48000.000
6461	64	64000.000
6462	57	57000.000
6463	50	50000.000
6464	59	59000.000
6465	85	85000.000
6466	63	63000.000
6467	77	77000.000
6468	66	66000.000
6469	70	70000.000
6470	68	68000.000
6471	53	53000.000
6472	63	63000.000
6473	61	61000.000
6474	72	72000.000
6475	68	68000.000
6476	80	80000.000
6477	71	71000.000
6478	62	62000.000
6479	75	75000.000
6480	60	60000.000
6481	67	67000.000
6482	68	68000.000
6483	60	60000.000
6484	65	65000.000
6485	73	73000.000
6486	69	69000.000
6487	80	80000.000
6488	62	62000.000
6489	56	56000.000
6490	72	72000.000
6491	72	72000.000
6492	63	63000.000
6493	59	59000.000
6494	64	64000.000
6495	72	72000.000
6496	61	61000.000
6497	59	59000.000
6498	46	46000.000
6499	64	64000.000
6500	73	73000.000
6501	67	67000.000
6502	54	54000.000
6503	74	74000.000
6504	62	62000.000
6505	61	61000.000
6506	71	71000.000
6507	70	70000.000
6508	72	72000.000
6509	70	70000.000
6510	63	63000.000
6511	81	81000.000
6512	74	74000.000
6513	64	64000.000
6514	71	71000.000
6515	70	70000.000
6516	58	58000.000
6517	63	63000.000
6518	48	48000.000
6519	68	68000.000
6520	70	70000.000
6521	68	68000.000
6522	66	66000.000
6523	59	59000.000
6524	63	63000.000
6525	67	67000.000
6526	67	67000.000
6527	59	59000.000
6528	68	68000.000
6529	57	57000.000
6530	53	53000.000
6531	90	90000.000
6532	73	73000.000
6533	71	71000.000
6534	71	71000.000
6535	57	57000.000
6536	56	56000.000
6537	69	69000.000
6538	36	36000.000
6539	56	56000.000
6540	75	75000.000
6541	58	58000.000
6542	53	53000.000
6543	66	66000.000
6544	64	64000.000
6545	73	73000.000
6546	58	58000.000
6547	63	63000.000
6548	67	67000.000
6549	82	82000.000
6550	61	61000.000
6551	71	71000.000
6552	67	67000.000
6553	83	83000.000
6554	72	72000.000
6555	52	52000.000
6556	67	67000.000
6557	56	56000.000
6558	64	64000.000
6559	64	64000.000
6560	75	75000.000
6561	58	58000.000
6562	65	65000.000
6563	68	68000.000
6564	46	46000.000
6565	59	59000.000
6566	70	70000.000
6567	60	60000.000
6568	63	63000.000
6569	60	60000.000
6570	68	68000.000
6571	70	70000.000
6572	73	73000.000
6573	57	57000.000
6574	62	62000.000
6575	59	59000.000
6576	69	69000.000
6577	51	51000.000
6578	79	79000.000
6579	55	55000.000
6580	70	70000.000
6581	75	75000.000
6582	60	60000.000
6583	66	66000.000
6584	72	72000.000
6585	71	71000.000
6586	50	50000.000
6587	62	62000.000
6588	65	65000.000
6589	71	71000.000
6590	68	68000.000
6591	66	66000.000
6592	57	57000.000
6593	71	71000.000
6594	63	63000.000
6595	57	57000.000
6596	61	61000.000
6597	66	66000.000
6598	64	64000.000
6599	57	57000.000
6600	79	79000.000
6601	67	67000.000
6602	42	42000.000
6603	77	77000.000
6604	62	62000.000
6605	53	53000.000
6606	47	47000.000
6607	44	44000.000
6608	64	64000.000
6609	63	63000.000
6610	82	82000.000
6611	71	71000.000
6612	73	73000.000
6613	74	74000.000
6614	71	71000.000
6615	67	67000.000
6616	54	54000.000
6617	60	60000.000
6618	68	68000.000
6619	77	77000.000
6620	70	70000.000
6621	59	59000.000
6622	68	68000.000
6623	61	61000.000
6624	58	58000.000
6625	58	58000.000
6626	57	57000.000
6627	52	52000.000
6628	56	56000.000
6629	51	51000.000
6630	68	68000.000
6631	74	74000.000
6632	63	63000.000
6633	66	66000.000
6634	60	60000.000
6635	67	67000.000
6636	69	69000.000
6637	53	53000.000
6638	56	56000.000
6639	61	61000.000
6640	63	63000.000
6641	69	69000.000
6642	69	69000.000
6643	75	75000.000
6644	53	53000.000
6645	78	78000.000
6646	79	79000.000
6647	84	84000.000
6648	45	45000.000
6649	57	57000.000
6650	58	58000.000
6651	62	62000.000
6652	69	69000.000
6653	57	57000.000
6654	69	69000.000
6655	53	53000.000
6656	58	58000.000
6657	81	81000.000
6658	62	62000.000
6659	75	75000.000
6660	62	62000.000
6661	57	57000.000
6662	68	68000.000
6663	63	63000.000
6664	58	58000.000
6665	50	50000.000
6666	57	57000.000
6667	53	53000.000
6668	50	50000.000
6669	72	72000.000
6670	63	63000.000
6671	58	58000.000
6672	44	44000.000
6673	75	75000.000
6674	83	83000.000
6675	68	68000.000
6676	60	60000.000
6677	64	64000.000
6678	58	58000.000
6679	55	55000.000
6680	63	63000.000
6681	71	71000.000
6682	62	62000.000
6683	57	57000.000
6684	57	57000.000
6685	61	61000.000
6686	71	71000.000
6687	66	66000.000
6688	78	78000.000
6689	59	59000.000
6690	65	65000.000
6691	62	62000.000
6692	73	73000.000
6693	66	66000.000
6694	63	63000.000
6695	72	72000.000
6696	58	58000.000
6697	65	65000.000
6698	54	54000.000
6699	55	55000.000
6700	64	64000.000
6701	65	65000.000
6702	50	50000.000
6703	52	52000.000
6704	58	58000.000
6705	56	56000.000
6706	68	68000.000
6707	58	58000.000
6708	65	65000.000
6709	73	73000.000
6710	83	83000.000
6711	68	68000.000
6712	66	66000.000
6713	77	77000.000
6714	66	66000.000
6715	73	73000.000
6716	52	52000.000
6717	61	61000.000
6718	72	72000.000
6719	67	67000.000
6720	59	59000.000
6721	55	55000.000
6722	62	62000.000
6723	74	74000.000
6724	70	70000.000
6725	56	56000.000
6726	58	58000.000
6727	67	67000.000
6728	62	62000.000
6729	55	55000.000
6730	75	75000.000
6731	79	79000.000
6732	64	64000.000
6733	69	69000.000
6734	65	65000.000
6735	62	62000.000
6736	71	71000.000
6737	63	63000.000
6738	54	54000.000
6739	72	72000.000
6740	70	70000.000
6741	65	65000.000
6742	74	74000.000
6743	65	65000.000
6744	71	71000.000
6745	78	78000.000
6746	64	64000.000
6747	64	64000.000
6748	65	65000.000
6749	73	73000.000
6750	73	73000.000
6751	59	59000.000
6752	65	65000.000
6753	58	58000.000
6754	69	69000.000
6755	83	83000.000
6756	68	68000.000
6757	70	70000.000
6758	61	61000.000
6759	59	59000.000
6760	58	58000.000
6761	56	56000.000
6762	59	59000.000
6763	82	82000.000
6764	55	55000.000
6765	58	58000.000
6766	68	68000.000
6767	65	65000.000
6768	56	56000.000
6769	48	48000.000
6770	63	63000.000
6771	59	59000.000
6772	64	64000.000
6773	47	47000.000
6774	51	51000.000
6775	72	72000.000
6776	73	73000.000
6777	65	65000.000
6778	58	58000.000
6779	57	57000.000
6780	61	61000.000
6781	65	65000.000
6782	56	56000.000
6783	60	60000.000
6784	61	61000.000
6785	61	61000.000
6786	72	72000.000
6787	73	73000.000
6788	63	63000.000
6789	62	62000.000
6790	61	61000.000
6791	81	81000.000
6792	56	56000.000
6793	64	64000.000
6794	55	55000.000
6795	64	64000.000
6796	54	54000.000
6797	72	72000.000
6798	59	59000.000
6799	68	68000.000
6800	62	62000.000
6801	58	58000.000
6802	70	70000.000
6803	65	65000.000
6804	53	53000.000
6805	59	59000.000
6806	57	57000.000
6807	61	61000.000
6808	70	70000.000
6809	59	59000.000
6810	57	57000.000
6811	67	67000.000
6812	71	71000.000
6813	86	86000.000
6814	56	56000.000
6815	63	63000.000
6816	60	60000.000
6817	56	56000.000
6818	62	62000.000
6819	67	67000.000
6820	60	60000.000
6821	80	80000.000
6822	55	55000.000
6823	75	75000.000
6824	59	59000.000
6825	66	66000.000
6826	49	49000.000
6827	52	52000.000
6828	70	70000.000
6829	57	57000.000
6830	54	54000.000
6831	67	67000.000
6832	82	82000.000
6833	70	70000.000
6834	71	71000.000
6835	72	72000.000
6836	48	48000.000
6837	57	57000.000
6838	56	56000.000
6839	49	49000.000
6840	66	66000.000
6841	68	68000.000
6842	63	63000.000
6843	62	62000.000
6844	60	60000.000
6845	63	63000.000
6846	73	73000.000
6847	64	64000.000
6848	72	72000.000
6849	70	70000.000
6850	60	60000.000
6851	78	78000.000
6852	74	74000.000
6853	55	55000.000
6854	71	71000.000
6855	80	80000.000
6856	67	67000.000
6857	72	72000.000
6858	48	48000.000
6859	74	74000.000
6860	65	65000.000
6861	64	64000.000
6862	62	62000.000
6863	57	57000.000
6864	50	50000.000
6865	72	72000.000
6866	79	79000.000
6867	68	68000.000
6868	67	67000.000
6869	76	76000.000
6870	66	66000.000
6871	53	53000.000
6872	65	65000.000
6873	67	67000.000
6874	60	60000.000
6875	60	60000.000
6876	77	77000.000
6877	52	52000.000
6878	58	58000.000
6879	61	61000.000
6880	57	57000.000
6881	66	66000.000
6882	59	59000.000
6883	68	68000.000
6884	65	65000.000
6885	78	78000.000
6886	54	54000.000
6887	50	50000.000
6888	59	59000.000
6889	77	77000.000
6890	60	60000.000
6891	63	63000.000
6892	71	71000.000
6893	72	72000.000
6894	65	65000.000
6895	58	58000.000
6896	50	50000.000
6897	68	68000.000
6898	50	50000.000
6899	61	61000.000
6900	66	66000.000
6901	53	53000.000
6902	57	57000.000
6903	75	75000.000
6904	74	74000.000
6905	80	80000.000
6906	62	62000.000
6907	58	58000.000
6908	67	67000.000
6909	62	62000.000
6910	51	51000.000
6911	63	63000.000
6912	68	68000.000
6913	61	61000.000
6914	65	65000.000
6915	58	58000.000
6916	56	56000.000
6917	66	66000.000
6918	73	73000.000
6919	73	73000.000
6920	72	72000.000
6921	69	69000.000
6922	43	43000.000
6923	72	72000.000
6924	76	76000.000
6925	60	60000.000
6926	65	65000.000
6927	76	76000.000
6928	66	66000.000
6929	64	64000.000
6930	70	70000.000
6931	55	55000.000
6932	58	58000.000
6933	78	78000.000
6934	63	63000.000
6935	72	72000.000
6936	73	73000.000
6937	53	53000.000
6938	57	57000.000
6939	61	61000.000
6940	63	63000.000
6941	67	67000.000
6942	68	68000.000
6943	68	68000.000
6944	79	79000.000
6945	61	61000.000
6946	70	70000.000
6947	61	61000.000
6948	85	85000.000
6949	61	61000.000
6950	63	63000.000
6951	70	70000.000
6952	54	54000.000
6953	57	57000.000
6954	69	69000.000
6955	58	58000.000
6956	72	72000.000
6957	71	71000.000
6958	64	64000.000
6959	64	64000.000
6960	62	62000.000
6961	73	73000.000
6962	72	72000.000
6963	68	68000.000
6964	76	76000.000
6965	46	46000.000
6966	60	60000.000
6967	64	64000.000
6968	78	78000.000
6969	67	67000.000
6970	54	54000.000
6971	75	75000.000
6972	68	68000.000
6973	54	54000.000
6974	67	67000.000
6975	76	76000.000
6976	57	57000.000
6977	62	62000.000
6978	72	72000.000
6979	51	51000.000
6980	74	74000.000
6981	48	48000.000
6982	69	69000.000
6983	65	65000.000
6984	52	52000.000
6985	51	51000.000
6986	57	57000.000
6987	69	69000.000
6988	69	69000.000
6989	65	65000.000
6990	60	60000.000
6991	67	67000.000
6992	74	74000.000
6993	68	68000.000
6994	58	58000.000
6995	79	79000.000
6996	60	60000.000
6997	66	66000.000
6998	58	58000.000
6999	58	58000.000
7000	55	55000.000
7001	78	78000.000
7002	70	70000.000
7003	58	58000.000
7004	55	55000.000
7005	58	58000.000
7006	44	44000.000
7007	39	39000.000
7008	62	62000.000
7009	61	61000.000
7010	58	58000.000
7011	70	70000.000
7012	54	54000.000
7013	61	61000.000
7014	68	68000.000
7015	60	60000.000
7016	63	63000.000
7017	44	44000.000
7018	59	59000.000
7019	60	60000.000
7020	63	63000.000
7021	68	68000.000
7022	55	55000.000
7023	60	60000.000
7024	64	64000.000
7025	59	59000.000
7026	55	55000.000
7027	72	72000.000
7028	57	57000.000
7029	51	51000.000
7030	79	79000.000
7031	43	43000.000
7032	57	57000.000
7033	59	59000.000
7034	63	63000.000
7035	67	67000.000
7036	70	70000.000
7037	74	74000.000
7038	65	65000.000
7039	71	71000.000
7040	59	59000.000
7041	60	60000.000
7042	73	73000.000
7043	65	65000.000
7044	72	72000.000
7045	69	69000.000
7046	59	59000.000
7047	73	73000.000
7048	60	60000.000
7049	58	58000.000
7050	60	60000.000
7051	48	48000.000
7052	62	62000.000
7053	70	70000.000
7054	80	80000.000
7055	61	61000.000
7056	46	46000.000
7057	68	68000.000
7058	51	51000.000
7059	62	62000.000
7060	70	70000.000
7061	65	65000.000
7062	65	65000.000
7063	76	76000.000
7064	76	76000.000
7065	56	56000.000
7066	67	67000.000
7067	80	80000.000
7068	56	56000.000
7069	59	59000.000
7070	64	64000.000
7071	53	53000.000
7072	72	72000.000
7073	75	75000.000
7074	61	61000.000
7075	58	58000.000
7076	67	67000.000
7077	50	50000.000
7078	91	91000.000
7079	66	66000.000
7080	68	68000.000
7081	64	64000.000
7082	60	60000.000
7083	68	68000.000
7084	67	67000.000
7085	73	73000.000
7086	53	53000.000
7087	70	70000.000
7088	64	64000.000
7089	76	76000.000
7090	72	72000.000
7091	57	57000.000
7092	52	52000.000
7093	46	46000.000
7094	64	64000.000
7095	70	70000.000
7096	55	55000.000
7097	51	51000.000
7098	63	63000.000
7099	59	59000.000
7100	73	73000.000
7101	62	62000.000
7102	67	67000.000
7103	58	58000.000
7104	55	55000.000
7105	60	60000.000
7106	65	65000.000
7107	74	74000.000
7108	67	67000.000
7109	72	72000.000
7110	64	64000.000
7111	82	82000.000
7112	72	72000.000
7113	71	71000.000
7114	68	68000.000
7115	59	59000.000
7116	68	68000.000
7117	72	72000.000
7118	64	64000.000
7119	61	61000.000
7120	63	63000.000
7121	50	50000.000
7122	57	57000.000
7123	58	58000.000
7124	75	75000.000
7125	61	61000.000
7126	55	55000.000
7127	81	81000.000
7128	73	73000.000
7129	54	54000.000
7130	52	52000.000
7131	66	66000.000
7132	46	46000.000
7133	65	65000.000
7134	57	57000.000
7135	43	43000.000
7136	62	62000.000
7137	72	72000.000
7138	62	62000.000
7139	67	67000.000
7140	61	61000.000
7141	67	67000.000
7142	65	65000.000
7143	61	61000.000
7144	80	80000.000
7145	62	62000.000
7146	57	57000.000
7147	62	62000.000
7148	55	55000.000
7149	62	62000.000
7150	77	77000.000
7151	57	57000.000
7152	55	55000.000
7153	58	58000.000
7154	69	69000.000
7155	54	54000.000
7156	77	77000.000
7157	57	57000.000
7158	71	71000.000
7159	65	65000.000
7160	57	57000.000
7161	78	78000.000
7162	72	72000.000
7163	69	69000.000
7164	65	65000.000
7165	84	84000.000
7166	73	73000.000
7167	72	72000.000
7168	57	57000.000
7169	71	71000.000
7170	75	75000.000
7171	76	76000.000
7172	55	55000.000
7173	59	59000.000
7174	64	64000.000
7175	69	69000.000
7176	63	63000.000
7177	76	76000.000
7178	57	57000.000
7179	73	73000.000
7180	69	69000.000
7181	55	55000.000
7182	70	70000.000
7183	70	70000.000
7184	52	52000.000
7185	63	63000.000
7186	68	68000.000
7187	56	56000.000
7188	45	45000.000
7189	75	75000.000
7190	64	64000.000
7191	51	51000.000
7192	85	85000.000
7193	59	59000.000
7194	59	59000.000
7195	64	64000.000
7196	74	74000.000
7197	80	80000.000
7198	61	61000.000
7199	58	58000.000
7200	66	66000.000
7201	71	71000.000
7202	69	69000.000
7203	64	64000.000
7204	58	58000.000
7205	52	52000.000
7206	64	64000.000
7207	60	60000.000
7208	62	62000.000
7209	74	74000.000
7210	56	56000.000
7211	72	72000.000
7212	60	60000.000
7213	71	71000.000
7214	60	60000.000
7215	58	58000.000
7216	82	82000.000
7217	66	66000.000
7218	53	53000.000
7219	73	73000.000
7220	73	73000.000
7221	61	61000.000
7222	45	45000.000
7223	62	62000.000
7224	60	60000.000
7225	72	72000.000
7226	68	68000.000
7227	65	65000.000
7228	77	77000.000
7229	65	65000.000
7230	61	61000.000
7231	63	63000.000
7232	64	64000.000
7233	60	60000.000
7234	65	65000.000
7235	54	54000.000
7236	59	59000.000
7237	67	67000.000
7238	71	71000.000
7239	69	69000.000
7240	53	53000.000
7241	56	56000.000
7242	66	66000.000
7243	64	64000.000
7244	56	56000.000
7245	57	57000.000
7246	64	64000.000
7247	70	70000.000
7248	62	62000.000
7249	61	61000.000
7250	64	64000.000
7251	69	69000.000
7252	60	60000.000
7253	71	71000.000
7254	61	61000.000
7255	65	65000.000
7256	50	50000.000
7257	59	59000.000
7258	60	60000.000
7259	71	71000.000
7260	58	58000.000
7261	75	75000.000
7262	62	62000.000
7263	66	66000.000
7264	72	72000.000
7265	76	76000.000
7266	59	59000.000
7267	61	61000.000
7268	59	59000.000
7269	68	68000.000
7270	71	71000.000
7271	69	69000.000
7272	69	69000.000
7273	57	57000.000
7274	79	79000.000
7275	64	64000.000
7276	68	68000.000
7277	58	58000.000
7278	66	66000.000
7279	65	65000.000
7280	52	52000.000
7281	50	50000.000
7282	73	73000.000
7283	65	65000.000
7284	65	65000.000
7285	60	60000.000
7286	67	67000.000
7287	56	56000.000
7288	71	71000.000
7289	48	48000.000
7290	66	66000.000
7291	71	71000.000
7292	70	70000.000
7293	66	66000.000
7294	62	62000.000
7295	56	56000.000
7296	74	74000.000
7297	69	69000.000
7298	72	72000.000
7299	58	58000.000
7300	71	71000.000
7301	64	64000.000
7302	58	58000.000
7303	57	57000.000
7304	80	80000.000
7305	49	49000.000
7306	89	89000.000
7307	64	64000.000
7308	56	56000.000
7309	62	62000.000
7310	50	50000.000
7311	76	76000.000
7312	69	69000.000
7313	66	66000.000
7314	56	56000.000
7315	52	52000.000
7316	65	65000.000
7317	64	64000.000
7318	58	58000.000
7319	60	60000.000
7320	70	70000.000
7321	79	79000.000
7322	60	60000.000
7323	72	72000.000
7324	75	75000.000
7325	66	66000.000
7326	53	53000.000
7327	73	73000.000
7328	65	65000.000
7329	53	53000.000
7330	67	67000.000
7331	61	61000.000
7332	57	57000.000
7333	50	50000.000
7334	70	70000.000
7335	59	59000.000
7336	62	62000.000
7337	59	59000.000
7338	51	51000.000
7339	59	59000.000
7340	67	67000.000
7341	68	68000.000
7342	66	66000.000
7343	72	72000.000
7344	68	68000.000
7345	66	66000.000
7346	60	60000.000
7347	62	62000.000
7348	61	61000.000
7349	66	66000.000
7350	57	57000.000
7351	64	64000.000
7352	66	66000.000
7353	63	63000.000
7354	66	66000.000
7355	77	77000.000
7356	65	65000.000
7357	54	54000.000
7358	68	68000.000
7359	65	65000.000
7360	64	64000.000
7361	62	62000.000
7362	66	66000.000
7363	63	63000.000
7364	56	56000.000
7365	58	58000.000
7366	76	76000.000
7367	72	72000.000
7368	59	59000.000
7369	70	70000.000
7370	72	72000.000
7371	49	49000.000
7372	65	65000.000
7373	66	66000.000
7374	63	63000.000
7375	75	75000.000
7376	79	79000.000
7377	73	73000.000
7378	73	73000.000
7379	79	79000.000
7380	60	60000.000
7381	58	58000.000
7382	64	64000.000
7383	65	65000.000
7384	56	56000.000
7385	66	66000.000
7386	80	80000.000
7387	66	66000.000
7388	76	76000.000
7389	77	77000.000
7390	74	74000.000
7391	54	54000.000
7392	66	66000.000
7393	67	67000.000
7394	65	65000.000
7395	70	70000.000
7396	72	72000.000
7397	74	74000.000
7398	64	64000.000
7399	61	61000.000
7400	61	61000.000
7401	70	70000.000
7402	72	72000.000
7403	71	71000.000
7404	63	63000.000
7405	48	48000.000
7406	67	67000.000
7407	73	73000.000
7408	72	72000.000
7409	72	72000.000
7410	70	70000.000
7411	68	68000.000
7412	79	79000.000
7413	62	62000.000
7414	70	70000.000
7415	69	69000.000
7416	64	64000.000
7417	63	63000.000
7418	63	63000.000
7419	66	66000.000
7420	53	53000.000
7421	66	66000.000
7422	58	58000.000
7423	60	60000.000
7424	70	70000.000
7425	60	60000.000
7426	75	75000.000
7427	71	71000.000
7428	59	59000.000
7429	58	58000.000
7430	52	52000.000
7431	65	65000.000
7432	66	66000.000
7433	66	66000.000
7434	84	84000.000
7435	61	61000.000
7436	61	61000.000
7437	70	70000.000
7438	68	68000.000
7439	67	67000.000
7440	53	53000.000
7441	58	58000.000
7442	63	63000.000
7443	64	64000.000
7444	89	89000.000
7445	60	60000.000
7446	67	67000.000
7447	56	56000.000
7448	66	66000.000
7449	63	63000.000
7450	54	54000.000
7451	64	64000.000
7452	81	81000.000
7453	62	62000.000
7454	75	75000.000
7455	70	70000.000
7456	75	75000.000
7457	59	59000.000
7458	54	54000.000
7459	59	59000.000
7460	81	81000.000
7461	56	56000.000
7462	48	48000.000
7463	63	63000.000
7464	72	72000.000
7465	56	56000.000
7466	53	53000.000
7467	53	53000.000
7468	67	67000.000
7469	77	77000.000
7470	50	50000.000
7471	76	76000.000
7472	68	68000.000
7473	65	65000.000
7474	63	63000.000
7475	48	48000.000
7476	61	61000.000
7477	73	73000.000
7478	51	51000.000
7479	67	67000.000
7480	54	54000.000
7481	59	59000.000
7482	55	55000.000
7483	77	77000.000
7484	70	70000.000
7485	57	57000.000
7486	62	62000.000
7487	75	75000.000
7488	70	70000.000
7489	70	70000.000
7490	66	66000.000
7491	59	59000.000
7492	64	64000.000
7493	62	62000.000
7494	67	67000.000
7495	70	70000.000
7496	61	61000.000
7497	59	59000.000
7498	55	55000.000
7499	61	61000.000
7500	59	59000.000
7501	63	63000.000
7502	54	54000.000
7503	62	62000.000
7504	59	59000.000
7505	63	63000.000
7506	68	68000.000
7507	57	57000.000
7508	67	67000.000
7509	55	55000.000
7510	59	59000.000
7511	60	60000.000
7512	67	67000.000
7513	59	59000.000
7514	57	57000.000
7515	66	66000.000
7516	43	43000.000
7517	73	73000.000
7518	61	61000.000
7519	73	73000.000
7520	60	60000.000
7521	65	65000.000
7522	56	56000.000
7523	62	62000.000
7524	85	85000.000
7525	65	65000.000
7526	75	75000.000
7527	57	57000.000
7528	69	69000.000
7529	67	67000.000
7530	66	66000.000
7531	54	54000.000
7532	58	58000.000
7533	58	58000.000
7534	58	58000.000
7535	73	73000.000
7536	68	68000.000
7537	65	65000.000
7538	69	69000.000
7539	70	70000.000
7540	76	76000.000
7541	59	59000.000
7542	67	67000.000
7543	60	60000.000
7544	50	50000.000
7545	48	48000.000
7546	69	69000.000
7547	57	57000.000
7548	50	50000.000
7549	58	58000.000
7550	64	64000.000
7551	68	68000.000
7552	54	54000.000
7553	68	68000.000
7554	83	83000.000
7555	66	66000.000
7556	62	62000.000
7557	62	62000.000
7558	59	59000.000
7559	59	59000.000
7560	64	64000.000
7561	72	72000.000
7562	64	64000.000
7563	56	56000.000
7564	66	66000.000
7565	69	69000.000
7566	56	56000.000
7567	78	78000.000
7568	52	52000.000
7569	78	78000.000
7570	56	56000.000
7571	64	64000.000
7572	72	72000.000
7573	66	66000.000
7574	64	64000.000
7575	70	70000.000
7576	53	53000.000
7577	63	63000.000
7578	51	51000.000
7579	66	66000.000
7580	65	65000.000
7581	70	70000.000
7582	80	80000.000
7583	52	52000.000
7584	74	74000.000
7585	57	57000.000
7586	61	61000.000
7587	58	58000.000
7588	72	72000.000
7589	56	56000.000
7590	72	72000.000
7591	74	74000.000
7592	56	56000.000
7593	71	71000.000
7594	60	60000.000
7595	65	65000.000
7596	62	62000.000
7597	63	63000.000
7598	59	59000.000
7599	66	66000.000
7600	52	52000.000
7601	64	64000.000
7602	62	62000.000
7603	64	64000.000
7604	66	66000.000
7605	55	55000.000
7606	57	57000.000
7607	66	66000.000
7608	62	62000.000
7609	59	59000.000
7610	79	79000.000
7611	70	70000.000
7612	71	71000.000
7613	69	69000.000
7614	61	61000.000
7615	62	62000.000
7616	64	64000.000
7617	62	62000.000
7618	62	62000.000
7619	61	61000.000
7620	87	87000.000
7621	67	67000.000
7622	61	61000.000
7623	63	63000.000
7624	48	48000.000
7625	56	56000.000
7626	73	73000.000
7627	69	69000.000
7628	58	58000.000
7629	65	65000.000
7630	70	70000.000
7631	62	62000.000
7632	60	60000.000
7633	82	82000.000
7634	64	64000.000
7635	67	67000.000
7636	67	67000.000
7637	59	59000.000
7638	64	64000.000
7639	72	72000.000
7640	63	63000.000
7641	72	72000.000
7642	82	82000.000
7643	51	51000.000
7644	63	63000.000
7645	59	59000.000
7646	74	74000.000
7647	57	57000.000
7648	74	74000.000
7649	73	73000.000
7650	65	65000.000
7651	57	57000.000
7652	65	65000.000
7653	61	61000.000
7654	68	68000.000
7655	65	65000.000
7656	60	60000.000
7657	59	59000.000
7658	57	57000.000
7659	70	70000.000
7660	61	61000.000
7661	58	58000.000
7662	56	56000.000
7663	77	77000.000
7664	59	59000.000
7665	66	66000.000
7666	52	52000.000
7667	68	68000.000
7668	65	65000.000
7669	55	55000.000
7670	56	56000.000
7671	77	77000.000
7672	49	49000.000
7673	63	63000.000
7674	62	62000.000
7675	57	57000.000
7676	54	54000.000
7677	56	56000.000
7678	58	58000.000
7679	64	64000.000
7680	58	58000.000
7681	54	54000.000
7682	67	67000.000
7683	64	64000.000
7684	61	61000.000
7685	51	51000.000
7686	63	63000.000
7687	59	59000.000
7688	81	81000.000
7689	54	54000.000
7690	58	58000.000
7691	64	64000.000
7692	70	70000.000
7693	53	53000.000
7694	54	54000.000
7695	62	62000.000
7696	72	72000.000
7697	60	60000.000
7698	65	65000.000
7699	70	70000.000
7700	63	63000.000
7701	69	69000.000
7702	63	63000.000
7703	72	72000.000
7704	78	78000.000
7705	57	57000.000
7706	63	63000.000
7707	77	77000.000
7708	63	63000.000
7709	59	59000.000
7710	76	76000.000
7711	53	53000.000
7712	59	59000.000
7713	69	69000.000
7714	61	61000.000
7715	62	62000.000
7716	64	64000.000
7717	59	59000.000
7718	67	67000.000
7719	56	56000.000
7720	69	69000.000
7721	66	66000.000
7722	84	84000.000
7723	70	70000.000
7724	75	75000.000
7725	70	70000.000
7726	74	74000.000
7727	64	64000.000
7728	60	60000.000
7729	70	70000.000
7730	68	68000.000
7731	64	64000.000
7732	56	56000.000
7733	69	69000.000
7734	56	56000.000
7735	81	81000.000
7736	59	59000.000
7737	58	58000.000
7738	55	55000.000
7739	54	54000.000
7740	56	56000.000
7741	52	52000.000
7742	38	38000.000
7743	71	71000.000
7744	71	71000.000
7745	72	72000.000
7746	72	72000.000
7747	53	53000.000
7748	65	65000.000
7749	65	65000.000
7750	52	52000.000
7751	74	74000.000
7752	72	72000.000
7753	71	71000.000
7754	62	62000.000
7755	83	83000.000
7756	64	64000.000
7757	59	59000.000
7758	59	59000.000
7759	49	49000.000
7760	66	66000.000
7761	63	63000.000
7762	65	65000.000
7763	64	64000.000
7764	69	69000.000
7765	65	65000.000
7766	77	77000.000
7767	64	64000.000
7768	50	50000.000
7769	64	64000.000
7770	56	56000.000
7771	50	50000.000
7772	76	76000.000
7773	68	68000.000
7774	62	62000.000
7775	61	61000.000
7776	59	59000.000
7777	72	72000.000
7778	62	62000.000
7779	65	65000.000
7780	78	78000.000
7781	76	76000.000
7782	67	67000.000
7783	82	82000.000
7784	62	62000.000
7785	66	66000.000
7786	61	61000.000
7787	54	54000.000
7788	68	68000.000
7789	67	67000.000
7790	64	64000.000
7791	53	53000.000
7792	60	60000.000
7793	56	56000.000
7794	58	58000.000
7795	51	51000.000
7796	83	83000.000
7797	73	73000.000
7798	57	57000.000
7799	72	72000.000
7800	84	84000.000
7801	68	68000.000
7802	73	73000.000
7803	65	65000.000
7804	53	53000.000
7805	66	66000.000
7806	76	76000.000
7807	60	60000.000
7808	76	76000.000
7809	58	58000.000
7810	56	56000.000
7811	56	56000.000
7812	52	52000.000
7813	63	63000.000
7814	63	63000.000
7815	63	63000.000
7816	70	70000.000
7817	79	79000.000
7818	70	70000.000
7819	56	56000.000
7820	59	59000.000
7821	68	68000.000
7822	64	64000.000
7823	61	61000.000
7824	59	59000.000
7825	61	61000.000
7826	63	63000.000
7827	52	52000.000
7828	56	56000.000
7829	59	59000.000
7830	60	60000.000
7831	71	71000.000
7832	66	66000.000
7833	68	68000.000
7834	56	56000.000
7835	74	74000.000
7836	58	58000.000
7837	67	67000.000
7838	79	79000.000
7839	51	51000.000
7840	64	64000.000
7841	67	67000.000
7842	86	86000.000
7843	71	71000.000
7844	61	61000.000
7845	66	66000.000
7846	67	67000.000
7847	81	81000.000
7848	53	53000.000
7849	73	73000.000
7850	64	64000.000
7851	73	73000.000
7852	59	59000.000
7853	64	64000.000
7854	56	56000.000
7855	54	54000.000
7856	70	70000.000
7857	57	57000.000
7858	58	58000.000
7859	58	58000.000
7860	69	69000.000
7861	74	74000.000
7862	56	56000.000
7863	63	63000.000
7864	64	64000.000
7865	81	81000.000
7866	51	51000.000
7867	69	69000.000
7868	70	70000.000
7869	62	62000.000
7870	60	60000.000
7871	70	70000.000
7872	66	66000.000
7873	67	67000.000
7874	78	78000.000
7875	67	67000.000
7876	65	65000.000
7877	61	61000.000
7878	74	74000.000
7879	63	63000.000
7880	61	61000.000
7881	79	79000.000
7882	68	68000.000
7883	62	62000.000
7884	58	58000.000
7885	70	70000.000
7886	65	65000.000
7887	64	64000.000
7888	64	64000.000
7889	65	65000.000
7890	57	57000.000
7891	71	71000.000
7892	53	53000.000
7893	67	67000.000
7894	62	62000.000
7895	69	69000.000
7896	59	59000.000
7897	61	61000.000
7898	72	72000.000
7899	56	56000.000
7900	63	63000.000
7901	51	51000.000
7902	67	67000.000
7903	68	68000.000
7904	66	66000.000
7905	79	79000.000
7906	52	52000.000
7907	68	68000.000
7908	74	74000.000
7909	67	67000.000
7910	60	60000.000
7911	70	70000.000
7912	65	65000.000
7913	69	69000.000
7914	61	61000.000
7915	50	50000.000
7916	61	61000.000
7917	72	72000.000
7918	68	68000.000
7919	67	67000.000
7920	60	60000.000
7921	70	70000.000
7922	64	64000.000
7923	76	76000.000
7924	68	68000.000
7925	55	55000.000
7926	66	66000.000
7927	63	63000.000
7928	55	55000.000
7929	64	64000.000
7930	63	63000.000
7931	47	47000.000
7932	57	57000.000
7933	70	70000.000
7934	79	79000.000
7935	63	63000.000
7936	62	62000.000
7937	52	52000.000
7938	73	73000.000
7939	57	57000.000
7940	55	55000.000
7941	61	61000.000
7942	59	59000.000
7943	70	70000.000
7944	69	69000.000
7945	63	63000.000
7946	56	56000.000
7947	50	50000.000
7948	58	58000.000
7949	63	63000.000
7950	63	63000.000
7951	67	67000.000
7952	59	59000.000
7953	63	63000.000
7954	70	70000.000
7955	60	60000.000
7956	63	63000.000
7957	72	72000.000
7958	65	65000.000
7959	74	74000.000
7960	58	58000.000
7961	60	60000.000
7962	48	48000.000
7963	58	58000.000
7964	64	64000.000
7965	72	72000.000
7966	84	84000.000
7967	67	67000.000
7968	66	66000.000
7969	64	64000.000
7970	59	59000.000
7971	73	73000.000
7972	72	72000.000
7973	57	57000.000
7974	58	58000.000
7975	73	73000.000
7976	52	52000.000
7977	71	71000.000
7978	50	50000.000
7979	71	71000.000
7980	43	43000.000
7981	78	78000.000
7982	72	72000.000
7983	70	70000.000
7984	64	64000.000
7985	66	66000.000
7986	71	71000.000
7987	58	58000.000
7988	69	69000.000
7989	74	74000.000
7990	71	71000.000
7991	61	61000.000
7992	60	60000.000
7993	65	65000.000
7994	64	64000.000
7995	55	55000.000
7996	79	79000.000
7997	68	68000.000
7998	54	54000.000
7999	59	59000.000
8000	60	60000.000
8001	59	59000.000
8002	77	77000.000
8003	61	61000.000
8004	68	68000.000
8005	70	70000.000
8006	73	73000.000
8007	61	61000.000
8008	53	53000.000
8009	68	68000.000
8010	61	61000.000
8011	66	66000.000
8012	57	57000.000
8013	60	60000.000
8014	64	64000.000
8015	84	84000.000
8016	69	69000.000
8017	59	59000.000
8018	63	63000.000
8019	68	68000.000
8020	59	59000.000
8021	49	49000.000
8022	78	78000.000
8023	62	62000.000
8024	62	62000.000
8025	61	61000.000
8026	65	65000.000
8027	45	45000.000
8028	79	79000.000
8029	74	74000.000
8030	64	64000.000
8031	71	71000.000
8032	63	63000.000
8033	54	54000.000
8034	72	72000.000
8035	55	55000.000
8036	80	80000.000
8037	80	80000.000
8038	62	62000.000
8039	56	56000.000
8040	52	52000.000
8041	78	78000.000
8042	56	56000.000
8043	67	67000.000
8044	45	45000.000
8045	66	66000.000
8046	59	59000.000
8047	65	65000.000
8048	50	50000.000
8049	55	55000.000
8050	68	68000.000
8051	58	58000.000
8052	60	60000.000
8053	64	64000.000
8054	58	58000.000
8055	67	67000.000
8056	77	77000.000
8057	64	64000.000
8058	69	69000.000
8059	72	72000.000
8060	63	63000.000
8061	71	71000.000
8062	62	62000.000
8063	67	67000.000
8064	64	64000.000
8065	82	82000.000
8066	62	62000.000
8067	60	60000.000
8068	62	62000.000
8069	61	61000.000
8070	62	62000.000
8071	64	64000.000
8072	61	61000.000
8073	74	74000.000
8074	74	74000.000
8075	78	78000.000
8076	66	66000.000
8077	63	63000.000
8078	41	41000.000
8079	72	72000.000
8080	61	61000.000
8081	59	59000.000
8082	58	58000.000
8083	62	62000.000
8084	53	53000.000
8085	71	71000.000
8086	69	69000.000
8087	57	57000.000
8088	55	55000.000
8089	61	61000.000
8090	66	66000.000
8091	64	64000.000
8092	71	71000.000
8093	68	68000.000
8094	84	84000.000
8095	60	60000.000
8096	76	76000.000
8097	65	65000.000
8098	59	59000.000
8099	63	63000.000
8100	61	61000.000
8101	78	78000.000
8102	72	72000.000
8103	69	69000.000
8104	57	57000.000
8105	68	68000.000
8106	55	55000.000
8107	66	66000.000
8108	64	64000.000
8109	59	59000.000
8110	49	49000.000
8111	65	65000.000
8112	54	54000.000
8113	60	60000.000
8114	76	76000.000
8115	62	62000.000
8116	55	55000.000
8117	49	49000.000
8118	56	56000.000
8119	57	57000.000
8120	54	54000.000
8121	86	86000.000
8122	78	78000.000
8123	55	55000.000
8124	55	55000.000
8125	63	63000.000
8126	52	52000.000
8127	61	61000.000
8128	75	75000.000
8129	63	63000.000
8130	50	50000.000
8131	78	78000.000
8132	58	58000.000
8133	56	56000.000
8134	64	64000.000
8135	71	71000.000
8136	71	71000.000
8137	73	73000.000
8138	68	68000.000
8139	63	63000.000
8140	78	78000.000
8141	51	51000.000
8142	57	57000.000
8143	50	50000.000
8144	88	88000.000
8145	54	54000.000
8146	64	64000.000
8147	60	60000.000
8148	67	67000.000
8149	64	64000.000
8150	72	72000.000
8151	64	64000.000
8152	56	56000.000
8153	59	59000.000
8154	58	58000.000
8155	66	66000.000
8156	56	56000.000
8157	58	58000.000
8158	77	77000.000
8159	60	60000.000
8160	50	50000.000
8161	51	51000.000
8162	55	55000.000
8163	67	67000.000
8164	61	61000.000
8165	64	64000.000
8166	55	55000.000
8167	65	65000.000
8168	71	71000.000
8169	65	65000.000
8170	62	62000.000
8171	76	76000.000
8172	56	56000.000
8173	64	64000.000
8174	82	82000.000
8175	63	63000.000
8176	51	51000.000
8177	70	70000.000
8178	55	55000.000
8179	50	50000.000
8180	79	79000.000
8181	58	58000.000
8182	76	76000.000
8183	63	63000.000
8184	68	68000.000
8185	54	54000.000
8186	61	61000.000
8187	58	58000.000
8188	54	54000.000
8189	61	61000.000
8190	82	82000.000
8191	68	68000.000
8192	78	78000.000
8193	57	57000.000
8194	86	86000.000
8195	74	74000.000
8196	64	64000.000
8197	63	63000.000
8198	69	69000.000
8199	65	65000.000
8200	70	70000.000
8201	74	74000.000
8202	78	78000.000
8203	60	60000.000
8204	58	58000.000
8205	60	60000.000
8206	46	46000.000
8207	60	60000.000
8208	68	68000.000
8209	63	63000.000
8210	57	57000.000
8211	72	72000.000
8212	62	62000.000
8213	62	62000.000
8214	67	67000.000
8215	63	63000.000
8216	70	70000.000
8217	74	74000.000
8218	65	65000.000
8219	83	83000.000
8220	64	64000.000
8221	61	61000.000
8222	70	70000.000
8223	60	60000.000
8224	63	63000.000
8225	60	60000.000
8226	59	59000.000
8227	49	49000.000
8228	57	57000.000
8229	65	65000.000
8230	70	70000.000
8231	58	58000.000
8232	57	57000.000
8233	68	68000.000
8234	58	58000.000
8235	76	76000.000
8236	59	59000.000
8237	69	69000.000
8238	60	60000.000
8239	69	69000.000
8240	65	65000.000
8241	53	53000.000
8242	72	72000.000
8243	71	71000.000
8244	72	72000.000
8245	64	64000.000
8246	55	55000.000
8247	58	58000.000
8248	50	50000.000
8249	51	51000.000
8250	54	54000.000
8251	61	61000.000
8252	68	68000.000
8253	63	63000.000
8254	68	68000.000
8255	68	68000.000
8256	71	71000.000
8257	62	62000.000
8258	65	65000.000
8259	67	67000.000
8260	64	64000.000
8261	65	65000.000
8262	50	50000.000
8263	73	73000.000
8264	69	69000.000
8265	63	63000.000
8266	63	63000.000
8267	64	64000.000
8268	58	58000.000
8269	70	70000.000
8270	75	75000.000
8271	61	61000.000
8272	54	54000.000
8273	67	67000.000
8274	70	70000.000
8275	60	60000.000
8276	61	61000.000
8277	68	68000.000
8278	63	63000.000
8279	59	59000.000
8280	76	76000.000
8281	67	67000.000
8282	62	62000.000
8283	59	59000.000
8284	80	80000.000
8285	73	73000.000
8286	63	63000.000
8287	74	74000.000
8288	74	74000.000
8289	53	53000.000
8290	69	69000.000
8291	64	64000.000
8292	48	48000.000
8293	80	80000.000
8294	68	68000.000
8295	58	58000.000
8296	61	61000.000
8297	61	61000.000
8298	49	49000.000
8299	64	64000.000
8300	78	78000.000
8301	52	52000.000
8302	56	56000.000
8303	63	63000.000
8304	44	44000.000
8305	57	57000.000
8306	63	63000.000
8307	63	63000.000
8308	64	64000.000
8309	69	69000.000
8310	57	57000.000
8311	58	58000.000
8312	65	65000.000
8313	73	73000.000
8314	76	76000.000
8315	60	60000.000
8316	81	81000.000
8317	58	58000.000
8318	46	46000.000
8319	54	54000.000
8320	60	60000.000
8321	58	58000.000
8322	62	62000.000
8323	61	61000.000
8324	59	59000.000
8325	60	60000.000
8326	63	63000.000
8327	52	52000.000
8328	72	72000.000
8329	66	66000.000
8330	68	68000.000
8331	53	53000.000
8332	67	67000.000
8333	69	69000.000
8334	68	68000.000
8335	63	63000.000
8336	57	57000.000
8337	63	63000.000
8338	59	59000.000
8339	69	69000.000
8340	66	66000.000
8341	71	71000.000
8342	61	61000.000
8343	60	60000.000
8344	77	77000.000
8345	68	68000.000
8346	42	42000.000
8347	65	65000.000
8348	59	59000.000
8349	62	62000.000
8350	54	54000.000
8351	53	53000.000
8352	70	70000.000
8353	58	58000.000
8354	71	71000.000
8355	72	72000.000
8356	56	56000.000
8357	61	61000.000
8358	71	71000.000
8359	52	52000.000
8360	56	56000.000
8361	51	51000.000
8362	70	70000.000
8363	61	61000.000
8364	64	64000.000
8365	57	57000.000
8366	60	60000.000
8367	60	60000.000
8368	49	49000.000
8369	71	71000.000
8370	63	63000.000
8371	47	47000.000
8372	48	48000.000
8373	82	82000.000
8374	62	62000.000
8375	64	64000.000
8376	55	55000.000
8377	67	67000.000
8378	73	73000.000
8379	74	74000.000
8380	64	64000.000
8381	67	67000.000
8382	76	76000.000
8383	69	69000.000
8384	58	58000.000
8385	64	64000.000
8386	60	60000.000
8387	55	55000.000
8388	56	56000.000
8389	66	66000.000
8390	58	58000.000
8391	61	61000.000
8392	77	77000.000
8393	70	70000.000
8394	59	59000.000
8395	55	55000.000
8396	61	61000.000
8397	72	72000.000
8398	67	67000.000
8399	63	63000.000
8400	63	63000.000
8401	55	55000.000
8402	65	65000.000
8403	55	55000.000
8404	63	63000.000
8405	62	62000.000
8406	64	64000.000
8407	77	77000.000
8408	73	73000.000
8409	61	61000.000
8410	60	60000.000
8411	69	69000.000
8412	70	70000.000
8413	65	65000.000
8414	48	48000.000
8415	54	54000.000
8416	63	63000.000
8417	54	54000.000
8418	46	46000.000
8419	55	55000.000
8420	54	54000.000
8421	64	64000.000
8422	73	73000.000
8423	75	75000.000
8424	68	68000.000
8425	65	65000.000
8426	63	63000.000
8427	66	66000.000
8428	61	61000.000
8429	67	67000.000
8430	68	68000.000
8431	48	48000.000
8432	83	83000.000
8433	64	64000.000
8434	69	69000.000
8435	61	61000.000
8436	55	55000.000
8437	49	49000.000
8438	73	73000.000
8439	79	79000.000
8440	58	58000.000
8441	57	57000.000
8442	61	61000.000
8443	56	56000.000
8444	71	71000.000
8445	65	65000.000
8446	66	66000.000
8447	60	60000.000
8448	73	73000.000
8449	63	63000.000
8450	55	55000.000
8451	69	69000.000
8452	72	72000.000
8453	76	76000.000
8454	81	81000.000
8455	79	79000.000
8456	61	61000.000
8457	69	69000.000
8458	62	62000.000
8459	74	74000.000
8460	67	67000.000
8461	62	62000.000
8462	63	63000.000
8463	64	64000.000
8464	58	58000.000
8465	54	54000.000
8466	45	45000.000
8467	60	60000.000
8468	78	78000.000
8469	62	62000.000
8470	66	66000.000
8471	53	53000.000
8472	69	69000.000
8473	51	51000.000
8474	67	67000.000
8475	56	56000.000
8476	58	58000.000
8477	72	72000.000
8478	61	61000.000
8479	54	54000.000
8480	67	67000.000
8481	70	70000.000
8482	76	76000.000
8483	63	63000.000
8484	53	53000.000
8485	56	56000.000
8486	61	61000.000
8487	66	66000.000
8488	51	51000.000
8489	60	60000.000
8490	57	57000.000
8491	48	48000.000
8492	59	59000.000
8493	64	64000.000
8494	71	71000.000
8495	68	68000.000
8496	70	70000.000
8497	70	70000.000
8498	70	70000.000
8499	65	65000.000
8500	62	62000.000
8501	67	67000.000
8502	50	50000.000
8503	54	54000.000
8504	69	69000.000
8505	65	65000.000
8506	61	61000.000
8507	61	61000.000
8508	60	60000.000
8509	50	50000.000
8510	46	46000.000
8511	64	64000.000
8512	66	66000.000
8513	69	69000.000
8514	69	69000.000
8515	68	68000.000
8516	73	73000.000
8517	61	61000.000
8518	77	77000.000
8519	74	74000.000
8520	55	55000.000
8521	55	55000.000
8522	70	70000.000
8523	64	64000.000
8524	62	62000.000
8525	56	56000.000
8526	75	75000.000
8527	76	76000.000
8528	62	62000.000
8529	61	61000.000
8530	75	75000.000
8531	51	51000.000
8532	72	72000.000
8533	65	65000.000
8534	66	66000.000
8535	59	59000.000
8536	77	77000.000
8537	51	51000.000
8538	72	72000.000
8539	68	68000.000
8540	65	65000.000
8541	57	57000.000
8542	68	68000.000
8543	54	54000.000
8544	70	70000.000
8545	87	87000.000
8546	45	45000.000
8547	85	85000.000
8548	87	87000.000
8549	82	82000.000
8550	71	71000.000
8551	51	51000.000
8552	78	78000.000
8553	51	51000.000
8554	49	49000.000
8555	52	52000.000
8556	61	61000.000
8557	62	62000.000
8558	59	59000.000
8559	58	58000.000
8560	54	54000.000
8561	63	63000.000
8562	43	43000.000
8563	59	59000.000
8564	60	60000.000
8565	64	64000.000
8566	87	87000.000
8567	63	63000.000
8568	76	76000.000
8569	69	69000.000
8570	75	75000.000
8571	60	60000.000
8572	62	62000.000
8573	79	79000.000
8574	50	50000.000
8575	55	55000.000
8576	62	62000.000
8577	57	57000.000
8578	57	57000.000
8579	69	69000.000
8580	73	73000.000
8581	63	63000.000
8582	67	67000.000
8583	64	64000.000
8584	68	68000.000
8585	71	71000.000
8586	61	61000.000
8587	74	74000.000
8588	61	61000.000
8589	66	66000.000
8590	47	47000.000
8591	56	56000.000
8592	61	61000.000
8593	52	52000.000
8594	68	68000.000
8595	72	72000.000
8596	61	61000.000
8597	55	55000.000
8598	52	52000.000
8599	85	85000.000
8600	63	63000.000
8601	60	60000.000
8602	65	65000.000
8603	71	71000.000
8604	60	60000.000
8605	60	60000.000
8606	63	63000.000
8607	61	61000.000
8608	77	77000.000
8609	71	71000.000
8610	74	74000.000
8611	51	51000.000
8612	77	77000.000
8613	67	67000.000
8614	66	66000.000
8615	70	70000.000
8616	83	83000.000
8617	82	82000.000
8618	58	58000.000
8619	75	75000.000
8620	72	72000.000
8621	71	71000.000
8622	65	65000.000
8623	53	53000.000
8624	68	68000.000
8625	81	81000.000
8626	51	51000.000
8627	55	55000.000
8628	60	60000.000
8629	67	67000.000
8630	65	65000.000
8631	56	56000.000
8632	70	70000.000
8633	60	60000.000
8634	60	60000.000
8635	57	57000.000
8636	76	76000.000
8637	67	67000.000
8638	61	61000.000
8639	62	62000.000
8640	73	73000.000
8641	59	59000.000
8642	83	83000.000
8643	66	66000.000
8644	60	60000.000
8645	65	65000.000
8646	55	55000.000
8647	65	65000.000
8648	63	63000.000
8649	63	63000.000
8650	51	51000.000
8651	53	53000.000
8652	71	71000.000
8653	66	66000.000
8654	64	64000.000
8655	67	67000.000
8656	75	75000.000
8657	62	62000.000
8658	71	71000.000
8659	46	46000.000
8660	57	57000.000
8661	63	63000.000
8662	76	76000.000
8663	69	69000.000
8664	64	64000.000
8665	57	57000.000
8666	64	64000.000
8667	85	85000.000
8668	66	66000.000
8669	62	62000.000
8670	66	66000.000
8671	63	63000.000
8672	56	56000.000
8673	61	61000.000
8674	77	77000.000
8675	65	65000.000
8676	65	65000.000
8677	63	63000.000
8678	60	60000.000
8679	66	66000.000
8680	67	67000.000
8681	69	69000.000
8682	68	68000.000
8683	70	70000.000
8684	64	64000.000
8685	52	52000.000
8686	75	75000.000
8687	61	61000.000
8688	59	59000.000
8689	74	74000.000
8690	59	59000.000
8691	52	52000.000
8692	71	71000.000
8693	38	38000.000
8694	62	62000.000
8695	52	52000.000
8696	57	57000.000
8697	64	64000.000
8698	70	70000.000
8699	56	56000.000
8700	69	69000.000
8701	59	59000.000
8702	73	73000.000
8703	65	65000.000
8704	79	79000.000
8705	66	66000.000
8706	50	50000.000
8707	62	62000.000
8708	61	61000.000
8709	51	51000.000
8710	57	57000.000
8711	59	59000.000
8712	65	65000.000
8713	51	51000.000
8714	50	50000.000
8715	80	80000.000
8716	69	69000.000
8717	51	51000.000
8718	66	66000.000
8719	77	77000.000
8720	67	67000.000
8721	63	63000.000
8722	52	52000.000
8723	58	58000.000
8724	52	52000.000
8725	61	61000.000
8726	71	71000.000
8727	66	66000.000
8728	60	60000.000
8729	70	70000.000
8730	69	69000.000
8731	74	74000.000
8732	57	57000.000
8733	62	62000.000
8734	72	72000.000
8735	60	60000.000
8736	49	49000.000
8737	71	71000.000
8738	65	65000.000
8739	64	64000.000
8740	73	73000.000
8741	52	52000.000
8742	71	71000.000
8743	64	64000.000
8744	64	64000.000
8745	75	75000.000
8746	60	60000.000
8747	81	81000.000
8748	73	73000.000
8749	68	68000.000
8750	64	64000.000
8751	72	72000.000
8752	67	67000.000
8753	60	60000.000
8754	63	63000.000
8755	57	57000.000
8756	62	62000.000
8757	67	67000.000
8758	73	73000.000
8759	57	57000.000
8760	66	66000.000
8761	69	69000.000
8762	58	58000.000
8763	66	66000.000
8764	80	80000.000
8765	66	66000.000
8766	57	57000.000
8767	66	66000.000
8768	69	69000.000
8769	60	60000.000
8770	61	61000.000
8771	60	60000.000
8772	59	59000.000
8773	59	59000.000
8774	58	58000.000
8775	62	62000.000
8776	54	54000.000
8777	69	69000.000
8778	70	70000.000
8779	75	75000.000
8780	71	71000.000
8781	45	45000.000
8782	68	68000.000
8783	83	83000.000
8784	51	51000.000
8785	67	67000.000
8786	55	55000.000
8787	74	74000.000
8788	58	58000.000
8789	57	57000.000
8790	62	62000.000
8791	69	69000.000
8792	70	70000.000
8793	57	57000.000
8794	49	49000.000
8795	63	63000.000
8796	52	52000.000
8797	76	76000.000
8798	72	72000.000
8799	65	65000.000
8800	64	64000.000
8801	66	66000.000
8802	66	66000.000
8803	64	64000.000
8804	59	59000.000
8805	64	64000.000
8806	56	56000.000
8807	55	55000.000
8808	56	56000.000
8809	59	59000.000
8810	68	68000.000
8811	60	60000.000
8812	49	49000.000
8813	64	64000.000
8814	82	82000.000
8815	62	62000.000
8816	83	83000.000
8817	59	59000.000
8818	57	57000.000
8819	66	66000.000
8820	67	67000.000
8821	59	59000.000
8822	60	60000.000
8823	68	68000.000
8824	58	58000.000
8825	58	58000.000
8826	51	51000.000
8827	74	74000.000
8828	53	53000.000
8829	81	81000.000
8830	61	61000.000
8831	75	75000.000
8832	69	69000.000
8833	75	75000.000
8834	86	86000.000
8835	59	59000.000
8836	53	53000.000
8837	60	60000.000
8838	62	62000.000
8839	65	65000.000
8840	80	80000.000
8841	71	71000.000
8842	63	63000.000
8843	65	65000.000
8844	58	58000.000
8845	77	77000.000
8846	66	66000.000
8847	58	58000.000
8848	71	71000.000
8849	60	60000.000
8850	56	56000.000
8851	55	55000.000
8852	46	46000.000
8853	68	68000.000
8854	47	47000.000
8855	63	63000.000
8856	50	50000.000
8857	42	42000.000
8858	58	58000.000
8859	50	50000.000
8860	65	65000.000
8861	60	60000.000
8862	60	60000.000
8863	68	68000.000
8864	70	70000.000
8865	56	56000.000
8866	66	66000.000
8867	65	65000.000
8868	74	74000.000
8869	60	60000.000
8870	73	73000.000
8871	65	65000.000
8872	66	66000.000
8873	71	71000.000
8874	55	55000.000
8875	71	71000.000
8876	62	62000.000
8877	74	74000.000
8878	64	64000.000
8879	57	57000.000
8880	78	78000.000
8881	61	61000.000
8882	55	55000.000
8883	74	74000.000
8884	68	68000.000
8885	63	63000.000
8886	51	51000.000
8887	51	51000.000
8888	67	67000.000
8889	70	70000.000
8890	73	73000.000
8891	52	52000.000
8892	76	76000.000
8893	52	52000.000
8894	60	60000.000
8895	64	64000.000
8896	59	59000.000
8897	56	56000.000
8898	72	72000.000
8899	62	62000.000
8900	69	69000.000
8901	67	67000.000
8902	41	41000.000
8903	70	70000.000
8904	48	48000.000
8905	64	64000.000
8906	76	76000.000
8907	54	54000.000
8908	72	72000.000
8909	75	75000.000
8910	70	70000.000
8911	55	55000.000
8912	70	70000.000
8913	60	60000.000
8914	52	52000.000
8915	71	71000.000
8916	66	66000.000
8917	69	69000.000
8918	63	63000.000
8919	61	61000.000
8920	55	55000.000
8921	74	74000.000
8922	60	60000.000
8923	70	70000.000
8924	65	65000.000
8925	51	51000.000
8926	75	75000.000
8927	65	65000.000
8928	64	64000.000
8929	63	63000.000
8930	61	61000.000
8931	52	52000.000
8932	63	63000.000
8933	71	71000.000
8934	61	61000.000
8935	51	51000.000
8936	66	66000.000
8937	65	65000.000
8938	66	66000.000
8939	71	71000.000
8940	62	62000.000
8941	66	66000.000
8942	65	65000.000
8943	68	68000.000
8944	62	62000.000
8945	55	55000.000
8946	71	71000.000
8947	61	61000.000
8948	71	71000.000
8949	74	74000.000
8950	69	69000.000
8951	62	62000.000
8952	68	68000.000
8953	66	66000.000
8954	65	65000.000
8955	77	77000.000
8956	66	66000.000
8957	68	68000.000
8958	70	70000.000
8959	73	73000.000
8960	55	55000.000
8961	69	69000.000
8962	53	53000.000
8963	69	69000.000
8964	75	75000.000
8965	53	53000.000
8966	63	63000.000
8967	56	56000.000
8968	58	58000.000
8969	43	43000.000
8970	55	55000.000
8971	54	54000.000
8972	61	61000.000
8973	71	71000.000
8974	58	58000.000
8975	50	50000.000
8976	71	71000.000
8977	71	71000.000
8978	53	53000.000
8979	87	87000.000
8980	61	61000.000
8981	70	70000.000
8982	66	66000.000
8983	69	69000.000
8984	67	67000.000
8985	59	59000.000
8986	58	58000.000
8987	64	64000.000
8988	59	59000.000
8989	57	57000.000
8990	66	66000.000
8991	65	65000.000
8992	71	71000.000
8993	67	67000.000
8994	69	69000.000
8995	60	60000.000
8996	67	67000.000
8997	55	55000.000
8998	54	54000.000
8999	59	59000.000
9000	63	63000.000
9001	62	62000.000
9002	67	67000.000
9003	84	84000.000
9004	65	65000.000
9005	65	65000.000
9006	69	69000.000
9007	82	82000.000
9008	60	60000.000
9009	52	52000.000
9010	62	62000.000
9011	61	61000.000
9012	61	61000.000
9013	48	48000.000
9014	75	75000.000
9015	71	71000.000
9016	58	58000.000
9017	53	53000.000
9018	63	63000.000
9019	62	62000.000
9020	75	75000.000
9021	70	70000.000
9022	54	54000.000
9023	77	77000.000
9024	65	65000.000
9025	80	80000.000
9026	61	61000.000
9027	77	77000.000
9028	66	66000.000
9029	59	59000.000
9030	68	68000.000
9031	69	69000.000
9032	53	53000.000
9033	80	80000.000
9034	65	65000.000
9035	51	51000.000
9036	57	57000.000
9037	62	62000.000
9038	72	72000.000
9039	54	54000.000
9040	66	66000.000
9041	60	60000.000
9042	79	79000.000
9043	63	63000.000
9044	81	81000.000
9045	60	60000.000
9046	61	61000.000
9047	61	61000.000
9048	77	77000.000
9049	61	61000.000
9050	66	66000.000
9051	60	60000.000
9052	62	62000.000
9053	70	70000.000
9054	69	69000.000
9055	55	55000.000
9056	63	63000.000
9057	58	58000.000
9058	70	70000.000
9059	66	66000.000
9060	74	74000.000
9061	70	70000.000
9062	65	65000.000
9063	76	76000.000
9064	75	75000.000
9065	84	84000.000
9066	55	55000.000
9067	56	56000.000
9068	73	73000.000
9069	53	53000.000
9070	52	52000.000
9071	66	66000.000
9072	48	48000.000
9073	59	59000.000
9074	57	57000.000
9075	61	61000.000
9076	58	58000.000
9077	63	63000.000
9078	68	68000.000
9079	77	77000.000
9080	65	65000.000
9081	61	61000.000
9082	62	62000.000
9083	72	72000.000
9084	70	70000.000
9085	57	57000.000
9086	53	53000.000
9087	55	55000.000
9088	61	61000.000
9089	60	60000.000
9090	68	68000.000
9091	69	69000.000
9092	53	53000.000
9093	68	68000.000
9094	61	61000.000
9095	56	56000.000
9096	55	55000.000
9097	78	78000.000
9098	60	60000.000
9099	66	66000.000
9100	60	60000.000
9101	62	62000.000
9102	65	65000.000
9103	72	72000.000
9104	78	78000.000
9105	46	46000.000
9106	73	73000.000
9107	62	62000.000
9108	70	70000.000
9109	80	80000.000
9110	55	55000.000
9111	66	66000.000
9112	55	55000.000
9113	69	69000.000
9114	62	62000.000
9115	57	57000.000
9116	68	68000.000
9117	63	63000.000
9118	58	58000.000
9119	66	66000.000
9120	74	74000.000
9121	63	63000.000
9122	61	61000.000
9123	58	58000.000
9124	67	67000.000
9125	61	61000.000
9126	76	76000.000
9127	57	57000.000
9128	75	75000.000
9129	69	69000.000
9130	67	67000.000
9131	65	65000.000
9132	60	60000.000
9133	68	68000.000
9134	73	73000.000
9135	72	72000.000
9136	72	72000.000
9137	66	66000.000
9138	74	74000.000
9139	57	57000.000
9140	61	61000.000
9141	63	63000.000
9142	72	72000.000
9143	57	57000.000
9144	61	61000.000
9145	51	51000.000
9146	69	69000.000
9147	60	60000.000
9148	57	57000.000
9149	64	64000.000
9150	71	71000.000
9151	51	51000.000
9152	45	45000.000
9153	57	57000.000
9154	50	50000.000
9155	52	52000.000
9156	82	82000.000
9157	78	78000.000
9158	75	75000.000
9159	67	67000.000
9160	73	73000.000
9161	67	67000.000
9162	66	66000.000
9163	72	72000.000
9164	59	59000.000
9165	66	66000.000
9166	76	76000.000
9167	61	61000.000
9168	64	64000.000
9169	61	61000.000
9170	64	64000.000
9171	62	62000.000
9172	65	65000.000
9173	69	69000.000
9174	66	66000.000
9175	57	57000.000
9176	59	59000.000
9177	52	52000.000
9178	65	65000.000
9179	63	63000.000
9180	62	62000.000
9181	71	71000.000
9182	55	55000.000
9183	62	62000.000
9184	53	53000.000
9185	60	60000.000
9186	62	62000.000
9187	47	47000.000
9188	55	55000.000
9189	80	80000.000
9190	59	59000.000
9191	50	50000.000
9192	66	66000.000
9193	71	71000.000
9194	69	69000.000
9195	77	77000.000
9196	67	67000.000
9197	49	49000.000
9198	63	63000.000
9199	60	60000.000
9200	72	72000.000
9201	61	61000.000
9202	65	65000.000
9203	74	74000.000
9204	55	55000.000
9205	74	74000.000
9206	59	59000.000
9207	57	57000.000
9208	59	59000.000
9209	70	70000.000
9210	61	61000.000
9211	68	68000.000
9212	74	74000.000
9213	70	70000.000
9214	63	63000.000
9215	58	58000.000
9216	63	63000.000
9217	68	68000.000
9218	53	53000.000
9219	58	58000.000
9220	58	58000.000
9221	62	62000.000
9222	66	66000.000
9223	61	61000.000
9224	57	57000.000
9225	58	58000.000
9226	56	56000.000
9227	59	59000.000
9228	63	63000.000
9229	69	69000.000
9230	66	66000.000
9231	70	70000.000
9232	62	62000.000
9233	62	62000.000
9234	72	72000.000
9235	70	70000.000
9236	59	59000.000
9237	77	77000.000
9238	58	58000.000
9239	51	51000.000
9240	63	63000.000
9241	80	80000.000
9242	70	70000.000
9243	69	69000.000
9244	63	63000.000
9245	51	51000.000
9246	67	67000.000
9247	43	43000.000
9248	68	68000.000
9249	70	70000.000
9250	69	69000.000
9251	50	50000.000
9252	58	58000.000
9253	58	58000.000
9254	63	63000.000
9255	67	67000.000
9256	70	70000.000
9257	74	74000.000
9258	55	55000.000
9259	56	56000.000
9260	61	61000.000
9261	78	78000.000
9262	52	52000.000
9263	68	68000.000
9264	59	59000.000
9265	57	57000.000
9266	76	76000.000
9267	52	52000.000
9268	66	66000.000
9269	78	78000.000
9270	69	69000.000
9271	77	77000.000
9272	63	63000.000
9273	69	69000.000
9274	74	74000.000
9275	78	78000.000
9276	59	59000.000
9277	65	65000.000
9278	68	68000.000
9279	71	71000.000
9280	76	76000.000
9281	61	61000.000
9282	61	61000.000
9283	62	62000.000
9284	81	81000.000
9285	62	62000.000
9286	69	69000.000
9287	56	56000.000
9288	69	69000.000
9289	72	72000.000
9290	60	60000.000
9291	71	71000.000
9292	63	63000.000
9293	69	69000.000
9294	65	65000.000
9295	76	76000.000
9296	72	72000.000
9297	59	59000.000
9298	67	67000.000
9299	60	60000.000
9300	55	55000.000
9301	52	52000.000
9302	58	58000.000
9303	73	73000.000
9304	69	69000.000
9305	63	63000.000
9306	73	73000.000
9307	57	57000.000
9308	53	53000.000
9309	69	69000.000
9310	64	64000.000
9311	58	58000.000
9312	67	67000.000
9313	56	56000.000
9314	50	50000.000
9315	62	62000.000
9316	69	69000.000
9317	64	64000.000
9318	66	66000.000
9319	62	62000.000
9320	76	76000.000
9321	63	63000.000
9322	56	56000.000
9323	70	70000.000
9324	65	65000.000
9325	70	70000.000
9326	72	72000.000
9327	74	74000.000
9328	64	64000.000
9329	58	58000.000
9330	57	57000.000
9331	73	73000.000
9332	50	50000.000
9333	63	63000.000
9334	66	66000.000
9335	58	58000.000
9336	57	57000.000
9337	63	63000.000
9338	63	63000.000
9339	61	61000.000
9340	56	56000.000
9341	80	80000.000
9342	65	65000.000
9343	64	64000.000
9344	66	66000.000
9345	57	57000.000
9346	61	61000.000
9347	68	68000.000
9348	65	65000.000
9349	64	64000.000
9350	57	57000.000
9351	55	55000.000
9352	59	59000.000
9353	67	67000.000
9354	63	63000.000
9355	62	62000.000
9356	59	59000.000
9357	77	77000.000
9358	63	63000.000
9359	64	64000.000
9360	56	56000.000
9361	63	63000.000
9362	63	63000.000
9363	65	65000.000
9364	69	69000.000
9365	62	62000.000
9366	62	62000.000
9367	63	63000.000
9368	57	57000.000
9369	71	71000.000
9370	58	58000.000
9371	56	56000.000
9372	77	77000.000
9373	57	57000.000
9374	72	72000.000
9375	72	72000.000
9376	76	76000.000
9377	84	84000.000
9378	64	64000.000
9379	63	63000.000
9380	51	51000.000
9381	68	68000.000
9382	69	69000.000
9383	73	73000.000
9384	59	59000.000
9385	74	74000.000
9386	61	61000.000
9387	81	81000.000
9388	63	63000.000
9389	65	65000.000
9390	58	58000.000
9391	58	58000.000
9392	59	59000.000
9393	54	54000.000
9394	66	66000.000
9395	74	74000.000
9396	70	70000.000
9397	74	74000.000
9398	76	76000.000
9399	76	76000.000
9400	55	55000.000
9401	70	70000.000
9402	64	64000.000
9403	63	63000.000
9404	47	47000.000
9405	74	74000.000
9406	56	56000.000
9407	57	57000.000
9408	78	78000.000
9409	65	65000.000
9410	60	60000.000
9411	54	54000.000
9412	75	75000.000
9413	72	72000.000
9414	54	54000.000
9415	61	61000.000
9416	67	67000.000
9417	69	69000.000
9418	59	59000.000
9419	59	59000.000
9420	69	69000.000
9421	56	56000.000
9422	71	71000.000
9423	66	66000.000
9424	68	68000.000
9425	54	54000.000
9426	55	55000.000
9427	60	60000.000
9428	70	70000.000
9429	63	63000.000
9430	53	53000.000
9431	72	72000.000
9432	66	66000.000
9433	66	66000.000
9434	51	51000.000
9435	62	62000.000
9436	70	70000.000
9437	58	58000.000
9438	67	67000.000
9439	59	59000.000
9440	56	56000.000
9441	69	69000.000
9442	64	64000.000
9443	56	56000.000
9444	62	62000.000
9445	66	66000.000
9446	72	72000.000
9447	63	63000.000
9448	57	57000.000
9449	67	67000.000
9450	79	79000.000
9451	80	80000.000
9452	65	65000.000
9453	59	59000.000
9454	65	65000.000
9455	55	55000.000
9456	55	55000.000
9457	71	71000.000
9458	59	59000.000
9459	52	52000.000
9460	81	81000.000
9461	57	57000.000
9462	67	67000.000
9463	76	76000.000
9464	58	58000.000
9465	74	74000.000
9466	49	49000.000
9467	60	60000.000
9468	61	61000.000
9469	59	59000.000
9470	68	68000.000
9471	71	71000.000
9472	80	80000.000
9473	52	52000.000
9474	60	60000.000
9475	61	61000.000
9476	58	58000.000
9477	60	60000.000
9478	63	63000.000
9479	66	66000.000
9480	59	59000.000
9481	69	69000.000
9482	66	66000.000
9483	65	65000.000
9484	66	66000.000
9485	60	60000.000
9486	59	59000.000
9487	59	59000.000
9488	67	67000.000
9489	70	70000.000
9490	81	81000.000
9491	55	55000.000
9492	78	78000.000
9493	57	57000.000
9494	65	65000.000
9495	80	80000.000
9496	67	67000.000
9497	68	68000.000
9498	60	60000.000
9499	71	71000.000
9500	64	64000.000
9501	62	62000.000
9502	65	65000.000
9503	50	50000.000
9504	69	69000.000
9505	60	60000.000
9506	54	54000.000
9507	66	66000.000
9508	73	73000.000
9509	65	65000.000
9510	69	69000.000
9511	75	75000.000
9512	59	59000.000
9513	71	71000.000
9514	66	66000.000
9515	62	62000.000
9516	54	54000.000
9517	46	46000.000
9518	57	57000.000
9519	71	71000.000
9520	66	66000.000
9521	59	59000.000
9522	68	68000.000
9523	52	52000.000
9524	77	77000.000
9525	68	68000.000
9526	74	74000.000
9527	60	60000.000
9528	64	64000.000
9529	67	67000.000
9530	65	65000.000
9531	54	54000.000
9532	66	66000.000
9533	56	56000.000
9534	77	77000.000
9535	63	63000.000
9536	59	59000.000
9537	67	67000.000
9538	61	61000.000
9539	58	58000.000
9540	54	54000.000
9541	81	81000.000
9542	62	62000.000
9543	66	66000.000
9544	69	69000.000
9545	66	66000.000
9546	63	63000.000
9547	81	81000.000
9548	78	78000.000
9549	68	68000.000
9550	69	69000.000
9551	62	62000.000
9552	63	63000.000
9553	59	59000.000
9554	61	61000.000
9555	53	53000.000
9556	50	50000.000
9557	55	55000.000
9558	73	73000.000
9559	63	63000.000
9560	69	69000.000
9561	68	68000.000
9562	64	64000.000
9563	62	62000.000
9564	68	68000.000
9565	78	78000.000
9566	71	71000.000
9567	68	68000.000
9568	51	51000.000
9569	52	52000.000
9570	78	78000.000
9571	55	55000.000
9572	65	65000.000
9573	65	65000.000
9574	56	56000.000
9575	66	66000.000
9576	67	67000.000
9577	47	47000.000
9578	62	62000.000
9579	64	64000.000
9580	66	66000.000
9581	73	73000.000
9582	85	85000.000
9583	58	58000.000
9584	63	63000.000
9585	68	68000.000
9586	57	57000.000
9587	59	59000.000
9588	65	65000.000
9589	71	71000.000
9590	58	58000.000
9591	55	55000.000
9592	66	66000.000
9593	59	59000.000
9594	61	61000.000
9595	65	65000.000
9596	59	59000.000
9597	60	60000.000
9598	51	51000.000
9599	67	67000.000
9600	47	47000.000
9601	51	51000.000
9602	70	70000.000
9603	68	68000.000
9604	71	71000.000
9605	64	64000.000
9606	63	63000.000
9607	62	62000.000
9608	66	66000.000
9609	68	68000.000
9610	61	61000.000
9611	49	49000.000
9612	73	73000.000
9613	54	54000.000
9614	75	75000.000
9615	65	65000.000
9616	65	65000.000
9617	66	66000.000
9618	65	65000.000
9619	73	73000.000
9620	61	61000.000
9621	49	49000.000
9622	68	68000.000
9623	58	58000.000
9624	77	77000.000
9625	56	56000.000
9626	67	67000.000
9627	65	65000.000
9628	58	58000.000
9629	68	68000.000
9630	69	69000.000
9631	55	55000.000
9632	73	73000.000
9633	70	70000.000
9634	56	56000.000
9635	66	66000.000
9636	56	56000.000
9637	72	72000.000
9638	51	51000.000
9639	63	63000.000
9640	68	68000.000
9641	62	62000.000
9642	54	54000.000
9643	53	53000.000
9644	51	51000.000
9645	60	60000.000
9646	50	50000.000
9647	59	59000.000
9648	65	65000.000
9649	69	69000.000
9650	63	63000.000
9651	59	59000.000
9652	71	71000.000
9653	51	51000.000
9654	59	59000.000
9655	68	68000.000
9656	62	62000.000
9657	52	52000.000
9658	69	69000.000
9659	75	75000.000
9660	67	67000.000
9661	63	63000.000
9662	65	65000.000
9663	55	55000.000
9664	74	74000.000
9665	59	59000.000
9666	71	71000.000
9667	63	63000.000
9668	78	78000.000
9669	68	68000.000
9670	72	72000.000
9671	52	52000.000
9672	69	69000.000
9673	62	62000.000
9674	54	54000.000
9675	58	58000.000
9676	61	61000.000
9677	60	60000.000
9678	62	62000.000
9679	60	60000.000
9680	52	52000.000
9681	60	60000.000
9682	60	60000.000
9683	64	64000.000
9684	62	62000.000
9685	74	74000.000
9686	68	68000.000
9687	73	73000.000
9688	63	63000.000
9689	66	66000.000
9690	77	77000.000
9691	64	64000.000
9692	56	56000.000
9693	72	72000.000
9694	62	62000.000
9695	69	69000.000
9696	67	67000.000
9697	84	84000.000
9698	85	85000.000
9699	82	82000.000
9700	81	81000.000
9701	60	60000.000
9702	60	60000.000
9703	66	66000.000
9704	70	70000.000
9705	57	57000.000
9706	63	63000.000
9707	66	66000.000
9708	72	72000.000
9709	66	66000.000
9710	68	68000.000
9711	63	63000.000
9712	68	68000.000
9713	62	62000.000
9714	67	67000.000
9715	60	60000.000
9716	75	75000.000
9717	56	56000.000
9718	59	59000.000
9719	59	59000.000
9720	69	69000.000
9721	50	50000.000
9722	73	73000.000
9723	66	66000.000
9724	62	62000.000
9725	57	57000.000
9726	63	63000.000
9727	51	51000.000
9728	66	66000.000
9729	61	61000.000
9730	61	61000.000
9731	58	58000.000
9732	69	69000.000
9733	72	72000.000
9734	43	43000.000
9735	62	62000.000
9736	68	68000.000
9737	65	65000.000
9738	70	70000.000
9739	63	63000.000
9740	50	50000.000
9741	61	61000.000
9742	73	73000.000
9743	70	70000.000
9744	66	66000.000
9745	60	60000.000
9746	72	72000.000
9747	60	60000.000
9748	66	66000.000
9749	60	60000.000
9750	58	58000.000
9751	47	47000.000
9752	59	59000.000
9753	70	70000.000
9754	55	55000.000
9755	65	65000.000
9756	69	69000.000
9757	63	63000.000
9758	71	71000.000
9759	64	64000.000
9760	59	59000.000
9761	70	70000.000
9762	58	58000.000
9763	65	65000.000
9764	70	70000.000
9765	64	64000.000
9766	61	61000.000
9767	61	61000.000
9768	59	59000.000
9769	73	73000.000
9770	72	72000.000
9771	54	54000.000
9772	55	55000.000
9773	68	68000.000
9774	55	55000.000
9775	55	55000.000
9776	69	69000.000
9777	70	70000.000
9778	57	57000.000
9779	63	63000.000
9780	55	55000.000
9781	67	67000.000
9782	50	50000.000
9783	73	73000.000
9784	72	72000.000
9785	60	60000.000
9786	64	64000.000
9787	73	73000.000
9788	68	68000.000
9789	73	73000.000
9790	70	70000.000
9791	67	67000.000
9792	59	59000.000
9793	41	41000.000
9794	68	68000.000
9795	60	60000.000
9796	51	51000.000
9797	67	67000.000
9798	65	65000.000
9799	61	61000.000
9800	60	60000.000
9801	60	60000.000
9802	58	58000.000
9803	63	63000.000
9804	49	49000.000
9805	76	76000.000
9806	66	66000.000
9807	71	71000.000
9808	65	65000.000
9809	60	60000.000
9810	57	57000.000
9811	69	69000.000
9812	67	67000.000
9813	66	66000.000
9814	70	70000.000
9815	68	68000.000
9816	59	59000.000
9817	71	71000.000
9818	63	63000.000
9819	62	62000.000
9820	61	61000.000
9821	69	69000.000
9822	71	71000.000
9823	71	71000.000
9824	53	53000.000
9825	69	69000.000
9826	74	74000.000
9827	59	59000.000
9828	52	52000.000
9829	50	50000.000
9830	59	59000.000
9831	69	69000.000
9832	86	86000.000
9833	61	61000.000
9834	72	72000.000
9835	61	61000.000
9836	52	52000.000
9837	65	65000.000
9838	68	68000.000
9839	46	46000.000
9840	66	66000.000
9841	67	67000.000
9842	49	49000.000
9843	72	72000.000
9844	74	74000.000
9845	60	60000.000
9846	63	63000.000
9847	59	59000.000
9848	63	63000.000
9849	79	79000.000
9850	61	61000.000
9851	63	63000.000
9852	58	58000.000
9853	74	74000.000
9854	65	65000.000
9855	60	60000.000
9856	64	64000.000
9857	67	67000.000
9858	68	68000.000
9859	62	62000.000
9860	47	47000.000
9861	63	63000.000
9862	62	62000.000
9863	70	70000.000
9864	59	59000.000
9865	62	62000.000
9866	51	51000.000
9867	69	69000.000
9868	54	54000.000
9869	58	58000.000
9870	62	62000.000
9871	71	71000.000
9872	71	71000.000
9873	60	60000.000
9874	72	72000.000
9875	61	61000.000
9876	58	58000.000
9877	52	52000.000
9878	89	89000.000
9879	45	45000.000
9880	51	51000.000
9881	61	61000.000
9882	67	67000.000
9883	62	62000.000
9884	63	63000.000
9885	76	76000.000
9886	73	73000.000
9887	55	55000.000
9888	72	72000.000
9889	60	60000.000
9890	63	63000.000
9891	74	74000.000
9892	59	59000.000
9893	69	69000.000
9894	55	55000.000
9895	61	61000.000
9896	60	60000.000
9897	60	60000.000
9898	55	55000.000
9899	61	61000.000
9900	54	54000.000
9901	58	58000.000
9902	79	79000.000
9903	70	70000.000
9904	64	64000.000
9905	72	72000.000
9906	64	64000.000
9907	53	53000.000
9908	61	61000.000
9909	73	73000.000
9910	58	58000.000
9911	64	64000.000
9912	67	67000.000
9913	59	59000.000
9914	52	52000.000
9915	46	46000.000
9916	53	53000.000
9917	60	60000.000
9918	52	52000.000
9919	69	69000.000
9920	63	63000.000
9921	61	61000.000
9922	56	56000.000
9923	71	71000.000
9924	60	60000.000
9925	78	78000.000
9926	52	52000.000
9927	69	69000.000
9928	71	71000.000
9929	57	57000.000
9930	65	65000.000
9931	66	66000.000
9932	64	64000.000
9933	71	71000.000
9934	55	55000.000
9935	68	68000.000
9936	67	67000.000
9937	58	58000.000
9938	68	68000.000
9939	68	68000.000
9940	66	66000.000
9941	61	61000.000
9942	62	62000.000
9943	50	50000.000
9944	57	57000.000
9945	60	60000.000
9946	56	56000.000
9947	63	63000.000
9948	87	87000.000
9949	58	58000.000
9950	67	67000.000
9951	68	68000.000
9952	66	66000.000
9953	68	68000.000
9954	66	66000.000
9955	57	57000.000
9956	68	68000.000
9957	69	69000.000
9958	63	63000.000
9959	68	68000.000
9960	71	71000.000
9961	62	62000.000
9962	66	66000.000
9963	61	61000.000
9964	70	70000.000
9965	83	83000.000
9966	59	59000.000
9967	50	50000.000
9968	66	66000.000
9969	67	67000.000
9970	70	70000.000
9971	68	68000.000
9972	71	71000.000
9973	53	53000.000
9974	70	70000.000
9975	61	61000.000
9976	71	71000.000
9977	56	56000.000
9978	66	66000.000
9979	64	64000.000
9980	51	51000.000
9981	56	56000.000
9982	56	56000.000
9983	79	79000.000
9984	64	64000.000
9985	74	74000.000
9986	74	74000.000
9987	64	64000.000
9988	58	58000.000
9989	51	51000.000
9990	78	78000.000
9991	77	77000.000
9992	63	63000.000
9993	52	52000.000
9994	56	56000.000
9995	66	66000.000
9996	61	61000.000
9997	80	80000.000
9998	69	69000.000
9999	70	70000.000
10000	60	60000.000
