# bins en theta = 120.00 deg
# bin_length_s = 0.001000
# bin	counts	CPS
1	135	135000.000
2	159	159000.000
3	133	133000.000
4	158	158000.000
5	175	175000.000
6	152	152000.000
7	151	151000.000
8	169	169000.000
9	182	182000.000
10	146	146000.000
11	137	137000.000
12	167	167000.000
13	145	145000.000
14	163	163000.000
15	151	151000.000
16	156	156000.000
17	169	169000.000
18	152	152000.000
19	155	155000.000
20	163	163000.000
21	141	141000.000
22	122	122000.000
23	136	136000.000
24	166	166000.000
25	145	145000.000
26	159	159000.000
27	159	159000.000
28	147	147000.000
29	162	162000.000
30	163	163000.000
31	146	146000.000
32	148	148000.000
33	151	151000.000
34	152	152000.000
35	142	142000.000
36	142	142000.000
37	147	147000.000
38	149	149000.000
39	141	141000.000
40	146	146000.000
41	169	169000.000
42	134	134000.000
43	147	147000.000
44	177	177000.000
45	154	154000.000
46	141	141000.000
47	149	149000.000
48	144	144000.000
49	170	170000.000
50	166	166000.000
51	132	132000.000
52	156	156000.000
53	153	153000.000
54	143	143000.000
55	136	136000.000
56	156	156000.000
57	130	130000.000
58	164	164000.000
59	171	171000.000
60	145	145000.000
61	152	152000.000
62	180	180000.000
63	143	143000.000
64	159	159000.000
65	178	178000.000
66	169	169000.000
67	135	135000.000
68	169	169000.000
69	153	153000.000
70	155	155000.000
71	152	152000.000
72	160	160000.000
73	160	160000.000
74	159	159000.000
75	147	147000.000
76	150	150000.000
77	147	147000.000
78	156	156000.000
79	128	128000.000
80	151	151000.000
81	141	141000.000
82	162	162000.000
83	153	153000.000
84	157	157000.000
85	167	167000.000
86	155	155000.000
87	149	149000.000
88	166	166000.000
89	137	137000.000
90	131	131000.000
91	134	134000.000
92	148	148000.000
93	157	157000.000
94	119	119000.000
95	169	169000.000
96	161	161000.000
97	156	156000.000
98	153	153000.000
99	152	152000.000
100	137	137000.000
101	164	164000.000
102	151	151000.000
103	182	182000.000
104	164	164000.000
105	151	151000.000
106	153	153000.000
107	156	156000.000
108	148	148000.000
109	149	149000.000
110	168	168000.000
111	160	160000.000
112	164	164000.000
113	173	173000.000
114	150	150000.000
115	150	150000.000
116	188	188000.000
117	143	143000.000
118	159	159000.000
119	153	153000.000
120	154	154000.000
121	160	160000.000
122	157	157000.000
123	146	146000.000
124	150	150000.000
125	139	139000.000
126	136	136000.000
127	157	157000.000
128	144	144000.000
129	165	165000.000
130	178	178000.000
131	149	149000.000
132	163	163000.000
133	146	146000.000
134	149	149000.000
135	150	150000.000
136	168	168000.000
137	141	141000.000
138	172	172000.000
139	150	150000.000
140	144	144000.000
141	129	129000.000
142	158	158000.000
143	158	158000.000
144	150	150000.000
145	138	138000.000
146	151	151000.000
147	156	156000.000
148	139	139000.000
149	151	151000.000
150	152	152000.000
151	157	157000.000
152	152	152000.000
153	173	173000.000
154	170	170000.000
155	145	145000.000
156	128	128000.000
157	159	159000.000
158	173	173000.000
159	163	163000.000
160	143	143000.000
161	128	128000.000
162	181	181000.000
163	183	183000.000
164	150	150000.000
165	153	153000.000
166	154	154000.000
167	148	148000.000
168	143	143000.000
169	147	147000.000
170	146	146000.000
171	149	149000.000
172	139	139000.000
173	150	150000.000
174	118	118000.000
175	152	152000.000
176	144	144000.000
177	156	156000.000
178	167	167000.000
179	181	181000.000
180	132	132000.000
181	138	138000.000
182	144	144000.000
183	142	142000.000
184	147	147000.000
185	161	161000.000
186	141	141000.000
187	160	160000.000
188	146	146000.000
189	160	160000.000
190	149	149000.000
191	165	165000.000
192	131	131000.000
193	157	157000.000
194	137	137000.000
195	144	144000.000
196	178	178000.000
197	168	168000.000
198	160	160000.000
199	151	151000.000
200	153	153000.000
201	152	152000.000
202	161	161000.000
203	154	154000.000
204	162	162000.000
205	147	147000.000
206	162	162000.000
207	141	141000.000
208	139	139000.000
209	165	165000.000
210	157	157000.000
211	154	154000.000
212	166	166000.000
213	157	157000.000
214	162	162000.000
215	142	142000.000
216	156	156000.000
217	147	147000.000
218	160	160000.000
219	154	154000.000
220	164	164000.000
221	161	161000.000
222	128	128000.000
223	134	134000.000
224	147	147000.000
225	143	143000.000
226	156	156000.000
227	153	153000.000
228	172	172000.000
229	143	143000.000
230	137	137000.000
231	168	168000.000
232	177	177000.000
233	143	143000.000
234	137	137000.000
235	146	146000.000
236	149	149000.000
237	189	189000.000
238	163	163000.000
239	160	160000.000
240	154	154000.000
241	139	139000.000
242	155	155000.000
243	138	138000.000
244	157	157000.000
245	177	177000.000
246	133	133000.000
247	149	149000.000
248	165	165000.000
249	152	152000.000
250	148	148000.000
251	136	136000.000
252	153	153000.000
253	170	170000.000
254	148	148000.000
255	156	156000.000
256	120	120000.000
257	147	147000.000
258	158	158000.000
259	149	149000.000
260	160	160000.000
261	145	145000.000
262	147	147000.000
263	153	153000.000
264	136	136000.000
265	142	142000.000
266	154	154000.000
267	161	161000.000
268	164	164000.000
269	172	172000.000
270	139	139000.000
271	173	173000.000
272	177	177000.000
273	162	162000.000
274	145	145000.000
275	148	148000.000
276	143	143000.000
277	166	166000.000
278	165	165000.000
279	159	159000.000
280	153	153000.000
281	156	156000.000
282	161	161000.000
283	143	143000.000
284	140	140000.000
285	128	128000.000
286	149	149000.000
287	145	145000.000
288	141	141000.000
289	132	132000.000
290	143	143000.000
291	152	152000.000
292	146	146000.000
293	130	130000.000
294	156	156000.000
295	143	143000.000
296	171	171000.000
297	150	150000.000
298	154	154000.000
299	156	156000.000
300	158	158000.000
301	154	154000.000
302	174	174000.000
303	159	159000.000
304	151	151000.000
305	140	140000.000
306	162	162000.000
307	165	165000.000
308	142	142000.000
309	162	162000.000
310	152	152000.000
311	121	121000.000
312	143	143000.000
313	154	154000.000
314	160	160000.000
315	160	160000.000
316	160	160000.000
317	153	153000.000
318	142	142000.000
319	162	162000.000
320	165	165000.000
321	139	139000.000
322	138	138000.000
323	159	159000.000
324	156	156000.000
325	178	178000.000
326	166	166000.000
327	158	158000.000
328	180	180000.000
329	131	131000.000
330	176	176000.000
331	162	162000.000
332	143	143000.000
333	146	146000.000
334	143	143000.000
335	148	148000.000
336	143	143000.000
337	152	152000.000
338	162	162000.000
339	161	161000.000
340	145	145000.000
341	135	135000.000
342	154	154000.000
343	142	142000.000
344	157	157000.000
345	166	166000.000
346	132	132000.000
347	130	130000.000
348	160	160000.000
349	168	168000.000
350	162	162000.000
351	175	175000.000
352	159	159000.000
353	137	137000.000
354	146	146000.000
355	155	155000.000
356	163	163000.000
357	131	131000.000
358	159	159000.000
359	162	162000.000
360	147	147000.000
361	162	162000.000
362	181	181000.000
363	157	157000.000
364	153	153000.000
365	129	129000.000
366	183	183000.000
367	145	145000.000
368	157	157000.000
369	151	151000.000
370	132	132000.000
371	155	155000.000
372	151	151000.000
373	174	174000.000
374	159	159000.000
375	162	162000.000
376	165	165000.000
377	161	161000.000
378	154	154000.000
379	152	152000.000
380	150	150000.000
381	162	162000.000
382	157	157000.000
383	130	130000.000
384	154	154000.000
385	149	149000.000
386	156	156000.000
387	174	174000.000
388	149	149000.000
389	157	157000.000
390	143	143000.000
391	148	148000.000
392	146	146000.000
393	148	148000.000
394	141	141000.000
395	143	143000.000
396	151	151000.000
397	166	166000.000
398	131	131000.000
399	159	159000.000
400	131	131000.000
401	133	133000.000
402	146	146000.000
403	140	140000.000
404	166	166000.000
405	159	159000.000
406	132	132000.000
407	154	154000.000
408	165	165000.000
409	152	152000.000
410	153	153000.000
411	162	162000.000
412	152	152000.000
413	143	143000.000
414	158	158000.000
415	158	158000.000
416	142	142000.000
417	139	139000.000
418	130	130000.000
419	153	153000.000
420	125	125000.000
421	134	134000.000
422	154	154000.000
423	147	147000.000
424	158	158000.000
425	144	144000.000
426	162	162000.000
427	156	156000.000
428	144	144000.000
429	169	169000.000
430	161	161000.000
431	162	162000.000
432	158	158000.000
433	174	174000.000
434	168	168000.000
435	177	177000.000
436	145	145000.000
437	165	165000.000
438	165	165000.000
439	122	122000.000
440	150	150000.000
441	160	160000.000
442	166	166000.000
443	171	171000.000
444	127	127000.000
445	152	152000.000
446	158	158000.000
447	152	152000.000
448	159	159000.000
449	159	159000.000
450	158	158000.000
451	155	155000.000
452	133	133000.000
453	141	141000.000
454	137	137000.000
455	143	143000.000
456	153	153000.000
457	173	173000.000
458	147	147000.000
459	149	149000.000
460	141	141000.000
461	152	152000.000
462	156	156000.000
463	159	159000.000
464	138	138000.000
465	137	137000.000
466	156	156000.000
467	150	150000.000
468	184	184000.000
469	138	138000.000
470	158	158000.000
471	150	150000.000
472	144	144000.000
473	138	138000.000
474	147	147000.000
475	163	163000.000
476	173	173000.000
477	158	158000.000
478	167	167000.000
479	145	145000.000
480	162	162000.000
481	163	163000.000
482	153	153000.000
483	154	154000.000
484	170	170000.000
485	159	159000.000
486	175	175000.000
487	138	138000.000
488	138	138000.000
489	121	121000.000
490	162	162000.000
491	145	145000.000
492	163	163000.000
493	152	152000.000
494	167	167000.000
495	154	154000.000
496	153	153000.000
497	130	130000.000
498	133	133000.000
499	161	161000.000
500	159	159000.000
501	152	152000.000
502	143	143000.000
503	163	163000.000
504	150	150000.000
505	166	166000.000
506	171	171000.000
507	152	152000.000
508	139	139000.000
509	185	185000.000
510	156	156000.000
511	164	164000.000
512	154	154000.000
513	132	132000.000
514	148	148000.000
515	158	158000.000
516	153	153000.000
517	173	173000.000
518	165	165000.000
519	153	153000.000
520	170	170000.000
521	135	135000.000
522	176	176000.000
523	164	164000.000
524	149	149000.000
525	149	149000.000
526	137	137000.000
527	154	154000.000
528	149	149000.000
529	161	161000.000
530	161	161000.000
531	143	143000.000
532	155	155000.000
533	132	132000.000
534	135	135000.000
535	155	155000.000
536	148	148000.000
537	159	159000.000
538	157	157000.000
539	154	154000.000
540	153	153000.000
541	168	168000.000
542	142	142000.000
543	138	138000.000
544	159	159000.000
545	136	136000.000
546	141	141000.000
547	144	144000.000
548	160	160000.000
549	147	147000.000
550	134	134000.000
551	134	134000.000
552	149	149000.000
553	157	157000.000
554	144	144000.000
555	150	150000.000
556	164	164000.000
557	143	143000.000
558	164	164000.000
559	153	153000.000
560	164	164000.000
561	140	140000.000
562	139	139000.000
563	158	158000.000
564	156	156000.000
565	151	151000.000
566	151	151000.000
567	140	140000.000
568	159	159000.000
569	170	170000.000
570	139	139000.000
571	142	142000.000
572	158	158000.000
573	169	169000.000
574	163	163000.000
575	137	137000.000
576	160	160000.000
577	147	147000.000
578	162	162000.000
579	154	154000.000
580	137	137000.000
581	178	178000.000
582	170	170000.000
583	158	158000.000
584	147	147000.000
585	140	140000.000
586	179	179000.000
587	171	171000.000
588	166	166000.000
589	141	141000.000
590	156	156000.000
591	150	150000.000
592	176	176000.000
593	144	144000.000
594	150	150000.000
595	156	156000.000
596	158	158000.000
597	158	158000.000
598	152	152000.000
599	160	160000.000
600	167	167000.000
601	149	149000.000
602	137	137000.000
603	141	141000.000
604	148	148000.000
605	122	122000.000
606	133	133000.000
607	142	142000.000
608	137	137000.000
609	153	153000.000
610	183	183000.000
611	134	134000.000
612	144	144000.000
613	165	165000.000
614	144	144000.000
615	154	154000.000
616	139	139000.000
617	171	171000.000
618	169	169000.000
619	175	175000.000
620	165	165000.000
621	145	145000.000
622	162	162000.000
623	152	152000.000
624	178	178000.000
625	152	152000.000
626	129	129000.000
627	160	160000.000
628	186	186000.000
629	134	134000.000
630	146	146000.000
631	163	163000.000
632	152	152000.000
633	148	148000.000
634	162	162000.000
635	138	138000.000
636	141	141000.000
637	153	153000.000
638	168	168000.000
639	172	172000.000
640	145	145000.000
641	157	157000.000
642	143	143000.000
643	155	155000.000
644	160	160000.000
645	133	133000.000
646	142	142000.000
647	159	159000.000
648	154	154000.000
649	145	145000.000
650	139	139000.000
651	172	172000.000
652	164	164000.000
653	148	148000.000
654	169	169000.000
655	153	153000.000
656	151	151000.000
657	138	138000.000
658	164	164000.000
659	160	160000.000
660	146	146000.000
661	150	150000.000
662	151	151000.000
663	179	179000.000
664	143	143000.000
665	127	127000.000
666	164	164000.000
667	143	143000.000
668	167	167000.000
669	174	174000.000
670	155	155000.000
671	160	160000.000
672	145	145000.000
673	159	159000.000
674	134	134000.000
675	157	157000.000
676	140	140000.000
677	155	155000.000
678	144	144000.000
679	158	158000.000
680	147	147000.000
681	129	129000.000
682	151	151000.000
683	144	144000.000
684	152	152000.000
685	172	172000.000
686	168	168000.000
687	168	168000.000
688	168	168000.000
689	151	151000.000
690	146	146000.000
691	181	181000.000
692	151	151000.000
693	166	166000.000
694	160	160000.000
695	141	141000.000
696	151	151000.000
697	147	147000.000
698	139	139000.000
699	158	158000.000
700	156	156000.000
701	161	161000.000
702	154	154000.000
703	159	159000.000
704	159	159000.000
705	165	165000.000
706	140	140000.000
707	147	147000.000
708	175	175000.000
709	139	139000.000
710	156	156000.000
711	156	156000.000
712	163	163000.000
713	137	137000.000
714	143	143000.000
715	154	154000.000
716	146	146000.000
717	152	152000.000
718	156	156000.000
719	159	159000.000
720	135	135000.000
721	139	139000.000
722	149	149000.000
723	166	166000.000
724	127	127000.000
725	136	136000.000
726	163	163000.000
727	155	155000.000
728	169	169000.000
729	139	139000.000
730	152	152000.000
731	159	159000.000
732	160	160000.000
733	136	136000.000
734	156	156000.000
735	149	149000.000
736	151	151000.000
737	161	161000.000
738	140	140000.000
739	159	159000.000
740	151	151000.000
741	160	160000.000
742	145	145000.000
743	174	174000.000
744	136	136000.000
745	133	133000.000
746	134	134000.000
747	144	144000.000
748	150	150000.000
749	161	161000.000
750	176	176000.000
751	128	128000.000
752	147	147000.000
753	137	137000.000
754	145	145000.000
755	140	140000.000
756	138	138000.000
757	148	148000.000
758	139	139000.000
759	152	152000.000
760	141	141000.000
761	152	152000.000
762	155	155000.000
763	151	151000.000
764	140	140000.000
765	158	158000.000
766	168	168000.000
767	141	141000.000
768	171	171000.000
769	177	177000.000
770	159	159000.000
771	158	158000.000
772	157	157000.000
773	165	165000.000
774	158	158000.000
775	155	155000.000
776	136	136000.000
777	154	154000.000
778	153	153000.000
779	151	151000.000
780	141	141000.000
781	148	148000.000
782	148	148000.000
783	151	151000.000
784	146	146000.000
785	143	143000.000
786	161	161000.000
787	160	160000.000
788	166	166000.000
789	152	152000.000
790	166	166000.000
791	165	165000.000
792	160	160000.000
793	162	162000.000
794	180	180000.000
795	157	157000.000
796	132	132000.000
797	157	157000.000
798	167	167000.000
799	148	148000.000
800	141	141000.000
801	168	168000.000
802	153	153000.000
803	169	169000.000
804	166	166000.000
805	146	146000.000
806	165	165000.000
807	140	140000.000
808	172	172000.000
809	156	156000.000
810	132	132000.000
811	138	138000.000
812	146	146000.000
813	149	149000.000
814	166	166000.000
815	150	150000.000
816	132	132000.000
817	151	151000.000
818	146	146000.000
819	156	156000.000
820	155	155000.000
821	161	161000.000
822	158	158000.000
823	138	138000.000
824	122	122000.000
825	170	170000.000
826	130	130000.000
827	158	158000.000
828	143	143000.000
829	139	139000.000
830	151	151000.000
831	162	162000.000
832	176	176000.000
833	155	155000.000
834	137	137000.000
835	165	165000.000
836	144	144000.000
837	150	150000.000
838	142	142000.000
839	142	142000.000
840	131	131000.000
841	145	145000.000
842	133	133000.000
843	172	172000.000
844	159	159000.000
845	131	131000.000
846	150	150000.000
847	140	140000.000
848	151	151000.000
849	159	159000.000
850	162	162000.000
851	150	150000.000
852	158	158000.000
853	170	170000.000
854	156	156000.000
855	143	143000.000
856	170	170000.000
857	140	140000.000
858	150	150000.000
859	143	143000.000
860	166	166000.000
861	154	154000.000
862	154	154000.000
863	134	134000.000
864	152	152000.000
865	141	141000.000
866	171	171000.000
867	138	138000.000
868	157	157000.000
869	155	155000.000
870	149	149000.000
871	143	143000.000
872	165	165000.000
873	136	136000.000
874	153	153000.000
875	146	146000.000
876	161	161000.000
877	132	132000.000
878	165	165000.000
879	161	161000.000
880	135	135000.000
881	142	142000.000
882	140	140000.000
883	148	148000.000
884	141	141000.000
885	151	151000.000
886	142	142000.000
887	145	145000.000
888	168	168000.000
889	132	132000.000
890	157	157000.000
891	138	138000.000
892	145	145000.000
893	170	170000.000
894	186	186000.000
895	175	175000.000
896	165	165000.000
897	151	151000.000
898	152	152000.000
899	171	171000.000
900	149	149000.000
901	137	137000.000
902	147	147000.000
903	150	150000.000
904	147	147000.000
905	154	154000.000
906	156	156000.000
907	179	179000.000
908	150	150000.000
909	162	162000.000
910	156	156000.000
911	142	142000.000
912	174	174000.000
913	148	148000.000
914	141	141000.000
915	161	161000.000
916	167	167000.000
917	146	146000.000
918	162	162000.000
919	126	126000.000
920	173	173000.000
921	144	144000.000
922	141	141000.000
923	154	154000.000
924	161	161000.000
925	135	135000.000
926	161	161000.000
927	147	147000.000
928	143	143000.000
929	141	141000.000
930	158	158000.000
931	141	141000.000
932	177	177000.000
933	175	175000.000
934	171	171000.000
935	141	141000.000
936	117	117000.000
937	132	132000.000
938	150	150000.000
939	152	152000.000
940	150	150000.000
941	160	160000.000
942	140	140000.000
943	152	152000.000
944	146	146000.000
945	141	141000.000
946	127	127000.000
947	138	138000.000
948	128	128000.000
949	149	149000.000
950	142	142000.000
951	153	153000.000
952	129	129000.000
953	160	160000.000
954	145	145000.000
955	146	146000.000
956	153	153000.000
957	144	144000.000
958	156	156000.000
959	121	121000.000
960	143	143000.000
961	142	142000.000
962	135	135000.000
963	133	133000.000
964	160	160000.000
965	137	137000.000
966	159	159000.000
967	157	157000.000
968	142	142000.000
969	147	147000.000
970	160	160000.000
971	138	138000.000
972	153	153000.000
973	151	151000.000
974	161	161000.000
975	152	152000.000
976	154	154000.000
977	146	146000.000
978	145	145000.000
979	139	139000.000
980	151	151000.000
981	150	150000.000
982	156	156000.000
983	185	185000.000
984	150	150000.000
985	148	148000.000
986	150	150000.000
987	154	154000.000
988	147	147000.000
989	196	196000.000
990	141	141000.000
991	150	150000.000
992	124	124000.000
993	181	181000.000
994	148	148000.000
995	155	155000.000
996	156	156000.000
997	146	146000.000
998	160	160000.000
999	135	135000.000
1000	149	149000.000
1001	134	134000.000
1002	151	151000.000
1003	145	145000.000
1004	148	148000.000
1005	150	150000.000
1006	127	127000.000
1007	159	159000.000
1008	144	144000.000
1009	142	142000.000
1010	156	156000.000
1011	162	162000.000
1012	134	134000.000
1013	148	148000.000
1014	167	167000.000
1015	133	133000.000
1016	148	148000.000
1017	150	150000.000
1018	133	133000.000
1019	144	144000.000
1020	145	145000.000
1021	181	181000.000
1022	162	162000.000
1023	134	134000.000
1024	149	149000.000
1025	155	155000.000
1026	142	142000.000
1027	162	162000.000
1028	178	178000.000
1029	135	135000.000
1030	172	172000.000
1031	154	154000.000
1032	150	150000.000
1033	153	153000.000
1034	173	173000.000
1035	163	163000.000
1036	166	166000.000
1037	149	149000.000
1038	160	160000.000
1039	143	143000.000
1040	189	189000.000
1041	138	138000.000
1042	152	152000.000
1043	161	161000.000
1044	150	150000.000
1045	165	165000.000
1046	138	138000.000
1047	139	139000.000
1048	154	154000.000
1049	168	168000.000
1050	131	131000.000
1051	145	145000.000
1052	139	139000.000
1053	150	150000.000
1054	146	146000.000
1055	140	140000.000
1056	157	157000.000
1057	176	176000.000
1058	173	173000.000
1059	149	149000.000
1060	153	153000.000
1061	156	156000.000
1062	162	162000.000
1063	145	145000.000
1064	144	144000.000
1065	143	143000.000
1066	145	145000.000
1067	132	132000.000
1068	164	164000.000
1069	162	162000.000
1070	138	138000.000
1071	147	147000.000
1072	132	132000.000
1073	163	163000.000
1074	140	140000.000
1075	132	132000.000
1076	153	153000.000
1077	160	160000.000
1078	141	141000.000
1079	173	173000.000
1080	146	146000.000
1081	157	157000.000
1082	158	158000.000
1083	144	144000.000
1084	159	159000.000
1085	160	160000.000
1086	155	155000.000
1087	158	158000.000
1088	132	132000.000
1089	120	120000.000
1090	141	141000.000
1091	143	143000.000
1092	168	168000.000
1093	156	156000.000
1094	159	159000.000
1095	159	159000.000
1096	148	148000.000
1097	152	152000.000
1098	162	162000.000
1099	127	127000.000
1100	151	151000.000
1101	158	158000.000
1102	135	135000.000
1103	166	166000.000
1104	150	150000.000
1105	145	145000.000
1106	146	146000.000
1107	144	144000.000
1108	171	171000.000
1109	155	155000.000
1110	164	164000.000
1111	158	158000.000
1112	164	164000.000
1113	160	160000.000
1114	142	142000.000
1115	172	172000.000
1116	154	154000.000
1117	130	130000.000
1118	130	130000.000
1119	162	162000.000
1120	145	145000.000
1121	148	148000.000
1122	163	163000.000
1123	141	141000.000
1124	148	148000.000
1125	135	135000.000
1126	156	156000.000
1127	138	138000.000
1128	152	152000.000
1129	164	164000.000
1130	133	133000.000
1131	157	157000.000
1132	176	176000.000
1133	148	148000.000
1134	158	158000.000
1135	156	156000.000
1136	138	138000.000
1137	150	150000.000
1138	154	154000.000
1139	176	176000.000
1140	154	154000.000
1141	152	152000.000
1142	162	162000.000
1143	165	165000.000
1144	160	160000.000
1145	132	132000.000
1146	163	163000.000
1147	162	162000.000
1148	157	157000.000
1149	164	164000.000
1150	142	142000.000
1151	169	169000.000
1152	153	153000.000
1153	182	182000.000
1154	154	154000.000
1155	153	153000.000
1156	162	162000.000
1157	152	152000.000
1158	170	170000.000
1159	145	145000.000
1160	136	136000.000
1161	161	161000.000
1162	140	140000.000
1163	160	160000.000
1164	140	140000.000
1165	129	129000.000
1166	122	122000.000
1167	127	127000.000
1168	169	169000.000
1169	174	174000.000
1170	150	150000.000
1171	191	191000.000
1172	172	172000.000
1173	151	151000.000
1174	171	171000.000
1175	155	155000.000
1176	161	161000.000
1177	141	141000.000
1178	165	165000.000
1179	152	152000.000
1180	162	162000.000
1181	139	139000.000
1182	162	162000.000
1183	153	153000.000
1184	171	171000.000
1185	162	162000.000
1186	186	186000.000
1187	160	160000.000
1188	156	156000.000
1189	164	164000.000
1190	157	157000.000
1191	132	132000.000
1192	154	154000.000
1193	163	163000.000
1194	142	142000.000
1195	128	128000.000
1196	149	149000.000
1197	154	154000.000
1198	147	147000.000
1199	167	167000.000
1200	137	137000.000
1201	142	142000.000
1202	150	150000.000
1203	147	147000.000
1204	147	147000.000
1205	170	170000.000
1206	137	137000.000
1207	145	145000.000
1208	174	174000.000
1209	150	150000.000
1210	171	171000.000
1211	147	147000.000
1212	175	175000.000
1213	154	154000.000
1214	141	141000.000
1215	161	161000.000
1216	153	153000.000
1217	132	132000.000
1218	150	150000.000
1219	157	157000.000
1220	147	147000.000
1221	178	178000.000
1222	161	161000.000
1223	143	143000.000
1224	154	154000.000
1225	161	161000.000
1226	130	130000.000
1227	154	154000.000
1228	164	164000.000
1229	176	176000.000
1230	144	144000.000
1231	117	117000.000
1232	152	152000.000
1233	165	165000.000
1234	163	163000.000
1235	152	152000.000
1236	156	156000.000
1237	155	155000.000
1238	149	149000.000
1239	136	136000.000
1240	148	148000.000
1241	169	169000.000
1242	135	135000.000
1243	166	166000.000
1244	154	154000.000
1245	135	135000.000
1246	163	163000.000
1247	137	137000.000
1248	135	135000.000
1249	151	151000.000
1250	153	153000.000
1251	158	158000.000
1252	157	157000.000
1253	163	163000.000
1254	169	169000.000
1255	143	143000.000
1256	162	162000.000
1257	167	167000.000
1258	153	153000.000
1259	154	154000.000
1260	155	155000.000
1261	136	136000.000
1262	130	130000.000
1263	144	144000.000
1264	170	170000.000
1265	136	136000.000
1266	141	141000.000
1267	167	167000.000
1268	151	151000.000
1269	162	162000.000
1270	168	168000.000
1271	135	135000.000
1272	134	134000.000
1273	161	161000.000
1274	151	151000.000
1275	140	140000.000
1276	153	153000.000
1277	162	162000.000
1278	143	143000.000
1279	163	163000.000
1280	136	136000.000
1281	140	140000.000
1282	152	152000.000
1283	158	158000.000
1284	136	136000.000
1285	153	153000.000
1286	151	151000.000
1287	149	149000.000
1288	138	138000.000
1289	146	146000.000
1290	144	144000.000
1291	155	155000.000
1292	177	177000.000
1293	143	143000.000
1294	159	159000.000
1295	141	141000.000
1296	150	150000.000
1297	153	153000.000
1298	144	144000.000
1299	168	168000.000
1300	143	143000.000
1301	171	171000.000
1302	157	157000.000
1303	138	138000.000
1304	148	148000.000
1305	159	159000.000
1306	139	139000.000
1307	138	138000.000
1308	122	122000.000
1309	149	149000.000
1310	147	147000.000
1311	152	152000.000
1312	157	157000.000
1313	154	154000.000
1314	161	161000.000
1315	141	141000.000
1316	163	163000.000
1317	158	158000.000
1318	140	140000.000
1319	159	159000.000
1320	162	162000.000
1321	138	138000.000
1322	173	173000.000
1323	148	148000.000
1324	142	142000.000
1325	144	144000.000
1326	158	158000.000
1327	159	159000.000
1328	152	152000.000
1329	138	138000.000
1330	157	157000.000
1331	162	162000.000
1332	133	133000.000
1333	168	168000.000
1334	153	153000.000
1335	147	147000.000
1336	144	144000.000
1337	158	158000.000
1338	160	160000.000
1339	158	158000.000
1340	120	120000.000
1341	146	146000.000
1342	151	151000.000
1343	153	153000.000
1344	144	144000.000
1345	174	174000.000
1346	152	152000.000
1347	155	155000.000
1348	144	144000.000
1349	146	146000.000
1350	132	132000.000
1351	175	175000.000
1352	144	144000.000
1353	171	171000.000
1354	128	128000.000
1355	145	145000.000
1356	167	167000.000
1357	147	147000.000
1358	134	134000.000
1359	128	128000.000
1360	156	156000.000
1361	150	150000.000
1362	171	171000.000
1363	151	151000.000
1364	144	144000.000
1365	149	149000.000
1366	138	138000.000
1367	157	157000.000
1368	139	139000.000
1369	151	151000.000
1370	146	146000.000
1371	168	168000.000
1372	149	149000.000
1373	161	161000.000
1374	154	154000.000
1375	153	153000.000
1376	136	136000.000
1377	154	154000.000
1378	168	168000.000
1379	160	160000.000
1380	183	183000.000
1381	149	149000.000
1382	152	152000.000
1383	146	146000.000
1384	137	137000.000
1385	158	158000.000
1386	162	162000.000
1387	131	131000.000
1388	136	136000.000
1389	146	146000.000
1390	152	152000.000
1391	160	160000.000
1392	159	159000.000
1393	169	169000.000
1394	151	151000.000
1395	144	144000.000
1396	160	160000.000
1397	132	132000.000
1398	179	179000.000
1399	171	171000.000
1400	142	142000.000
1401	156	156000.000
1402	150	150000.000
1403	154	154000.000
1404	158	158000.000
1405	142	142000.000
1406	154	154000.000
1407	150	150000.000
1408	152	152000.000
1409	161	161000.000
1410	154	154000.000
1411	186	186000.000
1412	137	137000.000
1413	143	143000.000
1414	160	160000.000
1415	136	136000.000
1416	132	132000.000
1417	163	163000.000
1418	167	167000.000
1419	148	148000.000
1420	156	156000.000
1421	168	168000.000
1422	140	140000.000
1423	150	150000.000
1424	165	165000.000
1425	142	142000.000
1426	150	150000.000
1427	155	155000.000
1428	138	138000.000
1429	158	158000.000
1430	161	161000.000
1431	157	157000.000
1432	168	168000.000
1433	175	175000.000
1434	147	147000.000
1435	142	142000.000
1436	153	153000.000
1437	155	155000.000
1438	146	146000.000
1439	145	145000.000
1440	157	157000.000
1441	150	150000.000
1442	147	147000.000
1443	162	162000.000
1444	152	152000.000
1445	161	161000.000
1446	139	139000.000
1447	158	158000.000
1448	143	143000.000
1449	159	159000.000
1450	141	141000.000
1451	154	154000.000
1452	169	169000.000
1453	151	151000.000
1454	140	140000.000
1455	157	157000.000
1456	154	154000.000
1457	147	147000.000
1458	139	139000.000
1459	147	147000.000
1460	162	162000.000
1461	181	181000.000
1462	167	167000.000
1463	152	152000.000
1464	138	138000.000
1465	165	165000.000
1466	180	180000.000
1467	172	172000.000
1468	178	178000.000
1469	154	154000.000
1470	156	156000.000
1471	158	158000.000
1472	161	161000.000
1473	187	187000.000
1474	133	133000.000
1475	155	155000.000
1476	157	157000.000
1477	160	160000.000
1478	149	149000.000
1479	173	173000.000
1480	155	155000.000
1481	169	169000.000
1482	154	154000.000
1483	162	162000.000
1484	164	164000.000
1485	162	162000.000
1486	176	176000.000
1487	128	128000.000
1488	139	139000.000
1489	150	150000.000
1490	134	134000.000
1491	185	185000.000
1492	152	152000.000
1493	146	146000.000
1494	137	137000.000
1495	173	173000.000
1496	145	145000.000
1497	152	152000.000
1498	180	180000.000
1499	154	154000.000
1500	139	139000.000
1501	152	152000.000
1502	152	152000.000
1503	160	160000.000
1504	149	149000.000
1505	143	143000.000
1506	162	162000.000
1507	150	150000.000
1508	154	154000.000
1509	185	185000.000
1510	153	153000.000
1511	164	164000.000
1512	151	151000.000
1513	149	149000.000
1514	137	137000.000
1515	159	159000.000
1516	146	146000.000
1517	165	165000.000
1518	138	138000.000
1519	161	161000.000
1520	163	163000.000
1521	147	147000.000
1522	150	150000.000
1523	155	155000.000
1524	151	151000.000
1525	161	161000.000
1526	155	155000.000
1527	151	151000.000
1528	147	147000.000
1529	169	169000.000
1530	161	161000.000
1531	144	144000.000
1532	181	181000.000
1533	136	136000.000
1534	164	164000.000
1535	129	129000.000
1536	151	151000.000
1537	149	149000.000
1538	147	147000.000
1539	162	162000.000
1540	151	151000.000
1541	155	155000.000
1542	152	152000.000
1543	165	165000.000
1544	165	165000.000
1545	138	138000.000
1546	166	166000.000
1547	149	149000.000
1548	144	144000.000
1549	155	155000.000
1550	134	134000.000
1551	162	162000.000
1552	147	147000.000
1553	154	154000.000
1554	157	157000.000
1555	144	144000.000
1556	150	150000.000
1557	140	140000.000
1558	140	140000.000
1559	165	165000.000
1560	158	158000.000
1561	142	142000.000
1562	172	172000.000
1563	139	139000.000
1564	154	154000.000
1565	154	154000.000
1566	156	156000.000
1567	164	164000.000
1568	135	135000.000
1569	171	171000.000
1570	161	161000.000
1571	134	134000.000
1572	141	141000.000
1573	164	164000.000
1574	155	155000.000
1575	165	165000.000
1576	156	156000.000
1577	176	176000.000
1578	163	163000.000
1579	164	164000.000
1580	160	160000.000
1581	138	138000.000
1582	147	147000.000
1583	140	140000.000
1584	155	155000.000
1585	146	146000.000
1586	143	143000.000
1587	147	147000.000
1588	163	163000.000
1589	142	142000.000
1590	137	137000.000
1591	151	151000.000
1592	161	161000.000
1593	153	153000.000
1594	136	136000.000
1595	146	146000.000
1596	124	124000.000
1597	168	168000.000
1598	169	169000.000
1599	145	145000.000
1600	138	138000.000
1601	125	125000.000
1602	141	141000.000
1603	154	154000.000
1604	162	162000.000
1605	167	167000.000
1606	149	149000.000
1607	133	133000.000
1608	159	159000.000
1609	147	147000.000
1610	189	189000.000
1611	141	141000.000
1612	143	143000.000
1613	165	165000.000
1614	151	151000.000
1615	114	114000.000
1616	132	132000.000
1617	144	144000.000
1618	163	163000.000
1619	129	129000.000
1620	161	161000.000
1621	169	169000.000
1622	153	153000.000
1623	159	159000.000
1624	160	160000.000
1625	157	157000.000
1626	164	164000.000
1627	175	175000.000
1628	164	164000.000
1629	133	133000.000
1630	154	154000.000
1631	178	178000.000
1632	160	160000.000
1633	156	156000.000
1634	158	158000.000
1635	139	139000.000
1636	145	145000.000
1637	155	155000.000
1638	158	158000.000
1639	148	148000.000
1640	156	156000.000
1641	167	167000.000
1642	166	166000.000
1643	152	152000.000
1644	158	158000.000
1645	138	138000.000
1646	144	144000.000
1647	136	136000.000
1648	145	145000.000
1649	174	174000.000
1650	181	181000.000
1651	162	162000.000
1652	168	168000.000
1653	134	134000.000
1654	148	148000.000
1655	176	176000.000
1656	162	162000.000
1657	174	174000.000
1658	153	153000.000
1659	162	162000.000
1660	156	156000.000
1661	146	146000.000
1662	161	161000.000
1663	138	138000.000
1664	152	152000.000
1665	184	184000.000
1666	167	167000.000
1667	181	181000.000
1668	151	151000.000
1669	138	138000.000
1670	145	145000.000
1671	154	154000.000
1672	152	152000.000
1673	132	132000.000
1674	155	155000.000
1675	160	160000.000
1676	142	142000.000
1677	164	164000.000
1678	132	132000.000
1679	150	150000.000
1680	151	151000.000
1681	163	163000.000
1682	155	155000.000
1683	131	131000.000
1684	171	171000.000
1685	161	161000.000
1686	168	168000.000
1687	160	160000.000
1688	141	141000.000
1689	157	157000.000
1690	157	157000.000
1691	140	140000.000
1692	172	172000.000
1693	136	136000.000
1694	163	163000.000
1695	147	147000.000
1696	163	163000.000
1697	167	167000.000
1698	165	165000.000
1699	153	153000.000
1700	155	155000.000
1701	142	142000.000
1702	162	162000.000
1703	146	146000.000
1704	150	150000.000
1705	160	160000.000
1706	150	150000.000
1707	149	149000.000
1708	157	157000.000
1709	170	170000.000
1710	167	167000.000
1711	158	158000.000
1712	155	155000.000
1713	154	154000.000
1714	162	162000.000
1715	155	155000.000
1716	134	134000.000
1717	150	150000.000
1718	158	158000.000
1719	160	160000.000
1720	155	155000.000
1721	170	170000.000
1722	147	147000.000
1723	162	162000.000
1724	150	150000.000
1725	145	145000.000
1726	146	146000.000
1727	159	159000.000
1728	149	149000.000
1729	144	144000.000
1730	141	141000.000
1731	172	172000.000
1732	150	150000.000
1733	145	145000.000
1734	142	142000.000
1735	146	146000.000
1736	139	139000.000
1737	142	142000.000
1738	137	137000.000
1739	152	152000.000
1740	145	145000.000
1741	155	155000.000
1742	165	165000.000
1743	157	157000.000
1744	151	151000.000
1745	158	158000.000
1746	157	157000.000
1747	155	155000.000
1748	139	139000.000
1749	148	148000.000
1750	143	143000.000
1751	163	163000.000
1752	183	183000.000
1753	135	135000.000
1754	160	160000.000
1755	160	160000.000
1756	127	127000.000
1757	155	155000.000
1758	149	149000.000
1759	150	150000.000
1760	146	146000.000
1761	157	157000.000
1762	159	159000.000
1763	137	137000.000
1764	162	162000.000
1765	167	167000.000
1766	135	135000.000
1767	162	162000.000
1768	135	135000.000
1769	159	159000.000
1770	154	154000.000
1771	163	163000.000
1772	147	147000.000
1773	153	153000.000
1774	149	149000.000
1775	151	151000.000
1776	156	156000.000
1777	137	137000.000
1778	170	170000.000
1779	152	152000.000
1780	145	145000.000
1781	131	131000.000
1782	157	157000.000
1783	150	150000.000
1784	149	149000.000
1785	154	154000.000
1786	168	168000.000
1787	139	139000.000
1788	146	146000.000
1789	140	140000.000
1790	160	160000.000
1791	143	143000.000
1792	179	179000.000
1793	148	148000.000
1794	174	174000.000
1795	145	145000.000
1796	168	168000.000
1797	141	141000.000
1798	148	148000.000
1799	164	164000.000
1800	138	138000.000
1801	153	153000.000
1802	149	149000.000
1803	130	130000.000
1804	148	148000.000
1805	158	158000.000
1806	171	171000.000
1807	149	149000.000
1808	162	162000.000
1809	160	160000.000
1810	144	144000.000
1811	129	129000.000
1812	136	136000.000
1813	165	165000.000
1814	131	131000.000
1815	175	175000.000
1816	170	170000.000
1817	169	169000.000
1818	172	172000.000
1819	151	151000.000
1820	159	159000.000
1821	145	145000.000
1822	159	159000.000
1823	144	144000.000
1824	175	175000.000
1825	159	159000.000
1826	163	163000.000
1827	145	145000.000
1828	147	147000.000
1829	158	158000.000
1830	137	137000.000
1831	141	141000.000
1832	170	170000.000
1833	160	160000.000
1834	138	138000.000
1835	137	137000.000
1836	131	131000.000
1837	172	172000.000
1838	166	166000.000
1839	165	165000.000
1840	167	167000.000
1841	132	132000.000
1842	166	166000.000
1843	161	161000.000
1844	159	159000.000
1845	160	160000.000
1846	166	166000.000
1847	151	151000.000
1848	137	137000.000
1849	148	148000.000
1850	161	161000.000
1851	136	136000.000
1852	126	126000.000
1853	169	169000.000
1854	169	169000.000
1855	183	183000.000
1856	155	155000.000
1857	149	149000.000
1858	145	145000.000
1859	157	157000.000
1860	137	137000.000
1861	140	140000.000
1862	168	168000.000
1863	146	146000.000
1864	174	174000.000
1865	154	154000.000
1866	148	148000.000
1867	145	145000.000
1868	149	149000.000
1869	113	113000.000
1870	137	137000.000
1871	154	154000.000
1872	184	184000.000
1873	162	162000.000
1874	150	150000.000
1875	155	155000.000
1876	150	150000.000
1877	140	140000.000
1878	159	159000.000
1879	145	145000.000
1880	161	161000.000
1881	148	148000.000
1882	141	141000.000
1883	149	149000.000
1884	135	135000.000
1885	147	147000.000
1886	146	146000.000
1887	157	157000.000
1888	124	124000.000
1889	147	147000.000
1890	131	131000.000
1891	171	171000.000
1892	155	155000.000
1893	154	154000.000
1894	151	151000.000
1895	145	145000.000
1896	143	143000.000
1897	147	147000.000
1898	166	166000.000
1899	188	188000.000
1900	154	154000.000
1901	156	156000.000
1902	152	152000.000
1903	148	148000.000
1904	169	169000.000
1905	156	156000.000
1906	149	149000.000
1907	166	166000.000
1908	120	120000.000
1909	142	142000.000
1910	134	134000.000
1911	128	128000.000
1912	136	136000.000
1913	162	162000.000
1914	156	156000.000
1915	167	167000.000
1916	124	124000.000
1917	138	138000.000
1918	137	137000.000
1919	168	168000.000
1920	161	161000.000
1921	144	144000.000
1922	158	158000.000
1923	141	141000.000
1924	154	154000.000
1925	146	146000.000
1926	151	151000.000
1927	150	150000.000
1928	164	164000.000
1929	153	153000.000
1930	164	164000.000
1931	165	165000.000
1932	176	176000.000
1933	155	155000.000
1934	163	163000.000
1935	157	157000.000
1936	149	149000.000
1937	160	160000.000
1938	146	146000.000
1939	158	158000.000
1940	141	141000.000
1941	139	139000.000
1942	128	128000.000
1943	131	131000.000
1944	167	167000.000
1945	156	156000.000
1946	145	145000.000
1947	133	133000.000
1948	161	161000.000
1949	157	157000.000
1950	173	173000.000
1951	156	156000.000
1952	153	153000.000
1953	153	153000.000
1954	153	153000.000
1955	138	138000.000
1956	184	184000.000
1957	136	136000.000
1958	162	162000.000
1959	131	131000.000
1960	160	160000.000
1961	155	155000.000
1962	166	166000.000
1963	152	152000.000
1964	156	156000.000
1965	150	150000.000
1966	150	150000.000
1967	140	140000.000
1968	159	159000.000
1969	148	148000.000
1970	143	143000.000
1971	178	178000.000
1972	149	149000.000
1973	158	158000.000
1974	160	160000.000
1975	166	166000.000
1976	153	153000.000
1977	158	158000.000
1978	169	169000.000
1979	128	128000.000
1980	160	160000.000
1981	148	148000.000
1982	159	159000.000
1983	150	150000.000
1984	157	157000.000
1985	147	147000.000
1986	132	132000.000
1987	146	146000.000
1988	143	143000.000
1989	150	150000.000
1990	147	147000.000
1991	169	169000.000
1992	164	164000.000
1993	156	156000.000
1994	182	182000.000
1995	131	131000.000
1996	151	151000.000
1997	135	135000.000
1998	149	149000.000
1999	141	141000.000
2000	138	138000.000
2001	161	161000.000
2002	129	129000.000
2003	170	170000.000
2004	143	143000.000
2005	133	133000.000
2006	149	149000.000
2007	165	165000.000
2008	140	140000.000
2009	171	171000.000
2010	158	158000.000
2011	162	162000.000
2012	153	153000.000
2013	150	150000.000
2014	152	152000.000
2015	133	133000.000
2016	153	153000.000
2017	153	153000.000
2018	155	155000.000
2019	141	141000.000
2020	147	147000.000
2021	136	136000.000
2022	152	152000.000
2023	174	174000.000
2024	149	149000.000
2025	146	146000.000
2026	148	148000.000
2027	172	172000.000
2028	153	153000.000
2029	134	134000.000
2030	167	167000.000
2031	125	125000.000
2032	138	138000.000
2033	163	163000.000
2034	136	136000.000
2035	136	136000.000
2036	188	188000.000
2037	140	140000.000
2038	137	137000.000
2039	158	158000.000
2040	148	148000.000
2041	137	137000.000
2042	159	159000.000
2043	161	161000.000
2044	158	158000.000
2045	167	167000.000
2046	171	171000.000
2047	146	146000.000
2048	164	164000.000
2049	139	139000.000
2050	137	137000.000
2051	161	161000.000
2052	146	146000.000
2053	164	164000.000
2054	141	141000.000
2055	178	178000.000
2056	145	145000.000
2057	174	174000.000
2058	173	173000.000
2059	166	166000.000
2060	151	151000.000
2061	164	164000.000
2062	153	153000.000
2063	161	161000.000
2064	158	158000.000
2065	149	149000.000
2066	155	155000.000
2067	144	144000.000
2068	177	177000.000
2069	160	160000.000
2070	162	162000.000
2071	159	159000.000
2072	161	161000.000
2073	157	157000.000
2074	154	154000.000
2075	155	155000.000
2076	135	135000.000
2077	143	143000.000
2078	169	169000.000
2079	143	143000.000
2080	145	145000.000
2081	144	144000.000
2082	157	157000.000
2083	122	122000.000
2084	142	142000.000
2085	147	147000.000
2086	156	156000.000
2087	181	181000.000
2088	147	147000.000
2089	170	170000.000
2090	161	161000.000
2091	152	152000.000
2092	147	147000.000
2093	148	148000.000
2094	164	164000.000
2095	145	145000.000
2096	157	157000.000
2097	128	128000.000
2098	148	148000.000
2099	171	171000.000
2100	171	171000.000
2101	147	147000.000
2102	159	159000.000
2103	142	142000.000
2104	127	127000.000
2105	190	190000.000
2106	134	134000.000
2107	129	129000.000
2108	164	164000.000
2109	143	143000.000
2110	147	147000.000
2111	134	134000.000
2112	166	166000.000
2113	158	158000.000
2114	146	146000.000
2115	156	156000.000
2116	131	131000.000
2117	131	131000.000
2118	162	162000.000
2119	171	171000.000
2120	157	157000.000
2121	151	151000.000
2122	171	171000.000
2123	157	157000.000
2124	163	163000.000
2125	176	176000.000
2126	148	148000.000
2127	147	147000.000
2128	142	142000.000
2129	138	138000.000
2130	150	150000.000
2131	175	175000.000
2132	137	137000.000
2133	163	163000.000
2134	148	148000.000
2135	156	156000.000
2136	143	143000.000
2137	138	138000.000
2138	163	163000.000
2139	177	177000.000
2140	165	165000.000
2141	143	143000.000
2142	167	167000.000
2143	129	129000.000
2144	154	154000.000
2145	150	150000.000
2146	130	130000.000
2147	165	165000.000
2148	157	157000.000
2149	143	143000.000
2150	134	134000.000
2151	152	152000.000
2152	187	187000.000
2153	150	150000.000
2154	167	167000.000
2155	146	146000.000
2156	167	167000.000
2157	139	139000.000
2158	154	154000.000
2159	155	155000.000
2160	169	169000.000
2161	137	137000.000
2162	129	129000.000
2163	163	163000.000
2164	137	137000.000
2165	156	156000.000
2166	151	151000.000
2167	163	163000.000
2168	140	140000.000
2169	152	152000.000
2170	148	148000.000
2171	169	169000.000
2172	165	165000.000
2173	152	152000.000
2174	141	141000.000
2175	163	163000.000
2176	144	144000.000
2177	138	138000.000
2178	128	128000.000
2179	160	160000.000
2180	148	148000.000
2181	151	151000.000
2182	155	155000.000
2183	172	172000.000
2184	137	137000.000
2185	161	161000.000
2186	139	139000.000
2187	115	115000.000
2188	143	143000.000
2189	175	175000.000
2190	163	163000.000
2191	132	132000.000
2192	161	161000.000
2193	152	152000.000
2194	147	147000.000
2195	156	156000.000
2196	168	168000.000
2197	149	149000.000
2198	151	151000.000
2199	161	161000.000
2200	123	123000.000
2201	121	121000.000
2202	138	138000.000
2203	145	145000.000
2204	162	162000.000
2205	176	176000.000
2206	158	158000.000
2207	169	169000.000
2208	124	124000.000
2209	165	165000.000
2210	176	176000.000
2211	170	170000.000
2212	170	170000.000
2213	156	156000.000
2214	153	153000.000
2215	134	134000.000
2216	171	171000.000
2217	154	154000.000
2218	138	138000.000
2219	158	158000.000
2220	159	159000.000
2221	139	139000.000
2222	166	166000.000
2223	159	159000.000
2224	151	151000.000
2225	142	142000.000
2226	167	167000.000
2227	145	145000.000
2228	149	149000.000
2229	189	189000.000
2230	165	165000.000
2231	156	156000.000
2232	137	137000.000
2233	153	153000.000
2234	130	130000.000
2235	149	149000.000
2236	167	167000.000
2237	168	168000.000
2238	139	139000.000
2239	135	135000.000
2240	164	164000.000
2241	155	155000.000
2242	150	150000.000
2243	148	148000.000
2244	146	146000.000
2245	151	151000.000
2246	158	158000.000
2247	144	144000.000
2248	140	140000.000
2249	153	153000.000
2250	161	161000.000
2251	152	152000.000
2252	159	159000.000
2253	147	147000.000
2254	171	171000.000
2255	155	155000.000
2256	145	145000.000
2257	140	140000.000
2258	166	166000.000
2259	134	134000.000
2260	151	151000.000
2261	152	152000.000
2262	158	158000.000
2263	187	187000.000
2264	162	162000.000
2265	145	145000.000
2266	164	164000.000
2267	152	152000.000
2268	145	145000.000
2269	154	154000.000
2270	155	155000.000
2271	146	146000.000
2272	137	137000.000
2273	157	157000.000
2274	149	149000.000
2275	142	142000.000
2276	156	156000.000
2277	144	144000.000
2278	146	146000.000
2279	170	170000.000
2280	140	140000.000
2281	141	141000.000
2282	143	143000.000
2283	159	159000.000
2284	173	173000.000
2285	151	151000.000
2286	160	160000.000
2287	155	155000.000
2288	160	160000.000
2289	178	178000.000
2290	153	153000.000
2291	155	155000.000
2292	140	140000.000
2293	170	170000.000
2294	144	144000.000
2295	146	146000.000
2296	163	163000.000
2297	139	139000.000
2298	169	169000.000
2299	161	161000.000
2300	173	173000.000
2301	179	179000.000
2302	159	159000.000
2303	163	163000.000
2304	153	153000.000
2305	137	137000.000
2306	154	154000.000
2307	139	139000.000
2308	160	160000.000
2309	162	162000.000
2310	154	154000.000
2311	143	143000.000
2312	148	148000.000
2313	178	178000.000
2314	174	174000.000
2315	152	152000.000
2316	154	154000.000
2317	150	150000.000
2318	148	148000.000
2319	164	164000.000
2320	153	153000.000
2321	148	148000.000
2322	137	137000.000
2323	159	159000.000
2324	178	178000.000
2325	140	140000.000
2326	151	151000.000
2327	143	143000.000
2328	120	120000.000
2329	170	170000.000
2330	150	150000.000
2331	146	146000.000
2332	135	135000.000
2333	164	164000.000
2334	156	156000.000
2335	157	157000.000
2336	133	133000.000
2337	155	155000.000
2338	139	139000.000
2339	149	149000.000
2340	137	137000.000
2341	147	147000.000
2342	154	154000.000
2343	162	162000.000
2344	142	142000.000
2345	162	162000.000
2346	163	163000.000
2347	146	146000.000
2348	142	142000.000
2349	146	146000.000
2350	157	157000.000
2351	165	165000.000
2352	162	162000.000
2353	155	155000.000
2354	161	161000.000
2355	134	134000.000
2356	149	149000.000
2357	162	162000.000
2358	154	154000.000
2359	142	142000.000
2360	165	165000.000
2361	165	165000.000
2362	161	161000.000
2363	151	151000.000
2364	144	144000.000
2365	160	160000.000
2366	156	156000.000
2367	148	148000.000
2368	158	158000.000
2369	138	138000.000
2370	159	159000.000
2371	174	174000.000
2372	142	142000.000
2373	155	155000.000
2374	147	147000.000
2375	141	141000.000
2376	157	157000.000
2377	136	136000.000
2378	137	137000.000
2379	163	163000.000
2380	148	148000.000
2381	149	149000.000
2382	131	131000.000
2383	147	147000.000
2384	157	157000.000
2385	152	152000.000
2386	135	135000.000
2387	163	163000.000
2388	158	158000.000
2389	144	144000.000
2390	158	158000.000
2391	174	174000.000
2392	155	155000.000
2393	185	185000.000
2394	154	154000.000
2395	152	152000.000
2396	142	142000.000
2397	137	137000.000
2398	137	137000.000
2399	157	157000.000
2400	153	153000.000
2401	140	140000.000
2402	158	158000.000
2403	164	164000.000
2404	159	159000.000
2405	154	154000.000
2406	137	137000.000
2407	138	138000.000
2408	155	155000.000
2409	150	150000.000
2410	168	168000.000
2411	164	164000.000
2412	159	159000.000
2413	164	164000.000
2414	162	162000.000
2415	147	147000.000
2416	148	148000.000
2417	167	167000.000
2418	123	123000.000
2419	138	138000.000
2420	146	146000.000
2421	140	140000.000
2422	119	119000.000
2423	163	163000.000
2424	144	144000.000
2425	144	144000.000
2426	163	163000.000
2427	142	142000.000
2428	128	128000.000
2429	136	136000.000
2430	167	167000.000
2431	156	156000.000
2432	153	153000.000
2433	149	149000.000
2434	141	141000.000
2435	145	145000.000
2436	156	156000.000
2437	145	145000.000
2438	158	158000.000
2439	155	155000.000
2440	167	167000.000
2441	157	157000.000
2442	154	154000.000
2443	161	161000.000
2444	165	165000.000
2445	160	160000.000
2446	155	155000.000
2447	149	149000.000
2448	151	151000.000
2449	162	162000.000
2450	125	125000.000
2451	166	166000.000
2452	150	150000.000
2453	158	158000.000
2454	162	162000.000
2455	138	138000.000
2456	162	162000.000
2457	148	148000.000
2458	163	163000.000
2459	151	151000.000
2460	176	176000.000
2461	176	176000.000
2462	170	170000.000
2463	173	173000.000
2464	181	181000.000
2465	159	159000.000
2466	161	161000.000
2467	171	171000.000
2468	142	142000.000
2469	144	144000.000
2470	150	150000.000
2471	166	166000.000
2472	154	154000.000
2473	128	128000.000
2474	177	177000.000
2475	139	139000.000
2476	155	155000.000
2477	144	144000.000
2478	126	126000.000
2479	162	162000.000
2480	145	145000.000
2481	143	143000.000
2482	139	139000.000
2483	148	148000.000
2484	147	147000.000
2485	156	156000.000
2486	151	151000.000
2487	144	144000.000
2488	163	163000.000
2489	143	143000.000
2490	139	139000.000
2491	141	141000.000
2492	169	169000.000
2493	156	156000.000
2494	131	131000.000
2495	140	140000.000
2496	159	159000.000
2497	150	150000.000
2498	132	132000.000
2499	164	164000.000
2500	170	170000.000
2501	150	150000.000
2502	147	147000.000
2503	155	155000.000
2504	152	152000.000
2505	141	141000.000
2506	128	128000.000
2507	147	147000.000
2508	166	166000.000
2509	157	157000.000
2510	150	150000.000
2511	154	154000.000
2512	132	132000.000
2513	160	160000.000
2514	162	162000.000
2515	172	172000.000
2516	160	160000.000
2517	154	154000.000
2518	148	148000.000
2519	160	160000.000
2520	165	165000.000
2521	136	136000.000
2522	169	169000.000
2523	133	133000.000
2524	146	146000.000
2525	128	128000.000
2526	133	133000.000
2527	157	157000.000
2528	158	158000.000
2529	155	155000.000
2530	161	161000.000
2531	152	152000.000
2532	177	177000.000
2533	158	158000.000
2534	159	159000.000
2535	154	154000.000
2536	143	143000.000
2537	161	161000.000
2538	159	159000.000
2539	150	150000.000
2540	149	149000.000
2541	128	128000.000
2542	175	175000.000
2543	151	151000.000
2544	127	127000.000
2545	168	168000.000
2546	133	133000.000
2547	128	128000.000
2548	160	160000.000
2549	145	145000.000
2550	155	155000.000
2551	157	157000.000
2552	146	146000.000
2553	157	157000.000
2554	163	163000.000
2555	152	152000.000
2556	174	174000.000
2557	140	140000.000
2558	143	143000.000
2559	154	154000.000
2560	152	152000.000
2561	146	146000.000
2562	179	179000.000
2563	133	133000.000
2564	138	138000.000
2565	186	186000.000
2566	155	155000.000
2567	132	132000.000
2568	163	163000.000
2569	139	139000.000
2570	165	165000.000
2571	141	141000.000
2572	155	155000.000
2573	139	139000.000
2574	152	152000.000
2575	174	174000.000
2576	165	165000.000
2577	165	165000.000
2578	150	150000.000
2579	166	166000.000
2580	137	137000.000
2581	170	170000.000
2582	138	138000.000
2583	185	185000.000
2584	139	139000.000
2585	162	162000.000
2586	147	147000.000
2587	155	155000.000
2588	143	143000.000
2589	169	169000.000
2590	159	159000.000
2591	149	149000.000
2592	178	178000.000
2593	156	156000.000
2594	174	174000.000
2595	138	138000.000
2596	175	175000.000
2597	177	177000.000
2598	164	164000.000
2599	151	151000.000
2600	123	123000.000
2601	145	145000.000
2602	172	172000.000
2603	145	145000.000
2604	121	121000.000
2605	139	139000.000
2606	152	152000.000
2607	156	156000.000
2608	167	167000.000
2609	151	151000.000
2610	158	158000.000
2611	151	151000.000
2612	139	139000.000
2613	172	172000.000
2614	168	168000.000
2615	167	167000.000
2616	158	158000.000
2617	136	136000.000
2618	161	161000.000
2619	141	141000.000
2620	152	152000.000
2621	171	171000.000
2622	146	146000.000
2623	151	151000.000
2624	169	169000.000
2625	156	156000.000
2626	160	160000.000
2627	158	158000.000
2628	142	142000.000
2629	168	168000.000
2630	157	157000.000
2631	161	161000.000
2632	145	145000.000
2633	183	183000.000
2634	155	155000.000
2635	170	170000.000
2636	167	167000.000
2637	151	151000.000
2638	166	166000.000
2639	149	149000.000
2640	140	140000.000
2641	148	148000.000
2642	163	163000.000
2643	155	155000.000
2644	166	166000.000
2645	158	158000.000
2646	165	165000.000
2647	159	159000.000
2648	156	156000.000
2649	175	175000.000
2650	162	162000.000
2651	150	150000.000
2652	144	144000.000
2653	151	151000.000
2654	155	155000.000
2655	173	173000.000
2656	158	158000.000
2657	159	159000.000
2658	166	166000.000
2659	152	152000.000
2660	172	172000.000
2661	146	146000.000
2662	130	130000.000
2663	132	132000.000
2664	152	152000.000
2665	168	168000.000
2666	175	175000.000
2667	139	139000.000
2668	171	171000.000
2669	140	140000.000
2670	146	146000.000
2671	151	151000.000
2672	155	155000.000
2673	139	139000.000
2674	141	141000.000
2675	131	131000.000
2676	136	136000.000
2677	153	153000.000
2678	144	144000.000
2679	156	156000.000
2680	159	159000.000
2681	150	150000.000
2682	155	155000.000
2683	164	164000.000
2684	157	157000.000
2685	140	140000.000
2686	153	153000.000
2687	151	151000.000
2688	157	157000.000
2689	134	134000.000
2690	160	160000.000
2691	143	143000.000
2692	152	152000.000
2693	147	147000.000
2694	164	164000.000
2695	152	152000.000
2696	135	135000.000
2697	155	155000.000
2698	149	149000.000
2699	183	183000.000
2700	155	155000.000
2701	159	159000.000
2702	156	156000.000
2703	140	140000.000
2704	160	160000.000
2705	154	154000.000
2706	144	144000.000
2707	150	150000.000
2708	149	149000.000
2709	162	162000.000
2710	154	154000.000
2711	142	142000.000
2712	135	135000.000
2713	154	154000.000
2714	165	165000.000
2715	156	156000.000
2716	151	151000.000
2717	164	164000.000
2718	170	170000.000
2719	154	154000.000
2720	146	146000.000
2721	173	173000.000
2722	145	145000.000
2723	142	142000.000
2724	142	142000.000
2725	135	135000.000
2726	143	143000.000
2727	149	149000.000
2728	126	126000.000
2729	142	142000.000
2730	187	187000.000
2731	152	152000.000
2732	152	152000.000
2733	189	189000.000
2734	154	154000.000
2735	139	139000.000
2736	153	153000.000
2737	165	165000.000
2738	150	150000.000
2739	162	162000.000
2740	146	146000.000
2741	151	151000.000
2742	171	171000.000
2743	150	150000.000
2744	169	169000.000
2745	160	160000.000
2746	137	137000.000
2747	144	144000.000
2748	161	161000.000
2749	138	138000.000
2750	156	156000.000
2751	149	149000.000
2752	195	195000.000
2753	170	170000.000
2754	149	149000.000
2755	171	171000.000
2756	162	162000.000
2757	161	161000.000
2758	147	147000.000
2759	129	129000.000
2760	142	142000.000
2761	178	178000.000
2762	139	139000.000
2763	158	158000.000
2764	163	163000.000
2765	163	163000.000
2766	153	153000.000
2767	138	138000.000
2768	167	167000.000
2769	150	150000.000
2770	141	141000.000
2771	156	156000.000
2772	172	172000.000
2773	159	159000.000
2774	154	154000.000
2775	137	137000.000
2776	179	179000.000
2777	149	149000.000
2778	130	130000.000
2779	162	162000.000
2780	158	158000.000
2781	118	118000.000
2782	140	140000.000
2783	183	183000.000
2784	151	151000.000
2785	164	164000.000
2786	168	168000.000
2787	168	168000.000
2788	158	158000.000
2789	146	146000.000
2790	158	158000.000
2791	132	132000.000
2792	155	155000.000
2793	173	173000.000
2794	116	116000.000
2795	157	157000.000
2796	148	148000.000
2797	151	151000.000
2798	157	157000.000
2799	165	165000.000
2800	150	150000.000
2801	160	160000.000
2802	151	151000.000
2803	139	139000.000
2804	176	176000.000
2805	122	122000.000
2806	146	146000.000
2807	168	168000.000
2808	156	156000.000
2809	163	163000.000
2810	171	171000.000
2811	151	151000.000
2812	157	157000.000
2813	155	155000.000
2814	136	136000.000
2815	167	167000.000
2816	135	135000.000
2817	155	155000.000
2818	168	168000.000
2819	140	140000.000
2820	144	144000.000
2821	175	175000.000
2822	173	173000.000
2823	145	145000.000
2824	154	154000.000
2825	153	153000.000
2826	135	135000.000
2827	139	139000.000
2828	152	152000.000
2829	129	129000.000
2830	142	142000.000
2831	139	139000.000
2832	137	137000.000
2833	154	154000.000
2834	156	156000.000
2835	165	165000.000
2836	177	177000.000
2837	128	128000.000
2838	145	145000.000
2839	144	144000.000
2840	139	139000.000
2841	153	153000.000
2842	162	162000.000
2843	146	146000.000
2844	158	158000.000
2845	170	170000.000
2846	135	135000.000
2847	151	151000.000
2848	168	168000.000
2849	151	151000.000
2850	151	151000.000
2851	165	165000.000
2852	154	154000.000
2853	143	143000.000
2854	152	152000.000
2855	126	126000.000
2856	156	156000.000
2857	143	143000.000
2858	157	157000.000
2859	156	156000.000
2860	137	137000.000
2861	152	152000.000
2862	155	155000.000
2863	167	167000.000
2864	125	125000.000
2865	158	158000.000
2866	138	138000.000
2867	150	150000.000
2868	156	156000.000
2869	158	158000.000
2870	175	175000.000
2871	152	152000.000
2872	164	164000.000
2873	128	128000.000
2874	136	136000.000
2875	138	138000.000
2876	143	143000.000
2877	132	132000.000
2878	162	162000.000
2879	172	172000.000
2880	157	157000.000
2881	147	147000.000
2882	152	152000.000
2883	150	150000.000
2884	122	122000.000
2885	164	164000.000
2886	150	150000.000
2887	162	162000.000
2888	160	160000.000
2889	135	135000.000
2890	191	191000.000
2891	158	158000.000
2892	144	144000.000
2893	157	157000.000
2894	144	144000.000
2895	154	154000.000
2896	139	139000.000
2897	140	140000.000
2898	140	140000.000
2899	159	159000.000
2900	150	150000.000
2901	138	138000.000
2902	143	143000.000
2903	173	173000.000
2904	168	168000.000
2905	146	146000.000
2906	149	149000.000
2907	167	167000.000
2908	153	153000.000
2909	155	155000.000
2910	144	144000.000
2911	143	143000.000
2912	152	152000.000
2913	160	160000.000
2914	147	147000.000
2915	159	159000.000
2916	161	161000.000
2917	159	159000.000
2918	141	141000.000
2919	160	160000.000
2920	150	150000.000
2921	142	142000.000
2922	141	141000.000
2923	172	172000.000
2924	150	150000.000
2925	141	141000.000
2926	169	169000.000
2927	175	175000.000
2928	178	178000.000
2929	164	164000.000
2930	158	158000.000
2931	132	132000.000
2932	144	144000.000
2933	144	144000.000
2934	142	142000.000
2935	160	160000.000
2936	151	151000.000
2937	157	157000.000
2938	162	162000.000
2939	162	162000.000
2940	157	157000.000
2941	166	166000.000
2942	128	128000.000
2943	146	146000.000
2944	146	146000.000
2945	159	159000.000
2946	157	157000.000
2947	157	157000.000
2948	155	155000.000
2949	171	171000.000
2950	143	143000.000
2951	162	162000.000
2952	156	156000.000
2953	147	147000.000
2954	149	149000.000
2955	160	160000.000
2956	156	156000.000
2957	124	124000.000
2958	128	128000.000
2959	166	166000.000
2960	146	146000.000
2961	143	143000.000
2962	170	170000.000
2963	163	163000.000
2964	149	149000.000
2965	146	146000.000
2966	154	154000.000
2967	124	124000.000
2968	153	153000.000
2969	168	168000.000
2970	141	141000.000
2971	151	151000.000
2972	138	138000.000
2973	134	134000.000
2974	171	171000.000
2975	164	164000.000
2976	166	166000.000
2977	144	144000.000
2978	148	148000.000
2979	158	158000.000
2980	144	144000.000
2981	162	162000.000
2982	147	147000.000
2983	153	153000.000
2984	156	156000.000
2985	157	157000.000
2986	170	170000.000
2987	155	155000.000
2988	142	142000.000
2989	130	130000.000
2990	157	157000.000
2991	154	154000.000
2992	166	166000.000
2993	149	149000.000
2994	140	140000.000
2995	144	144000.000
2996	151	151000.000
2997	170	170000.000
2998	164	164000.000
2999	150	150000.000
3000	176	176000.000
3001	167	167000.000
3002	157	157000.000
3003	155	155000.000
3004	145	145000.000
3005	146	146000.000
3006	154	154000.000
3007	143	143000.000
3008	177	177000.000
3009	160	160000.000
3010	150	150000.000
3011	158	158000.000
3012	143	143000.000
3013	140	140000.000
3014	150	150000.000
3015	170	170000.000
3016	141	141000.000
3017	162	162000.000
3018	156	156000.000
3019	143	143000.000
3020	134	134000.000
3021	171	171000.000
3022	144	144000.000
3023	189	189000.000
3024	152	152000.000
3025	171	171000.000
3026	166	166000.000
3027	150	150000.000
3028	153	153000.000
3029	164	164000.000
3030	189	189000.000
3031	153	153000.000
3032	151	151000.000
3033	134	134000.000
3034	156	156000.000
3035	164	164000.000
3036	139	139000.000
3037	149	149000.000
3038	136	136000.000
3039	155	155000.000
3040	157	157000.000
3041	151	151000.000
3042	157	157000.000
3043	151	151000.000
3044	130	130000.000
3045	141	141000.000
3046	135	135000.000
3047	135	135000.000
3048	149	149000.000
3049	142	142000.000
3050	147	147000.000
3051	152	152000.000
3052	162	162000.000
3053	149	149000.000
3054	142	142000.000
3055	152	152000.000
3056	146	146000.000
3057	166	166000.000
3058	154	154000.000
3059	138	138000.000
3060	145	145000.000
3061	147	147000.000
3062	154	154000.000
3063	156	156000.000
3064	158	158000.000
3065	154	154000.000
3066	166	166000.000
3067	164	164000.000
3068	129	129000.000
3069	162	162000.000
3070	153	153000.000
3071	162	162000.000
3072	147	147000.000
3073	158	158000.000
3074	172	172000.000
3075	139	139000.000
3076	174	174000.000
3077	134	134000.000
3078	133	133000.000
3079	146	146000.000
3080	154	154000.000
3081	157	157000.000
3082	136	136000.000
3083	167	167000.000
3084	144	144000.000
3085	161	161000.000
3086	169	169000.000
3087	142	142000.000
3088	168	168000.000
3089	168	168000.000
3090	162	162000.000
3091	163	163000.000
3092	156	156000.000
3093	150	150000.000
3094	156	156000.000
3095	154	154000.000
3096	172	172000.000
3097	147	147000.000
3098	171	171000.000
3099	160	160000.000
3100	155	155000.000
3101	137	137000.000
3102	174	174000.000
3103	136	136000.000
3104	159	159000.000
3105	160	160000.000
3106	152	152000.000
3107	172	172000.000
3108	182	182000.000
3109	148	148000.000
3110	175	175000.000
3111	156	156000.000
3112	173	173000.000
3113	137	137000.000
3114	138	138000.000
3115	174	174000.000
3116	153	153000.000
3117	149	149000.000
3118	153	153000.000
3119	143	143000.000
3120	160	160000.000
3121	142	142000.000
3122	170	170000.000
3123	167	167000.000
3124	148	148000.000
3125	154	154000.000
3126	127	127000.000
3127	159	159000.000
3128	159	159000.000
3129	134	134000.000
3130	148	148000.000
3131	154	154000.000
3132	160	160000.000
3133	141	141000.000
3134	173	173000.000
3135	144	144000.000
3136	161	161000.000
3137	170	170000.000
3138	147	147000.000
3139	144	144000.000
3140	167	167000.000
3141	134	134000.000
3142	177	177000.000
3143	161	161000.000
3144	145	145000.000
3145	168	168000.000
3146	147	147000.000
3147	156	156000.000
3148	165	165000.000
3149	141	141000.000
3150	144	144000.000
3151	147	147000.000
3152	161	161000.000
3153	133	133000.000
3154	148	148000.000
3155	158	158000.000
3156	171	171000.000
3157	157	157000.000
3158	154	154000.000
3159	170	170000.000
3160	166	166000.000
3161	163	163000.000
3162	143	143000.000
3163	168	168000.000
3164	175	175000.000
3165	139	139000.000
3166	155	155000.000
3167	171	171000.000
3168	165	165000.000
3169	145	145000.000
3170	150	150000.000
3171	152	152000.000
3172	149	149000.000
3173	160	160000.000
3174	145	145000.000
3175	161	161000.000
3176	146	146000.000
3177	163	163000.000
3178	153	153000.000
3179	136	136000.000
3180	173	173000.000
3181	140	140000.000
3182	171	171000.000
3183	139	139000.000
3184	147	147000.000
3185	159	159000.000
3186	167	167000.000
3187	127	127000.000
3188	170	170000.000
3189	172	172000.000
3190	171	171000.000
3191	145	145000.000
3192	157	157000.000
3193	153	153000.000
3194	146	146000.000
3195	146	146000.000
3196	162	162000.000
3197	150	150000.000
3198	153	153000.000
3199	160	160000.000
3200	162	162000.000
3201	166	166000.000
3202	157	157000.000
3203	153	153000.000
3204	160	160000.000
3205	171	171000.000
3206	144	144000.000
3207	155	155000.000
3208	161	161000.000
3209	161	161000.000
3210	138	138000.000
3211	157	157000.000
3212	150	150000.000
3213	145	145000.000
3214	146	146000.000
3215	154	154000.000
3216	181	181000.000
3217	149	149000.000
3218	148	148000.000
3219	145	145000.000
3220	145	145000.000
3221	151	151000.000
3222	172	172000.000
3223	161	161000.000
3224	184	184000.000
3225	163	163000.000
3226	162	162000.000
3227	168	168000.000
3228	152	152000.000
3229	151	151000.000
3230	146	146000.000
3231	157	157000.000
3232	150	150000.000
3233	149	149000.000
3234	159	159000.000
3235	147	147000.000
3236	171	171000.000
3237	151	151000.000
3238	150	150000.000
3239	130	130000.000
3240	183	183000.000
3241	150	150000.000
3242	157	157000.000
3243	149	149000.000
3244	154	154000.000
3245	143	143000.000
3246	157	157000.000
3247	132	132000.000
3248	162	162000.000
3249	179	179000.000
3250	172	172000.000
3251	139	139000.000
3252	161	161000.000
3253	149	149000.000
3254	139	139000.000
3255	158	158000.000
3256	156	156000.000
3257	140	140000.000
3258	152	152000.000
3259	160	160000.000
3260	148	148000.000
3261	147	147000.000
3262	140	140000.000
3263	143	143000.000
3264	138	138000.000
3265	152	152000.000
3266	152	152000.000
3267	147	147000.000
3268	144	144000.000
3269	137	137000.000
3270	168	168000.000
3271	153	153000.000
3272	147	147000.000
3273	156	156000.000
3274	171	171000.000
3275	155	155000.000
3276	173	173000.000
3277	155	155000.000
3278	156	156000.000
3279	147	147000.000
3280	149	149000.000
3281	153	153000.000
3282	153	153000.000
3283	153	153000.000
3284	161	161000.000
3285	163	163000.000
3286	147	147000.000
3287	162	162000.000
3288	149	149000.000
3289	123	123000.000
3290	151	151000.000
3291	167	167000.000
3292	139	139000.000
3293	139	139000.000
3294	151	151000.000
3295	137	137000.000
3296	186	186000.000
3297	141	141000.000
3298	142	142000.000
3299	145	145000.000
3300	149	149000.000
3301	154	154000.000
3302	164	164000.000
3303	168	168000.000
3304	171	171000.000
3305	169	169000.000
3306	166	166000.000
3307	143	143000.000
3308	156	156000.000
3309	144	144000.000
3310	142	142000.000
3311	140	140000.000
3312	157	157000.000
3313	177	177000.000
3314	131	131000.000
3315	169	169000.000
3316	144	144000.000
3317	145	145000.000
3318	160	160000.000
3319	170	170000.000
3320	134	134000.000
3321	146	146000.000
3322	157	157000.000
3323	175	175000.000
3324	168	168000.000
3325	149	149000.000
3326	134	134000.000
3327	162	162000.000
3328	151	151000.000
3329	165	165000.000
3330	148	148000.000
3331	149	149000.000
3332	158	158000.000
3333	138	138000.000
3334	151	151000.000
3335	150	150000.000
3336	161	161000.000
3337	134	134000.000
3338	154	154000.000
3339	164	164000.000
3340	146	146000.000
3341	129	129000.000
3342	137	137000.000
3343	154	154000.000
3344	139	139000.000
3345	161	161000.000
3346	172	172000.000
3347	156	156000.000
3348	144	144000.000
3349	165	165000.000
3350	146	146000.000
3351	160	160000.000
3352	147	147000.000
3353	148	148000.000
3354	161	161000.000
3355	145	145000.000
3356	161	161000.000
3357	156	156000.000
3358	133	133000.000
3359	142	142000.000
3360	155	155000.000
3361	181	181000.000
3362	163	163000.000
3363	163	163000.000
3364	154	154000.000
3365	142	142000.000
3366	161	161000.000
3367	172	172000.000
3368	151	151000.000
3369	148	148000.000
3370	128	128000.000
3371	162	162000.000
3372	153	153000.000
3373	124	124000.000
3374	144	144000.000
3375	117	117000.000
3376	127	127000.000
3377	145	145000.000
3378	151	151000.000
3379	128	128000.000
3380	159	159000.000
3381	165	165000.000
3382	184	184000.000
3383	142	142000.000
3384	187	187000.000
3385	149	149000.000
3386	153	153000.000
3387	138	138000.000
3388	151	151000.000
3389	140	140000.000
3390	149	149000.000
3391	167	167000.000
3392	166	166000.000
3393	161	161000.000
3394	143	143000.000
3395	141	141000.000
3396	163	163000.000
3397	161	161000.000
3398	158	158000.000
3399	141	141000.000
3400	153	153000.000
3401	171	171000.000
3402	167	167000.000
3403	153	153000.000
3404	141	141000.000
3405	132	132000.000
3406	145	145000.000
3407	138	138000.000
3408	152	152000.000
3409	164	164000.000
3410	179	179000.000
3411	160	160000.000
3412	156	156000.000
3413	146	146000.000
3414	155	155000.000
3415	160	160000.000
3416	144	144000.000
3417	142	142000.000
3418	160	160000.000
3419	149	149000.000
3420	156	156000.000
3421	147	147000.000
3422	147	147000.000
3423	137	137000.000
3424	149	149000.000
3425	144	144000.000
3426	154	154000.000
3427	150	150000.000
3428	150	150000.000
3429	136	136000.000
3430	165	165000.000
3431	149	149000.000
3432	167	167000.000
3433	157	157000.000
3434	161	161000.000
3435	187	187000.000
3436	152	152000.000
3437	153	153000.000
3438	159	159000.000
3439	142	142000.000
3440	180	180000.000
3441	152	152000.000
3442	123	123000.000
3443	149	149000.000
3444	155	155000.000
3445	158	158000.000
3446	141	141000.000
3447	144	144000.000
3448	158	158000.000
3449	164	164000.000
3450	147	147000.000
3451	148	148000.000
3452	163	163000.000
3453	143	143000.000
3454	154	154000.000
3455	146	146000.000
3456	169	169000.000
3457	140	140000.000
3458	163	163000.000
3459	158	158000.000
3460	134	134000.000
3461	155	155000.000
3462	143	143000.000
3463	141	141000.000
3464	160	160000.000
3465	133	133000.000
3466	141	141000.000
3467	161	161000.000
3468	179	179000.000
3469	157	157000.000
3470	151	151000.000
3471	162	162000.000
3472	169	169000.000
3473	134	134000.000
3474	138	138000.000
3475	164	164000.000
3476	150	150000.000
3477	145	145000.000
3478	160	160000.000
3479	138	138000.000
3480	149	149000.000
3481	133	133000.000
3482	182	182000.000
3483	140	140000.000
3484	147	147000.000
3485	161	161000.000
3486	158	158000.000
3487	144	144000.000
3488	132	132000.000
3489	132	132000.000
3490	145	145000.000
3491	155	155000.000
3492	154	154000.000
3493	153	153000.000
3494	147	147000.000
3495	130	130000.000
3496	126	126000.000
3497	148	148000.000
3498	180	180000.000
3499	157	157000.000
3500	168	168000.000
3501	124	124000.000
3502	118	118000.000
3503	171	171000.000
3504	157	157000.000
3505	173	173000.000
3506	162	162000.000
3507	148	148000.000
3508	156	156000.000
3509	159	159000.000
3510	149	149000.000
3511	142	142000.000
3512	158	158000.000
3513	187	187000.000
3514	159	159000.000
3515	158	158000.000
3516	161	161000.000
3517	129	129000.000
3518	152	152000.000
3519	141	141000.000
3520	151	151000.000
3521	144	144000.000
3522	136	136000.000
3523	170	170000.000
3524	166	166000.000
3525	168	168000.000
3526	143	143000.000
3527	165	165000.000
3528	139	139000.000
3529	158	158000.000
3530	155	155000.000
3531	159	159000.000
3532	138	138000.000
3533	135	135000.000
3534	147	147000.000
3535	155	155000.000
3536	146	146000.000
3537	131	131000.000
3538	137	137000.000
3539	172	172000.000
3540	166	166000.000
3541	157	157000.000
3542	147	147000.000
3543	160	160000.000
3544	147	147000.000
3545	149	149000.000
3546	140	140000.000
3547	160	160000.000
3548	160	160000.000
3549	139	139000.000
3550	149	149000.000
3551	137	137000.000
3552	171	171000.000
3553	165	165000.000
3554	189	189000.000
3555	183	183000.000
3556	138	138000.000
3557	179	179000.000
3558	163	163000.000
3559	139	139000.000
3560	158	158000.000
3561	145	145000.000
3562	172	172000.000
3563	158	158000.000
3564	149	149000.000
3565	159	159000.000
3566	160	160000.000
3567	153	153000.000
3568	161	161000.000
3569	125	125000.000
3570	144	144000.000
3571	133	133000.000
3572	157	157000.000
3573	169	169000.000
3574	158	158000.000
3575	150	150000.000
3576	138	138000.000
3577	161	161000.000
3578	139	139000.000
3579	150	150000.000
3580	159	159000.000
3581	155	155000.000
3582	155	155000.000
3583	155	155000.000
3584	164	164000.000
3585	144	144000.000
3586	147	147000.000
3587	144	144000.000
3588	137	137000.000
3589	164	164000.000
3590	128	128000.000
3591	148	148000.000
3592	151	151000.000
3593	128	128000.000
3594	147	147000.000
3595	138	138000.000
3596	160	160000.000
3597	151	151000.000
3598	149	149000.000
3599	172	172000.000
3600	132	132000.000
3601	144	144000.000
3602	160	160000.000
3603	161	161000.000
3604	147	147000.000
3605	155	155000.000
3606	152	152000.000
3607	169	169000.000
3608	153	153000.000
3609	140	140000.000
3610	155	155000.000
3611	158	158000.000
3612	153	153000.000
3613	157	157000.000
3614	143	143000.000
3615	158	158000.000
3616	156	156000.000
3617	147	147000.000
3618	167	167000.000
3619	159	159000.000
3620	145	145000.000
3621	188	188000.000
3622	131	131000.000
3623	138	138000.000
3624	126	126000.000
3625	130	130000.000
3626	151	151000.000
3627	163	163000.000
3628	138	138000.000
3629	161	161000.000
3630	156	156000.000
3631	161	161000.000
3632	157	157000.000
3633	159	159000.000
3634	145	145000.000
3635	143	143000.000
3636	148	148000.000
3637	152	152000.000
3638	137	137000.000
3639	162	162000.000
3640	177	177000.000
3641	155	155000.000
3642	154	154000.000
3643	160	160000.000
3644	145	145000.000
3645	153	153000.000
3646	162	162000.000
3647	151	151000.000
3648	152	152000.000
3649	139	139000.000
3650	131	131000.000
3651	141	141000.000
3652	156	156000.000
3653	178	178000.000
3654	149	149000.000
3655	168	168000.000
3656	147	147000.000
3657	151	151000.000
3658	122	122000.000
3659	135	135000.000
3660	151	151000.000
3661	145	145000.000
3662	132	132000.000
3663	149	149000.000
3664	166	166000.000
3665	173	173000.000
3666	165	165000.000
3667	160	160000.000
3668	156	156000.000
3669	139	139000.000
3670	146	146000.000
3671	149	149000.000
3672	147	147000.000
3673	126	126000.000
3674	158	158000.000
3675	160	160000.000
3676	173	173000.000
3677	157	157000.000
3678	162	162000.000
3679	154	154000.000
3680	156	156000.000
3681	158	158000.000
3682	152	152000.000
3683	177	177000.000
3684	148	148000.000
3685	157	157000.000
3686	161	161000.000
3687	173	173000.000
3688	143	143000.000
3689	158	158000.000
3690	160	160000.000
3691	162	162000.000
3692	154	154000.000
3693	155	155000.000
3694	184	184000.000
3695	166	166000.000
3696	152	152000.000
3697	136	136000.000
3698	168	168000.000
3699	139	139000.000
3700	141	141000.000
3701	138	138000.000
3702	171	171000.000
3703	161	161000.000
3704	149	149000.000
3705	153	153000.000
3706	157	157000.000
3707	125	125000.000
3708	147	147000.000
3709	137	137000.000
3710	143	143000.000
3711	157	157000.000
3712	151	151000.000
3713	156	156000.000
3714	143	143000.000
3715	144	144000.000
3716	169	169000.000
3717	151	151000.000
3718	167	167000.000
3719	155	155000.000
3720	141	141000.000
3721	156	156000.000
3722	181	181000.000
3723	160	160000.000
3724	140	140000.000
3725	147	147000.000
3726	167	167000.000
3727	170	170000.000
3728	159	159000.000
3729	163	163000.000
3730	144	144000.000
3731	123	123000.000
3732	125	125000.000
3733	145	145000.000
3734	148	148000.000
3735	134	134000.000
3736	130	130000.000
3737	157	157000.000
3738	170	170000.000
3739	153	153000.000
3740	175	175000.000
3741	157	157000.000
3742	164	164000.000
3743	167	167000.000
3744	139	139000.000
3745	170	170000.000
3746	151	151000.000
3747	165	165000.000
3748	139	139000.000
3749	160	160000.000
3750	161	161000.000
3751	140	140000.000
3752	141	141000.000
3753	145	145000.000
3754	148	148000.000
3755	164	164000.000
3756	163	163000.000
3757	147	147000.000
3758	145	145000.000
3759	166	166000.000
3760	129	129000.000
3761	141	141000.000
3762	164	164000.000
3763	153	153000.000
3764	167	167000.000
3765	141	141000.000
3766	145	145000.000
3767	155	155000.000
3768	163	163000.000
3769	171	171000.000
3770	160	160000.000
3771	147	147000.000
3772	164	164000.000
3773	144	144000.000
3774	162	162000.000
3775	148	148000.000
3776	158	158000.000
3777	140	140000.000
3778	160	160000.000
3779	139	139000.000
3780	154	154000.000
3781	149	149000.000
3782	172	172000.000
3783	164	164000.000
3784	149	149000.000
3785	137	137000.000
3786	149	149000.000
3787	138	138000.000
3788	132	132000.000
3789	156	156000.000
3790	160	160000.000
3791	151	151000.000
3792	148	148000.000
3793	162	162000.000
3794	170	170000.000
3795	173	173000.000
3796	154	154000.000
3797	170	170000.000
3798	174	174000.000
3799	166	166000.000
3800	150	150000.000
3801	141	141000.000
3802	148	148000.000
3803	165	165000.000
3804	164	164000.000
3805	154	154000.000
3806	145	145000.000
3807	147	147000.000
3808	124	124000.000
3809	149	149000.000
3810	129	129000.000
3811	159	159000.000
3812	147	147000.000
3813	151	151000.000
3814	164	164000.000
3815	150	150000.000
3816	160	160000.000
3817	188	188000.000
3818	161	161000.000
3819	132	132000.000
3820	155	155000.000
3821	149	149000.000
3822	148	148000.000
3823	142	142000.000
3824	167	167000.000
3825	132	132000.000
3826	146	146000.000
3827	162	162000.000
3828	137	137000.000
3829	146	146000.000
3830	144	144000.000
3831	186	186000.000
3832	157	157000.000
3833	138	138000.000
3834	143	143000.000
3835	176	176000.000
3836	132	132000.000
3837	158	158000.000
3838	174	174000.000
3839	156	156000.000
3840	146	146000.000
3841	144	144000.000
3842	147	147000.000
3843	147	147000.000
3844	166	166000.000
3845	154	154000.000
3846	171	171000.000
3847	135	135000.000
3848	152	152000.000
3849	155	155000.000
3850	168	168000.000
3851	177	177000.000
3852	155	155000.000
3853	165	165000.000
3854	151	151000.000
3855	149	149000.000
3856	140	140000.000
3857	152	152000.000
3858	164	164000.000
3859	140	140000.000
3860	171	171000.000
3861	151	151000.000
3862	165	165000.000
3863	171	171000.000
3864	152	152000.000
3865	150	150000.000
3866	151	151000.000
3867	143	143000.000
3868	132	132000.000
3869	151	151000.000
3870	142	142000.000
3871	140	140000.000
3872	148	148000.000
3873	148	148000.000
3874	174	174000.000
3875	161	161000.000
3876	158	158000.000
3877	136	136000.000
3878	167	167000.000
3879	136	136000.000
3880	146	146000.000
3881	163	163000.000
3882	149	149000.000
3883	162	162000.000
3884	141	141000.000
3885	175	175000.000
3886	168	168000.000
3887	170	170000.000
3888	176	176000.000
3889	156	156000.000
3890	147	147000.000
3891	152	152000.000
3892	160	160000.000
3893	142	142000.000
3894	157	157000.000
3895	152	152000.000
3896	154	154000.000
3897	152	152000.000
3898	147	147000.000
3899	158	158000.000
3900	134	134000.000
3901	177	177000.000
3902	158	158000.000
3903	136	136000.000
3904	126	126000.000
3905	167	167000.000
3906	163	163000.000
3907	149	149000.000
3908	142	142000.000
3909	154	154000.000
3910	165	165000.000
3911	143	143000.000
3912	159	159000.000
3913	149	149000.000
3914	148	148000.000
3915	159	159000.000
3916	164	164000.000
3917	159	159000.000
3918	153	153000.000
3919	148	148000.000
3920	147	147000.000
3921	142	142000.000
3922	157	157000.000
3923	164	164000.000
3924	138	138000.000
3925	139	139000.000
3926	150	150000.000
3927	144	144000.000
3928	168	168000.000
3929	160	160000.000
3930	162	162000.000
3931	159	159000.000
3932	179	179000.000
3933	149	149000.000
3934	174	174000.000
3935	157	157000.000
3936	160	160000.000
3937	158	158000.000
3938	149	149000.000
3939	157	157000.000
3940	156	156000.000
3941	155	155000.000
3942	158	158000.000
3943	131	131000.000
3944	140	140000.000
3945	163	163000.000
3946	149	149000.000
3947	186	186000.000
3948	152	152000.000
3949	145	145000.000
3950	160	160000.000
3951	148	148000.000
3952	147	147000.000
3953	158	158000.000
3954	154	154000.000
3955	137	137000.000
3956	166	166000.000
3957	149	149000.000
3958	170	170000.000
3959	166	166000.000
3960	142	142000.000
3961	158	158000.000
3962	161	161000.000
3963	146	146000.000
3964	168	168000.000
3965	140	140000.000
3966	148	148000.000
3967	171	171000.000
3968	165	165000.000
3969	162	162000.000
3970	143	143000.000
3971	156	156000.000
3972	160	160000.000
3973	130	130000.000
3974	158	158000.000
3975	142	142000.000
3976	169	169000.000
3977	153	153000.000
3978	169	169000.000
3979	152	152000.000
3980	145	145000.000
3981	182	182000.000
3982	138	138000.000
3983	153	153000.000
3984	160	160000.000
3985	163	163000.000
3986	160	160000.000
3987	138	138000.000
3988	166	166000.000
3989	153	153000.000
3990	148	148000.000
3991	161	161000.000
3992	160	160000.000
3993	164	164000.000
3994	158	158000.000
3995	151	151000.000
3996	139	139000.000
3997	137	137000.000
3998	157	157000.000
3999	160	160000.000
4000	149	149000.000
4001	169	169000.000
4002	154	154000.000
4003	152	152000.000
4004	154	154000.000
4005	165	165000.000
4006	162	162000.000
4007	139	139000.000
4008	130	130000.000
4009	148	148000.000
4010	159	159000.000
4011	155	155000.000
4012	135	135000.000
4013	171	171000.000
4014	156	156000.000
4015	136	136000.000
4016	164	164000.000
4017	150	150000.000
4018	141	141000.000
4019	153	153000.000
4020	145	145000.000
4021	145	145000.000
4022	140	140000.000
4023	163	163000.000
4024	140	140000.000
4025	142	142000.000
4026	148	148000.000
4027	181	181000.000
4028	128	128000.000
4029	147	147000.000
4030	145	145000.000
4031	141	141000.000
4032	135	135000.000
4033	162	162000.000
4034	143	143000.000
4035	161	161000.000
4036	150	150000.000
4037	135	135000.000
4038	164	164000.000
4039	140	140000.000
4040	141	141000.000
4041	174	174000.000
4042	153	153000.000
4043	145	145000.000
4044	156	156000.000
4045	155	155000.000
4046	144	144000.000
4047	139	139000.000
4048	163	163000.000
4049	151	151000.000
4050	155	155000.000
4051	153	153000.000
4052	180	180000.000
4053	145	145000.000
4054	152	152000.000
4055	172	172000.000
4056	147	147000.000
4057	170	170000.000
4058	154	154000.000
4059	139	139000.000
4060	133	133000.000
4061	155	155000.000
4062	167	167000.000
4063	144	144000.000
4064	141	141000.000
4065	141	141000.000
4066	152	152000.000
4067	129	129000.000
4068	149	149000.000
4069	159	159000.000
4070	145	145000.000
4071	162	162000.000
4072	154	154000.000
4073	157	157000.000
4074	164	164000.000
4075	155	155000.000
4076	129	129000.000
4077	129	129000.000
4078	161	161000.000
4079	149	149000.000
4080	146	146000.000
4081	146	146000.000
4082	139	139000.000
4083	160	160000.000
4084	158	158000.000
4085	177	177000.000
4086	165	165000.000
4087	171	171000.000
4088	151	151000.000
4089	165	165000.000
4090	134	134000.000
4091	145	145000.000
4092	147	147000.000
4093	161	161000.000
4094	158	158000.000
4095	147	147000.000
4096	151	151000.000
4097	162	162000.000
4098	161	161000.000
4099	140	140000.000
4100	147	147000.000
4101	161	161000.000
4102	166	166000.000
4103	139	139000.000
4104	156	156000.000
4105	175	175000.000
4106	156	156000.000
4107	123	123000.000
4108	136	136000.000
4109	156	156000.000
4110	163	163000.000
4111	169	169000.000
4112	129	129000.000
4113	140	140000.000
4114	155	155000.000
4115	149	149000.000
4116	185	185000.000
4117	139	139000.000
4118	160	160000.000
4119	142	142000.000
4120	123	123000.000
4121	151	151000.000
4122	139	139000.000
4123	149	149000.000
4124	156	156000.000
4125	134	134000.000
4126	148	148000.000
4127	147	147000.000
4128	135	135000.000
4129	157	157000.000
4130	177	177000.000
4131	151	151000.000
4132	155	155000.000
4133	146	146000.000
4134	148	148000.000
4135	150	150000.000
4136	148	148000.000
4137	143	143000.000
4138	149	149000.000
4139	139	139000.000
4140	152	152000.000
4141	151	151000.000
4142	149	149000.000
4143	121	121000.000
4144	173	173000.000
4145	170	170000.000
4146	159	159000.000
4147	149	149000.000
4148	169	169000.000
4149	150	150000.000
4150	136	136000.000
4151	142	142000.000
4152	142	142000.000
4153	164	164000.000
4154	139	139000.000
4155	168	168000.000
4156	144	144000.000
4157	144	144000.000
4158	171	171000.000
4159	142	142000.000
4160	145	145000.000
4161	143	143000.000
4162	140	140000.000
4163	139	139000.000
4164	137	137000.000
4165	165	165000.000
4166	138	138000.000
4167	145	145000.000
4168	144	144000.000
4169	148	148000.000
4170	161	161000.000
4171	153	153000.000
4172	140	140000.000
4173	146	146000.000
4174	135	135000.000
4175	153	153000.000
4176	153	153000.000
4177	153	153000.000
4178	159	159000.000
4179	153	153000.000
4180	139	139000.000
4181	157	157000.000
4182	152	152000.000
4183	150	150000.000
4184	171	171000.000
4185	125	125000.000
4186	174	174000.000
4187	147	147000.000
4188	130	130000.000
4189	140	140000.000
4190	148	148000.000
4191	173	173000.000
4192	143	143000.000
4193	139	139000.000
4194	148	148000.000
4195	156	156000.000
4196	166	166000.000
4197	135	135000.000
4198	136	136000.000
4199	157	157000.000
4200	153	153000.000
4201	161	161000.000
4202	141	141000.000
4203	141	141000.000
4204	144	144000.000
4205	150	150000.000
4206	133	133000.000
4207	139	139000.000
4208	161	161000.000
4209	167	167000.000
4210	157	157000.000
4211	165	165000.000
4212	157	157000.000
4213	135	135000.000
4214	153	153000.000
4215	179	179000.000
4216	154	154000.000
4217	144	144000.000
4218	149	149000.000
4219	139	139000.000
4220	151	151000.000
4221	152	152000.000
4222	166	166000.000
4223	163	163000.000
4224	158	158000.000
4225	168	168000.000
4226	158	158000.000
4227	152	152000.000
4228	152	152000.000
4229	136	136000.000
4230	151	151000.000
4231	161	161000.000
4232	149	149000.000
4233	163	163000.000
4234	156	156000.000
4235	154	154000.000
4236	140	140000.000
4237	166	166000.000
4238	141	141000.000
4239	149	149000.000
4240	171	171000.000
4241	154	154000.000
4242	168	168000.000
4243	138	138000.000
4244	167	167000.000
4245	163	163000.000
4246	147	147000.000
4247	155	155000.000
4248	165	165000.000
4249	159	159000.000
4250	141	141000.000
4251	147	147000.000
4252	140	140000.000
4253	148	148000.000
4254	155	155000.000
4255	152	152000.000
4256	157	157000.000
4257	142	142000.000
4258	166	166000.000
4259	168	168000.000
4260	160	160000.000
4261	166	166000.000
4262	172	172000.000
4263	128	128000.000
4264	146	146000.000
4265	133	133000.000
4266	155	155000.000
4267	167	167000.000
4268	152	152000.000
4269	148	148000.000
4270	169	169000.000
4271	151	151000.000
4272	162	162000.000
4273	142	142000.000
4274	145	145000.000
4275	155	155000.000
4276	165	165000.000
4277	164	164000.000
4278	159	159000.000
4279	142	142000.000
4280	161	161000.000
4281	139	139000.000
4282	162	162000.000
4283	172	172000.000
4284	151	151000.000
4285	147	147000.000
4286	175	175000.000
4287	136	136000.000
4288	146	146000.000
4289	139	139000.000
4290	140	140000.000
4291	148	148000.000
4292	155	155000.000
4293	145	145000.000
4294	180	180000.000
4295	147	147000.000
4296	178	178000.000
4297	152	152000.000
4298	158	158000.000
4299	161	161000.000
4300	139	139000.000
4301	144	144000.000
4302	172	172000.000
4303	130	130000.000
4304	132	132000.000
4305	131	131000.000
4306	141	141000.000
4307	157	157000.000
4308	166	166000.000
4309	157	157000.000
4310	149	149000.000
4311	147	147000.000
4312	151	151000.000
4313	148	148000.000
4314	157	157000.000
4315	156	156000.000
4316	145	145000.000
4317	141	141000.000
4318	148	148000.000
4319	156	156000.000
4320	167	167000.000
4321	185	185000.000
4322	165	165000.000
4323	145	145000.000
4324	150	150000.000
4325	160	160000.000
4326	154	154000.000
4327	130	130000.000
4328	133	133000.000
4329	141	141000.000
4330	129	129000.000
4331	147	147000.000
4332	161	161000.000
4333	129	129000.000
4334	131	131000.000
4335	140	140000.000
4336	158	158000.000
4337	163	163000.000
4338	152	152000.000
4339	171	171000.000
4340	151	151000.000
4341	147	147000.000
4342	170	170000.000
4343	153	153000.000
4344	143	143000.000
4345	131	131000.000
4346	131	131000.000
4347	171	171000.000
4348	155	155000.000
4349	167	167000.000
4350	160	160000.000
4351	153	153000.000
4352	154	154000.000
4353	164	164000.000
4354	132	132000.000
4355	158	158000.000
4356	172	172000.000
4357	160	160000.000
4358	164	164000.000
4359	158	158000.000
4360	135	135000.000
4361	151	151000.000
4362	140	140000.000
4363	163	163000.000
4364	149	149000.000
4365	152	152000.000
4366	127	127000.000
4367	154	154000.000
4368	170	170000.000
4369	160	160000.000
4370	156	156000.000
4371	169	169000.000
4372	138	138000.000
4373	155	155000.000
4374	137	137000.000
4375	152	152000.000
4376	150	150000.000
4377	164	164000.000
4378	161	161000.000
4379	128	128000.000
4380	144	144000.000
4381	158	158000.000
4382	152	152000.000
4383	140	140000.000
4384	173	173000.000
4385	153	153000.000
4386	131	131000.000
4387	161	161000.000
4388	151	151000.000
4389	164	164000.000
4390	167	167000.000
4391	155	155000.000
4392	161	161000.000
4393	141	141000.000
4394	156	156000.000
4395	158	158000.000
4396	140	140000.000
4397	132	132000.000
4398	139	139000.000
4399	143	143000.000
4400	168	168000.000
4401	126	126000.000
4402	124	124000.000
4403	166	166000.000
4404	148	148000.000
4405	164	164000.000
4406	179	179000.000
4407	181	181000.000
4408	163	163000.000
4409	152	152000.000
4410	160	160000.000
4411	139	139000.000
4412	160	160000.000
4413	147	147000.000
4414	164	164000.000
4415	159	159000.000
4416	154	154000.000
4417	131	131000.000
4418	137	137000.000
4419	154	154000.000
4420	187	187000.000
4421	143	143000.000
4422	159	159000.000
4423	132	132000.000
4424	160	160000.000
4425	175	175000.000
4426	154	154000.000
4427	152	152000.000
4428	154	154000.000
4429	158	158000.000
4430	143	143000.000
4431	154	154000.000
4432	145	145000.000
4433	128	128000.000
4434	151	151000.000
4435	149	149000.000
4436	159	159000.000
4437	148	148000.000
4438	152	152000.000
4439	149	149000.000
4440	137	137000.000
4441	163	163000.000
4442	155	155000.000
4443	152	152000.000
4444	124	124000.000
4445	151	151000.000
4446	164	164000.000
4447	141	141000.000
4448	154	154000.000
4449	165	165000.000
4450	155	155000.000
4451	144	144000.000
4452	152	152000.000
4453	157	157000.000
4454	148	148000.000
4455	145	145000.000
4456	156	156000.000
4457	147	147000.000
4458	148	148000.000
4459	167	167000.000
4460	138	138000.000
4461	163	163000.000
4462	149	149000.000
4463	162	162000.000
4464	158	158000.000
4465	168	168000.000
4466	134	134000.000
4467	162	162000.000
4468	162	162000.000
4469	152	152000.000
4470	162	162000.000
4471	150	150000.000
4472	151	151000.000
4473	169	169000.000
4474	123	123000.000
4475	152	152000.000
4476	146	146000.000
4477	133	133000.000
4478	159	159000.000
4479	161	161000.000
4480	156	156000.000
4481	141	141000.000
4482	161	161000.000
4483	153	153000.000
4484	151	151000.000
4485	147	147000.000
4486	174	174000.000
4487	159	159000.000
4488	178	178000.000
4489	154	154000.000
4490	174	174000.000
4491	135	135000.000
4492	156	156000.000
4493	167	167000.000
4494	159	159000.000
4495	161	161000.000
4496	136	136000.000
4497	160	160000.000
4498	148	148000.000
4499	159	159000.000
4500	143	143000.000
4501	159	159000.000
4502	132	132000.000
4503	158	158000.000
4504	142	142000.000
4505	155	155000.000
4506	168	168000.000
4507	134	134000.000
4508	162	162000.000
4509	169	169000.000
4510	164	164000.000
4511	171	171000.000
4512	156	156000.000
4513	161	161000.000
4514	146	146000.000
4515	167	167000.000
4516	150	150000.000
4517	147	147000.000
4518	152	152000.000
4519	162	162000.000
4520	139	139000.000
4521	134	134000.000
4522	166	166000.000
4523	144	144000.000
4524	159	159000.000
4525	151	151000.000
4526	166	166000.000
4527	155	155000.000
4528	152	152000.000
4529	138	138000.000
4530	148	148000.000
4531	136	136000.000
4532	165	165000.000
4533	145	145000.000
4534	150	150000.000
4535	147	147000.000
4536	133	133000.000
4537	162	162000.000
4538	170	170000.000
4539	162	162000.000
4540	153	153000.000
4541	152	152000.000
4542	137	137000.000
4543	138	138000.000
4544	142	142000.000
4545	157	157000.000
4546	180	180000.000
4547	149	149000.000
4548	172	172000.000
4549	170	170000.000
4550	149	149000.000
4551	151	151000.000
4552	151	151000.000
4553	174	174000.000
4554	144	144000.000
4555	138	138000.000
4556	160	160000.000
4557	171	171000.000
4558	162	162000.000
4559	160	160000.000
4560	184	184000.000
4561	169	169000.000
4562	158	158000.000
4563	159	159000.000
4564	143	143000.000
4565	149	149000.000
4566	176	176000.000
4567	147	147000.000
4568	139	139000.000
4569	139	139000.000
4570	155	155000.000
4571	143	143000.000
4572	133	133000.000
4573	194	194000.000
4574	160	160000.000
4575	156	156000.000
4576	151	151000.000
4577	132	132000.000
4578	148	148000.000
4579	173	173000.000
4580	158	158000.000
4581	157	157000.000
4582	116	116000.000
4583	165	165000.000
4584	133	133000.000
4585	149	149000.000
4586	145	145000.000
4587	137	137000.000
4588	154	154000.000
4589	160	160000.000
4590	176	176000.000
4591	158	158000.000
4592	157	157000.000
4593	146	146000.000
4594	161	161000.000
4595	166	166000.000
4596	156	156000.000
4597	176	176000.000
4598	156	156000.000
4599	172	172000.000
4600	124	124000.000
4601	154	154000.000
4602	159	159000.000
4603	141	141000.000
4604	170	170000.000
4605	156	156000.000
4606	150	150000.000
4607	175	175000.000
4608	172	172000.000
4609	163	163000.000
4610	157	157000.000
4611	164	164000.000
4612	166	166000.000
4613	158	158000.000
4614	149	149000.000
4615	136	136000.000
4616	150	150000.000
4617	148	148000.000
4618	182	182000.000
4619	155	155000.000
4620	136	136000.000
4621	164	164000.000
4622	152	152000.000
4623	160	160000.000
4624	161	161000.000
4625	166	166000.000
4626	149	149000.000
4627	145	145000.000
4628	141	141000.000
4629	150	150000.000
4630	162	162000.000
4631	159	159000.000
4632	138	138000.000
4633	130	130000.000
4634	136	136000.000
4635	146	146000.000
4636	137	137000.000
4637	161	161000.000
4638	134	134000.000
4639	157	157000.000
4640	167	167000.000
4641	156	156000.000
4642	130	130000.000
4643	153	153000.000
4644	122	122000.000
4645	144	144000.000
4646	123	123000.000
4647	145	145000.000
4648	159	159000.000
4649	152	152000.000
4650	157	157000.000
4651	162	162000.000
4652	141	141000.000
4653	165	165000.000
4654	144	144000.000
4655	159	159000.000
4656	144	144000.000
4657	159	159000.000
4658	159	159000.000
4659	157	157000.000
4660	161	161000.000
4661	150	150000.000
4662	161	161000.000
4663	148	148000.000
4664	140	140000.000
4665	164	164000.000
4666	149	149000.000
4667	170	170000.000
4668	147	147000.000
4669	158	158000.000
4670	155	155000.000
4671	156	156000.000
4672	165	165000.000
4673	159	159000.000
4674	138	138000.000
4675	147	147000.000
4676	155	155000.000
4677	146	146000.000
4678	149	149000.000
4679	181	181000.000
4680	149	149000.000
4681	140	140000.000
4682	136	136000.000
4683	143	143000.000
4684	148	148000.000
4685	172	172000.000
4686	163	163000.000
4687	152	152000.000
4688	168	168000.000
4689	169	169000.000
4690	145	145000.000
4691	178	178000.000
4692	157	157000.000
4693	159	159000.000
4694	158	158000.000
4695	129	129000.000
4696	173	173000.000
4697	148	148000.000
4698	127	127000.000
4699	130	130000.000
4700	150	150000.000
4701	178	178000.000
4702	165	165000.000
4703	169	169000.000
4704	158	158000.000
4705	144	144000.000
4706	132	132000.000
4707	144	144000.000
4708	136	136000.000
4709	146	146000.000
4710	141	141000.000
4711	158	158000.000
4712	151	151000.000
4713	154	154000.000
4714	154	154000.000
4715	156	156000.000
4716	150	150000.000
4717	143	143000.000
4718	156	156000.000
4719	174	174000.000
4720	148	148000.000
4721	143	143000.000
4722	174	174000.000
4723	161	161000.000
4724	155	155000.000
4725	158	158000.000
4726	141	141000.000
4727	166	166000.000
4728	152	152000.000
4729	174	174000.000
4730	169	169000.000
4731	156	156000.000
4732	154	154000.000
4733	166	166000.000
4734	150	150000.000
4735	187	187000.000
4736	147	147000.000
4737	158	158000.000
4738	160	160000.000
4739	146	146000.000
4740	176	176000.000
4741	141	141000.000
4742	143	143000.000
4743	165	165000.000
4744	153	153000.000
4745	138	138000.000
4746	155	155000.000
4747	153	153000.000
4748	136	136000.000
4749	173	173000.000
4750	147	147000.000
4751	158	158000.000
4752	153	153000.000
4753	154	154000.000
4754	165	165000.000
4755	176	176000.000
4756	158	158000.000
4757	165	165000.000
4758	180	180000.000
4759	151	151000.000
4760	143	143000.000
4761	165	165000.000
4762	164	164000.000
4763	136	136000.000
4764	166	166000.000
4765	157	157000.000
4766	153	153000.000
4767	167	167000.000
4768	157	157000.000
4769	144	144000.000
4770	155	155000.000
4771	152	152000.000
4772	176	176000.000
4773	160	160000.000
4774	161	161000.000
4775	134	134000.000
4776	160	160000.000
4777	148	148000.000
4778	141	141000.000
4779	169	169000.000
4780	154	154000.000
4781	145	145000.000
4782	158	158000.000
4783	164	164000.000
4784	146	146000.000
4785	151	151000.000
4786	153	153000.000
4787	144	144000.000
4788	170	170000.000
4789	152	152000.000
4790	141	141000.000
4791	176	176000.000
4792	169	169000.000
4793	138	138000.000
4794	162	162000.000
4795	144	144000.000
4796	155	155000.000
4797	150	150000.000
4798	171	171000.000
4799	146	146000.000
4800	157	157000.000
4801	147	147000.000
4802	154	154000.000
4803	162	162000.000
4804	155	155000.000
4805	153	153000.000
4806	170	170000.000
4807	165	165000.000
4808	165	165000.000
4809	155	155000.000
4810	144	144000.000
4811	152	152000.000
4812	155	155000.000
4813	163	163000.000
4814	140	140000.000
4815	169	169000.000
4816	141	141000.000
4817	143	143000.000
4818	136	136000.000
4819	129	129000.000
4820	143	143000.000
4821	136	136000.000
4822	146	146000.000
4823	147	147000.000
4824	147	147000.000
4825	144	144000.000
4826	154	154000.000
4827	143	143000.000
4828	131	131000.000
4829	160	160000.000
4830	140	140000.000
4831	167	167000.000
4832	147	147000.000
4833	159	159000.000
4834	152	152000.000
4835	166	166000.000
4836	143	143000.000
4837	174	174000.000
4838	175	175000.000
4839	142	142000.000
4840	140	140000.000
4841	149	149000.000
4842	155	155000.000
4843	145	145000.000
4844	131	131000.000
4845	130	130000.000
4846	147	147000.000
4847	146	146000.000
4848	162	162000.000
4849	141	141000.000
4850	146	146000.000
4851	150	150000.000
4852	153	153000.000
4853	139	139000.000
4854	133	133000.000
4855	139	139000.000
4856	154	154000.000
4857	155	155000.000
4858	152	152000.000
4859	158	158000.000
4860	165	165000.000
4861	177	177000.000
4862	138	138000.000
4863	164	164000.000
4864	170	170000.000
4865	148	148000.000
4866	147	147000.000
4867	155	155000.000
4868	148	148000.000
4869	143	143000.000
4870	152	152000.000
4871	145	145000.000
4872	167	167000.000
4873	151	151000.000
4874	161	161000.000
4875	157	157000.000
4876	148	148000.000
4877	151	151000.000
4878	137	137000.000
4879	160	160000.000
4880	167	167000.000
4881	135	135000.000
4882	165	165000.000
4883	140	140000.000
4884	161	161000.000
4885	158	158000.000
4886	184	184000.000
4887	144	144000.000
4888	159	159000.000
4889	165	165000.000
4890	128	128000.000
4891	119	119000.000
4892	146	146000.000
4893	164	164000.000
4894	173	173000.000
4895	146	146000.000
4896	167	167000.000
4897	163	163000.000
4898	152	152000.000
4899	162	162000.000
4900	157	157000.000
4901	147	147000.000
4902	169	169000.000
4903	159	159000.000
4904	162	162000.000
4905	144	144000.000
4906	137	137000.000
4907	138	138000.000
4908	152	152000.000
4909	172	172000.000
4910	165	165000.000
4911	171	171000.000
4912	155	155000.000
4913	143	143000.000
4914	148	148000.000
4915	170	170000.000
4916	167	167000.000
4917	173	173000.000
4918	158	158000.000
4919	139	139000.000
4920	141	141000.000
4921	145	145000.000
4922	183	183000.000
4923	164	164000.000
4924	141	141000.000
4925	134	134000.000
4926	144	144000.000
4927	145	145000.000
4928	153	153000.000
4929	160	160000.000
4930	141	141000.000
4931	149	149000.000
4932	147	147000.000
4933	152	152000.000
4934	136	136000.000
4935	165	165000.000
4936	156	156000.000
4937	153	153000.000
4938	145	145000.000
4939	145	145000.000
4940	156	156000.000
4941	144	144000.000
4942	158	158000.000
4943	155	155000.000
4944	131	131000.000
4945	156	156000.000
4946	162	162000.000
4947	156	156000.000
4948	147	147000.000
4949	161	161000.000
4950	165	165000.000
4951	163	163000.000
4952	126	126000.000
4953	159	159000.000
4954	157	157000.000
4955	138	138000.000
4956	160	160000.000
4957	152	152000.000
4958	150	150000.000
4959	162	162000.000
4960	131	131000.000
4961	149	149000.000
4962	178	178000.000
4963	162	162000.000
4964	144	144000.000
4965	168	168000.000
4966	166	166000.000
4967	159	159000.000
4968	145	145000.000
4969	164	164000.000
4970	159	159000.000
4971	153	153000.000
4972	144	144000.000
4973	161	161000.000
4974	140	140000.000
4975	137	137000.000
4976	154	154000.000
4977	174	174000.000
4978	151	151000.000
4979	162	162000.000
4980	132	132000.000
4981	155	155000.000
4982	158	158000.000
4983	156	156000.000
4984	133	133000.000
4985	140	140000.000
4986	156	156000.000
4987	153	153000.000
4988	154	154000.000
4989	138	138000.000
4990	164	164000.000
4991	150	150000.000
4992	152	152000.000
4993	152	152000.000
4994	163	163000.000
4995	174	174000.000
4996	170	170000.000
4997	169	169000.000
4998	155	155000.000
4999	149	149000.000
5000	161	161000.000
5001	154	154000.000
5002	151	151000.000
5003	146	146000.000
5004	155	155000.000
5005	139	139000.000
5006	155	155000.000
5007	144	144000.000
5008	161	161000.000
5009	139	139000.000
5010	162	162000.000
5011	157	157000.000
5012	147	147000.000
5013	159	159000.000
5014	179	179000.000
5015	147	147000.000
5016	159	159000.000
5017	151	151000.000
5018	161	161000.000
5019	149	149000.000
5020	156	156000.000
5021	148	148000.000
5022	183	183000.000
5023	168	168000.000
5024	115	115000.000
5025	166	166000.000
5026	145	145000.000
5027	145	145000.000
5028	151	151000.000
5029	160	160000.000
5030	158	158000.000
5031	159	159000.000
5032	133	133000.000
5033	135	135000.000
5034	149	149000.000
5035	138	138000.000
5036	126	126000.000
5037	166	166000.000
5038	178	178000.000
5039	161	161000.000
5040	173	173000.000
5041	154	154000.000
5042	165	165000.000
5043	138	138000.000
5044	155	155000.000
5045	165	165000.000
5046	161	161000.000
5047	134	134000.000
5048	168	168000.000
5049	144	144000.000
5050	180	180000.000
5051	172	172000.000
5052	154	154000.000
5053	148	148000.000
5054	177	177000.000
5055	146	146000.000
5056	138	138000.000
5057	155	155000.000
5058	143	143000.000
5059	135	135000.000
5060	127	127000.000
5061	164	164000.000
5062	140	140000.000
5063	160	160000.000
5064	149	149000.000
5065	163	163000.000
5066	141	141000.000
5067	139	139000.000
5068	148	148000.000
5069	156	156000.000
5070	145	145000.000
5071	155	155000.000
5072	142	142000.000
5073	174	174000.000
5074	153	153000.000
5075	168	168000.000
5076	138	138000.000
5077	122	122000.000
5078	150	150000.000
5079	145	145000.000
5080	152	152000.000
5081	142	142000.000
5082	169	169000.000
5083	141	141000.000
5084	123	123000.000
5085	153	153000.000
5086	141	141000.000
5087	157	157000.000
5088	159	159000.000
5089	160	160000.000
5090	161	161000.000
5091	168	168000.000
5092	130	130000.000
5093	169	169000.000
5094	152	152000.000
5095	150	150000.000
5096	160	160000.000
5097	157	157000.000
5098	151	151000.000
5099	185	185000.000
5100	143	143000.000
5101	138	138000.000
5102	162	162000.000
5103	154	154000.000
5104	144	144000.000
5105	149	149000.000
5106	162	162000.000
5107	166	166000.000
5108	154	154000.000
5109	154	154000.000
5110	153	153000.000
5111	150	150000.000
5112	108	108000.000
5113	133	133000.000
5114	147	147000.000
5115	155	155000.000
5116	170	170000.000
5117	131	131000.000
5118	160	160000.000
5119	166	166000.000
5120	141	141000.000
5121	144	144000.000
5122	146	146000.000
5123	149	149000.000
5124	130	130000.000
5125	144	144000.000
5126	157	157000.000
5127	187	187000.000
5128	149	149000.000
5129	148	148000.000
5130	157	157000.000
5131	166	166000.000
5132	163	163000.000
5133	135	135000.000
5134	145	145000.000
5135	137	137000.000
5136	153	153000.000
5137	161	161000.000
5138	166	166000.000
5139	165	165000.000
5140	174	174000.000
5141	146	146000.000
5142	165	165000.000
5143	157	157000.000
5144	170	170000.000
5145	158	158000.000
5146	133	133000.000
5147	159	159000.000
5148	171	171000.000
5149	155	155000.000
5150	153	153000.000
5151	148	148000.000
5152	155	155000.000
5153	151	151000.000
5154	169	169000.000
5155	187	187000.000
5156	147	147000.000
5157	147	147000.000
5158	145	145000.000
5159	145	145000.000
5160	160	160000.000
5161	135	135000.000
5162	155	155000.000
5163	158	158000.000
5164	166	166000.000
5165	144	144000.000
5166	157	157000.000
5167	156	156000.000
5168	146	146000.000
5169	153	153000.000
5170	144	144000.000
5171	139	139000.000
5172	165	165000.000
5173	183	183000.000
5174	152	152000.000
5175	162	162000.000
5176	139	139000.000
5177	167	167000.000
5178	140	140000.000
5179	148	148000.000
5180	164	164000.000
5181	154	154000.000
5182	167	167000.000
5183	151	151000.000
5184	166	166000.000
5185	142	142000.000
5186	160	160000.000
5187	146	146000.000
5188	156	156000.000
5189	145	145000.000
5190	148	148000.000
5191	169	169000.000
5192	151	151000.000
5193	153	153000.000
5194	139	139000.000
5195	158	158000.000
5196	142	142000.000
5197	155	155000.000
5198	149	149000.000
5199	143	143000.000
5200	144	144000.000
5201	159	159000.000
5202	135	135000.000
5203	144	144000.000
5204	150	150000.000
5205	157	157000.000
5206	165	165000.000
5207	168	168000.000
5208	125	125000.000
5209	147	147000.000
5210	152	152000.000
5211	154	154000.000
5212	156	156000.000
5213	144	144000.000
5214	146	146000.000
5215	173	173000.000
5216	150	150000.000
5217	129	129000.000
5218	145	145000.000
5219	166	166000.000
5220	159	159000.000
5221	145	145000.000
5222	169	169000.000
5223	150	150000.000
5224	132	132000.000
5225	152	152000.000
5226	153	153000.000
5227	152	152000.000
5228	148	148000.000
5229	152	152000.000
5230	139	139000.000
5231	153	153000.000
5232	169	169000.000
5233	167	167000.000
5234	173	173000.000
5235	171	171000.000
5236	151	151000.000
5237	141	141000.000
5238	131	131000.000
5239	160	160000.000
5240	156	156000.000
5241	152	152000.000
5242	157	157000.000
5243	159	159000.000
5244	151	151000.000
5245	136	136000.000
5246	148	148000.000
5247	137	137000.000
5248	149	149000.000
5249	165	165000.000
5250	144	144000.000
5251	146	146000.000
5252	158	158000.000
5253	155	155000.000
5254	165	165000.000
5255	146	146000.000
5256	138	138000.000
5257	153	153000.000
5258	155	155000.000
5259	143	143000.000
5260	145	145000.000
5261	145	145000.000
5262	158	158000.000
5263	166	166000.000
5264	136	136000.000
5265	161	161000.000
5266	155	155000.000
5267	154	154000.000
5268	150	150000.000
5269	148	148000.000
5270	136	136000.000
5271	149	149000.000
5272	162	162000.000
5273	139	139000.000
5274	159	159000.000
5275	134	134000.000
5276	149	149000.000
5277	156	156000.000
5278	173	173000.000
5279	158	158000.000
5280	150	150000.000
5281	161	161000.000
5282	142	142000.000
5283	166	166000.000
5284	155	155000.000
5285	158	158000.000
5286	151	151000.000
5287	156	156000.000
5288	153	153000.000
5289	146	146000.000
5290	161	161000.000
5291	163	163000.000
5292	160	160000.000
5293	140	140000.000
5294	151	151000.000
5295	126	126000.000
5296	155	155000.000
5297	133	133000.000
5298	152	152000.000
5299	160	160000.000
5300	169	169000.000
5301	167	167000.000
5302	132	132000.000
5303	167	167000.000
5304	149	149000.000
5305	153	153000.000
5306	151	151000.000
5307	147	147000.000
5308	121	121000.000
5309	151	151000.000
5310	133	133000.000
5311	160	160000.000
5312	167	167000.000
5313	144	144000.000
5314	153	153000.000
5315	149	149000.000
5316	160	160000.000
5317	166	166000.000
5318	178	178000.000
5319	147	147000.000
5320	129	129000.000
5321	162	162000.000
5322	146	146000.000
5323	164	164000.000
5324	160	160000.000
5325	160	160000.000
5326	148	148000.000
5327	166	166000.000
5328	145	145000.000
5329	157	157000.000
5330	157	157000.000
5331	137	137000.000
5332	174	174000.000
5333	136	136000.000
5334	151	151000.000
5335	152	152000.000
5336	154	154000.000
5337	175	175000.000
5338	145	145000.000
5339	149	149000.000
5340	160	160000.000
5341	145	145000.000
5342	135	135000.000
5343	138	138000.000
5344	172	172000.000
5345	150	150000.000
5346	169	169000.000
5347	141	141000.000
5348	181	181000.000
5349	147	147000.000
5350	147	147000.000
5351	141	141000.000
5352	146	146000.000
5353	171	171000.000
5354	133	133000.000
5355	132	132000.000
5356	154	154000.000
5357	145	145000.000
5358	135	135000.000
5359	147	147000.000
5360	159	159000.000
5361	138	138000.000
5362	145	145000.000
5363	143	143000.000
5364	151	151000.000
5365	139	139000.000
5366	144	144000.000
5367	133	133000.000
5368	142	142000.000
5369	155	155000.000
5370	162	162000.000
5371	184	184000.000
5372	152	152000.000
5373	151	151000.000
5374	168	168000.000
5375	169	169000.000
5376	161	161000.000
5377	156	156000.000
5378	149	149000.000
5379	148	148000.000
5380	152	152000.000
5381	159	159000.000
5382	185	185000.000
5383	154	154000.000
5384	140	140000.000
5385	165	165000.000
5386	145	145000.000
5387	183	183000.000
5388	151	151000.000
5389	166	166000.000
5390	143	143000.000
5391	160	160000.000
5392	123	123000.000
5393	150	150000.000
5394	162	162000.000
5395	164	164000.000
5396	164	164000.000
5397	136	136000.000
5398	151	151000.000
5399	159	159000.000
5400	151	151000.000
5401	178	178000.000
5402	147	147000.000
5403	149	149000.000
5404	166	166000.000
5405	149	149000.000
5406	119	119000.000
5407	168	168000.000
5408	143	143000.000
5409	149	149000.000
5410	161	161000.000
5411	138	138000.000
5412	156	156000.000
5413	163	163000.000
5414	161	161000.000
5415	159	159000.000
5416	175	175000.000
5417	167	167000.000
5418	147	147000.000
5419	136	136000.000
5420	155	155000.000
5421	157	157000.000
5422	154	154000.000
5423	132	132000.000
5424	137	137000.000
5425	152	152000.000
5426	169	169000.000
5427	150	150000.000
5428	162	162000.000
5429	172	172000.000
5430	156	156000.000
5431	145	145000.000
5432	171	171000.000
5433	150	150000.000
5434	129	129000.000
5435	169	169000.000
5436	161	161000.000
5437	149	149000.000
5438	138	138000.000
5439	150	150000.000
5440	159	159000.000
5441	180	180000.000
5442	159	159000.000
5443	166	166000.000
5444	134	134000.000
5445	143	143000.000
5446	153	153000.000
5447	156	156000.000
5448	173	173000.000
5449	148	148000.000
5450	145	145000.000
5451	158	158000.000
5452	148	148000.000
5453	159	159000.000
5454	157	157000.000
5455	155	155000.000
5456	164	164000.000
5457	157	157000.000
5458	170	170000.000
5459	154	154000.000
5460	160	160000.000
5461	153	153000.000
5462	164	164000.000
5463	151	151000.000
5464	116	116000.000
5465	157	157000.000
5466	149	149000.000
5467	155	155000.000
5468	163	163000.000
5469	127	127000.000
5470	143	143000.000
5471	147	147000.000
5472	162	162000.000
5473	157	157000.000
5474	152	152000.000
5475	150	150000.000
5476	153	153000.000
5477	150	150000.000
5478	157	157000.000
5479	160	160000.000
5480	142	142000.000
5481	154	154000.000
5482	162	162000.000
5483	186	186000.000
5484	143	143000.000
5485	157	157000.000
5486	158	158000.000
5487	157	157000.000
5488	145	145000.000
5489	145	145000.000
5490	162	162000.000
5491	150	150000.000
5492	152	152000.000
5493	148	148000.000
5494	147	147000.000
5495	171	171000.000
5496	136	136000.000
5497	144	144000.000
5498	172	172000.000
5499	133	133000.000
5500	167	167000.000
5501	170	170000.000
5502	153	153000.000
5503	140	140000.000
5504	155	155000.000
5505	156	156000.000
5506	151	151000.000
5507	141	141000.000
5508	160	160000.000
5509	155	155000.000
5510	159	159000.000
5511	157	157000.000
5512	187	187000.000
5513	143	143000.000
5514	147	147000.000
5515	158	158000.000
5516	143	143000.000
5517	139	139000.000
5518	142	142000.000
5519	147	147000.000
5520	147	147000.000
5521	142	142000.000
5522	148	148000.000
5523	147	147000.000
5524	148	148000.000
5525	162	162000.000
5526	162	162000.000
5527	164	164000.000
5528	172	172000.000
5529	129	129000.000
5530	149	149000.000
5531	139	139000.000
5532	152	152000.000
5533	145	145000.000
5534	149	149000.000
5535	151	151000.000
5536	150	150000.000
5537	141	141000.000
5538	153	153000.000
5539	137	137000.000
5540	169	169000.000
5541	137	137000.000
5542	165	165000.000
5543	155	155000.000
5544	171	171000.000
5545	142	142000.000
5546	153	153000.000
5547	153	153000.000
5548	158	158000.000
5549	154	154000.000
5550	160	160000.000
5551	142	142000.000
5552	163	163000.000
5553	143	143000.000
5554	143	143000.000
5555	174	174000.000
5556	123	123000.000
5557	150	150000.000
5558	157	157000.000
5559	149	149000.000
5560	150	150000.000
5561	142	142000.000
5562	156	156000.000
5563	147	147000.000
5564	135	135000.000
5565	144	144000.000
5566	157	157000.000
5567	136	136000.000
5568	159	159000.000
5569	146	146000.000
5570	157	157000.000
5571	162	162000.000
5572	133	133000.000
5573	167	167000.000
5574	153	153000.000
5575	139	139000.000
5576	121	121000.000
5577	151	151000.000
5578	148	148000.000
5579	169	169000.000
5580	161	161000.000
5581	155	155000.000
5582	142	142000.000
5583	167	167000.000
5584	156	156000.000
5585	137	137000.000
5586	139	139000.000
5587	130	130000.000
5588	146	146000.000
5589	141	141000.000
5590	162	162000.000
5591	144	144000.000
5592	156	156000.000
5593	148	148000.000
5594	152	152000.000
5595	154	154000.000
5596	148	148000.000
5597	138	138000.000
5598	140	140000.000
5599	129	129000.000
5600	155	155000.000
5601	163	163000.000
5602	155	155000.000
5603	167	167000.000
5604	150	150000.000
5605	150	150000.000
5606	163	163000.000
5607	157	157000.000
5608	158	158000.000
5609	162	162000.000
5610	135	135000.000
5611	139	139000.000
5612	152	152000.000
5613	149	149000.000
5614	163	163000.000
5615	149	149000.000
5616	162	162000.000
5617	165	165000.000
5618	185	185000.000
5619	171	171000.000
5620	165	165000.000
5621	135	135000.000
5622	139	139000.000
5623	191	191000.000
5624	139	139000.000
5625	152	152000.000
5626	149	149000.000
5627	145	145000.000
5628	155	155000.000
5629	156	156000.000
5630	165	165000.000
5631	180	180000.000
5632	145	145000.000
5633	138	138000.000
5634	147	147000.000
5635	163	163000.000
5636	140	140000.000
5637	147	147000.000
5638	172	172000.000
5639	188	188000.000
5640	160	160000.000
5641	158	158000.000
5642	144	144000.000
5643	166	166000.000
5644	131	131000.000
5645	148	148000.000
5646	152	152000.000
5647	146	146000.000
5648	143	143000.000
5649	146	146000.000
5650	156	156000.000
5651	140	140000.000
5652	149	149000.000
5653	167	167000.000
5654	145	145000.000
5655	155	155000.000
5656	157	157000.000
5657	161	161000.000
5658	150	150000.000
5659	157	157000.000
5660	166	166000.000
5661	162	162000.000
5662	155	155000.000
5663	141	141000.000
5664	140	140000.000
5665	169	169000.000
5666	137	137000.000
5667	164	164000.000
5668	184	184000.000
5669	149	149000.000
5670	165	165000.000
5671	174	174000.000
5672	144	144000.000
5673	149	149000.000
5674	144	144000.000
5675	133	133000.000
5676	161	161000.000
5677	155	155000.000
5678	155	155000.000
5679	161	161000.000
5680	135	135000.000
5681	145	145000.000
5682	130	130000.000
5683	173	173000.000
5684	153	153000.000
5685	138	138000.000
5686	146	146000.000
5687	170	170000.000
5688	152	152000.000
5689	134	134000.000
5690	151	151000.000
5691	143	143000.000
5692	132	132000.000
5693	159	159000.000
5694	173	173000.000
5695	153	153000.000
5696	165	165000.000
5697	138	138000.000
5698	142	142000.000
5699	172	172000.000
5700	166	166000.000
5701	150	150000.000
5702	146	146000.000
5703	137	137000.000
5704	159	159000.000
5705	157	157000.000
5706	134	134000.000
5707	161	161000.000
5708	147	147000.000
5709	156	156000.000
5710	134	134000.000
5711	148	148000.000
5712	134	134000.000
5713	157	157000.000
5714	150	150000.000
5715	169	169000.000
5716	146	146000.000
5717	144	144000.000
5718	171	171000.000
5719	168	168000.000
5720	139	139000.000
5721	165	165000.000
5722	162	162000.000
5723	157	157000.000
5724	157	157000.000
5725	153	153000.000
5726	150	150000.000
5727	132	132000.000
5728	148	148000.000
5729	146	146000.000
5730	157	157000.000
5731	147	147000.000
5732	170	170000.000
5733	160	160000.000
5734	153	153000.000
5735	163	163000.000
5736	148	148000.000
5737	159	159000.000
5738	140	140000.000
5739	161	161000.000
5740	147	147000.000
5741	139	139000.000
5742	187	187000.000
5743	156	156000.000
5744	160	160000.000
5745	151	151000.000
5746	162	162000.000
5747	146	146000.000
5748	159	159000.000
5749	183	183000.000
5750	163	163000.000
5751	169	169000.000
5752	140	140000.000
5753	158	158000.000
5754	163	163000.000
5755	163	163000.000
5756	156	156000.000
5757	167	167000.000
5758	149	149000.000
5759	155	155000.000
5760	172	172000.000
5761	162	162000.000
5762	136	136000.000
5763	141	141000.000
5764	143	143000.000
5765	156	156000.000
5766	165	165000.000
5767	179	179000.000
5768	167	167000.000
5769	176	176000.000
5770	164	164000.000
5771	149	149000.000
5772	172	172000.000
5773	150	150000.000
5774	149	149000.000
5775	134	134000.000
5776	146	146000.000
5777	163	163000.000
5778	187	187000.000
5779	136	136000.000
5780	152	152000.000
5781	138	138000.000
5782	151	151000.000
5783	175	175000.000
5784	165	165000.000
5785	154	154000.000
5786	147	147000.000
5787	166	166000.000
5788	165	165000.000
5789	137	137000.000
5790	146	146000.000
5791	150	150000.000
5792	148	148000.000
5793	158	158000.000
5794	146	146000.000
5795	131	131000.000
5796	163	163000.000
5797	164	164000.000
5798	170	170000.000
5799	158	158000.000
5800	158	158000.000
5801	170	170000.000
5802	170	170000.000
5803	180	180000.000
5804	146	146000.000
5805	155	155000.000
5806	135	135000.000
5807	156	156000.000
5808	152	152000.000
5809	165	165000.000
5810	146	146000.000
5811	145	145000.000
5812	145	145000.000
5813	157	157000.000
5814	146	146000.000
5815	149	149000.000
5816	162	162000.000
5817	145	145000.000
5818	156	156000.000
5819	155	155000.000
5820	152	152000.000
5821	141	141000.000
5822	170	170000.000
5823	151	151000.000
5824	142	142000.000
5825	135	135000.000
5826	160	160000.000
5827	177	177000.000
5828	151	151000.000
5829	158	158000.000
5830	149	149000.000
5831	154	154000.000
5832	132	132000.000
5833	141	141000.000
5834	167	167000.000
5835	171	171000.000
5836	142	142000.000
5837	138	138000.000
5838	170	170000.000
5839	176	176000.000
5840	153	153000.000
5841	144	144000.000
5842	158	158000.000
5843	147	147000.000
5844	154	154000.000
5845	141	141000.000
5846	162	162000.000
5847	148	148000.000
5848	145	145000.000
5849	162	162000.000
5850	143	143000.000
5851	178	178000.000
5852	139	139000.000
5853	143	143000.000
5854	153	153000.000
5855	133	133000.000
5856	198	198000.000
5857	153	153000.000
5858	154	154000.000
5859	145	145000.000
5860	150	150000.000
5861	194	194000.000
5862	146	146000.000
5863	140	140000.000
5864	163	163000.000
5865	140	140000.000
5866	152	152000.000
5867	149	149000.000
5868	144	144000.000
5869	147	147000.000
5870	149	149000.000
5871	157	157000.000
5872	177	177000.000
5873	167	167000.000
5874	133	133000.000
5875	148	148000.000
5876	156	156000.000
5877	164	164000.000
5878	138	138000.000
5879	149	149000.000
5880	142	142000.000
5881	162	162000.000
5882	145	145000.000
5883	133	133000.000
5884	154	154000.000
5885	145	145000.000
5886	143	143000.000
5887	138	138000.000
5888	143	143000.000
5889	165	165000.000
5890	161	161000.000
5891	165	165000.000
5892	140	140000.000
5893	143	143000.000
5894	163	163000.000
5895	192	192000.000
5896	159	159000.000
5897	143	143000.000
5898	135	135000.000
5899	156	156000.000
5900	142	142000.000
5901	158	158000.000
5902	151	151000.000
5903	171	171000.000
5904	173	173000.000
5905	157	157000.000
5906	190	190000.000
5907	160	160000.000
5908	138	138000.000
5909	159	159000.000
5910	148	148000.000
5911	153	153000.000
5912	148	148000.000
5913	138	138000.000
5914	172	172000.000
5915	166	166000.000
5916	131	131000.000
5917	145	145000.000
5918	170	170000.000
5919	161	161000.000
5920	152	152000.000
5921	123	123000.000
5922	141	141000.000
5923	133	133000.000
5924	155	155000.000
5925	140	140000.000
5926	154	154000.000
5927	172	172000.000
5928	163	163000.000
5929	167	167000.000
5930	140	140000.000
5931	169	169000.000
5932	151	151000.000
5933	161	161000.000
5934	139	139000.000
5935	157	157000.000
5936	158	158000.000
5937	161	161000.000
5938	169	169000.000
5939	133	133000.000
5940	154	154000.000
5941	161	161000.000
5942	145	145000.000
5943	164	164000.000
5944	148	148000.000
5945	164	164000.000
5946	149	149000.000
5947	150	150000.000
5948	147	147000.000
5949	163	163000.000
5950	166	166000.000
5951	151	151000.000
5952	158	158000.000
5953	146	146000.000
5954	144	144000.000
5955	140	140000.000
5956	149	149000.000
5957	147	147000.000
5958	137	137000.000
5959	150	150000.000
5960	151	151000.000
5961	152	152000.000
5962	162	162000.000
5963	159	159000.000
5964	144	144000.000
5965	174	174000.000
5966	160	160000.000
5967	160	160000.000
5968	139	139000.000
5969	136	136000.000
5970	162	162000.000
5971	145	145000.000
5972	137	137000.000
5973	152	152000.000
5974	146	146000.000
5975	178	178000.000
5976	154	154000.000
5977	157	157000.000
5978	133	133000.000
5979	151	151000.000
5980	149	149000.000
5981	142	142000.000
5982	150	150000.000
5983	159	159000.000
5984	172	172000.000
5985	152	152000.000
5986	147	147000.000
5987	153	153000.000
5988	165	165000.000
5989	146	146000.000
5990	160	160000.000
5991	148	148000.000
5992	136	136000.000
5993	145	145000.000
5994	164	164000.000
5995	156	156000.000
5996	172	172000.000
5997	139	139000.000
5998	142	142000.000
5999	165	165000.000
6000	159	159000.000
6001	128	128000.000
6002	150	150000.000
6003	134	134000.000
6004	155	155000.000
6005	133	133000.000
6006	133	133000.000
6007	155	155000.000
6008	144	144000.000
6009	158	158000.000
6010	182	182000.000
6011	146	146000.000
6012	170	170000.000
6013	166	166000.000
6014	184	184000.000
6015	154	154000.000
6016	154	154000.000
6017	141	141000.000
6018	156	156000.000
6019	171	171000.000
6020	172	172000.000
6021	156	156000.000
6022	179	179000.000
6023	150	150000.000
6024	170	170000.000
6025	153	153000.000
6026	156	156000.000
6027	156	156000.000
6028	154	154000.000
6029	159	159000.000
6030	155	155000.000
6031	146	146000.000
6032	128	128000.000
6033	166	166000.000
6034	158	158000.000
6035	163	163000.000
6036	147	147000.000
6037	151	151000.000
6038	161	161000.000
6039	149	149000.000
6040	164	164000.000
6041	144	144000.000
6042	158	158000.000
6043	160	160000.000
6044	174	174000.000
6045	155	155000.000
6046	150	150000.000
6047	150	150000.000
6048	151	151000.000
6049	163	163000.000
6050	145	145000.000
6051	147	147000.000
6052	153	153000.000
6053	154	154000.000
6054	151	151000.000
6055	171	171000.000
6056	167	167000.000
6057	175	175000.000
6058	152	152000.000
6059	156	156000.000
6060	135	135000.000
6061	142	142000.000
6062	163	163000.000
6063	160	160000.000
6064	172	172000.000
6065	152	152000.000
6066	147	147000.000
6067	175	175000.000
6068	134	134000.000
6069	178	178000.000
6070	158	158000.000
6071	157	157000.000
6072	142	142000.000
6073	155	155000.000
6074	165	165000.000
6075	162	162000.000
6076	158	158000.000
6077	153	153000.000
6078	137	137000.000
6079	159	159000.000
6080	143	143000.000
6081	170	170000.000
6082	164	164000.000
6083	144	144000.000
6084	153	153000.000
6085	151	151000.000
6086	161	161000.000
6087	147	147000.000
6088	145	145000.000
6089	146	146000.000
6090	161	161000.000
6091	149	149000.000
6092	162	162000.000
6093	135	135000.000
6094	162	162000.000
6095	154	154000.000
6096	156	156000.000
6097	145	145000.000
6098	145	145000.000
6099	159	159000.000
6100	150	150000.000
6101	172	172000.000
6102	143	143000.000
6103	173	173000.000
6104	146	146000.000
6105	140	140000.000
6106	140	140000.000
6107	146	146000.000
6108	132	132000.000
6109	152	152000.000
6110	157	157000.000
6111	160	160000.000
6112	131	131000.000
6113	130	130000.000
6114	181	181000.000
6115	175	175000.000
6116	143	143000.000
6117	161	161000.000
6118	172	172000.000
6119	168	168000.000
6120	166	166000.000
6121	150	150000.000
6122	148	148000.000
6123	146	146000.000
6124	151	151000.000
6125	143	143000.000
6126	164	164000.000
6127	149	149000.000
6128	136	136000.000
6129	164	164000.000
6130	156	156000.000
6131	162	162000.000
6132	159	159000.000
6133	143	143000.000
6134	161	161000.000
6135	153	153000.000
6136	124	124000.000
6137	168	168000.000
6138	167	167000.000
6139	148	148000.000
6140	137	137000.000
6141	136	136000.000
6142	157	157000.000
6143	137	137000.000
6144	147	147000.000
6145	134	134000.000
6146	170	170000.000
6147	150	150000.000
6148	147	147000.000
6149	162	162000.000
6150	158	158000.000
6151	165	165000.000
6152	145	145000.000
6153	162	162000.000
6154	152	152000.000
6155	151	151000.000
6156	153	153000.000
6157	149	149000.000
6158	136	136000.000
6159	133	133000.000
6160	161	161000.000
6161	172	172000.000
6162	175	175000.000
6163	142	142000.000
6164	158	158000.000
6165	139	139000.000
6166	151	151000.000
6167	140	140000.000
6168	154	154000.000
6169	143	143000.000
6170	167	167000.000
6171	188	188000.000
6172	160	160000.000
6173	149	149000.000
6174	150	150000.000
6175	172	172000.000
6176	142	142000.000
6177	166	166000.000
6178	157	157000.000
6179	143	143000.000
6180	142	142000.000
6181	160	160000.000
6182	169	169000.000
6183	155	155000.000
6184	157	157000.000
6185	151	151000.000
6186	145	145000.000
6187	112	112000.000
6188	141	141000.000
6189	154	154000.000
6190	168	168000.000
6191	136	136000.000
6192	149	149000.000
6193	157	157000.000
6194	169	169000.000
6195	161	161000.000
6196	140	140000.000
6197	156	156000.000
6198	133	133000.000
6199	171	171000.000
6200	162	162000.000
6201	128	128000.000
6202	158	158000.000
6203	144	144000.000
6204	156	156000.000
6205	132	132000.000
6206	154	154000.000
6207	136	136000.000
6208	149	149000.000
6209	162	162000.000
6210	135	135000.000
6211	159	159000.000
6212	143	143000.000
6213	153	153000.000
6214	159	159000.000
6215	160	160000.000
6216	161	161000.000
6217	144	144000.000
6218	166	166000.000
6219	159	159000.000
6220	167	167000.000
6221	156	156000.000
6222	158	158000.000
6223	160	160000.000
6224	138	138000.000
6225	140	140000.000
6226	160	160000.000
6227	142	142000.000
6228	156	156000.000
6229	173	173000.000
6230	153	153000.000
6231	151	151000.000
6232	148	148000.000
6233	177	177000.000
6234	167	167000.000
6235	152	152000.000
6236	147	147000.000
6237	177	177000.000
6238	140	140000.000
6239	159	159000.000
6240	158	158000.000
6241	154	154000.000
6242	169	169000.000
6243	145	145000.000
6244	164	164000.000
6245	135	135000.000
6246	136	136000.000
6247	142	142000.000
6248	123	123000.000
6249	134	134000.000
6250	134	134000.000
6251	143	143000.000
6252	154	154000.000
6253	166	166000.000
6254	153	153000.000
6255	155	155000.000
6256	161	161000.000
6257	149	149000.000
6258	157	157000.000
6259	163	163000.000
6260	164	164000.000
6261	154	154000.000
6262	128	128000.000
6263	136	136000.000
6264	149	149000.000
6265	171	171000.000
6266	146	146000.000
6267	164	164000.000
6268	159	159000.000
6269	170	170000.000
6270	167	167000.000
6271	156	156000.000
6272	151	151000.000
6273	168	168000.000
6274	156	156000.000
6275	139	139000.000
6276	165	165000.000
6277	135	135000.000
6278	171	171000.000
6279	177	177000.000
6280	161	161000.000
6281	153	153000.000
6282	137	137000.000
6283	149	149000.000
6284	155	155000.000
6285	159	159000.000
6286	154	154000.000
6287	131	131000.000
6288	160	160000.000
6289	155	155000.000
6290	150	150000.000
6291	138	138000.000
6292	150	150000.000
6293	178	178000.000
6294	157	157000.000
6295	151	151000.000
6296	151	151000.000
6297	147	147000.000
6298	161	161000.000
6299	131	131000.000
6300	155	155000.000
6301	130	130000.000
6302	157	157000.000
6303	169	169000.000
6304	162	162000.000
6305	145	145000.000
6306	146	146000.000
6307	152	152000.000
6308	152	152000.000
6309	124	124000.000
6310	162	162000.000
6311	163	163000.000
6312	130	130000.000
6313	161	161000.000
6314	142	142000.000
6315	143	143000.000
6316	134	134000.000
6317	152	152000.000
6318	144	144000.000
6319	161	161000.000
6320	163	163000.000
6321	156	156000.000
6322	150	150000.000
6323	151	151000.000
6324	186	186000.000
6325	146	146000.000
6326	158	158000.000
6327	136	136000.000
6328	157	157000.000
6329	171	171000.000
6330	147	147000.000
6331	167	167000.000
6332	153	153000.000
6333	164	164000.000
6334	143	143000.000
6335	169	169000.000
6336	149	149000.000
6337	147	147000.000
6338	163	163000.000
6339	150	150000.000
6340	177	177000.000
6341	149	149000.000
6342	150	150000.000
6343	144	144000.000
6344	154	154000.000
6345	138	138000.000
6346	136	136000.000
6347	152	152000.000
6348	167	167000.000
6349	143	143000.000
6350	147	147000.000
6351	146	146000.000
6352	149	149000.000
6353	172	172000.000
6354	129	129000.000
6355	181	181000.000
6356	136	136000.000
6357	160	160000.000
6358	159	159000.000
6359	166	166000.000
6360	147	147000.000
6361	152	152000.000
6362	150	150000.000
6363	149	149000.000
6364	166	166000.000
6365	135	135000.000
6366	167	167000.000
6367	149	149000.000
6368	162	162000.000
6369	155	155000.000
6370	172	172000.000
6371	155	155000.000
6372	148	148000.000
6373	146	146000.000
6374	159	159000.000
6375	134	134000.000
6376	143	143000.000
6377	147	147000.000
6378	146	146000.000
6379	174	174000.000
6380	154	154000.000
6381	143	143000.000
6382	143	143000.000
6383	141	141000.000
6384	154	154000.000
6385	144	144000.000
6386	148	148000.000
6387	172	172000.000
6388	159	159000.000
6389	173	173000.000
6390	155	155000.000
6391	159	159000.000
6392	141	141000.000
6393	155	155000.000
6394	152	152000.000
6395	163	163000.000
6396	159	159000.000
6397	148	148000.000
6398	141	141000.000
6399	169	169000.000
6400	136	136000.000
6401	143	143000.000
6402	154	154000.000
6403	155	155000.000
6404	146	146000.000
6405	158	158000.000
6406	143	143000.000
6407	150	150000.000
6408	149	149000.000
6409	146	146000.000
6410	159	159000.000
6411	147	147000.000
6412	150	150000.000
6413	137	137000.000
6414	165	165000.000
6415	149	149000.000
6416	163	163000.000
6417	157	157000.000
6418	160	160000.000
6419	158	158000.000
6420	177	177000.000
6421	139	139000.000
6422	140	140000.000
6423	168	168000.000
6424	143	143000.000
6425	184	184000.000
6426	146	146000.000
6427	166	166000.000
6428	169	169000.000
6429	134	134000.000
6430	165	165000.000
6431	190	190000.000
6432	159	159000.000
6433	160	160000.000
6434	147	147000.000
6435	144	144000.000
6436	148	148000.000
6437	146	146000.000
6438	173	173000.000
6439	159	159000.000
6440	157	157000.000
6441	160	160000.000
6442	131	131000.000
6443	154	154000.000
6444	161	161000.000
6445	181	181000.000
6446	153	153000.000
6447	154	154000.000
6448	158	158000.000
6449	152	152000.000
6450	151	151000.000
6451	146	146000.000
6452	155	155000.000
6453	157	157000.000
6454	161	161000.000
6455	142	142000.000
6456	174	174000.000
6457	144	144000.000
6458	162	162000.000
6459	143	143000.000
6460	146	146000.000
6461	159	159000.000
6462	154	154000.000
6463	157	157000.000
6464	134	134000.000
6465	165	165000.000
6466	159	159000.000
6467	145	145000.000
6468	133	133000.000
6469	154	154000.000
6470	154	154000.000
6471	131	131000.000
6472	163	163000.000
6473	135	135000.000
6474	125	125000.000
6475	143	143000.000
6476	168	168000.000
6477	152	152000.000
6478	118	118000.000
6479	134	134000.000
6480	124	124000.000
6481	152	152000.000
6482	151	151000.000
6483	159	159000.000
6484	151	151000.000
6485	155	155000.000
6486	151	151000.000
6487	145	145000.000
6488	148	148000.000
6489	171	171000.000
6490	129	129000.000
6491	165	165000.000
6492	172	172000.000
6493	145	145000.000
6494	151	151000.000
6495	143	143000.000
6496	154	154000.000
6497	169	169000.000
6498	144	144000.000
6499	162	162000.000
6500	170	170000.000
6501	144	144000.000
6502	148	148000.000
6503	163	163000.000
6504	161	161000.000
6505	156	156000.000
6506	153	153000.000
6507	148	148000.000
6508	139	139000.000
6509	168	168000.000
6510	136	136000.000
6511	154	154000.000
6512	152	152000.000
6513	143	143000.000
6514	155	155000.000
6515	131	131000.000
6516	174	174000.000
6517	155	155000.000
6518	137	137000.000
6519	145	145000.000
6520	163	163000.000
6521	141	141000.000
6522	151	151000.000
6523	149	149000.000
6524	149	149000.000
6525	157	157000.000
6526	163	163000.000
6527	146	146000.000
6528	149	149000.000
6529	160	160000.000
6530	166	166000.000
6531	143	143000.000
6532	157	157000.000
6533	138	138000.000
6534	150	150000.000
6535	159	159000.000
6536	155	155000.000
6537	154	154000.000
6538	172	172000.000
6539	150	150000.000
6540	154	154000.000
6541	157	157000.000
6542	141	141000.000
6543	176	176000.000
6544	138	138000.000
6545	157	157000.000
6546	139	139000.000
6547	131	131000.000
6548	163	163000.000
6549	148	148000.000
6550	125	125000.000
6551	125	125000.000
6552	164	164000.000
6553	156	156000.000
6554	147	147000.000
6555	127	127000.000
6556	151	151000.000
6557	174	174000.000
6558	141	141000.000
6559	157	157000.000
6560	155	155000.000
6561	147	147000.000
6562	130	130000.000
6563	168	168000.000
6564	148	148000.000
6565	163	163000.000
6566	139	139000.000
6567	154	154000.000
6568	121	121000.000
6569	143	143000.000
6570	158	158000.000
6571	147	147000.000
6572	164	164000.000
6573	155	155000.000
6574	162	162000.000
6575	165	165000.000
6576	144	144000.000
6577	182	182000.000
6578	162	162000.000
6579	139	139000.000
6580	145	145000.000
6581	144	144000.000
6582	158	158000.000
6583	143	143000.000
6584	134	134000.000
6585	160	160000.000
6586	164	164000.000
6587	158	158000.000
6588	158	158000.000
6589	143	143000.000
6590	158	158000.000
6591	150	150000.000
6592	156	156000.000
6593	130	130000.000
6594	142	142000.000
6595	166	166000.000
6596	133	133000.000
6597	138	138000.000
6598	151	151000.000
6599	149	149000.000
6600	159	159000.000
6601	137	137000.000
6602	142	142000.000
6603	161	161000.000
6604	154	154000.000
6605	133	133000.000
6606	148	148000.000
6607	139	139000.000
6608	135	135000.000
6609	158	158000.000
6610	169	169000.000
6611	149	149000.000
6612	162	162000.000
6613	139	139000.000
6614	141	141000.000
6615	158	158000.000
6616	160	160000.000
6617	157	157000.000
6618	123	123000.000
6619	134	134000.000
6620	162	162000.000
6621	149	149000.000
6622	151	151000.000
6623	163	163000.000
6624	139	139000.000
6625	151	151000.000
6626	125	125000.000
6627	155	155000.000
6628	145	145000.000
6629	172	172000.000
6630	159	159000.000
6631	118	118000.000
6632	148	148000.000
6633	156	156000.000
6634	162	162000.000
6635	141	141000.000
6636	160	160000.000
6637	158	158000.000
6638	149	149000.000
6639	172	172000.000
6640	158	158000.000
6641	159	159000.000
6642	132	132000.000
6643	147	147000.000
6644	162	162000.000
6645	151	151000.000
6646	168	168000.000
6647	146	146000.000
6648	161	161000.000
6649	157	157000.000
6650	160	160000.000
6651	162	162000.000
6652	134	134000.000
6653	149	149000.000
6654	143	143000.000
6655	145	145000.000
6656	164	164000.000
6657	164	164000.000
6658	153	153000.000
6659	150	150000.000
6660	169	169000.000
6661	155	155000.000
6662	165	165000.000
6663	130	130000.000
6664	157	157000.000
6665	136	136000.000
6666	164	164000.000
6667	140	140000.000
6668	163	163000.000
6669	172	172000.000
6670	170	170000.000
6671	163	163000.000
6672	154	154000.000
6673	145	145000.000
6674	157	157000.000
6675	155	155000.000
6676	152	152000.000
6677	146	146000.000
6678	152	152000.000
6679	157	157000.000
6680	166	166000.000
6681	152	152000.000
6682	143	143000.000
6683	147	147000.000
6684	167	167000.000
6685	135	135000.000
6686	142	142000.000
6687	150	150000.000
6688	161	161000.000
6689	149	149000.000
6690	140	140000.000
6691	138	138000.000
6692	149	149000.000
6693	166	166000.000
6694	155	155000.000
6695	157	157000.000
6696	138	138000.000
6697	173	173000.000
6698	168	168000.000
6699	159	159000.000
6700	132	132000.000
6701	158	158000.000
6702	137	137000.000
6703	144	144000.000
6704	145	145000.000
6705	154	154000.000
6706	162	162000.000
6707	159	159000.000
6708	157	157000.000
6709	129	129000.000
6710	156	156000.000
6711	150	150000.000
6712	161	161000.000
6713	146	146000.000
6714	153	153000.000
6715	157	157000.000
6716	158	158000.000
6717	166	166000.000
6718	169	169000.000
6719	157	157000.000
6720	160	160000.000
6721	144	144000.000
6722	151	151000.000
6723	151	151000.000
6724	154	154000.000
6725	148	148000.000
6726	165	165000.000
6727	167	167000.000
6728	150	150000.000
6729	148	148000.000
6730	162	162000.000
6731	156	156000.000
6732	148	148000.000
6733	142	142000.000
6734	139	139000.000
6735	177	177000.000
6736	152	152000.000
6737	147	147000.000
6738	168	168000.000
6739	141	141000.000
6740	146	146000.000
6741	163	163000.000
6742	134	134000.000
6743	154	154000.000
6744	154	154000.000
6745	139	139000.000
6746	143	143000.000
6747	152	152000.000
6748	163	163000.000
6749	140	140000.000
6750	151	151000.000
6751	134	134000.000
6752	153	153000.000
6753	162	162000.000
6754	155	155000.000
6755	150	150000.000
6756	146	146000.000
6757	148	148000.000
6758	144	144000.000
6759	144	144000.000
6760	168	168000.000
6761	161	161000.000
6762	165	165000.000
6763	167	167000.000
6764	148	148000.000
6765	159	159000.000
6766	149	149000.000
6767	143	143000.000
6768	164	164000.000
6769	153	153000.000
6770	144	144000.000
6771	166	166000.000
6772	183	183000.000
6773	161	161000.000
6774	160	160000.000
6775	138	138000.000
6776	147	147000.000
6777	144	144000.000
6778	163	163000.000
6779	171	171000.000
6780	135	135000.000
6781	165	165000.000
6782	140	140000.000
6783	159	159000.000
6784	144	144000.000
6785	134	134000.000
6786	133	133000.000
6787	158	158000.000
6788	147	147000.000
6789	159	159000.000
6790	134	134000.000
6791	173	173000.000
6792	144	144000.000
6793	146	146000.000
6794	163	163000.000
6795	175	175000.000
6796	155	155000.000
6797	157	157000.000
6798	159	159000.000
6799	154	154000.000
6800	155	155000.000
6801	145	145000.000
6802	145	145000.000
6803	158	158000.000
6804	168	168000.000
6805	150	150000.000
6806	152	152000.000
6807	152	152000.000
6808	147	147000.000
6809	162	162000.000
6810	140	140000.000
6811	166	166000.000
6812	137	137000.000
6813	137	137000.000
6814	150	150000.000
6815	168	168000.000
6816	159	159000.000
6817	142	142000.000
6818	117	117000.000
6819	166	166000.000
6820	145	145000.000
6821	169	169000.000
6822	141	141000.000
6823	140	140000.000
6824	156	156000.000
6825	141	141000.000
6826	155	155000.000
6827	174	174000.000
6828	155	155000.000
6829	156	156000.000
6830	137	137000.000
6831	121	121000.000
6832	153	153000.000
6833	157	157000.000
6834	175	175000.000
6835	164	164000.000
6836	153	153000.000
6837	166	166000.000
6838	157	157000.000
6839	129	129000.000
6840	165	165000.000
6841	161	161000.000
6842	154	154000.000
6843	154	154000.000
6844	143	143000.000
6845	137	137000.000
6846	154	154000.000
6847	131	131000.000
6848	160	160000.000
6849	130	130000.000
6850	149	149000.000
6851	154	154000.000
6852	124	124000.000
6853	172	172000.000
6854	149	149000.000
6855	131	131000.000
6856	126	126000.000
6857	151	151000.000
6858	149	149000.000
6859	140	140000.000
6860	135	135000.000
6861	147	147000.000
6862	137	137000.000
6863	147	147000.000
6864	173	173000.000
6865	127	127000.000
6866	146	146000.000
6867	174	174000.000
6868	155	155000.000
6869	137	137000.000
6870	123	123000.000
6871	162	162000.000
6872	157	157000.000
6873	160	160000.000
6874	171	171000.000
6875	140	140000.000
6876	143	143000.000
6877	156	156000.000
6878	144	144000.000
6879	170	170000.000
6880	165	165000.000
6881	159	159000.000
6882	144	144000.000
6883	180	180000.000
6884	163	163000.000
6885	146	146000.000
6886	132	132000.000
6887	179	179000.000
6888	155	155000.000
6889	164	164000.000
6890	153	153000.000
6891	159	159000.000
6892	156	156000.000
6893	138	138000.000
6894	146	146000.000
6895	158	158000.000
6896	162	162000.000
6897	134	134000.000
6898	163	163000.000
6899	162	162000.000
6900	133	133000.000
6901	139	139000.000
6902	161	161000.000
6903	168	168000.000
6904	156	156000.000
6905	160	160000.000
6906	156	156000.000
6907	169	169000.000
6908	158	158000.000
6909	151	151000.000
6910	182	182000.000
6911	161	161000.000
6912	148	148000.000
6913	154	154000.000
6914	137	137000.000
6915	158	158000.000
6916	154	154000.000
6917	140	140000.000
6918	148	148000.000
6919	149	149000.000
6920	152	152000.000
6921	160	160000.000
6922	183	183000.000
6923	148	148000.000
6924	154	154000.000
6925	142	142000.000
6926	134	134000.000
6927	159	159000.000
6928	142	142000.000
6929	152	152000.000
6930	160	160000.000
6931	150	150000.000
6932	140	140000.000
6933	147	147000.000
6934	156	156000.000
6935	145	145000.000
6936	151	151000.000
6937	159	159000.000
6938	164	164000.000
6939	181	181000.000
6940	162	162000.000
6941	148	148000.000
6942	147	147000.000
6943	140	140000.000
6944	150	150000.000
6945	148	148000.000
6946	134	134000.000
6947	160	160000.000
6948	162	162000.000
6949	162	162000.000
6950	148	148000.000
6951	132	132000.000
6952	145	145000.000
6953	143	143000.000
6954	156	156000.000
6955	143	143000.000
6956	147	147000.000
6957	157	157000.000
6958	170	170000.000
6959	169	169000.000
6960	149	149000.000
6961	150	150000.000
6962	152	152000.000
6963	163	163000.000
6964	133	133000.000
6965	145	145000.000
6966	164	164000.000
6967	131	131000.000
6968	165	165000.000
6969	155	155000.000
6970	151	151000.000
6971	145	145000.000
6972	165	165000.000
6973	164	164000.000
6974	130	130000.000
6975	151	151000.000
6976	177	177000.000
6977	144	144000.000
6978	151	151000.000
6979	160	160000.000
6980	160	160000.000
6981	129	129000.000
6982	131	131000.000
6983	128	128000.000
6984	167	167000.000
6985	135	135000.000
6986	141	141000.000
6987	164	164000.000
6988	165	165000.000
6989	147	147000.000
6990	153	153000.000
6991	136	136000.000
6992	141	141000.000
6993	136	136000.000
6994	142	142000.000
6995	136	136000.000
6996	159	159000.000
6997	153	153000.000
6998	147	147000.000
6999	139	139000.000
7000	165	165000.000
7001	152	152000.000
7002	173	173000.000
7003	142	142000.000
7004	159	159000.000
7005	163	163000.000
7006	136	136000.000
7007	141	141000.000
7008	149	149000.000
7009	153	153000.000
7010	162	162000.000
7011	169	169000.000
7012	156	156000.000
7013	154	154000.000
7014	156	156000.000
7015	170	170000.000
7016	163	163000.000
7017	153	153000.000
7018	165	165000.000
7019	163	163000.000
7020	143	143000.000
7021	140	140000.000
7022	164	164000.000
7023	159	159000.000
7024	159	159000.000
7025	161	161000.000
7026	150	150000.000
7027	133	133000.000
7028	157	157000.000
7029	154	154000.000
7030	178	178000.000
7031	134	134000.000
7032	154	154000.000
7033	159	159000.000
7034	174	174000.000
7035	148	148000.000
7036	150	150000.000
7037	153	153000.000
7038	146	146000.000
7039	174	174000.000
7040	153	153000.000
7041	149	149000.000
7042	165	165000.000
7043	129	129000.000
7044	137	137000.000
7045	141	141000.000
7046	132	132000.000
7047	158	158000.000
7048	152	152000.000
7049	159	159000.000
7050	161	161000.000
7051	167	167000.000
7052	156	156000.000
7053	168	168000.000
7054	174	174000.000
7055	151	151000.000
7056	144	144000.000
7057	165	165000.000
7058	146	146000.000
7059	167	167000.000
7060	163	163000.000
7061	126	126000.000
7062	129	129000.000
7063	162	162000.000
7064	153	153000.000
7065	162	162000.000
7066	168	168000.000
7067	145	145000.000
7068	132	132000.000
7069	166	166000.000
7070	150	150000.000
7071	161	161000.000
7072	153	153000.000
7073	141	141000.000
7074	154	154000.000
7075	152	152000.000
7076	148	148000.000
7077	149	149000.000
7078	135	135000.000
7079	163	163000.000
7080	150	150000.000
7081	160	160000.000
7082	169	169000.000
7083	142	142000.000
7084	138	138000.000
7085	153	153000.000
7086	153	153000.000
7087	154	154000.000
7088	148	148000.000
7089	170	170000.000
7090	146	146000.000
7091	130	130000.000
7092	151	151000.000
7093	157	157000.000
7094	161	161000.000
7095	151	151000.000
7096	148	148000.000
7097	162	162000.000
7098	154	154000.000
7099	171	171000.000
7100	175	175000.000
7101	165	165000.000
7102	139	139000.000
7103	183	183000.000
7104	156	156000.000
7105	127	127000.000
7106	162	162000.000
7107	160	160000.000
7108	160	160000.000
7109	163	163000.000
7110	170	170000.000
7111	152	152000.000
7112	155	155000.000
7113	164	164000.000
7114	155	155000.000
7115	148	148000.000
7116	167	167000.000
7117	140	140000.000
7118	161	161000.000
7119	143	143000.000
7120	155	155000.000
7121	140	140000.000
7122	145	145000.000
7123	145	145000.000
7124	172	172000.000
7125	135	135000.000
7126	162	162000.000
7127	136	136000.000
7128	148	148000.000
7129	144	144000.000
7130	140	140000.000
7131	144	144000.000
7132	167	167000.000
7133	182	182000.000
7134	163	163000.000
7135	160	160000.000
7136	151	151000.000
7137	160	160000.000
7138	169	169000.000
7139	157	157000.000
7140	145	145000.000
7141	153	153000.000
7142	160	160000.000
7143	148	148000.000
7144	172	172000.000
7145	120	120000.000
7146	163	163000.000
7147	143	143000.000
7148	137	137000.000
7149	156	156000.000
7150	138	138000.000
7151	146	146000.000
7152	138	138000.000
7153	152	152000.000
7154	145	145000.000
7155	135	135000.000
7156	165	165000.000
7157	135	135000.000
7158	140	140000.000
7159	135	135000.000
7160	163	163000.000
7161	152	152000.000
7162	151	151000.000
7163	142	142000.000
7164	149	149000.000
7165	175	175000.000
7166	138	138000.000
7167	157	157000.000
7168	151	151000.000
7169	178	178000.000
7170	156	156000.000
7171	147	147000.000
7172	155	155000.000
7173	156	156000.000
7174	123	123000.000
7175	146	146000.000
7176	150	150000.000
7177	129	129000.000
7178	153	153000.000
7179	152	152000.000
7180	130	130000.000
7181	159	159000.000
7182	144	144000.000
7183	145	145000.000
7184	155	155000.000
7185	143	143000.000
7186	138	138000.000
7187	138	138000.000
7188	146	146000.000
7189	134	134000.000
7190	154	154000.000
7191	174	174000.000
7192	158	158000.000
7193	132	132000.000
7194	140	140000.000
7195	169	169000.000
7196	156	156000.000
7197	136	136000.000
7198	157	157000.000
7199	122	122000.000
7200	140	140000.000
7201	152	152000.000
7202	147	147000.000
7203	140	140000.000
7204	130	130000.000
7205	155	155000.000
7206	150	150000.000
7207	183	183000.000
7208	160	160000.000
7209	139	139000.000
7210	151	151000.000
7211	146	146000.000
7212	157	157000.000
7213	172	172000.000
7214	163	163000.000
7215	157	157000.000
7216	146	146000.000
7217	143	143000.000
7218	138	138000.000
7219	128	128000.000
7220	156	156000.000
7221	140	140000.000
7222	181	181000.000
7223	132	132000.000
7224	150	150000.000
7225	156	156000.000
7226	180	180000.000
7227	146	146000.000
7228	164	164000.000
7229	155	155000.000
7230	168	168000.000
7231	166	166000.000
7232	154	154000.000
7233	140	140000.000
7234	154	154000.000
7235	158	158000.000
7236	171	171000.000
7237	163	163000.000
7238	158	158000.000
7239	134	134000.000
7240	165	165000.000
7241	186	186000.000
7242	147	147000.000
7243	167	167000.000
7244	174	174000.000
7245	144	144000.000
7246	177	177000.000
7247	144	144000.000
7248	135	135000.000
7249	158	158000.000
7250	172	172000.000
7251	157	157000.000
7252	135	135000.000
7253	133	133000.000
7254	147	147000.000
7255	156	156000.000
7256	138	138000.000
7257	156	156000.000
7258	144	144000.000
7259	155	155000.000
7260	153	153000.000
7261	151	151000.000
7262	156	156000.000
7263	147	147000.000
7264	141	141000.000
7265	152	152000.000
7266	153	153000.000
7267	150	150000.000
7268	151	151000.000
7269	149	149000.000
7270	150	150000.000
7271	136	136000.000
7272	165	165000.000
7273	161	161000.000
7274	165	165000.000
7275	126	126000.000
7276	153	153000.000
7277	141	141000.000
7278	137	137000.000
7279	145	145000.000
7280	138	138000.000
7281	144	144000.000
7282	149	149000.000
7283	168	168000.000
7284	149	149000.000
7285	144	144000.000
7286	144	144000.000
7287	163	163000.000
7288	149	149000.000
7289	149	149000.000
7290	153	153000.000
7291	153	153000.000
7292	142	142000.000
7293	150	150000.000
7294	153	153000.000
7295	162	162000.000
7296	163	163000.000
7297	152	152000.000
7298	151	151000.000
7299	151	151000.000
7300	142	142000.000
7301	172	172000.000
7302	168	168000.000
7303	147	147000.000
7304	139	139000.000
7305	173	173000.000
7306	161	161000.000
7307	157	157000.000
7308	147	147000.000
7309	144	144000.000
7310	171	171000.000
7311	153	153000.000
7312	158	158000.000
7313	158	158000.000
7314	155	155000.000
7315	159	159000.000
7316	137	137000.000
7317	155	155000.000
7318	149	149000.000
7319	149	149000.000
7320	157	157000.000
7321	135	135000.000
7322	168	168000.000
7323	136	136000.000
7324	144	144000.000
7325	150	150000.000
7326	155	155000.000
7327	158	158000.000
7328	146	146000.000
7329	150	150000.000
7330	161	161000.000
7331	162	162000.000
7332	136	136000.000
7333	162	162000.000
7334	160	160000.000
7335	146	146000.000
7336	149	149000.000
7337	162	162000.000
7338	151	151000.000
7339	137	137000.000
7340	143	143000.000
7341	143	143000.000
7342	151	151000.000
7343	163	163000.000
7344	143	143000.000
7345	159	159000.000
7346	164	164000.000
7347	173	173000.000
7348	162	162000.000
7349	168	168000.000
7350	135	135000.000
7351	133	133000.000
7352	155	155000.000
7353	164	164000.000
7354	156	156000.000
7355	146	146000.000
7356	142	142000.000
7357	129	129000.000
7358	128	128000.000
7359	149	149000.000
7360	122	122000.000
7361	167	167000.000
7362	131	131000.000
7363	165	165000.000
7364	143	143000.000
7365	147	147000.000
7366	153	153000.000
7367	176	176000.000
7368	153	153000.000
7369	161	161000.000
7370	141	141000.000
7371	156	156000.000
7372	132	132000.000
7373	157	157000.000
7374	151	151000.000
7375	148	148000.000
7376	159	159000.000
7377	147	147000.000
7378	159	159000.000
7379	158	158000.000
7380	163	163000.000
7381	158	158000.000
7382	152	152000.000
7383	164	164000.000
7384	158	158000.000
7385	163	163000.000
7386	155	155000.000
7387	153	153000.000
7388	151	151000.000
7389	152	152000.000
7390	135	135000.000
7391	151	151000.000
7392	160	160000.000
7393	155	155000.000
7394	138	138000.000
7395	161	161000.000
7396	164	164000.000
7397	166	166000.000
7398	151	151000.000
7399	158	158000.000
7400	155	155000.000
7401	136	136000.000
7402	145	145000.000
7403	174	174000.000
7404	143	143000.000
7405	155	155000.000
7406	154	154000.000
7407	153	153000.000
7408	146	146000.000
7409	172	172000.000
7410	155	155000.000
7411	163	163000.000
7412	174	174000.000
7413	164	164000.000
7414	153	153000.000
7415	152	152000.000
7416	171	171000.000
7417	136	136000.000
7418	161	161000.000
7419	160	160000.000
7420	164	164000.000
7421	149	149000.000
7422	161	161000.000
7423	161	161000.000
7424	154	154000.000
7425	150	150000.000
7426	143	143000.000
7427	154	154000.000
7428	166	166000.000
7429	153	153000.000
7430	155	155000.000
7431	155	155000.000
7432	177	177000.000
7433	169	169000.000
7434	152	152000.000
7435	154	154000.000
7436	152	152000.000
7437	150	150000.000
7438	148	148000.000
7439	172	172000.000
7440	137	137000.000
7441	141	141000.000
7442	143	143000.000
7443	136	136000.000
7444	151	151000.000
7445	141	141000.000
7446	143	143000.000
7447	142	142000.000
7448	156	156000.000
7449	117	117000.000
7450	133	133000.000
7451	147	147000.000
7452	143	143000.000
7453	129	129000.000
7454	145	145000.000
7455	134	134000.000
7456	151	151000.000
7457	151	151000.000
7458	144	144000.000
7459	153	153000.000
7460	133	133000.000
7461	176	176000.000
7462	144	144000.000
7463	125	125000.000
7464	154	154000.000
7465	160	160000.000
7466	152	152000.000
7467	149	149000.000
7468	156	156000.000
7469	169	169000.000
7470	145	145000.000
7471	146	146000.000
7472	172	172000.000
7473	126	126000.000
7474	147	147000.000
7475	153	153000.000
7476	160	160000.000
7477	135	135000.000
7478	140	140000.000
7479	142	142000.000
7480	147	147000.000
7481	156	156000.000
7482	153	153000.000
7483	147	147000.000
7484	143	143000.000
7485	151	151000.000
7486	150	150000.000
7487	140	140000.000
7488	166	166000.000
7489	149	149000.000
7490	144	144000.000
7491	144	144000.000
7492	150	150000.000
7493	162	162000.000
7494	132	132000.000
7495	176	176000.000
7496	185	185000.000
7497	146	146000.000
7498	156	156000.000
7499	138	138000.000
7500	135	135000.000
7501	168	168000.000
7502	157	157000.000
7503	141	141000.000
7504	153	153000.000
7505	161	161000.000
7506	170	170000.000
7507	144	144000.000
7508	130	130000.000
7509	160	160000.000
7510	157	157000.000
7511	131	131000.000
7512	141	141000.000
7513	155	155000.000
7514	144	144000.000
7515	162	162000.000
7516	133	133000.000
7517	141	141000.000
7518	144	144000.000
7519	153	153000.000
7520	158	158000.000
7521	137	137000.000
7522	139	139000.000
7523	157	157000.000
7524	136	136000.000
7525	155	155000.000
7526	147	147000.000
7527	168	168000.000
7528	158	158000.000
7529	162	162000.000
7530	142	142000.000
7531	144	144000.000
7532	164	164000.000
7533	151	151000.000
7534	147	147000.000
7535	166	166000.000
7536	162	162000.000
7537	169	169000.000
7538	147	147000.000
7539	177	177000.000
7540	148	148000.000
7541	154	154000.000
7542	158	158000.000
7543	137	137000.000
7544	159	159000.000
7545	140	140000.000
7546	154	154000.000
7547	164	164000.000
7548	187	187000.000
7549	150	150000.000
7550	131	131000.000
7551	158	158000.000
7552	140	140000.000
7553	165	165000.000
7554	158	158000.000
7555	149	149000.000
7556	156	156000.000
7557	160	160000.000
7558	148	148000.000
7559	137	137000.000
7560	136	136000.000
7561	168	168000.000
7562	141	141000.000
7563	156	156000.000
7564	137	137000.000
7565	151	151000.000
7566	152	152000.000
7567	137	137000.000
7568	138	138000.000
7569	151	151000.000
7570	123	123000.000
7571	159	159000.000
7572	148	148000.000
7573	188	188000.000
7574	163	163000.000
7575	178	178000.000
7576	145	145000.000
7577	152	152000.000
7578	152	152000.000
7579	170	170000.000
7580	147	147000.000
7581	151	151000.000
7582	146	146000.000
7583	137	137000.000
7584	142	142000.000
7585	156	156000.000
7586	147	147000.000
7587	165	165000.000
7588	165	165000.000
7589	167	167000.000
7590	130	130000.000
7591	137	137000.000
7592	163	163000.000
7593	147	147000.000
7594	169	169000.000
7595	158	158000.000
7596	158	158000.000
7597	132	132000.000
7598	149	149000.000
7599	139	139000.000
7600	153	153000.000
7601	154	154000.000
7602	167	167000.000
7603	175	175000.000
7604	122	122000.000
7605	157	157000.000
7606	139	139000.000
7607	153	153000.000
7608	151	151000.000
7609	164	164000.000
7610	155	155000.000
7611	148	148000.000
7612	141	141000.000
7613	180	180000.000
7614	135	135000.000
7615	168	168000.000
7616	175	175000.000
7617	129	129000.000
7618	139	139000.000
7619	162	162000.000
7620	165	165000.000
7621	157	157000.000
7622	154	154000.000
7623	162	162000.000
7624	133	133000.000
7625	139	139000.000
7626	138	138000.000
7627	126	126000.000
7628	130	130000.000
7629	145	145000.000
7630	143	143000.000
7631	142	142000.000
7632	147	147000.000
7633	152	152000.000
7634	177	177000.000
7635	147	147000.000
7636	159	159000.000
7637	153	153000.000
7638	150	150000.000
7639	154	154000.000
7640	152	152000.000
7641	145	145000.000
7642	157	157000.000
7643	146	146000.000
7644	150	150000.000
7645	159	159000.000
7646	174	174000.000
7647	124	124000.000
7648	141	141000.000
7649	152	152000.000
7650	149	149000.000
7651	112	112000.000
7652	128	128000.000
7653	169	169000.000
7654	155	155000.000
7655	152	152000.000
7656	156	156000.000
7657	153	153000.000
7658	131	131000.000
7659	163	163000.000
7660	132	132000.000
7661	161	161000.000
7662	151	151000.000
7663	136	136000.000
7664	142	142000.000
7665	143	143000.000
7666	141	141000.000
7667	139	139000.000
7668	145	145000.000
7669	166	166000.000
7670	161	161000.000
7671	165	165000.000
7672	157	157000.000
7673	147	147000.000
7674	172	172000.000
7675	167	167000.000
7676	136	136000.000
7677	158	158000.000
7678	164	164000.000
7679	143	143000.000
7680	160	160000.000
7681	185	185000.000
7682	151	151000.000
7683	152	152000.000
7684	151	151000.000
7685	164	164000.000
7686	158	158000.000
7687	182	182000.000
7688	163	163000.000
7689	130	130000.000
7690	160	160000.000
7691	171	171000.000
7692	128	128000.000
7693	156	156000.000
7694	146	146000.000
7695	168	168000.000
7696	141	141000.000
7697	137	137000.000
7698	169	169000.000
7699	153	153000.000
7700	163	163000.000
7701	153	153000.000
7702	168	168000.000
7703	142	142000.000
7704	157	157000.000
7705	152	152000.000
7706	161	161000.000
7707	162	162000.000
7708	144	144000.000
7709	157	157000.000
7710	162	162000.000
7711	149	149000.000
7712	137	137000.000
7713	178	178000.000
7714	164	164000.000
7715	144	144000.000
7716	151	151000.000
7717	144	144000.000
7718	155	155000.000
7719	158	158000.000
7720	155	155000.000
7721	138	138000.000
7722	139	139000.000
7723	149	149000.000
7724	142	142000.000
7725	159	159000.000
7726	150	150000.000
7727	169	169000.000
7728	131	131000.000
7729	145	145000.000
7730	154	154000.000
7731	137	137000.000
7732	149	149000.000
7733	151	151000.000
7734	139	139000.000
7735	150	150000.000
7736	161	161000.000
7737	153	153000.000
7738	156	156000.000
7739	147	147000.000
7740	149	149000.000
7741	160	160000.000
7742	164	164000.000
7743	138	138000.000
7744	127	127000.000
7745	156	156000.000
7746	149	149000.000
7747	144	144000.000
7748	156	156000.000
7749	156	156000.000
7750	154	154000.000
7751	148	148000.000
7752	148	148000.000
7753	148	148000.000
7754	166	166000.000
7755	151	151000.000
7756	140	140000.000
7757	145	145000.000
7758	151	151000.000
7759	175	175000.000
7760	142	142000.000
7761	141	141000.000
7762	162	162000.000
7763	147	147000.000
7764	149	149000.000
7765	150	150000.000
7766	159	159000.000
7767	155	155000.000
7768	154	154000.000
7769	152	152000.000
7770	159	159000.000
7771	140	140000.000
7772	142	142000.000
7773	146	146000.000
7774	129	129000.000
7775	158	158000.000
7776	137	137000.000
7777	162	162000.000
7778	162	162000.000
7779	143	143000.000
7780	150	150000.000
7781	137	137000.000
7782	149	149000.000
7783	152	152000.000
7784	116	116000.000
7785	139	139000.000
7786	143	143000.000
7787	146	146000.000
7788	157	157000.000
7789	176	176000.000
7790	154	154000.000
7791	142	142000.000
7792	126	126000.000
7793	141	141000.000
7794	169	169000.000
7795	161	161000.000
7796	164	164000.000
7797	128	128000.000
7798	150	150000.000
7799	150	150000.000
7800	115	115000.000
7801	152	152000.000
7802	160	160000.000
7803	136	136000.000
7804	139	139000.000
7805	177	177000.000
7806	143	143000.000
7807	138	138000.000
7808	137	137000.000
7809	165	165000.000
7810	141	141000.000
7811	147	147000.000
7812	149	149000.000
7813	143	143000.000
7814	144	144000.000
7815	164	164000.000
7816	155	155000.000
7817	149	149000.000
7818	154	154000.000
7819	131	131000.000
7820	179	179000.000
7821	159	159000.000
7822	143	143000.000
7823	130	130000.000
7824	140	140000.000
7825	166	166000.000
7826	141	141000.000
7827	155	155000.000
7828	150	150000.000
7829	137	137000.000
7830	135	135000.000
7831	162	162000.000
7832	143	143000.000
7833	147	147000.000
7834	151	151000.000
7835	133	133000.000
7836	145	145000.000
7837	145	145000.000
7838	147	147000.000
7839	158	158000.000
7840	141	141000.000
7841	129	129000.000
7842	142	142000.000
7843	169	169000.000
7844	144	144000.000
7845	148	148000.000
7846	155	155000.000
7847	145	145000.000
7848	149	149000.000
7849	166	166000.000
7850	140	140000.000
7851	147	147000.000
7852	141	141000.000
7853	145	145000.000
7854	145	145000.000
7855	157	157000.000
7856	145	145000.000
7857	139	139000.000
7858	158	158000.000
7859	156	156000.000
7860	154	154000.000
7861	176	176000.000
7862	138	138000.000
7863	133	133000.000
7864	136	136000.000
7865	133	133000.000
7866	150	150000.000
7867	145	145000.000
7868	119	119000.000
7869	136	136000.000
7870	124	124000.000
7871	174	174000.000
7872	162	162000.000
7873	137	137000.000
7874	164	164000.000
7875	153	153000.000
7876	136	136000.000
7877	133	133000.000
7878	146	146000.000
7879	167	167000.000
7880	151	151000.000
7881	146	146000.000
7882	162	162000.000
7883	136	136000.000
7884	143	143000.000
7885	128	128000.000
7886	130	130000.000
7887	166	166000.000
7888	139	139000.000
7889	141	141000.000
7890	121	121000.000
7891	148	148000.000
7892	134	134000.000
7893	160	160000.000
7894	133	133000.000
7895	149	149000.000
7896	157	157000.000
7897	157	157000.000
7898	147	147000.000
7899	146	146000.000
7900	139	139000.000
7901	155	155000.000
7902	146	146000.000
7903	166	166000.000
7904	131	131000.000
7905	166	166000.000
7906	151	151000.000
7907	132	132000.000
7908	157	157000.000
7909	137	137000.000
7910	135	135000.000
7911	146	146000.000
7912	157	157000.000
7913	143	143000.000
7914	179	179000.000
7915	135	135000.000
7916	157	157000.000
7917	143	143000.000
7918	148	148000.000
7919	140	140000.000
7920	156	156000.000
7921	168	168000.000
7922	132	132000.000
7923	169	169000.000
7924	162	162000.000
7925	157	157000.000
7926	173	173000.000
7927	134	134000.000
7928	159	159000.000
7929	143	143000.000
7930	153	153000.000
7931	136	136000.000
7932	145	145000.000
7933	144	144000.000
7934	144	144000.000
7935	156	156000.000
7936	134	134000.000
7937	154	154000.000
7938	152	152000.000
7939	158	158000.000
7940	144	144000.000
7941	141	141000.000
7942	157	157000.000
7943	136	136000.000
7944	150	150000.000
7945	157	157000.000
7946	143	143000.000
7947	154	154000.000
7948	138	138000.000
7949	149	149000.000
7950	150	150000.000
7951	167	167000.000
7952	132	132000.000
7953	138	138000.000
7954	153	153000.000
7955	165	165000.000
7956	160	160000.000
7957	139	139000.000
7958	162	162000.000
7959	165	165000.000
7960	126	126000.000
7961	151	151000.000
7962	147	147000.000
7963	154	154000.000
7964	151	151000.000
7965	178	178000.000
7966	165	165000.000
7967	147	147000.000
7968	140	140000.000
7969	166	166000.000
7970	142	142000.000
7971	146	146000.000
7972	162	162000.000
7973	138	138000.000
7974	162	162000.000
7975	159	159000.000
7976	149	149000.000
7977	157	157000.000
7978	141	141000.000
7979	154	154000.000
7980	177	177000.000
7981	148	148000.000
7982	144	144000.000
7983	164	164000.000
7984	162	162000.000
7985	146	146000.000
7986	137	137000.000
7987	140	140000.000
7988	154	154000.000
7989	161	161000.000
7990	179	179000.000
7991	157	157000.000
7992	157	157000.000
7993	144	144000.000
7994	145	145000.000
7995	161	161000.000
7996	155	155000.000
7997	162	162000.000
7998	145	145000.000
7999	156	156000.000
8000	129	129000.000
8001	142	142000.000
8002	147	147000.000
8003	162	162000.000
8004	160	160000.000
8005	148	148000.000
8006	153	153000.000
8007	176	176000.000
8008	158	158000.000
8009	159	159000.000
8010	145	145000.000
8011	162	162000.000
8012	152	152000.000
8013	135	135000.000
8014	137	137000.000
8015	167	167000.000
8016	173	173000.000
8017	172	172000.000
8018	174	174000.000
8019	156	156000.000
8020	161	161000.000
8021	132	132000.000
8022	160	160000.000
8023	161	161000.000
8024	134	134000.000
8025	175	175000.000
8026	155	155000.000
8027	138	138000.000
8028	180	180000.000
8029	129	129000.000
8030	175	175000.000
8031	174	174000.000
8032	141	141000.000
8033	149	149000.000
8034	146	146000.000
8035	158	158000.000
8036	161	161000.000
8037	137	137000.000
8038	161	161000.000
8039	154	154000.000
8040	140	140000.000
8041	133	133000.000
8042	177	177000.000
8043	144	144000.000
8044	165	165000.000
8045	160	160000.000
8046	146	146000.000
8047	152	152000.000
8048	183	183000.000
8049	168	168000.000
8050	157	157000.000
8051	142	142000.000
8052	158	158000.000
8053	141	141000.000
8054	165	165000.000
8055	145	145000.000
8056	156	156000.000
8057	155	155000.000
8058	177	177000.000
8059	136	136000.000
8060	165	165000.000
8061	144	144000.000
8062	168	168000.000
8063	164	164000.000
8064	156	156000.000
8065	157	157000.000
8066	147	147000.000
8067	139	139000.000
8068	158	158000.000
8069	128	128000.000
8070	143	143000.000
8071	147	147000.000
8072	146	146000.000
8073	168	168000.000
8074	179	179000.000
8075	160	160000.000
8076	150	150000.000
8077	160	160000.000
8078	150	150000.000
8079	148	148000.000
8080	169	169000.000
8081	153	153000.000
8082	151	151000.000
8083	171	171000.000
8084	142	142000.000
8085	172	172000.000
8086	161	161000.000
8087	143	143000.000
8088	147	147000.000
8089	166	166000.000
8090	131	131000.000
8091	171	171000.000
8092	152	152000.000
8093	146	146000.000
8094	162	162000.000
8095	167	167000.000
8096	160	160000.000
8097	149	149000.000
8098	147	147000.000
8099	143	143000.000
8100	162	162000.000
8101	148	148000.000
8102	160	160000.000
8103	143	143000.000
8104	155	155000.000
8105	151	151000.000
8106	147	147000.000
8107	150	150000.000
8108	132	132000.000
8109	144	144000.000
8110	158	158000.000
8111	148	148000.000
8112	166	166000.000
8113	159	159000.000
8114	135	135000.000
8115	141	141000.000
8116	123	123000.000
8117	152	152000.000
8118	137	137000.000
8119	149	149000.000
8120	133	133000.000
8121	157	157000.000
8122	169	169000.000
8123	171	171000.000
8124	148	148000.000
8125	153	153000.000
8126	143	143000.000
8127	160	160000.000
8128	158	158000.000
8129	151	151000.000
8130	178	178000.000
8131	169	169000.000
8132	164	164000.000
8133	139	139000.000
8134	143	143000.000
8135	150	150000.000
8136	142	142000.000
8137	156	156000.000
8138	148	148000.000
8139	141	141000.000
8140	174	174000.000
8141	151	151000.000
8142	167	167000.000
8143	149	149000.000
8144	151	151000.000
8145	157	157000.000
8146	147	147000.000
8147	135	135000.000
8148	147	147000.000
8149	160	160000.000
8150	121	121000.000
8151	185	185000.000
8152	159	159000.000
8153	143	143000.000
8154	152	152000.000
8155	167	167000.000
8156	167	167000.000
8157	131	131000.000
8158	168	168000.000
8159	163	163000.000
8160	154	154000.000
8161	144	144000.000
8162	154	154000.000
8163	155	155000.000
8164	144	144000.000
8165	150	150000.000
8166	148	148000.000
8167	165	165000.000
8168	168	168000.000
8169	153	153000.000
8170	154	154000.000
8171	150	150000.000
8172	162	162000.000
8173	148	148000.000
8174	165	165000.000
8175	160	160000.000
8176	161	161000.000
8177	161	161000.000
8178	164	164000.000
8179	145	145000.000
8180	161	161000.000
8181	138	138000.000
8182	153	153000.000
8183	140	140000.000
8184	165	165000.000
8185	147	147000.000
8186	147	147000.000
8187	206	206000.000
8188	148	148000.000
8189	145	145000.000
8190	143	143000.000
8191	167	167000.000
8192	136	136000.000
8193	144	144000.000
8194	150	150000.000
8195	145	145000.000
8196	123	123000.000
8197	166	166000.000
8198	140	140000.000
8199	140	140000.000
8200	166	166000.000
8201	157	157000.000
8202	128	128000.000
8203	153	153000.000
8204	138	138000.000
8205	139	139000.000
8206	159	159000.000
8207	147	147000.000
8208	132	132000.000
8209	146	146000.000
8210	136	136000.000
8211	122	122000.000
8212	157	157000.000
8213	145	145000.000
8214	159	159000.000
8215	157	157000.000
8216	145	145000.000
8217	158	158000.000
8218	154	154000.000
8219	177	177000.000
8220	149	149000.000
8221	149	149000.000
8222	147	147000.000
8223	125	125000.000
8224	147	147000.000
8225	143	143000.000
8226	146	146000.000
8227	174	174000.000
8228	179	179000.000
8229	151	151000.000
8230	144	144000.000
8231	142	142000.000
8232	142	142000.000
8233	158	158000.000
8234	138	138000.000
8235	159	159000.000
8236	141	141000.000
8237	153	153000.000
8238	155	155000.000
8239	178	178000.000
8240	163	163000.000
8241	139	139000.000
8242	151	151000.000
8243	145	145000.000
8244	158	158000.000
8245	127	127000.000
8246	137	137000.000
8247	156	156000.000
8248	151	151000.000
8249	182	182000.000
8250	143	143000.000
8251	172	172000.000
8252	156	156000.000
8253	141	141000.000
8254	142	142000.000
8255	122	122000.000
8256	152	152000.000
8257	181	181000.000
8258	143	143000.000
8259	165	165000.000
8260	160	160000.000
8261	125	125000.000
8262	176	176000.000
8263	153	153000.000
8264	137	137000.000
8265	166	166000.000
8266	174	174000.000
8267	144	144000.000
8268	134	134000.000
8269	146	146000.000
8270	182	182000.000
8271	150	150000.000
8272	172	172000.000
8273	167	167000.000
8274	138	138000.000
8275	134	134000.000
8276	130	130000.000
8277	132	132000.000
8278	180	180000.000
8279	163	163000.000
8280	177	177000.000
8281	157	157000.000
8282	152	152000.000
8283	146	146000.000
8284	174	174000.000
8285	148	148000.000
8286	152	152000.000
8287	164	164000.000
8288	151	151000.000
8289	137	137000.000
8290	144	144000.000
8291	138	138000.000
8292	170	170000.000
8293	144	144000.000
8294	173	173000.000
8295	151	151000.000
8296	151	151000.000
8297	156	156000.000
8298	133	133000.000
8299	152	152000.000
8300	147	147000.000
8301	163	163000.000
8302	141	141000.000
8303	148	148000.000
8304	145	145000.000
8305	152	152000.000
8306	156	156000.000
8307	146	146000.000
8308	158	158000.000
8309	146	146000.000
8310	151	151000.000
8311	163	163000.000
8312	149	149000.000
8313	154	154000.000
8314	153	153000.000
8315	142	142000.000
8316	159	159000.000
8317	164	164000.000
8318	148	148000.000
8319	130	130000.000
8320	165	165000.000
8321	168	168000.000
8322	166	166000.000
8323	147	147000.000
8324	137	137000.000
8325	183	183000.000
8326	169	169000.000
8327	162	162000.000
8328	169	169000.000
8329	160	160000.000
8330	160	160000.000
8331	155	155000.000
8332	150	150000.000
8333	155	155000.000
8334	157	157000.000
8335	157	157000.000
8336	163	163000.000
8337	140	140000.000
8338	165	165000.000
8339	150	150000.000
8340	141	141000.000
8341	172	172000.000
8342	164	164000.000
8343	165	165000.000
8344	148	148000.000
8345	153	153000.000
8346	135	135000.000
8347	151	151000.000
8348	138	138000.000
8349	161	161000.000
8350	168	168000.000
8351	146	146000.000
8352	134	134000.000
8353	160	160000.000
8354	180	180000.000
8355	148	148000.000
8356	145	145000.000
8357	136	136000.000
8358	151	151000.000
8359	146	146000.000
8360	176	176000.000
8361	161	161000.000
8362	162	162000.000
8363	149	149000.000
8364	153	153000.000
8365	159	159000.000
8366	160	160000.000
8367	147	147000.000
8368	163	163000.000
8369	152	152000.000
8370	134	134000.000
8371	147	147000.000
8372	164	164000.000
8373	158	158000.000
8374	154	154000.000
8375	183	183000.000
8376	160	160000.000
8377	141	141000.000
8378	142	142000.000
8379	129	129000.000
8380	160	160000.000
8381	172	172000.000
8382	146	146000.000
8383	150	150000.000
8384	170	170000.000
8385	141	141000.000
8386	133	133000.000
8387	169	169000.000
8388	145	145000.000
8389	151	151000.000
8390	139	139000.000
8391	159	159000.000
8392	151	151000.000
8393	165	165000.000
8394	144	144000.000
8395	160	160000.000
8396	160	160000.000
8397	162	162000.000
8398	121	121000.000
8399	149	149000.000
8400	160	160000.000
8401	158	158000.000
8402	147	147000.000
8403	173	173000.000
8404	127	127000.000
8405	136	136000.000
8406	161	161000.000
8407	150	150000.000
8408	186	186000.000
8409	161	161000.000
8410	155	155000.000
8411	140	140000.000
8412	145	145000.000
8413	148	148000.000
8414	161	161000.000
8415	141	141000.000
8416	144	144000.000
8417	145	145000.000
8418	157	157000.000
8419	148	148000.000
8420	161	161000.000
8421	171	171000.000
8422	171	171000.000
8423	152	152000.000
8424	159	159000.000
8425	175	175000.000
8426	164	164000.000
8427	156	156000.000
8428	145	145000.000
8429	154	154000.000
8430	172	172000.000
8431	153	153000.000
8432	145	145000.000
8433	161	161000.000
8434	174	174000.000
8435	185	185000.000
8436	145	145000.000
8437	163	163000.000
8438	153	153000.000
8439	161	161000.000
8440	136	136000.000
8441	149	149000.000
8442	163	163000.000
8443	154	154000.000
8444	136	136000.000
8445	167	167000.000
8446	163	163000.000
8447	160	160000.000
8448	146	146000.000
8449	166	166000.000
8450	147	147000.000
8451	163	163000.000
8452	149	149000.000
8453	154	154000.000
8454	154	154000.000
8455	158	158000.000
8456	140	140000.000
8457	161	161000.000
8458	155	155000.000
8459	138	138000.000
8460	160	160000.000
8461	144	144000.000
8462	167	167000.000
8463	127	127000.000
8464	161	161000.000
8465	152	152000.000
8466	164	164000.000
8467	159	159000.000
8468	157	157000.000
8469	179	179000.000
8470	156	156000.000
8471	144	144000.000
8472	163	163000.000
8473	148	148000.000
8474	156	156000.000
8475	176	176000.000
8476	154	154000.000
8477	160	160000.000
8478	168	168000.000
8479	154	154000.000
8480	148	148000.000
8481	159	159000.000
8482	161	161000.000
8483	132	132000.000
8484	165	165000.000
8485	180	180000.000
8486	130	130000.000
8487	144	144000.000
8488	169	169000.000
8489	153	153000.000
8490	153	153000.000
8491	134	134000.000
8492	151	151000.000
8493	174	174000.000
8494	147	147000.000
8495	156	156000.000
8496	142	142000.000
8497	150	150000.000
8498	141	141000.000
8499	138	138000.000
8500	164	164000.000
8501	156	156000.000
8502	141	141000.000
8503	137	137000.000
8504	153	153000.000
8505	168	168000.000
8506	153	153000.000
8507	157	157000.000
8508	153	153000.000
8509	148	148000.000
8510	148	148000.000
8511	136	136000.000
8512	191	191000.000
8513	139	139000.000
8514	147	147000.000
8515	146	146000.000
8516	169	169000.000
8517	165	165000.000
8518	167	167000.000
8519	133	133000.000
8520	163	163000.000
8521	168	168000.000
8522	151	151000.000
8523	133	133000.000
8524	161	161000.000
8525	169	169000.000
8526	143	143000.000
8527	145	145000.000
8528	146	146000.000
8529	142	142000.000
8530	147	147000.000
8531	148	148000.000
8532	142	142000.000
8533	132	132000.000
8534	161	161000.000
8535	163	163000.000
8536	176	176000.000
8537	165	165000.000
8538	148	148000.000
8539	149	149000.000
8540	141	141000.000
8541	155	155000.000
8542	136	136000.000
8543	156	156000.000
8544	143	143000.000
8545	145	145000.000
8546	148	148000.000
8547	132	132000.000
8548	156	156000.000
8549	160	160000.000
8550	141	141000.000
8551	166	166000.000
8552	166	166000.000
8553	154	154000.000
8554	169	169000.000
8555	149	149000.000
8556	113	113000.000
8557	148	148000.000
8558	167	167000.000
8559	146	146000.000
8560	140	140000.000
8561	147	147000.000
8562	138	138000.000
8563	147	147000.000
8564	154	154000.000
8565	129	129000.000
8566	134	134000.000
8567	141	141000.000
8568	157	157000.000
8569	171	171000.000
8570	158	158000.000
8571	137	137000.000
8572	141	141000.000
8573	156	156000.000
8574	160	160000.000
8575	144	144000.000
8576	150	150000.000
8577	144	144000.000
8578	165	165000.000
8579	155	155000.000
8580	156	156000.000
8581	178	178000.000
8582	172	172000.000
8583	132	132000.000
8584	188	188000.000
8585	149	149000.000
8586	153	153000.000
8587	179	179000.000
8588	155	155000.000
8589	159	159000.000
8590	145	145000.000
8591	148	148000.000
8592	172	172000.000
8593	154	154000.000
8594	157	157000.000
8595	156	156000.000
8596	160	160000.000
8597	149	149000.000
8598	155	155000.000
8599	168	168000.000
8600	154	154000.000
8601	161	161000.000
8602	117	117000.000
8603	154	154000.000
8604	160	160000.000
8605	158	158000.000
8606	153	153000.000
8607	155	155000.000
8608	160	160000.000
8609	164	164000.000
8610	152	152000.000
8611	155	155000.000
8612	160	160000.000
8613	159	159000.000
8614	141	141000.000
8615	159	159000.000
8616	147	147000.000
8617	161	161000.000
8618	143	143000.000
8619	142	142000.000
8620	152	152000.000
8621	154	154000.000
8622	130	130000.000
8623	154	154000.000
8624	141	141000.000
8625	134	134000.000
8626	144	144000.000
8627	152	152000.000
8628	161	161000.000
8629	161	161000.000
8630	168	168000.000
8631	156	156000.000
8632	156	156000.000
8633	171	171000.000
8634	154	154000.000
8635	147	147000.000
8636	139	139000.000
8637	167	167000.000
8638	163	163000.000
8639	144	144000.000
8640	164	164000.000
8641	147	147000.000
8642	145	145000.000
8643	143	143000.000
8644	178	178000.000
8645	151	151000.000
8646	154	154000.000
8647	161	161000.000
8648	158	158000.000
8649	147	147000.000
8650	164	164000.000
8651	142	142000.000
8652	152	152000.000
8653	137	137000.000
8654	144	144000.000
8655	166	166000.000
8656	164	164000.000
8657	171	171000.000
8658	175	175000.000
8659	145	145000.000
8660	168	168000.000
8661	179	179000.000
8662	157	157000.000
8663	168	168000.000
8664	179	179000.000
8665	145	145000.000
8666	159	159000.000
8667	152	152000.000
8668	161	161000.000
8669	152	152000.000
8670	171	171000.000
8671	150	150000.000
8672	148	148000.000
8673	144	144000.000
8674	170	170000.000
8675	170	170000.000
8676	173	173000.000
8677	157	157000.000
8678	148	148000.000
8679	160	160000.000
8680	162	162000.000
8681	150	150000.000
8682	140	140000.000
8683	154	154000.000
8684	156	156000.000
8685	141	141000.000
8686	163	163000.000
8687	140	140000.000
8688	153	153000.000
8689	138	138000.000
8690	158	158000.000
8691	158	158000.000
8692	170	170000.000
8693	140	140000.000
8694	182	182000.000
8695	157	157000.000
8696	153	153000.000
8697	139	139000.000
8698	151	151000.000
8699	164	164000.000
8700	140	140000.000
8701	168	168000.000
8702	157	157000.000
8703	136	136000.000
8704	143	143000.000
8705	159	159000.000
8706	147	147000.000
8707	155	155000.000
8708	144	144000.000
8709	153	153000.000
8710	182	182000.000
8711	154	154000.000
8712	150	150000.000
8713	148	148000.000
8714	160	160000.000
8715	150	150000.000
8716	172	172000.000
8717	149	149000.000
8718	136	136000.000
8719	169	169000.000
8720	157	157000.000
8721	181	181000.000
8722	144	144000.000
8723	166	166000.000
8724	150	150000.000
8725	161	161000.000
8726	150	150000.000
8727	189	189000.000
8728	155	155000.000
8729	170	170000.000
8730	161	161000.000
8731	168	168000.000
8732	170	170000.000
8733	156	156000.000
8734	159	159000.000
8735	174	174000.000
8736	124	124000.000
8737	141	141000.000
8738	142	142000.000
8739	149	149000.000
8740	164	164000.000
8741	166	166000.000
8742	142	142000.000
8743	150	150000.000
8744	133	133000.000
8745	174	174000.000
8746	157	157000.000
8747	171	171000.000
8748	150	150000.000
8749	155	155000.000
8750	162	162000.000
8751	166	166000.000
8752	170	170000.000
8753	118	118000.000
8754	166	166000.000
8755	127	127000.000
8756	155	155000.000
8757	132	132000.000
8758	150	150000.000
8759	142	142000.000
8760	164	164000.000
8761	154	154000.000
8762	125	125000.000
8763	138	138000.000
8764	162	162000.000
8765	153	153000.000
8766	140	140000.000
8767	146	146000.000
8768	149	149000.000
8769	133	133000.000
8770	176	176000.000
8771	157	157000.000
8772	141	141000.000
8773	138	138000.000
8774	140	140000.000
8775	156	156000.000
8776	156	156000.000
8777	160	160000.000
8778	175	175000.000
8779	154	154000.000
8780	142	142000.000
8781	137	137000.000
8782	149	149000.000
8783	158	158000.000
8784	147	147000.000
8785	145	145000.000
8786	162	162000.000
8787	174	174000.000
8788	153	153000.000
8789	148	148000.000
8790	176	176000.000
8791	157	157000.000
8792	133	133000.000
8793	163	163000.000
8794	142	142000.000
8795	142	142000.000
8796	146	146000.000
8797	150	150000.000
8798	156	156000.000
8799	143	143000.000
8800	162	162000.000
8801	153	153000.000
8802	134	134000.000
8803	160	160000.000
8804	167	167000.000
8805	139	139000.000
8806	143	143000.000
8807	161	161000.000
8808	129	129000.000
8809	133	133000.000
8810	166	166000.000
8811	151	151000.000
8812	153	153000.000
8813	163	163000.000
8814	152	152000.000
8815	138	138000.000
8816	172	172000.000
8817	151	151000.000
8818	172	172000.000
8819	154	154000.000
8820	145	145000.000
8821	142	142000.000
8822	134	134000.000
8823	158	158000.000
8824	145	145000.000
8825	145	145000.000
8826	146	146000.000
8827	168	168000.000
8828	141	141000.000
8829	134	134000.000
8830	149	149000.000
8831	152	152000.000
8832	153	153000.000
8833	137	137000.000
8834	145	145000.000
8835	150	150000.000
8836	139	139000.000
8837	136	136000.000
8838	154	154000.000
8839	170	170000.000
8840	160	160000.000
8841	156	156000.000
8842	148	148000.000
8843	162	162000.000
8844	135	135000.000
8845	145	145000.000
8846	156	156000.000
8847	154	154000.000
8848	173	173000.000
8849	146	146000.000
8850	142	142000.000
8851	153	153000.000
8852	154	154000.000
8853	176	176000.000
8854	165	165000.000
8855	157	157000.000
8856	161	161000.000
8857	153	153000.000
8858	171	171000.000
8859	153	153000.000
8860	151	151000.000
8861	153	153000.000
8862	142	142000.000
8863	140	140000.000
8864	150	150000.000
8865	156	156000.000
8866	137	137000.000
8867	173	173000.000
8868	151	151000.000
8869	151	151000.000
8870	142	142000.000
8871	152	152000.000
8872	147	147000.000
8873	177	177000.000
8874	158	158000.000
8875	139	139000.000
8876	155	155000.000
8877	151	151000.000
8878	144	144000.000
8879	140	140000.000
8880	163	163000.000
8881	178	178000.000
8882	155	155000.000
8883	184	184000.000
8884	156	156000.000
8885	167	167000.000
8886	158	158000.000
8887	165	165000.000
8888	165	165000.000
8889	159	159000.000
8890	158	158000.000
8891	131	131000.000
8892	144	144000.000
8893	160	160000.000
8894	131	131000.000
8895	164	164000.000
8896	165	165000.000
8897	145	145000.000
8898	145	145000.000
8899	146	146000.000
8900	137	137000.000
8901	159	159000.000
8902	154	154000.000
8903	150	150000.000
8904	150	150000.000
8905	188	188000.000
8906	159	159000.000
8907	157	157000.000
8908	174	174000.000
8909	130	130000.000
8910	136	136000.000
8911	155	155000.000
8912	152	152000.000
8913	152	152000.000
8914	138	138000.000
8915	144	144000.000
8916	168	168000.000
8917	170	170000.000
8918	174	174000.000
8919	152	152000.000
8920	180	180000.000
8921	153	153000.000
8922	147	147000.000
8923	152	152000.000
8924	150	150000.000
8925	165	165000.000
8926	143	143000.000
8927	154	154000.000
8928	140	140000.000
8929	145	145000.000
8930	171	171000.000
8931	153	153000.000
8932	149	149000.000
8933	145	145000.000
8934	158	158000.000
8935	140	140000.000
8936	142	142000.000
8937	168	168000.000
8938	151	151000.000
8939	149	149000.000
8940	162	162000.000
8941	150	150000.000
8942	161	161000.000
8943	156	156000.000
8944	146	146000.000
8945	137	137000.000
8946	151	151000.000
8947	148	148000.000
8948	136	136000.000
8949	143	143000.000
8950	142	142000.000
8951	172	172000.000
8952	148	148000.000
8953	182	182000.000
8954	158	158000.000
8955	166	166000.000
8956	143	143000.000
8957	107	107000.000
8958	131	131000.000
8959	156	156000.000
8960	168	168000.000
8961	149	149000.000
8962	148	148000.000
8963	151	151000.000
8964	154	154000.000
8965	170	170000.000
8966	167	167000.000
8967	158	158000.000
8968	151	151000.000
8969	137	137000.000
8970	157	157000.000
8971	160	160000.000
8972	154	154000.000
8973	165	165000.000
8974	129	129000.000
8975	153	153000.000
8976	152	152000.000
8977	172	172000.000
8978	134	134000.000
8979	136	136000.000
8980	161	161000.000
8981	143	143000.000
8982	146	146000.000
8983	148	148000.000
8984	156	156000.000
8985	157	157000.000
8986	164	164000.000
8987	150	150000.000
8988	160	160000.000
8989	156	156000.000
8990	172	172000.000
8991	155	155000.000
8992	138	138000.000
8993	151	151000.000
8994	150	150000.000
8995	177	177000.000
8996	157	157000.000
8997	140	140000.000
8998	142	142000.000
8999	143	143000.000
9000	170	170000.000
9001	168	168000.000
9002	149	149000.000
9003	139	139000.000
9004	140	140000.000
9005	135	135000.000
9006	181	181000.000
9007	135	135000.000
9008	143	143000.000
9009	155	155000.000
9010	145	145000.000
9011	145	145000.000
9012	179	179000.000
9013	141	141000.000
9014	185	185000.000
9015	144	144000.000
9016	137	137000.000
9017	161	161000.000
9018	121	121000.000
9019	141	141000.000
9020	167	167000.000
9021	160	160000.000
9022	139	139000.000
9023	152	152000.000
9024	162	162000.000
9025	146	146000.000
9026	173	173000.000
9027	143	143000.000
9028	132	132000.000
9029	163	163000.000
9030	162	162000.000
9031	159	159000.000
9032	173	173000.000
9033	138	138000.000
9034	166	166000.000
9035	157	157000.000
9036	166	166000.000
9037	155	155000.000
9038	180	180000.000
9039	169	169000.000
9040	143	143000.000
9041	125	125000.000
9042	147	147000.000
9043	150	150000.000
9044	155	155000.000
9045	143	143000.000
9046	187	187000.000
9047	141	141000.000
9048	177	177000.000
9049	140	140000.000
9050	156	156000.000
9051	155	155000.000
9052	156	156000.000
9053	140	140000.000
9054	144	144000.000
9055	160	160000.000
9056	159	159000.000
9057	142	142000.000
9058	155	155000.000
9059	151	151000.000
9060	148	148000.000
9061	145	145000.000
9062	155	155000.000
9063	158	158000.000
9064	154	154000.000
9065	163	163000.000
9066	147	147000.000
9067	156	156000.000
9068	156	156000.000
9069	143	143000.000
9070	149	149000.000
9071	137	137000.000
9072	149	149000.000
9073	154	154000.000
9074	179	179000.000
9075	180	180000.000
9076	141	141000.000
9077	156	156000.000
9078	130	130000.000
9079	143	143000.000
9080	155	155000.000
9081	153	153000.000
9082	158	158000.000
9083	159	159000.000
9084	162	162000.000
9085	164	164000.000
9086	165	165000.000
9087	174	174000.000
9088	174	174000.000
9089	135	135000.000
9090	170	170000.000
9091	163	163000.000
9092	171	171000.000
9093	145	145000.000
9094	136	136000.000
9095	158	158000.000
9096	142	142000.000
9097	176	176000.000
9098	145	145000.000
9099	156	156000.000
9100	160	160000.000
9101	153	153000.000
9102	153	153000.000
9103	166	166000.000
9104	178	178000.000
9105	186	186000.000
9106	175	175000.000
9107	146	146000.000
9108	156	156000.000
9109	151	151000.000
9110	144	144000.000
9111	150	150000.000
9112	162	162000.000
9113	144	144000.000
9114	145	145000.000
9115	147	147000.000
9116	131	131000.000
9117	165	165000.000
9118	165	165000.000
9119	165	165000.000
9120	144	144000.000
9121	146	146000.000
9122	148	148000.000
9123	160	160000.000
9124	162	162000.000
9125	158	158000.000
9126	157	157000.000
9127	167	167000.000
9128	143	143000.000
9129	155	155000.000
9130	132	132000.000
9131	171	171000.000
9132	148	148000.000
9133	133	133000.000
9134	160	160000.000
9135	156	156000.000
9136	137	137000.000
9137	147	147000.000
9138	157	157000.000
9139	145	145000.000
9140	153	153000.000
9141	144	144000.000
9142	157	157000.000
9143	154	154000.000
9144	171	171000.000
9145	163	163000.000
9146	143	143000.000
9147	152	152000.000
9148	151	151000.000
9149	126	126000.000
9150	143	143000.000
9151	155	155000.000
9152	156	156000.000
9153	144	144000.000
9154	141	141000.000
9155	146	146000.000
9156	154	154000.000
9157	162	162000.000
9158	153	153000.000
9159	174	174000.000
9160	164	164000.000
9161	175	175000.000
9162	170	170000.000
9163	167	167000.000
9164	175	175000.000
9165	133	133000.000
9166	165	165000.000
9167	166	166000.000
9168	147	147000.000
9169	176	176000.000
9170	141	141000.000
9171	169	169000.000
9172	149	149000.000
9173	168	168000.000
9174	167	167000.000
9175	149	149000.000
9176	169	169000.000
9177	142	142000.000
9178	147	147000.000
9179	136	136000.000
9180	150	150000.000
9181	144	144000.000
9182	149	149000.000
9183	174	174000.000
9184	143	143000.000
9185	163	163000.000
9186	147	147000.000
9187	148	148000.000
9188	152	152000.000
9189	152	152000.000
9190	146	146000.000
9191	141	141000.000
9192	137	137000.000
9193	162	162000.000
9194	155	155000.000
9195	158	158000.000
9196	158	158000.000
9197	155	155000.000
9198	171	171000.000
9199	180	180000.000
9200	146	146000.000
9201	163	163000.000
9202	140	140000.000
9203	139	139000.000
9204	119	119000.000
9205	151	151000.000
9206	151	151000.000
9207	143	143000.000
9208	188	188000.000
9209	148	148000.000
9210	151	151000.000
9211	145	145000.000
9212	156	156000.000
9213	152	152000.000
9214	142	142000.000
9215	149	149000.000
9216	151	151000.000
9217	178	178000.000
9218	160	160000.000
9219	176	176000.000
9220	147	147000.000
9221	170	170000.000
9222	151	151000.000
9223	139	139000.000
9224	151	151000.000
9225	157	157000.000
9226	143	143000.000
9227	140	140000.000
9228	157	157000.000
9229	161	161000.000
9230	143	143000.000
9231	179	179000.000
9232	144	144000.000
9233	143	143000.000
9234	154	154000.000
9235	159	159000.000
9236	137	137000.000
9237	153	153000.000
9238	158	158000.000
9239	152	152000.000
9240	137	137000.000
9241	171	171000.000
9242	140	140000.000
9243	151	151000.000
9244	156	156000.000
9245	161	161000.000
9246	147	147000.000
9247	187	187000.000
9248	164	164000.000
9249	154	154000.000
9250	151	151000.000
9251	150	150000.000
9252	144	144000.000
9253	152	152000.000
9254	161	161000.000
9255	145	145000.000
9256	147	147000.000
9257	158	158000.000
9258	145	145000.000
9259	164	164000.000
9260	148	148000.000
9261	168	168000.000
9262	159	159000.000
9263	166	166000.000
9264	136	136000.000
9265	156	156000.000
9266	177	177000.000
9267	161	161000.000
9268	143	143000.000
9269	123	123000.000
9270	150	150000.000
9271	131	131000.000
9272	150	150000.000
9273	157	157000.000
9274	149	149000.000
9275	151	151000.000
9276	178	178000.000
9277	170	170000.000
9278	163	163000.000
9279	148	148000.000
9280	158	158000.000
9281	133	133000.000
9282	160	160000.000
9283	151	151000.000
9284	171	171000.000
9285	163	163000.000
9286	142	142000.000
9287	135	135000.000
9288	150	150000.000
9289	157	157000.000
9290	160	160000.000
9291	138	138000.000
9292	142	142000.000
9293	152	152000.000
9294	141	141000.000
9295	130	130000.000
9296	151	151000.000
9297	179	179000.000
9298	138	138000.000
9299	133	133000.000
9300	151	151000.000
9301	150	150000.000
9302	165	165000.000
9303	142	142000.000
9304	163	163000.000
9305	170	170000.000
9306	147	147000.000
9307	150	150000.000
9308	178	178000.000
9309	148	148000.000
9310	151	151000.000
9311	148	148000.000
9312	161	161000.000
9313	151	151000.000
9314	136	136000.000
9315	132	132000.000
9316	159	159000.000
9317	158	158000.000
9318	167	167000.000
9319	163	163000.000
9320	159	159000.000
9321	141	141000.000
9322	175	175000.000
9323	165	165000.000
9324	151	151000.000
9325	154	154000.000
9326	145	145000.000
9327	142	142000.000
9328	150	150000.000
9329	167	167000.000
9330	149	149000.000
9331	139	139000.000
9332	161	161000.000
9333	132	132000.000
9334	145	145000.000
9335	136	136000.000
9336	145	145000.000
9337	161	161000.000
9338	132	132000.000
9339	166	166000.000
9340	163	163000.000
9341	150	150000.000
9342	147	147000.000
9343	128	128000.000
9344	179	179000.000
9345	181	181000.000
9346	163	163000.000
9347	159	159000.000
9348	132	132000.000
9349	156	156000.000
9350	160	160000.000
9351	139	139000.000
9352	152	152000.000
9353	145	145000.000
9354	162	162000.000
9355	139	139000.000
9356	158	158000.000
9357	142	142000.000
9358	146	146000.000
9359	135	135000.000
9360	148	148000.000
9361	161	161000.000
9362	175	175000.000
9363	136	136000.000
9364	149	149000.000
9365	167	167000.000
9366	156	156000.000
9367	147	147000.000
9368	140	140000.000
9369	166	166000.000
9370	175	175000.000
9371	144	144000.000
9372	168	168000.000
9373	159	159000.000
9374	152	152000.000
9375	175	175000.000
9376	153	153000.000
9377	159	159000.000
9378	147	147000.000
9379	157	157000.000
9380	163	163000.000
9381	138	138000.000
9382	127	127000.000
9383	167	167000.000
9384	149	149000.000
9385	147	147000.000
9386	163	163000.000
9387	136	136000.000
9388	176	176000.000
9389	158	158000.000
9390	146	146000.000
9391	142	142000.000
9392	162	162000.000
9393	150	150000.000
9394	168	168000.000
9395	158	158000.000
9396	176	176000.000
9397	136	136000.000
9398	149	149000.000
9399	156	156000.000
9400	163	163000.000
9401	142	142000.000
9402	161	161000.000
9403	155	155000.000
9404	154	154000.000
9405	142	142000.000
9406	175	175000.000
9407	168	168000.000
9408	176	176000.000
9409	132	132000.000
9410	153	153000.000
9411	155	155000.000
9412	161	161000.000
9413	163	163000.000
9414	148	148000.000
9415	177	177000.000
9416	166	166000.000
9417	145	145000.000
9418	162	162000.000
9419	160	160000.000
9420	144	144000.000
9421	150	150000.000
9422	183	183000.000
9423	156	156000.000
9424	147	147000.000
9425	163	163000.000
9426	144	144000.000
9427	148	148000.000
9428	159	159000.000
9429	136	136000.000
9430	142	142000.000
9431	161	161000.000
9432	146	146000.000
9433	140	140000.000
9434	133	133000.000
9435	173	173000.000
9436	143	143000.000
9437	145	145000.000
9438	138	138000.000
9439	134	134000.000
9440	152	152000.000
9441	150	150000.000
9442	171	171000.000
9443	159	159000.000
9444	148	148000.000
9445	154	154000.000
9446	146	146000.000
9447	132	132000.000
9448	181	181000.000
9449	157	157000.000
9450	156	156000.000
9451	154	154000.000
9452	134	134000.000
9453	148	148000.000
9454	151	151000.000
9455	144	144000.000
9456	165	165000.000
9457	140	140000.000
9458	146	146000.000
9459	159	159000.000
9460	172	172000.000
9461	162	162000.000
9462	140	140000.000
9463	152	152000.000
9464	185	185000.000
9465	152	152000.000
9466	151	151000.000
9467	162	162000.000
9468	164	164000.000
9469	161	161000.000
9470	157	157000.000
9471	152	152000.000
9472	137	137000.000
9473	151	151000.000
9474	132	132000.000
9475	135	135000.000
9476	160	160000.000
9477	155	155000.000
9478	170	170000.000
9479	146	146000.000
9480	134	134000.000
9481	135	135000.000
9482	142	142000.000
9483	158	158000.000
9484	148	148000.000
9485	176	176000.000
9486	158	158000.000
9487	157	157000.000
9488	127	127000.000
9489	144	144000.000
9490	150	150000.000
9491	161	161000.000
9492	135	135000.000
9493	165	165000.000
9494	138	138000.000
9495	141	141000.000
9496	139	139000.000
9497	157	157000.000
9498	155	155000.000
9499	156	156000.000
9500	145	145000.000
9501	155	155000.000
9502	159	159000.000
9503	154	154000.000
9504	158	158000.000
9505	171	171000.000
9506	146	146000.000
9507	139	139000.000
9508	155	155000.000
9509	146	146000.000
9510	140	140000.000
9511	150	150000.000
9512	162	162000.000
9513	156	156000.000
9514	148	148000.000
9515	164	164000.000
9516	174	174000.000
9517	158	158000.000
9518	172	172000.000
9519	150	150000.000
9520	162	162000.000
9521	146	146000.000
9522	155	155000.000
9523	121	121000.000
9524	140	140000.000
9525	162	162000.000
9526	154	154000.000
9527	138	138000.000
9528	152	152000.000
9529	142	142000.000
9530	158	158000.000
9531	155	155000.000
9532	156	156000.000
9533	145	145000.000
9534	161	161000.000
9535	152	152000.000
9536	173	173000.000
9537	150	150000.000
9538	157	157000.000
9539	144	144000.000
9540	146	146000.000
9541	148	148000.000
9542	183	183000.000
9543	148	148000.000
9544	170	170000.000
9545	156	156000.000
9546	152	152000.000
9547	143	143000.000
9548	160	160000.000
9549	135	135000.000
9550	133	133000.000
9551	161	161000.000
9552	141	141000.000
9553	160	160000.000
9554	138	138000.000
9555	141	141000.000
9556	159	159000.000
9557	157	157000.000
9558	152	152000.000
9559	131	131000.000
9560	171	171000.000
9561	153	153000.000
9562	150	150000.000
9563	140	140000.000
9564	143	143000.000
9565	142	142000.000
9566	137	137000.000
9567	189	189000.000
9568	135	135000.000
9569	167	167000.000
9570	142	142000.000
9571	166	166000.000
9572	161	161000.000
9573	149	149000.000
9574	153	153000.000
9575	130	130000.000
9576	164	164000.000
9577	154	154000.000
9578	149	149000.000
9579	165	165000.000
9580	146	146000.000
9581	152	152000.000
9582	154	154000.000
9583	172	172000.000
9584	148	148000.000
9585	132	132000.000
9586	166	166000.000
9587	147	147000.000
9588	158	158000.000
9589	177	177000.000
9590	171	171000.000
9591	139	139000.000
9592	132	132000.000
9593	156	156000.000
9594	147	147000.000
9595	150	150000.000
9596	141	141000.000
9597	148	148000.000
9598	145	145000.000
9599	147	147000.000
9600	141	141000.000
9601	150	150000.000
9602	149	149000.000
9603	156	156000.000
9604	147	147000.000
9605	152	152000.000
9606	166	166000.000
9607	150	150000.000
9608	141	141000.000
9609	155	155000.000
9610	156	156000.000
9611	159	159000.000
9612	145	145000.000
9613	153	153000.000
9614	158	158000.000
9615	135	135000.000
9616	140	140000.000
9617	167	167000.000
9618	138	138000.000
9619	131	131000.000
9620	179	179000.000
9621	131	131000.000
9622	140	140000.000
9623	148	148000.000
9624	165	165000.000
9625	152	152000.000
9626	148	148000.000
9627	155	155000.000
9628	156	156000.000
9629	152	152000.000
9630	138	138000.000
9631	149	149000.000
9632	148	148000.000
9633	137	137000.000
9634	171	171000.000
9635	158	158000.000
9636	159	159000.000
9637	185	185000.000
9638	159	159000.000
9639	136	136000.000
9640	182	182000.000
9641	169	169000.000
9642	161	161000.000
9643	154	154000.000
9644	139	139000.000
9645	134	134000.000
9646	160	160000.000
9647	148	148000.000
9648	152	152000.000
9649	158	158000.000
9650	157	157000.000
9651	162	162000.000
9652	132	132000.000
9653	168	168000.000
9654	151	151000.000
9655	134	134000.000
9656	124	124000.000
9657	164	164000.000
9658	183	183000.000
9659	148	148000.000
9660	167	167000.000
9661	139	139000.000
9662	166	166000.000
9663	149	149000.000
9664	179	179000.000
9665	164	164000.000
9666	155	155000.000
9667	158	158000.000
9668	142	142000.000
9669	137	137000.000
9670	165	165000.000
9671	124	124000.000
9672	149	149000.000
9673	129	129000.000
9674	149	149000.000
9675	163	163000.000
9676	154	154000.000
9677	163	163000.000
9678	171	171000.000
9679	151	151000.000
9680	173	173000.000
9681	137	137000.000
9682	142	142000.000
9683	144	144000.000
9684	160	160000.000
9685	172	172000.000
9686	157	157000.000
9687	148	148000.000
9688	145	145000.000
9689	149	149000.000
9690	142	142000.000
9691	171	171000.000
9692	176	176000.000
9693	158	158000.000
9694	186	186000.000
9695	160	160000.000
9696	151	151000.000
9697	163	163000.000
9698	138	138000.000
9699	134	134000.000
9700	165	165000.000
9701	143	143000.000
9702	144	144000.000
9703	171	171000.000
9704	138	138000.000
9705	161	161000.000
9706	132	132000.000
9707	139	139000.000
9708	146	146000.000
9709	174	174000.000
9710	139	139000.000
9711	146	146000.000
9712	156	156000.000
9713	142	142000.000
9714	144	144000.000
9715	161	161000.000
9716	159	159000.000
9717	174	174000.000
9718	148	148000.000
9719	169	169000.000
9720	160	160000.000
9721	143	143000.000
9722	160	160000.000
9723	161	161000.000
9724	154	154000.000
9725	162	162000.000
9726	153	153000.000
9727	126	126000.000
9728	146	146000.000
9729	181	181000.000
9730	165	165000.000
9731	162	162000.000
9732	166	166000.000
9733	150	150000.000
9734	154	154000.000
9735	131	131000.000
9736	165	165000.000
9737	148	148000.000
9738	154	154000.000
9739	137	137000.000
9740	165	165000.000
9741	145	145000.000
9742	161	161000.000
9743	140	140000.000
9744	147	147000.000
9745	152	152000.000
9746	156	156000.000
9747	158	158000.000
9748	171	171000.000
9749	156	156000.000
9750	157	157000.000
9751	126	126000.000
9752	143	143000.000
9753	160	160000.000
9754	150	150000.000
9755	154	154000.000
9756	150	150000.000
9757	168	168000.000
9758	158	158000.000
9759	144	144000.000
9760	149	149000.000
9761	175	175000.000
9762	138	138000.000
9763	148	148000.000
9764	154	154000.000
9765	159	159000.000
9766	137	137000.000
9767	158	158000.000
9768	138	138000.000
9769	142	142000.000
9770	162	162000.000
9771	151	151000.000
9772	139	139000.000
9773	156	156000.000
9774	159	159000.000
9775	156	156000.000
9776	161	161000.000
9777	165	165000.000
9778	127	127000.000
9779	160	160000.000
9780	175	175000.000
9781	155	155000.000
9782	148	148000.000
9783	180	180000.000
9784	168	168000.000
9785	149	149000.000
9786	153	153000.000
9787	155	155000.000
9788	145	145000.000
9789	178	178000.000
9790	156	156000.000
9791	151	151000.000
9792	148	148000.000
9793	132	132000.000
9794	159	159000.000
9795	162	162000.000
9796	146	146000.000
9797	155	155000.000
9798	146	146000.000
9799	165	165000.000
9800	147	147000.000
9801	161	161000.000
9802	139	139000.000
9803	156	156000.000
9804	143	143000.000
9805	147	147000.000
9806	126	126000.000
9807	150	150000.000
9808	167	167000.000
9809	149	149000.000
9810	149	149000.000
9811	165	165000.000
9812	154	154000.000
9813	155	155000.000
9814	141	141000.000
9815	147	147000.000
9816	156	156000.000
9817	152	152000.000
9818	161	161000.000
9819	134	134000.000
9820	186	186000.000
9821	163	163000.000
9822	155	155000.000
9823	146	146000.000
9824	172	172000.000
9825	161	161000.000
9826	152	152000.000
9827	141	141000.000
9828	125	125000.000
9829	168	168000.000
9830	141	141000.000
9831	150	150000.000
9832	152	152000.000
9833	129	129000.000
9834	146	146000.000
9835	156	156000.000
9836	150	150000.000
9837	149	149000.000
9838	150	150000.000
9839	140	140000.000
9840	139	139000.000
9841	196	196000.000
9842	162	162000.000
9843	178	178000.000
9844	143	143000.000
9845	142	142000.000
9846	152	152000.000
9847	163	163000.000
9848	136	136000.000
9849	164	164000.000
9850	136	136000.000
9851	157	157000.000
9852	180	180000.000
9853	164	164000.000
9854	141	141000.000
9855	172	172000.000
9856	158	158000.000
9857	136	136000.000
9858	165	165000.000
9859	158	158000.000
9860	147	147000.000
9861	161	161000.000
9862	143	143000.000
9863	129	129000.000
9864	167	167000.000
9865	159	159000.000
9866	147	147000.000
9867	150	150000.000
9868	145	145000.000
9869	133	133000.000
9870	155	155000.000
9871	161	161000.000
9872	130	130000.000
9873	170	170000.000
9874	158	158000.000
9875	152	152000.000
9876	143	143000.000
9877	138	138000.000
9878	151	151000.000
9879	154	154000.000
9880	164	164000.000
9881	166	166000.000
9882	162	162000.000
9883	164	164000.000
9884	147	147000.000
9885	134	134000.000
9886	141	141000.000
9887	155	155000.000
9888	159	159000.000
9889	156	156000.000
9890	155	155000.000
9891	142	142000.000
9892	170	170000.000
9893	174	174000.000
9894	155	155000.000
9895	165	165000.000
9896	163	163000.000
9897	166	166000.000
9898	134	134000.000
9899	158	158000.000
9900	127	127000.000
9901	167	167000.000
9902	157	157000.000
9903	165	165000.000
9904	150	150000.000
9905	139	139000.000
9906	149	149000.000
9907	144	144000.000
9908	163	163000.000
9909	149	149000.000
9910	169	169000.000
9911	134	134000.000
9912	165	165000.000
9913	157	157000.000
9914	148	148000.000
9915	150	150000.000
9916	136	136000.000
9917	173	173000.000
9918	153	153000.000
9919	163	163000.000
9920	164	164000.000
9921	133	133000.000
9922	161	161000.000
9923	169	169000.000
9924	141	141000.000
9925	179	179000.000
9926	153	153000.000
9927	158	158000.000
9928	163	163000.000
9929	141	141000.000
9930	162	162000.000
9931	157	157000.000
9932	161	161000.000
9933	153	153000.000
9934	159	159000.000
9935	167	167000.000
9936	142	142000.000
9937	145	145000.000
9938	140	140000.000
9939	159	159000.000
9940	149	149000.000
9941	155	155000.000
9942	136	136000.000
9943	164	164000.000
9944	144	144000.000
9945	141	141000.000
9946	159	159000.000
9947	159	159000.000
9948	151	151000.000
9949	148	148000.000
9950	155	155000.000
9951	142	142000.000
9952	143	143000.000
9953	161	161000.000
9954	145	145000.000
9955	152	152000.000
9956	124	124000.000
9957	130	130000.000
9958	152	152000.000
9959	153	153000.000
9960	151	151000.000
9961	145	145000.000
9962	165	165000.000
9963	157	157000.000
9964	151	151000.000
9965	149	149000.000
9966	163	163000.000
9967	159	159000.000
9968	161	161000.000
9969	165	165000.000
9970	129	129000.000
9971	166	166000.000
9972	145	145000.000
9973	162	162000.000
9974	162	162000.000
9975	152	152000.000
9976	155	155000.000
9977	171	171000.000
9978	168	168000.000
9979	131	131000.000
9980	167	167000.000
9981	156	156000.000
9982	137	137000.000
9983	144	144000.000
9984	147	147000.000
9985	153	153000.000
9986	157	157000.000
9987	145	145000.000
9988	141	141000.000
9989	161	161000.000
9990	149	149000.000
9991	143	143000.000
9992	145	145000.000
9993	156	156000.000
9994	144	144000.000
9995	180	180000.000
9996	163	163000.000
9997	160	160000.000
9998	168	168000.000
9999	155	155000.000
10000	165	165000.000
