# bins en theta = 290.00 deg
# bin_length_s = 0.001000
# bin	counts	CPS
1	101	101000.000
2	102	102000.000
3	108	108000.000
4	117	117000.000
5	112	112000.000
6	109	109000.000
7	92	92000.000
8	106	106000.000
9	93	93000.000
10	83	83000.000
11	88	88000.000
12	98	98000.000
13	104	104000.000
14	97	97000.000
15	98	98000.000
16	109	109000.000
17	102	102000.000
18	115	115000.000
19	108	108000.000
20	91	91000.000
21	108	108000.000
22	96	96000.000
23	102	102000.000
24	120	120000.000
25	107	107000.000
26	106	106000.000
27	104	104000.000
28	93	93000.000
29	109	109000.000
30	86	86000.000
31	110	110000.000
32	93	93000.000
33	99	99000.000
34	88	88000.000
35	95	95000.000
36	100	100000.000
37	113	113000.000
38	127	127000.000
39	95	95000.000
40	124	124000.000
41	125	125000.000
42	106	106000.000
43	99	99000.000
44	113	113000.000
45	110	110000.000
46	92	92000.000
47	140	140000.000
48	85	85000.000
49	97	97000.000
50	94	94000.000
51	113	113000.000
52	86	86000.000
53	112	112000.000
54	122	122000.000
55	107	107000.000
56	110	110000.000
57	113	113000.000
58	100	100000.000
59	101	101000.000
60	113	113000.000
61	101	101000.000
62	86	86000.000
63	94	94000.000
64	110	110000.000
65	104	104000.000
66	96	96000.000
67	119	119000.000
68	95	95000.000
69	88	88000.000
70	92	92000.000
71	108	108000.000
72	91	91000.000
73	123	123000.000
74	125	125000.000
75	98	98000.000
76	124	124000.000
77	87	87000.000
78	118	118000.000
79	84	84000.000
80	96	96000.000
81	94	94000.000
82	110	110000.000
83	99	99000.000
84	84	84000.000
85	100	100000.000
86	93	93000.000
87	104	104000.000
88	106	106000.000
89	90	90000.000
90	101	101000.000
91	106	106000.000
92	101	101000.000
93	103	103000.000
94	79	79000.000
95	91	91000.000
96	110	110000.000
97	94	94000.000
98	96	96000.000
99	98	98000.000
100	104	104000.000
101	98	98000.000
102	108	108000.000
103	92	92000.000
104	117	117000.000
105	101	101000.000
106	92	92000.000
107	91	91000.000
108	103	103000.000
109	89	89000.000
110	86	86000.000
111	99	99000.000
112	116	116000.000
113	122	122000.000
114	106	106000.000
115	117	117000.000
116	120	120000.000
117	97	97000.000
118	109	109000.000
119	108	108000.000
120	109	109000.000
121	111	111000.000
122	97	97000.000
123	109	109000.000
124	91	91000.000
125	98	98000.000
126	101	101000.000
127	80	80000.000
128	106	106000.000
129	111	111000.000
130	111	111000.000
131	110	110000.000
132	92	92000.000
133	92	92000.000
134	111	111000.000
135	88	88000.000
136	104	104000.000
137	99	99000.000
138	99	99000.000
139	101	101000.000
140	108	108000.000
141	77	77000.000
142	119	119000.000
143	101	101000.000
144	117	117000.000
145	130	130000.000
146	101	101000.000
147	76	76000.000
148	111	111000.000
149	106	106000.000
150	112	112000.000
151	104	104000.000
152	101	101000.000
153	91	91000.000
154	105	105000.000
155	86	86000.000
156	91	91000.000
157	107	107000.000
158	99	99000.000
159	90	90000.000
160	103	103000.000
161	100	100000.000
162	98	98000.000
163	82	82000.000
164	91	91000.000
165	106	106000.000
166	85	85000.000
167	108	108000.000
168	107	107000.000
169	103	103000.000
170	109	109000.000
171	100	100000.000
172	95	95000.000
173	110	110000.000
174	105	105000.000
175	110	110000.000
176	102	102000.000
177	81	81000.000
178	105	105000.000
179	124	124000.000
180	102	102000.000
181	81	81000.000
182	81	81000.000
183	114	114000.000
184	91	91000.000
185	99	99000.000
186	100	100000.000
187	95	95000.000
188	105	105000.000
189	95	95000.000
190	89	89000.000
191	98	98000.000
192	83	83000.000
193	115	115000.000
194	100	100000.000
195	85	85000.000
196	115	115000.000
197	108	108000.000
198	94	94000.000
199	107	107000.000
200	114	114000.000
201	95	95000.000
202	85	85000.000
203	108	108000.000
204	100	100000.000
205	104	104000.000
206	102	102000.000
207	112	112000.000
208	96	96000.000
209	118	118000.000
210	125	125000.000
211	107	107000.000
212	108	108000.000
213	103	103000.000
214	130	130000.000
215	90	90000.000
216	97	97000.000
217	75	75000.000
218	109	109000.000
219	104	104000.000
220	108	108000.000
221	103	103000.000
222	114	114000.000
223	117	117000.000
224	111	111000.000
225	111	111000.000
226	94	94000.000
227	105	105000.000
228	111	111000.000
229	106	106000.000
230	109	109000.000
231	96	96000.000
232	106	106000.000
233	104	104000.000
234	91	91000.000
235	109	109000.000
236	106	106000.000
237	107	107000.000
238	115	115000.000
239	95	95000.000
240	108	108000.000
241	102	102000.000
242	100	100000.000
243	99	99000.000
244	111	111000.000
245	100	100000.000
246	82	82000.000
247	103	103000.000
248	99	99000.000
249	93	93000.000
250	110	110000.000
251	101	101000.000
252	102	102000.000
253	87	87000.000
254	103	103000.000
255	88	88000.000
256	99	99000.000
257	105	105000.000
258	107	107000.000
259	94	94000.000
260	132	132000.000
261	97	97000.000
262	96	96000.000
263	102	102000.000
264	99	99000.000
265	113	113000.000
266	85	85000.000
267	72	72000.000
268	89	89000.000
269	110	110000.000
270	123	123000.000
271	115	115000.000
272	101	101000.000
273	94	94000.000
274	110	110000.000
275	101	101000.000
276	88	88000.000
277	133	133000.000
278	89	89000.000
279	105	105000.000
280	106	106000.000
281	109	109000.000
282	90	90000.000
283	100	100000.000
284	102	102000.000
285	99	99000.000
286	82	82000.000
287	105	105000.000
288	82	82000.000
289	115	115000.000
290	117	117000.000
291	104	104000.000
292	103	103000.000
293	88	88000.000
294	80	80000.000
295	120	120000.000
296	111	111000.000
297	103	103000.000
298	95	95000.000
299	109	109000.000
300	88	88000.000
301	105	105000.000
302	107	107000.000
303	115	115000.000
304	109	109000.000
305	96	96000.000
306	121	121000.000
307	112	112000.000
308	94	94000.000
309	101	101000.000
310	101	101000.000
311	96	96000.000
312	92	92000.000
313	92	92000.000
314	110	110000.000
315	95	95000.000
316	95	95000.000
317	100	100000.000
318	92	92000.000
319	82	82000.000
320	111	111000.000
321	99	99000.000
322	95	95000.000
323	104	104000.000
324	109	109000.000
325	97	97000.000
326	96	96000.000
327	116	116000.000
328	86	86000.000
329	126	126000.000
330	102	102000.000
331	99	99000.000
332	99	99000.000
333	107	107000.000
334	98	98000.000
335	119	119000.000
336	95	95000.000
337	98	98000.000
338	107	107000.000
339	93	93000.000
340	95	95000.000
341	109	109000.000
342	114	114000.000
343	110	110000.000
344	100	100000.000
345	93	93000.000
346	94	94000.000
347	98	98000.000
348	112	112000.000
349	102	102000.000
350	107	107000.000
351	103	103000.000
352	112	112000.000
353	95	95000.000
354	91	91000.000
355	89	89000.000
356	101	101000.000
357	122	122000.000
358	98	98000.000
359	94	94000.000
360	84	84000.000
361	90	90000.000
362	86	86000.000
363	100	100000.000
364	103	103000.000
365	108	108000.000
366	112	112000.000
367	109	109000.000
368	107	107000.000
369	97	97000.000
370	109	109000.000
371	99	99000.000
372	116	116000.000
373	109	109000.000
374	121	121000.000
375	88	88000.000
376	112	112000.000
377	87	87000.000
378	102	102000.000
379	96	96000.000
380	110	110000.000
381	103	103000.000
382	91	91000.000
383	97	97000.000
384	105	105000.000
385	113	113000.000
386	118	118000.000
387	84	84000.000
388	105	105000.000
389	82	82000.000
390	90	90000.000
391	85	85000.000
392	101	101000.000
393	109	109000.000
394	102	102000.000
395	121	121000.000
396	108	108000.000
397	127	127000.000
398	97	97000.000
399	94	94000.000
400	102	102000.000
401	101	101000.000
402	98	98000.000
403	82	82000.000
404	100	100000.000
405	98	98000.000
406	117	117000.000
407	100	100000.000
408	93	93000.000
409	104	104000.000
410	100	100000.000
411	103	103000.000
412	105	105000.000
413	85	85000.000
414	121	121000.000
415	88	88000.000
416	119	119000.000
417	118	118000.000
418	93	93000.000
419	115	115000.000
420	99	99000.000
421	124	124000.000
422	109	109000.000
423	90	90000.000
424	91	91000.000
425	100	100000.000
426	100	100000.000
427	101	101000.000
428	98	98000.000
429	106	106000.000
430	97	97000.000
431	101	101000.000
432	95	95000.000
433	88	88000.000
434	88	88000.000
435	114	114000.000
436	106	106000.000
437	114	114000.000
438	85	85000.000
439	98	98000.000
440	105	105000.000
441	91	91000.000
442	105	105000.000
443	99	99000.000
444	100	100000.000
445	87	87000.000
446	92	92000.000
447	88	88000.000
448	127	127000.000
449	93	93000.000
450	87	87000.000
451	99	99000.000
452	103	103000.000
453	109	109000.000
454	106	106000.000
455	101	101000.000
456	106	106000.000
457	99	99000.000
458	93	93000.000
459	103	103000.000
460	107	107000.000
461	105	105000.000
462	98	98000.000
463	114	114000.000
464	99	99000.000
465	95	95000.000
466	105	105000.000
467	95	95000.000
468	106	106000.000
469	94	94000.000
470	86	86000.000
471	81	81000.000
472	107	107000.000
473	90	90000.000
474	98	98000.000
475	93	93000.000
476	110	110000.000
477	105	105000.000
478	108	108000.000
479	91	91000.000
480	97	97000.000
481	95	95000.000
482	118	118000.000
483	100	100000.000
484	120	120000.000
485	121	121000.000
486	103	103000.000
487	96	96000.000
488	114	114000.000
489	109	109000.000
490	101	101000.000
491	98	98000.000
492	98	98000.000
493	99	99000.000
494	110	110000.000
495	98	98000.000
496	88	88000.000
497	109	109000.000
498	88	88000.000
499	92	92000.000
500	116	116000.000
501	95	95000.000
502	100	100000.000
503	106	106000.000
504	123	123000.000
505	81	81000.000
506	93	93000.000
507	107	107000.000
508	103	103000.000
509	111	111000.000
510	101	101000.000
511	120	120000.000
512	98	98000.000
513	95	95000.000
514	94	94000.000
515	118	118000.000
516	89	89000.000
517	103	103000.000
518	92	92000.000
519	95	95000.000
520	110	110000.000
521	95	95000.000
522	104	104000.000
523	107	107000.000
524	73	73000.000
525	112	112000.000
526	109	109000.000
527	114	114000.000
528	100	100000.000
529	109	109000.000
530	106	106000.000
531	101	101000.000
532	98	98000.000
533	117	117000.000
534	118	118000.000
535	100	100000.000
536	102	102000.000
537	93	93000.000
538	104	104000.000
539	117	117000.000
540	104	104000.000
541	98	98000.000
542	120	120000.000
543	101	101000.000
544	118	118000.000
545	115	115000.000
546	70	70000.000
547	101	101000.000
548	94	94000.000
549	115	115000.000
550	127	127000.000
551	82	82000.000
552	99	99000.000
553	116	116000.000
554	105	105000.000
555	97	97000.000
556	96	96000.000
557	112	112000.000
558	111	111000.000
559	90	90000.000
560	118	118000.000
561	114	114000.000
562	120	120000.000
563	88	88000.000
564	121	121000.000
565	116	116000.000
566	96	96000.000
567	114	114000.000
568	101	101000.000
569	117	117000.000
570	98	98000.000
571	116	116000.000
572	97	97000.000
573	100	100000.000
574	104	104000.000
575	94	94000.000
576	95	95000.000
577	88	88000.000
578	102	102000.000
579	90	90000.000
580	110	110000.000
581	95	95000.000
582	128	128000.000
583	104	104000.000
584	81	81000.000
585	110	110000.000
586	104	104000.000
587	110	110000.000
588	103	103000.000
589	101	101000.000
590	89	89000.000
591	111	111000.000
592	98	98000.000
593	104	104000.000
594	98	98000.000
595	89	89000.000
596	110	110000.000
597	107	107000.000
598	100	100000.000
599	113	113000.000
600	106	106000.000
601	98	98000.000
602	107	107000.000
603	109	109000.000
604	122	122000.000
605	109	109000.000
606	89	89000.000
607	103	103000.000
608	115	115000.000
609	128	128000.000
610	106	106000.000
611	93	93000.000
612	102	102000.000
613	93	93000.000
614	93	93000.000
615	90	90000.000
616	93	93000.000
617	88	88000.000
618	102	102000.000
619	80	80000.000
620	97	97000.000
621	100	100000.000
622	110	110000.000
623	100	100000.000
624	109	109000.000
625	120	120000.000
626	86	86000.000
627	114	114000.000
628	109	109000.000
629	111	111000.000
630	93	93000.000
631	111	111000.000
632	115	115000.000
633	120	120000.000
634	98	98000.000
635	90	90000.000
636	105	105000.000
637	99	99000.000
638	105	105000.000
639	103	103000.000
640	122	122000.000
641	109	109000.000
642	93	93000.000
643	99	99000.000
644	94	94000.000
645	112	112000.000
646	94	94000.000
647	99	99000.000
648	96	96000.000
649	101	101000.000
650	99	99000.000
651	94	94000.000
652	92	92000.000
653	104	104000.000
654	88	88000.000
655	119	119000.000
656	115	115000.000
657	107	107000.000
658	99	99000.000
659	100	100000.000
660	97	97000.000
661	100	100000.000
662	92	92000.000
663	112	112000.000
664	93	93000.000
665	106	106000.000
666	105	105000.000
667	103	103000.000
668	117	117000.000
669	105	105000.000
670	115	115000.000
671	89	89000.000
672	106	106000.000
673	110	110000.000
674	107	107000.000
675	110	110000.000
676	104	104000.000
677	112	112000.000
678	113	113000.000
679	104	104000.000
680	91	91000.000
681	94	94000.000
682	114	114000.000
683	116	116000.000
684	103	103000.000
685	102	102000.000
686	93	93000.000
687	93	93000.000
688	98	98000.000
689	93	93000.000
690	105	105000.000
691	88	88000.000
692	102	102000.000
693	110	110000.000
694	84	84000.000
695	86	86000.000
696	114	114000.000
697	101	101000.000
698	95	95000.000
699	89	89000.000
700	112	112000.000
701	122	122000.000
702	117	117000.000
703	109	109000.000
704	108	108000.000
705	107	107000.000
706	110	110000.000
707	97	97000.000
708	107	107000.000
709	103	103000.000
710	89	89000.000
711	110	110000.000
712	106	106000.000
713	94	94000.000
714	106	106000.000
715	100	100000.000
716	113	113000.000
717	105	105000.000
718	126	126000.000
719	102	102000.000
720	104	104000.000
721	105	105000.000
722	101	101000.000
723	115	115000.000
724	93	93000.000
725	95	95000.000
726	99	99000.000
727	97	97000.000
728	110	110000.000
729	117	117000.000
730	102	102000.000
731	93	93000.000
732	118	118000.000
733	99	99000.000
734	100	100000.000
735	113	113000.000
736	89	89000.000
737	95	95000.000
738	95	95000.000
739	100	100000.000
740	89	89000.000
741	98	98000.000
742	112	112000.000
743	105	105000.000
744	92	92000.000
745	93	93000.000
746	102	102000.000
747	107	107000.000
748	98	98000.000
749	93	93000.000
750	104	104000.000
751	115	115000.000
752	93	93000.000
753	111	111000.000
754	91	91000.000
755	104	104000.000
756	93	93000.000
757	87	87000.000
758	118	118000.000
759	116	116000.000
760	96	96000.000
761	103	103000.000
762	118	118000.000
763	106	106000.000
764	91	91000.000
765	109	109000.000
766	93	93000.000
767	100	100000.000
768	100	100000.000
769	101	101000.000
770	110	110000.000
771	95	95000.000
772	94	94000.000
773	91	91000.000
774	111	111000.000
775	91	91000.000
776	110	110000.000
777	109	109000.000
778	115	115000.000
779	95	95000.000
780	106	106000.000
781	76	76000.000
782	97	97000.000
783	94	94000.000
784	106	106000.000
785	96	96000.000
786	90	90000.000
787	110	110000.000
788	93	93000.000
789	114	114000.000
790	96	96000.000
791	91	91000.000
792	112	112000.000
793	137	137000.000
794	93	93000.000
795	109	109000.000
796	103	103000.000
797	114	114000.000
798	93	93000.000
799	106	106000.000
800	95	95000.000
801	93	93000.000
802	103	103000.000
803	102	102000.000
804	94	94000.000
805	97	97000.000
806	98	98000.000
807	88	88000.000
808	126	126000.000
809	122	122000.000
810	92	92000.000
811	85	85000.000
812	102	102000.000
813	119	119000.000
814	100	100000.000
815	103	103000.000
816	93	93000.000
817	106	106000.000
818	118	118000.000
819	99	99000.000
820	90	90000.000
821	83	83000.000
822	92	92000.000
823	83	83000.000
824	84	84000.000
825	114	114000.000
826	99	99000.000
827	110	110000.000
828	115	115000.000
829	108	108000.000
830	108	108000.000
831	106	106000.000
832	107	107000.000
833	93	93000.000
834	96	96000.000
835	106	106000.000
836	85	85000.000
837	91	91000.000
838	119	119000.000
839	111	111000.000
840	107	107000.000
841	105	105000.000
842	87	87000.000
843	107	107000.000
844	88	88000.000
845	98	98000.000
846	97	97000.000
847	88	88000.000
848	93	93000.000
849	97	97000.000
850	94	94000.000
851	107	107000.000
852	99	99000.000
853	101	101000.000
854	108	108000.000
855	78	78000.000
856	92	92000.000
857	108	108000.000
858	99	99000.000
859	105	105000.000
860	115	115000.000
861	108	108000.000
862	100	100000.000
863	105	105000.000
864	97	97000.000
865	107	107000.000
866	104	104000.000
867	111	111000.000
868	91	91000.000
869	113	113000.000
870	105	105000.000
871	109	109000.000
872	103	103000.000
873	107	107000.000
874	100	100000.000
875	107	107000.000
876	113	113000.000
877	103	103000.000
878	127	127000.000
879	96	96000.000
880	79	79000.000
881	91	91000.000
882	118	118000.000
883	97	97000.000
884	89	89000.000
885	108	108000.000
886	94	94000.000
887	99	99000.000
888	118	118000.000
889	96	96000.000
890	96	96000.000
891	96	96000.000
892	91	91000.000
893	112	112000.000
894	98	98000.000
895	87	87000.000
896	105	105000.000
897	92	92000.000
898	98	98000.000
899	91	91000.000
900	109	109000.000
901	106	106000.000
902	114	114000.000
903	109	109000.000
904	97	97000.000
905	93	93000.000
906	74	74000.000
907	88	88000.000
908	104	104000.000
909	106	106000.000
910	117	117000.000
911	94	94000.000
912	103	103000.000
913	97	97000.000
914	114	114000.000
915	117	117000.000
916	91	91000.000
917	91	91000.000
918	96	96000.000
919	111	111000.000
920	97	97000.000
921	111	111000.000
922	106	106000.000
923	91	91000.000
924	92	92000.000
925	97	97000.000
926	105	105000.000
927	91	91000.000
928	93	93000.000
929	84	84000.000
930	121	121000.000
931	113	113000.000
932	107	107000.000
933	108	108000.000
934	98	98000.000
935	99	99000.000
936	88	88000.000
937	90	90000.000
938	106	106000.000
939	96	96000.000
940	98	98000.000
941	110	110000.000
942	98	98000.000
943	126	126000.000
944	110	110000.000
945	103	103000.000
946	95	95000.000
947	88	88000.000
948	86	86000.000
949	99	99000.000
950	88	88000.000
951	94	94000.000
952	109	109000.000
953	87	87000.000
954	90	90000.000
955	105	105000.000
956	104	104000.000
957	94	94000.000
958	93	93000.000
959	103	103000.000
960	90	90000.000
961	95	95000.000
962	117	117000.000
963	92	92000.000
964	92	92000.000
965	100	100000.000
966	116	116000.000
967	100	100000.000
968	91	91000.000
969	100	100000.000
970	121	121000.000
971	117	117000.000
972	109	109000.000
973	101	101000.000
974	98	98000.000
975	97	97000.000
976	93	93000.000
977	111	111000.000
978	103	103000.000
979	100	100000.000
980	100	100000.000
981	102	102000.000
982	103	103000.000
983	115	115000.000
984	102	102000.000
985	96	96000.000
986	98	98000.000
987	102	102000.000
988	108	108000.000
989	94	94000.000
990	98	98000.000
991	116	116000.000
992	91	91000.000
993	99	99000.000
994	100	100000.000
995	88	88000.000
996	120	120000.000
997	109	109000.000
998	107	107000.000
999	86	86000.000
1000	106	106000.000
1001	99	99000.000
1002	104	104000.000
1003	109	109000.000
1004	95	95000.000
1005	110	110000.000
1006	103	103000.000
1007	120	120000.000
1008	107	107000.000
1009	94	94000.000
1010	93	93000.000
1011	93	93000.000
1012	111	111000.000
1013	97	97000.000
1014	101	101000.000
1015	104	104000.000
1016	112	112000.000
1017	100	100000.000
1018	94	94000.000
1019	96	96000.000
1020	87	87000.000
1021	109	109000.000
1022	90	90000.000
1023	96	96000.000
1024	127	127000.000
1025	104	104000.000
1026	86	86000.000
1027	90	90000.000
1028	108	108000.000
1029	108	108000.000
1030	102	102000.000
1031	93	93000.000
1032	93	93000.000
1033	98	98000.000
1034	95	95000.000
1035	114	114000.000
1036	96	96000.000
1037	99	99000.000
1038	104	104000.000
1039	103	103000.000
1040	114	114000.000
1041	100	100000.000
1042	99	99000.000
1043	100	100000.000
1044	105	105000.000
1045	105	105000.000
1046	102	102000.000
1047	98	98000.000
1048	91	91000.000
1049	95	95000.000
1050	109	109000.000
1051	88	88000.000
1052	95	95000.000
1053	99	99000.000
1054	85	85000.000
1055	99	99000.000
1056	84	84000.000
1057	101	101000.000
1058	103	103000.000
1059	110	110000.000
1060	109	109000.000
1061	127	127000.000
1062	109	109000.000
1063	107	107000.000
1064	84	84000.000
1065	116	116000.000
1066	89	89000.000
1067	90	90000.000
1068	114	114000.000
1069	113	113000.000
1070	87	87000.000
1071	114	114000.000
1072	82	82000.000
1073	98	98000.000
1074	89	89000.000
1075	121	121000.000
1076	85	85000.000
1077	76	76000.000
1078	107	107000.000
1079	107	107000.000
1080	104	104000.000
1081	99	99000.000
1082	93	93000.000
1083	102	102000.000
1084	91	91000.000
1085	95	95000.000
1086	85	85000.000
1087	98	98000.000
1088	101	101000.000
1089	110	110000.000
1090	85	85000.000
1091	96	96000.000
1092	98	98000.000
1093	102	102000.000
1094	90	90000.000
1095	106	106000.000
1096	98	98000.000
1097	90	90000.000
1098	109	109000.000
1099	93	93000.000
1100	100	100000.000
1101	89	89000.000
1102	112	112000.000
1103	111	111000.000
1104	101	101000.000
1105	103	103000.000
1106	97	97000.000
1107	98	98000.000
1108	88	88000.000
1109	96	96000.000
1110	122	122000.000
1111	103	103000.000
1112	109	109000.000
1113	113	113000.000
1114	111	111000.000
1115	105	105000.000
1116	101	101000.000
1117	99	99000.000
1118	114	114000.000
1119	91	91000.000
1120	86	86000.000
1121	122	122000.000
1122	107	107000.000
1123	117	117000.000
1124	88	88000.000
1125	94	94000.000
1126	100	100000.000
1127	104	104000.000
1128	107	107000.000
1129	101	101000.000
1130	94	94000.000
1131	106	106000.000
1132	104	104000.000
1133	98	98000.000
1134	103	103000.000
1135	116	116000.000
1136	111	111000.000
1137	93	93000.000
1138	95	95000.000
1139	101	101000.000
1140	78	78000.000
1141	102	102000.000
1142	108	108000.000
1143	99	99000.000
1144	105	105000.000
1145	82	82000.000
1146	90	90000.000
1147	93	93000.000
1148	112	112000.000
1149	103	103000.000
1150	107	107000.000
1151	106	106000.000
1152	110	110000.000
1153	87	87000.000
1154	115	115000.000
1155	106	106000.000
1156	109	109000.000
1157	108	108000.000
1158	102	102000.000
1159	82	82000.000
1160	99	99000.000
1161	103	103000.000
1162	96	96000.000
1163	92	92000.000
1164	85	85000.000
1165	95	95000.000
1166	91	91000.000
1167	110	110000.000
1168	98	98000.000
1169	110	110000.000
1170	91	91000.000
1171	111	111000.000
1172	121	121000.000
1173	94	94000.000
1174	92	92000.000
1175	116	116000.000
1176	100	100000.000
1177	112	112000.000
1178	97	97000.000
1179	96	96000.000
1180	128	128000.000
1181	106	106000.000
1182	88	88000.000
1183	116	116000.000
1184	96	96000.000
1185	103	103000.000
1186	110	110000.000
1187	98	98000.000
1188	115	115000.000
1189	101	101000.000
1190	105	105000.000
1191	117	117000.000
1192	116	116000.000
1193	103	103000.000
1194	95	95000.000
1195	88	88000.000
1196	102	102000.000
1197	90	90000.000
1198	121	121000.000
1199	81	81000.000
1200	107	107000.000
1201	106	106000.000
1202	97	97000.000
1203	100	100000.000
1204	99	99000.000
1205	98	98000.000
1206	103	103000.000
1207	104	104000.000
1208	88	88000.000
1209	101	101000.000
1210	100	100000.000
1211	104	104000.000
1212	110	110000.000
1213	119	119000.000
1214	102	102000.000
1215	106	106000.000
1216	114	114000.000
1217	100	100000.000
1218	119	119000.000
1219	106	106000.000
1220	91	91000.000
1221	108	108000.000
1222	101	101000.000
1223	92	92000.000
1224	105	105000.000
1225	107	107000.000
1226	107	107000.000
1227	116	116000.000
1228	116	116000.000
1229	96	96000.000
1230	88	88000.000
1231	104	104000.000
1232	91	91000.000
1233	113	113000.000
1234	112	112000.000
1235	102	102000.000
1236	98	98000.000
1237	101	101000.000
1238	119	119000.000
1239	77	77000.000
1240	121	121000.000
1241	110	110000.000
1242	87	87000.000
1243	83	83000.000
1244	91	91000.000
1245	101	101000.000
1246	108	108000.000
1247	108	108000.000
1248	100	100000.000
1249	112	112000.000
1250	107	107000.000
1251	126	126000.000
1252	89	89000.000
1253	102	102000.000
1254	99	99000.000
1255	107	107000.000
1256	107	107000.000
1257	90	90000.000
1258	110	110000.000
1259	99	99000.000
1260	102	102000.000
1261	99	99000.000
1262	93	93000.000
1263	99	99000.000
1264	99	99000.000
1265	107	107000.000
1266	93	93000.000
1267	102	102000.000
1268	92	92000.000
1269	110	110000.000
1270	110	110000.000
1271	95	95000.000
1272	96	96000.000
1273	103	103000.000
1274	91	91000.000
1275	101	101000.000
1276	104	104000.000
1277	103	103000.000
1278	118	118000.000
1279	92	92000.000
1280	108	108000.000
1281	107	107000.000
1282	100	100000.000
1283	101	101000.000
1284	89	89000.000
1285	112	112000.000
1286	110	110000.000
1287	90	90000.000
1288	112	112000.000
1289	118	118000.000
1290	101	101000.000
1291	90	90000.000
1292	97	97000.000
1293	109	109000.000
1294	120	120000.000
1295	94	94000.000
1296	120	120000.000
1297	112	112000.000
1298	92	92000.000
1299	96	96000.000
1300	101	101000.000
1301	94	94000.000
1302	102	102000.000
1303	97	97000.000
1304	103	103000.000
1305	95	95000.000
1306	99	99000.000
1307	101	101000.000
1308	103	103000.000
1309	97	97000.000
1310	108	108000.000
1311	105	105000.000
1312	100	100000.000
1313	99	99000.000
1314	104	104000.000
1315	104	104000.000
1316	86	86000.000
1317	112	112000.000
1318	109	109000.000
1319	104	104000.000
1320	113	113000.000
1321	99	99000.000
1322	93	93000.000
1323	99	99000.000
1324	103	103000.000
1325	99	99000.000
1326	97	97000.000
1327	118	118000.000
1328	103	103000.000
1329	111	111000.000
1330	95	95000.000
1331	106	106000.000
1332	108	108000.000
1333	100	100000.000
1334	106	106000.000
1335	100	100000.000
1336	101	101000.000
1337	131	131000.000
1338	108	108000.000
1339	111	111000.000
1340	114	114000.000
1341	90	90000.000
1342	107	107000.000
1343	98	98000.000
1344	102	102000.000
1345	103	103000.000
1346	106	106000.000
1347	119	119000.000
1348	81	81000.000
1349	104	104000.000
1350	84	84000.000
1351	105	105000.000
1352	90	90000.000
1353	125	125000.000
1354	108	108000.000
1355	97	97000.000
1356	110	110000.000
1357	111	111000.000
1358	99	99000.000
1359	106	106000.000
1360	85	85000.000
1361	117	117000.000
1362	102	102000.000
1363	114	114000.000
1364	93	93000.000
1365	119	119000.000
1366	94	94000.000
1367	84	84000.000
1368	97	97000.000
1369	99	99000.000
1370	92	92000.000
1371	96	96000.000
1372	78	78000.000
1373	94	94000.000
1374	99	99000.000
1375	96	96000.000
1376	97	97000.000
1377	95	95000.000
1378	113	113000.000
1379	110	110000.000
1380	100	100000.000
1381	108	108000.000
1382	116	116000.000
1383	115	115000.000
1384	113	113000.000
1385	119	119000.000
1386	97	97000.000
1387	105	105000.000
1388	113	113000.000
1389	104	104000.000
1390	97	97000.000
1391	94	94000.000
1392	99	99000.000
1393	110	110000.000
1394	98	98000.000
1395	107	107000.000
1396	108	108000.000
1397	111	111000.000
1398	93	93000.000
1399	104	104000.000
1400	111	111000.000
1401	86	86000.000
1402	99	99000.000
1403	105	105000.000
1404	94	94000.000
1405	103	103000.000
1406	99	99000.000
1407	102	102000.000
1408	97	97000.000
1409	103	103000.000
1410	110	110000.000
1411	96	96000.000
1412	101	101000.000
1413	102	102000.000
1414	102	102000.000
1415	106	106000.000
1416	109	109000.000
1417	94	94000.000
1418	88	88000.000
1419	94	94000.000
1420	117	117000.000
1421	95	95000.000
1422	112	112000.000
1423	102	102000.000
1424	110	110000.000
1425	109	109000.000
1426	87	87000.000
1427	104	104000.000
1428	99	99000.000
1429	106	106000.000
1430	92	92000.000
1431	123	123000.000
1432	99	99000.000
1433	99	99000.000
1434	114	114000.000
1435	94	94000.000
1436	105	105000.000
1437	115	115000.000
1438	105	105000.000
1439	94	94000.000
1440	96	96000.000
1441	117	117000.000
1442	101	101000.000
1443	117	117000.000
1444	82	82000.000
1445	83	83000.000
1446	101	101000.000
1447	94	94000.000
1448	81	81000.000
1449	104	104000.000
1450	95	95000.000
1451	101	101000.000
1452	91	91000.000
1453	107	107000.000
1454	103	103000.000
1455	96	96000.000
1456	115	115000.000
1457	108	108000.000
1458	107	107000.000
1459	104	104000.000
1460	115	115000.000
1461	108	108000.000
1462	124	124000.000
1463	103	103000.000
1464	85	85000.000
1465	113	113000.000
1466	101	101000.000
1467	107	107000.000
1468	89	89000.000
1469	107	107000.000
1470	85	85000.000
1471	101	101000.000
1472	85	85000.000
1473	106	106000.000
1474	98	98000.000
1475	86	86000.000
1476	110	110000.000
1477	95	95000.000
1478	80	80000.000
1479	89	89000.000
1480	93	93000.000
1481	101	101000.000
1482	101	101000.000
1483	101	101000.000
1484	111	111000.000
1485	97	97000.000
1486	119	119000.000
1487	97	97000.000
1488	98	98000.000
1489	101	101000.000
1490	116	116000.000
1491	103	103000.000
1492	110	110000.000
1493	98	98000.000
1494	97	97000.000
1495	88	88000.000
1496	101	101000.000
1497	96	96000.000
1498	100	100000.000
1499	109	109000.000
1500	103	103000.000
1501	87	87000.000
1502	111	111000.000
1503	89	89000.000
1504	88	88000.000
1505	105	105000.000
1506	103	103000.000
1507	118	118000.000
1508	100	100000.000
1509	104	104000.000
1510	120	120000.000
1511	99	99000.000
1512	116	116000.000
1513	99	99000.000
1514	96	96000.000
1515	95	95000.000
1516	92	92000.000
1517	106	106000.000
1518	96	96000.000
1519	104	104000.000
1520	100	100000.000
1521	132	132000.000
1522	105	105000.000
1523	92	92000.000
1524	97	97000.000
1525	112	112000.000
1526	89	89000.000
1527	97	97000.000
1528	116	116000.000
1529	105	105000.000
1530	101	101000.000
1531	85	85000.000
1532	106	106000.000
1533	91	91000.000
1534	108	108000.000
1535	101	101000.000
1536	98	98000.000
1537	90	90000.000
1538	108	108000.000
1539	106	106000.000
1540	105	105000.000
1541	97	97000.000
1542	96	96000.000
1543	96	96000.000
1544	112	112000.000
1545	106	106000.000
1546	99	99000.000
1547	94	94000.000
1548	106	106000.000
1549	100	100000.000
1550	127	127000.000
1551	108	108000.000
1552	109	109000.000
1553	99	99000.000
1554	108	108000.000
1555	100	100000.000
1556	83	83000.000
1557	116	116000.000
1558	126	126000.000
1559	102	102000.000
1560	100	100000.000
1561	85	85000.000
1562	98	98000.000
1563	119	119000.000
1564	98	98000.000
1565	106	106000.000
1566	94	94000.000
1567	97	97000.000
1568	97	97000.000
1569	114	114000.000
1570	90	90000.000
1571	113	113000.000
1572	111	111000.000
1573	98	98000.000
1574	99	99000.000
1575	104	104000.000
1576	101	101000.000
1577	84	84000.000
1578	107	107000.000
1579	101	101000.000
1580	120	120000.000
1581	99	99000.000
1582	84	84000.000
1583	98	98000.000
1584	106	106000.000
1585	107	107000.000
1586	115	115000.000
1587	96	96000.000
1588	109	109000.000
1589	111	111000.000
1590	89	89000.000
1591	90	90000.000
1592	110	110000.000
1593	120	120000.000
1594	108	108000.000
1595	102	102000.000
1596	106	106000.000
1597	104	104000.000
1598	99	99000.000
1599	93	93000.000
1600	104	104000.000
1601	118	118000.000
1602	90	90000.000
1603	107	107000.000
1604	103	103000.000
1605	94	94000.000
1606	107	107000.000
1607	101	101000.000
1608	92	92000.000
1609	88	88000.000
1610	103	103000.000
1611	96	96000.000
1612	94	94000.000
1613	100	100000.000
1614	96	96000.000
1615	116	116000.000
1616	89	89000.000
1617	93	93000.000
1618	99	99000.000
1619	121	121000.000
1620	95	95000.000
1621	112	112000.000
1622	91	91000.000
1623	86	86000.000
1624	93	93000.000
1625	125	125000.000
1626	108	108000.000
1627	110	110000.000
1628	92	92000.000
1629	114	114000.000
1630	110	110000.000
1631	100	100000.000
1632	86	86000.000
1633	92	92000.000
1634	90	90000.000
1635	90	90000.000
1636	97	97000.000
1637	105	105000.000
1638	101	101000.000
1639	107	107000.000
1640	123	123000.000
1641	131	131000.000
1642	102	102000.000
1643	99	99000.000
1644	100	100000.000
1645	112	112000.000
1646	103	103000.000
1647	119	119000.000
1648	96	96000.000
1649	96	96000.000
1650	98	98000.000
1651	110	110000.000
1652	106	106000.000
1653	103	103000.000
1654	110	110000.000
1655	117	117000.000
1656	96	96000.000
1657	94	94000.000
1658	91	91000.000
1659	105	105000.000
1660	99	99000.000
1661	92	92000.000
1662	101	101000.000
1663	113	113000.000
1664	112	112000.000
1665	108	108000.000
1666	108	108000.000
1667	115	115000.000
1668	96	96000.000
1669	100	100000.000
1670	103	103000.000
1671	108	108000.000
1672	85	85000.000
1673	95	95000.000
1674	94	94000.000
1675	99	99000.000
1676	97	97000.000
1677	91	91000.000
1678	86	86000.000
1679	97	97000.000
1680	111	111000.000
1681	100	100000.000
1682	99	99000.000
1683	92	92000.000
1684	108	108000.000
1685	118	118000.000
1686	99	99000.000
1687	111	111000.000
1688	102	102000.000
1689	109	109000.000
1690	106	106000.000
1691	98	98000.000
1692	87	87000.000
1693	108	108000.000
1694	106	106000.000
1695	84	84000.000
1696	97	97000.000
1697	110	110000.000
1698	110	110000.000
1699	102	102000.000
1700	95	95000.000
1701	107	107000.000
1702	107	107000.000
1703	113	113000.000
1704	108	108000.000
1705	109	109000.000
1706	90	90000.000
1707	117	117000.000
1708	121	121000.000
1709	103	103000.000
1710	95	95000.000
1711	111	111000.000
1712	105	105000.000
1713	110	110000.000
1714	88	88000.000
1715	84	84000.000
1716	108	108000.000
1717	92	92000.000
1718	90	90000.000
1719	99	99000.000
1720	121	121000.000
1721	99	99000.000
1722	120	120000.000
1723	102	102000.000
1724	106	106000.000
1725	107	107000.000
1726	85	85000.000
1727	105	105000.000
1728	87	87000.000
1729	99	99000.000
1730	89	89000.000
1731	102	102000.000
1732	111	111000.000
1733	110	110000.000
1734	110	110000.000
1735	107	107000.000
1736	111	111000.000
1737	110	110000.000
1738	102	102000.000
1739	110	110000.000
1740	107	107000.000
1741	113	113000.000
1742	124	124000.000
1743	106	106000.000
1744	93	93000.000
1745	102	102000.000
1746	110	110000.000
1747	99	99000.000
1748	109	109000.000
1749	85	85000.000
1750	94	94000.000
1751	104	104000.000
1752	108	108000.000
1753	120	120000.000
1754	121	121000.000
1755	101	101000.000
1756	95	95000.000
1757	121	121000.000
1758	106	106000.000
1759	115	115000.000
1760	92	92000.000
1761	96	96000.000
1762	111	111000.000
1763	77	77000.000
1764	116	116000.000
1765	101	101000.000
1766	83	83000.000
1767	103	103000.000
1768	90	90000.000
1769	83	83000.000
1770	84	84000.000
1771	87	87000.000
1772	111	111000.000
1773	105	105000.000
1774	106	106000.000
1775	96	96000.000
1776	90	90000.000
1777	107	107000.000
1778	115	115000.000
1779	105	105000.000
1780	107	107000.000
1781	87	87000.000
1782	112	112000.000
1783	103	103000.000
1784	96	96000.000
1785	89	89000.000
1786	113	113000.000
1787	80	80000.000
1788	94	94000.000
1789	118	118000.000
1790	105	105000.000
1791	103	103000.000
1792	119	119000.000
1793	115	115000.000
1794	96	96000.000
1795	101	101000.000
1796	110	110000.000
1797	103	103000.000
1798	93	93000.000
1799	113	113000.000
1800	90	90000.000
1801	94	94000.000
1802	108	108000.000
1803	109	109000.000
1804	101	101000.000
1805	75	75000.000
1806	102	102000.000
1807	106	106000.000
1808	87	87000.000
1809	106	106000.000
1810	94	94000.000
1811	113	113000.000
1812	95	95000.000
1813	104	104000.000
1814	104	104000.000
1815	98	98000.000
1816	107	107000.000
1817	95	95000.000
1818	114	114000.000
1819	93	93000.000
1820	97	97000.000
1821	85	85000.000
1822	93	93000.000
1823	76	76000.000
1824	105	105000.000
1825	100	100000.000
1826	106	106000.000
1827	105	105000.000
1828	94	94000.000
1829	90	90000.000
1830	108	108000.000
1831	100	100000.000
1832	89	89000.000
1833	112	112000.000
1834	113	113000.000
1835	122	122000.000
1836	123	123000.000
1837	109	109000.000
1838	99	99000.000
1839	104	104000.000
1840	115	115000.000
1841	104	104000.000
1842	95	95000.000
1843	90	90000.000
1844	119	119000.000
1845	100	100000.000
1846	103	103000.000
1847	107	107000.000
1848	103	103000.000
1849	90	90000.000
1850	119	119000.000
1851	112	112000.000
1852	100	100000.000
1853	98	98000.000
1854	96	96000.000
1855	105	105000.000
1856	101	101000.000
1857	96	96000.000
1858	117	117000.000
1859	104	104000.000
1860	85	85000.000
1861	79	79000.000
1862	121	121000.000
1863	100	100000.000
1864	111	111000.000
1865	102	102000.000
1866	99	99000.000
1867	110	110000.000
1868	108	108000.000
1869	96	96000.000
1870	92	92000.000
1871	103	103000.000
1872	99	99000.000
1873	109	109000.000
1874	101	101000.000
1875	94	94000.000
1876	99	99000.000
1877	109	109000.000
1878	106	106000.000
1879	104	104000.000
1880	103	103000.000
1881	105	105000.000
1882	116	116000.000
1883	104	104000.000
1884	108	108000.000
1885	108	108000.000
1886	98	98000.000
1887	95	95000.000
1888	104	104000.000
1889	90	90000.000
1890	82	82000.000
1891	90	90000.000
1892	99	99000.000
1893	106	106000.000
1894	90	90000.000
1895	103	103000.000
1896	114	114000.000
1897	95	95000.000
1898	96	96000.000
1899	104	104000.000
1900	101	101000.000
1901	95	95000.000
1902	107	107000.000
1903	100	100000.000
1904	98	98000.000
1905	90	90000.000
1906	100	100000.000
1907	105	105000.000
1908	84	84000.000
1909	116	116000.000
1910	96	96000.000
1911	109	109000.000
1912	97	97000.000
1913	101	101000.000
1914	116	116000.000
1915	93	93000.000
1916	113	113000.000
1917	106	106000.000
1918	84	84000.000
1919	100	100000.000
1920	115	115000.000
1921	118	118000.000
1922	111	111000.000
1923	93	93000.000
1924	102	102000.000
1925	100	100000.000
1926	105	105000.000
1927	100	100000.000
1928	102	102000.000
1929	88	88000.000
1930	101	101000.000
1931	112	112000.000
1932	105	105000.000
1933	79	79000.000
1934	102	102000.000
1935	100	100000.000
1936	106	106000.000
1937	112	112000.000
1938	99	99000.000
1939	102	102000.000
1940	119	119000.000
1941	123	123000.000
1942	102	102000.000
1943	102	102000.000
1944	88	88000.000
1945	111	111000.000
1946	91	91000.000
1947	100	100000.000
1948	125	125000.000
1949	102	102000.000
1950	108	108000.000
1951	116	116000.000
1952	106	106000.000
1953	90	90000.000
1954	93	93000.000
1955	118	118000.000
1956	96	96000.000
1957	99	99000.000
1958	121	121000.000
1959	95	95000.000
1960	113	113000.000
1961	102	102000.000
1962	111	111000.000
1963	97	97000.000
1964	88	88000.000
1965	104	104000.000
1966	88	88000.000
1967	107	107000.000
1968	95	95000.000
1969	104	104000.000
1970	92	92000.000
1971	84	84000.000
1972	99	99000.000
1973	86	86000.000
1974	92	92000.000
1975	111	111000.000
1976	101	101000.000
1977	89	89000.000
1978	111	111000.000
1979	117	117000.000
1980	85	85000.000
1981	105	105000.000
1982	114	114000.000
1983	89	89000.000
1984	86	86000.000
1985	92	92000.000
1986	108	108000.000
1987	100	100000.000
1988	106	106000.000
1989	113	113000.000
1990	108	108000.000
1991	95	95000.000
1992	113	113000.000
1993	93	93000.000
1994	111	111000.000
1995	105	105000.000
1996	99	99000.000
1997	107	107000.000
1998	111	111000.000
1999	108	108000.000
2000	118	118000.000
2001	84	84000.000
2002	126	126000.000
2003	109	109000.000
2004	113	113000.000
2005	112	112000.000
2006	108	108000.000
2007	130	130000.000
2008	99	99000.000
2009	104	104000.000
2010	83	83000.000
2011	96	96000.000
2012	104	104000.000
2013	110	110000.000
2014	110	110000.000
2015	100	100000.000
2016	98	98000.000
2017	108	108000.000
2018	105	105000.000
2019	107	107000.000
2020	108	108000.000
2021	126	126000.000
2022	86	86000.000
2023	113	113000.000
2024	81	81000.000
2025	111	111000.000
2026	87	87000.000
2027	118	118000.000
2028	81	81000.000
2029	99	99000.000
2030	102	102000.000
2031	108	108000.000
2032	101	101000.000
2033	89	89000.000
2034	92	92000.000
2035	93	93000.000
2036	109	109000.000
2037	93	93000.000
2038	108	108000.000
2039	104	104000.000
2040	109	109000.000
2041	95	95000.000
2042	108	108000.000
2043	93	93000.000
2044	104	104000.000
2045	102	102000.000
2046	83	83000.000
2047	90	90000.000
2048	115	115000.000
2049	111	111000.000
2050	103	103000.000
2051	130	130000.000
2052	98	98000.000
2053	91	91000.000
2054	103	103000.000
2055	110	110000.000
2056	108	108000.000
2057	97	97000.000
2058	114	114000.000
2059	88	88000.000
2060	100	100000.000
2061	99	99000.000
2062	121	121000.000
2063	97	97000.000
2064	99	99000.000
2065	92	92000.000
2066	109	109000.000
2067	98	98000.000
2068	109	109000.000
2069	113	113000.000
2070	118	118000.000
2071	115	115000.000
2072	98	98000.000
2073	106	106000.000
2074	107	107000.000
2075	91	91000.000
2076	120	120000.000
2077	105	105000.000
2078	111	111000.000
2079	113	113000.000
2080	101	101000.000
2081	98	98000.000
2082	97	97000.000
2083	102	102000.000
2084	81	81000.000
2085	110	110000.000
2086	96	96000.000
2087	114	114000.000
2088	103	103000.000
2089	102	102000.000
2090	120	120000.000
2091	78	78000.000
2092	112	112000.000
2093	97	97000.000
2094	108	108000.000
2095	117	117000.000
2096	97	97000.000
2097	115	115000.000
2098	99	99000.000
2099	95	95000.000
2100	102	102000.000
2101	117	117000.000
2102	108	108000.000
2103	97	97000.000
2104	99	99000.000
2105	101	101000.000
2106	93	93000.000
2107	113	113000.000
2108	93	93000.000
2109	95	95000.000
2110	103	103000.000
2111	94	94000.000
2112	93	93000.000
2113	105	105000.000
2114	106	106000.000
2115	104	104000.000
2116	113	113000.000
2117	104	104000.000
2118	104	104000.000
2119	116	116000.000
2120	109	109000.000
2121	113	113000.000
2122	113	113000.000
2123	85	85000.000
2124	94	94000.000
2125	124	124000.000
2126	99	99000.000
2127	82	82000.000
2128	93	93000.000
2129	106	106000.000
2130	107	107000.000
2131	88	88000.000
2132	110	110000.000
2133	100	100000.000
2134	103	103000.000
2135	99	99000.000
2136	100	100000.000
2137	99	99000.000
2138	102	102000.000
2139	106	106000.000
2140	105	105000.000
2141	99	99000.000
2142	98	98000.000
2143	85	85000.000
2144	90	90000.000
2145	93	93000.000
2146	93	93000.000
2147	91	91000.000
2148	126	126000.000
2149	94	94000.000
2150	120	120000.000
2151	93	93000.000
2152	112	112000.000
2153	92	92000.000
2154	93	93000.000
2155	99	99000.000
2156	111	111000.000
2157	107	107000.000
2158	104	104000.000
2159	106	106000.000
2160	100	100000.000
2161	121	121000.000
2162	107	107000.000
2163	82	82000.000
2164	108	108000.000
2165	95	95000.000
2166	117	117000.000
2167	96	96000.000
2168	113	113000.000
2169	91	91000.000
2170	97	97000.000
2171	101	101000.000
2172	99	99000.000
2173	104	104000.000
2174	101	101000.000
2175	103	103000.000
2176	93	93000.000
2177	82	82000.000
2178	100	100000.000
2179	101	101000.000
2180	92	92000.000
2181	109	109000.000
2182	100	100000.000
2183	114	114000.000
2184	78	78000.000
2185	98	98000.000
2186	127	127000.000
2187	110	110000.000
2188	123	123000.000
2189	91	91000.000
2190	104	104000.000
2191	95	95000.000
2192	96	96000.000
2193	90	90000.000
2194	95	95000.000
2195	119	119000.000
2196	104	104000.000
2197	102	102000.000
2198	90	90000.000
2199	96	96000.000
2200	107	107000.000
2201	107	107000.000
2202	66	66000.000
2203	111	111000.000
2204	141	141000.000
2205	111	111000.000
2206	109	109000.000
2207	98	98000.000
2208	92	92000.000
2209	103	103000.000
2210	90	90000.000
2211	107	107000.000
2212	100	100000.000
2213	93	93000.000
2214	87	87000.000
2215	89	89000.000
2216	114	114000.000
2217	105	105000.000
2218	96	96000.000
2219	111	111000.000
2220	95	95000.000
2221	96	96000.000
2222	105	105000.000
2223	112	112000.000
2224	117	117000.000
2225	110	110000.000
2226	102	102000.000
2227	113	113000.000
2228	97	97000.000
2229	104	104000.000
2230	102	102000.000
2231	118	118000.000
2232	113	113000.000
2233	110	110000.000
2234	118	118000.000
2235	105	105000.000
2236	88	88000.000
2237	114	114000.000
2238	109	109000.000
2239	100	100000.000
2240	97	97000.000
2241	114	114000.000
2242	106	106000.000
2243	103	103000.000
2244	84	84000.000
2245	118	118000.000
2246	111	111000.000
2247	108	108000.000
2248	95	95000.000
2249	108	108000.000
2250	119	119000.000
2251	115	115000.000
2252	95	95000.000
2253	95	95000.000
2254	97	97000.000
2255	100	100000.000
2256	83	83000.000
2257	94	94000.000
2258	99	99000.000
2259	101	101000.000
2260	110	110000.000
2261	115	115000.000
2262	118	118000.000
2263	93	93000.000
2264	78	78000.000
2265	111	111000.000
2266	107	107000.000
2267	76	76000.000
2268	85	85000.000
2269	109	109000.000
2270	106	106000.000
2271	106	106000.000
2272	103	103000.000
2273	107	107000.000
2274	94	94000.000
2275	103	103000.000
2276	96	96000.000
2277	113	113000.000
2278	84	84000.000
2279	93	93000.000
2280	99	99000.000
2281	100	100000.000
2282	96	96000.000
2283	105	105000.000
2284	100	100000.000
2285	102	102000.000
2286	72	72000.000
2287	102	102000.000
2288	117	117000.000
2289	103	103000.000
2290	101	101000.000
2291	104	104000.000
2292	127	127000.000
2293	90	90000.000
2294	95	95000.000
2295	100	100000.000
2296	86	86000.000
2297	105	105000.000
2298	97	97000.000
2299	108	108000.000
2300	95	95000.000
2301	111	111000.000
2302	89	89000.000
2303	105	105000.000
2304	99	99000.000
2305	97	97000.000
2306	96	96000.000
2307	92	92000.000
2308	106	106000.000
2309	116	116000.000
2310	89	89000.000
2311	82	82000.000
2312	90	90000.000
2313	120	120000.000
2314	122	122000.000
2315	94	94000.000
2316	108	108000.000
2317	92	92000.000
2318	87	87000.000
2319	100	100000.000
2320	99	99000.000
2321	83	83000.000
2322	115	115000.000
2323	100	100000.000
2324	107	107000.000
2325	102	102000.000
2326	89	89000.000
2327	105	105000.000
2328	101	101000.000
2329	118	118000.000
2330	104	104000.000
2331	111	111000.000
2332	96	96000.000
2333	107	107000.000
2334	107	107000.000
2335	90	90000.000
2336	89	89000.000
2337	91	91000.000
2338	131	131000.000
2339	106	106000.000
2340	91	91000.000
2341	106	106000.000
2342	109	109000.000
2343	123	123000.000
2344	109	109000.000
2345	103	103000.000
2346	100	100000.000
2347	112	112000.000
2348	93	93000.000
2349	115	115000.000
2350	111	111000.000
2351	102	102000.000
2352	110	110000.000
2353	92	92000.000
2354	94	94000.000
2355	90	90000.000
2356	103	103000.000
2357	97	97000.000
2358	117	117000.000
2359	90	90000.000
2360	107	107000.000
2361	113	113000.000
2362	107	107000.000
2363	96	96000.000
2364	106	106000.000
2365	89	89000.000
2366	96	96000.000
2367	111	111000.000
2368	105	105000.000
2369	105	105000.000
2370	100	100000.000
2371	96	96000.000
2372	99	99000.000
2373	115	115000.000
2374	102	102000.000
2375	107	107000.000
2376	98	98000.000
2377	95	95000.000
2378	106	106000.000
2379	100	100000.000
2380	102	102000.000
2381	70	70000.000
2382	125	125000.000
2383	97	97000.000
2384	107	107000.000
2385	106	106000.000
2386	114	114000.000
2387	107	107000.000
2388	99	99000.000
2389	90	90000.000
2390	80	80000.000
2391	93	93000.000
2392	104	104000.000
2393	101	101000.000
2394	105	105000.000
2395	99	99000.000
2396	106	106000.000
2397	107	107000.000
2398	114	114000.000
2399	89	89000.000
2400	111	111000.000
2401	93	93000.000
2402	95	95000.000
2403	105	105000.000
2404	100	100000.000
2405	115	115000.000
2406	110	110000.000
2407	94	94000.000
2408	91	91000.000
2409	94	94000.000
2410	102	102000.000
2411	109	109000.000
2412	113	113000.000
2413	92	92000.000
2414	105	105000.000
2415	122	122000.000
2416	85	85000.000
2417	118	118000.000
2418	85	85000.000
2419	96	96000.000
2420	108	108000.000
2421	106	106000.000
2422	121	121000.000
2423	109	109000.000
2424	104	104000.000
2425	107	107000.000
2426	94	94000.000
2427	88	88000.000
2428	104	104000.000
2429	110	110000.000
2430	110	110000.000
2431	112	112000.000
2432	104	104000.000
2433	114	114000.000
2434	116	116000.000
2435	105	105000.000
2436	92	92000.000
2437	91	91000.000
2438	99	99000.000
2439	101	101000.000
2440	103	103000.000
2441	112	112000.000
2442	121	121000.000
2443	100	100000.000
2444	111	111000.000
2445	94	94000.000
2446	102	102000.000
2447	100	100000.000
2448	98	98000.000
2449	93	93000.000
2450	106	106000.000
2451	111	111000.000
2452	103	103000.000
2453	101	101000.000
2454	95	95000.000
2455	106	106000.000
2456	103	103000.000
2457	105	105000.000
2458	96	96000.000
2459	106	106000.000
2460	89	89000.000
2461	90	90000.000
2462	131	131000.000
2463	95	95000.000
2464	108	108000.000
2465	105	105000.000
2466	85	85000.000
2467	105	105000.000
2468	117	117000.000
2469	88	88000.000
2470	97	97000.000
2471	107	107000.000
2472	101	101000.000
2473	100	100000.000
2474	107	107000.000
2475	101	101000.000
2476	115	115000.000
2477	111	111000.000
2478	92	92000.000
2479	122	122000.000
2480	111	111000.000
2481	97	97000.000
2482	123	123000.000
2483	109	109000.000
2484	112	112000.000
2485	109	109000.000
2486	106	106000.000
2487	118	118000.000
2488	101	101000.000
2489	108	108000.000
2490	111	111000.000
2491	103	103000.000
2492	85	85000.000
2493	108	108000.000
2494	86	86000.000
2495	99	99000.000
2496	96	96000.000
2497	105	105000.000
2498	109	109000.000
2499	122	122000.000
2500	106	106000.000
2501	102	102000.000
2502	100	100000.000
2503	83	83000.000
2504	101	101000.000
2505	110	110000.000
2506	92	92000.000
2507	104	104000.000
2508	87	87000.000
2509	94	94000.000
2510	104	104000.000
2511	97	97000.000
2512	90	90000.000
2513	105	105000.000
2514	82	82000.000
2515	110	110000.000
2516	77	77000.000
2517	116	116000.000
2518	78	78000.000
2519	129	129000.000
2520	112	112000.000
2521	108	108000.000
2522	117	117000.000
2523	131	131000.000
2524	92	92000.000
2525	103	103000.000
2526	128	128000.000
2527	116	116000.000
2528	103	103000.000
2529	89	89000.000
2530	79	79000.000
2531	137	137000.000
2532	122	122000.000
2533	107	107000.000
2534	102	102000.000
2535	91	91000.000
2536	103	103000.000
2537	109	109000.000
2538	125	125000.000
2539	107	107000.000
2540	78	78000.000
2541	113	113000.000
2542	68	68000.000
2543	89	89000.000
2544	90	90000.000
2545	104	104000.000
2546	108	108000.000
2547	96	96000.000
2548	104	104000.000
2549	95	95000.000
2550	106	106000.000
2551	125	125000.000
2552	87	87000.000
2553	108	108000.000
2554	99	99000.000
2555	107	107000.000
2556	98	98000.000
2557	94	94000.000
2558	89	89000.000
2559	100	100000.000
2560	97	97000.000
2561	80	80000.000
2562	83	83000.000
2563	96	96000.000
2564	100	100000.000
2565	117	117000.000
2566	116	116000.000
2567	85	85000.000
2568	97	97000.000
2569	118	118000.000
2570	104	104000.000
2571	102	102000.000
2572	105	105000.000
2573	97	97000.000
2574	109	109000.000
2575	108	108000.000
2576	82	82000.000
2577	108	108000.000
2578	105	105000.000
2579	107	107000.000
2580	107	107000.000
2581	115	115000.000
2582	110	110000.000
2583	100	100000.000
2584	101	101000.000
2585	98	98000.000
2586	101	101000.000
2587	98	98000.000
2588	102	102000.000
2589	107	107000.000
2590	116	116000.000
2591	112	112000.000
2592	94	94000.000
2593	85	85000.000
2594	120	120000.000
2595	105	105000.000
2596	97	97000.000
2597	93	93000.000
2598	96	96000.000
2599	98	98000.000
2600	95	95000.000
2601	97	97000.000
2602	114	114000.000
2603	96	96000.000
2604	92	92000.000
2605	92	92000.000
2606	109	109000.000
2607	88	88000.000
2608	93	93000.000
2609	105	105000.000
2610	136	136000.000
2611	99	99000.000
2612	91	91000.000
2613	98	98000.000
2614	93	93000.000
2615	96	96000.000
2616	120	120000.000
2617	113	113000.000
2618	102	102000.000
2619	92	92000.000
2620	82	82000.000
2621	89	89000.000
2622	94	94000.000
2623	97	97000.000
2624	104	104000.000
2625	105	105000.000
2626	112	112000.000
2627	105	105000.000
2628	120	120000.000
2629	114	114000.000
2630	98	98000.000
2631	119	119000.000
2632	87	87000.000
2633	111	111000.000
2634	96	96000.000
2635	99	99000.000
2636	92	92000.000
2637	102	102000.000
2638	96	96000.000
2639	101	101000.000
2640	121	121000.000
2641	97	97000.000
2642	95	95000.000
2643	100	100000.000
2644	102	102000.000
2645	101	101000.000
2646	95	95000.000
2647	115	115000.000
2648	95	95000.000
2649	111	111000.000
2650	98	98000.000
2651	104	104000.000
2652	98	98000.000
2653	118	118000.000
2654	107	107000.000
2655	90	90000.000
2656	83	83000.000
2657	104	104000.000
2658	106	106000.000
2659	113	113000.000
2660	96	96000.000
2661	99	99000.000
2662	103	103000.000
2663	100	100000.000
2664	110	110000.000
2665	84	84000.000
2666	91	91000.000
2667	89	89000.000
2668	98	98000.000
2669	98	98000.000
2670	99	99000.000
2671	92	92000.000
2672	97	97000.000
2673	100	100000.000
2674	87	87000.000
2675	102	102000.000
2676	104	104000.000
2677	91	91000.000
2678	102	102000.000
2679	103	103000.000
2680	115	115000.000
2681	83	83000.000
2682	119	119000.000
2683	98	98000.000
2684	100	100000.000
2685	98	98000.000
2686	101	101000.000
2687	104	104000.000
2688	107	107000.000
2689	92	92000.000
2690	96	96000.000
2691	111	111000.000
2692	108	108000.000
2693	103	103000.000
2694	74	74000.000
2695	116	116000.000
2696	88	88000.000
2697	103	103000.000
2698	106	106000.000
2699	107	107000.000
2700	113	113000.000
2701	100	100000.000
2702	108	108000.000
2703	98	98000.000
2704	93	93000.000
2705	106	106000.000
2706	100	100000.000
2707	87	87000.000
2708	95	95000.000
2709	78	78000.000
2710	106	106000.000
2711	104	104000.000
2712	89	89000.000
2713	102	102000.000
2714	100	100000.000
2715	95	95000.000
2716	105	105000.000
2717	87	87000.000
2718	97	97000.000
2719	109	109000.000
2720	116	116000.000
2721	99	99000.000
2722	99	99000.000
2723	113	113000.000
2724	114	114000.000
2725	99	99000.000
2726	104	104000.000
2727	92	92000.000
2728	104	104000.000
2729	108	108000.000
2730	99	99000.000
2731	109	109000.000
2732	88	88000.000
2733	90	90000.000
2734	106	106000.000
2735	114	114000.000
2736	109	109000.000
2737	93	93000.000
2738	87	87000.000
2739	108	108000.000
2740	102	102000.000
2741	103	103000.000
2742	94	94000.000
2743	109	109000.000
2744	106	106000.000
2745	114	114000.000
2746	99	99000.000
2747	108	108000.000
2748	107	107000.000
2749	96	96000.000
2750	108	108000.000
2751	111	111000.000
2752	98	98000.000
2753	106	106000.000
2754	94	94000.000
2755	111	111000.000
2756	91	91000.000
2757	107	107000.000
2758	106	106000.000
2759	100	100000.000
2760	84	84000.000
2761	92	92000.000
2762	102	102000.000
2763	90	90000.000
2764	100	100000.000
2765	104	104000.000
2766	119	119000.000
2767	111	111000.000
2768	91	91000.000
2769	103	103000.000
2770	94	94000.000
2771	106	106000.000
2772	91	91000.000
2773	113	113000.000
2774	94	94000.000
2775	97	97000.000
2776	107	107000.000
2777	103	103000.000
2778	99	99000.000
2779	106	106000.000
2780	93	93000.000
2781	112	112000.000
2782	86	86000.000
2783	79	79000.000
2784	106	106000.000
2785	98	98000.000
2786	97	97000.000
2787	100	100000.000
2788	104	104000.000
2789	90	90000.000
2790	114	114000.000
2791	90	90000.000
2792	93	93000.000
2793	93	93000.000
2794	104	104000.000
2795	101	101000.000
2796	94	94000.000
2797	104	104000.000
2798	111	111000.000
2799	94	94000.000
2800	91	91000.000
2801	106	106000.000
2802	111	111000.000
2803	105	105000.000
2804	128	128000.000
2805	93	93000.000
2806	118	118000.000
2807	96	96000.000
2808	106	106000.000
2809	94	94000.000
2810	99	99000.000
2811	99	99000.000
2812	100	100000.000
2813	99	99000.000
2814	105	105000.000
2815	98	98000.000
2816	97	97000.000
2817	103	103000.000
2818	96	96000.000
2819	86	86000.000
2820	98	98000.000
2821	108	108000.000
2822	110	110000.000
2823	102	102000.000
2824	110	110000.000
2825	130	130000.000
2826	110	110000.000
2827	110	110000.000
2828	89	89000.000
2829	100	100000.000
2830	99	99000.000
2831	108	108000.000
2832	104	104000.000
2833	89	89000.000
2834	98	98000.000
2835	116	116000.000
2836	109	109000.000
2837	93	93000.000
2838	98	98000.000
2839	117	117000.000
2840	128	128000.000
2841	104	104000.000
2842	92	92000.000
2843	97	97000.000
2844	106	106000.000
2845	100	100000.000
2846	101	101000.000
2847	93	93000.000
2848	95	95000.000
2849	98	98000.000
2850	110	110000.000
2851	107	107000.000
2852	98	98000.000
2853	109	109000.000
2854	111	111000.000
2855	80	80000.000
2856	104	104000.000
2857	111	111000.000
2858	91	91000.000
2859	104	104000.000
2860	92	92000.000
2861	87	87000.000
2862	118	118000.000
2863	90	90000.000
2864	96	96000.000
2865	92	92000.000
2866	102	102000.000
2867	107	107000.000
2868	105	105000.000
2869	110	110000.000
2870	95	95000.000
2871	112	112000.000
2872	92	92000.000
2873	112	112000.000
2874	101	101000.000
2875	116	116000.000
2876	94	94000.000
2877	104	104000.000
2878	87	87000.000
2879	92	92000.000
2880	79	79000.000
2881	98	98000.000
2882	98	98000.000
2883	101	101000.000
2884	85	85000.000
2885	117	117000.000
2886	90	90000.000
2887	107	107000.000
2888	103	103000.000
2889	88	88000.000
2890	91	91000.000
2891	101	101000.000
2892	105	105000.000
2893	87	87000.000
2894	125	125000.000
2895	98	98000.000
2896	118	118000.000
2897	77	77000.000
2898	100	100000.000
2899	102	102000.000
2900	95	95000.000
2901	110	110000.000
2902	113	113000.000
2903	100	100000.000
2904	118	118000.000
2905	92	92000.000
2906	93	93000.000
2907	122	122000.000
2908	95	95000.000
2909	102	102000.000
2910	120	120000.000
2911	98	98000.000
2912	110	110000.000
2913	115	115000.000
2914	106	106000.000
2915	99	99000.000
2916	111	111000.000
2917	96	96000.000
2918	88	88000.000
2919	99	99000.000
2920	95	95000.000
2921	91	91000.000
2922	101	101000.000
2923	115	115000.000
2924	124	124000.000
2925	96	96000.000
2926	93	93000.000
2927	106	106000.000
2928	113	113000.000
2929	102	102000.000
2930	114	114000.000
2931	108	108000.000
2932	88	88000.000
2933	92	92000.000
2934	121	121000.000
2935	91	91000.000
2936	103	103000.000
2937	105	105000.000
2938	107	107000.000
2939	99	99000.000
2940	98	98000.000
2941	108	108000.000
2942	94	94000.000
2943	115	115000.000
2944	115	115000.000
2945	108	108000.000
2946	112	112000.000
2947	114	114000.000
2948	74	74000.000
2949	94	94000.000
2950	105	105000.000
2951	97	97000.000
2952	97	97000.000
2953	90	90000.000
2954	85	85000.000
2955	82	82000.000
2956	102	102000.000
2957	93	93000.000
2958	104	104000.000
2959	102	102000.000
2960	86	86000.000
2961	97	97000.000
2962	109	109000.000
2963	106	106000.000
2964	82	82000.000
2965	116	116000.000
2966	118	118000.000
2967	96	96000.000
2968	123	123000.000
2969	113	113000.000
2970	112	112000.000
2971	108	108000.000
2972	125	125000.000
2973	96	96000.000
2974	98	98000.000
2975	94	94000.000
2976	103	103000.000
2977	100	100000.000
2978	104	104000.000
2979	100	100000.000
2980	81	81000.000
2981	93	93000.000
2982	108	108000.000
2983	89	89000.000
2984	126	126000.000
2985	106	106000.000
2986	112	112000.000
2987	109	109000.000
2988	111	111000.000
2989	118	118000.000
2990	94	94000.000
2991	90	90000.000
2992	91	91000.000
2993	120	120000.000
2994	100	100000.000
2995	112	112000.000
2996	97	97000.000
2997	101	101000.000
2998	116	116000.000
2999	107	107000.000
3000	93	93000.000
3001	129	129000.000
3002	98	98000.000
3003	110	110000.000
3004	95	95000.000
3005	118	118000.000
3006	81	81000.000
3007	98	98000.000
3008	96	96000.000
3009	106	106000.000
3010	118	118000.000
3011	102	102000.000
3012	114	114000.000
3013	82	82000.000
3014	102	102000.000
3015	105	105000.000
3016	80	80000.000
3017	88	88000.000
3018	103	103000.000
3019	123	123000.000
3020	112	112000.000
3021	116	116000.000
3022	87	87000.000
3023	100	100000.000
3024	123	123000.000
3025	95	95000.000
3026	104	104000.000
3027	94	94000.000
3028	88	88000.000
3029	92	92000.000
3030	101	101000.000
3031	113	113000.000
3032	96	96000.000
3033	129	129000.000
3034	88	88000.000
3035	106	106000.000
3036	101	101000.000
3037	103	103000.000
3038	98	98000.000
3039	100	100000.000
3040	117	117000.000
3041	91	91000.000
3042	98	98000.000
3043	115	115000.000
3044	111	111000.000
3045	115	115000.000
3046	110	110000.000
3047	114	114000.000
3048	84	84000.000
3049	113	113000.000
3050	110	110000.000
3051	105	105000.000
3052	87	87000.000
3053	101	101000.000
3054	96	96000.000
3055	110	110000.000
3056	121	121000.000
3057	115	115000.000
3058	105	105000.000
3059	103	103000.000
3060	113	113000.000
3061	103	103000.000
3062	109	109000.000
3063	96	96000.000
3064	112	112000.000
3065	87	87000.000
3066	103	103000.000
3067	85	85000.000
3068	99	99000.000
3069	88	88000.000
3070	101	101000.000
3071	101	101000.000
3072	91	91000.000
3073	111	111000.000
3074	100	100000.000
3075	93	93000.000
3076	105	105000.000
3077	99	99000.000
3078	117	117000.000
3079	120	120000.000
3080	93	93000.000
3081	109	109000.000
3082	96	96000.000
3083	103	103000.000
3084	100	100000.000
3085	99	99000.000
3086	117	117000.000
3087	92	92000.000
3088	89	89000.000
3089	98	98000.000
3090	101	101000.000
3091	106	106000.000
3092	118	118000.000
3093	105	105000.000
3094	91	91000.000
3095	101	101000.000
3096	101	101000.000
3097	97	97000.000
3098	123	123000.000
3099	104	104000.000
3100	89	89000.000
3101	98	98000.000
3102	105	105000.000
3103	104	104000.000
3104	107	107000.000
3105	113	113000.000
3106	89	89000.000
3107	96	96000.000
3108	101	101000.000
3109	86	86000.000
3110	104	104000.000
3111	109	109000.000
3112	110	110000.000
3113	131	131000.000
3114	103	103000.000
3115	99	99000.000
3116	110	110000.000
3117	107	107000.000
3118	99	99000.000
3119	90	90000.000
3120	105	105000.000
3121	87	87000.000
3122	95	95000.000
3123	86	86000.000
3124	97	97000.000
3125	93	93000.000
3126	99	99000.000
3127	125	125000.000
3128	104	104000.000
3129	99	99000.000
3130	83	83000.000
3131	98	98000.000
3132	87	87000.000
3133	90	90000.000
3134	98	98000.000
3135	102	102000.000
3136	91	91000.000
3137	114	114000.000
3138	101	101000.000
3139	107	107000.000
3140	96	96000.000
3141	85	85000.000
3142	95	95000.000
3143	90	90000.000
3144	108	108000.000
3145	107	107000.000
3146	102	102000.000
3147	114	114000.000
3148	108	108000.000
3149	108	108000.000
3150	115	115000.000
3151	98	98000.000
3152	111	111000.000
3153	95	95000.000
3154	104	104000.000
3155	98	98000.000
3156	103	103000.000
3157	98	98000.000
3158	120	120000.000
3159	86	86000.000
3160	98	98000.000
3161	111	111000.000
3162	127	127000.000
3163	105	105000.000
3164	122	122000.000
3165	120	120000.000
3166	107	107000.000
3167	97	97000.000
3168	94	94000.000
3169	106	106000.000
3170	97	97000.000
3171	99	99000.000
3172	109	109000.000
3173	111	111000.000
3174	104	104000.000
3175	93	93000.000
3176	103	103000.000
3177	96	96000.000
3178	111	111000.000
3179	96	96000.000
3180	101	101000.000
3181	121	121000.000
3182	98	98000.000
3183	103	103000.000
3184	102	102000.000
3185	101	101000.000
3186	97	97000.000
3187	105	105000.000
3188	118	118000.000
3189	98	98000.000
3190	88	88000.000
3191	86	86000.000
3192	95	95000.000
3193	83	83000.000
3194	95	95000.000
3195	113	113000.000
3196	113	113000.000
3197	119	119000.000
3198	88	88000.000
3199	93	93000.000
3200	116	116000.000
3201	105	105000.000
3202	110	110000.000
3203	87	87000.000
3204	107	107000.000
3205	109	109000.000
3206	119	119000.000
3207	114	114000.000
3208	114	114000.000
3209	90	90000.000
3210	91	91000.000
3211	105	105000.000
3212	103	103000.000
3213	92	92000.000
3214	119	119000.000
3215	104	104000.000
3216	89	89000.000
3217	96	96000.000
3218	122	122000.000
3219	94	94000.000
3220	111	111000.000
3221	96	96000.000
3222	121	121000.000
3223	108	108000.000
3224	124	124000.000
3225	106	106000.000
3226	118	118000.000
3227	104	104000.000
3228	99	99000.000
3229	75	75000.000
3230	94	94000.000
3231	108	108000.000
3232	90	90000.000
3233	99	99000.000
3234	123	123000.000
3235	107	107000.000
3236	105	105000.000
3237	100	100000.000
3238	99	99000.000
3239	126	126000.000
3240	121	121000.000
3241	97	97000.000
3242	107	107000.000
3243	102	102000.000
3244	107	107000.000
3245	80	80000.000
3246	107	107000.000
3247	94	94000.000
3248	100	100000.000
3249	98	98000.000
3250	87	87000.000
3251	123	123000.000
3252	96	96000.000
3253	101	101000.000
3254	99	99000.000
3255	100	100000.000
3256	94	94000.000
3257	104	104000.000
3258	99	99000.000
3259	111	111000.000
3260	98	98000.000
3261	98	98000.000
3262	114	114000.000
3263	85	85000.000
3264	102	102000.000
3265	118	118000.000
3266	95	95000.000
3267	109	109000.000
3268	96	96000.000
3269	101	101000.000
3270	103	103000.000
3271	115	115000.000
3272	97	97000.000
3273	116	116000.000
3274	117	117000.000
3275	98	98000.000
3276	98	98000.000
3277	100	100000.000
3278	105	105000.000
3279	98	98000.000
3280	107	107000.000
3281	104	104000.000
3282	103	103000.000
3283	97	97000.000
3284	111	111000.000
3285	115	115000.000
3286	108	108000.000
3287	98	98000.000
3288	99	99000.000
3289	113	113000.000
3290	97	97000.000
3291	101	101000.000
3292	99	99000.000
3293	100	100000.000
3294	108	108000.000
3295	81	81000.000
3296	95	95000.000
3297	93	93000.000
3298	105	105000.000
3299	115	115000.000
3300	100	100000.000
3301	100	100000.000
3302	110	110000.000
3303	97	97000.000
3304	106	106000.000
3305	111	111000.000
3306	96	96000.000
3307	106	106000.000
3308	116	116000.000
3309	97	97000.000
3310	100	100000.000
3311	116	116000.000
3312	101	101000.000
3313	107	107000.000
3314	89	89000.000
3315	109	109000.000
3316	119	119000.000
3317	108	108000.000
3318	90	90000.000
3319	78	78000.000
3320	131	131000.000
3321	104	104000.000
3322	87	87000.000
3323	112	112000.000
3324	92	92000.000
3325	105	105000.000
3326	103	103000.000
3327	101	101000.000
3328	109	109000.000
3329	92	92000.000
3330	84	84000.000
3331	103	103000.000
3332	107	107000.000
3333	99	99000.000
3334	89	89000.000
3335	90	90000.000
3336	95	95000.000
3337	119	119000.000
3338	107	107000.000
3339	107	107000.000
3340	86	86000.000
3341	107	107000.000
3342	106	106000.000
3343	89	89000.000
3344	119	119000.000
3345	93	93000.000
3346	107	107000.000
3347	113	113000.000
3348	90	90000.000
3349	102	102000.000
3350	97	97000.000
3351	116	116000.000
3352	94	94000.000
3353	100	100000.000
3354	106	106000.000
3355	100	100000.000
3356	88	88000.000
3357	125	125000.000
3358	114	114000.000
3359	108	108000.000
3360	86	86000.000
3361	109	109000.000
3362	96	96000.000
3363	101	101000.000
3364	93	93000.000
3365	95	95000.000
3366	119	119000.000
3367	104	104000.000
3368	109	109000.000
3369	93	93000.000
3370	107	107000.000
3371	98	98000.000
3372	94	94000.000
3373	88	88000.000
3374	103	103000.000
3375	99	99000.000
3376	91	91000.000
3377	101	101000.000
3378	91	91000.000
3379	107	107000.000
3380	107	107000.000
3381	110	110000.000
3382	116	116000.000
3383	114	114000.000
3384	94	94000.000
3385	100	100000.000
3386	94	94000.000
3387	96	96000.000
3388	109	109000.000
3389	85	85000.000
3390	97	97000.000
3391	101	101000.000
3392	110	110000.000
3393	111	111000.000
3394	89	89000.000
3395	104	104000.000
3396	108	108000.000
3397	94	94000.000
3398	104	104000.000
3399	115	115000.000
3400	97	97000.000
3401	93	93000.000
3402	101	101000.000
3403	111	111000.000
3404	107	107000.000
3405	95	95000.000
3406	117	117000.000
3407	93	93000.000
3408	92	92000.000
3409	106	106000.000
3410	93	93000.000
3411	90	90000.000
3412	111	111000.000
3413	112	112000.000
3414	106	106000.000
3415	93	93000.000
3416	98	98000.000
3417	92	92000.000
3418	96	96000.000
3419	107	107000.000
3420	111	111000.000
3421	103	103000.000
3422	101	101000.000
3423	105	105000.000
3424	94	94000.000
3425	103	103000.000
3426	108	108000.000
3427	125	125000.000
3428	108	108000.000
3429	98	98000.000
3430	106	106000.000
3431	109	109000.000
3432	89	89000.000
3433	108	108000.000
3434	96	96000.000
3435	80	80000.000
3436	100	100000.000
3437	108	108000.000
3438	103	103000.000
3439	97	97000.000
3440	103	103000.000
3441	89	89000.000
3442	105	105000.000
3443	98	98000.000
3444	95	95000.000
3445	91	91000.000
3446	94	94000.000
3447	87	87000.000
3448	114	114000.000
3449	91	91000.000
3450	99	99000.000
3451	108	108000.000
3452	93	93000.000
3453	98	98000.000
3454	83	83000.000
3455	112	112000.000
3456	119	119000.000
3457	103	103000.000
3458	106	106000.000
3459	80	80000.000
3460	116	116000.000
3461	108	108000.000
3462	113	113000.000
3463	110	110000.000
3464	93	93000.000
3465	87	87000.000
3466	98	98000.000
3467	120	120000.000
3468	95	95000.000
3469	100	100000.000
3470	109	109000.000
3471	94	94000.000
3472	101	101000.000
3473	93	93000.000
3474	90	90000.000
3475	115	115000.000
3476	106	106000.000
3477	116	116000.000
3478	100	100000.000
3479	93	93000.000
3480	112	112000.000
3481	109	109000.000
3482	97	97000.000
3483	102	102000.000
3484	106	106000.000
3485	114	114000.000
3486	108	108000.000
3487	118	118000.000
3488	83	83000.000
3489	105	105000.000
3490	95	95000.000
3491	96	96000.000
3492	106	106000.000
3493	103	103000.000
3494	96	96000.000
3495	98	98000.000
3496	102	102000.000
3497	98	98000.000
3498	115	115000.000
3499	103	103000.000
3500	115	115000.000
3501	123	123000.000
3502	84	84000.000
3503	101	101000.000
3504	92	92000.000
3505	98	98000.000
3506	125	125000.000
3507	125	125000.000
3508	133	133000.000
3509	98	98000.000
3510	105	105000.000
3511	117	117000.000
3512	109	109000.000
3513	93	93000.000
3514	115	115000.000
3515	105	105000.000
3516	96	96000.000
3517	102	102000.000
3518	97	97000.000
3519	96	96000.000
3520	95	95000.000
3521	97	97000.000
3522	110	110000.000
3523	104	104000.000
3524	110	110000.000
3525	124	124000.000
3526	103	103000.000
3527	103	103000.000
3528	105	105000.000
3529	98	98000.000
3530	112	112000.000
3531	95	95000.000
3532	111	111000.000
3533	114	114000.000
3534	111	111000.000
3535	94	94000.000
3536	90	90000.000
3537	107	107000.000
3538	96	96000.000
3539	100	100000.000
3540	97	97000.000
3541	106	106000.000
3542	98	98000.000
3543	108	108000.000
3544	115	115000.000
3545	120	120000.000
3546	80	80000.000
3547	104	104000.000
3548	99	99000.000
3549	121	121000.000
3550	114	114000.000
3551	105	105000.000
3552	102	102000.000
3553	98	98000.000
3554	115	115000.000
3555	94	94000.000
3556	121	121000.000
3557	104	104000.000
3558	101	101000.000
3559	103	103000.000
3560	106	106000.000
3561	84	84000.000
3562	109	109000.000
3563	95	95000.000
3564	85	85000.000
3565	94	94000.000
3566	115	115000.000
3567	97	97000.000
3568	119	119000.000
3569	106	106000.000
3570	98	98000.000
3571	104	104000.000
3572	97	97000.000
3573	103	103000.000
3574	106	106000.000
3575	101	101000.000
3576	104	104000.000
3577	100	100000.000
3578	94	94000.000
3579	99	99000.000
3580	77	77000.000
3581	113	113000.000
3582	97	97000.000
3583	109	109000.000
3584	119	119000.000
3585	111	111000.000
3586	110	110000.000
3587	115	115000.000
3588	113	113000.000
3589	103	103000.000
3590	120	120000.000
3591	90	90000.000
3592	100	100000.000
3593	100	100000.000
3594	107	107000.000
3595	95	95000.000
3596	113	113000.000
3597	100	100000.000
3598	96	96000.000
3599	103	103000.000
3600	102	102000.000
3601	110	110000.000
3602	113	113000.000
3603	100	100000.000
3604	102	102000.000
3605	101	101000.000
3606	111	111000.000
3607	102	102000.000
3608	88	88000.000
3609	95	95000.000
3610	104	104000.000
3611	99	99000.000
3612	108	108000.000
3613	101	101000.000
3614	101	101000.000
3615	107	107000.000
3616	96	96000.000
3617	103	103000.000
3618	93	93000.000
3619	104	104000.000
3620	86	86000.000
3621	115	115000.000
3622	101	101000.000
3623	116	116000.000
3624	98	98000.000
3625	117	117000.000
3626	101	101000.000
3627	93	93000.000
3628	93	93000.000
3629	100	100000.000
3630	90	90000.000
3631	99	99000.000
3632	99	99000.000
3633	70	70000.000
3634	94	94000.000
3635	106	106000.000
3636	104	104000.000
3637	118	118000.000
3638	115	115000.000
3639	107	107000.000
3640	98	98000.000
3641	103	103000.000
3642	98	98000.000
3643	102	102000.000
3644	106	106000.000
3645	118	118000.000
3646	117	117000.000
3647	88	88000.000
3648	104	104000.000
3649	115	115000.000
3650	134	134000.000
3651	93	93000.000
3652	100	100000.000
3653	111	111000.000
3654	106	106000.000
3655	101	101000.000
3656	111	111000.000
3657	114	114000.000
3658	105	105000.000
3659	96	96000.000
3660	108	108000.000
3661	105	105000.000
3662	84	84000.000
3663	96	96000.000
3664	97	97000.000
3665	102	102000.000
3666	109	109000.000
3667	89	89000.000
3668	125	125000.000
3669	88	88000.000
3670	102	102000.000
3671	101	101000.000
3672	115	115000.000
3673	124	124000.000
3674	95	95000.000
3675	82	82000.000
3676	93	93000.000
3677	111	111000.000
3678	119	119000.000
3679	102	102000.000
3680	88	88000.000
3681	114	114000.000
3682	91	91000.000
3683	108	108000.000
3684	99	99000.000
3685	82	82000.000
3686	102	102000.000
3687	116	116000.000
3688	92	92000.000
3689	99	99000.000
3690	100	100000.000
3691	112	112000.000
3692	97	97000.000
3693	97	97000.000
3694	102	102000.000
3695	120	120000.000
3696	112	112000.000
3697	91	91000.000
3698	101	101000.000
3699	103	103000.000
3700	102	102000.000
3701	92	92000.000
3702	94	94000.000
3703	106	106000.000
3704	111	111000.000
3705	106	106000.000
3706	114	114000.000
3707	95	95000.000
3708	90	90000.000
3709	114	114000.000
3710	101	101000.000
3711	92	92000.000
3712	99	99000.000
3713	110	110000.000
3714	97	97000.000
3715	107	107000.000
3716	106	106000.000
3717	115	115000.000
3718	118	118000.000
3719	116	116000.000
3720	112	112000.000
3721	110	110000.000
3722	99	99000.000
3723	90	90000.000
3724	118	118000.000
3725	98	98000.000
3726	98	98000.000
3727	80	80000.000
3728	106	106000.000
3729	100	100000.000
3730	90	90000.000
3731	96	96000.000
3732	96	96000.000
3733	94	94000.000
3734	89	89000.000
3735	101	101000.000
3736	107	107000.000
3737	126	126000.000
3738	122	122000.000
3739	111	111000.000
3740	114	114000.000
3741	109	109000.000
3742	104	104000.000
3743	86	86000.000
3744	111	111000.000
3745	109	109000.000
3746	107	107000.000
3747	93	93000.000
3748	101	101000.000
3749	95	95000.000
3750	91	91000.000
3751	104	104000.000
3752	94	94000.000
3753	93	93000.000
3754	95	95000.000
3755	97	97000.000
3756	90	90000.000
3757	103	103000.000
3758	91	91000.000
3759	106	106000.000
3760	115	115000.000
3761	122	122000.000
3762	101	101000.000
3763	77	77000.000
3764	104	104000.000
3765	96	96000.000
3766	111	111000.000
3767	109	109000.000
3768	120	120000.000
3769	94	94000.000
3770	108	108000.000
3771	102	102000.000
3772	96	96000.000
3773	102	102000.000
3774	106	106000.000
3775	91	91000.000
3776	89	89000.000
3777	114	114000.000
3778	102	102000.000
3779	98	98000.000
3780	100	100000.000
3781	103	103000.000
3782	106	106000.000
3783	114	114000.000
3784	95	95000.000
3785	96	96000.000
3786	112	112000.000
3787	100	100000.000
3788	109	109000.000
3789	89	89000.000
3790	112	112000.000
3791	108	108000.000
3792	88	88000.000
3793	105	105000.000
3794	96	96000.000
3795	82	82000.000
3796	99	99000.000
3797	106	106000.000
3798	118	118000.000
3799	113	113000.000
3800	109	109000.000
3801	110	110000.000
3802	106	106000.000
3803	101	101000.000
3804	106	106000.000
3805	95	95000.000
3806	99	99000.000
3807	94	94000.000
3808	97	97000.000
3809	104	104000.000
3810	95	95000.000
3811	109	109000.000
3812	113	113000.000
3813	103	103000.000
3814	109	109000.000
3815	125	125000.000
3816	109	109000.000
3817	91	91000.000
3818	93	93000.000
3819	116	116000.000
3820	90	90000.000
3821	100	100000.000
3822	109	109000.000
3823	111	111000.000
3824	104	104000.000
3825	92	92000.000
3826	85	85000.000
3827	100	100000.000
3828	95	95000.000
3829	108	108000.000
3830	111	111000.000
3831	108	108000.000
3832	108	108000.000
3833	102	102000.000
3834	128	128000.000
3835	85	85000.000
3836	92	92000.000
3837	126	126000.000
3838	91	91000.000
3839	121	121000.000
3840	101	101000.000
3841	89	89000.000
3842	106	106000.000
3843	106	106000.000
3844	113	113000.000
3845	112	112000.000
3846	94	94000.000
3847	118	118000.000
3848	75	75000.000
3849	107	107000.000
3850	79	79000.000
3851	100	100000.000
3852	106	106000.000
3853	110	110000.000
3854	109	109000.000
3855	108	108000.000
3856	91	91000.000
3857	87	87000.000
3858	113	113000.000
3859	93	93000.000
3860	105	105000.000
3861	102	102000.000
3862	92	92000.000
3863	102	102000.000
3864	116	116000.000
3865	99	99000.000
3866	120	120000.000
3867	104	104000.000
3868	103	103000.000
3869	85	85000.000
3870	111	111000.000
3871	90	90000.000
3872	104	104000.000
3873	98	98000.000
3874	96	96000.000
3875	85	85000.000
3876	112	112000.000
3877	118	118000.000
3878	111	111000.000
3879	110	110000.000
3880	95	95000.000
3881	112	112000.000
3882	123	123000.000
3883	125	125000.000
3884	103	103000.000
3885	90	90000.000
3886	91	91000.000
3887	109	109000.000
3888	98	98000.000
3889	93	93000.000
3890	111	111000.000
3891	108	108000.000
3892	113	113000.000
3893	98	98000.000
3894	92	92000.000
3895	107	107000.000
3896	95	95000.000
3897	124	124000.000
3898	100	100000.000
3899	98	98000.000
3900	100	100000.000
3901	109	109000.000
3902	114	114000.000
3903	107	107000.000
3904	94	94000.000
3905	111	111000.000
3906	95	95000.000
3907	106	106000.000
3908	102	102000.000
3909	117	117000.000
3910	109	109000.000
3911	101	101000.000
3912	110	110000.000
3913	114	114000.000
3914	113	113000.000
3915	106	106000.000
3916	101	101000.000
3917	105	105000.000
3918	107	107000.000
3919	109	109000.000
3920	100	100000.000
3921	108	108000.000
3922	99	99000.000
3923	113	113000.000
3924	102	102000.000
3925	92	92000.000
3926	99	99000.000
3927	103	103000.000
3928	100	100000.000
3929	113	113000.000
3930	103	103000.000
3931	99	99000.000
3932	111	111000.000
3933	100	100000.000
3934	80	80000.000
3935	92	92000.000
3936	99	99000.000
3937	98	98000.000
3938	101	101000.000
3939	97	97000.000
3940	95	95000.000
3941	114	114000.000
3942	94	94000.000
3943	112	112000.000
3944	90	90000.000
3945	93	93000.000
3946	98	98000.000
3947	107	107000.000
3948	126	126000.000
3949	114	114000.000
3950	117	117000.000
3951	112	112000.000
3952	98	98000.000
3953	117	117000.000
3954	121	121000.000
3955	88	88000.000
3956	88	88000.000
3957	98	98000.000
3958	82	82000.000
3959	117	117000.000
3960	110	110000.000
3961	110	110000.000
3962	91	91000.000
3963	118	118000.000
3964	87	87000.000
3965	100	100000.000
3966	102	102000.000
3967	88	88000.000
3968	109	109000.000
3969	82	82000.000
3970	106	106000.000
3971	88	88000.000
3972	120	120000.000
3973	93	93000.000
3974	115	115000.000
3975	120	120000.000
3976	94	94000.000
3977	96	96000.000
3978	118	118000.000
3979	103	103000.000
3980	89	89000.000
3981	106	106000.000
3982	101	101000.000
3983	96	96000.000
3984	103	103000.000
3985	87	87000.000
3986	99	99000.000
3987	110	110000.000
3988	105	105000.000
3989	97	97000.000
3990	104	104000.000
3991	95	95000.000
3992	84	84000.000
3993	97	97000.000
3994	96	96000.000
3995	104	104000.000
3996	99	99000.000
3997	97	97000.000
3998	105	105000.000
3999	101	101000.000
4000	104	104000.000
4001	108	108000.000
4002	132	132000.000
4003	103	103000.000
4004	112	112000.000
4005	94	94000.000
4006	85	85000.000
4007	96	96000.000
4008	118	118000.000
4009	109	109000.000
4010	100	100000.000
4011	86	86000.000
4012	109	109000.000
4013	97	97000.000
4014	107	107000.000
4015	99	99000.000
4016	117	117000.000
4017	95	95000.000
4018	94	94000.000
4019	96	96000.000
4020	97	97000.000
4021	112	112000.000
4022	92	92000.000
4023	88	88000.000
4024	101	101000.000
4025	97	97000.000
4026	98	98000.000
4027	106	106000.000
4028	104	104000.000
4029	117	117000.000
4030	102	102000.000
4031	89	89000.000
4032	110	110000.000
4033	96	96000.000
4034	99	99000.000
4035	107	107000.000
4036	115	115000.000
4037	91	91000.000
4038	94	94000.000
4039	111	111000.000
4040	111	111000.000
4041	85	85000.000
4042	93	93000.000
4043	110	110000.000
4044	105	105000.000
4045	96	96000.000
4046	103	103000.000
4047	105	105000.000
4048	97	97000.000
4049	103	103000.000
4050	81	81000.000
4051	102	102000.000
4052	96	96000.000
4053	105	105000.000
4054	96	96000.000
4055	115	115000.000
4056	103	103000.000
4057	86	86000.000
4058	115	115000.000
4059	122	122000.000
4060	104	104000.000
4061	69	69000.000
4062	113	113000.000
4063	131	131000.000
4064	116	116000.000
4065	109	109000.000
4066	104	104000.000
4067	91	91000.000
4068	92	92000.000
4069	93	93000.000
4070	103	103000.000
4071	86	86000.000
4072	106	106000.000
4073	108	108000.000
4074	100	100000.000
4075	101	101000.000
4076	91	91000.000
4077	108	108000.000
4078	108	108000.000
4079	92	92000.000
4080	115	115000.000
4081	87	87000.000
4082	119	119000.000
4083	89	89000.000
4084	89	89000.000
4085	106	106000.000
4086	103	103000.000
4087	101	101000.000
4088	81	81000.000
4089	107	107000.000
4090	106	106000.000
4091	86	86000.000
4092	92	92000.000
4093	92	92000.000
4094	121	121000.000
4095	100	100000.000
4096	111	111000.000
4097	111	111000.000
4098	106	106000.000
4099	109	109000.000
4100	94	94000.000
4101	104	104000.000
4102	84	84000.000
4103	109	109000.000
4104	86	86000.000
4105	116	116000.000
4106	89	89000.000
4107	121	121000.000
4108	115	115000.000
4109	107	107000.000
4110	105	105000.000
4111	108	108000.000
4112	110	110000.000
4113	114	114000.000
4114	100	100000.000
4115	103	103000.000
4116	86	86000.000
4117	89	89000.000
4118	103	103000.000
4119	102	102000.000
4120	89	89000.000
4121	86	86000.000
4122	106	106000.000
4123	95	95000.000
4124	113	113000.000
4125	102	102000.000
4126	123	123000.000
4127	87	87000.000
4128	96	96000.000
4129	91	91000.000
4130	125	125000.000
4131	103	103000.000
4132	95	95000.000
4133	103	103000.000
4134	80	80000.000
4135	93	93000.000
4136	107	107000.000
4137	102	102000.000
4138	88	88000.000
4139	95	95000.000
4140	106	106000.000
4141	121	121000.000
4142	94	94000.000
4143	107	107000.000
4144	90	90000.000
4145	92	92000.000
4146	100	100000.000
4147	107	107000.000
4148	109	109000.000
4149	91	91000.000
4150	115	115000.000
4151	89	89000.000
4152	109	109000.000
4153	109	109000.000
4154	101	101000.000
4155	103	103000.000
4156	109	109000.000
4157	129	129000.000
4158	89	89000.000
4159	105	105000.000
4160	103	103000.000
4161	122	122000.000
4162	102	102000.000
4163	93	93000.000
4164	115	115000.000
4165	97	97000.000
4166	123	123000.000
4167	123	123000.000
4168	95	95000.000
4169	87	87000.000
4170	93	93000.000
4171	113	113000.000
4172	100	100000.000
4173	112	112000.000
4174	114	114000.000
4175	105	105000.000
4176	109	109000.000
4177	87	87000.000
4178	114	114000.000
4179	98	98000.000
4180	101	101000.000
4181	117	117000.000
4182	97	97000.000
4183	120	120000.000
4184	101	101000.000
4185	102	102000.000
4186	102	102000.000
4187	117	117000.000
4188	99	99000.000
4189	85	85000.000
4190	106	106000.000
4191	108	108000.000
4192	92	92000.000
4193	97	97000.000
4194	104	104000.000
4195	93	93000.000
4196	113	113000.000
4197	101	101000.000
4198	97	97000.000
4199	113	113000.000
4200	104	104000.000
4201	107	107000.000
4202	111	111000.000
4203	96	96000.000
4204	105	105000.000
4205	99	99000.000
4206	92	92000.000
4207	129	129000.000
4208	101	101000.000
4209	113	113000.000
4210	80	80000.000
4211	101	101000.000
4212	104	104000.000
4213	92	92000.000
4214	113	113000.000
4215	111	111000.000
4216	111	111000.000
4217	118	118000.000
4218	122	122000.000
4219	107	107000.000
4220	83	83000.000
4221	88	88000.000
4222	81	81000.000
4223	104	104000.000
4224	114	114000.000
4225	95	95000.000
4226	110	110000.000
4227	103	103000.000
4228	91	91000.000
4229	95	95000.000
4230	111	111000.000
4231	118	118000.000
4232	96	96000.000
4233	110	110000.000
4234	94	94000.000
4235	118	118000.000
4236	107	107000.000
4237	95	95000.000
4238	100	100000.000
4239	113	113000.000
4240	108	108000.000
4241	94	94000.000
4242	98	98000.000
4243	87	87000.000
4244	96	96000.000
4245	115	115000.000
4246	88	88000.000
4247	119	119000.000
4248	115	115000.000
4249	113	113000.000
4250	102	102000.000
4251	90	90000.000
4252	95	95000.000
4253	110	110000.000
4254	97	97000.000
4255	98	98000.000
4256	90	90000.000
4257	111	111000.000
4258	104	104000.000
4259	108	108000.000
4260	104	104000.000
4261	96	96000.000
4262	98	98000.000
4263	110	110000.000
4264	90	90000.000
4265	109	109000.000
4266	116	116000.000
4267	89	89000.000
4268	108	108000.000
4269	96	96000.000
4270	120	120000.000
4271	105	105000.000
4272	93	93000.000
4273	99	99000.000
4274	105	105000.000
4275	122	122000.000
4276	101	101000.000
4277	123	123000.000
4278	99	99000.000
4279	94	94000.000
4280	118	118000.000
4281	85	85000.000
4282	100	100000.000
4283	125	125000.000
4284	111	111000.000
4285	115	115000.000
4286	108	108000.000
4287	94	94000.000
4288	82	82000.000
4289	100	100000.000
4290	112	112000.000
4291	111	111000.000
4292	108	108000.000
4293	100	100000.000
4294	106	106000.000
4295	103	103000.000
4296	112	112000.000
4297	99	99000.000
4298	103	103000.000
4299	103	103000.000
4300	90	90000.000
4301	117	117000.000
4302	94	94000.000
4303	89	89000.000
4304	79	79000.000
4305	101	101000.000
4306	94	94000.000
4307	95	95000.000
4308	84	84000.000
4309	120	120000.000
4310	118	118000.000
4311	101	101000.000
4312	82	82000.000
4313	94	94000.000
4314	103	103000.000
4315	82	82000.000
4316	98	98000.000
4317	101	101000.000
4318	100	100000.000
4319	123	123000.000
4320	107	107000.000
4321	113	113000.000
4322	100	100000.000
4323	97	97000.000
4324	78	78000.000
4325	90	90000.000
4326	107	107000.000
4327	94	94000.000
4328	103	103000.000
4329	99	99000.000
4330	107	107000.000
4331	95	95000.000
4332	117	117000.000
4333	103	103000.000
4334	118	118000.000
4335	103	103000.000
4336	92	92000.000
4337	87	87000.000
4338	111	111000.000
4339	103	103000.000
4340	112	112000.000
4341	105	105000.000
4342	101	101000.000
4343	90	90000.000
4344	108	108000.000
4345	116	116000.000
4346	90	90000.000
4347	79	79000.000
4348	117	117000.000
4349	97	97000.000
4350	106	106000.000
4351	108	108000.000
4352	112	112000.000
4353	117	117000.000
4354	101	101000.000
4355	96	96000.000
4356	119	119000.000
4357	121	121000.000
4358	116	116000.000
4359	97	97000.000
4360	94	94000.000
4361	105	105000.000
4362	87	87000.000
4363	107	107000.000
4364	104	104000.000
4365	102	102000.000
4366	94	94000.000
4367	91	91000.000
4368	118	118000.000
4369	99	99000.000
4370	98	98000.000
4371	105	105000.000
4372	94	94000.000
4373	117	117000.000
4374	90	90000.000
4375	101	101000.000
4376	103	103000.000
4377	108	108000.000
4378	97	97000.000
4379	104	104000.000
4380	134	134000.000
4381	126	126000.000
4382	89	89000.000
4383	126	126000.000
4384	97	97000.000
4385	97	97000.000
4386	82	82000.000
4387	120	120000.000
4388	102	102000.000
4389	107	107000.000
4390	104	104000.000
4391	114	114000.000
4392	90	90000.000
4393	105	105000.000
4394	103	103000.000
4395	114	114000.000
4396	110	110000.000
4397	88	88000.000
4398	104	104000.000
4399	107	107000.000
4400	111	111000.000
4401	94	94000.000
4402	100	100000.000
4403	112	112000.000
4404	98	98000.000
4405	110	110000.000
4406	97	97000.000
4407	117	117000.000
4408	99	99000.000
4409	107	107000.000
4410	106	106000.000
4411	109	109000.000
4412	102	102000.000
4413	97	97000.000
4414	107	107000.000
4415	101	101000.000
4416	105	105000.000
4417	113	113000.000
4418	93	93000.000
4419	97	97000.000
4420	102	102000.000
4421	88	88000.000
4422	91	91000.000
4423	86	86000.000
4424	98	98000.000
4425	107	107000.000
4426	116	116000.000
4427	114	114000.000
4428	103	103000.000
4429	107	107000.000
4430	104	104000.000
4431	107	107000.000
4432	99	99000.000
4433	101	101000.000
4434	112	112000.000
4435	83	83000.000
4436	93	93000.000
4437	89	89000.000
4438	118	118000.000
4439	115	115000.000
4440	93	93000.000
4441	97	97000.000
4442	89	89000.000
4443	100	100000.000
4444	97	97000.000
4445	86	86000.000
4446	95	95000.000
4447	102	102000.000
4448	99	99000.000
4449	108	108000.000
4450	109	109000.000
4451	94	94000.000
4452	103	103000.000
4453	109	109000.000
4454	116	116000.000
4455	101	101000.000
4456	106	106000.000
4457	115	115000.000
4458	101	101000.000
4459	96	96000.000
4460	93	93000.000
4461	114	114000.000
4462	95	95000.000
4463	107	107000.000
4464	82	82000.000
4465	105	105000.000
4466	114	114000.000
4467	90	90000.000
4468	113	113000.000
4469	103	103000.000
4470	100	100000.000
4471	92	92000.000
4472	107	107000.000
4473	108	108000.000
4474	97	97000.000
4475	98	98000.000
4476	102	102000.000
4477	107	107000.000
4478	99	99000.000
4479	100	100000.000
4480	102	102000.000
4481	108	108000.000
4482	91	91000.000
4483	109	109000.000
4484	114	114000.000
4485	121	121000.000
4486	109	109000.000
4487	89	89000.000
4488	120	120000.000
4489	102	102000.000
4490	107	107000.000
4491	79	79000.000
4492	105	105000.000
4493	101	101000.000
4494	103	103000.000
4495	110	110000.000
4496	95	95000.000
4497	97	97000.000
4498	90	90000.000
4499	103	103000.000
4500	96	96000.000
4501	97	97000.000
4502	98	98000.000
4503	97	97000.000
4504	115	115000.000
4505	95	95000.000
4506	92	92000.000
4507	102	102000.000
4508	116	116000.000
4509	70	70000.000
4510	90	90000.000
4511	101	101000.000
4512	101	101000.000
4513	92	92000.000
4514	101	101000.000
4515	96	96000.000
4516	104	104000.000
4517	106	106000.000
4518	97	97000.000
4519	110	110000.000
4520	111	111000.000
4521	110	110000.000
4522	96	96000.000
4523	85	85000.000
4524	106	106000.000
4525	99	99000.000
4526	113	113000.000
4527	106	106000.000
4528	91	91000.000
4529	86	86000.000
4530	97	97000.000
4531	110	110000.000
4532	92	92000.000
4533	107	107000.000
4534	101	101000.000
4535	95	95000.000
4536	109	109000.000
4537	89	89000.000
4538	104	104000.000
4539	110	110000.000
4540	105	105000.000
4541	116	116000.000
4542	101	101000.000
4543	116	116000.000
4544	97	97000.000
4545	101	101000.000
4546	102	102000.000
4547	106	106000.000
4548	96	96000.000
4549	95	95000.000
4550	109	109000.000
4551	114	114000.000
4552	95	95000.000
4553	115	115000.000
4554	98	98000.000
4555	110	110000.000
4556	104	104000.000
4557	106	106000.000
4558	99	99000.000
4559	102	102000.000
4560	87	87000.000
4561	103	103000.000
4562	110	110000.000
4563	112	112000.000
4564	116	116000.000
4565	115	115000.000
4566	102	102000.000
4567	113	113000.000
4568	102	102000.000
4569	104	104000.000
4570	108	108000.000
4571	102	102000.000
4572	107	107000.000
4573	94	94000.000
4574	107	107000.000
4575	91	91000.000
4576	104	104000.000
4577	114	114000.000
4578	104	104000.000
4579	78	78000.000
4580	90	90000.000
4581	92	92000.000
4582	109	109000.000
4583	96	96000.000
4584	99	99000.000
4585	111	111000.000
4586	107	107000.000
4587	108	108000.000
4588	108	108000.000
4589	110	110000.000
4590	89	89000.000
4591	93	93000.000
4592	90	90000.000
4593	107	107000.000
4594	92	92000.000
4595	117	117000.000
4596	101	101000.000
4597	100	100000.000
4598	95	95000.000
4599	85	85000.000
4600	117	117000.000
4601	125	125000.000
4602	92	92000.000
4603	104	104000.000
4604	83	83000.000
4605	92	92000.000
4606	102	102000.000
4607	111	111000.000
4608	123	123000.000
4609	104	104000.000
4610	117	117000.000
4611	101	101000.000
4612	101	101000.000
4613	85	85000.000
4614	110	110000.000
4615	120	120000.000
4616	92	92000.000
4617	113	113000.000
4618	104	104000.000
4619	103	103000.000
4620	112	112000.000
4621	111	111000.000
4622	124	124000.000
4623	111	111000.000
4624	100	100000.000
4625	103	103000.000
4626	124	124000.000
4627	111	111000.000
4628	94	94000.000
4629	94	94000.000
4630	98	98000.000
4631	93	93000.000
4632	111	111000.000
4633	104	104000.000
4634	126	126000.000
4635	96	96000.000
4636	90	90000.000
4637	99	99000.000
4638	111	111000.000
4639	94	94000.000
4640	99	99000.000
4641	95	95000.000
4642	126	126000.000
4643	101	101000.000
4644	106	106000.000
4645	112	112000.000
4646	99	99000.000
4647	119	119000.000
4648	74	74000.000
4649	94	94000.000
4650	97	97000.000
4651	124	124000.000
4652	108	108000.000
4653	114	114000.000
4654	112	112000.000
4655	102	102000.000
4656	109	109000.000
4657	86	86000.000
4658	99	99000.000
4659	91	91000.000
4660	113	113000.000
4661	108	108000.000
4662	103	103000.000
4663	117	117000.000
4664	126	126000.000
4665	84	84000.000
4666	113	113000.000
4667	88	88000.000
4668	93	93000.000
4669	100	100000.000
4670	123	123000.000
4671	91	91000.000
4672	114	114000.000
4673	116	116000.000
4674	100	100000.000
4675	108	108000.000
4676	96	96000.000
4677	95	95000.000
4678	97	97000.000
4679	99	99000.000
4680	111	111000.000
4681	97	97000.000
4682	90	90000.000
4683	103	103000.000
4684	92	92000.000
4685	96	96000.000
4686	96	96000.000
4687	108	108000.000
4688	89	89000.000
4689	103	103000.000
4690	99	99000.000
4691	114	114000.000
4692	116	116000.000
4693	112	112000.000
4694	111	111000.000
4695	109	109000.000
4696	100	100000.000
4697	96	96000.000
4698	91	91000.000
4699	97	97000.000
4700	106	106000.000
4701	102	102000.000
4702	118	118000.000
4703	114	114000.000
4704	120	120000.000
4705	103	103000.000
4706	109	109000.000
4707	107	107000.000
4708	94	94000.000
4709	103	103000.000
4710	112	112000.000
4711	109	109000.000
4712	118	118000.000
4713	105	105000.000
4714	121	121000.000
4715	114	114000.000
4716	103	103000.000
4717	109	109000.000
4718	108	108000.000
4719	112	112000.000
4720	88	88000.000
4721	94	94000.000
4722	101	101000.000
4723	107	107000.000
4724	99	99000.000
4725	101	101000.000
4726	90	90000.000
4727	103	103000.000
4728	82	82000.000
4729	85	85000.000
4730	97	97000.000
4731	109	109000.000
4732	96	96000.000
4733	92	92000.000
4734	105	105000.000
4735	115	115000.000
4736	109	109000.000
4737	104	104000.000
4738	120	120000.000
4739	109	109000.000
4740	95	95000.000
4741	98	98000.000
4742	106	106000.000
4743	108	108000.000
4744	98	98000.000
4745	118	118000.000
4746	96	96000.000
4747	107	107000.000
4748	107	107000.000
4749	94	94000.000
4750	113	113000.000
4751	119	119000.000
4752	106	106000.000
4753	113	113000.000
4754	112	112000.000
4755	103	103000.000
4756	97	97000.000
4757	103	103000.000
4758	109	109000.000
4759	102	102000.000
4760	108	108000.000
4761	94	94000.000
4762	103	103000.000
4763	111	111000.000
4764	106	106000.000
4765	104	104000.000
4766	108	108000.000
4767	101	101000.000
4768	105	105000.000
4769	91	91000.000
4770	108	108000.000
4771	76	76000.000
4772	105	105000.000
4773	110	110000.000
4774	112	112000.000
4775	98	98000.000
4776	119	119000.000
4777	104	104000.000
4778	100	100000.000
4779	127	127000.000
4780	88	88000.000
4781	108	108000.000
4782	100	100000.000
4783	94	94000.000
4784	108	108000.000
4785	97	97000.000
4786	106	106000.000
4787	103	103000.000
4788	106	106000.000
4789	104	104000.000
4790	93	93000.000
4791	100	100000.000
4792	92	92000.000
4793	101	101000.000
4794	115	115000.000
4795	97	97000.000
4796	109	109000.000
4797	107	107000.000
4798	91	91000.000
4799	111	111000.000
4800	109	109000.000
4801	102	102000.000
4802	95	95000.000
4803	97	97000.000
4804	111	111000.000
4805	119	119000.000
4806	108	108000.000
4807	90	90000.000
4808	90	90000.000
4809	85	85000.000
4810	91	91000.000
4811	102	102000.000
4812	98	98000.000
4813	109	109000.000
4814	97	97000.000
4815	109	109000.000
4816	97	97000.000
4817	103	103000.000
4818	93	93000.000
4819	98	98000.000
4820	102	102000.000
4821	90	90000.000
4822	94	94000.000
4823	113	113000.000
4824	98	98000.000
4825	87	87000.000
4826	115	115000.000
4827	118	118000.000
4828	118	118000.000
4829	94	94000.000
4830	114	114000.000
4831	77	77000.000
4832	106	106000.000
4833	117	117000.000
4834	108	108000.000
4835	88	88000.000
4836	105	105000.000
4837	122	122000.000
4838	112	112000.000
4839	109	109000.000
4840	93	93000.000
4841	102	102000.000
4842	111	111000.000
4843	94	94000.000
4844	98	98000.000
4845	106	106000.000
4846	108	108000.000
4847	111	111000.000
4848	96	96000.000
4849	123	123000.000
4850	136	136000.000
4851	92	92000.000
4852	99	99000.000
4853	94	94000.000
4854	112	112000.000
4855	89	89000.000
4856	99	99000.000
4857	101	101000.000
4858	96	96000.000
4859	103	103000.000
4860	113	113000.000
4861	94	94000.000
4862	91	91000.000
4863	90	90000.000
4864	109	109000.000
4865	109	109000.000
4866	93	93000.000
4867	109	109000.000
4868	106	106000.000
4869	86	86000.000
4870	87	87000.000
4871	105	105000.000
4872	101	101000.000
4873	100	100000.000
4874	87	87000.000
4875	103	103000.000
4876	106	106000.000
4877	117	117000.000
4878	101	101000.000
4879	121	121000.000
4880	112	112000.000
4881	104	104000.000
4882	112	112000.000
4883	99	99000.000
4884	98	98000.000
4885	94	94000.000
4886	89	89000.000
4887	102	102000.000
4888	93	93000.000
4889	115	115000.000
4890	91	91000.000
4891	96	96000.000
4892	94	94000.000
4893	109	109000.000
4894	101	101000.000
4895	106	106000.000
4896	100	100000.000
4897	109	109000.000
4898	92	92000.000
4899	105	105000.000
4900	109	109000.000
4901	104	104000.000
4902	100	100000.000
4903	99	99000.000
4904	105	105000.000
4905	97	97000.000
4906	106	106000.000
4907	113	113000.000
4908	105	105000.000
4909	98	98000.000
4910	90	90000.000
4911	87	87000.000
4912	105	105000.000
4913	107	107000.000
4914	109	109000.000
4915	106	106000.000
4916	84	84000.000
4917	115	115000.000
4918	102	102000.000
4919	98	98000.000
4920	117	117000.000
4921	123	123000.000
4922	107	107000.000
4923	100	100000.000
4924	122	122000.000
4925	79	79000.000
4926	99	99000.000
4927	105	105000.000
4928	83	83000.000
4929	100	100000.000
4930	99	99000.000
4931	115	115000.000
4932	114	114000.000
4933	116	116000.000
4934	116	116000.000
4935	120	120000.000
4936	93	93000.000
4937	100	100000.000
4938	116	116000.000
4939	117	117000.000
4940	93	93000.000
4941	106	106000.000
4942	105	105000.000
4943	113	113000.000
4944	99	99000.000
4945	99	99000.000
4946	90	90000.000
4947	123	123000.000
4948	97	97000.000
4949	85	85000.000
4950	103	103000.000
4951	109	109000.000
4952	84	84000.000
4953	128	128000.000
4954	100	100000.000
4955	94	94000.000
4956	91	91000.000
4957	131	131000.000
4958	111	111000.000
4959	107	107000.000
4960	99	99000.000
4961	79	79000.000
4962	108	108000.000
4963	80	80000.000
4964	96	96000.000
4965	101	101000.000
4966	101	101000.000
4967	91	91000.000
4968	93	93000.000
4969	115	115000.000
4970	99	99000.000
4971	110	110000.000
4972	115	115000.000
4973	104	104000.000
4974	93	93000.000
4975	92	92000.000
4976	98	98000.000
4977	102	102000.000
4978	109	109000.000
4979	82	82000.000
4980	90	90000.000
4981	110	110000.000
4982	109	109000.000
4983	102	102000.000
4984	91	91000.000
4985	115	115000.000
4986	109	109000.000
4987	105	105000.000
4988	94	94000.000
4989	125	125000.000
4990	104	104000.000
4991	77	77000.000
4992	99	99000.000
4993	103	103000.000
4994	106	106000.000
4995	98	98000.000
4996	102	102000.000
4997	97	97000.000
4998	87	87000.000
4999	117	117000.000
5000	82	82000.000
5001	99	99000.000
5002	92	92000.000
5003	93	93000.000
5004	95	95000.000
5005	111	111000.000
5006	111	111000.000
5007	108	108000.000
5008	119	119000.000
5009	89	89000.000
5010	115	115000.000
5011	112	112000.000
5012	100	100000.000
5013	101	101000.000
5014	103	103000.000
5015	102	102000.000
5016	107	107000.000
5017	109	109000.000
5018	100	100000.000
5019	102	102000.000
5020	105	105000.000
5021	100	100000.000
5022	112	112000.000
5023	87	87000.000
5024	94	94000.000
5025	84	84000.000
5026	100	100000.000
5027	110	110000.000
5028	119	119000.000
5029	130	130000.000
5030	111	111000.000
5031	92	92000.000
5032	89	89000.000
5033	111	111000.000
5034	98	98000.000
5035	95	95000.000
5036	105	105000.000
5037	113	113000.000
5038	95	95000.000
5039	102	102000.000
5040	100	100000.000
5041	91	91000.000
5042	101	101000.000
5043	124	124000.000
5044	106	106000.000
5045	94	94000.000
5046	109	109000.000
5047	110	110000.000
5048	104	104000.000
5049	108	108000.000
5050	93	93000.000
5051	117	117000.000
5052	102	102000.000
5053	119	119000.000
5054	95	95000.000
5055	99	99000.000
5056	92	92000.000
5057	103	103000.000
5058	91	91000.000
5059	100	100000.000
5060	104	104000.000
5061	99	99000.000
5062	96	96000.000
5063	102	102000.000
5064	114	114000.000
5065	109	109000.000
5066	108	108000.000
5067	99	99000.000
5068	94	94000.000
5069	115	115000.000
5070	127	127000.000
5071	112	112000.000
5072	102	102000.000
5073	94	94000.000
5074	120	120000.000
5075	101	101000.000
5076	105	105000.000
5077	97	97000.000
5078	93	93000.000
5079	96	96000.000
5080	88	88000.000
5081	104	104000.000
5082	108	108000.000
5083	109	109000.000
5084	103	103000.000
5085	87	87000.000
5086	109	109000.000
5087	88	88000.000
5088	107	107000.000
5089	95	95000.000
5090	112	112000.000
5091	87	87000.000
5092	99	99000.000
5093	104	104000.000
5094	112	112000.000
5095	115	115000.000
5096	116	116000.000
5097	92	92000.000
5098	112	112000.000
5099	119	119000.000
5100	99	99000.000
5101	106	106000.000
5102	105	105000.000
5103	87	87000.000
5104	93	93000.000
5105	101	101000.000
5106	107	107000.000
5107	93	93000.000
5108	108	108000.000
5109	103	103000.000
5110	100	100000.000
5111	102	102000.000
5112	104	104000.000
5113	86	86000.000
5114	97	97000.000
5115	115	115000.000
5116	124	124000.000
5117	99	99000.000
5118	120	120000.000
5119	92	92000.000
5120	103	103000.000
5121	95	95000.000
5122	89	89000.000
5123	99	99000.000
5124	98	98000.000
5125	109	109000.000
5126	106	106000.000
5127	99	99000.000
5128	106	106000.000
5129	106	106000.000
5130	114	114000.000
5131	95	95000.000
5132	98	98000.000
5133	88	88000.000
5134	124	124000.000
5135	122	122000.000
5136	91	91000.000
5137	110	110000.000
5138	97	97000.000
5139	95	95000.000
5140	82	82000.000
5141	100	100000.000
5142	106	106000.000
5143	105	105000.000
5144	109	109000.000
5145	112	112000.000
5146	110	110000.000
5147	88	88000.000
5148	106	106000.000
5149	102	102000.000
5150	108	108000.000
5151	102	102000.000
5152	102	102000.000
5153	109	109000.000
5154	105	105000.000
5155	95	95000.000
5156	121	121000.000
5157	93	93000.000
5158	92	92000.000
5159	81	81000.000
5160	99	99000.000
5161	120	120000.000
5162	124	124000.000
5163	109	109000.000
5164	85	85000.000
5165	91	91000.000
5166	77	77000.000
5167	95	95000.000
5168	114	114000.000
5169	88	88000.000
5170	99	99000.000
5171	103	103000.000
5172	96	96000.000
5173	102	102000.000
5174	82	82000.000
5175	107	107000.000
5176	105	105000.000
5177	117	117000.000
5178	104	104000.000
5179	104	104000.000
5180	113	113000.000
5181	94	94000.000
5182	102	102000.000
5183	117	117000.000
5184	101	101000.000
5185	102	102000.000
5186	88	88000.000
5187	110	110000.000
5188	97	97000.000
5189	96	96000.000
5190	106	106000.000
5191	128	128000.000
5192	98	98000.000
5193	101	101000.000
5194	110	110000.000
5195	111	111000.000
5196	106	106000.000
5197	89	89000.000
5198	85	85000.000
5199	95	95000.000
5200	105	105000.000
5201	103	103000.000
5202	98	98000.000
5203	96	96000.000
5204	103	103000.000
5205	108	108000.000
5206	103	103000.000
5207	93	93000.000
5208	99	99000.000
5209	104	104000.000
5210	102	102000.000
5211	109	109000.000
5212	91	91000.000
5213	98	98000.000
5214	102	102000.000
5215	111	111000.000
5216	116	116000.000
5217	97	97000.000
5218	95	95000.000
5219	101	101000.000
5220	97	97000.000
5221	92	92000.000
5222	103	103000.000
5223	100	100000.000
5224	113	113000.000
5225	99	99000.000
5226	94	94000.000
5227	110	110000.000
5228	114	114000.000
5229	84	84000.000
5230	89	89000.000
5231	102	102000.000
5232	111	111000.000
5233	98	98000.000
5234	99	99000.000
5235	104	104000.000
5236	125	125000.000
5237	103	103000.000
5238	106	106000.000
5239	83	83000.000
5240	107	107000.000
5241	111	111000.000
5242	106	106000.000
5243	105	105000.000
5244	115	115000.000
5245	109	109000.000
5246	89	89000.000
5247	107	107000.000
5248	97	97000.000
5249	109	109000.000
5250	97	97000.000
5251	95	95000.000
5252	93	93000.000
5253	94	94000.000
5254	125	125000.000
5255	109	109000.000
5256	106	106000.000
5257	129	129000.000
5258	115	115000.000
5259	92	92000.000
5260	120	120000.000
5261	111	111000.000
5262	105	105000.000
5263	91	91000.000
5264	87	87000.000
5265	92	92000.000
5266	108	108000.000
5267	105	105000.000
5268	114	114000.000
5269	97	97000.000
5270	114	114000.000
5271	77	77000.000
5272	83	83000.000
5273	89	89000.000
5274	99	99000.000
5275	97	97000.000
5276	100	100000.000
5277	106	106000.000
5278	89	89000.000
5279	87	87000.000
5280	104	104000.000
5281	98	98000.000
5282	89	89000.000
5283	128	128000.000
5284	111	111000.000
5285	98	98000.000
5286	96	96000.000
5287	101	101000.000
5288	98	98000.000
5289	101	101000.000
5290	113	113000.000
5291	123	123000.000
5292	110	110000.000
5293	107	107000.000
5294	115	115000.000
5295	102	102000.000
5296	98	98000.000
5297	104	104000.000
5298	114	114000.000
5299	107	107000.000
5300	86	86000.000
5301	92	92000.000
5302	95	95000.000
5303	107	107000.000
5304	83	83000.000
5305	106	106000.000
5306	99	99000.000
5307	100	100000.000
5308	111	111000.000
5309	94	94000.000
5310	105	105000.000
5311	102	102000.000
5312	107	107000.000
5313	102	102000.000
5314	98	98000.000
5315	108	108000.000
5316	97	97000.000
5317	105	105000.000
5318	109	109000.000
5319	109	109000.000
5320	114	114000.000
5321	95	95000.000
5322	114	114000.000
5323	99	99000.000
5324	91	91000.000
5325	101	101000.000
5326	104	104000.000
5327	94	94000.000
5328	99	99000.000
5329	96	96000.000
5330	106	106000.000
5331	102	102000.000
5332	103	103000.000
5333	96	96000.000
5334	95	95000.000
5335	103	103000.000
5336	115	115000.000
5337	94	94000.000
5338	108	108000.000
5339	99	99000.000
5340	110	110000.000
5341	114	114000.000
5342	92	92000.000
5343	112	112000.000
5344	111	111000.000
5345	110	110000.000
5346	83	83000.000
5347	89	89000.000
5348	91	91000.000
5349	113	113000.000
5350	110	110000.000
5351	90	90000.000
5352	101	101000.000
5353	106	106000.000
5354	88	88000.000
5355	90	90000.000
5356	104	104000.000
5357	106	106000.000
5358	116	116000.000
5359	95	95000.000
5360	92	92000.000
5361	96	96000.000
5362	103	103000.000
5363	104	104000.000
5364	89	89000.000
5365	124	124000.000
5366	107	107000.000
5367	96	96000.000
5368	115	115000.000
5369	97	97000.000
5370	97	97000.000
5371	111	111000.000
5372	99	99000.000
5373	129	129000.000
5374	120	120000.000
5375	93	93000.000
5376	83	83000.000
5377	103	103000.000
5378	102	102000.000
5379	97	97000.000
5380	119	119000.000
5381	107	107000.000
5382	98	98000.000
5383	90	90000.000
5384	96	96000.000
5385	115	115000.000
5386	97	97000.000
5387	95	95000.000
5388	92	92000.000
5389	101	101000.000
5390	80	80000.000
5391	102	102000.000
5392	110	110000.000
5393	103	103000.000
5394	112	112000.000
5395	95	95000.000
5396	99	99000.000
5397	92	92000.000
5398	95	95000.000
5399	106	106000.000
5400	120	120000.000
5401	123	123000.000
5402	97	97000.000
5403	108	108000.000
5404	101	101000.000
5405	94	94000.000
5406	118	118000.000
5407	101	101000.000
5408	139	139000.000
5409	110	110000.000
5410	89	89000.000
5411	102	102000.000
5412	122	122000.000
5413	102	102000.000
5414	117	117000.000
5415	100	100000.000
5416	83	83000.000
5417	104	104000.000
5418	112	112000.000
5419	105	105000.000
5420	94	94000.000
5421	112	112000.000
5422	103	103000.000
5423	113	113000.000
5424	97	97000.000
5425	116	116000.000
5426	132	132000.000
5427	100	100000.000
5428	98	98000.000
5429	114	114000.000
5430	94	94000.000
5431	98	98000.000
5432	96	96000.000
5433	98	98000.000
5434	94	94000.000
5435	117	117000.000
5436	99	99000.000
5437	96	96000.000
5438	93	93000.000
5439	106	106000.000
5440	103	103000.000
5441	108	108000.000
5442	91	91000.000
5443	95	95000.000
5444	126	126000.000
5445	102	102000.000
5446	110	110000.000
5447	100	100000.000
5448	83	83000.000
5449	107	107000.000
5450	105	105000.000
5451	115	115000.000
5452	100	100000.000
5453	122	122000.000
5454	99	99000.000
5455	107	107000.000
5456	106	106000.000
5457	107	107000.000
5458	97	97000.000
5459	87	87000.000
5460	108	108000.000
5461	116	116000.000
5462	119	119000.000
5463	108	108000.000
5464	105	105000.000
5465	95	95000.000
5466	100	100000.000
5467	100	100000.000
5468	117	117000.000
5469	100	100000.000
5470	104	104000.000
5471	116	116000.000
5472	107	107000.000
5473	98	98000.000
5474	109	109000.000
5475	107	107000.000
5476	114	114000.000
5477	113	113000.000
5478	110	110000.000
5479	122	122000.000
5480	123	123000.000
5481	101	101000.000
5482	100	100000.000
5483	86	86000.000
5484	120	120000.000
5485	108	108000.000
5486	92	92000.000
5487	120	120000.000
5488	113	113000.000
5489	106	106000.000
5490	96	96000.000
5491	114	114000.000
5492	121	121000.000
5493	99	99000.000
5494	115	115000.000
5495	106	106000.000
5496	97	97000.000
5497	90	90000.000
5498	102	102000.000
5499	111	111000.000
5500	94	94000.000
5501	104	104000.000
5502	115	115000.000
5503	98	98000.000
5504	110	110000.000
5505	99	99000.000
5506	110	110000.000
5507	83	83000.000
5508	97	97000.000
5509	95	95000.000
5510	115	115000.000
5511	106	106000.000
5512	95	95000.000
5513	87	87000.000
5514	106	106000.000
5515	95	95000.000
5516	116	116000.000
5517	102	102000.000
5518	105	105000.000
5519	98	98000.000
5520	86	86000.000
5521	93	93000.000
5522	80	80000.000
5523	96	96000.000
5524	109	109000.000
5525	102	102000.000
5526	89	89000.000
5527	97	97000.000
5528	103	103000.000
5529	97	97000.000
5530	100	100000.000
5531	116	116000.000
5532	105	105000.000
5533	98	98000.000
5534	101	101000.000
5535	110	110000.000
5536	95	95000.000
5537	104	104000.000
5538	108	108000.000
5539	110	110000.000
5540	99	99000.000
5541	102	102000.000
5542	108	108000.000
5543	91	91000.000
5544	92	92000.000
5545	92	92000.000
5546	109	109000.000
5547	111	111000.000
5548	92	92000.000
5549	103	103000.000
5550	96	96000.000
5551	101	101000.000
5552	117	117000.000
5553	103	103000.000
5554	101	101000.000
5555	104	104000.000
5556	106	106000.000
5557	109	109000.000
5558	107	107000.000
5559	106	106000.000
5560	98	98000.000
5561	101	101000.000
5562	83	83000.000
5563	94	94000.000
5564	88	88000.000
5565	94	94000.000
5566	113	113000.000
5567	124	124000.000
5568	100	100000.000
5569	95	95000.000
5570	103	103000.000
5571	103	103000.000
5572	103	103000.000
5573	96	96000.000
5574	110	110000.000
5575	114	114000.000
5576	84	84000.000
5577	86	86000.000
5578	122	122000.000
5579	96	96000.000
5580	80	80000.000
5581	91	91000.000
5582	118	118000.000
5583	98	98000.000
5584	103	103000.000
5585	103	103000.000
5586	88	88000.000
5587	108	108000.000
5588	126	126000.000
5589	118	118000.000
5590	100	100000.000
5591	102	102000.000
5592	111	111000.000
5593	108	108000.000
5594	100	100000.000
5595	79	79000.000
5596	93	93000.000
5597	124	124000.000
5598	92	92000.000
5599	96	96000.000
5600	123	123000.000
5601	103	103000.000
5602	119	119000.000
5603	97	97000.000
5604	90	90000.000
5605	103	103000.000
5606	108	108000.000
5607	119	119000.000
5608	92	92000.000
5609	102	102000.000
5610	109	109000.000
5611	98	98000.000
5612	102	102000.000
5613	96	96000.000
5614	101	101000.000
5615	97	97000.000
5616	109	109000.000
5617	89	89000.000
5618	101	101000.000
5619	109	109000.000
5620	111	111000.000
5621	115	115000.000
5622	85	85000.000
5623	109	109000.000
5624	99	99000.000
5625	108	108000.000
5626	89	89000.000
5627	112	112000.000
5628	116	116000.000
5629	112	112000.000
5630	119	119000.000
5631	117	117000.000
5632	95	95000.000
5633	100	100000.000
5634	105	105000.000
5635	97	97000.000
5636	103	103000.000
5637	93	93000.000
5638	102	102000.000
5639	109	109000.000
5640	99	99000.000
5641	117	117000.000
5642	108	108000.000
5643	95	95000.000
5644	105	105000.000
5645	106	106000.000
5646	92	92000.000
5647	102	102000.000
5648	105	105000.000
5649	101	101000.000
5650	100	100000.000
5651	115	115000.000
5652	112	112000.000
5653	92	92000.000
5654	101	101000.000
5655	88	88000.000
5656	86	86000.000
5657	99	99000.000
5658	108	108000.000
5659	120	120000.000
5660	81	81000.000
5661	120	120000.000
5662	105	105000.000
5663	104	104000.000
5664	100	100000.000
5665	99	99000.000
5666	109	109000.000
5667	115	115000.000
5668	98	98000.000
5669	94	94000.000
5670	94	94000.000
5671	116	116000.000
5672	97	97000.000
5673	87	87000.000
5674	103	103000.000
5675	103	103000.000
5676	95	95000.000
5677	127	127000.000
5678	101	101000.000
5679	99	99000.000
5680	101	101000.000
5681	110	110000.000
5682	109	109000.000
5683	94	94000.000
5684	90	90000.000
5685	83	83000.000
5686	106	106000.000
5687	93	93000.000
5688	109	109000.000
5689	96	96000.000
5690	100	100000.000
5691	97	97000.000
5692	102	102000.000
5693	103	103000.000
5694	131	131000.000
5695	136	136000.000
5696	91	91000.000
5697	105	105000.000
5698	104	104000.000
5699	93	93000.000
5700	102	102000.000
5701	104	104000.000
5702	95	95000.000
5703	114	114000.000
5704	101	101000.000
5705	101	101000.000
5706	106	106000.000
5707	66	66000.000
5708	95	95000.000
5709	105	105000.000
5710	106	106000.000
5711	88	88000.000
5712	98	98000.000
5713	101	101000.000
5714	98	98000.000
5715	100	100000.000
5716	105	105000.000
5717	130	130000.000
5718	104	104000.000
5719	97	97000.000
5720	92	92000.000
5721	102	102000.000
5722	109	109000.000
5723	111	111000.000
5724	95	95000.000
5725	98	98000.000
5726	120	120000.000
5727	115	115000.000
5728	114	114000.000
5729	90	90000.000
5730	120	120000.000
5731	93	93000.000
5732	86	86000.000
5733	120	120000.000
5734	110	110000.000
5735	86	86000.000
5736	113	113000.000
5737	92	92000.000
5738	105	105000.000
5739	87	87000.000
5740	111	111000.000
5741	82	82000.000
5742	108	108000.000
5743	92	92000.000
5744	78	78000.000
5745	103	103000.000
5746	89	89000.000
5747	109	109000.000
5748	105	105000.000
5749	91	91000.000
5750	94	94000.000
5751	109	109000.000
5752	100	100000.000
5753	104	104000.000
5754	119	119000.000
5755	102	102000.000
5756	108	108000.000
5757	87	87000.000
5758	94	94000.000
5759	108	108000.000
5760	111	111000.000
5761	94	94000.000
5762	94	94000.000
5763	102	102000.000
5764	101	101000.000
5765	104	104000.000
5766	125	125000.000
5767	105	105000.000
5768	107	107000.000
5769	113	113000.000
5770	88	88000.000
5771	97	97000.000
5772	108	108000.000
5773	103	103000.000
5774	108	108000.000
5775	119	119000.000
5776	105	105000.000
5777	102	102000.000
5778	113	113000.000
5779	110	110000.000
5780	123	123000.000
5781	90	90000.000
5782	116	116000.000
5783	108	108000.000
5784	110	110000.000
5785	102	102000.000
5786	92	92000.000
5787	108	108000.000
5788	101	101000.000
5789	103	103000.000
5790	109	109000.000
5791	92	92000.000
5792	121	121000.000
5793	110	110000.000
5794	107	107000.000
5795	113	113000.000
5796	116	116000.000
5797	94	94000.000
5798	103	103000.000
5799	96	96000.000
5800	104	104000.000
5801	106	106000.000
5802	89	89000.000
5803	115	115000.000
5804	104	104000.000
5805	100	100000.000
5806	94	94000.000
5807	102	102000.000
5808	114	114000.000
5809	93	93000.000
5810	97	97000.000
5811	87	87000.000
5812	105	105000.000
5813	108	108000.000
5814	92	92000.000
5815	106	106000.000
5816	88	88000.000
5817	110	110000.000
5818	97	97000.000
5819	120	120000.000
5820	86	86000.000
5821	117	117000.000
5822	126	126000.000
5823	91	91000.000
5824	129	129000.000
5825	104	104000.000
5826	100	100000.000
5827	81	81000.000
5828	91	91000.000
5829	99	99000.000
5830	115	115000.000
5831	105	105000.000
5832	95	95000.000
5833	105	105000.000
5834	95	95000.000
5835	118	118000.000
5836	85	85000.000
5837	84	84000.000
5838	106	106000.000
5839	97	97000.000
5840	102	102000.000
5841	106	106000.000
5842	101	101000.000
5843	107	107000.000
5844	96	96000.000
5845	95	95000.000
5846	112	112000.000
5847	98	98000.000
5848	99	99000.000
5849	112	112000.000
5850	106	106000.000
5851	90	90000.000
5852	117	117000.000
5853	106	106000.000
5854	105	105000.000
5855	102	102000.000
5856	98	98000.000
5857	107	107000.000
5858	105	105000.000
5859	113	113000.000
5860	129	129000.000
5861	98	98000.000
5862	97	97000.000
5863	120	120000.000
5864	104	104000.000
5865	103	103000.000
5866	112	112000.000
5867	112	112000.000
5868	141	141000.000
5869	96	96000.000
5870	118	118000.000
5871	107	107000.000
5872	101	101000.000
5873	97	97000.000
5874	114	114000.000
5875	95	95000.000
5876	89	89000.000
5877	102	102000.000
5878	104	104000.000
5879	93	93000.000
5880	100	100000.000
5881	110	110000.000
5882	85	85000.000
5883	84	84000.000
5884	108	108000.000
5885	99	99000.000
5886	113	113000.000
5887	100	100000.000
5888	104	104000.000
5889	107	107000.000
5890	91	91000.000
5891	100	100000.000
5892	98	98000.000
5893	97	97000.000
5894	117	117000.000
5895	107	107000.000
5896	81	81000.000
5897	113	113000.000
5898	117	117000.000
5899	82	82000.000
5900	117	117000.000
5901	119	119000.000
5902	120	120000.000
5903	107	107000.000
5904	100	100000.000
5905	103	103000.000
5906	97	97000.000
5907	117	117000.000
5908	87	87000.000
5909	98	98000.000
5910	84	84000.000
5911	105	105000.000
5912	91	91000.000
5913	107	107000.000
5914	110	110000.000
5915	98	98000.000
5916	90	90000.000
5917	105	105000.000
5918	129	129000.000
5919	85	85000.000
5920	110	110000.000
5921	106	106000.000
5922	86	86000.000
5923	125	125000.000
5924	106	106000.000
5925	111	111000.000
5926	112	112000.000
5927	115	115000.000
5928	92	92000.000
5929	91	91000.000
5930	106	106000.000
5931	123	123000.000
5932	94	94000.000
5933	107	107000.000
5934	109	109000.000
5935	114	114000.000
5936	102	102000.000
5937	96	96000.000
5938	106	106000.000
5939	110	110000.000
5940	97	97000.000
5941	100	100000.000
5942	104	104000.000
5943	104	104000.000
5944	122	122000.000
5945	111	111000.000
5946	112	112000.000
5947	102	102000.000
5948	90	90000.000
5949	99	99000.000
5950	100	100000.000
5951	91	91000.000
5952	91	91000.000
5953	84	84000.000
5954	100	100000.000
5955	98	98000.000
5956	93	93000.000
5957	87	87000.000
5958	102	102000.000
5959	89	89000.000
5960	87	87000.000
5961	103	103000.000
5962	113	113000.000
5963	107	107000.000
5964	114	114000.000
5965	108	108000.000
5966	127	127000.000
5967	116	116000.000
5968	126	126000.000
5969	124	124000.000
5970	89	89000.000
5971	96	96000.000
5972	101	101000.000
5973	103	103000.000
5974	123	123000.000
5975	92	92000.000
5976	96	96000.000
5977	88	88000.000
5978	87	87000.000
5979	102	102000.000
5980	99	99000.000
5981	97	97000.000
5982	90	90000.000
5983	99	99000.000
5984	114	114000.000
5985	100	100000.000
5986	119	119000.000
5987	82	82000.000
5988	103	103000.000
5989	95	95000.000
5990	94	94000.000
5991	104	104000.000
5992	87	87000.000
5993	105	105000.000
5994	108	108000.000
5995	105	105000.000
5996	89	89000.000
5997	92	92000.000
5998	93	93000.000
5999	99	99000.000
6000	100	100000.000
6001	95	95000.000
6002	113	113000.000
6003	106	106000.000
6004	117	117000.000
6005	110	110000.000
6006	101	101000.000
6007	95	95000.000
6008	102	102000.000
6009	106	106000.000
6010	107	107000.000
6011	122	122000.000
6012	118	118000.000
6013	100	100000.000
6014	95	95000.000
6015	92	92000.000
6016	103	103000.000
6017	102	102000.000
6018	81	81000.000
6019	105	105000.000
6020	97	97000.000
6021	93	93000.000
6022	93	93000.000
6023	114	114000.000
6024	88	88000.000
6025	92	92000.000
6026	91	91000.000
6027	92	92000.000
6028	121	121000.000
6029	100	100000.000
6030	108	108000.000
6031	97	97000.000
6032	99	99000.000
6033	89	89000.000
6034	117	117000.000
6035	107	107000.000
6036	96	96000.000
6037	100	100000.000
6038	102	102000.000
6039	100	100000.000
6040	89	89000.000
6041	120	120000.000
6042	113	113000.000
6043	106	106000.000
6044	102	102000.000
6045	100	100000.000
6046	100	100000.000
6047	104	104000.000
6048	90	90000.000
6049	93	93000.000
6050	109	109000.000
6051	119	119000.000
6052	103	103000.000
6053	93	93000.000
6054	109	109000.000
6055	90	90000.000
6056	122	122000.000
6057	114	114000.000
6058	125	125000.000
6059	107	107000.000
6060	110	110000.000
6061	92	92000.000
6062	112	112000.000
6063	99	99000.000
6064	96	96000.000
6065	113	113000.000
6066	91	91000.000
6067	109	109000.000
6068	122	122000.000
6069	104	104000.000
6070	113	113000.000
6071	108	108000.000
6072	98	98000.000
6073	124	124000.000
6074	95	95000.000
6075	122	122000.000
6076	97	97000.000
6077	127	127000.000
6078	91	91000.000
6079	105	105000.000
6080	100	100000.000
6081	103	103000.000
6082	102	102000.000
6083	110	110000.000
6084	110	110000.000
6085	101	101000.000
6086	109	109000.000
6087	107	107000.000
6088	102	102000.000
6089	104	104000.000
6090	105	105000.000
6091	96	96000.000
6092	97	97000.000
6093	106	106000.000
6094	107	107000.000
6095	102	102000.000
6096	133	133000.000
6097	90	90000.000
6098	108	108000.000
6099	113	113000.000
6100	103	103000.000
6101	92	92000.000
6102	94	94000.000
6103	112	112000.000
6104	104	104000.000
6105	104	104000.000
6106	105	105000.000
6107	99	99000.000
6108	115	115000.000
6109	88	88000.000
6110	107	107000.000
6111	101	101000.000
6112	110	110000.000
6113	91	91000.000
6114	101	101000.000
6115	93	93000.000
6116	95	95000.000
6117	102	102000.000
6118	93	93000.000
6119	97	97000.000
6120	98	98000.000
6121	82	82000.000
6122	118	118000.000
6123	107	107000.000
6124	93	93000.000
6125	112	112000.000
6126	96	96000.000
6127	113	113000.000
6128	106	106000.000
6129	102	102000.000
6130	131	131000.000
6131	113	113000.000
6132	103	103000.000
6133	96	96000.000
6134	97	97000.000
6135	103	103000.000
6136	91	91000.000
6137	100	100000.000
6138	115	115000.000
6139	108	108000.000
6140	100	100000.000
6141	124	124000.000
6142	98	98000.000
6143	86	86000.000
6144	93	93000.000
6145	108	108000.000
6146	105	105000.000
6147	96	96000.000
6148	101	101000.000
6149	99	99000.000
6150	84	84000.000
6151	105	105000.000
6152	105	105000.000
6153	98	98000.000
6154	100	100000.000
6155	105	105000.000
6156	116	116000.000
6157	89	89000.000
6158	102	102000.000
6159	105	105000.000
6160	116	116000.000
6161	89	89000.000
6162	115	115000.000
6163	95	95000.000
6164	117	117000.000
6165	118	118000.000
6166	104	104000.000
6167	113	113000.000
6168	115	115000.000
6169	97	97000.000
6170	108	108000.000
6171	118	118000.000
6172	106	106000.000
6173	101	101000.000
6174	91	91000.000
6175	105	105000.000
6176	115	115000.000
6177	90	90000.000
6178	107	107000.000
6179	97	97000.000
6180	116	116000.000
6181	103	103000.000
6182	109	109000.000
6183	97	97000.000
6184	97	97000.000
6185	102	102000.000
6186	103	103000.000
6187	108	108000.000
6188	105	105000.000
6189	125	125000.000
6190	94	94000.000
6191	99	99000.000
6192	85	85000.000
6193	103	103000.000
6194	118	118000.000
6195	115	115000.000
6196	107	107000.000
6197	103	103000.000
6198	96	96000.000
6199	108	108000.000
6200	100	100000.000
6201	84	84000.000
6202	98	98000.000
6203	113	113000.000
6204	125	125000.000
6205	105	105000.000
6206	125	125000.000
6207	111	111000.000
6208	91	91000.000
6209	93	93000.000
6210	80	80000.000
6211	95	95000.000
6212	101	101000.000
6213	100	100000.000
6214	107	107000.000
6215	93	93000.000
6216	94	94000.000
6217	102	102000.000
6218	90	90000.000
6219	116	116000.000
6220	120	120000.000
6221	105	105000.000
6222	97	97000.000
6223	103	103000.000
6224	106	106000.000
6225	102	102000.000
6226	104	104000.000
6227	95	95000.000
6228	112	112000.000
6229	90	90000.000
6230	92	92000.000
6231	82	82000.000
6232	115	115000.000
6233	105	105000.000
6234	114	114000.000
6235	103	103000.000
6236	88	88000.000
6237	97	97000.000
6238	96	96000.000
6239	99	99000.000
6240	81	81000.000
6241	106	106000.000
6242	109	109000.000
6243	103	103000.000
6244	117	117000.000
6245	122	122000.000
6246	102	102000.000
6247	97	97000.000
6248	108	108000.000
6249	100	100000.000
6250	102	102000.000
6251	100	100000.000
6252	96	96000.000
6253	99	99000.000
6254	99	99000.000
6255	121	121000.000
6256	98	98000.000
6257	99	99000.000
6258	98	98000.000
6259	97	97000.000
6260	121	121000.000
6261	119	119000.000
6262	102	102000.000
6263	80	80000.000
6264	98	98000.000
6265	106	106000.000
6266	114	114000.000
6267	105	105000.000
6268	126	126000.000
6269	120	120000.000
6270	114	114000.000
6271	98	98000.000
6272	109	109000.000
6273	99	99000.000
6274	102	102000.000
6275	118	118000.000
6276	84	84000.000
6277	101	101000.000
6278	112	112000.000
6279	99	99000.000
6280	106	106000.000
6281	117	117000.000
6282	109	109000.000
6283	96	96000.000
6284	116	116000.000
6285	97	97000.000
6286	100	100000.000
6287	105	105000.000
6288	114	114000.000
6289	88	88000.000
6290	100	100000.000
6291	121	121000.000
6292	91	91000.000
6293	91	91000.000
6294	106	106000.000
6295	124	124000.000
6296	91	91000.000
6297	118	118000.000
6298	91	91000.000
6299	100	100000.000
6300	114	114000.000
6301	109	109000.000
6302	86	86000.000
6303	102	102000.000
6304	101	101000.000
6305	113	113000.000
6306	96	96000.000
6307	124	124000.000
6308	122	122000.000
6309	108	108000.000
6310	109	109000.000
6311	106	106000.000
6312	109	109000.000
6313	110	110000.000
6314	85	85000.000
6315	91	91000.000
6316	94	94000.000
6317	115	115000.000
6318	97	97000.000
6319	105	105000.000
6320	110	110000.000
6321	99	99000.000
6322	106	106000.000
6323	99	99000.000
6324	102	102000.000
6325	95	95000.000
6326	94	94000.000
6327	106	106000.000
6328	79	79000.000
6329	102	102000.000
6330	93	93000.000
6331	111	111000.000
6332	98	98000.000
6333	118	118000.000
6334	117	117000.000
6335	103	103000.000
6336	112	112000.000
6337	101	101000.000
6338	96	96000.000
6339	104	104000.000
6340	92	92000.000
6341	103	103000.000
6342	98	98000.000
6343	90	90000.000
6344	98	98000.000
6345	118	118000.000
6346	97	97000.000
6347	94	94000.000
6348	88	88000.000
6349	98	98000.000
6350	105	105000.000
6351	103	103000.000
6352	131	131000.000
6353	107	107000.000
6354	86	86000.000
6355	123	123000.000
6356	105	105000.000
6357	117	117000.000
6358	94	94000.000
6359	107	107000.000
6360	98	98000.000
6361	126	126000.000
6362	118	118000.000
6363	115	115000.000
6364	89	89000.000
6365	107	107000.000
6366	79	79000.000
6367	101	101000.000
6368	112	112000.000
6369	78	78000.000
6370	95	95000.000
6371	100	100000.000
6372	114	114000.000
6373	107	107000.000
6374	111	111000.000
6375	98	98000.000
6376	107	107000.000
6377	99	99000.000
6378	114	114000.000
6379	99	99000.000
6380	106	106000.000
6381	97	97000.000
6382	96	96000.000
6383	97	97000.000
6384	113	113000.000
6385	103	103000.000
6386	104	104000.000
6387	117	117000.000
6388	89	89000.000
6389	130	130000.000
6390	106	106000.000
6391	94	94000.000
6392	126	126000.000
6393	87	87000.000
6394	102	102000.000
6395	120	120000.000
6396	110	110000.000
6397	99	99000.000
6398	92	92000.000
6399	105	105000.000
6400	81	81000.000
6401	102	102000.000
6402	99	99000.000
6403	108	108000.000
6404	96	96000.000
6405	110	110000.000
6406	111	111000.000
6407	93	93000.000
6408	118	118000.000
6409	95	95000.000
6410	107	107000.000
6411	105	105000.000
6412	107	107000.000
6413	107	107000.000
6414	111	111000.000
6415	110	110000.000
6416	94	94000.000
6417	109	109000.000
6418	110	110000.000
6419	95	95000.000
6420	106	106000.000
6421	125	125000.000
6422	104	104000.000
6423	97	97000.000
6424	119	119000.000
6425	103	103000.000
6426	104	104000.000
6427	89	89000.000
6428	113	113000.000
6429	118	118000.000
6430	90	90000.000
6431	118	118000.000
6432	99	99000.000
6433	91	91000.000
6434	125	125000.000
6435	94	94000.000
6436	123	123000.000
6437	80	80000.000
6438	96	96000.000
6439	99	99000.000
6440	101	101000.000
6441	90	90000.000
6442	87	87000.000
6443	107	107000.000
6444	84	84000.000
6445	100	100000.000
6446	113	113000.000
6447	108	108000.000
6448	93	93000.000
6449	136	136000.000
6450	95	95000.000
6451	104	104000.000
6452	85	85000.000
6453	103	103000.000
6454	101	101000.000
6455	114	114000.000
6456	88	88000.000
6457	109	109000.000
6458	103	103000.000
6459	124	124000.000
6460	92	92000.000
6461	88	88000.000
6462	72	72000.000
6463	98	98000.000
6464	119	119000.000
6465	90	90000.000
6466	108	108000.000
6467	96	96000.000
6468	103	103000.000
6469	99	99000.000
6470	89	89000.000
6471	96	96000.000
6472	92	92000.000
6473	119	119000.000
6474	96	96000.000
6475	123	123000.000
6476	106	106000.000
6477	111	111000.000
6478	106	106000.000
6479	108	108000.000
6480	103	103000.000
6481	98	98000.000
6482	91	91000.000
6483	96	96000.000
6484	96	96000.000
6485	89	89000.000
6486	90	90000.000
6487	95	95000.000
6488	108	108000.000
6489	100	100000.000
6490	103	103000.000
6491	106	106000.000
6492	115	115000.000
6493	86	86000.000
6494	109	109000.000
6495	85	85000.000
6496	106	106000.000
6497	112	112000.000
6498	99	99000.000
6499	118	118000.000
6500	91	91000.000
6501	83	83000.000
6502	82	82000.000
6503	91	91000.000
6504	96	96000.000
6505	105	105000.000
6506	102	102000.000
6507	95	95000.000
6508	98	98000.000
6509	95	95000.000
6510	106	106000.000
6511	123	123000.000
6512	104	104000.000
6513	130	130000.000
6514	97	97000.000
6515	118	118000.000
6516	103	103000.000
6517	105	105000.000
6518	99	99000.000
6519	97	97000.000
6520	106	106000.000
6521	117	117000.000
6522	94	94000.000
6523	100	100000.000
6524	117	117000.000
6525	103	103000.000
6526	107	107000.000
6527	111	111000.000
6528	117	117000.000
6529	97	97000.000
6530	127	127000.000
6531	77	77000.000
6532	84	84000.000
6533	100	100000.000
6534	108	108000.000
6535	113	113000.000
6536	87	87000.000
6537	114	114000.000
6538	109	109000.000
6539	105	105000.000
6540	118	118000.000
6541	101	101000.000
6542	90	90000.000
6543	111	111000.000
6544	106	106000.000
6545	109	109000.000
6546	96	96000.000
6547	86	86000.000
6548	94	94000.000
6549	113	113000.000
6550	88	88000.000
6551	125	125000.000
6552	93	93000.000
6553	105	105000.000
6554	91	91000.000
6555	87	87000.000
6556	93	93000.000
6557	117	117000.000
6558	97	97000.000
6559	113	113000.000
6560	98	98000.000
6561	118	118000.000
6562	124	124000.000
6563	116	116000.000
6564	85	85000.000
6565	98	98000.000
6566	109	109000.000
6567	102	102000.000
6568	99	99000.000
6569	114	114000.000
6570	84	84000.000
6571	108	108000.000
6572	109	109000.000
6573	101	101000.000
6574	93	93000.000
6575	118	118000.000
6576	100	100000.000
6577	98	98000.000
6578	88	88000.000
6579	124	124000.000
6580	94	94000.000
6581	73	73000.000
6582	107	107000.000
6583	101	101000.000
6584	108	108000.000
6585	118	118000.000
6586	98	98000.000
6587	106	106000.000
6588	101	101000.000
6589	101	101000.000
6590	93	93000.000
6591	118	118000.000
6592	99	99000.000
6593	92	92000.000
6594	113	113000.000
6595	103	103000.000
6596	88	88000.000
6597	106	106000.000
6598	114	114000.000
6599	124	124000.000
6600	97	97000.000
6601	96	96000.000
6602	118	118000.000
6603	117	117000.000
6604	92	92000.000
6605	96	96000.000
6606	100	100000.000
6607	95	95000.000
6608	114	114000.000
6609	98	98000.000
6610	91	91000.000
6611	95	95000.000
6612	107	107000.000
6613	110	110000.000
6614	98	98000.000
6615	89	89000.000
6616	104	104000.000
6617	114	114000.000
6618	116	116000.000
6619	102	102000.000
6620	105	105000.000
6621	99	99000.000
6622	107	107000.000
6623	95	95000.000
6624	90	90000.000
6625	90	90000.000
6626	119	119000.000
6627	112	112000.000
6628	106	106000.000
6629	105	105000.000
6630	112	112000.000
6631	99	99000.000
6632	96	96000.000
6633	103	103000.000
6634	105	105000.000
6635	93	93000.000
6636	92	92000.000
6637	101	101000.000
6638	99	99000.000
6639	102	102000.000
6640	95	95000.000
6641	101	101000.000
6642	99	99000.000
6643	89	89000.000
6644	83	83000.000
6645	93	93000.000
6646	108	108000.000
6647	96	96000.000
6648	85	85000.000
6649	127	127000.000
6650	100	100000.000
6651	103	103000.000
6652	105	105000.000
6653	96	96000.000
6654	83	83000.000
6655	103	103000.000
6656	98	98000.000
6657	93	93000.000
6658	98	98000.000
6659	102	102000.000
6660	109	109000.000
6661	106	106000.000
6662	108	108000.000
6663	98	98000.000
6664	90	90000.000
6665	101	101000.000
6666	82	82000.000
6667	100	100000.000
6668	104	104000.000
6669	106	106000.000
6670	104	104000.000
6671	98	98000.000
6672	91	91000.000
6673	103	103000.000
6674	115	115000.000
6675	125	125000.000
6676	88	88000.000
6677	97	97000.000
6678	118	118000.000
6679	103	103000.000
6680	92	92000.000
6681	125	125000.000
6682	100	100000.000
6683	119	119000.000
6684	96	96000.000
6685	126	126000.000
6686	88	88000.000
6687	99	99000.000
6688	91	91000.000
6689	110	110000.000
6690	91	91000.000
6691	103	103000.000
6692	87	87000.000
6693	101	101000.000
6694	101	101000.000
6695	122	122000.000
6696	106	106000.000
6697	104	104000.000
6698	97	97000.000
6699	122	122000.000
6700	80	80000.000
6701	116	116000.000
6702	94	94000.000
6703	82	82000.000
6704	98	98000.000
6705	83	83000.000
6706	105	105000.000
6707	112	112000.000
6708	115	115000.000
6709	102	102000.000
6710	103	103000.000
6711	114	114000.000
6712	102	102000.000
6713	94	94000.000
6714	93	93000.000
6715	111	111000.000
6716	98	98000.000
6717	105	105000.000
6718	108	108000.000
6719	104	104000.000
6720	103	103000.000
6721	106	106000.000
6722	115	115000.000
6723	90	90000.000
6724	101	101000.000
6725	90	90000.000
6726	107	107000.000
6727	97	97000.000
6728	89	89000.000
6729	93	93000.000
6730	115	115000.000
6731	88	88000.000
6732	107	107000.000
6733	111	111000.000
6734	122	122000.000
6735	112	112000.000
6736	101	101000.000
6737	113	113000.000
6738	112	112000.000
6739	102	102000.000
6740	92	92000.000
6741	92	92000.000
6742	106	106000.000
6743	113	113000.000
6744	106	106000.000
6745	112	112000.000
6746	104	104000.000
6747	106	106000.000
6748	106	106000.000
6749	112	112000.000
6750	110	110000.000
6751	91	91000.000
6752	99	99000.000
6753	121	121000.000
6754	119	119000.000
6755	118	118000.000
6756	116	116000.000
6757	103	103000.000
6758	105	105000.000
6759	99	99000.000
6760	101	101000.000
6761	90	90000.000
6762	108	108000.000
6763	107	107000.000
6764	106	106000.000
6765	114	114000.000
6766	115	115000.000
6767	101	101000.000
6768	78	78000.000
6769	111	111000.000
6770	87	87000.000
6771	98	98000.000
6772	111	111000.000
6773	120	120000.000
6774	90	90000.000
6775	108	108000.000
6776	118	118000.000
6777	115	115000.000
6778	116	116000.000
6779	105	105000.000
6780	88	88000.000
6781	105	105000.000
6782	113	113000.000
6783	101	101000.000
6784	91	91000.000
6785	88	88000.000
6786	97	97000.000
6787	108	108000.000
6788	93	93000.000
6789	134	134000.000
6790	112	112000.000
6791	83	83000.000
6792	99	99000.000
6793	100	100000.000
6794	89	89000.000
6795	122	122000.000
6796	104	104000.000
6797	113	113000.000
6798	86	86000.000
6799	91	91000.000
6800	107	107000.000
6801	129	129000.000
6802	88	88000.000
6803	93	93000.000
6804	106	106000.000
6805	109	109000.000
6806	110	110000.000
6807	73	73000.000
6808	109	109000.000
6809	96	96000.000
6810	107	107000.000
6811	88	88000.000
6812	103	103000.000
6813	115	115000.000
6814	108	108000.000
6815	100	100000.000
6816	105	105000.000
6817	108	108000.000
6818	99	99000.000
6819	109	109000.000
6820	94	94000.000
6821	93	93000.000
6822	127	127000.000
6823	87	87000.000
6824	102	102000.000
6825	99	99000.000
6826	113	113000.000
6827	97	97000.000
6828	123	123000.000
6829	106	106000.000
6830	92	92000.000
6831	92	92000.000
6832	102	102000.000
6833	102	102000.000
6834	117	117000.000
6835	110	110000.000
6836	99	99000.000
6837	119	119000.000
6838	94	94000.000
6839	116	116000.000
6840	108	108000.000
6841	98	98000.000
6842	91	91000.000
6843	113	113000.000
6844	98	98000.000
6845	96	96000.000
6846	107	107000.000
6847	82	82000.000
6848	98	98000.000
6849	99	99000.000
6850	92	92000.000
6851	95	95000.000
6852	108	108000.000
6853	90	90000.000
6854	105	105000.000
6855	73	73000.000
6856	104	104000.000
6857	95	95000.000
6858	120	120000.000
6859	100	100000.000
6860	118	118000.000
6861	98	98000.000
6862	100	100000.000
6863	113	113000.000
6864	102	102000.000
6865	95	95000.000
6866	95	95000.000
6867	104	104000.000
6868	111	111000.000
6869	111	111000.000
6870	108	108000.000
6871	107	107000.000
6872	114	114000.000
6873	107	107000.000
6874	83	83000.000
6875	89	89000.000
6876	128	128000.000
6877	99	99000.000
6878	91	91000.000
6879	74	74000.000
6880	97	97000.000
6881	88	88000.000
6882	97	97000.000
6883	106	106000.000
6884	113	113000.000
6885	105	105000.000
6886	101	101000.000
6887	92	92000.000
6888	107	107000.000
6889	107	107000.000
6890	122	122000.000
6891	108	108000.000
6892	104	104000.000
6893	93	93000.000
6894	99	99000.000
6895	101	101000.000
6896	111	111000.000
6897	82	82000.000
6898	101	101000.000
6899	99	99000.000
6900	109	109000.000
6901	98	98000.000
6902	99	99000.000
6903	121	121000.000
6904	112	112000.000
6905	105	105000.000
6906	112	112000.000
6907	126	126000.000
6908	121	121000.000
6909	114	114000.000
6910	101	101000.000
6911	102	102000.000
6912	102	102000.000
6913	108	108000.000
6914	110	110000.000
6915	105	105000.000
6916	99	99000.000
6917	103	103000.000
6918	90	90000.000
6919	95	95000.000
6920	91	91000.000
6921	83	83000.000
6922	98	98000.000
6923	92	92000.000
6924	100	100000.000
6925	104	104000.000
6926	90	90000.000
6927	99	99000.000
6928	95	95000.000
6929	97	97000.000
6930	104	104000.000
6931	90	90000.000
6932	96	96000.000
6933	97	97000.000
6934	111	111000.000
6935	96	96000.000
6936	120	120000.000
6937	93	93000.000
6938	98	98000.000
6939	108	108000.000
6940	102	102000.000
6941	102	102000.000
6942	103	103000.000
6943	88	88000.000
6944	107	107000.000
6945	100	100000.000
6946	100	100000.000
6947	124	124000.000
6948	100	100000.000
6949	92	92000.000
6950	117	117000.000
6951	120	120000.000
6952	108	108000.000
6953	108	108000.000
6954	113	113000.000
6955	126	126000.000
6956	92	92000.000
6957	102	102000.000
6958	95	95000.000
6959	114	114000.000
6960	103	103000.000
6961	101	101000.000
6962	103	103000.000
6963	98	98000.000
6964	94	94000.000
6965	100	100000.000
6966	106	106000.000
6967	109	109000.000
6968	109	109000.000
6969	93	93000.000
6970	103	103000.000
6971	98	98000.000
6972	104	104000.000
6973	107	107000.000
6974	112	112000.000
6975	104	104000.000
6976	115	115000.000
6977	97	97000.000
6978	100	100000.000
6979	78	78000.000
6980	91	91000.000
6981	91	91000.000
6982	103	103000.000
6983	111	111000.000
6984	108	108000.000
6985	91	91000.000
6986	104	104000.000
6987	113	113000.000
6988	111	111000.000
6989	98	98000.000
6990	87	87000.000
6991	103	103000.000
6992	106	106000.000
6993	108	108000.000
6994	135	135000.000
6995	98	98000.000
6996	91	91000.000
6997	88	88000.000
6998	109	109000.000
6999	112	112000.000
7000	113	113000.000
7001	107	107000.000
7002	107	107000.000
7003	100	100000.000
7004	107	107000.000
7005	94	94000.000
7006	105	105000.000
7007	98	98000.000
7008	97	97000.000
7009	111	111000.000
7010	99	99000.000
7011	108	108000.000
7012	98	98000.000
7013	110	110000.000
7014	122	122000.000
7015	76	76000.000
7016	122	122000.000
7017	115	115000.000
7018	101	101000.000
7019	116	116000.000
7020	96	96000.000
7021	92	92000.000
7022	110	110000.000
7023	111	111000.000
7024	91	91000.000
7025	101	101000.000
7026	95	95000.000
7027	100	100000.000
7028	83	83000.000
7029	116	116000.000
7030	97	97000.000
7031	120	120000.000
7032	131	131000.000
7033	94	94000.000
7034	97	97000.000
7035	108	108000.000
7036	88	88000.000
7037	109	109000.000
7038	75	75000.000
7039	117	117000.000
7040	89	89000.000
7041	102	102000.000
7042	87	87000.000
7043	105	105000.000
7044	98	98000.000
7045	91	91000.000
7046	105	105000.000
7047	114	114000.000
7048	123	123000.000
7049	112	112000.000
7050	88	88000.000
7051	93	93000.000
7052	95	95000.000
7053	101	101000.000
7054	99	99000.000
7055	110	110000.000
7056	98	98000.000
7057	98	98000.000
7058	99	99000.000
7059	99	99000.000
7060	94	94000.000
7061	113	113000.000
7062	102	102000.000
7063	115	115000.000
7064	104	104000.000
7065	111	111000.000
7066	98	98000.000
7067	110	110000.000
7068	116	116000.000
7069	96	96000.000
7070	110	110000.000
7071	116	116000.000
7072	106	106000.000
7073	107	107000.000
7074	120	120000.000
7075	109	109000.000
7076	116	116000.000
7077	98	98000.000
7078	90	90000.000
7079	105	105000.000
7080	114	114000.000
7081	96	96000.000
7082	102	102000.000
7083	92	92000.000
7084	97	97000.000
7085	94	94000.000
7086	99	99000.000
7087	113	113000.000
7088	105	105000.000
7089	100	100000.000
7090	114	114000.000
7091	92	92000.000
7092	96	96000.000
7093	101	101000.000
7094	90	90000.000
7095	101	101000.000
7096	113	113000.000
7097	94	94000.000
7098	97	97000.000
7099	102	102000.000
7100	102	102000.000
7101	102	102000.000
7102	97	97000.000
7103	93	93000.000
7104	84	84000.000
7105	94	94000.000
7106	98	98000.000
7107	101	101000.000
7108	90	90000.000
7109	91	91000.000
7110	101	101000.000
7111	101	101000.000
7112	96	96000.000
7113	79	79000.000
7114	101	101000.000
7115	99	99000.000
7116	114	114000.000
7117	96	96000.000
7118	111	111000.000
7119	91	91000.000
7120	93	93000.000
7121	99	99000.000
7122	102	102000.000
7123	95	95000.000
7124	119	119000.000
7125	112	112000.000
7126	107	107000.000
7127	102	102000.000
7128	107	107000.000
7129	110	110000.000
7130	117	117000.000
7131	100	100000.000
7132	106	106000.000
7133	90	90000.000
7134	96	96000.000
7135	93	93000.000
7136	107	107000.000
7137	107	107000.000
7138	108	108000.000
7139	113	113000.000
7140	122	122000.000
7141	92	92000.000
7142	100	100000.000
7143	109	109000.000
7144	102	102000.000
7145	116	116000.000
7146	105	105000.000
7147	90	90000.000
7148	133	133000.000
7149	89	89000.000
7150	96	96000.000
7151	126	126000.000
7152	102	102000.000
7153	124	124000.000
7154	102	102000.000
7155	97	97000.000
7156	122	122000.000
7157	89	89000.000
7158	93	93000.000
7159	97	97000.000
7160	110	110000.000
7161	106	106000.000
7162	94	94000.000
7163	91	91000.000
7164	93	93000.000
7165	93	93000.000
7166	88	88000.000
7167	103	103000.000
7168	111	111000.000
7169	100	100000.000
7170	93	93000.000
7171	113	113000.000
7172	113	113000.000
7173	99	99000.000
7174	103	103000.000
7175	112	112000.000
7176	99	99000.000
7177	105	105000.000
7178	88	88000.000
7179	105	105000.000
7180	95	95000.000
7181	90	90000.000
7182	112	112000.000
7183	107	107000.000
7184	91	91000.000
7185	107	107000.000
7186	105	105000.000
7187	112	112000.000
7188	85	85000.000
7189	100	100000.000
7190	102	102000.000
7191	93	93000.000
7192	92	92000.000
7193	115	115000.000
7194	89	89000.000
7195	120	120000.000
7196	99	99000.000
7197	100	100000.000
7198	111	111000.000
7199	87	87000.000
7200	104	104000.000
7201	125	125000.000
7202	115	115000.000
7203	91	91000.000
7204	98	98000.000
7205	86	86000.000
7206	100	100000.000
7207	88	88000.000
7208	95	95000.000
7209	99	99000.000
7210	102	102000.000
7211	115	115000.000
7212	112	112000.000
7213	87	87000.000
7214	113	113000.000
7215	112	112000.000
7216	119	119000.000
7217	94	94000.000
7218	99	99000.000
7219	102	102000.000
7220	106	106000.000
7221	115	115000.000
7222	90	90000.000
7223	104	104000.000
7224	82	82000.000
7225	87	87000.000
7226	99	99000.000
7227	99	99000.000
7228	91	91000.000
7229	105	105000.000
7230	104	104000.000
7231	104	104000.000
7232	120	120000.000
7233	104	104000.000
7234	104	104000.000
7235	85	85000.000
7236	99	99000.000
7237	85	85000.000
7238	95	95000.000
7239	90	90000.000
7240	114	114000.000
7241	78	78000.000
7242	105	105000.000
7243	99	99000.000
7244	93	93000.000
7245	95	95000.000
7246	110	110000.000
7247	100	100000.000
7248	96	96000.000
7249	106	106000.000
7250	101	101000.000
7251	97	97000.000
7252	97	97000.000
7253	113	113000.000
7254	88	88000.000
7255	108	108000.000
7256	99	99000.000
7257	109	109000.000
7258	81	81000.000
7259	103	103000.000
7260	82	82000.000
7261	96	96000.000
7262	81	81000.000
7263	106	106000.000
7264	87	87000.000
7265	103	103000.000
7266	85	85000.000
7267	112	112000.000
7268	121	121000.000
7269	78	78000.000
7270	109	109000.000
7271	106	106000.000
7272	97	97000.000
7273	109	109000.000
7274	90	90000.000
7275	110	110000.000
7276	97	97000.000
7277	95	95000.000
7278	98	98000.000
7279	102	102000.000
7280	102	102000.000
7281	96	96000.000
7282	95	95000.000
7283	99	99000.000
7284	99	99000.000
7285	81	81000.000
7286	98	98000.000
7287	104	104000.000
7288	117	117000.000
7289	112	112000.000
7290	101	101000.000
7291	88	88000.000
7292	100	100000.000
7293	103	103000.000
7294	108	108000.000
7295	95	95000.000
7296	112	112000.000
7297	76	76000.000
7298	101	101000.000
7299	113	113000.000
7300	101	101000.000
7301	109	109000.000
7302	110	110000.000
7303	89	89000.000
7304	111	111000.000
7305	113	113000.000
7306	113	113000.000
7307	102	102000.000
7308	110	110000.000
7309	108	108000.000
7310	107	107000.000
7311	110	110000.000
7312	114	114000.000
7313	103	103000.000
7314	101	101000.000
7315	80	80000.000
7316	110	110000.000
7317	100	100000.000
7318	88	88000.000
7319	82	82000.000
7320	118	118000.000
7321	104	104000.000
7322	106	106000.000
7323	101	101000.000
7324	101	101000.000
7325	96	96000.000
7326	91	91000.000
7327	103	103000.000
7328	110	110000.000
7329	113	113000.000
7330	92	92000.000
7331	83	83000.000
7332	103	103000.000
7333	107	107000.000
7334	86	86000.000
7335	100	100000.000
7336	106	106000.000
7337	90	90000.000
7338	99	99000.000
7339	101	101000.000
7340	103	103000.000
7341	92	92000.000
7342	110	110000.000
7343	91	91000.000
7344	118	118000.000
7345	105	105000.000
7346	98	98000.000
7347	97	97000.000
7348	103	103000.000
7349	112	112000.000
7350	110	110000.000
7351	102	102000.000
7352	94	94000.000
7353	89	89000.000
7354	110	110000.000
7355	85	85000.000
7356	106	106000.000
7357	98	98000.000
7358	105	105000.000
7359	107	107000.000
7360	102	102000.000
7361	107	107000.000
7362	90	90000.000
7363	104	104000.000
7364	118	118000.000
7365	101	101000.000
7366	99	99000.000
7367	89	89000.000
7368	105	105000.000
7369	108	108000.000
7370	122	122000.000
7371	91	91000.000
7372	113	113000.000
7373	82	82000.000
7374	97	97000.000
7375	101	101000.000
7376	86	86000.000
7377	117	117000.000
7378	102	102000.000
7379	110	110000.000
7380	94	94000.000
7381	106	106000.000
7382	120	120000.000
7383	111	111000.000
7384	101	101000.000
7385	97	97000.000
7386	108	108000.000
7387	109	109000.000
7388	95	95000.000
7389	89	89000.000
7390	82	82000.000
7391	93	93000.000
7392	112	112000.000
7393	109	109000.000
7394	97	97000.000
7395	115	115000.000
7396	110	110000.000
7397	95	95000.000
7398	100	100000.000
7399	89	89000.000
7400	109	109000.000
7401	103	103000.000
7402	103	103000.000
7403	102	102000.000
7404	124	124000.000
7405	122	122000.000
7406	113	113000.000
7407	103	103000.000
7408	101	101000.000
7409	116	116000.000
7410	90	90000.000
7411	94	94000.000
7412	112	112000.000
7413	77	77000.000
7414	90	90000.000
7415	114	114000.000
7416	109	109000.000
7417	112	112000.000
7418	110	110000.000
7419	123	123000.000
7420	111	111000.000
7421	116	116000.000
7422	110	110000.000
7423	127	127000.000
7424	110	110000.000
7425	90	90000.000
7426	112	112000.000
7427	105	105000.000
7428	114	114000.000
7429	96	96000.000
7430	97	97000.000
7431	96	96000.000
7432	106	106000.000
7433	100	100000.000
7434	96	96000.000
7435	82	82000.000
7436	97	97000.000
7437	80	80000.000
7438	98	98000.000
7439	117	117000.000
7440	104	104000.000
7441	114	114000.000
7442	104	104000.000
7443	111	111000.000
7444	103	103000.000
7445	105	105000.000
7446	92	92000.000
7447	105	105000.000
7448	79	79000.000
7449	101	101000.000
7450	117	117000.000
7451	99	99000.000
7452	102	102000.000
7453	82	82000.000
7454	111	111000.000
7455	108	108000.000
7456	101	101000.000
7457	109	109000.000
7458	110	110000.000
7459	104	104000.000
7460	95	95000.000
7461	99	99000.000
7462	105	105000.000
7463	99	99000.000
7464	103	103000.000
7465	94	94000.000
7466	100	100000.000
7467	98	98000.000
7468	115	115000.000
7469	115	115000.000
7470	96	96000.000
7471	103	103000.000
7472	94	94000.000
7473	112	112000.000
7474	103	103000.000
7475	116	116000.000
7476	105	105000.000
7477	98	98000.000
7478	106	106000.000
7479	102	102000.000
7480	98	98000.000
7481	93	93000.000
7482	107	107000.000
7483	102	102000.000
7484	95	95000.000
7485	109	109000.000
7486	106	106000.000
7487	95	95000.000
7488	101	101000.000
7489	84	84000.000
7490	116	116000.000
7491	95	95000.000
7492	97	97000.000
7493	120	120000.000
7494	111	111000.000
7495	109	109000.000
7496	118	118000.000
7497	109	109000.000
7498	85	85000.000
7499	96	96000.000
7500	106	106000.000
7501	95	95000.000
7502	94	94000.000
7503	95	95000.000
7504	104	104000.000
7505	109	109000.000
7506	91	91000.000
7507	99	99000.000
7508	122	122000.000
7509	98	98000.000
7510	114	114000.000
7511	106	106000.000
7512	97	97000.000
7513	117	117000.000
7514	108	108000.000
7515	92	92000.000
7516	91	91000.000
7517	93	93000.000
7518	108	108000.000
7519	114	114000.000
7520	94	94000.000
7521	100	100000.000
7522	115	115000.000
7523	103	103000.000
7524	92	92000.000
7525	102	102000.000
7526	104	104000.000
7527	93	93000.000
7528	103	103000.000
7529	95	95000.000
7530	116	116000.000
7531	96	96000.000
7532	102	102000.000
7533	98	98000.000
7534	82	82000.000
7535	111	111000.000
7536	99	99000.000
7537	130	130000.000
7538	119	119000.000
7539	89	89000.000
7540	122	122000.000
7541	80	80000.000
7542	84	84000.000
7543	104	104000.000
7544	106	106000.000
7545	86	86000.000
7546	107	107000.000
7547	71	71000.000
7548	116	116000.000
7549	98	98000.000
7550	117	117000.000
7551	94	94000.000
7552	108	108000.000
7553	93	93000.000
7554	106	106000.000
7555	108	108000.000
7556	97	97000.000
7557	108	108000.000
7558	84	84000.000
7559	106	106000.000
7560	118	118000.000
7561	123	123000.000
7562	94	94000.000
7563	108	108000.000
7564	96	96000.000
7565	97	97000.000
7566	85	85000.000
7567	100	100000.000
7568	94	94000.000
7569	90	90000.000
7570	87	87000.000
7571	106	106000.000
7572	104	104000.000
7573	100	100000.000
7574	115	115000.000
7575	99	99000.000
7576	101	101000.000
7577	102	102000.000
7578	102	102000.000
7579	87	87000.000
7580	105	105000.000
7581	107	107000.000
7582	91	91000.000
7583	86	86000.000
7584	98	98000.000
7585	120	120000.000
7586	98	98000.000
7587	106	106000.000
7588	95	95000.000
7589	87	87000.000
7590	117	117000.000
7591	108	108000.000
7592	106	106000.000
7593	100	100000.000
7594	92	92000.000
7595	105	105000.000
7596	106	106000.000
7597	97	97000.000
7598	96	96000.000
7599	96	96000.000
7600	102	102000.000
7601	115	115000.000
7602	111	111000.000
7603	98	98000.000
7604	102	102000.000
7605	104	104000.000
7606	125	125000.000
7607	96	96000.000
7608	85	85000.000
7609	97	97000.000
7610	105	105000.000
7611	89	89000.000
7612	108	108000.000
7613	116	116000.000
7614	129	129000.000
7615	93	93000.000
7616	100	100000.000
7617	91	91000.000
7618	102	102000.000
7619	98	98000.000
7620	111	111000.000
7621	112	112000.000
7622	94	94000.000
7623	110	110000.000
7624	94	94000.000
7625	107	107000.000
7626	93	93000.000
7627	106	106000.000
7628	102	102000.000
7629	104	104000.000
7630	95	95000.000
7631	99	99000.000
7632	103	103000.000
7633	98	98000.000
7634	109	109000.000
7635	107	107000.000
7636	100	100000.000
7637	100	100000.000
7638	99	99000.000
7639	118	118000.000
7640	92	92000.000
7641	109	109000.000
7642	99	99000.000
7643	108	108000.000
7644	92	92000.000
7645	86	86000.000
7646	95	95000.000
7647	90	90000.000
7648	109	109000.000
7649	104	104000.000
7650	107	107000.000
7651	93	93000.000
7652	106	106000.000
7653	94	94000.000
7654	100	100000.000
7655	87	87000.000
7656	92	92000.000
7657	112	112000.000
7658	97	97000.000
7659	98	98000.000
7660	97	97000.000
7661	93	93000.000
7662	104	104000.000
7663	100	100000.000
7664	117	117000.000
7665	127	127000.000
7666	114	114000.000
7667	96	96000.000
7668	102	102000.000
7669	91	91000.000
7670	108	108000.000
7671	107	107000.000
7672	79	79000.000
7673	112	112000.000
7674	108	108000.000
7675	101	101000.000
7676	101	101000.000
7677	101	101000.000
7678	111	111000.000
7679	104	104000.000
7680	123	123000.000
7681	116	116000.000
7682	116	116000.000
7683	100	100000.000
7684	98	98000.000
7685	100	100000.000
7686	100	100000.000
7687	95	95000.000
7688	123	123000.000
7689	102	102000.000
7690	101	101000.000
7691	89	89000.000
7692	111	111000.000
7693	98	98000.000
7694	114	114000.000
7695	119	119000.000
7696	110	110000.000
7697	107	107000.000
7698	108	108000.000
7699	100	100000.000
7700	109	109000.000
7701	103	103000.000
7702	110	110000.000
7703	111	111000.000
7704	110	110000.000
7705	98	98000.000
7706	116	116000.000
7707	94	94000.000
7708	110	110000.000
7709	115	115000.000
7710	109	109000.000
7711	93	93000.000
7712	108	108000.000
7713	108	108000.000
7714	100	100000.000
7715	105	105000.000
7716	92	92000.000
7717	93	93000.000
7718	108	108000.000
7719	109	109000.000
7720	105	105000.000
7721	87	87000.000
7722	120	120000.000
7723	109	109000.000
7724	112	112000.000
7725	93	93000.000
7726	105	105000.000
7727	114	114000.000
7728	112	112000.000
7729	108	108000.000
7730	101	101000.000
7731	95	95000.000
7732	98	98000.000
7733	87	87000.000
7734	102	102000.000
7735	94	94000.000
7736	100	100000.000
7737	99	99000.000
7738	93	93000.000
7739	106	106000.000
7740	118	118000.000
7741	101	101000.000
7742	99	99000.000
7743	109	109000.000
7744	88	88000.000
7745	106	106000.000
7746	95	95000.000
7747	80	80000.000
7748	96	96000.000
7749	106	106000.000
7750	92	92000.000
7751	95	95000.000
7752	95	95000.000
7753	112	112000.000
7754	100	100000.000
7755	96	96000.000
7756	106	106000.000
7757	90	90000.000
7758	112	112000.000
7759	92	92000.000
7760	112	112000.000
7761	107	107000.000
7762	95	95000.000
7763	93	93000.000
7764	108	108000.000
7765	101	101000.000
7766	110	110000.000
7767	101	101000.000
7768	85	85000.000
7769	89	89000.000
7770	96	96000.000
7771	109	109000.000
7772	115	115000.000
7773	119	119000.000
7774	100	100000.000
7775	85	85000.000
7776	97	97000.000
7777	102	102000.000
7778	85	85000.000
7779	111	111000.000
7780	87	87000.000
7781	117	117000.000
7782	115	115000.000
7783	95	95000.000
7784	101	101000.000
7785	98	98000.000
7786	105	105000.000
7787	106	106000.000
7788	112	112000.000
7789	110	110000.000
7790	91	91000.000
7791	94	94000.000
7792	109	109000.000
7793	105	105000.000
7794	98	98000.000
7795	102	102000.000
7796	126	126000.000
7797	100	100000.000
7798	104	104000.000
7799	106	106000.000
7800	104	104000.000
7801	102	102000.000
7802	117	117000.000
7803	93	93000.000
7804	87	87000.000
7805	105	105000.000
7806	94	94000.000
7807	118	118000.000
7808	87	87000.000
7809	98	98000.000
7810	93	93000.000
7811	100	100000.000
7812	105	105000.000
7813	102	102000.000
7814	99	99000.000
7815	108	108000.000
7816	109	109000.000
7817	94	94000.000
7818	96	96000.000
7819	86	86000.000
7820	109	109000.000
7821	94	94000.000
7822	90	90000.000
7823	115	115000.000
7824	125	125000.000
7825	108	108000.000
7826	93	93000.000
7827	113	113000.000
7828	113	113000.000
7829	98	98000.000
7830	85	85000.000
7831	99	99000.000
7832	109	109000.000
7833	104	104000.000
7834	94	94000.000
7835	98	98000.000
7836	105	105000.000
7837	99	99000.000
7838	115	115000.000
7839	102	102000.000
7840	101	101000.000
7841	117	117000.000
7842	95	95000.000
7843	101	101000.000
7844	93	93000.000
7845	100	100000.000
7846	98	98000.000
7847	100	100000.000
7848	72	72000.000
7849	82	82000.000
7850	109	109000.000
7851	118	118000.000
7852	101	101000.000
7853	110	110000.000
7854	87	87000.000
7855	116	116000.000
7856	121	121000.000
7857	103	103000.000
7858	115	115000.000
7859	101	101000.000
7860	116	116000.000
7861	101	101000.000
7862	86	86000.000
7863	115	115000.000
7864	90	90000.000
7865	109	109000.000
7866	110	110000.000
7867	95	95000.000
7868	101	101000.000
7869	123	123000.000
7870	103	103000.000
7871	92	92000.000
7872	117	117000.000
7873	103	103000.000
7874	102	102000.000
7875	114	114000.000
7876	86	86000.000
7877	110	110000.000
7878	103	103000.000
7879	82	82000.000
7880	79	79000.000
7881	107	107000.000
7882	94	94000.000
7883	109	109000.000
7884	102	102000.000
7885	95	95000.000
7886	105	105000.000
7887	75	75000.000
7888	113	113000.000
7889	103	103000.000
7890	96	96000.000
7891	116	116000.000
7892	98	98000.000
7893	112	112000.000
7894	122	122000.000
7895	111	111000.000
7896	95	95000.000
7897	117	117000.000
7898	89	89000.000
7899	90	90000.000
7900	106	106000.000
7901	114	114000.000
7902	105	105000.000
7903	115	115000.000
7904	122	122000.000
7905	107	107000.000
7906	89	89000.000
7907	88	88000.000
7908	97	97000.000
7909	113	113000.000
7910	94	94000.000
7911	115	115000.000
7912	123	123000.000
7913	107	107000.000
7914	110	110000.000
7915	109	109000.000
7916	83	83000.000
7917	93	93000.000
7918	103	103000.000
7919	105	105000.000
7920	102	102000.000
7921	106	106000.000
7922	103	103000.000
7923	84	84000.000
7924	122	122000.000
7925	99	99000.000
7926	100	100000.000
7927	106	106000.000
7928	85	85000.000
7929	99	99000.000
7930	98	98000.000
7931	106	106000.000
7932	130	130000.000
7933	117	117000.000
7934	84	84000.000
7935	92	92000.000
7936	107	107000.000
7937	96	96000.000
7938	126	126000.000
7939	98	98000.000
7940	90	90000.000
7941	96	96000.000
7942	95	95000.000
7943	112	112000.000
7944	89	89000.000
7945	105	105000.000
7946	78	78000.000
7947	117	117000.000
7948	125	125000.000
7949	89	89000.000
7950	98	98000.000
7951	107	107000.000
7952	93	93000.000
7953	91	91000.000
7954	113	113000.000
7955	103	103000.000
7956	108	108000.000
7957	100	100000.000
7958	111	111000.000
7959	114	114000.000
7960	105	105000.000
7961	79	79000.000
7962	85	85000.000
7963	94	94000.000
7964	106	106000.000
7965	119	119000.000
7966	127	127000.000
7967	111	111000.000
7968	84	84000.000
7969	104	104000.000
7970	103	103000.000
7971	108	108000.000
7972	97	97000.000
7973	118	118000.000
7974	126	126000.000
7975	102	102000.000
7976	102	102000.000
7977	89	89000.000
7978	120	120000.000
7979	98	98000.000
7980	98	98000.000
7981	108	108000.000
7982	99	99000.000
7983	99	99000.000
7984	109	109000.000
7985	94	94000.000
7986	116	116000.000
7987	97	97000.000
7988	97	97000.000
7989	114	114000.000
7990	100	100000.000
7991	90	90000.000
7992	95	95000.000
7993	104	104000.000
7994	113	113000.000
7995	124	124000.000
7996	101	101000.000
7997	94	94000.000
7998	108	108000.000
7999	104	104000.000
8000	107	107000.000
8001	102	102000.000
8002	105	105000.000
8003	106	106000.000
8004	100	100000.000
8005	91	91000.000
8006	97	97000.000
8007	104	104000.000
8008	117	117000.000
8009	107	107000.000
8010	91	91000.000
8011	109	109000.000
8012	96	96000.000
8013	89	89000.000
8014	95	95000.000
8015	102	102000.000
8016	112	112000.000
8017	114	114000.000
8018	107	107000.000
8019	97	97000.000
8020	109	109000.000
8021	118	118000.000
8022	116	116000.000
8023	94	94000.000
8024	108	108000.000
8025	96	96000.000
8026	116	116000.000
8027	105	105000.000
8028	106	106000.000
8029	117	117000.000
8030	101	101000.000
8031	94	94000.000
8032	110	110000.000
8033	95	95000.000
8034	79	79000.000
8035	108	108000.000
8036	98	98000.000
8037	109	109000.000
8038	104	104000.000
8039	84	84000.000
8040	115	115000.000
8041	127	127000.000
8042	102	102000.000
8043	97	97000.000
8044	123	123000.000
8045	129	129000.000
8046	112	112000.000
8047	119	119000.000
8048	110	110000.000
8049	97	97000.000
8050	90	90000.000
8051	104	104000.000
8052	94	94000.000
8053	108	108000.000
8054	92	92000.000
8055	128	128000.000
8056	109	109000.000
8057	107	107000.000
8058	111	111000.000
8059	91	91000.000
8060	91	91000.000
8061	103	103000.000
8062	111	111000.000
8063	97	97000.000
8064	88	88000.000
8065	102	102000.000
8066	113	113000.000
8067	99	99000.000
8068	93	93000.000
8069	103	103000.000
8070	120	120000.000
8071	115	115000.000
8072	105	105000.000
8073	122	122000.000
8074	102	102000.000
8075	112	112000.000
8076	103	103000.000
8077	89	89000.000
8078	102	102000.000
8079	113	113000.000
8080	102	102000.000
8081	105	105000.000
8082	104	104000.000
8083	109	109000.000
8084	98	98000.000
8085	100	100000.000
8086	94	94000.000
8087	103	103000.000
8088	103	103000.000
8089	120	120000.000
8090	106	106000.000
8091	109	109000.000
8092	102	102000.000
8093	79	79000.000
8094	103	103000.000
8095	97	97000.000
8096	129	129000.000
8097	101	101000.000
8098	100	100000.000
8099	94	94000.000
8100	98	98000.000
8101	85	85000.000
8102	110	110000.000
8103	97	97000.000
8104	97	97000.000
8105	95	95000.000
8106	97	97000.000
8107	108	108000.000
8108	101	101000.000
8109	82	82000.000
8110	121	121000.000
8111	94	94000.000
8112	108	108000.000
8113	110	110000.000
8114	101	101000.000
8115	97	97000.000
8116	97	97000.000
8117	98	98000.000
8118	100	100000.000
8119	89	89000.000
8120	112	112000.000
8121	88	88000.000
8122	123	123000.000
8123	110	110000.000
8124	115	115000.000
8125	104	104000.000
8126	107	107000.000
8127	111	111000.000
8128	102	102000.000
8129	100	100000.000
8130	104	104000.000
8131	101	101000.000
8132	96	96000.000
8133	128	128000.000
8134	87	87000.000
8135	125	125000.000
8136	95	95000.000
8137	116	116000.000
8138	93	93000.000
8139	113	113000.000
8140	97	97000.000
8141	86	86000.000
8142	101	101000.000
8143	111	111000.000
8144	109	109000.000
8145	97	97000.000
8146	111	111000.000
8147	117	117000.000
8148	106	106000.000
8149	129	129000.000
8150	104	104000.000
8151	102	102000.000
8152	118	118000.000
8153	93	93000.000
8154	108	108000.000
8155	125	125000.000
8156	112	112000.000
8157	100	100000.000
8158	100	100000.000
8159	92	92000.000
8160	112	112000.000
8161	118	118000.000
8162	108	108000.000
8163	96	96000.000
8164	109	109000.000
8165	119	119000.000
8166	97	97000.000
8167	110	110000.000
8168	84	84000.000
8169	94	94000.000
8170	102	102000.000
8171	86	86000.000
8172	89	89000.000
8173	123	123000.000
8174	126	126000.000
8175	90	90000.000
8176	100	100000.000
8177	123	123000.000
8178	116	116000.000
8179	115	115000.000
8180	99	99000.000
8181	91	91000.000
8182	101	101000.000
8183	113	113000.000
8184	117	117000.000
8185	101	101000.000
8186	97	97000.000
8187	107	107000.000
8188	111	111000.000
8189	99	99000.000
8190	76	76000.000
8191	109	109000.000
8192	104	104000.000
8193	112	112000.000
8194	100	100000.000
8195	107	107000.000
8196	106	106000.000
8197	89	89000.000
8198	85	85000.000
8199	96	96000.000
8200	99	99000.000
8201	106	106000.000
8202	118	118000.000
8203	98	98000.000
8204	109	109000.000
8205	103	103000.000
8206	102	102000.000
8207	113	113000.000
8208	109	109000.000
8209	110	110000.000
8210	105	105000.000
8211	110	110000.000
8212	91	91000.000
8213	96	96000.000
8214	103	103000.000
8215	112	112000.000
8216	113	113000.000
8217	104	104000.000
8218	101	101000.000
8219	101	101000.000
8220	114	114000.000
8221	105	105000.000
8222	100	100000.000
8223	116	116000.000
8224	101	101000.000
8225	115	115000.000
8226	106	106000.000
8227	97	97000.000
8228	107	107000.000
8229	111	111000.000
8230	120	120000.000
8231	87	87000.000
8232	89	89000.000
8233	104	104000.000
8234	111	111000.000
8235	109	109000.000
8236	111	111000.000
8237	95	95000.000
8238	106	106000.000
8239	103	103000.000
8240	103	103000.000
8241	102	102000.000
8242	86	86000.000
8243	103	103000.000
8244	104	104000.000
8245	103	103000.000
8246	103	103000.000
8247	98	98000.000
8248	100	100000.000
8249	103	103000.000
8250	90	90000.000
8251	112	112000.000
8252	101	101000.000
8253	82	82000.000
8254	113	113000.000
8255	115	115000.000
8256	122	122000.000
8257	106	106000.000
8258	108	108000.000
8259	104	104000.000
8260	98	98000.000
8261	108	108000.000
8262	96	96000.000
8263	99	99000.000
8264	103	103000.000
8265	91	91000.000
8266	103	103000.000
8267	81	81000.000
8268	98	98000.000
8269	122	122000.000
8270	94	94000.000
8271	96	96000.000
8272	100	100000.000
8273	98	98000.000
8274	80	80000.000
8275	106	106000.000
8276	95	95000.000
8277	106	106000.000
8278	95	95000.000
8279	105	105000.000
8280	91	91000.000
8281	106	106000.000
8282	112	112000.000
8283	107	107000.000
8284	104	104000.000
8285	117	117000.000
8286	109	109000.000
8287	107	107000.000
8288	95	95000.000
8289	107	107000.000
8290	120	120000.000
8291	90	90000.000
8292	102	102000.000
8293	103	103000.000
8294	95	95000.000
8295	104	104000.000
8296	101	101000.000
8297	104	104000.000
8298	103	103000.000
8299	93	93000.000
8300	92	92000.000
8301	99	99000.000
8302	111	111000.000
8303	122	122000.000
8304	99	99000.000
8305	102	102000.000
8306	103	103000.000
8307	114	114000.000
8308	102	102000.000
8309	106	106000.000
8310	91	91000.000
8311	97	97000.000
8312	97	97000.000
8313	108	108000.000
8314	96	96000.000
8315	101	101000.000
8316	84	84000.000
8317	99	99000.000
8318	103	103000.000
8319	103	103000.000
8320	107	107000.000
8321	103	103000.000
8322	112	112000.000
8323	112	112000.000
8324	98	98000.000
8325	111	111000.000
8326	114	114000.000
8327	107	107000.000
8328	109	109000.000
8329	105	105000.000
8330	78	78000.000
8331	98	98000.000
8332	99	99000.000
8333	84	84000.000
8334	88	88000.000
8335	109	109000.000
8336	94	94000.000
8337	101	101000.000
8338	123	123000.000
8339	111	111000.000
8340	108	108000.000
8341	98	98000.000
8342	112	112000.000
8343	115	115000.000
8344	123	123000.000
8345	109	109000.000
8346	129	129000.000
8347	115	115000.000
8348	105	105000.000
8349	125	125000.000
8350	119	119000.000
8351	135	135000.000
8352	94	94000.000
8353	116	116000.000
8354	114	114000.000
8355	110	110000.000
8356	96	96000.000
8357	92	92000.000
8358	106	106000.000
8359	108	108000.000
8360	88	88000.000
8361	98	98000.000
8362	93	93000.000
8363	96	96000.000
8364	114	114000.000
8365	111	111000.000
8366	109	109000.000
8367	90	90000.000
8368	118	118000.000
8369	107	107000.000
8370	90	90000.000
8371	102	102000.000
8372	133	133000.000
8373	118	118000.000
8374	102	102000.000
8375	115	115000.000
8376	115	115000.000
8377	92	92000.000
8378	100	100000.000
8379	93	93000.000
8380	99	99000.000
8381	104	104000.000
8382	106	106000.000
8383	98	98000.000
8384	79	79000.000
8385	95	95000.000
8386	99	99000.000
8387	80	80000.000
8388	111	111000.000
8389	105	105000.000
8390	100	100000.000
8391	100	100000.000
8392	105	105000.000
8393	103	103000.000
8394	91	91000.000
8395	95	95000.000
8396	101	101000.000
8397	107	107000.000
8398	97	97000.000
8399	97	97000.000
8400	119	119000.000
8401	85	85000.000
8402	102	102000.000
8403	109	109000.000
8404	121	121000.000
8405	94	94000.000
8406	112	112000.000
8407	108	108000.000
8408	80	80000.000
8409	84	84000.000
8410	91	91000.000
8411	94	94000.000
8412	102	102000.000
8413	121	121000.000
8414	106	106000.000
8415	108	108000.000
8416	104	104000.000
8417	120	120000.000
8418	96	96000.000
8419	100	100000.000
8420	105	105000.000
8421	91	91000.000
8422	88	88000.000
8423	103	103000.000
8424	100	100000.000
8425	100	100000.000
8426	94	94000.000
8427	106	106000.000
8428	98	98000.000
8429	102	102000.000
8430	93	93000.000
8431	97	97000.000
8432	87	87000.000
8433	99	99000.000
8434	106	106000.000
8435	107	107000.000
8436	91	91000.000
8437	98	98000.000
8438	105	105000.000
8439	90	90000.000
8440	102	102000.000
8441	110	110000.000
8442	89	89000.000
8443	106	106000.000
8444	94	94000.000
8445	112	112000.000
8446	98	98000.000
8447	105	105000.000
8448	122	122000.000
8449	129	129000.000
8450	102	102000.000
8451	95	95000.000
8452	98	98000.000
8453	96	96000.000
8454	82	82000.000
8455	86	86000.000
8456	104	104000.000
8457	109	109000.000
8458	106	106000.000
8459	123	123000.000
8460	122	122000.000
8461	124	124000.000
8462	99	99000.000
8463	87	87000.000
8464	116	116000.000
8465	102	102000.000
8466	89	89000.000
8467	106	106000.000
8468	104	104000.000
8469	105	105000.000
8470	105	105000.000
8471	115	115000.000
8472	84	84000.000
8473	86	86000.000
8474	110	110000.000
8475	110	110000.000
8476	91	91000.000
8477	109	109000.000
8478	108	108000.000
8479	105	105000.000
8480	102	102000.000
8481	105	105000.000
8482	87	87000.000
8483	96	96000.000
8484	105	105000.000
8485	93	93000.000
8486	97	97000.000
8487	99	99000.000
8488	108	108000.000
8489	94	94000.000
8490	114	114000.000
8491	87	87000.000
8492	105	105000.000
8493	125	125000.000
8494	100	100000.000
8495	102	102000.000
8496	109	109000.000
8497	101	101000.000
8498	100	100000.000
8499	100	100000.000
8500	82	82000.000
8501	96	96000.000
8502	108	108000.000
8503	104	104000.000
8504	107	107000.000
8505	107	107000.000
8506	110	110000.000
8507	96	96000.000
8508	98	98000.000
8509	92	92000.000
8510	94	94000.000
8511	99	99000.000
8512	105	105000.000
8513	112	112000.000
8514	105	105000.000
8515	108	108000.000
8516	112	112000.000
8517	93	93000.000
8518	116	116000.000
8519	93	93000.000
8520	112	112000.000
8521	84	84000.000
8522	96	96000.000
8523	93	93000.000
8524	92	92000.000
8525	99	99000.000
8526	111	111000.000
8527	123	123000.000
8528	114	114000.000
8529	128	128000.000
8530	100	100000.000
8531	108	108000.000
8532	91	91000.000
8533	108	108000.000
8534	100	100000.000
8535	105	105000.000
8536	92	92000.000
8537	101	101000.000
8538	128	128000.000
8539	95	95000.000
8540	99	99000.000
8541	100	100000.000
8542	91	91000.000
8543	83	83000.000
8544	92	92000.000
8545	101	101000.000
8546	95	95000.000
8547	97	97000.000
8548	111	111000.000
8549	101	101000.000
8550	98	98000.000
8551	106	106000.000
8552	110	110000.000
8553	110	110000.000
8554	108	108000.000
8555	113	113000.000
8556	121	121000.000
8557	90	90000.000
8558	93	93000.000
8559	103	103000.000
8560	101	101000.000
8561	95	95000.000
8562	96	96000.000
8563	113	113000.000
8564	100	100000.000
8565	92	92000.000
8566	81	81000.000
8567	99	99000.000
8568	85	85000.000
8569	100	100000.000
8570	120	120000.000
8571	103	103000.000
8572	93	93000.000
8573	93	93000.000
8574	92	92000.000
8575	95	95000.000
8576	88	88000.000
8577	106	106000.000
8578	105	105000.000
8579	103	103000.000
8580	107	107000.000
8581	101	101000.000
8582	115	115000.000
8583	115	115000.000
8584	89	89000.000
8585	96	96000.000
8586	104	104000.000
8587	99	99000.000
8588	112	112000.000
8589	112	112000.000
8590	105	105000.000
8591	122	122000.000
8592	107	107000.000
8593	91	91000.000
8594	109	109000.000
8595	103	103000.000
8596	113	113000.000
8597	95	95000.000
8598	107	107000.000
8599	102	102000.000
8600	114	114000.000
8601	102	102000.000
8602	106	106000.000
8603	116	116000.000
8604	99	99000.000
8605	80	80000.000
8606	100	100000.000
8607	115	115000.000
8608	109	109000.000
8609	103	103000.000
8610	93	93000.000
8611	107	107000.000
8612	83	83000.000
8613	71	71000.000
8614	87	87000.000
8615	92	92000.000
8616	126	126000.000
8617	100	100000.000
8618	96	96000.000
8619	112	112000.000
8620	98	98000.000
8621	103	103000.000
8622	105	105000.000
8623	104	104000.000
8624	102	102000.000
8625	97	97000.000
8626	98	98000.000
8627	84	84000.000
8628	97	97000.000
8629	106	106000.000
8630	116	116000.000
8631	92	92000.000
8632	117	117000.000
8633	101	101000.000
8634	106	106000.000
8635	99	99000.000
8636	109	109000.000
8637	85	85000.000
8638	119	119000.000
8639	91	91000.000
8640	95	95000.000
8641	93	93000.000
8642	96	96000.000
8643	95	95000.000
8644	113	113000.000
8645	102	102000.000
8646	95	95000.000
8647	115	115000.000
8648	97	97000.000
8649	99	99000.000
8650	115	115000.000
8651	101	101000.000
8652	112	112000.000
8653	102	102000.000
8654	93	93000.000
8655	94	94000.000
8656	102	102000.000
8657	97	97000.000
8658	90	90000.000
8659	83	83000.000
8660	103	103000.000
8661	104	104000.000
8662	100	100000.000
8663	108	108000.000
8664	110	110000.000
8665	120	120000.000
8666	125	125000.000
8667	95	95000.000
8668	108	108000.000
8669	116	116000.000
8670	102	102000.000
8671	113	113000.000
8672	103	103000.000
8673	106	106000.000
8674	100	100000.000
8675	99	99000.000
8676	101	101000.000
8677	90	90000.000
8678	103	103000.000
8679	119	119000.000
8680	100	100000.000
8681	105	105000.000
8682	85	85000.000
8683	101	101000.000
8684	92	92000.000
8685	99	99000.000
8686	94	94000.000
8687	98	98000.000
8688	85	85000.000
8689	102	102000.000
8690	98	98000.000
8691	101	101000.000
8692	97	97000.000
8693	111	111000.000
8694	101	101000.000
8695	108	108000.000
8696	123	123000.000
8697	103	103000.000
8698	104	104000.000
8699	111	111000.000
8700	91	91000.000
8701	96	96000.000
8702	117	117000.000
8703	105	105000.000
8704	93	93000.000
8705	86	86000.000
8706	90	90000.000
8707	74	74000.000
8708	107	107000.000
8709	118	118000.000
8710	72	72000.000
8711	135	135000.000
8712	78	78000.000
8713	99	99000.000
8714	119	119000.000
8715	93	93000.000
8716	75	75000.000
8717	102	102000.000
8718	107	107000.000
8719	106	106000.000
8720	106	106000.000
8721	109	109000.000
8722	105	105000.000
8723	97	97000.000
8724	108	108000.000
8725	100	100000.000
8726	113	113000.000
8727	91	91000.000
8728	110	110000.000
8729	99	99000.000
8730	107	107000.000
8731	105	105000.000
8732	104	104000.000
8733	107	107000.000
8734	113	113000.000
8735	99	99000.000
8736	97	97000.000
8737	119	119000.000
8738	102	102000.000
8739	85	85000.000
8740	128	128000.000
8741	104	104000.000
8742	100	100000.000
8743	114	114000.000
8744	134	134000.000
8745	104	104000.000
8746	115	115000.000
8747	105	105000.000
8748	119	119000.000
8749	93	93000.000
8750	105	105000.000
8751	95	95000.000
8752	94	94000.000
8753	89	89000.000
8754	93	93000.000
8755	86	86000.000
8756	120	120000.000
8757	128	128000.000
8758	113	113000.000
8759	125	125000.000
8760	93	93000.000
8761	78	78000.000
8762	106	106000.000
8763	113	113000.000
8764	105	105000.000
8765	101	101000.000
8766	121	121000.000
8767	113	113000.000
8768	94	94000.000
8769	107	107000.000
8770	89	89000.000
8771	95	95000.000
8772	83	83000.000
8773	120	120000.000
8774	112	112000.000
8775	97	97000.000
8776	106	106000.000
8777	102	102000.000
8778	114	114000.000
8779	98	98000.000
8780	99	99000.000
8781	95	95000.000
8782	100	100000.000
8783	86	86000.000
8784	110	110000.000
8785	114	114000.000
8786	101	101000.000
8787	109	109000.000
8788	101	101000.000
8789	112	112000.000
8790	97	97000.000
8791	111	111000.000
8792	119	119000.000
8793	104	104000.000
8794	118	118000.000
8795	119	119000.000
8796	85	85000.000
8797	95	95000.000
8798	104	104000.000
8799	87	87000.000
8800	111	111000.000
8801	106	106000.000
8802	83	83000.000
8803	121	121000.000
8804	98	98000.000
8805	101	101000.000
8806	101	101000.000
8807	88	88000.000
8808	109	109000.000
8809	106	106000.000
8810	102	102000.000
8811	105	105000.000
8812	96	96000.000
8813	103	103000.000
8814	99	99000.000
8815	104	104000.000
8816	106	106000.000
8817	121	121000.000
8818	103	103000.000
8819	117	117000.000
8820	94	94000.000
8821	121	121000.000
8822	110	110000.000
8823	84	84000.000
8824	100	100000.000
8825	102	102000.000
8826	97	97000.000
8827	107	107000.000
8828	92	92000.000
8829	103	103000.000
8830	93	93000.000
8831	107	107000.000
8832	109	109000.000
8833	90	90000.000
8834	100	100000.000
8835	113	113000.000
8836	95	95000.000
8837	103	103000.000
8838	119	119000.000
8839	97	97000.000
8840	86	86000.000
8841	98	98000.000
8842	111	111000.000
8843	102	102000.000
8844	101	101000.000
8845	104	104000.000
8846	81	81000.000
8847	90	90000.000
8848	105	105000.000
8849	94	94000.000
8850	90	90000.000
8851	103	103000.000
8852	106	106000.000
8853	91	91000.000
8854	101	101000.000
8855	114	114000.000
8856	104	104000.000
8857	81	81000.000
8858	114	114000.000
8859	102	102000.000
8860	104	104000.000
8861	94	94000.000
8862	99	99000.000
8863	102	102000.000
8864	96	96000.000
8865	99	99000.000
8866	90	90000.000
8867	99	99000.000
8868	105	105000.000
8869	127	127000.000
8870	98	98000.000
8871	99	99000.000
8872	104	104000.000
8873	97	97000.000
8874	94	94000.000
8875	93	93000.000
8876	104	104000.000
8877	108	108000.000
8878	95	95000.000
8879	116	116000.000
8880	93	93000.000
8881	116	116000.000
8882	106	106000.000
8883	100	100000.000
8884	110	110000.000
8885	118	118000.000
8886	100	100000.000
8887	100	100000.000
8888	104	104000.000
8889	93	93000.000
8890	105	105000.000
8891	101	101000.000
8892	90	90000.000
8893	87	87000.000
8894	94	94000.000
8895	107	107000.000
8896	110	110000.000
8897	96	96000.000
8898	107	107000.000
8899	83	83000.000
8900	134	134000.000
8901	103	103000.000
8902	107	107000.000
8903	103	103000.000
8904	88	88000.000
8905	111	111000.000
8906	114	114000.000
8907	97	97000.000
8908	100	100000.000
8909	99	99000.000
8910	95	95000.000
8911	107	107000.000
8912	108	108000.000
8913	86	86000.000
8914	99	99000.000
8915	84	84000.000
8916	97	97000.000
8917	108	108000.000
8918	130	130000.000
8919	98	98000.000
8920	103	103000.000
8921	105	105000.000
8922	106	106000.000
8923	104	104000.000
8924	111	111000.000
8925	116	116000.000
8926	109	109000.000
8927	97	97000.000
8928	118	118000.000
8929	91	91000.000
8930	84	84000.000
8931	111	111000.000
8932	101	101000.000
8933	112	112000.000
8934	105	105000.000
8935	115	115000.000
8936	100	100000.000
8937	112	112000.000
8938	92	92000.000
8939	119	119000.000
8940	130	130000.000
8941	102	102000.000
8942	113	113000.000
8943	108	108000.000
8944	96	96000.000
8945	115	115000.000
8946	107	107000.000
8947	93	93000.000
8948	95	95000.000
8949	125	125000.000
8950	122	122000.000
8951	98	98000.000
8952	95	95000.000
8953	94	94000.000
8954	97	97000.000
8955	98	98000.000
8956	103	103000.000
8957	89	89000.000
8958	99	99000.000
8959	96	96000.000
8960	84	84000.000
8961	108	108000.000
8962	107	107000.000
8963	105	105000.000
8964	92	92000.000
8965	102	102000.000
8966	117	117000.000
8967	94	94000.000
8968	97	97000.000
8969	107	107000.000
8970	121	121000.000
8971	95	95000.000
8972	96	96000.000
8973	98	98000.000
8974	112	112000.000
8975	93	93000.000
8976	111	111000.000
8977	106	106000.000
8978	91	91000.000
8979	91	91000.000
8980	93	93000.000
8981	102	102000.000
8982	103	103000.000
8983	101	101000.000
8984	111	111000.000
8985	110	110000.000
8986	113	113000.000
8987	101	101000.000
8988	96	96000.000
8989	95	95000.000
8990	94	94000.000
8991	89	89000.000
8992	103	103000.000
8993	99	99000.000
8994	114	114000.000
8995	103	103000.000
8996	117	117000.000
8997	112	112000.000
8998	102	102000.000
8999	103	103000.000
9000	101	101000.000
9001	103	103000.000
9002	111	111000.000
9003	114	114000.000
9004	96	96000.000
9005	101	101000.000
9006	84	84000.000
9007	101	101000.000
9008	95	95000.000
9009	106	106000.000
9010	104	104000.000
9011	107	107000.000
9012	92	92000.000
9013	107	107000.000
9014	102	102000.000
9015	117	117000.000
9016	111	111000.000
9017	102	102000.000
9018	107	107000.000
9019	102	102000.000
9020	102	102000.000
9021	95	95000.000
9022	96	96000.000
9023	93	93000.000
9024	107	107000.000
9025	109	109000.000
9026	104	104000.000
9027	113	113000.000
9028	98	98000.000
9029	107	107000.000
9030	104	104000.000
9031	125	125000.000
9032	90	90000.000
9033	108	108000.000
9034	109	109000.000
9035	93	93000.000
9036	113	113000.000
9037	91	91000.000
9038	77	77000.000
9039	106	106000.000
9040	108	108000.000
9041	92	92000.000
9042	95	95000.000
9043	114	114000.000
9044	119	119000.000
9045	110	110000.000
9046	99	99000.000
9047	104	104000.000
9048	82	82000.000
9049	107	107000.000
9050	102	102000.000
9051	125	125000.000
9052	88	88000.000
9053	107	107000.000
9054	111	111000.000
9055	104	104000.000
9056	104	104000.000
9057	103	103000.000
9058	109	109000.000
9059	94	94000.000
9060	100	100000.000
9061	117	117000.000
9062	122	122000.000
9063	108	108000.000
9064	110	110000.000
9065	105	105000.000
9066	103	103000.000
9067	92	92000.000
9068	95	95000.000
9069	74	74000.000
9070	101	101000.000
9071	106	106000.000
9072	86	86000.000
9073	106	106000.000
9074	103	103000.000
9075	111	111000.000
9076	102	102000.000
9077	101	101000.000
9078	109	109000.000
9079	101	101000.000
9080	104	104000.000
9081	110	110000.000
9082	110	110000.000
9083	109	109000.000
9084	100	100000.000
9085	110	110000.000
9086	122	122000.000
9087	107	107000.000
9088	108	108000.000
9089	113	113000.000
9090	93	93000.000
9091	108	108000.000
9092	113	113000.000
9093	96	96000.000
9094	90	90000.000
9095	97	97000.000
9096	113	113000.000
9097	116	116000.000
9098	104	104000.000
9099	99	99000.000
9100	96	96000.000
9101	96	96000.000
9102	107	107000.000
9103	103	103000.000
9104	81	81000.000
9105	116	116000.000
9106	97	97000.000
9107	104	104000.000
9108	112	112000.000
9109	119	119000.000
9110	108	108000.000
9111	101	101000.000
9112	111	111000.000
9113	100	100000.000
9114	84	84000.000
9115	99	99000.000
9116	127	127000.000
9117	102	102000.000
9118	91	91000.000
9119	95	95000.000
9120	93	93000.000
9121	80	80000.000
9122	95	95000.000
9123	84	84000.000
9124	82	82000.000
9125	100	100000.000
9126	116	116000.000
9127	99	99000.000
9128	98	98000.000
9129	104	104000.000
9130	113	113000.000
9131	95	95000.000
9132	108	108000.000
9133	93	93000.000
9134	115	115000.000
9135	97	97000.000
9136	97	97000.000
9137	98	98000.000
9138	106	106000.000
9139	100	100000.000
9140	116	116000.000
9141	97	97000.000
9142	111	111000.000
9143	101	101000.000
9144	106	106000.000
9145	96	96000.000
9146	111	111000.000
9147	101	101000.000
9148	108	108000.000
9149	88	88000.000
9150	120	120000.000
9151	101	101000.000
9152	111	111000.000
9153	97	97000.000
9154	81	81000.000
9155	104	104000.000
9156	101	101000.000
9157	98	98000.000
9158	105	105000.000
9159	96	96000.000
9160	95	95000.000
9161	112	112000.000
9162	96	96000.000
9163	100	100000.000
9164	88	88000.000
9165	106	106000.000
9166	109	109000.000
9167	92	92000.000
9168	105	105000.000
9169	123	123000.000
9170	94	94000.000
9171	94	94000.000
9172	109	109000.000
9173	106	106000.000
9174	101	101000.000
9175	105	105000.000
9176	101	101000.000
9177	104	104000.000
9178	102	102000.000
9179	106	106000.000
9180	108	108000.000
9181	118	118000.000
9182	110	110000.000
9183	104	104000.000
9184	94	94000.000
9185	89	89000.000
9186	104	104000.000
9187	114	114000.000
9188	117	117000.000
9189	107	107000.000
9190	106	106000.000
9191	104	104000.000
9192	88	88000.000
9193	88	88000.000
9194	106	106000.000
9195	104	104000.000
9196	119	119000.000
9197	113	113000.000
9198	83	83000.000
9199	108	108000.000
9200	120	120000.000
9201	94	94000.000
9202	116	116000.000
9203	102	102000.000
9204	108	108000.000
9205	119	119000.000
9206	105	105000.000
9207	84	84000.000
9208	127	127000.000
9209	95	95000.000
9210	131	131000.000
9211	99	99000.000
9212	91	91000.000
9213	99	99000.000
9214	104	104000.000
9215	86	86000.000
9216	110	110000.000
9217	91	91000.000
9218	103	103000.000
9219	100	100000.000
9220	93	93000.000
9221	89	89000.000
9222	110	110000.000
9223	103	103000.000
9224	109	109000.000
9225	91	91000.000
9226	96	96000.000
9227	111	111000.000
9228	92	92000.000
9229	118	118000.000
9230	112	112000.000
9231	105	105000.000
9232	105	105000.000
9233	109	109000.000
9234	100	100000.000
9235	106	106000.000
9236	94	94000.000
9237	111	111000.000
9238	104	104000.000
9239	107	107000.000
9240	107	107000.000
9241	102	102000.000
9242	97	97000.000
9243	111	111000.000
9244	107	107000.000
9245	104	104000.000
9246	120	120000.000
9247	99	99000.000
9248	107	107000.000
9249	104	104000.000
9250	96	96000.000
9251	108	108000.000
9252	120	120000.000
9253	98	98000.000
9254	110	110000.000
9255	90	90000.000
9256	100	100000.000
9257	96	96000.000
9258	106	106000.000
9259	102	102000.000
9260	94	94000.000
9261	120	120000.000
9262	102	102000.000
9263	94	94000.000
9264	116	116000.000
9265	110	110000.000
9266	103	103000.000
9267	103	103000.000
9268	115	115000.000
9269	89	89000.000
9270	96	96000.000
9271	124	124000.000
9272	94	94000.000
9273	108	108000.000
9274	114	114000.000
9275	97	97000.000
9276	98	98000.000
9277	109	109000.000
9278	72	72000.000
9279	96	96000.000
9280	111	111000.000
9281	115	115000.000
9282	119	119000.000
9283	93	93000.000
9284	101	101000.000
9285	106	106000.000
9286	89	89000.000
9287	121	121000.000
9288	120	120000.000
9289	116	116000.000
9290	105	105000.000
9291	99	99000.000
9292	93	93000.000
9293	103	103000.000
9294	101	101000.000
9295	84	84000.000
9296	103	103000.000
9297	109	109000.000
9298	112	112000.000
9299	101	101000.000
9300	106	106000.000
9301	96	96000.000
9302	110	110000.000
9303	97	97000.000
9304	100	100000.000
9305	95	95000.000
9306	109	109000.000
9307	104	104000.000
9308	102	102000.000
9309	80	80000.000
9310	115	115000.000
9311	92	92000.000
9312	112	112000.000
9313	101	101000.000
9314	106	106000.000
9315	105	105000.000
9316	99	99000.000
9317	103	103000.000
9318	118	118000.000
9319	125	125000.000
9320	107	107000.000
9321	102	102000.000
9322	95	95000.000
9323	89	89000.000
9324	106	106000.000
9325	91	91000.000
9326	103	103000.000
9327	106	106000.000
9328	102	102000.000
9329	88	88000.000
9330	95	95000.000
9331	98	98000.000
9332	97	97000.000
9333	96	96000.000
9334	103	103000.000
9335	101	101000.000
9336	91	91000.000
9337	96	96000.000
9338	109	109000.000
9339	104	104000.000
9340	95	95000.000
9341	97	97000.000
9342	102	102000.000
9343	125	125000.000
9344	98	98000.000
9345	88	88000.000
9346	114	114000.000
9347	103	103000.000
9348	94	94000.000
9349	121	121000.000
9350	99	99000.000
9351	92	92000.000
9352	96	96000.000
9353	85	85000.000
9354	108	108000.000
9355	107	107000.000
9356	114	114000.000
9357	97	97000.000
9358	116	116000.000
9359	93	93000.000
9360	103	103000.000
9361	96	96000.000
9362	88	88000.000
9363	95	95000.000
9364	115	115000.000
9365	102	102000.000
9366	105	105000.000
9367	102	102000.000
9368	116	116000.000
9369	112	112000.000
9370	115	115000.000
9371	110	110000.000
9372	108	108000.000
9373	93	93000.000
9374	110	110000.000
9375	90	90000.000
9376	119	119000.000
9377	109	109000.000
9378	113	113000.000
9379	104	104000.000
9380	92	92000.000
9381	94	94000.000
9382	94	94000.000
9383	102	102000.000
9384	85	85000.000
9385	119	119000.000
9386	113	113000.000
9387	118	118000.000
9388	108	108000.000
9389	110	110000.000
9390	103	103000.000
9391	99	99000.000
9392	113	113000.000
9393	120	120000.000
9394	94	94000.000
9395	109	109000.000
9396	93	93000.000
9397	88	88000.000
9398	108	108000.000
9399	112	112000.000
9400	112	112000.000
9401	93	93000.000
9402	110	110000.000
9403	98	98000.000
9404	120	120000.000
9405	89	89000.000
9406	85	85000.000
9407	91	91000.000
9408	94	94000.000
9409	104	104000.000
9410	109	109000.000
9411	120	120000.000
9412	97	97000.000
9413	110	110000.000
9414	100	100000.000
9415	117	117000.000
9416	119	119000.000
9417	112	112000.000
9418	108	108000.000
9419	88	88000.000
9420	98	98000.000
9421	98	98000.000
9422	101	101000.000
9423	94	94000.000
9424	105	105000.000
9425	122	122000.000
9426	106	106000.000
9427	108	108000.000
9428	101	101000.000
9429	97	97000.000
9430	98	98000.000
9431	116	116000.000
9432	115	115000.000
9433	78	78000.000
9434	93	93000.000
9435	111	111000.000
9436	98	98000.000
9437	93	93000.000
9438	99	99000.000
9439	108	108000.000
9440	107	107000.000
9441	108	108000.000
9442	99	99000.000
9443	93	93000.000
9444	112	112000.000
9445	99	99000.000
9446	103	103000.000
9447	124	124000.000
9448	109	109000.000
9449	108	108000.000
9450	104	104000.000
9451	97	97000.000
9452	106	106000.000
9453	101	101000.000
9454	106	106000.000
9455	101	101000.000
9456	132	132000.000
9457	115	115000.000
9458	113	113000.000
9459	109	109000.000
9460	95	95000.000
9461	100	100000.000
9462	100	100000.000
9463	124	124000.000
9464	110	110000.000
9465	112	112000.000
9466	107	107000.000
9467	92	92000.000
9468	106	106000.000
9469	104	104000.000
9470	85	85000.000
9471	110	110000.000
9472	123	123000.000
9473	98	98000.000
9474	104	104000.000
9475	121	121000.000
9476	97	97000.000
9477	102	102000.000
9478	99	99000.000
9479	107	107000.000
9480	89	89000.000
9481	90	90000.000
9482	131	131000.000
9483	88	88000.000
9484	106	106000.000
9485	98	98000.000
9486	101	101000.000
9487	92	92000.000
9488	100	100000.000
9489	93	93000.000
9490	98	98000.000
9491	87	87000.000
9492	108	108000.000
9493	104	104000.000
9494	106	106000.000
9495	106	106000.000
9496	103	103000.000
9497	94	94000.000
9498	106	106000.000
9499	102	102000.000
9500	131	131000.000
9501	90	90000.000
9502	97	97000.000
9503	90	90000.000
9504	104	104000.000
9505	92	92000.000
9506	90	90000.000
9507	84	84000.000
9508	90	90000.000
9509	116	116000.000
9510	92	92000.000
9511	136	136000.000
9512	86	86000.000
9513	109	109000.000
9514	126	126000.000
9515	97	97000.000
9516	105	105000.000
9517	95	95000.000
9518	104	104000.000
9519	102	102000.000
9520	91	91000.000
9521	103	103000.000
9522	97	97000.000
9523	92	92000.000
9524	95	95000.000
9525	127	127000.000
9526	103	103000.000
9527	115	115000.000
9528	102	102000.000
9529	99	99000.000
9530	102	102000.000
9531	92	92000.000
9532	104	104000.000
9533	105	105000.000
9534	109	109000.000
9535	97	97000.000
9536	89	89000.000
9537	92	92000.000
9538	90	90000.000
9539	101	101000.000
9540	96	96000.000
9541	105	105000.000
9542	101	101000.000
9543	90	90000.000
9544	103	103000.000
9545	99	99000.000
9546	91	91000.000
9547	92	92000.000
9548	104	104000.000
9549	98	98000.000
9550	102	102000.000
9551	114	114000.000
9552	86	86000.000
9553	120	120000.000
9554	114	114000.000
9555	95	95000.000
9556	109	109000.000
9557	110	110000.000
9558	94	94000.000
9559	119	119000.000
9560	93	93000.000
9561	103	103000.000
9562	105	105000.000
9563	111	111000.000
9564	108	108000.000
9565	91	91000.000
9566	104	104000.000
9567	101	101000.000
9568	116	116000.000
9569	92	92000.000
9570	106	106000.000
9571	91	91000.000
9572	103	103000.000
9573	132	132000.000
9574	82	82000.000
9575	94	94000.000
9576	87	87000.000
9577	118	118000.000
9578	102	102000.000
9579	102	102000.000
9580	108	108000.000
9581	95	95000.000
9582	107	107000.000
9583	121	121000.000
9584	93	93000.000
9585	107	107000.000
9586	116	116000.000
9587	83	83000.000
9588	96	96000.000
9589	103	103000.000
9590	107	107000.000
9591	120	120000.000
9592	103	103000.000
9593	110	110000.000
9594	108	108000.000
9595	116	116000.000
9596	96	96000.000
9597	97	97000.000
9598	112	112000.000
9599	84	84000.000
9600	96	96000.000
9601	110	110000.000
9602	103	103000.000
9603	115	115000.000
9604	102	102000.000
9605	84	84000.000
9606	95	95000.000
9607	99	99000.000
9608	89	89000.000
9609	91	91000.000
9610	90	90000.000
9611	107	107000.000
9612	109	109000.000
9613	104	104000.000
9614	114	114000.000
9615	98	98000.000
9616	101	101000.000
9617	108	108000.000
9618	77	77000.000
9619	86	86000.000
9620	107	107000.000
9621	101	101000.000
9622	105	105000.000
9623	126	126000.000
9624	99	99000.000
9625	114	114000.000
9626	102	102000.000
9627	110	110000.000
9628	101	101000.000
9629	96	96000.000
9630	103	103000.000
9631	109	109000.000
9632	114	114000.000
9633	105	105000.000
9634	92	92000.000
9635	97	97000.000
9636	78	78000.000
9637	100	100000.000
9638	97	97000.000
9639	101	101000.000
9640	97	97000.000
9641	110	110000.000
9642	107	107000.000
9643	87	87000.000
9644	97	97000.000
9645	97	97000.000
9646	117	117000.000
9647	105	105000.000
9648	104	104000.000
9649	93	93000.000
9650	90	90000.000
9651	120	120000.000
9652	96	96000.000
9653	120	120000.000
9654	129	129000.000
9655	107	107000.000
9656	102	102000.000
9657	111	111000.000
9658	105	105000.000
9659	103	103000.000
9660	96	96000.000
9661	117	117000.000
9662	81	81000.000
9663	106	106000.000
9664	108	108000.000
9665	115	115000.000
9666	110	110000.000
9667	98	98000.000
9668	101	101000.000
9669	88	88000.000
9670	106	106000.000
9671	84	84000.000
9672	97	97000.000
9673	99	99000.000
9674	94	94000.000
9675	84	84000.000
9676	94	94000.000
9677	122	122000.000
9678	97	97000.000
9679	104	104000.000
9680	96	96000.000
9681	95	95000.000
9682	106	106000.000
9683	97	97000.000
9684	105	105000.000
9685	100	100000.000
9686	99	99000.000
9687	108	108000.000
9688	111	111000.000
9689	97	97000.000
9690	92	92000.000
9691	102	102000.000
9692	97	97000.000
9693	105	105000.000
9694	115	115000.000
9695	96	96000.000
9696	112	112000.000
9697	103	103000.000
9698	99	99000.000
9699	122	122000.000
9700	104	104000.000
9701	100	100000.000
9702	83	83000.000
9703	80	80000.000
9704	102	102000.000
9705	92	92000.000
9706	99	99000.000
9707	97	97000.000
9708	94	94000.000
9709	93	93000.000
9710	97	97000.000
9711	116	116000.000
9712	107	107000.000
9713	101	101000.000
9714	102	102000.000
9715	116	116000.000
9716	99	99000.000
9717	118	118000.000
9718	92	92000.000
9719	101	101000.000
9720	95	95000.000
9721	121	121000.000
9722	113	113000.000
9723	108	108000.000
9724	114	114000.000
9725	111	111000.000
9726	87	87000.000
9727	86	86000.000
9728	106	106000.000
9729	105	105000.000
9730	113	113000.000
9731	98	98000.000
9732	105	105000.000
9733	112	112000.000
9734	111	111000.000
9735	97	97000.000
9736	109	109000.000
9737	102	102000.000
9738	114	114000.000
9739	108	108000.000
9740	99	99000.000
9741	97	97000.000
9742	102	102000.000
9743	86	86000.000
9744	96	96000.000
9745	119	119000.000
9746	108	108000.000
9747	108	108000.000
9748	111	111000.000
9749	111	111000.000
9750	99	99000.000
9751	100	100000.000
9752	81	81000.000
9753	87	87000.000
9754	100	100000.000
9755	103	103000.000
9756	103	103000.000
9757	110	110000.000
9758	107	107000.000
9759	107	107000.000
9760	112	112000.000
9761	100	100000.000
9762	119	119000.000
9763	114	114000.000
9764	102	102000.000
9765	114	114000.000
9766	121	121000.000
9767	106	106000.000
9768	100	100000.000
9769	101	101000.000
9770	99	99000.000
9771	96	96000.000
9772	80	80000.000
9773	103	103000.000
9774	96	96000.000
9775	100	100000.000
9776	116	116000.000
9777	90	90000.000
9778	103	103000.000
9779	112	112000.000
9780	120	120000.000
9781	101	101000.000
9782	101	101000.000
9783	96	96000.000
9784	115	115000.000
9785	99	99000.000
9786	92	92000.000
9787	106	106000.000
9788	112	112000.000
9789	88	88000.000
9790	90	90000.000
9791	108	108000.000
9792	92	92000.000
9793	102	102000.000
9794	111	111000.000
9795	91	91000.000
9796	113	113000.000
9797	111	111000.000
9798	103	103000.000
9799	111	111000.000
9800	104	104000.000
9801	92	92000.000
9802	114	114000.000
9803	105	105000.000
9804	109	109000.000
9805	81	81000.000
9806	109	109000.000
9807	107	107000.000
9808	101	101000.000
9809	132	132000.000
9810	110	110000.000
9811	90	90000.000
9812	109	109000.000
9813	114	114000.000
9814	108	108000.000
9815	86	86000.000
9816	89	89000.000
9817	105	105000.000
9818	96	96000.000
9819	118	118000.000
9820	117	117000.000
9821	82	82000.000
9822	104	104000.000
9823	111	111000.000
9824	117	117000.000
9825	107	107000.000
9826	117	117000.000
9827	106	106000.000
9828	103	103000.000
9829	96	96000.000
9830	114	114000.000
9831	102	102000.000
9832	98	98000.000
9833	109	109000.000
9834	112	112000.000
9835	93	93000.000
9836	83	83000.000
9837	95	95000.000
9838	98	98000.000
9839	101	101000.000
9840	86	86000.000
9841	101	101000.000
9842	76	76000.000
9843	97	97000.000
9844	107	107000.000
9845	112	112000.000
9846	106	106000.000
9847	88	88000.000
9848	112	112000.000
9849	109	109000.000
9850	103	103000.000
9851	91	91000.000
9852	109	109000.000
9853	116	116000.000
9854	98	98000.000
9855	116	116000.000
9856	94	94000.000
9857	96	96000.000
9858	108	108000.000
9859	97	97000.000
9860	97	97000.000
9861	106	106000.000
9862	124	124000.000
9863	115	115000.000
9864	126	126000.000
9865	100	100000.000
9866	110	110000.000
9867	122	122000.000
9868	101	101000.000
9869	95	95000.000
9870	100	100000.000
9871	89	89000.000
9872	101	101000.000
9873	98	98000.000
9874	116	116000.000
9875	105	105000.000
9876	99	99000.000
9877	99	99000.000
9878	106	106000.000
9879	126	126000.000
9880	106	106000.000
9881	111	111000.000
9882	104	104000.000
9883	109	109000.000
9884	91	91000.000
9885	112	112000.000
9886	95	95000.000
9887	103	103000.000
9888	88	88000.000
9889	96	96000.000
9890	94	94000.000
9891	114	114000.000
9892	78	78000.000
9893	102	102000.000
9894	100	100000.000
9895	107	107000.000
9896	103	103000.000
9897	117	117000.000
9898	94	94000.000
9899	104	104000.000
9900	92	92000.000
9901	107	107000.000
9902	98	98000.000
9903	97	97000.000
9904	114	114000.000
9905	107	107000.000
9906	85	85000.000
9907	104	104000.000
9908	106	106000.000
9909	102	102000.000
9910	95	95000.000
9911	121	121000.000
9912	91	91000.000
9913	128	128000.000
9914	116	116000.000
9915	113	113000.000
9916	92	92000.000
9917	92	92000.000
9918	104	104000.000
9919	86	86000.000
9920	111	111000.000
9921	127	127000.000
9922	104	104000.000
9923	97	97000.000
9924	95	95000.000
9925	105	105000.000
9926	101	101000.000
9927	118	118000.000
9928	98	98000.000
9929	95	95000.000
9930	101	101000.000
9931	104	104000.000
9932	95	95000.000
9933	110	110000.000
9934	102	102000.000
9935	94	94000.000
9936	89	89000.000
9937	99	99000.000
9938	112	112000.000
9939	121	121000.000
9940	105	105000.000
9941	95	95000.000
9942	111	111000.000
9943	81	81000.000
9944	92	92000.000
9945	100	100000.000
9946	104	104000.000
9947	102	102000.000
9948	113	113000.000
9949	112	112000.000
9950	97	97000.000
9951	97	97000.000
9952	98	98000.000
9953	99	99000.000
9954	91	91000.000
9955	100	100000.000
9956	88	88000.000
9957	98	98000.000
9958	90	90000.000
9959	100	100000.000
9960	97	97000.000
9961	99	99000.000
9962	90	90000.000
9963	99	99000.000
9964	95	95000.000
9965	104	104000.000
9966	81	81000.000
9967	84	84000.000
9968	87	87000.000
9969	111	111000.000
9970	101	101000.000
9971	107	107000.000
9972	93	93000.000
9973	106	106000.000
9974	99	99000.000
9975	112	112000.000
9976	98	98000.000
9977	107	107000.000
9978	128	128000.000
9979	111	111000.000
9980	92	92000.000
9981	102	102000.000
9982	120	120000.000
9983	91	91000.000
9984	105	105000.000
9985	105	105000.000
9986	93	93000.000
9987	92	92000.000
9988	87	87000.000
9989	102	102000.000
9990	111	111000.000
9991	107	107000.000
9992	108	108000.000
9993	99	99000.000
9994	103	103000.000
9995	109	109000.000
9996	117	117000.000
9997	107	107000.000
9998	105	105000.000
9999	123	123000.000
10000	111	111000.000
