Thorlabs Single Photon Counter Data Export

Date (YYYY-MM-DD):	2026-05-04
Time (HH:MM:SS):	19:04:43
Device Name:	SPCM50A
Serial Number:	M00296614
GUI Revision:	1.0 Build 23
Driver Revision:	1.1.0
Firmware Revision:	1.0.0

Application settings:
Operating Mode:	Free Running Timed Counter
Bin Length [ms]:	1
Time between Bins [ms]:	0.001
Pulse Blind Time [ns]:	0
Trigger Edge:	non-applicable
Array Measurement:	Yes
Array Measurement Continuously:	No
Bins per Array:	10000
Active APD Gating:	No
Fan Off:	No

Bin Number 	Counts per Bin 	Remarks
        1	           48 	
        2	           52 	
        3	           38 	
        4	           58 	
        5	           51 	
        6	           37 	
        7	           50 	
        8	           42 	
        9	           41 	
       10	           44 	
       11	           29 	
       12	           45 	
       13	           49 	
       14	           53 	
       15	           55 	
       16	           38 	
       17	           50 	
       18	           47 	
       19	           45 	
       20	           38 	
       21	           47 	
       22	           40 	
       23	           42 	
       24	           44 	
       25	           43 	
       26	           52 	
       27	           45 	
       28	           46 	
       29	           38 	
       30	           39 	
       31	           56 	
       32	           40 	
       33	           54 	
       34	           53 	
       35	           35 	
       36	           43 	
       37	           36 	
       38	           52 	
       39	           52 	
       40	           61 	
       41	           43 	
       42	           35 	
       43	           39 	
       44	           49 	
       45	           36 	
       46	           46 	
       47	           65 	
       48	           37 	
       49	           45 	
       50	           45 	
       51	           53 	
       52	           38 	
       53	           30 	
       54	           47 	
       55	           42 	
       56	           55 	
       57	           36 	
       58	           44 	
       59	           35 	
       60	           36 	
       61	           39 	
       62	           51 	
       63	           47 	
       64	           45 	
       65	           48 	
       66	           46 	
       67	           48 	
       68	           49 	
       69	           35 	
       70	           51 	
       71	           37 	
       72	           41 	
       73	           51 	
       74	           40 	
       75	           40 	
       76	           31 	
       77	           36 	
       78	           42 	
       79	           54 	
       80	           39 	
       81	           44 	
       82	           47 	
       83	           42 	
       84	           46 	
       85	           34 	
       86	           44 	
       87	           50 	
       88	           46 	
       89	           44 	
       90	           63 	
       91	           52 	
       92	           43 	
       93	           47 	
       94	           38 	
       95	           25 	
       96	           53 	
       97	           47 	
       98	           35 	
       99	           37 	
      100	           41 	
      101	           50 	
      102	           41 	
      103	           36 	
      104	           49 	
      105	           49 	
      106	           54 	
      107	           34 	
      108	           51 	
      109	           53 	
      110	           39 	
      111	           39 	
      112	           45 	
      113	           46 	
      114	           60 	
      115	           48 	
      116	           52 	
      117	           45 	
      118	           46 	
      119	           49 	
      120	           37 	
      121	           48 	
      122	           56 	
      123	           38 	
      124	           46 	
      125	           43 	
      126	           45 	
      127	           42 	
      128	           44 	
      129	           45 	
      130	           50 	
      131	           32 	
      132	           37 	
      133	           52 	
      134	           46 	
      135	           49 	
      136	           32 	
      137	           48 	
      138	           48 	
      139	           47 	
      140	           38 	
      141	           54 	
      142	           46 	
      143	           57 	
      144	           29 	
      145	           46 	
      146	           50 	
      147	           37 	
      148	           50 	
      149	           52 	
      150	           44 	
      151	           53 	
      152	           39 	
      153	           47 	
      154	           52 	
      155	           38 	
      156	           47 	
      157	           47 	
      158	           51 	
      159	           38 	
      160	           41 	
      161	           45 	
      162	           51 	
      163	           37 	
      164	           52 	
      165	           41 	
      166	           53 	
      167	           40 	
      168	           41 	
      169	           49 	
      170	           51 	
      171	           39 	
      172	           57 	
      173	           38 	
      174	           42 	
      175	           37 	
      176	           49 	
      177	           48 	
      178	           42 	
      179	           42 	
      180	           55 	
      181	           40 	
      182	           44 	
      183	           31 	
      184	           37 	
      185	           46 	
      186	           40 	
      187	           41 	
      188	           44 	
      189	           33 	
      190	           43 	
      191	           44 	
      192	           47 	
      193	           40 	
      194	           47 	
      195	           46 	
      196	           42 	
      197	           54 	
      198	           49 	
      199	           42 	
      200	           54 	
      201	           53 	
      202	           52 	
      203	           54 	
      204	           35 	
      205	           40 	
      206	           47 	
      207	           38 	
      208	           44 	
      209	           54 	
      210	           48 	
      211	           48 	
      212	           56 	
      213	           51 	
      214	           42 	
      215	           36 	
      216	           56 	
      217	           42 	
      218	           49 	
      219	           49 	
      220	           39 	
      221	           44 	
      222	           45 	
      223	           57 	
      224	           46 	
      225	           51 	
      226	           38 	
      227	           39 	
      228	           38 	
      229	           53 	
      230	           39 	
      231	           51 	
      232	           46 	
      233	           37 	
      234	           42 	
      235	           47 	
      236	           48 	
      237	           37 	
      238	           48 	
      239	           51 	
      240	           58 	
      241	           49 	
      242	           35 	
      243	           59 	
      244	           37 	
      245	           47 	
      246	           34 	
      247	           43 	
      248	           43 	
      249	           49 	
      250	           52 	
      251	           41 	
      252	           68 	
      253	           43 	
      254	           42 	
      255	           50 	
      256	           46 	
      257	           44 	
      258	           46 	
      259	           53 	
      260	           50 	
      261	           35 	
      262	           41 	
      263	           48 	
      264	           56 	
      265	           31 	
      266	           44 	
      267	           41 	
      268	           36 	
      269	           45 	
      270	           37 	
      271	           50 	
      272	           30 	
      273	           51 	
      274	           48 	
      275	           64 	
      276	           52 	
      277	           47 	
      278	           33 	
      279	           45 	
      280	           44 	
      281	           54 	
      282	           48 	
      283	           44 	
      284	           40 	
      285	           47 	
      286	           50 	
      287	           41 	
      288	           46 	
      289	           50 	
      290	           39 	
      291	           51 	
      292	           42 	
      293	           39 	
      294	           52 	
      295	           48 	
      296	           45 	
      297	           31 	
      298	           36 	
      299	           46 	
      300	           45 	
      301	           52 	
      302	           50 	
      303	           42 	
      304	           46 	
      305	           37 	
      306	           52 	
      307	           63 	
      308	           48 	
      309	           45 	
      310	           41 	
      311	           37 	
      312	           42 	
      313	           42 	
      314	           42 	
      315	           39 	
      316	           42 	
      317	           35 	
      318	           45 	
      319	           33 	
      320	           43 	
      321	           44 	
      322	           50 	
      323	           47 	
      324	           33 	
      325	           47 	
      326	           38 	
      327	           41 	
      328	           39 	
      329	           44 	
      330	           40 	
      331	           40 	
      332	           58 	
      333	           47 	
      334	           39 	
      335	           48 	
      336	           49 	
      337	           39 	
      338	           44 	
      339	           47 	
      340	           52 	
      341	           29 	
      342	           42 	
      343	           36 	
      344	           48 	
      345	           39 	
      346	           42 	
      347	           43 	
      348	           41 	
      349	           44 	
      350	           53 	
      351	           28 	
      352	           45 	
      353	           45 	
      354	           42 	
      355	           44 	
      356	           50 	
      357	           56 	
      358	           45 	
      359	           36 	
      360	           48 	
      361	           38 	
      362	           49 	
      363	           46 	
      364	           49 	
      365	           55 	
      366	           57 	
      367	           59 	
      368	           64 	
      369	           45 	
      370	           40 	
      371	           35 	
      372	           45 	
      373	           59 	
      374	           32 	
      375	           59 	
      376	           34 	
      377	           61 	
      378	           34 	
      379	           38 	
      380	           52 	
      381	           52 	
      382	           28 	
      383	           37 	
      384	           55 	
      385	           55 	
      386	           48 	
      387	           52 	
      388	           46 	
      389	           45 	
      390	           52 	
      391	           40 	
      392	           38 	
      393	           58 	
      394	           34 	
      395	           39 	
      396	           43 	
      397	           56 	
      398	           45 	
      399	           38 	
      400	           48 	
      401	           34 	
      402	           57 	
      403	           48 	
      404	           40 	
      405	           35 	
      406	           42 	
      407	           38 	
      408	           41 	
      409	           37 	
      410	           40 	
      411	           62 	
      412	           42 	
      413	           27 	
      414	           51 	
      415	           39 	
      416	           37 	
      417	           52 	
      418	           39 	
      419	           34 	
      420	           53 	
      421	           31 	
      422	           43 	
      423	           52 	
      424	           47 	
      425	           37 	
      426	           34 	
      427	           39 	
      428	           39 	
      429	           38 	
      430	           44 	
      431	           34 	
      432	           42 	
      433	           44 	
      434	           48 	
      435	           43 	
      436	           37 	
      437	           46 	
      438	           47 	
      439	           53 	
      440	           60 	
      441	           28 	
      442	           47 	
      443	           48 	
      444	           50 	
      445	           56 	
      446	           43 	
      447	           35 	
      448	           50 	
      449	           49 	
      450	           38 	
      451	           52 	
      452	           30 	
      453	           42 	
      454	           35 	
      455	           51 	
      456	           48 	
      457	           36 	
      458	           43 	
      459	           59 	
      460	           51 	
      461	           46 	
      462	           36 	
      463	           38 	
      464	           43 	
      465	           49 	
      466	           46 	
      467	           40 	
      468	           42 	
      469	           42 	
      470	           48 	
      471	           33 	
      472	           40 	
      473	           42 	
      474	           38 	
      475	           37 	
      476	           49 	
      477	           40 	
      478	           34 	
      479	           43 	
      480	           52 	
      481	           49 	
      482	           43 	
      483	           54 	
      484	           47 	
      485	           45 	
      486	           47 	
      487	           44 	
      488	           50 	
      489	           35 	
      490	           46 	
      491	           48 	
      492	           42 	
      493	           42 	
      494	           48 	
      495	           53 	
      496	           30 	
      497	           35 	
      498	           52 	
      499	           44 	
      500	           34 	
      501	           35 	
      502	           42 	
      503	           58 	
      504	           38 	
      505	           45 	
      506	           38 	
      507	           43 	
      508	           48 	
      509	           43 	
      510	           66 	
      511	           55 	
      512	           33 	
      513	           53 	
      514	           50 	
      515	           44 	
      516	           49 	
      517	           38 	
      518	           41 	
      519	           40 	
      520	           44 	
      521	           55 	
      522	           46 	
      523	           46 	
      524	           38 	
      525	           46 	
      526	           44 	
      527	           43 	
      528	           41 	
      529	           36 	
      530	           50 	
      531	           43 	
      532	           51 	
      533	           45 	
      534	           29 	
      535	           53 	
      536	           41 	
      537	           48 	
      538	           38 	
      539	           37 	
      540	           35 	
      541	           34 	
      542	           36 	
      543	           33 	
      544	           49 	
      545	           47 	
      546	           46 	
      547	           44 	
      548	           44 	
      549	           43 	
      550	           46 	
      551	           41 	
      552	           43 	
      553	           43 	
      554	           38 	
      555	           34 	
      556	           32 	
      557	           38 	
      558	           38 	
      559	           35 	
      560	           44 	
      561	           41 	
      562	           45 	
      563	           39 	
      564	           27 	
      565	           40 	
      566	           52 	
      567	           43 	
      568	           43 	
      569	           34 	
      570	           45 	
      571	           42 	
      572	           39 	
      573	           54 	
      574	           50 	
      575	           37 	
      576	           45 	
      577	           57 	
      578	           43 	
      579	           30 	
      580	           51 	
      581	           39 	
      582	           38 	
      583	           38 	
      584	           34 	
      585	           35 	
      586	           51 	
      587	           44 	
      588	           41 	
      589	           54 	
      590	           48 	
      591	           52 	
      592	           42 	
      593	           42 	
      594	           45 	
      595	           35 	
      596	           35 	
      597	           36 	
      598	           43 	
      599	           42 	
      600	           44 	
      601	           42 	
      602	           59 	
      603	           50 	
      604	           58 	
      605	           30 	
      606	           44 	
      607	           42 	
      608	           37 	
      609	           46 	
      610	           45 	
      611	           47 	
      612	           57 	
      613	           50 	
      614	           44 	
      615	           52 	
      616	           41 	
      617	           45 	
      618	           38 	
      619	           45 	
      620	           48 	
      621	           34 	
      622	           36 	
      623	           31 	
      624	           39 	
      625	           45 	
      626	           46 	
      627	           46 	
      628	           46 	
      629	           41 	
      630	           43 	
      631	           41 	
      632	           31 	
      633	           48 	
      634	           42 	
      635	           57 	
      636	           34 	
      637	           37 	
      638	           39 	
      639	           40 	
      640	           38 	
      641	           44 	
      642	           44 	
      643	           41 	
      644	           44 	
      645	           32 	
      646	           49 	
      647	           42 	
      648	           52 	
      649	           39 	
      650	           45 	
      651	           36 	
      652	           41 	
      653	           29 	
      654	           52 	
      655	           39 	
      656	           51 	
      657	           52 	
      658	           43 	
      659	           41 	
      660	           49 	
      661	           35 	
      662	           43 	
      663	           40 	
      664	           38 	
      665	           45 	
      666	           39 	
      667	           46 	
      668	           42 	
      669	           47 	
      670	           47 	
      671	           41 	
      672	           41 	
      673	           50 	
      674	           45 	
      675	           39 	
      676	           50 	
      677	           46 	
      678	           60 	
      679	           40 	
      680	           49 	
      681	           43 	
      682	           41 	
      683	           34 	
      684	           40 	
      685	           38 	
      686	           43 	
      687	           43 	
      688	           39 	
      689	           40 	
      690	           41 	
      691	           37 	
      692	           44 	
      693	           35 	
      694	           47 	
      695	           44 	
      696	           28 	
      697	           37 	
      698	           53 	
      699	           34 	
      700	           40 	
      701	           48 	
      702	           39 	
      703	           38 	
      704	           46 	
      705	           46 	
      706	           44 	
      707	           41 	
      708	           45 	
      709	           50 	
      710	           44 	
      711	           54 	
      712	           40 	
      713	           41 	
      714	           55 	
      715	           42 	
      716	           43 	
      717	           41 	
      718	           37 	
      719	           45 	
      720	           43 	
      721	           42 	
      722	           43 	
      723	           52 	
      724	           46 	
      725	           47 	
      726	           29 	
      727	           36 	
      728	           37 	
      729	           48 	
      730	           25 	
      731	           39 	
      732	           56 	
      733	           48 	
      734	           38 	
      735	           38 	
      736	           35 	
      737	           42 	
      738	           39 	
      739	           43 	
      740	           49 	
      741	           37 	
      742	           48 	
      743	           47 	
      744	           40 	
      745	           43 	
      746	           54 	
      747	           47 	
      748	           39 	
      749	           36 	
      750	           37 	
      751	           47 	
      752	           43 	
      753	           54 	
      754	           44 	
      755	           40 	
      756	           46 	
      757	           40 	
      758	           36 	
      759	           40 	
      760	           39 	
      761	           44 	
      762	           33 	
      763	           25 	
      764	           51 	
      765	           41 	
      766	           47 	
      767	           41 	
      768	           43 	
      769	           39 	
      770	           41 	
      771	           32 	
      772	           41 	
      773	           34 	
      774	           35 	
      775	           37 	
      776	           39 	
      777	           41 	
      778	           45 	
      779	           42 	
      780	           43 	
      781	           55 	
      782	           64 	
      783	           40 	
      784	           45 	
      785	           47 	
      786	           37 	
      787	           33 	
      788	           42 	
      789	           43 	
      790	           46 	
      791	           49 	
      792	           43 	
      793	           43 	
      794	           42 	
      795	           46 	
      796	           45 	
      797	           50 	
      798	           41 	
      799	           29 	
      800	           43 	
      801	           35 	
      802	           44 	
      803	           43 	
      804	           49 	
      805	           46 	
      806	           49 	
      807	           34 	
      808	           46 	
      809	           49 	
      810	           37 	
      811	           36 	
      812	           34 	
      813	           31 	
      814	           39 	
      815	           43 	
      816	           49 	
      817	           47 	
      818	           43 	
      819	           36 	
      820	           44 	
      821	           40 	
      822	           51 	
      823	           43 	
      824	           37 	
      825	           40 	
      826	           44 	
      827	           42 	
      828	           54 	
      829	           28 	
      830	           43 	
      831	           28 	
      832	           42 	
      833	           31 	
      834	           46 	
      835	           47 	
      836	           51 	
      837	           41 	
      838	           60 	
      839	           37 	
      840	           49 	
      841	           39 	
      842	           42 	
      843	           33 	
      844	           43 	
      845	           43 	
      846	           40 	
      847	           57 	
      848	           37 	
      849	           39 	
      850	           53 	
      851	           32 	
      852	           49 	
      853	           43 	
      854	           41 	
      855	           50 	
      856	           41 	
      857	           39 	
      858	           40 	
      859	           37 	
      860	           51 	
      861	           39 	
      862	           52 	
      863	           51 	
      864	           46 	
      865	           39 	
      866	           54 	
      867	           50 	
      868	           50 	
      869	           32 	
      870	           57 	
      871	           43 	
      872	           41 	
      873	           43 	
      874	           49 	
      875	           42 	
      876	           45 	
      877	           49 	
      878	           41 	
      879	           54 	
      880	           38 	
      881	           34 	
      882	           35 	
      883	           38 	
      884	           49 	
      885	           39 	
      886	           41 	
      887	           39 	
      888	           37 	
      889	           48 	
      890	           38 	
      891	           35 	
      892	           52 	
      893	           33 	
      894	           35 	
      895	           32 	
      896	           40 	
      897	           38 	
      898	           53 	
      899	           46 	
      900	           54 	
      901	           35 	
      902	           56 	
      903	           39 	
      904	           43 	
      905	           55 	
      906	           43 	
      907	           53 	
      908	           56 	
      909	           50 	
      910	           44 	
      911	           33 	
      912	           51 	
      913	           45 	
      914	           37 	
      915	           41 	
      916	           43 	
      917	           40 	
      918	           43 	
      919	           40 	
      920	           35 	
      921	           47 	
      922	           42 	
      923	           48 	
      924	           37 	
      925	           46 	
      926	           50 	
      927	           47 	
      928	           39 	
      929	           43 	
      930	           42 	
      931	           44 	
      932	           52 	
      933	           48 	
      934	           38 	
      935	           24 	
      936	           29 	
      937	           47 	
      938	           42 	
      939	           48 	
      940	           50 	
      941	           48 	
      942	           57 	
      943	           51 	
      944	           40 	
      945	           39 	
      946	           38 	
      947	           38 	
      948	           47 	
      949	           34 	
      950	           42 	
      951	           31 	
      952	           44 	
      953	           41 	
      954	           54 	
      955	           43 	
      956	           44 	
      957	           55 	
      958	           50 	
      959	           44 	
      960	           53 	
      961	           47 	
      962	           45 	
      963	           43 	
      964	           44 	
      965	           44 	
      966	           39 	
      967	           42 	
      968	           48 	
      969	           47 	
      970	           52 	
      971	           53 	
      972	           45 	
      973	           36 	
      974	           38 	
      975	           49 	
      976	           31 	
      977	           47 	
      978	           45 	
      979	           48 	
      980	           43 	
      981	           42 	
      982	           33 	
      983	           43 	
      984	           45 	
      985	           39 	
      986	           38 	
      987	           37 	
      988	           39 	
      989	           33 	
      990	           53 	
      991	           51 	
      992	           46 	
      993	           34 	
      994	           42 	
      995	           46 	
      996	           47 	
      997	           46 	
      998	           38 	
      999	           47 	
     1000	           44 	
     1001	           46 	
     1002	           45 	
     1003	           46 	
     1004	           47 	
     1005	           37 	
     1006	           40 	
     1007	           39 	
     1008	           57 	
     1009	           49 	
     1010	           34 	
     1011	           44 	
     1012	           52 	
     1013	           43 	
     1014	           45 	
     1015	           50 	
     1016	           43 	
     1017	           26 	
     1018	           43 	
     1019	           50 	
     1020	           42 	
     1021	           26 	
     1022	           39 	
     1023	           52 	
     1024	           36 	
     1025	           29 	
     1026	           36 	
     1027	           51 	
     1028	           52 	
     1029	           45 	
     1030	           45 	
     1031	           33 	
     1032	           45 	
     1033	           44 	
     1034	           48 	
     1035	           49 	
     1036	           39 	
     1037	           52 	
     1038	           40 	
     1039	           45 	
     1040	           50 	
     1041	           52 	
     1042	           32 	
     1043	           37 	
     1044	           45 	
     1045	           53 	
     1046	           38 	
     1047	           45 	
     1048	           39 	
     1049	           48 	
     1050	           44 	
     1051	           48 	
     1052	           41 	
     1053	           44 	
     1054	           41 	
     1055	           33 	
     1056	           32 	
     1057	           40 	
     1058	           47 	
     1059	           54 	
     1060	           43 	
     1061	           38 	
     1062	           37 	
     1063	           48 	
     1064	           36 	
     1065	           29 	
     1066	           44 	
     1067	           54 	
     1068	           50 	
     1069	           50 	
     1070	           53 	
     1071	           39 	
     1072	           35 	
     1073	           46 	
     1074	           53 	
     1075	           46 	
     1076	           52 	
     1077	           35 	
     1078	           34 	
     1079	           39 	
     1080	           44 	
     1081	           45 	
     1082	           39 	
     1083	           48 	
     1084	           45 	
     1085	           46 	
     1086	           53 	
     1087	           43 	
     1088	           36 	
     1089	           40 	
     1090	           38 	
     1091	           36 	
     1092	           39 	
     1093	           44 	
     1094	           39 	
     1095	           56 	
     1096	           42 	
     1097	           41 	
     1098	           40 	
     1099	           36 	
     1100	           31 	
     1101	           49 	
     1102	           35 	
     1103	           38 	
     1104	           39 	
     1105	           48 	
     1106	           60 	
     1107	           35 	
     1108	           42 	
     1109	           44 	
     1110	           43 	
     1111	           50 	
     1112	           45 	
     1113	           41 	
     1114	           45 	
     1115	           49 	
     1116	           47 	
     1117	           39 	
     1118	           47 	
     1119	           45 	
     1120	           46 	
     1121	           50 	
     1122	           37 	
     1123	           51 	
     1124	           35 	
     1125	           49 	
     1126	           50 	
     1127	           55 	
     1128	           39 	
     1129	           40 	
     1130	           43 	
     1131	           41 	
     1132	           35 	
     1133	           37 	
     1134	           51 	
     1135	           41 	
     1136	           56 	
     1137	           55 	
     1138	           49 	
     1139	           46 	
     1140	           52 	
     1141	           45 	
     1142	           34 	
     1143	           50 	
     1144	           30 	
     1145	           36 	
     1146	           58 	
     1147	           47 	
     1148	           52 	
     1149	           33 	
     1150	           41 	
     1151	           35 	
     1152	           29 	
     1153	           51 	
     1154	           41 	
     1155	           46 	
     1156	           46 	
     1157	           46 	
     1158	           41 	
     1159	           52 	
     1160	           41 	
     1161	           39 	
     1162	           39 	
     1163	           32 	
     1164	           46 	
     1165	           51 	
     1166	           41 	
     1167	           48 	
     1168	           39 	
     1169	           40 	
     1170	           36 	
     1171	           51 	
     1172	           34 	
     1173	           41 	
     1174	           51 	
     1175	           37 	
     1176	           38 	
     1177	           35 	
     1178	           49 	
     1179	           44 	
     1180	           30 	
     1181	           49 	
     1182	           40 	
     1183	           47 	
     1184	           47 	
     1185	           47 	
     1186	           41 	
     1187	           33 	
     1188	           50 	
     1189	           58 	
     1190	           39 	
     1191	           46 	
     1192	           42 	
     1193	           35 	
     1194	           38 	
     1195	           30 	
     1196	           46 	
     1197	           26 	
     1198	           47 	
     1199	           28 	
     1200	           52 	
     1201	           53 	
     1202	           41 	
     1203	           44 	
     1204	           35 	
     1205	           33 	
     1206	           44 	
     1207	           38 	
     1208	           38 	
     1209	           45 	
     1210	           52 	
     1211	           33 	
     1212	           35 	
     1213	           34 	
     1214	           29 	
     1215	           34 	
     1216	           48 	
     1217	           54 	
     1218	           46 	
     1219	           36 	
     1220	           51 	
     1221	           42 	
     1222	           35 	
     1223	           51 	
     1224	           47 	
     1225	           38 	
     1226	           42 	
     1227	           40 	
     1228	           43 	
     1229	           47 	
     1230	           40 	
     1231	           35 	
     1232	           37 	
     1233	           55 	
     1234	           47 	
     1235	           43 	
     1236	           54 	
     1237	           37 	
     1238	           38 	
     1239	           49 	
     1240	           40 	
     1241	           45 	
     1242	           44 	
     1243	           36 	
     1244	           54 	
     1245	           45 	
     1246	           42 	
     1247	           49 	
     1248	           41 	
     1249	           38 	
     1250	           45 	
     1251	           29 	
     1252	           43 	
     1253	           52 	
     1254	           36 	
     1255	           55 	
     1256	           44 	
     1257	           43 	
     1258	           43 	
     1259	           38 	
     1260	           52 	
     1261	           42 	
     1262	           57 	
     1263	           38 	
     1264	           51 	
     1265	           30 	
     1266	           35 	
     1267	           40 	
     1268	           46 	
     1269	           42 	
     1270	           45 	
     1271	           44 	
     1272	           47 	
     1273	           37 	
     1274	           41 	
     1275	           60 	
     1276	           38 	
     1277	           45 	
     1278	           42 	
     1279	           27 	
     1280	           43 	
     1281	           41 	
     1282	           42 	
     1283	           41 	
     1284	           45 	
     1285	           49 	
     1286	           39 	
     1287	           40 	
     1288	           44 	
     1289	           58 	
     1290	           49 	
     1291	           55 	
     1292	           42 	
     1293	           35 	
     1294	           48 	
     1295	           41 	
     1296	           49 	
     1297	           47 	
     1298	           52 	
     1299	           44 	
     1300	           44 	
     1301	           40 	
     1302	           42 	
     1303	           46 	
     1304	           41 	
     1305	           43 	
     1306	           44 	
     1307	           38 	
     1308	           41 	
     1309	           57 	
     1310	           44 	
     1311	           44 	
     1312	           39 	
     1313	           44 	
     1314	           28 	
     1315	           51 	
     1316	           37 	
     1317	           34 	
     1318	           41 	
     1319	           45 	
     1320	           35 	
     1321	           40 	
     1322	           42 	
     1323	           45 	
     1324	           49 	
     1325	           58 	
     1326	           32 	
     1327	           50 	
     1328	           45 	
     1329	           42 	
     1330	           47 	
     1331	           37 	
     1332	           46 	
     1333	           47 	
     1334	           46 	
     1335	           59 	
     1336	           41 	
     1337	           37 	
     1338	           51 	
     1339	           34 	
     1340	           41 	
     1341	           45 	
     1342	           25 	
     1343	           39 	
     1344	           33 	
     1345	           43 	
     1346	           48 	
     1347	           41 	
     1348	           50 	
     1349	           37 	
     1350	           41 	
     1351	           56 	
     1352	           46 	
     1353	           47 	
     1354	           38 	
     1355	           49 	
     1356	           42 	
     1357	           63 	
     1358	           59 	
     1359	           29 	
     1360	           42 	
     1361	           50 	
     1362	           33 	
     1363	           46 	
     1364	           49 	
     1365	           48 	
     1366	           38 	
     1367	           34 	
     1368	           41 	
     1369	           36 	
     1370	           47 	
     1371	           36 	
     1372	           46 	
     1373	           40 	
     1374	           50 	
     1375	           39 	
     1376	           50 	
     1377	           32 	
     1378	           45 	
     1379	           39 	
     1380	           49 	
     1381	           39 	
     1382	           49 	
     1383	           35 	
     1384	           34 	
     1385	           55 	
     1386	           37 	
     1387	           40 	
     1388	           53 	
     1389	           45 	
     1390	           38 	
     1391	           53 	
     1392	           37 	
     1393	           47 	
     1394	           50 	
     1395	           55 	
     1396	           49 	
     1397	           44 	
     1398	           50 	
     1399	           37 	
     1400	           45 	
     1401	           41 	
     1402	           39 	
     1403	           50 	
     1404	           38 	
     1405	           38 	
     1406	           39 	
     1407	           34 	
     1408	           38 	
     1409	           45 	
     1410	           37 	
     1411	           42 	
     1412	           50 	
     1413	           47 	
     1414	           52 	
     1415	           54 	
     1416	           45 	
     1417	           38 	
     1418	           42 	
     1419	           43 	
     1420	           35 	
     1421	           55 	
     1422	           40 	
     1423	           40 	
     1424	           41 	
     1425	           47 	
     1426	           46 	
     1427	           50 	
     1428	           32 	
     1429	           32 	
     1430	           38 	
     1431	           42 	
     1432	           35 	
     1433	           40 	
     1434	           31 	
     1435	           51 	
     1436	           53 	
     1437	           44 	
     1438	           39 	
     1439	           39 	
     1440	           36 	
     1441	           42 	
     1442	           44 	
     1443	           36 	
     1444	           47 	
     1445	           33 	
     1446	           53 	
     1447	           52 	
     1448	           57 	
     1449	           40 	
     1450	           41 	
     1451	           47 	
     1452	           44 	
     1453	           42 	
     1454	           48 	
     1455	           51 	
     1456	           41 	
     1457	           41 	
     1458	           55 	
     1459	           47 	
     1460	           50 	
     1461	           45 	
     1462	           44 	
     1463	           42 	
     1464	           47 	
     1465	           44 	
     1466	           41 	
     1467	           28 	
     1468	           45 	
     1469	           39 	
     1470	           37 	
     1471	           51 	
     1472	           44 	
     1473	           45 	
     1474	           54 	
     1475	           43 	
     1476	           38 	
     1477	           43 	
     1478	           51 	
     1479	           34 	
     1480	           47 	
     1481	           48 	
     1482	           43 	
     1483	           43 	
     1484	           43 	
     1485	           42 	
     1486	           39 	
     1487	           38 	
     1488	           37 	
     1489	           42 	
     1490	           54 	
     1491	           39 	
     1492	           33 	
     1493	           31 	
     1494	           45 	
     1495	           56 	
     1496	           40 	
     1497	           37 	
     1498	           45 	
     1499	           45 	
     1500	           43 	
     1501	           33 	
     1502	           32 	
     1503	           40 	
     1504	           28 	
     1505	           37 	
     1506	           48 	
     1507	           54 	
     1508	           45 	
     1509	           38 	
     1510	           49 	
     1511	           31 	
     1512	           36 	
     1513	           43 	
     1514	           44 	
     1515	           40 	
     1516	           46 	
     1517	           33 	
     1518	           54 	
     1519	           46 	
     1520	           32 	
     1521	           49 	
     1522	           51 	
     1523	           32 	
     1524	           37 	
     1525	           53 	
     1526	           49 	
     1527	           39 	
     1528	           33 	
     1529	           49 	
     1530	           46 	
     1531	           57 	
     1532	           55 	
     1533	           42 	
     1534	           43 	
     1535	           46 	
     1536	           38 	
     1537	           38 	
     1538	           35 	
     1539	           30 	
     1540	           35 	
     1541	           49 	
     1542	           44 	
     1543	           38 	
     1544	           41 	
     1545	           40 	
     1546	           49 	
     1547	           40 	
     1548	           34 	
     1549	           52 	
     1550	           44 	
     1551	           41 	
     1552	           40 	
     1553	           35 	
     1554	           44 	
     1555	           38 	
     1556	           50 	
     1557	           50 	
     1558	           46 	
     1559	           45 	
     1560	           50 	
     1561	           38 	
     1562	           41 	
     1563	           49 	
     1564	           50 	
     1565	           34 	
     1566	           32 	
     1567	           46 	
     1568	           32 	
     1569	           26 	
     1570	           43 	
     1571	           32 	
     1572	           42 	
     1573	           39 	
     1574	           47 	
     1575	           44 	
     1576	           38 	
     1577	           51 	
     1578	           41 	
     1579	           36 	
     1580	           52 	
     1581	           49 	
     1582	           43 	
     1583	           40 	
     1584	           42 	
     1585	           43 	
     1586	           38 	
     1587	           29 	
     1588	           36 	
     1589	           52 	
     1590	           42 	
     1591	           37 	
     1592	           40 	
     1593	           37 	
     1594	           52 	
     1595	           39 	
     1596	           69 	
     1597	           26 	
     1598	           49 	
     1599	           40 	
     1600	           35 	
     1601	           41 	
     1602	           38 	
     1603	           48 	
     1604	           46 	
     1605	           28 	
     1606	           44 	
     1607	           37 	
     1608	           49 	
     1609	           37 	
     1610	           35 	
     1611	           33 	
     1612	           48 	
     1613	           42 	
     1614	           63 	
     1615	           42 	
     1616	           32 	
     1617	           37 	
     1618	           46 	
     1619	           46 	
     1620	           36 	
     1621	           50 	
     1622	           41 	
     1623	           55 	
     1624	           48 	
     1625	           49 	
     1626	           54 	
     1627	           42 	
     1628	           37 	
     1629	           53 	
     1630	           44 	
     1631	           45 	
     1632	           52 	
     1633	           42 	
     1634	           28 	
     1635	           57 	
     1636	           48 	
     1637	           53 	
     1638	           51 	
     1639	           28 	
     1640	           41 	
     1641	           42 	
     1642	           46 	
     1643	           56 	
     1644	           34 	
     1645	           46 	
     1646	           53 	
     1647	           50 	
     1648	           39 	
     1649	           55 	
     1650	           28 	
     1651	           37 	
     1652	           43 	
     1653	           41 	
     1654	           47 	
     1655	           35 	
     1656	           28 	
     1657	           50 	
     1658	           42 	
     1659	           38 	
     1660	           29 	
     1661	           51 	
     1662	           41 	
     1663	           29 	
     1664	           28 	
     1665	           41 	
     1666	           37 	
     1667	           52 	
     1668	           50 	
     1669	           49 	
     1670	           40 	
     1671	           48 	
     1672	           43 	
     1673	           40 	
     1674	           49 	
     1675	           48 	
     1676	           37 	
     1677	           44 	
     1678	           34 	
     1679	           41 	
     1680	           46 	
     1681	           44 	
     1682	           49 	
     1683	           40 	
     1684	           44 	
     1685	           43 	
     1686	           37 	
     1687	           47 	
     1688	           58 	
     1689	           47 	
     1690	           46 	
     1691	           40 	
     1692	           50 	
     1693	           36 	
     1694	           38 	
     1695	           34 	
     1696	           42 	
     1697	           48 	
     1698	           30 	
     1699	           41 	
     1700	           50 	
     1701	           35 	
     1702	           37 	
     1703	           36 	
     1704	           49 	
     1705	           43 	
     1706	           44 	
     1707	           42 	
     1708	           42 	
     1709	           46 	
     1710	           38 	
     1711	           43 	
     1712	           33 	
     1713	           26 	
     1714	           35 	
     1715	           48 	
     1716	           44 	
     1717	           50 	
     1718	           43 	
     1719	           52 	
     1720	           39 	
     1721	           46 	
     1722	           42 	
     1723	           54 	
     1724	           47 	
     1725	           33 	
     1726	           49 	
     1727	           38 	
     1728	           26 	
     1729	           36 	
     1730	           47 	
     1731	           50 	
     1732	           48 	
     1733	           43 	
     1734	           35 	
     1735	           46 	
     1736	           41 	
     1737	           42 	
     1738	           60 	
     1739	           43 	
     1740	           42 	
     1741	           32 	
     1742	           46 	
     1743	           45 	
     1744	           46 	
     1745	           44 	
     1746	           29 	
     1747	           39 	
     1748	           51 	
     1749	           42 	
     1750	           38 	
     1751	           44 	
     1752	           41 	
     1753	           46 	
     1754	           38 	
     1755	           52 	
     1756	           53 	
     1757	           42 	
     1758	           40 	
     1759	           47 	
     1760	           47 	
     1761	           60 	
     1762	           42 	
     1763	           56 	
     1764	           36 	
     1765	           35 	
     1766	           51 	
     1767	           42 	
     1768	           45 	
     1769	           47 	
     1770	           44 	
     1771	           46 	
     1772	           39 	
     1773	           37 	
     1774	           45 	
     1775	           39 	
     1776	           40 	
     1777	           51 	
     1778	           42 	
     1779	           47 	
     1780	           45 	
     1781	           53 	
     1782	           36 	
     1783	           33 	
     1784	           38 	
     1785	           49 	
     1786	           46 	
     1787	           46 	
     1788	           45 	
     1789	           45 	
     1790	           44 	
     1791	           45 	
     1792	           45 	
     1793	           41 	
     1794	           45 	
     1795	           44 	
     1796	           40 	
     1797	           45 	
     1798	           32 	
     1799	           28 	
     1800	           48 	
     1801	           39 	
     1802	           39 	
     1803	           38 	
     1804	           41 	
     1805	           52 	
     1806	           30 	
     1807	           47 	
     1808	           32 	
     1809	           37 	
     1810	           53 	
     1811	           36 	
     1812	           71 	
     1813	           50 	
     1814	           38 	
     1815	           41 	
     1816	           46 	
     1817	           51 	
     1818	           49 	
     1819	           44 	
     1820	           46 	
     1821	           54 	
     1822	           37 	
     1823	           40 	
     1824	           43 	
     1825	           35 	
     1826	           38 	
     1827	           48 	
     1828	           48 	
     1829	           42 	
     1830	           44 	
     1831	           52 	
     1832	           47 	
     1833	           33 	
     1834	           42 	
     1835	           36 	
     1836	           46 	
     1837	           45 	
     1838	           41 	
     1839	           43 	
     1840	           40 	
     1841	           34 	
     1842	           47 	
     1843	           37 	
     1844	           45 	
     1845	           50 	
     1846	           30 	
     1847	           57 	
     1848	           32 	
     1849	           43 	
     1850	           44 	
     1851	           52 	
     1852	           46 	
     1853	           50 	
     1854	           39 	
     1855	           50 	
     1856	           45 	
     1857	           41 	
     1858	           43 	
     1859	           34 	
     1860	           42 	
     1861	           38 	
     1862	           51 	
     1863	           44 	
     1864	           41 	
     1865	           41 	
     1866	           40 	
     1867	           43 	
     1868	           43 	
     1869	           35 	
     1870	           54 	
     1871	           59 	
     1872	           41 	
     1873	           41 	
     1874	           40 	
     1875	           36 	
     1876	           33 	
     1877	           48 	
     1878	           42 	
     1879	           32 	
     1880	           38 	
     1881	           34 	
     1882	           41 	
     1883	           41 	
     1884	           46 	
     1885	           40 	
     1886	           44 	
     1887	           40 	
     1888	           45 	
     1889	           47 	
     1890	           33 	
     1891	           41 	
     1892	           65 	
     1893	           34 	
     1894	           32 	
     1895	           46 	
     1896	           47 	
     1897	           50 	
     1898	           43 	
     1899	           53 	
     1900	           35 	
     1901	           47 	
     1902	           43 	
     1903	           44 	
     1904	           43 	
     1905	           45 	
     1906	           43 	
     1907	           45 	
     1908	           46 	
     1909	           44 	
     1910	           40 	
     1911	           41 	
     1912	           36 	
     1913	           38 	
     1914	           48 	
     1915	           50 	
     1916	           28 	
     1917	           40 	
     1918	           42 	
     1919	           54 	
     1920	           38 	
     1921	           44 	
     1922	           51 	
     1923	           40 	
     1924	           31 	
     1925	           58 	
     1926	           34 	
     1927	           42 	
     1928	           55 	
     1929	           31 	
     1930	           50 	
     1931	           44 	
     1932	           46 	
     1933	           43 	
     1934	           44 	
     1935	           45 	
     1936	           32 	
     1937	           54 	
     1938	           39 	
     1939	           42 	
     1940	           43 	
     1941	           33 	
     1942	           36 	
     1943	           41 	
     1944	           48 	
     1945	           48 	
     1946	           53 	
     1947	           32 	
     1948	           42 	
     1949	           28 	
     1950	           51 	
     1951	           43 	
     1952	           41 	
     1953	           57 	
     1954	           43 	
     1955	           35 	
     1956	           54 	
     1957	           40 	
     1958	           42 	
     1959	           44 	
     1960	           39 	
     1961	           42 	
     1962	           33 	
     1963	           44 	
     1964	           42 	
     1965	           42 	
     1966	           49 	
     1967	           41 	
     1968	           36 	
     1969	           43 	
     1970	           47 	
     1971	           44 	
     1972	           37 	
     1973	           34 	
     1974	           39 	
     1975	           29 	
     1976	           33 	
     1977	           44 	
     1978	           47 	
     1979	           42 	
     1980	           46 	
     1981	           35 	
     1982	           39 	
     1983	           35 	
     1984	           34 	
     1985	           41 	
     1986	           45 	
     1987	           40 	
     1988	           35 	
     1989	           49 	
     1990	           45 	
     1991	           45 	
     1992	           42 	
     1993	           41 	
     1994	           40 	
     1995	           46 	
     1996	           30 	
     1997	           43 	
     1998	           44 	
     1999	           41 	
     2000	           30 	
     2001	           39 	
     2002	           39 	
     2003	           46 	
     2004	           37 	
     2005	           46 	
     2006	           31 	
     2007	           26 	
     2008	           44 	
     2009	           41 	
     2010	           43 	
     2011	           36 	
     2012	           45 	
     2013	           40 	
     2014	           36 	
     2015	           41 	
     2016	           43 	
     2017	           43 	
     2018	           47 	
     2019	           32 	
     2020	           57 	
     2021	           43 	
     2022	           42 	
     2023	           40 	
     2024	           42 	
     2025	           48 	
     2026	           54 	
     2027	           47 	
     2028	           45 	
     2029	           32 	
     2030	           38 	
     2031	           37 	
     2032	           49 	
     2033	           54 	
     2034	           49 	
     2035	           36 	
     2036	           42 	
     2037	           43 	
     2038	           36 	
     2039	           37 	
     2040	           47 	
     2041	           37 	
     2042	           40 	
     2043	           37 	
     2044	           51 	
     2045	           46 	
     2046	           26 	
     2047	           52 	
     2048	           48 	
     2049	           38 	
     2050	           39 	
     2051	           39 	
     2052	           34 	
     2053	           37 	
     2054	           29 	
     2055	           32 	
     2056	           42 	
     2057	           53 	
     2058	           31 	
     2059	           36 	
     2060	           42 	
     2061	           47 	
     2062	           49 	
     2063	           55 	
     2064	           35 	
     2065	           48 	
     2066	           39 	
     2067	           43 	
     2068	           46 	
     2069	           40 	
     2070	           37 	
     2071	           35 	
     2072	           39 	
     2073	           26 	
     2074	           67 	
     2075	           45 	
     2076	           47 	
     2077	           40 	
     2078	           44 	
     2079	           42 	
     2080	           41 	
     2081	           39 	
     2082	           48 	
     2083	           41 	
     2084	           44 	
     2085	           52 	
     2086	           50 	
     2087	           45 	
     2088	           42 	
     2089	           39 	
     2090	           48 	
     2091	           50 	
     2092	           31 	
     2093	           39 	
     2094	           38 	
     2095	           34 	
     2096	           34 	
     2097	           48 	
     2098	           33 	
     2099	           38 	
     2100	           37 	
     2101	           37 	
     2102	           29 	
     2103	           40 	
     2104	           37 	
     2105	           48 	
     2106	           38 	
     2107	           35 	
     2108	           46 	
     2109	           45 	
     2110	           49 	
     2111	           39 	
     2112	           33 	
     2113	           44 	
     2114	           37 	
     2115	           40 	
     2116	           38 	
     2117	           41 	
     2118	           37 	
     2119	           36 	
     2120	           63 	
     2121	           54 	
     2122	           43 	
     2123	           35 	
     2124	           32 	
     2125	           44 	
     2126	           41 	
     2127	           45 	
     2128	           41 	
     2129	           50 	
     2130	           39 	
     2131	           45 	
     2132	           45 	
     2133	           47 	
     2134	           40 	
     2135	           45 	
     2136	           45 	
     2137	           46 	
     2138	           38 	
     2139	           51 	
     2140	           43 	
     2141	           34 	
     2142	           41 	
     2143	           43 	
     2144	           27 	
     2145	           45 	
     2146	           44 	
     2147	           46 	
     2148	           33 	
     2149	           37 	
     2150	           54 	
     2151	           33 	
     2152	           44 	
     2153	           40 	
     2154	           46 	
     2155	           43 	
     2156	           50 	
     2157	           39 	
     2158	           44 	
     2159	           37 	
     2160	           34 	
     2161	           39 	
     2162	           57 	
     2163	           37 	
     2164	           39 	
     2165	           40 	
     2166	           36 	
     2167	           53 	
     2168	           48 	
     2169	           33 	
     2170	           45 	
     2171	           39 	
     2172	           47 	
     2173	           32 	
     2174	           39 	
     2175	           28 	
     2176	           35 	
     2177	           37 	
     2178	           51 	
     2179	           45 	
     2180	           51 	
     2181	           44 	
     2182	           34 	
     2183	           39 	
     2184	           39 	
     2185	           52 	
     2186	           45 	
     2187	           36 	
     2188	           49 	
     2189	           56 	
     2190	           40 	
     2191	           42 	
     2192	           43 	
     2193	           45 	
     2194	           47 	
     2195	           35 	
     2196	           30 	
     2197	           44 	
     2198	           52 	
     2199	           34 	
     2200	           38 	
     2201	           37 	
     2202	           40 	
     2203	           41 	
     2204	           44 	
     2205	           46 	
     2206	           34 	
     2207	           34 	
     2208	           46 	
     2209	           39 	
     2210	           39 	
     2211	           33 	
     2212	           43 	
     2213	           38 	
     2214	           47 	
     2215	           38 	
     2216	           43 	
     2217	           44 	
     2218	           34 	
     2219	           30 	
     2220	           39 	
     2221	           40 	
     2222	           38 	
     2223	           51 	
     2224	           42 	
     2225	           46 	
     2226	           58 	
     2227	           46 	
     2228	           52 	
     2229	           50 	
     2230	           45 	
     2231	           54 	
     2232	           44 	
     2233	           33 	
     2234	           41 	
     2235	           36 	
     2236	           42 	
     2237	           36 	
     2238	           38 	
     2239	           32 	
     2240	           52 	
     2241	           51 	
     2242	           45 	
     2243	           37 	
     2244	           32 	
     2245	           43 	
     2246	           46 	
     2247	           44 	
     2248	           49 	
     2249	           41 	
     2250	           41 	
     2251	           39 	
     2252	           37 	
     2253	           44 	
     2254	           51 	
     2255	           46 	
     2256	           42 	
     2257	           43 	
     2258	           34 	
     2259	           38 	
     2260	           53 	
     2261	           54 	
     2262	           49 	
     2263	           30 	
     2264	           40 	
     2265	           44 	
     2266	           43 	
     2267	           32 	
     2268	           41 	
     2269	           48 	
     2270	           46 	
     2271	           29 	
     2272	           47 	
     2273	           34 	
     2274	           43 	
     2275	           34 	
     2276	           35 	
     2277	           40 	
     2278	           28 	
     2279	           35 	
     2280	           45 	
     2281	           32 	
     2282	           30 	
     2283	           38 	
     2284	           43 	
     2285	           41 	
     2286	           48 	
     2287	           40 	
     2288	           44 	
     2289	           35 	
     2290	           32 	
     2291	           34 	
     2292	           35 	
     2293	           38 	
     2294	           38 	
     2295	           33 	
     2296	           45 	
     2297	           40 	
     2298	           30 	
     2299	           49 	
     2300	           34 	
     2301	           36 	
     2302	           41 	
     2303	           46 	
     2304	           66 	
     2305	           40 	
     2306	           55 	
     2307	           35 	
     2308	           44 	
     2309	           40 	
     2310	           42 	
     2311	           37 	
     2312	           39 	
     2313	           57 	
     2314	           42 	
     2315	           35 	
     2316	           38 	
     2317	           41 	
     2318	           44 	
     2319	           39 	
     2320	           52 	
     2321	           49 	
     2322	           31 	
     2323	           33 	
     2324	           51 	
     2325	           31 	
     2326	           52 	
     2327	           50 	
     2328	           36 	
     2329	           50 	
     2330	           40 	
     2331	           31 	
     2332	           42 	
     2333	           34 	
     2334	           48 	
     2335	           37 	
     2336	           32 	
     2337	           33 	
     2338	           47 	
     2339	           32 	
     2340	           35 	
     2341	           38 	
     2342	           38 	
     2343	           47 	
     2344	           42 	
     2345	           41 	
     2346	           36 	
     2347	           41 	
     2348	           43 	
     2349	           34 	
     2350	           44 	
     2351	           38 	
     2352	           47 	
     2353	           43 	
     2354	           48 	
     2355	           26 	
     2356	           56 	
     2357	           44 	
     2358	           47 	
     2359	           38 	
     2360	           59 	
     2361	           35 	
     2362	           36 	
     2363	           36 	
     2364	           43 	
     2365	           36 	
     2366	           45 	
     2367	           48 	
     2368	           46 	
     2369	           49 	
     2370	           37 	
     2371	           40 	
     2372	           45 	
     2373	           35 	
     2374	           44 	
     2375	           41 	
     2376	           43 	
     2377	           47 	
     2378	           49 	
     2379	           36 	
     2380	           50 	
     2381	           43 	
     2382	           41 	
     2383	           40 	
     2384	           45 	
     2385	           47 	
     2386	           47 	
     2387	           42 	
     2388	           43 	
     2389	           39 	
     2390	           42 	
     2391	           47 	
     2392	           36 	
     2393	           26 	
     2394	           44 	
     2395	           43 	
     2396	           34 	
     2397	           47 	
     2398	           38 	
     2399	           39 	
     2400	           48 	
     2401	           40 	
     2402	           42 	
     2403	           52 	
     2404	           27 	
     2405	           59 	
     2406	           49 	
     2407	           32 	
     2408	           28 	
     2409	           44 	
     2410	           55 	
     2411	           33 	
     2412	           42 	
     2413	           41 	
     2414	           50 	
     2415	           35 	
     2416	           43 	
     2417	           34 	
     2418	           36 	
     2419	           25 	
     2420	           33 	
     2421	           40 	
     2422	           47 	
     2423	           42 	
     2424	           42 	
     2425	           42 	
     2426	           32 	
     2427	           51 	
     2428	           46 	
     2429	           49 	
     2430	           33 	
     2431	           43 	
     2432	           26 	
     2433	           45 	
     2434	           39 	
     2435	           43 	
     2436	           52 	
     2437	           28 	
     2438	           51 	
     2439	           44 	
     2440	           34 	
     2441	           42 	
     2442	           27 	
     2443	           42 	
     2444	           34 	
     2445	           43 	
     2446	           39 	
     2447	           41 	
     2448	           40 	
     2449	           42 	
     2450	           37 	
     2451	           28 	
     2452	           45 	
     2453	           55 	
     2454	           45 	
     2455	           37 	
     2456	           31 	
     2457	           40 	
     2458	           42 	
     2459	           38 	
     2460	           34 	
     2461	           41 	
     2462	           51 	
     2463	           46 	
     2464	           30 	
     2465	           34 	
     2466	           40 	
     2467	           39 	
     2468	           42 	
     2469	           25 	
     2470	           44 	
     2471	           49 	
     2472	           29 	
     2473	           45 	
     2474	           42 	
     2475	           37 	
     2476	           45 	
     2477	           51 	
     2478	           53 	
     2479	           36 	
     2480	           48 	
     2481	           43 	
     2482	           39 	
     2483	           38 	
     2484	           38 	
     2485	           42 	
     2486	           55 	
     2487	           32 	
     2488	           46 	
     2489	           46 	
     2490	           39 	
     2491	           37 	
     2492	           46 	
     2493	           34 	
     2494	           42 	
     2495	           39 	
     2496	           46 	
     2497	           35 	
     2498	           36 	
     2499	           51 	
     2500	           37 	
     2501	           41 	
     2502	           52 	
     2503	           36 	
     2504	           48 	
     2505	           39 	
     2506	           34 	
     2507	           50 	
     2508	           48 	
     2509	           49 	
     2510	           48 	
     2511	           40 	
     2512	           42 	
     2513	           34 	
     2514	           41 	
     2515	           48 	
     2516	           57 	
     2517	           43 	
     2518	           32 	
     2519	           55 	
     2520	           46 	
     2521	           50 	
     2522	           29 	
     2523	           49 	
     2524	           41 	
     2525	           32 	
     2526	           48 	
     2527	           40 	
     2528	           34 	
     2529	           33 	
     2530	           47 	
     2531	           30 	
     2532	           36 	
     2533	           38 	
     2534	           38 	
     2535	           34 	
     2536	           39 	
     2537	           44 	
     2538	           49 	
     2539	           34 	
     2540	           33 	
     2541	           42 	
     2542	           45 	
     2543	           43 	
     2544	           48 	
     2545	           45 	
     2546	           50 	
     2547	           44 	
     2548	           31 	
     2549	           36 	
     2550	           44 	
     2551	           40 	
     2552	           45 	
     2553	           47 	
     2554	           37 	
     2555	           41 	
     2556	           43 	
     2557	           57 	
     2558	           37 	
     2559	           52 	
     2560	           25 	
     2561	           48 	
     2562	           37 	
     2563	           39 	
     2564	           44 	
     2565	           60 	
     2566	           37 	
     2567	           46 	
     2568	           41 	
     2569	           35 	
     2570	           43 	
     2571	           46 	
     2572	           45 	
     2573	           40 	
     2574	           52 	
     2575	           39 	
     2576	           40 	
     2577	           37 	
     2578	           43 	
     2579	           40 	
     2580	           42 	
     2581	           39 	
     2582	           38 	
     2583	           52 	
     2584	           40 	
     2585	           35 	
     2586	           38 	
     2587	           52 	
     2588	           46 	
     2589	           44 	
     2590	           27 	
     2591	           40 	
     2592	           60 	
     2593	           42 	
     2594	           39 	
     2595	           51 	
     2596	           38 	
     2597	           48 	
     2598	           52 	
     2599	           48 	
     2600	           49 	
     2601	           38 	
     2602	           45 	
     2603	           35 	
     2604	           40 	
     2605	           44 	
     2606	           44 	
     2607	           37 	
     2608	           38 	
     2609	           41 	
     2610	           38 	
     2611	           50 	
     2612	           43 	
     2613	           42 	
     2614	           53 	
     2615	           43 	
     2616	           37 	
     2617	           34 	
     2618	           44 	
     2619	           46 	
     2620	           38 	
     2621	           42 	
     2622	           31 	
     2623	           40 	
     2624	           46 	
     2625	           37 	
     2626	           41 	
     2627	           36 	
     2628	           48 	
     2629	           54 	
     2630	           54 	
     2631	           49 	
     2632	           41 	
     2633	           41 	
     2634	           45 	
     2635	           44 	
     2636	           35 	
     2637	           39 	
     2638	           35 	
     2639	           48 	
     2640	           47 	
     2641	           44 	
     2642	           42 	
     2643	           30 	
     2644	           38 	
     2645	           37 	
     2646	           32 	
     2647	           41 	
     2648	           60 	
     2649	           31 	
     2650	           45 	
     2651	           48 	
     2652	           52 	
     2653	           39 	
     2654	           43 	
     2655	           26 	
     2656	           52 	
     2657	           46 	
     2658	           45 	
     2659	           55 	
     2660	           51 	
     2661	           41 	
     2662	           44 	
     2663	           39 	
     2664	           37 	
     2665	           49 	
     2666	           50 	
     2667	           47 	
     2668	           52 	
     2669	           38 	
     2670	           33 	
     2671	           41 	
     2672	           38 	
     2673	           48 	
     2674	           38 	
     2675	           47 	
     2676	           35 	
     2677	           39 	
     2678	           52 	
     2679	           34 	
     2680	           41 	
     2681	           50 	
     2682	           40 	
     2683	           45 	
     2684	           44 	
     2685	           38 	
     2686	           30 	
     2687	           41 	
     2688	           36 	
     2689	           43 	
     2690	           44 	
     2691	           33 	
     2692	           46 	
     2693	           42 	
     2694	           37 	
     2695	           46 	
     2696	           39 	
     2697	           41 	
     2698	           37 	
     2699	           42 	
     2700	           36 	
     2701	           31 	
     2702	           38 	
     2703	           46 	
     2704	           34 	
     2705	           51 	
     2706	           39 	
     2707	           44 	
     2708	           43 	
     2709	           42 	
     2710	           24 	
     2711	           31 	
     2712	           32 	
     2713	           44 	
     2714	           40 	
     2715	           37 	
     2716	           43 	
     2717	           34 	
     2718	           54 	
     2719	           50 	
     2720	           53 	
     2721	           46 	
     2722	           49 	
     2723	           45 	
     2724	           33 	
     2725	           43 	
     2726	           56 	
     2727	           38 	
     2728	           35 	
     2729	           40 	
     2730	           34 	
     2731	           33 	
     2732	           56 	
     2733	           38 	
     2734	           45 	
     2735	           41 	
     2736	           55 	
     2737	           40 	
     2738	           36 	
     2739	           42 	
     2740	           43 	
     2741	           47 	
     2742	           36 	
     2743	           42 	
     2744	           48 	
     2745	           49 	
     2746	           39 	
     2747	           36 	
     2748	           34 	
     2749	           46 	
     2750	           40 	
     2751	           31 	
     2752	           48 	
     2753	           47 	
     2754	           33 	
     2755	           35 	
     2756	           44 	
     2757	           43 	
     2758	           55 	
     2759	           41 	
     2760	           31 	
     2761	           33 	
     2762	           48 	
     2763	           42 	
     2764	           38 	
     2765	           45 	
     2766	           50 	
     2767	           42 	
     2768	           46 	
     2769	           43 	
     2770	           46 	
     2771	           50 	
     2772	           40 	
     2773	           52 	
     2774	           34 	
     2775	           31 	
     2776	           37 	
     2777	           38 	
     2778	           43 	
     2779	           35 	
     2780	           33 	
     2781	           40 	
     2782	           34 	
     2783	           33 	
     2784	           47 	
     2785	           48 	
     2786	           41 	
     2787	           39 	
     2788	           39 	
     2789	           39 	
     2790	           48 	
     2791	           44 	
     2792	           44 	
     2793	           41 	
     2794	           38 	
     2795	           39 	
     2796	           29 	
     2797	           43 	
     2798	           43 	
     2799	           43 	
     2800	           29 	
     2801	           45 	
     2802	           44 	
     2803	           36 	
     2804	           38 	
     2805	           55 	
     2806	           36 	
     2807	           45 	
     2808	           38 	
     2809	           56 	
     2810	           46 	
     2811	           31 	
     2812	           42 	
     2813	           32 	
     2814	           36 	
     2815	           44 	
     2816	           55 	
     2817	           59 	
     2818	           40 	
     2819	           33 	
     2820	           31 	
     2821	           48 	
     2822	           42 	
     2823	           45 	
     2824	           53 	
     2825	           41 	
     2826	           38 	
     2827	           37 	
     2828	           46 	
     2829	           35 	
     2830	           46 	
     2831	           35 	
     2832	           29 	
     2833	           50 	
     2834	           36 	
     2835	           35 	
     2836	           44 	
     2837	           39 	
     2838	           46 	
     2839	           32 	
     2840	           38 	
     2841	           48 	
     2842	           34 	
     2843	           44 	
     2844	           50 	
     2845	           37 	
     2846	           27 	
     2847	           42 	
     2848	           37 	
     2849	           45 	
     2850	           50 	
     2851	           47 	
     2852	           46 	
     2853	           63 	
     2854	           41 	
     2855	           33 	
     2856	           47 	
     2857	           49 	
     2858	           41 	
     2859	           52 	
     2860	           46 	
     2861	           35 	
     2862	           28 	
     2863	           43 	
     2864	           31 	
     2865	           41 	
     2866	           43 	
     2867	           38 	
     2868	           42 	
     2869	           43 	
     2870	           36 	
     2871	           40 	
     2872	           38 	
     2873	           36 	
     2874	           39 	
     2875	           50 	
     2876	           35 	
     2877	           52 	
     2878	           34 	
     2879	           37 	
     2880	           35 	
     2881	           42 	
     2882	           38 	
     2883	           43 	
     2884	           29 	
     2885	           34 	
     2886	           42 	
     2887	           29 	
     2888	           43 	
     2889	           41 	
     2890	           47 	
     2891	           48 	
     2892	           56 	
     2893	           35 	
     2894	           34 	
     2895	           36 	
     2896	           50 	
     2897	           44 	
     2898	           44 	
     2899	           42 	
     2900	           40 	
     2901	           40 	
     2902	           42 	
     2903	           37 	
     2904	           33 	
     2905	           54 	
     2906	           42 	
     2907	           33 	
     2908	           48 	
     2909	           44 	
     2910	           36 	
     2911	           38 	
     2912	           65 	
     2913	           55 	
     2914	           47 	
     2915	           46 	
     2916	           41 	
     2917	           47 	
     2918	           34 	
     2919	           39 	
     2920	           54 	
     2921	           63 	
     2922	           44 	
     2923	           41 	
     2924	           40 	
     2925	           47 	
     2926	           36 	
     2927	           30 	
     2928	           51 	
     2929	           41 	
     2930	           39 	
     2931	           34 	
     2932	           45 	
     2933	           41 	
     2934	           42 	
     2935	           45 	
     2936	           53 	
     2937	           40 	
     2938	           36 	
     2939	           34 	
     2940	           43 	
     2941	           51 	
     2942	           49 	
     2943	           47 	
     2944	           56 	
     2945	           49 	
     2946	           43 	
     2947	           38 	
     2948	           43 	
     2949	           35 	
     2950	           50 	
     2951	           38 	
     2952	           26 	
     2953	           47 	
     2954	           39 	
     2955	           32 	
     2956	           36 	
     2957	           39 	
     2958	           36 	
     2959	           44 	
     2960	           40 	
     2961	           51 	
     2962	           41 	
     2963	           45 	
     2964	           44 	
     2965	           35 	
     2966	           46 	
     2967	           38 	
     2968	           44 	
     2969	           49 	
     2970	           36 	
     2971	           47 	
     2972	           43 	
     2973	           37 	
     2974	           52 	
     2975	           53 	
     2976	           50 	
     2977	           31 	
     2978	           41 	
     2979	           44 	
     2980	           40 	
     2981	           45 	
     2982	           55 	
     2983	           45 	
     2984	           43 	
     2985	           40 	
     2986	           53 	
     2987	           53 	
     2988	           35 	
     2989	           44 	
     2990	           45 	
     2991	           41 	
     2992	           52 	
     2993	           43 	
     2994	           42 	
     2995	           30 	
     2996	           28 	
     2997	           35 	
     2998	           39 	
     2999	           39 	
     3000	           30 	
     3001	           40 	
     3002	           43 	
     3003	           47 	
     3004	           44 	
     3005	           51 	
     3006	           36 	
     3007	           50 	
     3008	           34 	
     3009	           41 	
     3010	           30 	
     3011	           45 	
     3012	           49 	
     3013	           44 	
     3014	           44 	
     3015	           41 	
     3016	           40 	
     3017	           29 	
     3018	           46 	
     3019	           42 	
     3020	           34 	
     3021	           37 	
     3022	           46 	
     3023	           46 	
     3024	           42 	
     3025	           53 	
     3026	           39 	
     3027	           47 	
     3028	           45 	
     3029	           41 	
     3030	           48 	
     3031	           42 	
     3032	           25 	
     3033	           39 	
     3034	           44 	
     3035	           30 	
     3036	           35 	
     3037	           46 	
     3038	           43 	
     3039	           41 	
     3040	           38 	
     3041	           45 	
     3042	           52 	
     3043	           42 	
     3044	           37 	
     3045	           45 	
     3046	           40 	
     3047	           49 	
     3048	           40 	
     3049	           53 	
     3050	           50 	
     3051	           50 	
     3052	           37 	
     3053	           38 	
     3054	           54 	
     3055	           44 	
     3056	           45 	
     3057	           51 	
     3058	           43 	
     3059	           33 	
     3060	           52 	
     3061	           41 	
     3062	           31 	
     3063	           43 	
     3064	           45 	
     3065	           32 	
     3066	           47 	
     3067	           34 	
     3068	           35 	
     3069	           39 	
     3070	           40 	
     3071	           49 	
     3072	           39 	
     3073	           49 	
     3074	           29 	
     3075	           49 	
     3076	           37 	
     3077	           36 	
     3078	           46 	
     3079	           43 	
     3080	           47 	
     3081	           38 	
     3082	           46 	
     3083	           41 	
     3084	           48 	
     3085	           42 	
     3086	           51 	
     3087	           41 	
     3088	           48 	
     3089	           43 	
     3090	           38 	
     3091	           45 	
     3092	           38 	
     3093	           37 	
     3094	           42 	
     3095	           38 	
     3096	           46 	
     3097	           37 	
     3098	           39 	
     3099	           44 	
     3100	           44 	
     3101	           35 	
     3102	           31 	
     3103	           43 	
     3104	           51 	
     3105	           51 	
     3106	           48 	
     3107	           44 	
     3108	           42 	
     3109	           36 	
     3110	           36 	
     3111	           50 	
     3112	           44 	
     3113	           42 	
     3114	           46 	
     3115	           40 	
     3116	           53 	
     3117	           47 	
     3118	           39 	
     3119	           31 	
     3120	           43 	
     3121	           34 	
     3122	           43 	
     3123	           33 	
     3124	           37 	
     3125	           34 	
     3126	           43 	
     3127	           48 	
     3128	           36 	
     3129	           43 	
     3130	           39 	
     3131	           38 	
     3132	           34 	
     3133	           47 	
     3134	           51 	
     3135	           47 	
     3136	           39 	
     3137	           50 	
     3138	           44 	
     3139	           34 	
     3140	           28 	
     3141	           37 	
     3142	           46 	
     3143	           42 	
     3144	           47 	
     3145	           45 	
     3146	           45 	
     3147	           39 	
     3148	           33 	
     3149	           31 	
     3150	           35 	
     3151	           34 	
     3152	           46 	
     3153	           51 	
     3154	           34 	
     3155	           40 	
     3156	           32 	
     3157	           41 	
     3158	           50 	
     3159	           29 	
     3160	           29 	
     3161	           41 	
     3162	           29 	
     3163	           31 	
     3164	           46 	
     3165	           44 	
     3166	           44 	
     3167	           34 	
     3168	           48 	
     3169	           50 	
     3170	           43 	
     3171	           51 	
     3172	           47 	
     3173	           40 	
     3174	           48 	
     3175	           54 	
     3176	           37 	
     3177	           38 	
     3178	           45 	
     3179	           38 	
     3180	           39 	
     3181	           29 	
     3182	           49 	
     3183	           42 	
     3184	           42 	
     3185	           48 	
     3186	           29 	
     3187	           48 	
     3188	           40 	
     3189	           42 	
     3190	           45 	
     3191	           50 	
     3192	           41 	
     3193	           39 	
     3194	           43 	
     3195	           36 	
     3196	           52 	
     3197	           45 	
     3198	           55 	
     3199	           37 	
     3200	           42 	
     3201	           65 	
     3202	           44 	
     3203	           37 	
     3204	           37 	
     3205	           40 	
     3206	           37 	
     3207	           46 	
     3208	           52 	
     3209	           36 	
     3210	           41 	
     3211	           39 	
     3212	           30 	
     3213	           33 	
     3214	           47 	
     3215	           44 	
     3216	           52 	
     3217	           49 	
     3218	           26 	
     3219	           38 	
     3220	           35 	
     3221	           48 	
     3222	           40 	
     3223	           36 	
     3224	           35 	
     3225	           58 	
     3226	           44 	
     3227	           36 	
     3228	           39 	
     3229	           50 	
     3230	           41 	
     3231	           39 	
     3232	           43 	
     3233	           44 	
     3234	           41 	
     3235	           34 	
     3236	           51 	
     3237	           41 	
     3238	           52 	
     3239	           39 	
     3240	           54 	
     3241	           34 	
     3242	           40 	
     3243	           45 	
     3244	           48 	
     3245	           43 	
     3246	           35 	
     3247	           28 	
     3248	           50 	
     3249	           43 	
     3250	           40 	
     3251	           41 	
     3252	           40 	
     3253	           36 	
     3254	           48 	
     3255	           49 	
     3256	           34 	
     3257	           47 	
     3258	           27 	
     3259	           47 	
     3260	           42 	
     3261	           47 	
     3262	           42 	
     3263	           35 	
     3264	           33 	
     3265	           43 	
     3266	           51 	
     3267	           40 	
     3268	           44 	
     3269	           45 	
     3270	           34 	
     3271	           41 	
     3272	           45 	
     3273	           44 	
     3274	           52 	
     3275	           44 	
     3276	           57 	
     3277	           38 	
     3278	           42 	
     3279	           39 	
     3280	           35 	
     3281	           43 	
     3282	           40 	
     3283	           37 	
     3284	           36 	
     3285	           32 	
     3286	           32 	
     3287	           46 	
     3288	           40 	
     3289	           48 	
     3290	           37 	
     3291	           38 	
     3292	           43 	
     3293	           32 	
     3294	           38 	
     3295	           52 	
     3296	           48 	
     3297	           43 	
     3298	           39 	
     3299	           44 	
     3300	           42 	
     3301	           39 	
     3302	           47 	
     3303	           42 	
     3304	           47 	
     3305	           31 	
     3306	           32 	
     3307	           33 	
     3308	           47 	
     3309	           53 	
     3310	           51 	
     3311	           33 	
     3312	           46 	
     3313	           41 	
     3314	           53 	
     3315	           42 	
     3316	           47 	
     3317	           42 	
     3318	           39 	
     3319	           37 	
     3320	           51 	
     3321	           47 	
     3322	           38 	
     3323	           43 	
     3324	           44 	
     3325	           48 	
     3326	           32 	
     3327	           36 	
     3328	           43 	
     3329	           46 	
     3330	           38 	
     3331	           45 	
     3332	           40 	
     3333	           51 	
     3334	           48 	
     3335	           34 	
     3336	           34 	
     3337	           50 	
     3338	           36 	
     3339	           46 	
     3340	           52 	
     3341	           48 	
     3342	           47 	
     3343	           42 	
     3344	           49 	
     3345	           42 	
     3346	           42 	
     3347	           48 	
     3348	           39 	
     3349	           50 	
     3350	           36 	
     3351	           52 	
     3352	           44 	
     3353	           46 	
     3354	           35 	
     3355	           47 	
     3356	           37 	
     3357	           46 	
     3358	           34 	
     3359	           43 	
     3360	           46 	
     3361	           55 	
     3362	           42 	
     3363	           45 	
     3364	           37 	
     3365	           50 	
     3366	           38 	
     3367	           52 	
     3368	           57 	
     3369	           40 	
     3370	           35 	
     3371	           36 	
     3372	           39 	
     3373	           45 	
     3374	           44 	
     3375	           35 	
     3376	           40 	
     3377	           43 	
     3378	           54 	
     3379	           39 	
     3380	           41 	
     3381	           43 	
     3382	           45 	
     3383	           44 	
     3384	           37 	
     3385	           39 	
     3386	           37 	
     3387	           48 	
     3388	           43 	
     3389	           37 	
     3390	           45 	
     3391	           37 	
     3392	           42 	
     3393	           39 	
     3394	           38 	
     3395	           41 	
     3396	           32 	
     3397	           34 	
     3398	           42 	
     3399	           40 	
     3400	           57 	
     3401	           32 	
     3402	           40 	
     3403	           39 	
     3404	           42 	
     3405	           39 	
     3406	           44 	
     3407	           45 	
     3408	           42 	
     3409	           41 	
     3410	           46 	
     3411	           45 	
     3412	           35 	
     3413	           39 	
     3414	           31 	
     3415	           45 	
     3416	           44 	
     3417	           43 	
     3418	           41 	
     3419	           54 	
     3420	           42 	
     3421	           46 	
     3422	           54 	
     3423	           45 	
     3424	           46 	
     3425	           38 	
     3426	           49 	
     3427	           39 	
     3428	           41 	
     3429	           40 	
     3430	           33 	
     3431	           39 	
     3432	           41 	
     3433	           37 	
     3434	           38 	
     3435	           40 	
     3436	           39 	
     3437	           43 	
     3438	           59 	
     3439	           47 	
     3440	           44 	
     3441	           46 	
     3442	           41 	
     3443	           51 	
     3444	           34 	
     3445	           39 	
     3446	           33 	
     3447	           52 	
     3448	           37 	
     3449	           42 	
     3450	           40 	
     3451	           46 	
     3452	           42 	
     3453	           58 	
     3454	           44 	
     3455	           32 	
     3456	           48 	
     3457	           38 	
     3458	           48 	
     3459	           40 	
     3460	           45 	
     3461	           51 	
     3462	           45 	
     3463	           45 	
     3464	           49 	
     3465	           33 	
     3466	           41 	
     3467	           43 	
     3468	           40 	
     3469	           45 	
     3470	           56 	
     3471	           45 	
     3472	           43 	
     3473	           43 	
     3474	           54 	
     3475	           43 	
     3476	           41 	
     3477	           26 	
     3478	           42 	
     3479	           41 	
     3480	           41 	
     3481	           30 	
     3482	           42 	
     3483	           43 	
     3484	           47 	
     3485	           44 	
     3486	           44 	
     3487	           46 	
     3488	           37 	
     3489	           55 	
     3490	           46 	
     3491	           42 	
     3492	           51 	
     3493	           46 	
     3494	           40 	
     3495	           47 	
     3496	           47 	
     3497	           36 	
     3498	           50 	
     3499	           53 	
     3500	           49 	
     3501	           52 	
     3502	           37 	
     3503	           48 	
     3504	           39 	
     3505	           37 	
     3506	           35 	
     3507	           41 	
     3508	           42 	
     3509	           48 	
     3510	           37 	
     3511	           57 	
     3512	           38 	
     3513	           39 	
     3514	           45 	
     3515	           35 	
     3516	           46 	
     3517	           34 	
     3518	           34 	
     3519	           46 	
     3520	           40 	
     3521	           43 	
     3522	           51 	
     3523	           46 	
     3524	           47 	
     3525	           33 	
     3526	           34 	
     3527	           37 	
     3528	           48 	
     3529	           55 	
     3530	           27 	
     3531	           43 	
     3532	           47 	
     3533	           46 	
     3534	           35 	
     3535	           42 	
     3536	           34 	
     3537	           46 	
     3538	           33 	
     3539	           33 	
     3540	           58 	
     3541	           33 	
     3542	           40 	
     3543	           43 	
     3544	           37 	
     3545	           37 	
     3546	           42 	
     3547	           48 	
     3548	           38 	
     3549	           30 	
     3550	           51 	
     3551	           44 	
     3552	           40 	
     3553	           56 	
     3554	           42 	
     3555	           56 	
     3556	           36 	
     3557	           46 	
     3558	           33 	
     3559	           52 	
     3560	           41 	
     3561	           32 	
     3562	           49 	
     3563	           33 	
     3564	           44 	
     3565	           48 	
     3566	           46 	
     3567	           35 	
     3568	           40 	
     3569	           39 	
     3570	           42 	
     3571	           40 	
     3572	           40 	
     3573	           44 	
     3574	           43 	
     3575	           36 	
     3576	           56 	
     3577	           54 	
     3578	           45 	
     3579	           47 	
     3580	           51 	
     3581	           34 	
     3582	           43 	
     3583	           47 	
     3584	           56 	
     3585	           45 	
     3586	           50 	
     3587	           48 	
     3588	           40 	
     3589	           41 	
     3590	           43 	
     3591	           42 	
     3592	           52 	
     3593	           37 	
     3594	           29 	
     3595	           46 	
     3596	           34 	
     3597	           51 	
     3598	           34 	
     3599	           47 	
     3600	           34 	
     3601	           38 	
     3602	           43 	
     3603	           34 	
     3604	           42 	
     3605	           47 	
     3606	           32 	
     3607	           41 	
     3608	           45 	
     3609	           31 	
     3610	           53 	
     3611	           31 	
     3612	           44 	
     3613	           37 	
     3614	           44 	
     3615	           30 	
     3616	           43 	
     3617	           39 	
     3618	           45 	
     3619	           38 	
     3620	           40 	
     3621	           45 	
     3622	           41 	
     3623	           50 	
     3624	           45 	
     3625	           34 	
     3626	           54 	
     3627	           48 	
     3628	           52 	
     3629	           32 	
     3630	           40 	
     3631	           54 	
     3632	           48 	
     3633	           36 	
     3634	           56 	
     3635	           42 	
     3636	           50 	
     3637	           36 	
     3638	           45 	
     3639	           38 	
     3640	           46 	
     3641	           46 	
     3642	           54 	
     3643	           44 	
     3644	           39 	
     3645	           39 	
     3646	           44 	
     3647	           43 	
     3648	           37 	
     3649	           46 	
     3650	           40 	
     3651	           37 	
     3652	           51 	
     3653	           42 	
     3654	           51 	
     3655	           41 	
     3656	           32 	
     3657	           41 	
     3658	           52 	
     3659	           39 	
     3660	           43 	
     3661	           33 	
     3662	           37 	
     3663	           41 	
     3664	           41 	
     3665	           33 	
     3666	           42 	
     3667	           41 	
     3668	           27 	
     3669	           40 	
     3670	           47 	
     3671	           33 	
     3672	           34 	
     3673	           41 	
     3674	           38 	
     3675	           28 	
     3676	           52 	
     3677	           48 	
     3678	           40 	
     3679	           35 	
     3680	           33 	
     3681	           30 	
     3682	           39 	
     3683	           42 	
     3684	           43 	
     3685	           54 	
     3686	           45 	
     3687	           40 	
     3688	           30 	
     3689	           38 	
     3690	           42 	
     3691	           36 	
     3692	           38 	
     3693	           50 	
     3694	           36 	
     3695	           38 	
     3696	           39 	
     3697	           36 	
     3698	           43 	
     3699	           50 	
     3700	           30 	
     3701	           45 	
     3702	           45 	
     3703	           35 	
     3704	           48 	
     3705	           40 	
     3706	           40 	
     3707	           47 	
     3708	           42 	
     3709	           43 	
     3710	           46 	
     3711	           45 	
     3712	           37 	
     3713	           51 	
     3714	           36 	
     3715	           46 	
     3716	           36 	
     3717	           54 	
     3718	           44 	
     3719	           47 	
     3720	           43 	
     3721	           39 	
     3722	           48 	
     3723	           40 	
     3724	           40 	
     3725	           54 	
     3726	           31 	
     3727	           51 	
     3728	           48 	
     3729	           48 	
     3730	           46 	
     3731	           27 	
     3732	           45 	
     3733	           50 	
     3734	           47 	
     3735	           41 	
     3736	           42 	
     3737	           30 	
     3738	           36 	
     3739	           43 	
     3740	           65 	
     3741	           39 	
     3742	           37 	
     3743	           35 	
     3744	           48 	
     3745	           34 	
     3746	           40 	
     3747	           39 	
     3748	           46 	
     3749	           38 	
     3750	           46 	
     3751	           42 	
     3752	           37 	
     3753	           36 	
     3754	           36 	
     3755	           35 	
     3756	           46 	
     3757	           38 	
     3758	           34 	
     3759	           40 	
     3760	           38 	
     3761	           33 	
     3762	           39 	
     3763	           45 	
     3764	           44 	
     3765	           56 	
     3766	           36 	
     3767	           30 	
     3768	           33 	
     3769	           49 	
     3770	           41 	
     3771	           38 	
     3772	           45 	
     3773	           32 	
     3774	           34 	
     3775	           52 	
     3776	           35 	
     3777	           42 	
     3778	           40 	
     3779	           40 	
     3780	           57 	
     3781	           36 	
     3782	           61 	
     3783	           32 	
     3784	           37 	
     3785	           45 	
     3786	           32 	
     3787	           48 	
     3788	           40 	
     3789	           35 	
     3790	           40 	
     3791	           45 	
     3792	           39 	
     3793	           42 	
     3794	           44 	
     3795	           42 	
     3796	           64 	
     3797	           46 	
     3798	           39 	
     3799	           39 	
     3800	           43 	
     3801	           27 	
     3802	           48 	
     3803	           41 	
     3804	           46 	
     3805	           42 	
     3806	           43 	
     3807	           52 	
     3808	           38 	
     3809	           33 	
     3810	           56 	
     3811	           47 	
     3812	           40 	
     3813	           43 	
     3814	           34 	
     3815	           42 	
     3816	           45 	
     3817	           40 	
     3818	           39 	
     3819	           60 	
     3820	           45 	
     3821	           37 	
     3822	           54 	
     3823	           37 	
     3824	           43 	
     3825	           40 	
     3826	           46 	
     3827	           42 	
     3828	           43 	
     3829	           39 	
     3830	           31 	
     3831	           33 	
     3832	           40 	
     3833	           42 	
     3834	           53 	
     3835	           36 	
     3836	           34 	
     3837	           33 	
     3838	           39 	
     3839	           47 	
     3840	           39 	
     3841	           40 	
     3842	           50 	
     3843	           49 	
     3844	           31 	
     3845	           39 	
     3846	           52 	
     3847	           31 	
     3848	           42 	
     3849	           37 	
     3850	           32 	
     3851	           31 	
     3852	           34 	
     3853	           53 	
     3854	           36 	
     3855	           30 	
     3856	           39 	
     3857	           42 	
     3858	           41 	
     3859	           43 	
     3860	           43 	
     3861	           37 	
     3862	           48 	
     3863	           45 	
     3864	           43 	
     3865	           42 	
     3866	           44 	
     3867	           42 	
     3868	           43 	
     3869	           54 	
     3870	           50 	
     3871	           39 	
     3872	           38 	
     3873	           48 	
     3874	           37 	
     3875	           34 	
     3876	           44 	
     3877	           39 	
     3878	           51 	
     3879	           56 	
     3880	           32 	
     3881	           44 	
     3882	           41 	
     3883	           51 	
     3884	           30 	
     3885	           42 	
     3886	           54 	
     3887	           43 	
     3888	           41 	
     3889	           53 	
     3890	           44 	
     3891	           44 	
     3892	           36 	
     3893	           43 	
     3894	           46 	
     3895	           40 	
     3896	           46 	
     3897	           54 	
     3898	           40 	
     3899	           37 	
     3900	           45 	
     3901	           39 	
     3902	           44 	
     3903	           44 	
     3904	           39 	
     3905	           40 	
     3906	           36 	
     3907	           50 	
     3908	           43 	
     3909	           41 	
     3910	           35 	
     3911	           42 	
     3912	           35 	
     3913	           41 	
     3914	           55 	
     3915	           37 	
     3916	           43 	
     3917	           41 	
     3918	           44 	
     3919	           36 	
     3920	           42 	
     3921	           51 	
     3922	           42 	
     3923	           49 	
     3924	           46 	
     3925	           39 	
     3926	           47 	
     3927	           46 	
     3928	           42 	
     3929	           53 	
     3930	           31 	
     3931	           46 	
     3932	           31 	
     3933	           40 	
     3934	           44 	
     3935	           44 	
     3936	           41 	
     3937	           44 	
     3938	           34 	
     3939	           48 	
     3940	           53 	
     3941	           55 	
     3942	           41 	
     3943	           43 	
     3944	           52 	
     3945	           41 	
     3946	           51 	
     3947	           36 	
     3948	           43 	
     3949	           42 	
     3950	           49 	
     3951	           43 	
     3952	           47 	
     3953	           40 	
     3954	           41 	
     3955	           60 	
     3956	           54 	
     3957	           37 	
     3958	           55 	
     3959	           39 	
     3960	           43 	
     3961	           35 	
     3962	           48 	
     3963	           26 	
     3964	           49 	
     3965	           45 	
     3966	           37 	
     3967	           28 	
     3968	           40 	
     3969	           37 	
     3970	           41 	
     3971	           39 	
     3972	           53 	
     3973	           43 	
     3974	           36 	
     3975	           40 	
     3976	           33 	
     3977	           34 	
     3978	           38 	
     3979	           39 	
     3980	           45 	
     3981	           39 	
     3982	           36 	
     3983	           43 	
     3984	           35 	
     3985	           33 	
     3986	           40 	
     3987	           41 	
     3988	           36 	
     3989	           39 	
     3990	           35 	
     3991	           44 	
     3992	           59 	
     3993	           28 	
     3994	           40 	
     3995	           38 	
     3996	           48 	
     3997	           36 	
     3998	           43 	
     3999	           55 	
     4000	           59 	
     4001	           48 	
     4002	           41 	
     4003	           50 	
     4004	           50 	
     4005	           42 	
     4006	           44 	
     4007	           30 	
     4008	           54 	
     4009	           45 	
     4010	           45 	
     4011	           42 	
     4012	           31 	
     4013	           31 	
     4014	           48 	
     4015	           42 	
     4016	           53 	
     4017	           48 	
     4018	           46 	
     4019	           46 	
     4020	           41 	
     4021	           38 	
     4022	           41 	
     4023	           51 	
     4024	           48 	
     4025	           42 	
     4026	           39 	
     4027	           48 	
     4028	           41 	
     4029	           44 	
     4030	           70 	
     4031	           46 	
     4032	           48 	
     4033	           41 	
     4034	           38 	
     4035	           47 	
     4036	           41 	
     4037	           40 	
     4038	           36 	
     4039	           50 	
     4040	           50 	
     4041	           60 	
     4042	           42 	
     4043	           41 	
     4044	           44 	
     4045	           35 	
     4046	           50 	
     4047	           41 	
     4048	           35 	
     4049	           39 	
     4050	           57 	
     4051	           43 	
     4052	           39 	
     4053	           42 	
     4054	           43 	
     4055	           38 	
     4056	           36 	
     4057	           38 	
     4058	           42 	
     4059	           40 	
     4060	           46 	
     4061	           39 	
     4062	           44 	
     4063	           50 	
     4064	           43 	
     4065	           43 	
     4066	           54 	
     4067	           37 	
     4068	           41 	
     4069	           40 	
     4070	           42 	
     4071	           43 	
     4072	           42 	
     4073	           40 	
     4074	           44 	
     4075	           41 	
     4076	           42 	
     4077	           51 	
     4078	           35 	
     4079	           55 	
     4080	           48 	
     4081	           40 	
     4082	           32 	
     4083	           42 	
     4084	           38 	
     4085	           32 	
     4086	           41 	
     4087	           59 	
     4088	           47 	
     4089	           49 	
     4090	           51 	
     4091	           32 	
     4092	           47 	
     4093	           36 	
     4094	           33 	
     4095	           50 	
     4096	           42 	
     4097	           37 	
     4098	           49 	
     4099	           46 	
     4100	           52 	
     4101	           47 	
     4102	           52 	
     4103	           35 	
     4104	           32 	
     4105	           39 	
     4106	           41 	
     4107	           57 	
     4108	           43 	
     4109	           45 	
     4110	           46 	
     4111	           46 	
     4112	           53 	
     4113	           42 	
     4114	           41 	
     4115	           43 	
     4116	           36 	
     4117	           49 	
     4118	           42 	
     4119	           38 	
     4120	           38 	
     4121	           38 	
     4122	           67 	
     4123	           45 	
     4124	           37 	
     4125	           33 	
     4126	           51 	
     4127	           32 	
     4128	           55 	
     4129	           46 	
     4130	           44 	
     4131	           44 	
     4132	           52 	
     4133	           41 	
     4134	           40 	
     4135	           48 	
     4136	           50 	
     4137	           50 	
     4138	           46 	
     4139	           31 	
     4140	           40 	
     4141	           40 	
     4142	           34 	
     4143	           49 	
     4144	           43 	
     4145	           44 	
     4146	           40 	
     4147	           35 	
     4148	           35 	
     4149	           47 	
     4150	           40 	
     4151	           27 	
     4152	           43 	
     4153	           57 	
     4154	           35 	
     4155	           46 	
     4156	           43 	
     4157	           44 	
     4158	           52 	
     4159	           30 	
     4160	           35 	
     4161	           48 	
     4162	           46 	
     4163	           37 	
     4164	           51 	
     4165	           43 	
     4166	           45 	
     4167	           47 	
     4168	           41 	
     4169	           39 	
     4170	           46 	
     4171	           39 	
     4172	           47 	
     4173	           40 	
     4174	           37 	
     4175	           26 	
     4176	           36 	
     4177	           32 	
     4178	           36 	
     4179	           48 	
     4180	           39 	
     4181	           33 	
     4182	           46 	
     4183	           38 	
     4184	           52 	
     4185	           48 	
     4186	           41 	
     4187	           46 	
     4188	           43 	
     4189	           25 	
     4190	           45 	
     4191	           39 	
     4192	           58 	
     4193	           36 	
     4194	           29 	
     4195	           41 	
     4196	           38 	
     4197	           49 	
     4198	           36 	
     4199	           46 	
     4200	           46 	
     4201	           42 	
     4202	           52 	
     4203	           43 	
     4204	           39 	
     4205	           39 	
     4206	           41 	
     4207	           38 	
     4208	           41 	
     4209	           34 	
     4210	           49 	
     4211	           58 	
     4212	           41 	
     4213	           35 	
     4214	           37 	
     4215	           49 	
     4216	           39 	
     4217	           37 	
     4218	           42 	
     4219	           51 	
     4220	           51 	
     4221	           48 	
     4222	           33 	
     4223	           39 	
     4224	           53 	
     4225	           32 	
     4226	           36 	
     4227	           42 	
     4228	           60 	
     4229	           54 	
     4230	           46 	
     4231	           35 	
     4232	           32 	
     4233	           30 	
     4234	           46 	
     4235	           43 	
     4236	           27 	
     4237	           37 	
     4238	           44 	
     4239	           45 	
     4240	           41 	
     4241	           31 	
     4242	           35 	
     4243	           42 	
     4244	           39 	
     4245	           48 	
     4246	           31 	
     4247	           45 	
     4248	           41 	
     4249	           44 	
     4250	           54 	
     4251	           37 	
     4252	           58 	
     4253	           50 	
     4254	           43 	
     4255	           34 	
     4256	           41 	
     4257	           38 	
     4258	           38 	
     4259	           39 	
     4260	           50 	
     4261	           43 	
     4262	           50 	
     4263	           41 	
     4264	           36 	
     4265	           51 	
     4266	           55 	
     4267	           63 	
     4268	           49 	
     4269	           24 	
     4270	           38 	
     4271	           46 	
     4272	           42 	
     4273	           29 	
     4274	           35 	
     4275	           48 	
     4276	           39 	
     4277	           30 	
     4278	           37 	
     4279	           27 	
     4280	           23 	
     4281	           39 	
     4282	           32 	
     4283	           25 	
     4284	           41 	
     4285	           39 	
     4286	           35 	
     4287	           44 	
     4288	           47 	
     4289	           45 	
     4290	           47 	
     4291	           35 	
     4292	           43 	
     4293	           50 	
     4294	           54 	
     4295	           41 	
     4296	           32 	
     4297	           44 	
     4298	           51 	
     4299	           52 	
     4300	           39 	
     4301	           41 	
     4302	           44 	
     4303	           52 	
     4304	           33 	
     4305	           45 	
     4306	           54 	
     4307	           37 	
     4308	           37 	
     4309	           48 	
     4310	           41 	
     4311	           36 	
     4312	           31 	
     4313	           46 	
     4314	           53 	
     4315	           37 	
     4316	           35 	
     4317	           40 	
     4318	           52 	
     4319	           32 	
     4320	           39 	
     4321	           44 	
     4322	           43 	
     4323	           39 	
     4324	           40 	
     4325	           58 	
     4326	           33 	
     4327	           51 	
     4328	           46 	
     4329	           33 	
     4330	           38 	
     4331	           47 	
     4332	           51 	
     4333	           41 	
     4334	           47 	
     4335	           48 	
     4336	           40 	
     4337	           40 	
     4338	           51 	
     4339	           46 	
     4340	           48 	
     4341	           49 	
     4342	           39 	
     4343	           42 	
     4344	           42 	
     4345	           42 	
     4346	           46 	
     4347	           60 	
     4348	           38 	
     4349	           43 	
     4350	           38 	
     4351	           37 	
     4352	           42 	
     4353	           31 	
     4354	           53 	
     4355	           46 	
     4356	           38 	
     4357	           46 	
     4358	           42 	
     4359	           32 	
     4360	           37 	
     4361	           44 	
     4362	           38 	
     4363	           43 	
     4364	           49 	
     4365	           35 	
     4366	           41 	
     4367	           47 	
     4368	           48 	
     4369	           39 	
     4370	           44 	
     4371	           43 	
     4372	           43 	
     4373	           45 	
     4374	           37 	
     4375	           54 	
     4376	           42 	
     4377	           47 	
     4378	           42 	
     4379	           51 	
     4380	           36 	
     4381	           35 	
     4382	           48 	
     4383	           49 	
     4384	           50 	
     4385	           43 	
     4386	           45 	
     4387	           42 	
     4388	           34 	
     4389	           37 	
     4390	           47 	
     4391	           47 	
     4392	           52 	
     4393	           55 	
     4394	           48 	
     4395	           41 	
     4396	           44 	
     4397	           29 	
     4398	           35 	
     4399	           50 	
     4400	           54 	
     4401	           28 	
     4402	           44 	
     4403	           46 	
     4404	           53 	
     4405	           47 	
     4406	           47 	
     4407	           50 	
     4408	           46 	
     4409	           54 	
     4410	           38 	
     4411	           41 	
     4412	           33 	
     4413	           46 	
     4414	           38 	
     4415	           37 	
     4416	           36 	
     4417	           44 	
     4418	           35 	
     4419	           31 	
     4420	           47 	
     4421	           44 	
     4422	           41 	
     4423	           53 	
     4424	           36 	
     4425	           41 	
     4426	           39 	
     4427	           43 	
     4428	           35 	
     4429	           42 	
     4430	           42 	
     4431	           32 	
     4432	           45 	
     4433	           57 	
     4434	           64 	
     4435	           47 	
     4436	           43 	
     4437	           37 	
     4438	           42 	
     4439	           37 	
     4440	           48 	
     4441	           45 	
     4442	           34 	
     4443	           38 	
     4444	           40 	
     4445	           60 	
     4446	           42 	
     4447	           40 	
     4448	           39 	
     4449	           43 	
     4450	           41 	
     4451	           42 	
     4452	           40 	
     4453	           47 	
     4454	           52 	
     4455	           46 	
     4456	           41 	
     4457	           50 	
     4458	           45 	
     4459	           33 	
     4460	           39 	
     4461	           25 	
     4462	           42 	
     4463	           34 	
     4464	           52 	
     4465	           38 	
     4466	           39 	
     4467	           43 	
     4468	           40 	
     4469	           39 	
     4470	           43 	
     4471	           46 	
     4472	           45 	
     4473	           48 	
     4474	           46 	
     4475	           33 	
     4476	           34 	
     4477	           40 	
     4478	           33 	
     4479	           42 	
     4480	           37 	
     4481	           25 	
     4482	           49 	
     4483	           47 	
     4484	           56 	
     4485	           39 	
     4486	           35 	
     4487	           54 	
     4488	           32 	
     4489	           38 	
     4490	           46 	
     4491	           46 	
     4492	           53 	
     4493	           53 	
     4494	           36 	
     4495	           47 	
     4496	           44 	
     4497	           30 	
     4498	           41 	
     4499	           33 	
     4500	           33 	
     4501	           47 	
     4502	           43 	
     4503	           41 	
     4504	           40 	
     4505	           40 	
     4506	           41 	
     4507	           48 	
     4508	           35 	
     4509	           48 	
     4510	           43 	
     4511	           48 	
     4512	           50 	
     4513	           49 	
     4514	           37 	
     4515	           43 	
     4516	           41 	
     4517	           39 	
     4518	           37 	
     4519	           29 	
     4520	           47 	
     4521	           39 	
     4522	           51 	
     4523	           36 	
     4524	           50 	
     4525	           40 	
     4526	           45 	
     4527	           46 	
     4528	           52 	
     4529	           25 	
     4530	           44 	
     4531	           55 	
     4532	           39 	
     4533	           44 	
     4534	           42 	
     4535	           40 	
     4536	           38 	
     4537	           41 	
     4538	           31 	
     4539	           40 	
     4540	           51 	
     4541	           47 	
     4542	           55 	
     4543	           34 	
     4544	           47 	
     4545	           39 	
     4546	           40 	
     4547	           43 	
     4548	           36 	
     4549	           38 	
     4550	           34 	
     4551	           42 	
     4552	           30 	
     4553	           47 	
     4554	           44 	
     4555	           46 	
     4556	           45 	
     4557	           38 	
     4558	           52 	
     4559	           51 	
     4560	           55 	
     4561	           40 	
     4562	           38 	
     4563	           39 	
     4564	           38 	
     4565	           45 	
     4566	           40 	
     4567	           36 	
     4568	           50 	
     4569	           47 	
     4570	           43 	
     4571	           57 	
     4572	           39 	
     4573	           49 	
     4574	           42 	
     4575	           49 	
     4576	           47 	
     4577	           51 	
     4578	           51 	
     4579	           35 	
     4580	           38 	
     4581	           40 	
     4582	           43 	
     4583	           41 	
     4584	           27 	
     4585	           43 	
     4586	           50 	
     4587	           49 	
     4588	           51 	
     4589	           36 	
     4590	           52 	
     4591	           43 	
     4592	           43 	
     4593	           48 	
     4594	           39 	
     4595	           52 	
     4596	           44 	
     4597	           39 	
     4598	           41 	
     4599	           40 	
     4600	           48 	
     4601	           42 	
     4602	           44 	
     4603	           49 	
     4604	           46 	
     4605	           58 	
     4606	           54 	
     4607	           35 	
     4608	           34 	
     4609	           35 	
     4610	           41 	
     4611	           49 	
     4612	           39 	
     4613	           51 	
     4614	           59 	
     4615	           38 	
     4616	           37 	
     4617	           42 	
     4618	           42 	
     4619	           45 	
     4620	           51 	
     4621	           41 	
     4622	           50 	
     4623	           55 	
     4624	           49 	
     4625	           45 	
     4626	           45 	
     4627	           43 	
     4628	           47 	
     4629	           52 	
     4630	           45 	
     4631	           39 	
     4632	           51 	
     4633	           40 	
     4634	           39 	
     4635	           58 	
     4636	           50 	
     4637	           61 	
     4638	           37 	
     4639	           43 	
     4640	           46 	
     4641	           47 	
     4642	           43 	
     4643	           44 	
     4644	           47 	
     4645	           32 	
     4646	           40 	
     4647	           46 	
     4648	           35 	
     4649	           40 	
     4650	           36 	
     4651	           46 	
     4652	           40 	
     4653	           27 	
     4654	           39 	
     4655	           51 	
     4656	           33 	
     4657	           38 	
     4658	           42 	
     4659	           36 	
     4660	           32 	
     4661	           42 	
     4662	           49 	
     4663	           44 	
     4664	           51 	
     4665	           36 	
     4666	           43 	
     4667	           49 	
     4668	           45 	
     4669	           39 	
     4670	           46 	
     4671	           33 	
     4672	           51 	
     4673	           43 	
     4674	           35 	
     4675	           36 	
     4676	           51 	
     4677	           52 	
     4678	           30 	
     4679	           35 	
     4680	           36 	
     4681	           42 	
     4682	           45 	
     4683	           37 	
     4684	           38 	
     4685	           48 	
     4686	           49 	
     4687	           59 	
     4688	           42 	
     4689	           41 	
     4690	           49 	
     4691	           33 	
     4692	           44 	
     4693	           46 	
     4694	           47 	
     4695	           42 	
     4696	           51 	
     4697	           48 	
     4698	           41 	
     4699	           43 	
     4700	           40 	
     4701	           52 	
     4702	           38 	
     4703	           39 	
     4704	           36 	
     4705	           33 	
     4706	           33 	
     4707	           45 	
     4708	           49 	
     4709	           36 	
     4710	           47 	
     4711	           46 	
     4712	           35 	
     4713	           43 	
     4714	           31 	
     4715	           43 	
     4716	           46 	
     4717	           46 	
     4718	           54 	
     4719	           47 	
     4720	           38 	
     4721	           46 	
     4722	           34 	
     4723	           50 	
     4724	           54 	
     4725	           39 	
     4726	           49 	
     4727	           35 	
     4728	           34 	
     4729	           39 	
     4730	           45 	
     4731	           39 	
     4732	           47 	
     4733	           42 	
     4734	           49 	
     4735	           39 	
     4736	           31 	
     4737	           32 	
     4738	           47 	
     4739	           53 	
     4740	           36 	
     4741	           44 	
     4742	           49 	
     4743	           40 	
     4744	           32 	
     4745	           58 	
     4746	           42 	
     4747	           38 	
     4748	           41 	
     4749	           38 	
     4750	           37 	
     4751	           51 	
     4752	           40 	
     4753	           40 	
     4754	           37 	
     4755	           44 	
     4756	           40 	
     4757	           35 	
     4758	           36 	
     4759	           40 	
     4760	           36 	
     4761	           50 	
     4762	           47 	
     4763	           52 	
     4764	           28 	
     4765	           38 	
     4766	           36 	
     4767	           34 	
     4768	           45 	
     4769	           38 	
     4770	           26 	
     4771	           49 	
     4772	           54 	
     4773	           46 	
     4774	           45 	
     4775	           44 	
     4776	           34 	
     4777	           49 	
     4778	           46 	
     4779	           41 	
     4780	           56 	
     4781	           39 	
     4782	           27 	
     4783	           51 	
     4784	           48 	
     4785	           42 	
     4786	           48 	
     4787	           43 	
     4788	           46 	
     4789	           41 	
     4790	           35 	
     4791	           42 	
     4792	           42 	
     4793	           44 	
     4794	           44 	
     4795	           48 	
     4796	           39 	
     4797	           40 	
     4798	           49 	
     4799	           32 	
     4800	           36 	
     4801	           44 	
     4802	           49 	
     4803	           39 	
     4804	           50 	
     4805	           36 	
     4806	           42 	
     4807	           40 	
     4808	           39 	
     4809	           37 	
     4810	           46 	
     4811	           35 	
     4812	           39 	
     4813	           40 	
     4814	           35 	
     4815	           44 	
     4816	           36 	
     4817	           43 	
     4818	           51 	
     4819	           40 	
     4820	           42 	
     4821	           52 	
     4822	           35 	
     4823	           28 	
     4824	           35 	
     4825	           40 	
     4826	           35 	
     4827	           40 	
     4828	           45 	
     4829	           48 	
     4830	           37 	
     4831	           28 	
     4832	           42 	
     4833	           47 	
     4834	           43 	
     4835	           38 	
     4836	           30 	
     4837	           37 	
     4838	           46 	
     4839	           40 	
     4840	           45 	
     4841	           52 	
     4842	           58 	
     4843	           52 	
     4844	           38 	
     4845	           44 	
     4846	           41 	
     4847	           36 	
     4848	           35 	
     4849	           37 	
     4850	           37 	
     4851	           60 	
     4852	           33 	
     4853	           40 	
     4854	           39 	
     4855	           49 	
     4856	           44 	
     4857	           57 	
     4858	           45 	
     4859	           39 	
     4860	           59 	
     4861	           38 	
     4862	           48 	
     4863	           39 	
     4864	           38 	
     4865	           46 	
     4866	           46 	
     4867	           39 	
     4868	           45 	
     4869	           47 	
     4870	           48 	
     4871	           39 	
     4872	           49 	
     4873	           34 	
     4874	           50 	
     4875	           31 	
     4876	           49 	
     4877	           51 	
     4878	           41 	
     4879	           41 	
     4880	           42 	
     4881	           38 	
     4882	           32 	
     4883	           28 	
     4884	           46 	
     4885	           48 	
     4886	           55 	
     4887	           39 	
     4888	           39 	
     4889	           47 	
     4890	           43 	
     4891	           51 	
     4892	           42 	
     4893	           33 	
     4894	           40 	
     4895	           48 	
     4896	           52 	
     4897	           43 	
     4898	           50 	
     4899	           41 	
     4900	           28 	
     4901	           42 	
     4902	           46 	
     4903	           36 	
     4904	           48 	
     4905	           34 	
     4906	           39 	
     4907	           51 	
     4908	           32 	
     4909	           35 	
     4910	           44 	
     4911	           45 	
     4912	           48 	
     4913	           33 	
     4914	           36 	
     4915	           34 	
     4916	           40 	
     4917	           65 	
     4918	           42 	
     4919	           42 	
     4920	           48 	
     4921	           42 	
     4922	           46 	
     4923	           37 	
     4924	           41 	
     4925	           46 	
     4926	           40 	
     4927	           49 	
     4928	           38 	
     4929	           38 	
     4930	           50 	
     4931	           36 	
     4932	           51 	
     4933	           36 	
     4934	           48 	
     4935	           49 	
     4936	           34 	
     4937	           35 	
     4938	           50 	
     4939	           30 	
     4940	           46 	
     4941	           43 	
     4942	           41 	
     4943	           45 	
     4944	           33 	
     4945	           42 	
     4946	           41 	
     4947	           44 	
     4948	           53 	
     4949	           36 	
     4950	           36 	
     4951	           43 	
     4952	           37 	
     4953	           37 	
     4954	           52 	
     4955	           34 	
     4956	           47 	
     4957	           44 	
     4958	           46 	
     4959	           48 	
     4960	           47 	
     4961	           40 	
     4962	           43 	
     4963	           39 	
     4964	           38 	
     4965	           44 	
     4966	           43 	
     4967	           51 	
     4968	           38 	
     4969	           46 	
     4970	           47 	
     4971	           31 	
     4972	           48 	
     4973	           26 	
     4974	           36 	
     4975	           45 	
     4976	           39 	
     4977	           31 	
     4978	           54 	
     4979	           38 	
     4980	           43 	
     4981	           46 	
     4982	           49 	
     4983	           43 	
     4984	           38 	
     4985	           29 	
     4986	           42 	
     4987	           37 	
     4988	           56 	
     4989	           42 	
     4990	           48 	
     4991	           43 	
     4992	           45 	
     4993	           46 	
     4994	           39 	
     4995	           49 	
     4996	           34 	
     4997	           39 	
     4998	           35 	
     4999	           42 	
     5000	           42 	
     5001	           51 	
     5002	           34 	
     5003	           31 	
     5004	           38 	
     5005	           46 	
     5006	           45 	
     5007	           38 	
     5008	           39 	
     5009	           34 	
     5010	           25 	
     5011	           39 	
     5012	           40 	
     5013	           41 	
     5014	           36 	
     5015	           32 	
     5016	           44 	
     5017	           44 	
     5018	           41 	
     5019	           47 	
     5020	           44 	
     5021	           44 	
     5022	           41 	
     5023	           37 	
     5024	           43 	
     5025	           47 	
     5026	           40 	
     5027	           35 	
     5028	           37 	
     5029	           54 	
     5030	           45 	
     5031	           45 	
     5032	           55 	
     5033	           34 	
     5034	           37 	
     5035	           38 	
     5036	           44 	
     5037	           38 	
     5038	           49 	
     5039	           35 	
     5040	           37 	
     5041	           37 	
     5042	           46 	
     5043	           38 	
     5044	           41 	
     5045	           51 	
     5046	           42 	
     5047	           34 	
     5048	           34 	
     5049	           29 	
     5050	           48 	
     5051	           40 	
     5052	           35 	
     5053	           59 	
     5054	           46 	
     5055	           36 	
     5056	           25 	
     5057	           27 	
     5058	           49 	
     5059	           41 	
     5060	           38 	
     5061	           45 	
     5062	           47 	
     5063	           52 	
     5064	           34 	
     5065	           55 	
     5066	           43 	
     5067	           35 	
     5068	           41 	
     5069	           49 	
     5070	           46 	
     5071	           32 	
     5072	           48 	
     5073	           33 	
     5074	           44 	
     5075	           48 	
     5076	           42 	
     5077	           44 	
     5078	           38 	
     5079	           44 	
     5080	           51 	
     5081	           43 	
     5082	           32 	
     5083	           41 	
     5084	           44 	
     5085	           39 	
     5086	           34 	
     5087	           44 	
     5088	           41 	
     5089	           44 	
     5090	           46 	
     5091	           34 	
     5092	           37 	
     5093	           38 	
     5094	           42 	
     5095	           39 	
     5096	           46 	
     5097	           39 	
     5098	           44 	
     5099	           38 	
     5100	           40 	
     5101	           52 	
     5102	           44 	
     5103	           41 	
     5104	           35 	
     5105	           40 	
     5106	           36 	
     5107	           32 	
     5108	           52 	
     5109	           43 	
     5110	           36 	
     5111	           48 	
     5112	           38 	
     5113	           35 	
     5114	           41 	
     5115	           50 	
     5116	           47 	
     5117	           45 	
     5118	           41 	
     5119	           38 	
     5120	           45 	
     5121	           44 	
     5122	           38 	
     5123	           45 	
     5124	           53 	
     5125	           45 	
     5126	           32 	
     5127	           42 	
     5128	           37 	
     5129	           43 	
     5130	           37 	
     5131	           41 	
     5132	           48 	
     5133	           38 	
     5134	           41 	
     5135	           46 	
     5136	           41 	
     5137	           39 	
     5138	           44 	
     5139	           42 	
     5140	           40 	
     5141	           38 	
     5142	           43 	
     5143	           37 	
     5144	           42 	
     5145	           48 	
     5146	           29 	
     5147	           37 	
     5148	           41 	
     5149	           41 	
     5150	           51 	
     5151	           32 	
     5152	           64 	
     5153	           44 	
     5154	           30 	
     5155	           38 	
     5156	           38 	
     5157	           37 	
     5158	           42 	
     5159	           43 	
     5160	           41 	
     5161	           33 	
     5162	           40 	
     5163	           42 	
     5164	           52 	
     5165	           40 	
     5166	           52 	
     5167	           40 	
     5168	           46 	
     5169	           35 	
     5170	           33 	
     5171	           52 	
     5172	           45 	
     5173	           38 	
     5174	           48 	
     5175	           41 	
     5176	           38 	
     5177	           50 	
     5178	           30 	
     5179	           35 	
     5180	           48 	
     5181	           52 	
     5182	           43 	
     5183	           45 	
     5184	           42 	
     5185	           42 	
     5186	           42 	
     5187	           32 	
     5188	           44 	
     5189	           28 	
     5190	           42 	
     5191	           43 	
     5192	           42 	
     5193	           33 	
     5194	           34 	
     5195	           46 	
     5196	           49 	
     5197	           36 	
     5198	           46 	
     5199	           18 	
     5200	           42 	
     5201	           44 	
     5202	           39 	
     5203	           52 	
     5204	           47 	
     5205	           47 	
     5206	           40 	
     5207	           37 	
     5208	           43 	
     5209	           40 	
     5210	           43 	
     5211	           46 	
     5212	           22 	
     5213	           50 	
     5214	           41 	
     5215	           55 	
     5216	           40 	
     5217	           44 	
     5218	           43 	
     5219	           45 	
     5220	           39 	
     5221	           45 	
     5222	           35 	
     5223	           50 	
     5224	           47 	
     5225	           45 	
     5226	           47 	
     5227	           42 	
     5228	           45 	
     5229	           31 	
     5230	           36 	
     5231	           43 	
     5232	           39 	
     5233	           51 	
     5234	           46 	
     5235	           51 	
     5236	           37 	
     5237	           46 	
     5238	           34 	
     5239	           36 	
     5240	           32 	
     5241	           44 	
     5242	           42 	
     5243	           46 	
     5244	           44 	
     5245	           51 	
     5246	           37 	
     5247	           39 	
     5248	           51 	
     5249	           49 	
     5250	           34 	
     5251	           33 	
     5252	           33 	
     5253	           32 	
     5254	           43 	
     5255	           40 	
     5256	           44 	
     5257	           45 	
     5258	           31 	
     5259	           52 	
     5260	           35 	
     5261	           34 	
     5262	           46 	
     5263	           33 	
     5264	           35 	
     5265	           35 	
     5266	           33 	
     5267	           52 	
     5268	           45 	
     5269	           55 	
     5270	           41 	
     5271	           54 	
     5272	           40 	
     5273	           40 	
     5274	           39 	
     5275	           45 	
     5276	           43 	
     5277	           41 	
     5278	           41 	
     5279	           41 	
     5280	           46 	
     5281	           37 	
     5282	           39 	
     5283	           41 	
     5284	           36 	
     5285	           41 	
     5286	           33 	
     5287	           29 	
     5288	           54 	
     5289	           40 	
     5290	           37 	
     5291	           49 	
     5292	           51 	
     5293	           44 	
     5294	           39 	
     5295	           30 	
     5296	           40 	
     5297	           39 	
     5298	           39 	
     5299	           41 	
     5300	           51 	
     5301	           49 	
     5302	           38 	
     5303	           49 	
     5304	           46 	
     5305	           34 	
     5306	           31 	
     5307	           37 	
     5308	           45 	
     5309	           36 	
     5310	           34 	
     5311	           38 	
     5312	           57 	
     5313	           43 	
     5314	           38 	
     5315	           47 	
     5316	           38 	
     5317	           45 	
     5318	           35 	
     5319	           58 	
     5320	           34 	
     5321	           38 	
     5322	           43 	
     5323	           29 	
     5324	           31 	
     5325	           42 	
     5326	           38 	
     5327	           37 	
     5328	           46 	
     5329	           46 	
     5330	           37 	
     5331	           50 	
     5332	           45 	
     5333	           44 	
     5334	           42 	
     5335	           59 	
     5336	           42 	
     5337	           33 	
     5338	           38 	
     5339	           42 	
     5340	           52 	
     5341	           33 	
     5342	           53 	
     5343	           42 	
     5344	           59 	
     5345	           42 	
     5346	           37 	
     5347	           52 	
     5348	           40 	
     5349	           44 	
     5350	           43 	
     5351	           44 	
     5352	           41 	
     5353	           38 	
     5354	           26 	
     5355	           33 	
     5356	           27 	
     5357	           34 	
     5358	           45 	
     5359	           42 	
     5360	           52 	
     5361	           48 	
     5362	           51 	
     5363	           39 	
     5364	           43 	
     5365	           35 	
     5366	           44 	
     5367	           39 	
     5368	           47 	
     5369	           41 	
     5370	           47 	
     5371	           53 	
     5372	           54 	
     5373	           40 	
     5374	           39 	
     5375	           37 	
     5376	           35 	
     5377	           41 	
     5378	           47 	
     5379	           36 	
     5380	           35 	
     5381	           57 	
     5382	           51 	
     5383	           55 	
     5384	           55 	
     5385	           45 	
     5386	           50 	
     5387	           40 	
     5388	           23 	
     5389	           47 	
     5390	           36 	
     5391	           35 	
     5392	           38 	
     5393	           58 	
     5394	           54 	
     5395	           44 	
     5396	           29 	
     5397	           37 	
     5398	           37 	
     5399	           55 	
     5400	           42 	
     5401	           32 	
     5402	           43 	
     5403	           54 	
     5404	           40 	
     5405	           52 	
     5406	           37 	
     5407	           57 	
     5408	           43 	
     5409	           45 	
     5410	           38 	
     5411	           44 	
     5412	           40 	
     5413	           41 	
     5414	           31 	
     5415	           40 	
     5416	           39 	
     5417	           42 	
     5418	           43 	
     5419	           44 	
     5420	           44 	
     5421	           42 	
     5422	           39 	
     5423	           40 	
     5424	           37 	
     5425	           41 	
     5426	           35 	
     5427	           55 	
     5428	           40 	
     5429	           45 	
     5430	           32 	
     5431	           41 	
     5432	           48 	
     5433	           46 	
     5434	           34 	
     5435	           30 	
     5436	           39 	
     5437	           47 	
     5438	           51 	
     5439	           36 	
     5440	           46 	
     5441	           45 	
     5442	           37 	
     5443	           47 	
     5444	           36 	
     5445	           54 	
     5446	           41 	
     5447	           57 	
     5448	           45 	
     5449	           57 	
     5450	           45 	
     5451	           34 	
     5452	           38 	
     5453	           44 	
     5454	           47 	
     5455	           41 	
     5456	           45 	
     5457	           44 	
     5458	           48 	
     5459	           37 	
     5460	           36 	
     5461	           35 	
     5462	           38 	
     5463	           40 	
     5464	           43 	
     5465	           39 	
     5466	           37 	
     5467	           28 	
     5468	           36 	
     5469	           47 	
     5470	           42 	
     5471	           34 	
     5472	           31 	
     5473	           40 	
     5474	           46 	
     5475	           51 	
     5476	           47 	
     5477	           49 	
     5478	           37 	
     5479	           40 	
     5480	           46 	
     5481	           41 	
     5482	           35 	
     5483	           41 	
     5484	           30 	
     5485	           38 	
     5486	           43 	
     5487	           47 	
     5488	           54 	
     5489	           50 	
     5490	           41 	
     5491	           58 	
     5492	           30 	
     5493	           45 	
     5494	           38 	
     5495	           43 	
     5496	           51 	
     5497	           30 	
     5498	           33 	
     5499	           54 	
     5500	           32 	
     5501	           41 	
     5502	           46 	
     5503	           39 	
     5504	           35 	
     5505	           42 	
     5506	           42 	
     5507	           49 	
     5508	           33 	
     5509	           29 	
     5510	           46 	
     5511	           38 	
     5512	           39 	
     5513	           41 	
     5514	           35 	
     5515	           38 	
     5516	           40 	
     5517	           43 	
     5518	           34 	
     5519	           43 	
     5520	           52 	
     5521	           34 	
     5522	           41 	
     5523	           39 	
     5524	           51 	
     5525	           35 	
     5526	           43 	
     5527	           29 	
     5528	           35 	
     5529	           27 	
     5530	           46 	
     5531	           37 	
     5532	           41 	
     5533	           32 	
     5534	           37 	
     5535	           42 	
     5536	           26 	
     5537	           44 	
     5538	           47 	
     5539	           36 	
     5540	           41 	
     5541	           37 	
     5542	           50 	
     5543	           47 	
     5544	           40 	
     5545	           32 	
     5546	           39 	
     5547	           42 	
     5548	           55 	
     5549	           42 	
     5550	           47 	
     5551	           41 	
     5552	           40 	
     5553	           41 	
     5554	           37 	
     5555	           44 	
     5556	           35 	
     5557	           37 	
     5558	           47 	
     5559	           46 	
     5560	           37 	
     5561	           50 	
     5562	           36 	
     5563	           41 	
     5564	           39 	
     5565	           33 	
     5566	           48 	
     5567	           34 	
     5568	           37 	
     5569	           45 	
     5570	           42 	
     5571	           50 	
     5572	           47 	
     5573	           48 	
     5574	           50 	
     5575	           36 	
     5576	           34 	
     5577	           44 	
     5578	           35 	
     5579	           44 	
     5580	           34 	
     5581	           43 	
     5582	           41 	
     5583	           52 	
     5584	           44 	
     5585	           57 	
     5586	           52 	
     5587	           51 	
     5588	           41 	
     5589	           30 	
     5590	           54 	
     5591	           43 	
     5592	           49 	
     5593	           28 	
     5594	           47 	
     5595	           33 	
     5596	           37 	
     5597	           52 	
     5598	           43 	
     5599	           35 	
     5600	           56 	
     5601	           44 	
     5602	           40 	
     5603	           29 	
     5604	           44 	
     5605	           50 	
     5606	           36 	
     5607	           47 	
     5608	           54 	
     5609	           50 	
     5610	           38 	
     5611	           47 	
     5612	           45 	
     5613	           40 	
     5614	           42 	
     5615	           31 	
     5616	           34 	
     5617	           48 	
     5618	           37 	
     5619	           55 	
     5620	           50 	
     5621	           47 	
     5622	           47 	
     5623	           45 	
     5624	           37 	
     5625	           36 	
     5626	           42 	
     5627	           41 	
     5628	           37 	
     5629	           36 	
     5630	           40 	
     5631	           42 	
     5632	           35 	
     5633	           41 	
     5634	           52 	
     5635	           29 	
     5636	           32 	
     5637	           42 	
     5638	           47 	
     5639	           46 	
     5640	           47 	
     5641	           37 	
     5642	           53 	
     5643	           43 	
     5644	           39 	
     5645	           46 	
     5646	           29 	
     5647	           46 	
     5648	           40 	
     5649	           49 	
     5650	           35 	
     5651	           39 	
     5652	           46 	
     5653	           35 	
     5654	           46 	
     5655	           40 	
     5656	           29 	
     5657	           50 	
     5658	           35 	
     5659	           37 	
     5660	           39 	
     5661	           45 	
     5662	           39 	
     5663	           41 	
     5664	           47 	
     5665	           37 	
     5666	           43 	
     5667	           45 	
     5668	           38 	
     5669	           48 	
     5670	           26 	
     5671	           37 	
     5672	           29 	
     5673	           42 	
     5674	           50 	
     5675	           55 	
     5676	           43 	
     5677	           37 	
     5678	           32 	
     5679	           34 	
     5680	           57 	
     5681	           43 	
     5682	           40 	
     5683	           41 	
     5684	           50 	
     5685	           41 	
     5686	           41 	
     5687	           32 	
     5688	           46 	
     5689	           40 	
     5690	           34 	
     5691	           42 	
     5692	           44 	
     5693	           41 	
     5694	           35 	
     5695	           42 	
     5696	           37 	
     5697	           40 	
     5698	           42 	
     5699	           42 	
     5700	           36 	
     5701	           36 	
     5702	           46 	
     5703	           30 	
     5704	           43 	
     5705	           54 	
     5706	           42 	
     5707	           40 	
     5708	           41 	
     5709	           42 	
     5710	           48 	
     5711	           39 	
     5712	           47 	
     5713	           48 	
     5714	           40 	
     5715	           47 	
     5716	           30 	
     5717	           52 	
     5718	           37 	
     5719	           28 	
     5720	           42 	
     5721	           35 	
     5722	           39 	
     5723	           45 	
     5724	           53 	
     5725	           38 	
     5726	           52 	
     5727	           36 	
     5728	           36 	
     5729	           41 	
     5730	           27 	
     5731	           47 	
     5732	           42 	
     5733	           43 	
     5734	           48 	
     5735	           46 	
     5736	           43 	
     5737	           49 	
     5738	           37 	
     5739	           43 	
     5740	           41 	
     5741	           41 	
     5742	           39 	
     5743	           39 	
     5744	           41 	
     5745	           29 	
     5746	           36 	
     5747	           34 	
     5748	           52 	
     5749	           39 	
     5750	           42 	
     5751	           47 	
     5752	           43 	
     5753	           34 	
     5754	           48 	
     5755	           46 	
     5756	           58 	
     5757	           45 	
     5758	           40 	
     5759	           43 	
     5760	           39 	
     5761	           48 	
     5762	           46 	
     5763	           46 	
     5764	           36 	
     5765	           48 	
     5766	           50 	
     5767	           31 	
     5768	           38 	
     5769	           43 	
     5770	           36 	
     5771	           42 	
     5772	           46 	
     5773	           39 	
     5774	           39 	
     5775	           40 	
     5776	           43 	
     5777	           29 	
     5778	           39 	
     5779	           41 	
     5780	           51 	
     5781	           44 	
     5782	           35 	
     5783	           44 	
     5784	           39 	
     5785	           31 	
     5786	           31 	
     5787	           41 	
     5788	           43 	
     5789	           46 	
     5790	           33 	
     5791	           42 	
     5792	           36 	
     5793	           53 	
     5794	           40 	
     5795	           32 	
     5796	           38 	
     5797	           30 	
     5798	           37 	
     5799	           49 	
     5800	           42 	
     5801	           37 	
     5802	           42 	
     5803	           41 	
     5804	           35 	
     5805	           38 	
     5806	           39 	
     5807	           30 	
     5808	           42 	
     5809	           44 	
     5810	           38 	
     5811	           44 	
     5812	           46 	
     5813	           37 	
     5814	           37 	
     5815	           41 	
     5816	           32 	
     5817	           45 	
     5818	           36 	
     5819	           38 	
     5820	           34 	
     5821	           55 	
     5822	           40 	
     5823	           47 	
     5824	           55 	
     5825	           39 	
     5826	           33 	
     5827	           32 	
     5828	           34 	
     5829	           42 	
     5830	           36 	
     5831	           40 	
     5832	           38 	
     5833	           43 	
     5834	           46 	
     5835	           47 	
     5836	           43 	
     5837	           42 	
     5838	           36 	
     5839	           35 	
     5840	           39 	
     5841	           39 	
     5842	           30 	
     5843	           44 	
     5844	           47 	
     5845	           34 	
     5846	           45 	
     5847	           40 	
     5848	           35 	
     5849	           37 	
     5850	           51 	
     5851	           52 	
     5852	           49 	
     5853	           36 	
     5854	           52 	
     5855	           45 	
     5856	           55 	
     5857	           42 	
     5858	           46 	
     5859	           47 	
     5860	           40 	
     5861	           44 	
     5862	           41 	
     5863	           47 	
     5864	           53 	
     5865	           30 	
     5866	           50 	
     5867	           33 	
     5868	           41 	
     5869	           43 	
     5870	           50 	
     5871	           43 	
     5872	           40 	
     5873	           41 	
     5874	           39 	
     5875	           47 	
     5876	           51 	
     5877	           41 	
     5878	           42 	
     5879	           47 	
     5880	           34 	
     5881	           29 	
     5882	           44 	
     5883	           46 	
     5884	           32 	
     5885	           39 	
     5886	           33 	
     5887	           47 	
     5888	           47 	
     5889	           36 	
     5890	           36 	
     5891	           45 	
     5892	           41 	
     5893	           28 	
     5894	           54 	
     5895	           36 	
     5896	           40 	
     5897	           26 	
     5898	           36 	
     5899	           38 	
     5900	           57 	
     5901	           39 	
     5902	           43 	
     5903	           43 	
     5904	           44 	
     5905	           39 	
     5906	           51 	
     5907	           42 	
     5908	           53 	
     5909	           37 	
     5910	           35 	
     5911	           42 	
     5912	           30 	
     5913	           52 	
     5914	           40 	
     5915	           53 	
     5916	           49 	
     5917	           40 	
     5918	           33 	
     5919	           38 	
     5920	           47 	
     5921	           48 	
     5922	           42 	
     5923	           43 	
     5924	           45 	
     5925	           39 	
     5926	           35 	
     5927	           50 	
     5928	           44 	
     5929	           33 	
     5930	           42 	
     5931	           36 	
     5932	           33 	
     5933	           36 	
     5934	           54 	
     5935	           33 	
     5936	           40 	
     5937	           36 	
     5938	           49 	
     5939	           35 	
     5940	           54 	
     5941	           45 	
     5942	           42 	
     5943	           42 	
     5944	           52 	
     5945	           38 	
     5946	           42 	
     5947	           55 	
     5948	           34 	
     5949	           47 	
     5950	           36 	
     5951	           31 	
     5952	           50 	
     5953	           44 	
     5954	           51 	
     5955	           38 	
     5956	           37 	
     5957	           42 	
     5958	           52 	
     5959	           52 	
     5960	           43 	
     5961	           48 	
     5962	           42 	
     5963	           38 	
     5964	           38 	
     5965	           37 	
     5966	           37 	
     5967	           36 	
     5968	           44 	
     5969	           44 	
     5970	           41 	
     5971	           38 	
     5972	           42 	
     5973	           54 	
     5974	           45 	
     5975	           47 	
     5976	           32 	
     5977	           35 	
     5978	           48 	
     5979	           44 	
     5980	           41 	
     5981	           37 	
     5982	           39 	
     5983	           42 	
     5984	           46 	
     5985	           38 	
     5986	           33 	
     5987	           44 	
     5988	           40 	
     5989	           39 	
     5990	           47 	
     5991	           32 	
     5992	           31 	
     5993	           40 	
     5994	           45 	
     5995	           29 	
     5996	           34 	
     5997	           41 	
     5998	           48 	
     5999	           39 	
     6000	           38 	
     6001	           43 	
     6002	           40 	
     6003	           52 	
     6004	           45 	
     6005	           50 	
     6006	           36 	
     6007	           49 	
     6008	           43 	
     6009	           37 	
     6010	           34 	
     6011	           43 	
     6012	           37 	
     6013	           49 	
     6014	           51 	
     6015	           37 	
     6016	           41 	
     6017	           48 	
     6018	           48 	
     6019	           46 	
     6020	           45 	
     6021	           52 	
     6022	           42 	
     6023	           51 	
     6024	           43 	
     6025	           36 	
     6026	           36 	
     6027	           27 	
     6028	           41 	
     6029	           40 	
     6030	           37 	
     6031	           39 	
     6032	           39 	
     6033	           44 	
     6034	           53 	
     6035	           48 	
     6036	           46 	
     6037	           43 	
     6038	           36 	
     6039	           45 	
     6040	           34 	
     6041	           44 	
     6042	           41 	
     6043	           43 	
     6044	           38 	
     6045	           46 	
     6046	           39 	
     6047	           42 	
     6048	           56 	
     6049	           49 	
     6050	           41 	
     6051	           42 	
     6052	           46 	
     6053	           42 	
     6054	           39 	
     6055	           27 	
     6056	           44 	
     6057	           41 	
     6058	           52 	
     6059	           39 	
     6060	           43 	
     6061	           39 	
     6062	           52 	
     6063	           53 	
     6064	           47 	
     6065	           48 	
     6066	           46 	
     6067	           45 	
     6068	           59 	
     6069	           49 	
     6070	           46 	
     6071	           36 	
     6072	           53 	
     6073	           45 	
     6074	           43 	
     6075	           50 	
     6076	           42 	
     6077	           50 	
     6078	           35 	
     6079	           53 	
     6080	           54 	
     6081	           53 	
     6082	           46 	
     6083	           53 	
     6084	           41 	
     6085	           49 	
     6086	           41 	
     6087	           34 	
     6088	           36 	
     6089	           51 	
     6090	           44 	
     6091	           32 	
     6092	           42 	
     6093	           34 	
     6094	           39 	
     6095	           40 	
     6096	           44 	
     6097	           37 	
     6098	           38 	
     6099	           38 	
     6100	           36 	
     6101	           56 	
     6102	           39 	
     6103	           36 	
     6104	           46 	
     6105	           34 	
     6106	           41 	
     6107	           40 	
     6108	           40 	
     6109	           40 	
     6110	           47 	
     6111	           44 	
     6112	           40 	
     6113	           37 	
     6114	           44 	
     6115	           44 	
     6116	           46 	
     6117	           38 	
     6118	           37 	
     6119	           47 	
     6120	           43 	
     6121	           38 	
     6122	           34 	
     6123	           52 	
     6124	           33 	
     6125	           33 	
     6126	           44 	
     6127	           48 	
     6128	           39 	
     6129	           40 	
     6130	           41 	
     6131	           49 	
     6132	           21 	
     6133	           42 	
     6134	           46 	
     6135	           46 	
     6136	           41 	
     6137	           45 	
     6138	           42 	
     6139	           45 	
     6140	           49 	
     6141	           54 	
     6142	           44 	
     6143	           55 	
     6144	           38 	
     6145	           39 	
     6146	           49 	
     6147	           55 	
     6148	           42 	
     6149	           54 	
     6150	           36 	
     6151	           41 	
     6152	           38 	
     6153	           50 	
     6154	           48 	
     6155	           40 	
     6156	           54 	
     6157	           31 	
     6158	           55 	
     6159	           43 	
     6160	           49 	
     6161	           38 	
     6162	           48 	
     6163	           44 	
     6164	           48 	
     6165	           40 	
     6166	           39 	
     6167	           48 	
     6168	           40 	
     6169	           45 	
     6170	           35 	
     6171	           51 	
     6172	           47 	
     6173	           41 	
     6174	           47 	
     6175	           57 	
     6176	           40 	
     6177	           40 	
     6178	           44 	
     6179	           44 	
     6180	           47 	
     6181	           28 	
     6182	           40 	
     6183	           43 	
     6184	           34 	
     6185	           50 	
     6186	           38 	
     6187	           34 	
     6188	           47 	
     6189	           50 	
     6190	           49 	
     6191	           35 	
     6192	           46 	
     6193	           49 	
     6194	           44 	
     6195	           52 	
     6196	           49 	
     6197	           39 	
     6198	           40 	
     6199	           40 	
     6200	           43 	
     6201	           44 	
     6202	           31 	
     6203	           55 	
     6204	           46 	
     6205	           39 	
     6206	           40 	
     6207	           45 	
     6208	           51 	
     6209	           40 	
     6210	           39 	
     6211	           44 	
     6212	           35 	
     6213	           56 	
     6214	           60 	
     6215	           26 	
     6216	           42 	
     6217	           40 	
     6218	           55 	
     6219	           52 	
     6220	           36 	
     6221	           41 	
     6222	           46 	
     6223	           38 	
     6224	           31 	
     6225	           37 	
     6226	           51 	
     6227	           28 	
     6228	           35 	
     6229	           43 	
     6230	           57 	
     6231	           43 	
     6232	           48 	
     6233	           48 	
     6234	           39 	
     6235	           41 	
     6236	           38 	
     6237	           51 	
     6238	           43 	
     6239	           38 	
     6240	           49 	
     6241	           49 	
     6242	           39 	
     6243	           36 	
     6244	           41 	
     6245	           29 	
     6246	           54 	
     6247	           39 	
     6248	           49 	
     6249	           38 	
     6250	           38 	
     6251	           46 	
     6252	           41 	
     6253	           44 	
     6254	           45 	
     6255	           46 	
     6256	           51 	
     6257	           35 	
     6258	           60 	
     6259	           30 	
     6260	           43 	
     6261	           31 	
     6262	           48 	
     6263	           39 	
     6264	           32 	
     6265	           46 	
     6266	           57 	
     6267	           37 	
     6268	           30 	
     6269	           46 	
     6270	           43 	
     6271	           45 	
     6272	           39 	
     6273	           33 	
     6274	           49 	
     6275	           39 	
     6276	           34 	
     6277	           36 	
     6278	           35 	
     6279	           39 	
     6280	           43 	
     6281	           31 	
     6282	           61 	
     6283	           33 	
     6284	           43 	
     6285	           37 	
     6286	           50 	
     6287	           36 	
     6288	           38 	
     6289	           40 	
     6290	           42 	
     6291	           38 	
     6292	           39 	
     6293	           47 	
     6294	           60 	
     6295	           33 	
     6296	           53 	
     6297	           49 	
     6298	           44 	
     6299	           50 	
     6300	           46 	
     6301	           35 	
     6302	           42 	
     6303	           47 	
     6304	           39 	
     6305	           33 	
     6306	           34 	
     6307	           48 	
     6308	           37 	
     6309	           29 	
     6310	           41 	
     6311	           62 	
     6312	           46 	
     6313	           48 	
     6314	           53 	
     6315	           47 	
     6316	           36 	
     6317	           43 	
     6318	           51 	
     6319	           42 	
     6320	           44 	
     6321	           51 	
     6322	           43 	
     6323	           45 	
     6324	           48 	
     6325	           38 	
     6326	           45 	
     6327	           35 	
     6328	           38 	
     6329	           43 	
     6330	           40 	
     6331	           41 	
     6332	           44 	
     6333	           52 	
     6334	           39 	
     6335	           39 	
     6336	           47 	
     6337	           27 	
     6338	           42 	
     6339	           41 	
     6340	           36 	
     6341	           44 	
     6342	           43 	
     6343	           29 	
     6344	           35 	
     6345	           40 	
     6346	           39 	
     6347	           53 	
     6348	           45 	
     6349	           44 	
     6350	           40 	
     6351	           43 	
     6352	           45 	
     6353	           40 	
     6354	           41 	
     6355	           41 	
     6356	           40 	
     6357	           29 	
     6358	           36 	
     6359	           36 	
     6360	           48 	
     6361	           39 	
     6362	           49 	
     6363	           38 	
     6364	           52 	
     6365	           46 	
     6366	           33 	
     6367	           50 	
     6368	           45 	
     6369	           31 	
     6370	           41 	
     6371	           41 	
     6372	           46 	
     6373	           32 	
     6374	           44 	
     6375	           41 	
     6376	           50 	
     6377	           32 	
     6378	           42 	
     6379	           48 	
     6380	           44 	
     6381	           33 	
     6382	           40 	
     6383	           44 	
     6384	           42 	
     6385	           47 	
     6386	           41 	
     6387	           34 	
     6388	           35 	
     6389	           37 	
     6390	           43 	
     6391	           41 	
     6392	           42 	
     6393	           44 	
     6394	           40 	
     6395	           49 	
     6396	           40 	
     6397	           43 	
     6398	           45 	
     6399	           54 	
     6400	           42 	
     6401	           39 	
     6402	           39 	
     6403	           38 	
     6404	           32 	
     6405	           40 	
     6406	           51 	
     6407	           43 	
     6408	           37 	
     6409	           42 	
     6410	           48 	
     6411	           44 	
     6412	           38 	
     6413	           40 	
     6414	           40 	
     6415	           36 	
     6416	           51 	
     6417	           48 	
     6418	           42 	
     6419	           53 	
     6420	           51 	
     6421	           42 	
     6422	           54 	
     6423	           53 	
     6424	           47 	
     6425	           39 	
     6426	           24 	
     6427	           45 	
     6428	           41 	
     6429	           40 	
     6430	           44 	
     6431	           49 	
     6432	           35 	
     6433	           43 	
     6434	           31 	
     6435	           49 	
     6436	           38 	
     6437	           44 	
     6438	           43 	
     6439	           43 	
     6440	           35 	
     6441	           42 	
     6442	           44 	
     6443	           46 	
     6444	           42 	
     6445	           37 	
     6446	           39 	
     6447	           37 	
     6448	           35 	
     6449	           41 	
     6450	           34 	
     6451	           41 	
     6452	           37 	
     6453	           48 	
     6454	           34 	
     6455	           40 	
     6456	           37 	
     6457	           37 	
     6458	           35 	
     6459	           48 	
     6460	           46 	
     6461	           44 	
     6462	           44 	
     6463	           47 	
     6464	           33 	
     6465	           35 	
     6466	           44 	
     6467	           41 	
     6468	           40 	
     6469	           38 	
     6470	           40 	
     6471	           42 	
     6472	           35 	
     6473	           40 	
     6474	           45 	
     6475	           48 	
     6476	           35 	
     6477	           38 	
     6478	           44 	
     6479	           44 	
     6480	           59 	
     6481	           45 	
     6482	           49 	
     6483	           44 	
     6484	           45 	
     6485	           36 	
     6486	           50 	
     6487	           31 	
     6488	           34 	
     6489	           47 	
     6490	           36 	
     6491	           35 	
     6492	           40 	
     6493	           41 	
     6494	           44 	
     6495	           36 	
     6496	           39 	
     6497	           42 	
     6498	           49 	
     6499	           38 	
     6500	           42 	
     6501	           41 	
     6502	           46 	
     6503	           48 	
     6504	           39 	
     6505	           39 	
     6506	           42 	
     6507	           50 	
     6508	           33 	
     6509	           39 	
     6510	           31 	
     6511	           40 	
     6512	           31 	
     6513	           54 	
     6514	           57 	
     6515	           45 	
     6516	           49 	
     6517	           49 	
     6518	           39 	
     6519	           44 	
     6520	           35 	
     6521	           42 	
     6522	           49 	
     6523	           36 	
     6524	           44 	
     6525	           26 	
     6526	           52 	
     6527	           36 	
     6528	           42 	
     6529	           50 	
     6530	           40 	
     6531	           56 	
     6532	           50 	
     6533	           33 	
     6534	           45 	
     6535	           47 	
     6536	           26 	
     6537	           40 	
     6538	           46 	
     6539	           39 	
     6540	           43 	
     6541	           47 	
     6542	           39 	
     6543	           46 	
     6544	           31 	
     6545	           31 	
     6546	           33 	
     6547	           48 	
     6548	           35 	
     6549	           48 	
     6550	           57 	
     6551	           38 	
     6552	           36 	
     6553	           26 	
     6554	           29 	
     6555	           44 	
     6556	           36 	
     6557	           46 	
     6558	           41 	
     6559	           50 	
     6560	           35 	
     6561	           43 	
     6562	           49 	
     6563	           42 	
     6564	           46 	
     6565	           45 	
     6566	           42 	
     6567	           48 	
     6568	           46 	
     6569	           36 	
     6570	           44 	
     6571	           30 	
     6572	           50 	
     6573	           39 	
     6574	           35 	
     6575	           37 	
     6576	           44 	
     6577	           36 	
     6578	           40 	
     6579	           43 	
     6580	           45 	
     6581	           43 	
     6582	           42 	
     6583	           38 	
     6584	           41 	
     6585	           32 	
     6586	           53 	
     6587	           48 	
     6588	           49 	
     6589	           55 	
     6590	           41 	
     6591	           36 	
     6592	           30 	
     6593	           42 	
     6594	           47 	
     6595	           49 	
     6596	           44 	
     6597	           34 	
     6598	           36 	
     6599	           46 	
     6600	           41 	
     6601	           46 	
     6602	           27 	
     6603	           53 	
     6604	           38 	
     6605	           38 	
     6606	           36 	
     6607	           34 	
     6608	           42 	
     6609	           36 	
     6610	           49 	
     6611	           31 	
     6612	           36 	
     6613	           40 	
     6614	           47 	
     6615	           42 	
     6616	           37 	
     6617	           40 	
     6618	           44 	
     6619	           47 	
     6620	           34 	
     6621	           47 	
     6622	           46 	
     6623	           40 	
     6624	           36 	
     6625	           35 	
     6626	           31 	
     6627	           48 	
     6628	           47 	
     6629	           26 	
     6630	           51 	
     6631	           55 	
     6632	           33 	
     6633	           52 	
     6634	           30 	
     6635	           53 	
     6636	           51 	
     6637	           33 	
     6638	           51 	
     6639	           35 	
     6640	           32 	
     6641	           47 	
     6642	           34 	
     6643	           29 	
     6644	           54 	
     6645	           37 	
     6646	           54 	
     6647	           38 	
     6648	           43 	
     6649	           41 	
     6650	           45 	
     6651	           40 	
     6652	           50 	
     6653	           41 	
     6654	           59 	
     6655	           53 	
     6656	           39 	
     6657	           40 	
     6658	           30 	
     6659	           47 	
     6660	           54 	
     6661	           40 	
     6662	           43 	
     6663	           41 	
     6664	           37 	
     6665	           42 	
     6666	           42 	
     6667	           39 	
     6668	           51 	
     6669	           49 	
     6670	           50 	
     6671	           32 	
     6672	           27 	
     6673	           41 	
     6674	           51 	
     6675	           41 	
     6676	           51 	
     6677	           32 	
     6678	           53 	
     6679	           50 	
     6680	           39 	
     6681	           44 	
     6682	           41 	
     6683	           32 	
     6684	           45 	
     6685	           34 	
     6686	           36 	
     6687	           50 	
     6688	           39 	
     6689	           51 	
     6690	           47 	
     6691	           38 	
     6692	           27 	
     6693	           54 	
     6694	           46 	
     6695	           31 	
     6696	           43 	
     6697	           35 	
     6698	           34 	
     6699	           42 	
     6700	           37 	
     6701	           31 	
     6702	           43 	
     6703	           63 	
     6704	           45 	
     6705	           51 	
     6706	           42 	
     6707	           56 	
     6708	           34 	
     6709	           50 	
     6710	           42 	
     6711	           40 	
     6712	           54 	
     6713	           31 	
     6714	           42 	
     6715	           49 	
     6716	           38 	
     6717	           38 	
     6718	           53 	
     6719	           43 	
     6720	           39 	
     6721	           41 	
     6722	           44 	
     6723	           47 	
     6724	           29 	
     6725	           39 	
     6726	           47 	
     6727	           48 	
     6728	           43 	
     6729	           43 	
     6730	           34 	
     6731	           37 	
     6732	           51 	
     6733	           41 	
     6734	           46 	
     6735	           39 	
     6736	           50 	
     6737	           54 	
     6738	           45 	
     6739	           33 	
     6740	           43 	
     6741	           46 	
     6742	           42 	
     6743	           51 	
     6744	           40 	
     6745	           46 	
     6746	           46 	
     6747	           30 	
     6748	           38 	
     6749	           44 	
     6750	           46 	
     6751	           61 	
     6752	           43 	
     6753	           44 	
     6754	           45 	
     6755	           34 	
     6756	           55 	
     6757	           33 	
     6758	           27 	
     6759	           43 	
     6760	           39 	
     6761	           32 	
     6762	           35 	
     6763	           58 	
     6764	           62 	
     6765	           37 	
     6766	           39 	
     6767	           44 	
     6768	           56 	
     6769	           36 	
     6770	           54 	
     6771	           41 	
     6772	           39 	
     6773	           45 	
     6774	           48 	
     6775	           32 	
     6776	           42 	
     6777	           33 	
     6778	           36 	
     6779	           41 	
     6780	           32 	
     6781	           47 	
     6782	           48 	
     6783	           52 	
     6784	           32 	
     6785	           47 	
     6786	           43 	
     6787	           53 	
     6788	           43 	
     6789	           42 	
     6790	           36 	
     6791	           29 	
     6792	           45 	
     6793	           37 	
     6794	           40 	
     6795	           47 	
     6796	           38 	
     6797	           46 	
     6798	           36 	
     6799	           34 	
     6800	           41 	
     6801	           46 	
     6802	           51 	
     6803	           35 	
     6804	           42 	
     6805	           40 	
     6806	           37 	
     6807	           54 	
     6808	           27 	
     6809	           42 	
     6810	           57 	
     6811	           42 	
     6812	           41 	
     6813	           43 	
     6814	           47 	
     6815	           53 	
     6816	           34 	
     6817	           48 	
     6818	           51 	
     6819	           45 	
     6820	           42 	
     6821	           50 	
     6822	           46 	
     6823	           34 	
     6824	           43 	
     6825	           41 	
     6826	           58 	
     6827	           44 	
     6828	           39 	
     6829	           55 	
     6830	           38 	
     6831	           44 	
     6832	           48 	
     6833	           38 	
     6834	           44 	
     6835	           42 	
     6836	           33 	
     6837	           41 	
     6838	           38 	
     6839	           47 	
     6840	           43 	
     6841	           59 	
     6842	           32 	
     6843	           34 	
     6844	           39 	
     6845	           58 	
     6846	           41 	
     6847	           43 	
     6848	           37 	
     6849	           46 	
     6850	           44 	
     6851	           32 	
     6852	           30 	
     6853	           45 	
     6854	           35 	
     6855	           36 	
     6856	           46 	
     6857	           28 	
     6858	           48 	
     6859	           27 	
     6860	           38 	
     6861	           36 	
     6862	           59 	
     6863	           49 	
     6864	           49 	
     6865	           37 	
     6866	           53 	
     6867	           34 	
     6868	           48 	
     6869	           41 	
     6870	           32 	
     6871	           45 	
     6872	           43 	
     6873	           42 	
     6874	           46 	
     6875	           37 	
     6876	           50 	
     6877	           39 	
     6878	           44 	
     6879	           39 	
     6880	           34 	
     6881	           36 	
     6882	           38 	
     6883	           48 	
     6884	           44 	
     6885	           40 	
     6886	           40 	
     6887	           34 	
     6888	           44 	
     6889	           57 	
     6890	           42 	
     6891	           50 	
     6892	           28 	
     6893	           40 	
     6894	           53 	
     6895	           37 	
     6896	           40 	
     6897	           58 	
     6898	           44 	
     6899	           49 	
     6900	           39 	
     6901	           38 	
     6902	           40 	
     6903	           46 	
     6904	           55 	
     6905	           42 	
     6906	           30 	
     6907	           32 	
     6908	           45 	
     6909	           39 	
     6910	           47 	
     6911	           44 	
     6912	           40 	
     6913	           41 	
     6914	           43 	
     6915	           50 	
     6916	           34 	
     6917	           47 	
     6918	           40 	
     6919	           52 	
     6920	           41 	
     6921	           37 	
     6922	           36 	
     6923	           42 	
     6924	           46 	
     6925	           42 	
     6926	           40 	
     6927	           36 	
     6928	           38 	
     6929	           36 	
     6930	           49 	
     6931	           51 	
     6932	           43 	
     6933	           45 	
     6934	           45 	
     6935	           44 	
     6936	           31 	
     6937	           41 	
     6938	           37 	
     6939	           31 	
     6940	           53 	
     6941	           53 	
     6942	           52 	
     6943	           43 	
     6944	           44 	
     6945	           36 	
     6946	           43 	
     6947	           38 	
     6948	           37 	
     6949	           44 	
     6950	           40 	
     6951	           37 	
     6952	           55 	
     6953	           39 	
     6954	           38 	
     6955	           42 	
     6956	           40 	
     6957	           48 	
     6958	           32 	
     6959	           42 	
     6960	           46 	
     6961	           34 	
     6962	           43 	
     6963	           48 	
     6964	           41 	
     6965	           44 	
     6966	           34 	
     6967	           42 	
     6968	           41 	
     6969	           42 	
     6970	           35 	
     6971	           44 	
     6972	           44 	
     6973	           39 	
     6974	           50 	
     6975	           49 	
     6976	           45 	
     6977	           36 	
     6978	           53 	
     6979	           42 	
     6980	           41 	
     6981	           42 	
     6982	           43 	
     6983	           39 	
     6984	           34 	
     6985	           32 	
     6986	           34 	
     6987	           36 	
     6988	           36 	
     6989	           49 	
     6990	           49 	
     6991	           50 	
     6992	           43 	
     6993	           29 	
     6994	           35 	
     6995	           38 	
     6996	           49 	
     6997	           23 	
     6998	           38 	
     6999	           46 	
     7000	           34 	
     7001	           63 	
     7002	           43 	
     7003	           42 	
     7004	           40 	
     7005	           49 	
     7006	           48 	
     7007	           50 	
     7008	           42 	
     7009	           57 	
     7010	           49 	
     7011	           40 	
     7012	           37 	
     7013	           27 	
     7014	           43 	
     7015	           51 	
     7016	           35 	
     7017	           61 	
     7018	           51 	
     7019	           29 	
     7020	           44 	
     7021	           45 	
     7022	           39 	
     7023	           40 	
     7024	           46 	
     7025	           50 	
     7026	           39 	
     7027	           34 	
     7028	           42 	
     7029	           42 	
     7030	           49 	
     7031	           53 	
     7032	           50 	
     7033	           45 	
     7034	           32 	
     7035	           38 	
     7036	           47 	
     7037	           43 	
     7038	           47 	
     7039	           40 	
     7040	           28 	
     7041	           45 	
     7042	           34 	
     7043	           49 	
     7044	           43 	
     7045	           34 	
     7046	           41 	
     7047	           42 	
     7048	           43 	
     7049	           36 	
     7050	           43 	
     7051	           43 	
     7052	           47 	
     7053	           43 	
     7054	           40 	
     7055	           42 	
     7056	           40 	
     7057	           43 	
     7058	           45 	
     7059	           41 	
     7060	           42 	
     7061	           48 	
     7062	           37 	
     7063	           34 	
     7064	           53 	
     7065	           35 	
     7066	           39 	
     7067	           42 	
     7068	           29 	
     7069	           52 	
     7070	           50 	
     7071	           54 	
     7072	           48 	
     7073	           48 	
     7074	           40 	
     7075	           46 	
     7076	           44 	
     7077	           47 	
     7078	           46 	
     7079	           47 	
     7080	           42 	
     7081	           51 	
     7082	           50 	
     7083	           55 	
     7084	           36 	
     7085	           42 	
     7086	           44 	
     7087	           38 	
     7088	           29 	
     7089	           33 	
     7090	           39 	
     7091	           47 	
     7092	           45 	
     7093	           41 	
     7094	           40 	
     7095	           47 	
     7096	           29 	
     7097	           47 	
     7098	           46 	
     7099	           48 	
     7100	           40 	
     7101	           43 	
     7102	           39 	
     7103	           42 	
     7104	           35 	
     7105	           36 	
     7106	           52 	
     7107	           45 	
     7108	           42 	
     7109	           42 	
     7110	           38 	
     7111	           53 	
     7112	           41 	
     7113	           38 	
     7114	           41 	
     7115	           55 	
     7116	           23 	
     7117	           39 	
     7118	           48 	
     7119	           52 	
     7120	           32 	
     7121	           45 	
     7122	           45 	
     7123	           37 	
     7124	           47 	
     7125	           43 	
     7126	           44 	
     7127	           37 	
     7128	           46 	
     7129	           32 	
     7130	           47 	
     7131	           42 	
     7132	           43 	
     7133	           45 	
     7134	           40 	
     7135	           42 	
     7136	           44 	
     7137	           51 	
     7138	           50 	
     7139	           50 	
     7140	           57 	
     7141	           35 	
     7142	           41 	
     7143	           44 	
     7144	           35 	
     7145	           44 	
     7146	           38 	
     7147	           41 	
     7148	           47 	
     7149	           37 	
     7150	           37 	
     7151	           46 	
     7152	           41 	
     7153	           43 	
     7154	           34 	
     7155	           43 	
     7156	           42 	
     7157	           28 	
     7158	           47 	
     7159	           41 	
     7160	           62 	
     7161	           46 	
     7162	           42 	
     7163	           57 	
     7164	           43 	
     7165	           45 	
     7166	           24 	
     7167	           44 	
     7168	           50 	
     7169	           54 	
     7170	           38 	
     7171	           50 	
     7172	           34 	
     7173	           45 	
     7174	           44 	
     7175	           30 	
     7176	           45 	
     7177	           41 	
     7178	           37 	
     7179	           52 	
     7180	           43 	
     7181	           42 	
     7182	           52 	
     7183	           39 	
     7184	           39 	
     7185	           31 	
     7186	           36 	
     7187	           38 	
     7188	           42 	
     7189	           52 	
     7190	           47 	
     7191	           43 	
     7192	           43 	
     7193	           37 	
     7194	           41 	
     7195	           31 	
     7196	           38 	
     7197	           43 	
     7198	           45 	
     7199	           39 	
     7200	           33 	
     7201	           44 	
     7202	           37 	
     7203	           45 	
     7204	           32 	
     7205	           42 	
     7206	           45 	
     7207	           44 	
     7208	           44 	
     7209	           38 	
     7210	           44 	
     7211	           47 	
     7212	           46 	
     7213	           38 	
     7214	           41 	
     7215	           44 	
     7216	           38 	
     7217	           31 	
     7218	           44 	
     7219	           41 	
     7220	           45 	
     7221	           51 	
     7222	           41 	
     7223	           52 	
     7224	           48 	
     7225	           44 	
     7226	           40 	
     7227	           34 	
     7228	           44 	
     7229	           39 	
     7230	           42 	
     7231	           42 	
     7232	           44 	
     7233	           33 	
     7234	           38 	
     7235	           43 	
     7236	           38 	
     7237	           31 	
     7238	           51 	
     7239	           46 	
     7240	           45 	
     7241	           42 	
     7242	           49 	
     7243	           38 	
     7244	           38 	
     7245	           38 	
     7246	           45 	
     7247	           40 	
     7248	           40 	
     7249	           27 	
     7250	           42 	
     7251	           26 	
     7252	           39 	
     7253	           34 	
     7254	           39 	
     7255	           45 	
     7256	           28 	
     7257	           35 	
     7258	           37 	
     7259	           46 	
     7260	           41 	
     7261	           46 	
     7262	           37 	
     7263	           43 	
     7264	           34 	
     7265	           46 	
     7266	           42 	
     7267	           57 	
     7268	           46 	
     7269	           40 	
     7270	           34 	
     7271	           45 	
     7272	           44 	
     7273	           36 	
     7274	           49 	
     7275	           40 	
     7276	           47 	
     7277	           48 	
     7278	           47 	
     7279	           36 	
     7280	           47 	
     7281	           40 	
     7282	           38 	
     7283	           44 	
     7284	           47 	
     7285	           39 	
     7286	           44 	
     7287	           45 	
     7288	           42 	
     7289	           36 	
     7290	           45 	
     7291	           44 	
     7292	           51 	
     7293	           53 	
     7294	           32 	
     7295	           45 	
     7296	           35 	
     7297	           45 	
     7298	           48 	
     7299	           30 	
     7300	           37 	
     7301	           56 	
     7302	           54 	
     7303	           35 	
     7304	           44 	
     7305	           35 	
     7306	           54 	
     7307	           51 	
     7308	           35 	
     7309	           41 	
     7310	           50 	
     7311	           32 	
     7312	           46 	
     7313	           31 	
     7314	           55 	
     7315	           36 	
     7316	           46 	
     7317	           47 	
     7318	           50 	
     7319	           43 	
     7320	           43 	
     7321	           27 	
     7322	           54 	
     7323	           42 	
     7324	           41 	
     7325	           31 	
     7326	           30 	
     7327	           45 	
     7328	           41 	
     7329	           51 	
     7330	           44 	
     7331	           51 	
     7332	           37 	
     7333	           41 	
     7334	           38 	
     7335	           47 	
     7336	           37 	
     7337	           53 	
     7338	           44 	
     7339	           33 	
     7340	           55 	
     7341	           39 	
     7342	           48 	
     7343	           42 	
     7344	           40 	
     7345	           41 	
     7346	           43 	
     7347	           37 	
     7348	           34 	
     7349	           41 	
     7350	           40 	
     7351	           41 	
     7352	           50 	
     7353	           40 	
     7354	           35 	
     7355	           38 	
     7356	           50 	
     7357	           42 	
     7358	           48 	
     7359	           41 	
     7360	           40 	
     7361	           49 	
     7362	           50 	
     7363	           40 	
     7364	           49 	
     7365	           49 	
     7366	           33 	
     7367	           49 	
     7368	           42 	
     7369	           45 	
     7370	           46 	
     7371	           33 	
     7372	           44 	
     7373	           34 	
     7374	           44 	
     7375	           43 	
     7376	           42 	
     7377	           41 	
     7378	           36 	
     7379	           45 	
     7380	           37 	
     7381	           29 	
     7382	           34 	
     7383	           29 	
     7384	           47 	
     7385	           34 	
     7386	           27 	
     7387	           52 	
     7388	           48 	
     7389	           36 	
     7390	           41 	
     7391	           39 	
     7392	           44 	
     7393	           51 	
     7394	           39 	
     7395	           47 	
     7396	           50 	
     7397	           63 	
     7398	           31 	
     7399	           35 	
     7400	           46 	
     7401	           38 	
     7402	           39 	
     7403	           27 	
     7404	           43 	
     7405	           38 	
     7406	           46 	
     7407	           39 	
     7408	           52 	
     7409	           40 	
     7410	           37 	
     7411	           44 	
     7412	           47 	
     7413	           40 	
     7414	           47 	
     7415	           29 	
     7416	           47 	
     7417	           34 	
     7418	           38 	
     7419	           41 	
     7420	           57 	
     7421	           51 	
     7422	           49 	
     7423	           39 	
     7424	           38 	
     7425	           38 	
     7426	           33 	
     7427	           33 	
     7428	           44 	
     7429	           47 	
     7430	           29 	
     7431	           40 	
     7432	           40 	
     7433	           52 	
     7434	           40 	
     7435	           38 	
     7436	           25 	
     7437	           33 	
     7438	           49 	
     7439	           40 	
     7440	           48 	
     7441	           33 	
     7442	           39 	
     7443	           37 	
     7444	           41 	
     7445	           38 	
     7446	           39 	
     7447	           38 	
     7448	           49 	
     7449	           46 	
     7450	           43 	
     7451	           39 	
     7452	           51 	
     7453	           52 	
     7454	           42 	
     7455	           36 	
     7456	           38 	
     7457	           56 	
     7458	           33 	
     7459	           38 	
     7460	           34 	
     7461	           42 	
     7462	           38 	
     7463	           47 	
     7464	           39 	
     7465	           40 	
     7466	           48 	
     7467	           32 	
     7468	           43 	
     7469	           47 	
     7470	           42 	
     7471	           36 	
     7472	           40 	
     7473	           47 	
     7474	           50 	
     7475	           46 	
     7476	           48 	
     7477	           46 	
     7478	           34 	
     7479	           36 	
     7480	           45 	
     7481	           43 	
     7482	           39 	
     7483	           41 	
     7484	           35 	
     7485	           31 	
     7486	           43 	
     7487	           39 	
     7488	           44 	
     7489	           44 	
     7490	           41 	
     7491	           54 	
     7492	           48 	
     7493	           45 	
     7494	           52 	
     7495	           41 	
     7496	           42 	
     7497	           41 	
     7498	           37 	
     7499	           45 	
     7500	           42 	
     7501	           37 	
     7502	           50 	
     7503	           51 	
     7504	           42 	
     7505	           36 	
     7506	           38 	
     7507	           40 	
     7508	           47 	
     7509	           36 	
     7510	           45 	
     7511	           45 	
     7512	           25 	
     7513	           46 	
     7514	           49 	
     7515	           36 	
     7516	           28 	
     7517	           40 	
     7518	           47 	
     7519	           46 	
     7520	           31 	
     7521	           53 	
     7522	           42 	
     7523	           35 	
     7524	           47 	
     7525	           47 	
     7526	           39 	
     7527	           39 	
     7528	           30 	
     7529	           34 	
     7530	           36 	
     7531	           35 	
     7532	           28 	
     7533	           36 	
     7534	           53 	
     7535	           39 	
     7536	           31 	
     7537	           31 	
     7538	           52 	
     7539	           36 	
     7540	           44 	
     7541	           38 	
     7542	           60 	
     7543	           45 	
     7544	           43 	
     7545	           38 	
     7546	           48 	
     7547	           36 	
     7548	           38 	
     7549	           46 	
     7550	           38 	
     7551	           42 	
     7552	           36 	
     7553	           48 	
     7554	           38 	
     7555	           32 	
     7556	           45 	
     7557	           36 	
     7558	           52 	
     7559	           41 	
     7560	           36 	
     7561	           31 	
     7562	           35 	
     7563	           47 	
     7564	           41 	
     7565	           43 	
     7566	           24 	
     7567	           44 	
     7568	           41 	
     7569	           55 	
     7570	           37 	
     7571	           35 	
     7572	           43 	
     7573	           44 	
     7574	           33 	
     7575	           50 	
     7576	           40 	
     7577	           39 	
     7578	           49 	
     7579	           42 	
     7580	           35 	
     7581	           49 	
     7582	           41 	
     7583	           42 	
     7584	           59 	
     7585	           54 	
     7586	           41 	
     7587	           44 	
     7588	           37 	
     7589	           38 	
     7590	           46 	
     7591	           36 	
     7592	           42 	
     7593	           35 	
     7594	           51 	
     7595	           29 	
     7596	           44 	
     7597	           54 	
     7598	           39 	
     7599	           47 	
     7600	           44 	
     7601	           52 	
     7602	           43 	
     7603	           43 	
     7604	           58 	
     7605	           49 	
     7606	           45 	
     7607	           48 	
     7608	           54 	
     7609	           43 	
     7610	           42 	
     7611	           46 	
     7612	           47 	
     7613	           52 	
     7614	           45 	
     7615	           40 	
     7616	           36 	
     7617	           34 	
     7618	           51 	
     7619	           50 	
     7620	           35 	
     7621	           31 	
     7622	           41 	
     7623	           49 	
     7624	           35 	
     7625	           50 	
     7626	           39 	
     7627	           46 	
     7628	           38 	
     7629	           49 	
     7630	           53 	
     7631	           43 	
     7632	           35 	
     7633	           39 	
     7634	           44 	
     7635	           42 	
     7636	           37 	
     7637	           36 	
     7638	           46 	
     7639	           45 	
     7640	           53 	
     7641	           44 	
     7642	           43 	
     7643	           41 	
     7644	           40 	
     7645	           39 	
     7646	           33 	
     7647	           51 	
     7648	           38 	
     7649	           33 	
     7650	           42 	
     7651	           60 	
     7652	           46 	
     7653	           37 	
     7654	           47 	
     7655	           36 	
     7656	           42 	
     7657	           40 	
     7658	           43 	
     7659	           36 	
     7660	           39 	
     7661	           42 	
     7662	           36 	
     7663	           46 	
     7664	           45 	
     7665	           39 	
     7666	           35 	
     7667	           41 	
     7668	           43 	
     7669	           41 	
     7670	           42 	
     7671	           38 	
     7672	           47 	
     7673	           30 	
     7674	           54 	
     7675	           43 	
     7676	           33 	
     7677	           43 	
     7678	           45 	
     7679	           36 	
     7680	           47 	
     7681	           46 	
     7682	           52 	
     7683	           53 	
     7684	           38 	
     7685	           32 	
     7686	           50 	
     7687	           42 	
     7688	           38 	
     7689	           42 	
     7690	           44 	
     7691	           48 	
     7692	           47 	
     7693	           50 	
     7694	           46 	
     7695	           45 	
     7696	           38 	
     7697	           43 	
     7698	           31 	
     7699	           47 	
     7700	           41 	
     7701	           48 	
     7702	           24 	
     7703	           51 	
     7704	           50 	
     7705	           32 	
     7706	           46 	
     7707	           49 	
     7708	           37 	
     7709	           31 	
     7710	           34 	
     7711	           47 	
     7712	           46 	
     7713	           46 	
     7714	           50 	
     7715	           44 	
     7716	           39 	
     7717	           43 	
     7718	           38 	
     7719	           48 	
     7720	           39 	
     7721	           54 	
     7722	           34 	
     7723	           40 	
     7724	           37 	
     7725	           45 	
     7726	           44 	
     7727	           49 	
     7728	           42 	
     7729	           45 	
     7730	           57 	
     7731	           41 	
     7732	           36 	
     7733	           49 	
     7734	           41 	
     7735	           37 	
     7736	           33 	
     7737	           45 	
     7738	           50 	
     7739	           50 	
     7740	           37 	
     7741	           43 	
     7742	           36 	
     7743	           40 	
     7744	           46 	
     7745	           39 	
     7746	           44 	
     7747	           32 	
     7748	           37 	
     7749	           36 	
     7750	           44 	
     7751	           46 	
     7752	           51 	
     7753	           36 	
     7754	           40 	
     7755	           30 	
     7756	           33 	
     7757	           43 	
     7758	           41 	
     7759	           32 	
     7760	           49 	
     7761	           33 	
     7762	           51 	
     7763	           48 	
     7764	           46 	
     7765	           35 	
     7766	           43 	
     7767	           34 	
     7768	           42 	
     7769	           34 	
     7770	           39 	
     7771	           44 	
     7772	           31 	
     7773	           50 	
     7774	           43 	
     7775	           42 	
     7776	           51 	
     7777	           51 	
     7778	           38 	
     7779	           46 	
     7780	           47 	
     7781	           58 	
     7782	           35 	
     7783	           33 	
     7784	           48 	
     7785	           39 	
     7786	           36 	
     7787	           46 	
     7788	           43 	
     7789	           49 	
     7790	           56 	
     7791	           33 	
     7792	           53 	
     7793	           38 	
     7794	           37 	
     7795	           45 	
     7796	           34 	
     7797	           48 	
     7798	           35 	
     7799	           49 	
     7800	           52 	
     7801	           35 	
     7802	           51 	
     7803	           45 	
     7804	           46 	
     7805	           39 	
     7806	           38 	
     7807	           47 	
     7808	           46 	
     7809	           55 	
     7810	           40 	
     7811	           40 	
     7812	           36 	
     7813	           30 	
     7814	           41 	
     7815	           53 	
     7816	           30 	
     7817	           47 	
     7818	           47 	
     7819	           36 	
     7820	           47 	
     7821	           51 	
     7822	           28 	
     7823	           35 	
     7824	           50 	
     7825	           25 	
     7826	           30 	
     7827	           48 	
     7828	           42 	
     7829	           36 	
     7830	           32 	
     7831	           51 	
     7832	           50 	
     7833	           44 	
     7834	           40 	
     7835	           34 	
     7836	           59 	
     7837	           34 	
     7838	           44 	
     7839	           45 	
     7840	           46 	
     7841	           43 	
     7842	           44 	
     7843	           38 	
     7844	           38 	
     7845	           47 	
     7846	           42 	
     7847	           50 	
     7848	           49 	
     7849	           37 	
     7850	           42 	
     7851	           37 	
     7852	           34 	
     7853	           39 	
     7854	           48 	
     7855	           49 	
     7856	           36 	
     7857	           44 	
     7858	           48 	
     7859	           43 	
     7860	           35 	
     7861	           36 	
     7862	           38 	
     7863	           40 	
     7864	           46 	
     7865	           48 	
     7866	           40 	
     7867	           43 	
     7868	           52 	
     7869	           45 	
     7870	           38 	
     7871	           37 	
     7872	           37 	
     7873	           52 	
     7874	           45 	
     7875	           40 	
     7876	           35 	
     7877	           43 	
     7878	           43 	
     7879	           50 	
     7880	           49 	
     7881	           41 	
     7882	           47 	
     7883	           34 	
     7884	           31 	
     7885	           55 	
     7886	           38 	
     7887	           39 	
     7888	           52 	
     7889	           39 	
     7890	           34 	
     7891	           35 	
     7892	           38 	
     7893	           57 	
     7894	           49 	
     7895	           48 	
     7896	           36 	
     7897	           46 	
     7898	           42 	
     7899	           41 	
     7900	           51 	
     7901	           52 	
     7902	           38 	
     7903	           41 	
     7904	           44 	
     7905	           37 	
     7906	           48 	
     7907	           45 	
     7908	           40 	
     7909	           55 	
     7910	           37 	
     7911	           56 	
     7912	           47 	
     7913	           34 	
     7914	           49 	
     7915	           51 	
     7916	           48 	
     7917	           47 	
     7918	           39 	
     7919	           40 	
     7920	           46 	
     7921	           49 	
     7922	           54 	
     7923	           34 	
     7924	           44 	
     7925	           35 	
     7926	           42 	
     7927	           32 	
     7928	           45 	
     7929	           43 	
     7930	           37 	
     7931	           41 	
     7932	           43 	
     7933	           44 	
     7934	           45 	
     7935	           48 	
     7936	           48 	
     7937	           51 	
     7938	           45 	
     7939	           59 	
     7940	           40 	
     7941	           45 	
     7942	           39 	
     7943	           50 	
     7944	           45 	
     7945	           48 	
     7946	           53 	
     7947	           32 	
     7948	           38 	
     7949	           52 	
     7950	           48 	
     7951	           45 	
     7952	           40 	
     7953	           43 	
     7954	           37 	
     7955	           46 	
     7956	           34 	
     7957	           41 	
     7958	           47 	
     7959	           36 	
     7960	           27 	
     7961	           44 	
     7962	           46 	
     7963	           43 	
     7964	           62 	
     7965	           58 	
     7966	           49 	
     7967	           43 	
     7968	           37 	
     7969	           40 	
     7970	           31 	
     7971	           54 	
     7972	           49 	
     7973	           35 	
     7974	           57 	
     7975	           40 	
     7976	           44 	
     7977	           52 	
     7978	           41 	
     7979	           47 	
     7980	           44 	
     7981	           47 	
     7982	           50 	
     7983	           27 	
     7984	           40 	
     7985	           36 	
     7986	           34 	
     7987	           43 	
     7988	           36 	
     7989	           41 	
     7990	           51 	
     7991	           43 	
     7992	           44 	
     7993	           37 	
     7994	           44 	
     7995	           46 	
     7996	           35 	
     7997	           51 	
     7998	           52 	
     7999	           36 	
     8000	           39 	
     8001	           43 	
     8002	           49 	
     8003	           37 	
     8004	           48 	
     8005	           45 	
     8006	           47 	
     8007	           35 	
     8008	           51 	
     8009	           42 	
     8010	           37 	
     8011	           40 	
     8012	           41 	
     8013	           43 	
     8014	           50 	
     8015	           28 	
     8016	           54 	
     8017	           46 	
     8018	           44 	
     8019	           49 	
     8020	           41 	
     8021	           53 	
     8022	           52 	
     8023	           42 	
     8024	           49 	
     8025	           42 	
     8026	           44 	
     8027	           46 	
     8028	           40 	
     8029	           42 	
     8030	           41 	
     8031	           53 	
     8032	           47 	
     8033	           42 	
     8034	           50 	
     8035	           36 	
     8036	           47 	
     8037	           48 	
     8038	           42 	
     8039	           39 	
     8040	           42 	
     8041	           40 	
     8042	           41 	
     8043	           34 	
     8044	           57 	
     8045	           34 	
     8046	           36 	
     8047	           38 	
     8048	           45 	
     8049	           39 	
     8050	           46 	
     8051	           40 	
     8052	           45 	
     8053	           33 	
     8054	           34 	
     8055	           47 	
     8056	           37 	
     8057	           42 	
     8058	           50 	
     8059	           42 	
     8060	           47 	
     8061	           40 	
     8062	           38 	
     8063	           40 	
     8064	           41 	
     8065	           50 	
     8066	           39 	
     8067	           34 	
     8068	           52 	
     8069	           38 	
     8070	           39 	
     8071	           37 	
     8072	           31 	
     8073	           39 	
     8074	           48 	
     8075	           43 	
     8076	           50 	
     8077	           43 	
     8078	           39 	
     8079	           54 	
     8080	           47 	
     8081	           48 	
     8082	           36 	
     8083	           48 	
     8084	           42 	
     8085	           42 	
     8086	           43 	
     8087	           32 	
     8088	           35 	
     8089	           52 	
     8090	           48 	
     8091	           54 	
     8092	           50 	
     8093	           40 	
     8094	           50 	
     8095	           33 	
     8096	           47 	
     8097	           39 	
     8098	           39 	
     8099	           52 	
     8100	           28 	
     8101	           35 	
     8102	           53 	
     8103	           47 	
     8104	           49 	
     8105	           48 	
     8106	           38 	
     8107	           43 	
     8108	           45 	
     8109	           42 	
     8110	           43 	
     8111	           42 	
     8112	           46 	
     8113	           44 	
     8114	           42 	
     8115	           36 	
     8116	           43 	
     8117	           44 	
     8118	           43 	
     8119	           42 	
     8120	           43 	
     8121	           45 	
     8122	           38 	
     8123	           45 	
     8124	           38 	
     8125	           51 	
     8126	           45 	
     8127	           42 	
     8128	           51 	
     8129	           44 	
     8130	           38 	
     8131	           35 	
     8132	           40 	
     8133	           49 	
     8134	           45 	
     8135	           46 	
     8136	           34 	
     8137	           37 	
     8138	           40 	
     8139	           43 	
     8140	           44 	
     8141	           52 	
     8142	           49 	
     8143	           35 	
     8144	           48 	
     8145	           41 	
     8146	           35 	
     8147	           40 	
     8148	           43 	
     8149	           39 	
     8150	           46 	
     8151	           56 	
     8152	           38 	
     8153	           53 	
     8154	           39 	
     8155	           45 	
     8156	           55 	
     8157	           46 	
     8158	           36 	
     8159	           36 	
     8160	           44 	
     8161	           41 	
     8162	           34 	
     8163	           44 	
     8164	           39 	
     8165	           41 	
     8166	           44 	
     8167	           42 	
     8168	           42 	
     8169	           59 	
     8170	           49 	
     8171	           44 	
     8172	           50 	
     8173	           43 	
     8174	           46 	
     8175	           33 	
     8176	           38 	
     8177	           55 	
     8178	           38 	
     8179	           53 	
     8180	           45 	
     8181	           36 	
     8182	           39 	
     8183	           39 	
     8184	           41 	
     8185	           47 	
     8186	           55 	
     8187	           36 	
     8188	           55 	
     8189	           45 	
     8190	           41 	
     8191	           45 	
     8192	           42 	
     8193	           51 	
     8194	           39 	
     8195	           37 	
     8196	           40 	
     8197	           55 	
     8198	           40 	
     8199	           42 	
     8200	           54 	
     8201	           46 	
     8202	           34 	
     8203	           35 	
     8204	           42 	
     8205	           45 	
     8206	           23 	
     8207	           38 	
     8208	           41 	
     8209	           47 	
     8210	           45 	
     8211	           31 	
     8212	           44 	
     8213	           35 	
     8214	           40 	
     8215	           43 	
     8216	           47 	
     8217	           35 	
     8218	           37 	
     8219	           47 	
     8220	           40 	
     8221	           41 	
     8222	           38 	
     8223	           39 	
     8224	           46 	
     8225	           41 	
     8226	           45 	
     8227	           37 	
     8228	           39 	
     8229	           39 	
     8230	           45 	
     8231	           46 	
     8232	           40 	
     8233	           44 	
     8234	           32 	
     8235	           37 	
     8236	           40 	
     8237	           44 	
     8238	           53 	
     8239	           48 	
     8240	           39 	
     8241	           43 	
     8242	           49 	
     8243	           42 	
     8244	           35 	
     8245	           49 	
     8246	           40 	
     8247	           39 	
     8248	           48 	
     8249	           39 	
     8250	           38 	
     8251	           43 	
     8252	           37 	
     8253	           42 	
     8254	           30 	
     8255	           47 	
     8256	           41 	
     8257	           39 	
     8258	           48 	
     8259	           40 	
     8260	           38 	
     8261	           32 	
     8262	           51 	
     8263	           40 	
     8264	           35 	
     8265	           42 	
     8266	           38 	
     8267	           44 	
     8268	           57 	
     8269	           37 	
     8270	           44 	
     8271	           48 	
     8272	           39 	
     8273	           37 	
     8274	           41 	
     8275	           29 	
     8276	           40 	
     8277	           58 	
     8278	           36 	
     8279	           39 	
     8280	           40 	
     8281	           38 	
     8282	           40 	
     8283	           38 	
     8284	           41 	
     8285	           42 	
     8286	           57 	
     8287	           37 	
     8288	           36 	
     8289	           40 	
     8290	           44 	
     8291	           44 	
     8292	           26 	
     8293	           35 	
     8294	           33 	
     8295	           57 	
     8296	           40 	
     8297	           53 	
     8298	           47 	
     8299	           43 	
     8300	           33 	
     8301	           49 	
     8302	           39 	
     8303	           37 	
     8304	           44 	
     8305	           47 	
     8306	           35 	
     8307	           55 	
     8308	           31 	
     8309	           41 	
     8310	           54 	
     8311	           40 	
     8312	           40 	
     8313	           51 	
     8314	           45 	
     8315	           40 	
     8316	           47 	
     8317	           32 	
     8318	           57 	
     8319	           36 	
     8320	           50 	
     8321	           40 	
     8322	           42 	
     8323	           48 	
     8324	           51 	
     8325	           42 	
     8326	           39 	
     8327	           37 	
     8328	           48 	
     8329	           34 	
     8330	           33 	
     8331	           34 	
     8332	           52 	
     8333	           40 	
     8334	           39 	
     8335	           36 	
     8336	           40 	
     8337	           56 	
     8338	           44 	
     8339	           45 	
     8340	           48 	
     8341	           45 	
     8342	           42 	
     8343	           43 	
     8344	           34 	
     8345	           51 	
     8346	           43 	
     8347	           40 	
     8348	           39 	
     8349	           53 	
     8350	           50 	
     8351	           33 	
     8352	           56 	
     8353	           52 	
     8354	           28 	
     8355	           50 	
     8356	           51 	
     8357	           47 	
     8358	           35 	
     8359	           34 	
     8360	           36 	
     8361	           46 	
     8362	           40 	
     8363	           40 	
     8364	           52 	
     8365	           46 	
     8366	           36 	
     8367	           37 	
     8368	           52 	
     8369	           42 	
     8370	           56 	
     8371	           43 	
     8372	           36 	
     8373	           30 	
     8374	           42 	
     8375	           36 	
     8376	           47 	
     8377	           42 	
     8378	           44 	
     8379	           50 	
     8380	           59 	
     8381	           47 	
     8382	           36 	
     8383	           43 	
     8384	           35 	
     8385	           40 	
     8386	           51 	
     8387	           51 	
     8388	           38 	
     8389	           51 	
     8390	           44 	
     8391	           44 	
     8392	           54 	
     8393	           38 	
     8394	           38 	
     8395	           33 	
     8396	           44 	
     8397	           41 	
     8398	           67 	
     8399	           48 	
     8400	           59 	
     8401	           37 	
     8402	           42 	
     8403	           33 	
     8404	           42 	
     8405	           45 	
     8406	           49 	
     8407	           51 	
     8408	           48 	
     8409	           38 	
     8410	           41 	
     8411	           57 	
     8412	           40 	
     8413	           47 	
     8414	           34 	
     8415	           44 	
     8416	           39 	
     8417	           46 	
     8418	           43 	
     8419	           33 	
     8420	           50 	
     8421	           40 	
     8422	           45 	
     8423	           43 	
     8424	           50 	
     8425	           52 	
     8426	           48 	
     8427	           39 	
     8428	           45 	
     8429	           32 	
     8430	           52 	
     8431	           38 	
     8432	           33 	
     8433	           52 	
     8434	           46 	
     8435	           38 	
     8436	           56 	
     8437	           38 	
     8438	           46 	
     8439	           42 	
     8440	           49 	
     8441	           38 	
     8442	           42 	
     8443	           26 	
     8444	           33 	
     8445	           37 	
     8446	           41 	
     8447	           37 	
     8448	           35 	
     8449	           44 	
     8450	           36 	
     8451	           45 	
     8452	           35 	
     8453	           44 	
     8454	           61 	
     8455	           37 	
     8456	           43 	
     8457	           50 	
     8458	           38 	
     8459	           42 	
     8460	           46 	
     8461	           38 	
     8462	           57 	
     8463	           31 	
     8464	           41 	
     8465	           50 	
     8466	           45 	
     8467	           34 	
     8468	           51 	
     8469	           43 	
     8470	           44 	
     8471	           39 	
     8472	           45 	
     8473	           45 	
     8474	           38 	
     8475	           39 	
     8476	           44 	
     8477	           40 	
     8478	           45 	
     8479	           44 	
     8480	           45 	
     8481	           31 	
     8482	           40 	
     8483	           40 	
     8484	           49 	
     8485	           39 	
     8486	           45 	
     8487	           44 	
     8488	           43 	
     8489	           46 	
     8490	           43 	
     8491	           48 	
     8492	           37 	
     8493	           38 	
     8494	           46 	
     8495	           36 	
     8496	           36 	
     8497	           33 	
     8498	           61 	
     8499	           33 	
     8500	           43 	
     8501	           38 	
     8502	           57 	
     8503	           36 	
     8504	           50 	
     8505	           35 	
     8506	           28 	
     8507	           33 	
     8508	           44 	
     8509	           50 	
     8510	           48 	
     8511	           59 	
     8512	           47 	
     8513	           43 	
     8514	           57 	
     8515	           51 	
     8516	           55 	
     8517	           50 	
     8518	           28 	
     8519	           46 	
     8520	           50 	
     8521	           33 	
     8522	           40 	
     8523	           54 	
     8524	           41 	
     8525	           41 	
     8526	           63 	
     8527	           35 	
     8528	           37 	
     8529	           48 	
     8530	           39 	
     8531	           30 	
     8532	           41 	
     8533	           55 	
     8534	           45 	
     8535	           39 	
     8536	           36 	
     8537	           39 	
     8538	           37 	
     8539	           45 	
     8540	           54 	
     8541	           50 	
     8542	           43 	
     8543	           44 	
     8544	           49 	
     8545	           42 	
     8546	           36 	
     8547	           35 	
     8548	           55 	
     8549	           25 	
     8550	           50 	
     8551	           32 	
     8552	           37 	
     8553	           54 	
     8554	           46 	
     8555	           39 	
     8556	           48 	
     8557	           45 	
     8558	           58 	
     8559	           47 	
     8560	           32 	
     8561	           53 	
     8562	           30 	
     8563	           41 	
     8564	           30 	
     8565	           35 	
     8566	           46 	
     8567	           46 	
     8568	           47 	
     8569	           49 	
     8570	           30 	
     8571	           34 	
     8572	           43 	
     8573	           41 	
     8574	           36 	
     8575	           33 	
     8576	           41 	
     8577	           42 	
     8578	           34 	
     8579	           42 	
     8580	           38 	
     8581	           42 	
     8582	           53 	
     8583	           46 	
     8584	           39 	
     8585	           42 	
     8586	           50 	
     8587	           44 	
     8588	           39 	
     8589	           31 	
     8590	           41 	
     8591	           35 	
     8592	           38 	
     8593	           46 	
     8594	           26 	
     8595	           37 	
     8596	           43 	
     8597	           55 	
     8598	           42 	
     8599	           55 	
     8600	           49 	
     8601	           48 	
     8602	           37 	
     8603	           51 	
     8604	           41 	
     8605	           37 	
     8606	           42 	
     8607	           50 	
     8608	           42 	
     8609	           42 	
     8610	           43 	
     8611	           50 	
     8612	           45 	
     8613	           33 	
     8614	           55 	
     8615	           36 	
     8616	           41 	
     8617	           49 	
     8618	           38 	
     8619	           42 	
     8620	           48 	
     8621	           30 	
     8622	           44 	
     8623	           47 	
     8624	           41 	
     8625	           42 	
     8626	           51 	
     8627	           26 	
     8628	           40 	
     8629	           54 	
     8630	           44 	
     8631	           49 	
     8632	           51 	
     8633	           34 	
     8634	           43 	
     8635	           58 	
     8636	           52 	
     8637	           43 	
     8638	           37 	
     8639	           38 	
     8640	           33 	
     8641	           33 	
     8642	           48 	
     8643	           37 	
     8644	           37 	
     8645	           42 	
     8646	           41 	
     8647	           37 	
     8648	           53 	
     8649	           42 	
     8650	           39 	
     8651	           43 	
     8652	           65 	
     8653	           43 	
     8654	           44 	
     8655	           46 	
     8656	           46 	
     8657	           47 	
     8658	           52 	
     8659	           50 	
     8660	           32 	
     8661	           43 	
     8662	           43 	
     8663	           38 	
     8664	           51 	
     8665	           40 	
     8666	           45 	
     8667	           47 	
     8668	           46 	
     8669	           45 	
     8670	           57 	
     8671	           52 	
     8672	           36 	
     8673	           47 	
     8674	           38 	
     8675	           31 	
     8676	           49 	
     8677	           34 	
     8678	           39 	
     8679	           35 	
     8680	           48 	
     8681	           47 	
     8682	           36 	
     8683	           41 	
     8684	           28 	
     8685	           32 	
     8686	           27 	
     8687	           46 	
     8688	           42 	
     8689	           36 	
     8690	           44 	
     8691	           53 	
     8692	           54 	
     8693	           35 	
     8694	           44 	
     8695	           50 	
     8696	           43 	
     8697	           41 	
     8698	           33 	
     8699	           43 	
     8700	           49 	
     8701	           46 	
     8702	           27 	
     8703	           38 	
     8704	           44 	
     8705	           54 	
     8706	           46 	
     8707	           44 	
     8708	           51 	
     8709	           41 	
     8710	           45 	
     8711	           38 	
     8712	           31 	
     8713	           37 	
     8714	           38 	
     8715	           41 	
     8716	           40 	
     8717	           55 	
     8718	           37 	
     8719	           36 	
     8720	           35 	
     8721	           45 	
     8722	           38 	
     8723	           43 	
     8724	           39 	
     8725	           34 	
     8726	           43 	
     8727	           29 	
     8728	           39 	
     8729	           43 	
     8730	           43 	
     8731	           36 	
     8732	           51 	
     8733	           37 	
     8734	           35 	
     8735	           40 	
     8736	           36 	
     8737	           45 	
     8738	           28 	
     8739	           54 	
     8740	           32 	
     8741	           44 	
     8742	           39 	
     8743	           32 	
     8744	           42 	
     8745	           44 	
     8746	           35 	
     8747	           40 	
     8748	           55 	
     8749	           55 	
     8750	           46 	
     8751	           55 	
     8752	           51 	
     8753	           34 	
     8754	           46 	
     8755	           37 	
     8756	           39 	
     8757	           47 	
     8758	           44 	
     8759	           34 	
     8760	           45 	
     8761	           41 	
     8762	           42 	
     8763	           51 	
     8764	           35 	
     8765	           67 	
     8766	           48 	
     8767	           43 	
     8768	           35 	
     8769	           53 	
     8770	           37 	
     8771	           59 	
     8772	           43 	
     8773	           51 	
     8774	           59 	
     8775	           32 	
     8776	           47 	
     8777	           42 	
     8778	           44 	
     8779	           36 	
     8780	           39 	
     8781	           31 	
     8782	           47 	
     8783	           55 	
     8784	           37 	
     8785	           30 	
     8786	           50 	
     8787	           38 	
     8788	           49 	
     8789	           38 	
     8790	           37 	
     8791	           39 	
     8792	           26 	
     8793	           43 	
     8794	           54 	
     8795	           30 	
     8796	           52 	
     8797	           43 	
     8798	           39 	
     8799	           46 	
     8800	           41 	
     8801	           52 	
     8802	           50 	
     8803	           44 	
     8804	           38 	
     8805	           54 	
     8806	           54 	
     8807	           43 	
     8808	           45 	
     8809	           38 	
     8810	           54 	
     8811	           51 	
     8812	           42 	
     8813	           37 	
     8814	           35 	
     8815	           33 	
     8816	           46 	
     8817	           42 	
     8818	           42 	
     8819	           51 	
     8820	           32 	
     8821	           39 	
     8822	           39 	
     8823	           46 	
     8824	           36 	
     8825	           39 	
     8826	           33 	
     8827	           48 	
     8828	           43 	
     8829	           34 	
     8830	           39 	
     8831	           49 	
     8832	           45 	
     8833	           42 	
     8834	           48 	
     8835	           49 	
     8836	           42 	
     8837	           48 	
     8838	           53 	
     8839	           35 	
     8840	           42 	
     8841	           42 	
     8842	           48 	
     8843	           33 	
     8844	           49 	
     8845	           39 	
     8846	           43 	
     8847	           41 	
     8848	           43 	
     8849	           36 	
     8850	           42 	
     8851	           52 	
     8852	           37 	
     8853	           38 	
     8854	           43 	
     8855	           33 	
     8856	           45 	
     8857	           37 	
     8858	           44 	
     8859	           40 	
     8860	           48 	
     8861	           41 	
     8862	           36 	
     8863	           36 	
     8864	           49 	
     8865	           31 	
     8866	           38 	
     8867	           31 	
     8868	           49 	
     8869	           54 	
     8870	           55 	
     8871	           50 	
     8872	           40 	
     8873	           49 	
     8874	           44 	
     8875	           36 	
     8876	           44 	
     8877	           41 	
     8878	           35 	
     8879	           41 	
     8880	           48 	
     8881	           31 	
     8882	           47 	
     8883	           44 	
     8884	           41 	
     8885	           36 	
     8886	           32 	
     8887	           46 	
     8888	           44 	
     8889	           39 	
     8890	           34 	
     8891	           30 	
     8892	           37 	
     8893	           54 	
     8894	           59 	
     8895	           47 	
     8896	           55 	
     8897	           46 	
     8898	           43 	
     8899	           43 	
     8900	           48 	
     8901	           47 	
     8902	           36 	
     8903	           43 	
     8904	           34 	
     8905	           46 	
     8906	           51 	
     8907	           41 	
     8908	           39 	
     8909	           44 	
     8910	           40 	
     8911	           40 	
     8912	           42 	
     8913	           45 	
     8914	           45 	
     8915	           59 	
     8916	           56 	
     8917	           42 	
     8918	           53 	
     8919	           33 	
     8920	           37 	
     8921	           44 	
     8922	           45 	
     8923	           29 	
     8924	           39 	
     8925	           39 	
     8926	           46 	
     8927	           44 	
     8928	           43 	
     8929	           37 	
     8930	           51 	
     8931	           34 	
     8932	           43 	
     8933	           37 	
     8934	           46 	
     8935	           45 	
     8936	           35 	
     8937	           31 	
     8938	           32 	
     8939	           49 	
     8940	           41 	
     8941	           36 	
     8942	           65 	
     8943	           43 	
     8944	           41 	
     8945	           42 	
     8946	           32 	
     8947	           35 	
     8948	           42 	
     8949	           56 	
     8950	           47 	
     8951	           47 	
     8952	           48 	
     8953	           40 	
     8954	           42 	
     8955	           43 	
     8956	           33 	
     8957	           34 	
     8958	           44 	
     8959	           37 	
     8960	           40 	
     8961	           36 	
     8962	           50 	
     8963	           46 	
     8964	           39 	
     8965	           48 	
     8966	           43 	
     8967	           38 	
     8968	           49 	
     8969	           53 	
     8970	           46 	
     8971	           52 	
     8972	           48 	
     8973	           48 	
     8974	           39 	
     8975	           41 	
     8976	           46 	
     8977	           44 	
     8978	           37 	
     8979	           43 	
     8980	           29 	
     8981	           44 	
     8982	           38 	
     8983	           45 	
     8984	           46 	
     8985	           55 	
     8986	           51 	
     8987	           32 	
     8988	           37 	
     8989	           42 	
     8990	           45 	
     8991	           60 	
     8992	           48 	
     8993	           46 	
     8994	           37 	
     8995	           51 	
     8996	           49 	
     8997	           49 	
     8998	           42 	
     8999	           50 	
     9000	           39 	
     9001	           47 	
     9002	           36 	
     9003	           44 	
     9004	           41 	
     9005	           44 	
     9006	           40 	
     9007	           40 	
     9008	           35 	
     9009	           54 	
     9010	           50 	
     9011	           50 	
     9012	           41 	
     9013	           40 	
     9014	           40 	
     9015	           35 	
     9016	           42 	
     9017	           42 	
     9018	           38 	
     9019	           35 	
     9020	           47 	
     9021	           44 	
     9022	           41 	
     9023	           37 	
     9024	           35 	
     9025	           37 	
     9026	           50 	
     9027	           38 	
     9028	           48 	
     9029	           40 	
     9030	           37 	
     9031	           43 	
     9032	           34 	
     9033	           48 	
     9034	           43 	
     9035	           36 	
     9036	           40 	
     9037	           29 	
     9038	           45 	
     9039	           47 	
     9040	           34 	
     9041	           37 	
     9042	           37 	
     9043	           41 	
     9044	           40 	
     9045	           46 	
     9046	           49 	
     9047	           37 	
     9048	           36 	
     9049	           45 	
     9050	           40 	
     9051	           39 	
     9052	           39 	
     9053	           41 	
     9054	           39 	
     9055	           34 	
     9056	           45 	
     9057	           39 	
     9058	           41 	
     9059	           50 	
     9060	           37 	
     9061	           52 	
     9062	           40 	
     9063	           40 	
     9064	           40 	
     9065	           54 	
     9066	           27 	
     9067	           40 	
     9068	           44 	
     9069	           45 	
     9070	           44 	
     9071	           30 	
     9072	           47 	
     9073	           39 	
     9074	           43 	
     9075	           29 	
     9076	           35 	
     9077	           44 	
     9078	           41 	
     9079	           38 	
     9080	           34 	
     9081	           43 	
     9082	           39 	
     9083	           28 	
     9084	           40 	
     9085	           47 	
     9086	           46 	
     9087	           40 	
     9088	           44 	
     9089	           31 	
     9090	           49 	
     9091	           48 	
     9092	           37 	
     9093	           47 	
     9094	           44 	
     9095	           43 	
     9096	           42 	
     9097	           50 	
     9098	           44 	
     9099	           49 	
     9100	           44 	
     9101	           38 	
     9102	           36 	
     9103	           48 	
     9104	           36 	
     9105	           46 	
     9106	           43 	
     9107	           52 	
     9108	           50 	
     9109	           41 	
     9110	           46 	
     9111	           56 	
     9112	           36 	
     9113	           29 	
     9114	           46 	
     9115	           46 	
     9116	           42 	
     9117	           34 	
     9118	           58 	
     9119	           46 	
     9120	           40 	
     9121	           50 	
     9122	           45 	
     9123	           35 	
     9124	           51 	
     9125	           47 	
     9126	           31 	
     9127	           36 	
     9128	           44 	
     9129	           43 	
     9130	           41 	
     9131	           34 	
     9132	           47 	
     9133	           45 	
     9134	           47 	
     9135	           49 	
     9136	           42 	
     9137	           54 	
     9138	           44 	
     9139	           39 	
     9140	           55 	
     9141	           31 	
     9142	           37 	
     9143	           33 	
     9144	           42 	
     9145	           40 	
     9146	           33 	
     9147	           49 	
     9148	           36 	
     9149	           47 	
     9150	           28 	
     9151	           47 	
     9152	           58 	
     9153	           41 	
     9154	           38 	
     9155	           41 	
     9156	           32 	
     9157	           35 	
     9158	           40 	
     9159	           50 	
     9160	           42 	
     9161	           30 	
     9162	           32 	
     9163	           43 	
     9164	           39 	
     9165	           36 	
     9166	           40 	
     9167	           35 	
     9168	           38 	
     9169	           57 	
     9170	           38 	
     9171	           45 	
     9172	           49 	
     9173	           44 	
     9174	           57 	
     9175	           42 	
     9176	           43 	
     9177	           45 	
     9178	           36 	
     9179	           50 	
     9180	           31 	
     9181	           46 	
     9182	           38 	
     9183	           45 	
     9184	           49 	
     9185	           48 	
     9186	           42 	
     9187	           47 	
     9188	           51 	
     9189	           43 	
     9190	           50 	
     9191	           52 	
     9192	           40 	
     9193	           46 	
     9194	           30 	
     9195	           39 	
     9196	           42 	
     9197	           44 	
     9198	           39 	
     9199	           41 	
     9200	           42 	
     9201	           44 	
     9202	           44 	
     9203	           35 	
     9204	           41 	
     9205	           37 	
     9206	           40 	
     9207	           44 	
     9208	           45 	
     9209	           52 	
     9210	           35 	
     9211	           50 	
     9212	           51 	
     9213	           37 	
     9214	           44 	
     9215	           44 	
     9216	           48 	
     9217	           35 	
     9218	           43 	
     9219	           46 	
     9220	           43 	
     9221	           46 	
     9222	           47 	
     9223	           36 	
     9224	           43 	
     9225	           37 	
     9226	           44 	
     9227	           31 	
     9228	           43 	
     9229	           41 	
     9230	           35 	
     9231	           46 	
     9232	           47 	
     9233	           52 	
     9234	           42 	
     9235	           43 	
     9236	           38 	
     9237	           50 	
     9238	           37 	
     9239	           43 	
     9240	           38 	
     9241	           44 	
     9242	           36 	
     9243	           48 	
     9244	           47 	
     9245	           53 	
     9246	           43 	
     9247	           60 	
     9248	           52 	
     9249	           48 	
     9250	           36 	
     9251	           56 	
     9252	           46 	
     9253	           38 	
     9254	           43 	
     9255	           39 	
     9256	           38 	
     9257	           34 	
     9258	           50 	
     9259	           46 	
     9260	           43 	
     9261	           34 	
     9262	           39 	
     9263	           47 	
     9264	           42 	
     9265	           43 	
     9266	           44 	
     9267	           35 	
     9268	           42 	
     9269	           30 	
     9270	           43 	
     9271	           39 	
     9272	           51 	
     9273	           38 	
     9274	           35 	
     9275	           41 	
     9276	           46 	
     9277	           35 	
     9278	           51 	
     9279	           36 	
     9280	           49 	
     9281	           58 	
     9282	           38 	
     9283	           39 	
     9284	           46 	
     9285	           32 	
     9286	           42 	
     9287	           39 	
     9288	           40 	
     9289	           49 	
     9290	           32 	
     9291	           57 	
     9292	           41 	
     9293	           43 	
     9294	           39 	
     9295	           49 	
     9296	           43 	
     9297	           35 	
     9298	           35 	
     9299	           39 	
     9300	           30 	
     9301	           38 	
     9302	           49 	
     9303	           42 	
     9304	           40 	
     9305	           48 	
     9306	           32 	
     9307	           47 	
     9308	           45 	
     9309	           32 	
     9310	           40 	
     9311	           56 	
     9312	           44 	
     9313	           31 	
     9314	           37 	
     9315	           45 	
     9316	           33 	
     9317	           46 	
     9318	           42 	
     9319	           46 	
     9320	           42 	
     9321	           31 	
     9322	           43 	
     9323	           52 	
     9324	           49 	
     9325	           45 	
     9326	           50 	
     9327	           48 	
     9328	           51 	
     9329	           42 	
     9330	           41 	
     9331	           43 	
     9332	           42 	
     9333	           46 	
     9334	           40 	
     9335	           40 	
     9336	           30 	
     9337	           42 	
     9338	           45 	
     9339	           59 	
     9340	           44 	
     9341	           60 	
     9342	           57 	
     9343	           44 	
     9344	           42 	
     9345	           50 	
     9346	           45 	
     9347	           40 	
     9348	           43 	
     9349	           40 	
     9350	           36 	
     9351	           42 	
     9352	           50 	
     9353	           42 	
     9354	           44 	
     9355	           35 	
     9356	           43 	
     9357	           43 	
     9358	           39 	
     9359	           37 	
     9360	           42 	
     9361	           27 	
     9362	           55 	
     9363	           45 	
     9364	           46 	
     9365	           43 	
     9366	           44 	
     9367	           42 	
     9368	           35 	
     9369	           41 	
     9370	           44 	
     9371	           47 	
     9372	           44 	
     9373	           40 	
     9374	           46 	
     9375	           50 	
     9376	           41 	
     9377	           53 	
     9378	           41 	
     9379	           39 	
     9380	           42 	
     9381	           54 	
     9382	           44 	
     9383	           40 	
     9384	           45 	
     9385	           43 	
     9386	           55 	
     9387	           51 	
     9388	           65 	
     9389	           49 	
     9390	           39 	
     9391	           51 	
     9392	           36 	
     9393	           46 	
     9394	           28 	
     9395	           48 	
     9396	           47 	
     9397	           48 	
     9398	           43 	
     9399	           41 	
     9400	           35 	
     9401	           25 	
     9402	           29 	
     9403	           43 	
     9404	           49 	
     9405	           45 	
     9406	           42 	
     9407	           38 	
     9408	           44 	
     9409	           49 	
     9410	           40 	
     9411	           44 	
     9412	           47 	
     9413	           36 	
     9414	           41 	
     9415	           48 	
     9416	           52 	
     9417	           37 	
     9418	           40 	
     9419	           36 	
     9420	           41 	
     9421	           40 	
     9422	           48 	
     9423	           40 	
     9424	           42 	
     9425	           40 	
     9426	           30 	
     9427	           35 	
     9428	           48 	
     9429	           35 	
     9430	           41 	
     9431	           43 	
     9432	           38 	
     9433	           47 	
     9434	           45 	
     9435	           42 	
     9436	           37 	
     9437	           31 	
     9438	           41 	
     9439	           37 	
     9440	           51 	
     9441	           30 	
     9442	           47 	
     9443	           32 	
     9444	           35 	
     9445	           51 	
     9446	           36 	
     9447	           39 	
     9448	           45 	
     9449	           49 	
     9450	           31 	
     9451	           37 	
     9452	           56 	
     9453	           44 	
     9454	           52 	
     9455	           46 	
     9456	           43 	
     9457	           40 	
     9458	           45 	
     9459	           48 	
     9460	           33 	
     9461	           40 	
     9462	           42 	
     9463	           38 	
     9464	           43 	
     9465	           35 	
     9466	           52 	
     9467	           45 	
     9468	           33 	
     9469	           31 	
     9470	           41 	
     9471	           46 	
     9472	           28 	
     9473	           30 	
     9474	           38 	
     9475	           32 	
     9476	           51 	
     9477	           46 	
     9478	           45 	
     9479	           36 	
     9480	           45 	
     9481	           48 	
     9482	           40 	
     9483	           44 	
     9484	           37 	
     9485	           45 	
     9486	           36 	
     9487	           41 	
     9488	           42 	
     9489	           41 	
     9490	           39 	
     9491	           43 	
     9492	           52 	
     9493	           46 	
     9494	           34 	
     9495	           48 	
     9496	           38 	
     9497	           49 	
     9498	           47 	
     9499	           40 	
     9500	           38 	
     9501	           47 	
     9502	           42 	
     9503	           48 	
     9504	           39 	
     9505	           40 	
     9506	           35 	
     9507	           32 	
     9508	           40 	
     9509	           32 	
     9510	           42 	
     9511	           32 	
     9512	           29 	
     9513	           40 	
     9514	           41 	
     9515	           43 	
     9516	           50 	
     9517	           39 	
     9518	           42 	
     9519	           39 	
     9520	           40 	
     9521	           30 	
     9522	           26 	
     9523	           57 	
     9524	           33 	
     9525	           35 	
     9526	           42 	
     9527	           48 	
     9528	           55 	
     9529	           44 	
     9530	           29 	
     9531	           33 	
     9532	           40 	
     9533	           29 	
     9534	           49 	
     9535	           44 	
     9536	           38 	
     9537	           49 	
     9538	           47 	
     9539	           41 	
     9540	           40 	
     9541	           43 	
     9542	           44 	
     9543	           38 	
     9544	           39 	
     9545	           48 	
     9546	           39 	
     9547	           42 	
     9548	           38 	
     9549	           50 	
     9550	           37 	
     9551	           41 	
     9552	           46 	
     9553	           47 	
     9554	           40 	
     9555	           33 	
     9556	           40 	
     9557	           39 	
     9558	           40 	
     9559	           31 	
     9560	           47 	
     9561	           47 	
     9562	           40 	
     9563	           34 	
     9564	           35 	
     9565	           42 	
     9566	           40 	
     9567	           38 	
     9568	           39 	
     9569	           50 	
     9570	           52 	
     9571	           36 	
     9572	           38 	
     9573	           53 	
     9574	           40 	
     9575	           47 	
     9576	           41 	
     9577	           55 	
     9578	           50 	
     9579	           46 	
     9580	           39 	
     9581	           43 	
     9582	           44 	
     9583	           43 	
     9584	           50 	
     9585	           44 	
     9586	           50 	
     9587	           39 	
     9588	           36 	
     9589	           47 	
     9590	           39 	
     9591	           47 	
     9592	           41 	
     9593	           45 	
     9594	           44 	
     9595	           31 	
     9596	           44 	
     9597	           44 	
     9598	           46 	
     9599	           39 	
     9600	           36 	
     9601	           53 	
     9602	           47 	
     9603	           27 	
     9604	           39 	
     9605	           34 	
     9606	           37 	
     9607	           52 	
     9608	           42 	
     9609	           54 	
     9610	           37 	
     9611	           47 	
     9612	           49 	
     9613	           35 	
     9614	           37 	
     9615	           53 	
     9616	           23 	
     9617	           51 	
     9618	           33 	
     9619	           39 	
     9620	           32 	
     9621	           49 	
     9622	           36 	
     9623	           50 	
     9624	           36 	
     9625	           39 	
     9626	           59 	
     9627	           44 	
     9628	           52 	
     9629	           43 	
     9630	           38 	
     9631	           35 	
     9632	           39 	
     9633	           44 	
     9634	           42 	
     9635	           42 	
     9636	           46 	
     9637	           29 	
     9638	           43 	
     9639	           42 	
     9640	           42 	
     9641	           40 	
     9642	           49 	
     9643	           42 	
     9644	           41 	
     9645	           46 	
     9646	           43 	
     9647	           44 	
     9648	           47 	
     9649	           43 	
     9650	           45 	
     9651	           48 	
     9652	           46 	
     9653	           39 	
     9654	           38 	
     9655	           43 	
     9656	           41 	
     9657	           53 	
     9658	           32 	
     9659	           51 	
     9660	           38 	
     9661	           39 	
     9662	           36 	
     9663	           45 	
     9664	           51 	
     9665	           46 	
     9666	           42 	
     9667	           53 	
     9668	           48 	
     9669	           39 	
     9670	           37 	
     9671	           39 	
     9672	           45 	
     9673	           40 	
     9674	           39 	
     9675	           59 	
     9676	           37 	
     9677	           32 	
     9678	           52 	
     9679	           55 	
     9680	           39 	
     9681	           49 	
     9682	           51 	
     9683	           40 	
     9684	           44 	
     9685	           53 	
     9686	           43 	
     9687	           52 	
     9688	           33 	
     9689	           23 	
     9690	           46 	
     9691	           39 	
     9692	           31 	
     9693	           41 	
     9694	           40 	
     9695	           39 	
     9696	           49 	
     9697	           45 	
     9698	           46 	
     9699	           49 	
     9700	           37 	
     9701	           35 	
     9702	           48 	
     9703	           32 	
     9704	           37 	
     9705	           40 	
     9706	           60 	
     9707	           45 	
     9708	           52 	
     9709	           31 	
     9710	           49 	
     9711	           58 	
     9712	           41 	
     9713	           35 	
     9714	           53 	
     9715	           37 	
     9716	           37 	
     9717	           43 	
     9718	           38 	
     9719	           56 	
     9720	           37 	
     9721	           43 	
     9722	           43 	
     9723	           34 	
     9724	           33 	
     9725	           48 	
     9726	           35 	
     9727	           43 	
     9728	           41 	
     9729	           38 	
     9730	           51 	
     9731	           39 	
     9732	           44 	
     9733	           40 	
     9734	           50 	
     9735	           58 	
     9736	           37 	
     9737	           51 	
     9738	           39 	
     9739	           46 	
     9740	           57 	
     9741	           44 	
     9742	           41 	
     9743	           36 	
     9744	           32 	
     9745	           35 	
     9746	           35 	
     9747	           32 	
     9748	           49 	
     9749	           41 	
     9750	           38 	
     9751	           58 	
     9752	           30 	
     9753	           39 	
     9754	           46 	
     9755	           39 	
     9756	           45 	
     9757	           39 	
     9758	           43 	
     9759	           34 	
     9760	           36 	
     9761	           42 	
     9762	           39 	
     9763	           47 	
     9764	           36 	
     9765	           41 	
     9766	           37 	
     9767	           44 	
     9768	           43 	
     9769	           47 	
     9770	           37 	
     9771	           50 	
     9772	           44 	
     9773	           37 	
     9774	           56 	
     9775	           31 	
     9776	           41 	
     9777	           39 	
     9778	           45 	
     9779	           37 	
     9780	           52 	
     9781	           37 	
     9782	           42 	
     9783	           32 	
     9784	           47 	
     9785	           46 	
     9786	           30 	
     9787	           42 	
     9788	           37 	
     9789	           39 	
     9790	           33 	
     9791	           50 	
     9792	           59 	
     9793	           48 	
     9794	           45 	
     9795	           32 	
     9796	           29 	
     9797	           38 	
     9798	           35 	
     9799	           41 	
     9800	           41 	
     9801	           37 	
     9802	           36 	
     9803	           36 	
     9804	           40 	
     9805	           39 	
     9806	           56 	
     9807	           39 	
     9808	           47 	
     9809	           34 	
     9810	           41 	
     9811	           55 	
     9812	           37 	
     9813	           39 	
     9814	           36 	
     9815	           39 	
     9816	           46 	
     9817	           43 	
     9818	           38 	
     9819	           38 	
     9820	           37 	
     9821	           52 	
     9822	           39 	
     9823	           41 	
     9824	           48 	
     9825	           56 	
     9826	           38 	
     9827	           42 	
     9828	           39 	
     9829	           47 	
     9830	           34 	
     9831	           29 	
     9832	           37 	
     9833	           40 	
     9834	           47 	
     9835	           46 	
     9836	           39 	
     9837	           36 	
     9838	           53 	
     9839	           45 	
     9840	           32 	
     9841	           40 	
     9842	           51 	
     9843	           59 	
     9844	           42 	
     9845	           39 	
     9846	           46 	
     9847	           45 	
     9848	           50 	
     9849	           37 	
     9850	           45 	
     9851	           36 	
     9852	           59 	
     9853	           38 	
     9854	           42 	
     9855	           45 	
     9856	           44 	
     9857	           35 	
     9858	           36 	
     9859	           43 	
     9860	           42 	
     9861	           37 	
     9862	           44 	
     9863	           42 	
     9864	           51 	
     9865	           50 	
     9866	           55 	
     9867	           51 	
     9868	           42 	
     9869	           36 	
     9870	           42 	
     9871	           51 	
     9872	           37 	
     9873	           46 	
     9874	           43 	
     9875	           45 	
     9876	           33 	
     9877	           50 	
     9878	           56 	
     9879	           42 	
     9880	           43 	
     9881	           52 	
     9882	           44 	
     9883	           38 	
     9884	           54 	
     9885	           36 	
     9886	           34 	
     9887	           43 	
     9888	           40 	
     9889	           52 	
     9890	           46 	
     9891	           35 	
     9892	           44 	
     9893	           44 	
     9894	           51 	
     9895	           33 	
     9896	           46 	
     9897	           39 	
     9898	           50 	
     9899	           48 	
     9900	           47 	
     9901	           49 	
     9902	           45 	
     9903	           43 	
     9904	           53 	
     9905	           30 	
     9906	           40 	
     9907	           46 	
     9908	           42 	
     9909	           39 	
     9910	           51 	
     9911	           38 	
     9912	           42 	
     9913	           47 	
     9914	           39 	
     9915	           62 	
     9916	           43 	
     9917	           41 	
     9918	           40 	
     9919	           43 	
     9920	           42 	
     9921	           47 	
     9922	           34 	
     9923	           53 	
     9924	           37 	
     9925	           37 	
     9926	           37 	
     9927	           42 	
     9928	           46 	
     9929	           40 	
     9930	           38 	
     9931	           45 	
     9932	           40 	
     9933	           39 	
     9934	           30 	
     9935	           41 	
     9936	           49 	
     9937	           45 	
     9938	           43 	
     9939	           38 	
     9940	           51 	
     9941	           35 	
     9942	           48 	
     9943	           46 	
     9944	           56 	
     9945	           42 	
     9946	           49 	
     9947	           50 	
     9948	           44 	
     9949	           32 	
     9950	           52 	
     9951	           58 	
     9952	           52 	
     9953	           36 	
     9954	           40 	
     9955	           33 	
     9956	           52 	
     9957	           49 	
     9958	           41 	
     9959	           44 	
     9960	           37 	
     9961	           44 	
     9962	           41 	
     9963	           44 	
     9964	           44 	
     9965	           36 	
     9966	           47 	
     9967	           42 	
     9968	           42 	
     9969	           43 	
     9970	           40 	
     9971	           36 	
     9972	           37 	
     9973	           48 	
     9974	           38 	
     9975	           35 	
     9976	           47 	
     9977	           37 	
     9978	           34 	
     9979	           30 	
     9980	           49 	
     9981	           40 	
     9982	           44 	
     9983	           38 	
     9984	           41 	
     9985	           47 	
     9986	           40 	
     9987	           45 	
     9988	           54 	
     9989	           33 	
     9990	           47 	
     9991	           51 	
     9992	           34 	
     9993	           39 	
     9994	           50 	
     9995	           33 	
     9996	           38 	
     9997	           42 	
     9998	           40 	
     9999	           34 	
    10000	           40 	
