# bins en theta = 60.00 deg
# bin_length_s = 0.001000
# bin	counts	CPS
1	167	167000.000
2	154	154000.000
3	166	166000.000
4	163	163000.000
5	174	174000.000
6	155	155000.000
7	183	183000.000
8	170	170000.000
9	187	187000.000
10	162	162000.000
11	162	162000.000
12	168	168000.000
13	192	192000.000
14	170	170000.000
15	181	181000.000
16	193	193000.000
17	178	178000.000
18	188	188000.000
19	170	170000.000
20	168	168000.000
21	171	171000.000
22	190	190000.000
23	163	163000.000
24	162	162000.000
25	170	170000.000
26	151	151000.000
27	167	167000.000
28	167	167000.000
29	200	200000.000
30	210	210000.000
31	188	188000.000
32	175	175000.000
33	169	169000.000
34	196	196000.000
35	169	169000.000
36	167	167000.000
37	165	165000.000
38	183	183000.000
39	166	166000.000
40	166	166000.000
41	158	158000.000
42	202	202000.000
43	169	169000.000
44	163	163000.000
45	173	173000.000
46	199	199000.000
47	188	188000.000
48	182	182000.000
49	168	168000.000
50	168	168000.000
51	190	190000.000
52	156	156000.000
53	184	184000.000
54	160	160000.000
55	173	173000.000
56	187	187000.000
57	177	177000.000
58	178	178000.000
59	186	186000.000
60	196	196000.000
61	181	181000.000
62	183	183000.000
63	190	190000.000
64	187	187000.000
65	175	175000.000
66	191	191000.000
67	191	191000.000
68	178	178000.000
69	168	168000.000
70	174	174000.000
71	171	171000.000
72	198	198000.000
73	169	169000.000
74	180	180000.000
75	197	197000.000
76	191	191000.000
77	179	179000.000
78	179	179000.000
79	177	177000.000
80	162	162000.000
81	163	163000.000
82	184	184000.000
83	184	184000.000
84	154	154000.000
85	179	179000.000
86	189	189000.000
87	178	178000.000
88	174	174000.000
89	201	201000.000
90	176	176000.000
91	170	170000.000
92	191	191000.000
93	172	172000.000
94	159	159000.000
95	177	177000.000
96	178	178000.000
97	188	188000.000
98	181	181000.000
99	189	189000.000
100	174	174000.000
101	194	194000.000
102	181	181000.000
103	147	147000.000
104	178	178000.000
105	178	178000.000
106	155	155000.000
107	147	147000.000
108	154	154000.000
109	171	171000.000
110	169	169000.000
111	195	195000.000
112	163	163000.000
113	157	157000.000
114	180	180000.000
115	194	194000.000
116	159	159000.000
117	174	174000.000
118	197	197000.000
119	181	181000.000
120	182	182000.000
121	175	175000.000
122	183	183000.000
123	200	200000.000
124	175	175000.000
125	178	178000.000
126	143	143000.000
127	198	198000.000
128	178	178000.000
129	191	191000.000
130	163	163000.000
131	178	178000.000
132	171	171000.000
133	178	178000.000
134	188	188000.000
135	178	178000.000
136	185	185000.000
137	198	198000.000
138	185	185000.000
139	198	198000.000
140	189	189000.000
141	200	200000.000
142	163	163000.000
143	162	162000.000
144	164	164000.000
145	181	181000.000
146	221	221000.000
147	162	162000.000
148	170	170000.000
149	172	172000.000
150	179	179000.000
151	183	183000.000
152	176	176000.000
153	176	176000.000
154	156	156000.000
155	190	190000.000
156	173	173000.000
157	166	166000.000
158	216	216000.000
159	170	170000.000
160	181	181000.000
161	189	189000.000
162	188	188000.000
163	182	182000.000
164	198	198000.000
165	195	195000.000
166	195	195000.000
167	165	165000.000
168	180	180000.000
169	166	166000.000
170	182	182000.000
171	169	169000.000
172	205	205000.000
173	172	172000.000
174	174	174000.000
175	173	173000.000
176	178	178000.000
177	181	181000.000
178	181	181000.000
179	153	153000.000
180	181	181000.000
181	150	150000.000
182	172	172000.000
183	177	177000.000
184	169	169000.000
185	172	172000.000
186	187	187000.000
187	194	194000.000
188	179	179000.000
189	187	187000.000
190	194	194000.000
191	178	178000.000
192	150	150000.000
193	184	184000.000
194	170	170000.000
195	180	180000.000
196	192	192000.000
197	189	189000.000
198	193	193000.000
199	168	168000.000
200	182	182000.000
201	191	191000.000
202	205	205000.000
203	182	182000.000
204	183	183000.000
205	179	179000.000
206	186	186000.000
207	178	178000.000
208	180	180000.000
209	205	205000.000
210	161	161000.000
211	188	188000.000
212	171	171000.000
213	154	154000.000
214	185	185000.000
215	160	160000.000
216	178	178000.000
217	152	152000.000
218	213	213000.000
219	172	172000.000
220	171	171000.000
221	199	199000.000
222	189	189000.000
223	188	188000.000
224	174	174000.000
225	167	167000.000
226	170	170000.000
227	174	174000.000
228	193	193000.000
229	197	197000.000
230	191	191000.000
231	150	150000.000
232	189	189000.000
233	159	159000.000
234	174	174000.000
235	163	163000.000
236	159	159000.000
237	188	188000.000
238	171	171000.000
239	176	176000.000
240	164	164000.000
241	172	172000.000
242	185	185000.000
243	155	155000.000
244	193	193000.000
245	175	175000.000
246	177	177000.000
247	192	192000.000
248	153	153000.000
249	167	167000.000
250	192	192000.000
251	178	178000.000
252	187	187000.000
253	185	185000.000
254	195	195000.000
255	188	188000.000
256	191	191000.000
257	196	196000.000
258	206	206000.000
259	189	189000.000
260	181	181000.000
261	169	169000.000
262	161	161000.000
263	160	160000.000
264	183	183000.000
265	161	161000.000
266	155	155000.000
267	184	184000.000
268	172	172000.000
269	172	172000.000
270	179	179000.000
271	181	181000.000
272	178	178000.000
273	184	184000.000
274	158	158000.000
275	164	164000.000
276	172	172000.000
277	180	180000.000
278	163	163000.000
279	193	193000.000
280	184	184000.000
281	164	164000.000
282	184	184000.000
283	204	204000.000
284	184	184000.000
285	191	191000.000
286	182	182000.000
287	217	217000.000
288	155	155000.000
289	175	175000.000
290	168	168000.000
291	198	198000.000
292	198	198000.000
293	178	178000.000
294	177	177000.000
295	172	172000.000
296	157	157000.000
297	149	149000.000
298	165	165000.000
299	183	183000.000
300	184	184000.000
301	177	177000.000
302	152	152000.000
303	188	188000.000
304	162	162000.000
305	155	155000.000
306	188	188000.000
307	179	179000.000
308	215	215000.000
309	173	173000.000
310	180	180000.000
311	159	159000.000
312	172	172000.000
313	181	181000.000
314	179	179000.000
315	175	175000.000
316	197	197000.000
317	171	171000.000
318	177	177000.000
319	182	182000.000
320	174	174000.000
321	180	180000.000
322	170	170000.000
323	167	167000.000
324	179	179000.000
325	163	163000.000
326	175	175000.000
327	173	173000.000
328	175	175000.000
329	176	176000.000
330	175	175000.000
331	182	182000.000
332	193	193000.000
333	169	169000.000
334	161	161000.000
335	163	163000.000
336	192	192000.000
337	169	169000.000
338	175	175000.000
339	170	170000.000
340	171	171000.000
341	198	198000.000
342	173	173000.000
343	176	176000.000
344	169	169000.000
345	179	179000.000
346	161	161000.000
347	176	176000.000
348	185	185000.000
349	191	191000.000
350	221	221000.000
351	199	199000.000
352	172	172000.000
353	188	188000.000
354	180	180000.000
355	172	172000.000
356	183	183000.000
357	195	195000.000
358	174	174000.000
359	173	173000.000
360	167	167000.000
361	173	173000.000
362	166	166000.000
363	182	182000.000
364	175	175000.000
365	181	181000.000
366	174	174000.000
367	181	181000.000
368	169	169000.000
369	190	190000.000
370	162	162000.000
371	192	192000.000
372	174	174000.000
373	179	179000.000
374	185	185000.000
375	173	173000.000
376	177	177000.000
377	161	161000.000
378	169	169000.000
379	162	162000.000
380	167	167000.000
381	167	167000.000
382	193	193000.000
383	175	175000.000
384	169	169000.000
385	179	179000.000
386	187	187000.000
387	179	179000.000
388	159	159000.000
389	174	174000.000
390	182	182000.000
391	180	180000.000
392	200	200000.000
393	176	176000.000
394	200	200000.000
395	182	182000.000
396	184	184000.000
397	200	200000.000
398	214	214000.000
399	191	191000.000
400	180	180000.000
401	179	179000.000
402	179	179000.000
403	170	170000.000
404	191	191000.000
405	162	162000.000
406	161	161000.000
407	193	193000.000
408	185	185000.000
409	192	192000.000
410	197	197000.000
411	187	187000.000
412	199	199000.000
413	169	169000.000
414	193	193000.000
415	197	197000.000
416	150	150000.000
417	162	162000.000
418	187	187000.000
419	179	179000.000
420	157	157000.000
421	166	166000.000
422	201	201000.000
423	172	172000.000
424	179	179000.000
425	186	186000.000
426	170	170000.000
427	179	179000.000
428	176	176000.000
429	196	196000.000
430	165	165000.000
431	161	161000.000
432	167	167000.000
433	184	184000.000
434	183	183000.000
435	198	198000.000
436	176	176000.000
437	186	186000.000
438	151	151000.000
439	186	186000.000
440	177	177000.000
441	172	172000.000
442	182	182000.000
443	164	164000.000
444	160	160000.000
445	186	186000.000
446	205	205000.000
447	160	160000.000
448	175	175000.000
449	179	179000.000
450	173	173000.000
451	183	183000.000
452	173	173000.000
453	164	164000.000
454	200	200000.000
455	178	178000.000
456	161	161000.000
457	158	158000.000
458	174	174000.000
459	189	189000.000
460	186	186000.000
461	189	189000.000
462	181	181000.000
463	167	167000.000
464	172	172000.000
465	173	173000.000
466	180	180000.000
467	160	160000.000
468	172	172000.000
469	189	189000.000
470	188	188000.000
471	190	190000.000
472	215	215000.000
473	154	154000.000
474	176	176000.000
475	202	202000.000
476	196	196000.000
477	156	156000.000
478	155	155000.000
479	156	156000.000
480	172	172000.000
481	153	153000.000
482	167	167000.000
483	143	143000.000
484	175	175000.000
485	171	171000.000
486	161	161000.000
487	162	162000.000
488	157	157000.000
489	207	207000.000
490	164	164000.000
491	158	158000.000
492	202	202000.000
493	180	180000.000
494	178	178000.000
495	197	197000.000
496	191	191000.000
497	178	178000.000
498	187	187000.000
499	173	173000.000
500	190	190000.000
501	190	190000.000
502	155	155000.000
503	167	167000.000
504	185	185000.000
505	182	182000.000
506	188	188000.000
507	179	179000.000
508	194	194000.000
509	177	177000.000
510	177	177000.000
511	211	211000.000
512	183	183000.000
513	197	197000.000
514	184	184000.000
515	167	167000.000
516	204	204000.000
517	189	189000.000
518	197	197000.000
519	163	163000.000
520	178	178000.000
521	171	171000.000
522	148	148000.000
523	177	177000.000
524	169	169000.000
525	154	154000.000
526	180	180000.000
527	182	182000.000
528	172	172000.000
529	162	162000.000
530	158	158000.000
531	182	182000.000
532	195	195000.000
533	192	192000.000
534	163	163000.000
535	177	177000.000
536	192	192000.000
537	179	179000.000
538	166	166000.000
539	176	176000.000
540	198	198000.000
541	189	189000.000
542	183	183000.000
543	169	169000.000
544	181	181000.000
545	169	169000.000
546	166	166000.000
547	183	183000.000
548	175	175000.000
549	171	171000.000
550	167	167000.000
551	158	158000.000
552	166	166000.000
553	194	194000.000
554	194	194000.000
555	171	171000.000
556	170	170000.000
557	173	173000.000
558	156	156000.000
559	171	171000.000
560	166	166000.000
561	170	170000.000
562	172	172000.000
563	188	188000.000
564	193	193000.000
565	167	167000.000
566	137	137000.000
567	165	165000.000
568	165	165000.000
569	162	162000.000
570	186	186000.000
571	182	182000.000
572	160	160000.000
573	193	193000.000
574	196	196000.000
575	135	135000.000
576	173	173000.000
577	180	180000.000
578	175	175000.000
579	183	183000.000
580	186	186000.000
581	169	169000.000
582	168	168000.000
583	167	167000.000
584	181	181000.000
585	178	178000.000
586	177	177000.000
587	177	177000.000
588	183	183000.000
589	215	215000.000
590	186	186000.000
591	188	188000.000
592	152	152000.000
593	180	180000.000
594	167	167000.000
595	182	182000.000
596	185	185000.000
597	183	183000.000
598	165	165000.000
599	163	163000.000
600	165	165000.000
601	168	168000.000
602	192	192000.000
603	193	193000.000
604	175	175000.000
605	174	174000.000
606	175	175000.000
607	179	179000.000
608	181	181000.000
609	166	166000.000
610	153	153000.000
611	165	165000.000
612	184	184000.000
613	145	145000.000
614	166	166000.000
615	195	195000.000
616	202	202000.000
617	179	179000.000
618	155	155000.000
619	188	188000.000
620	174	174000.000
621	177	177000.000
622	195	195000.000
623	179	179000.000
624	167	167000.000
625	184	184000.000
626	163	163000.000
627	177	177000.000
628	173	173000.000
629	177	177000.000
630	177	177000.000
631	195	195000.000
632	185	185000.000
633	160	160000.000
634	183	183000.000
635	200	200000.000
636	193	193000.000
637	183	183000.000
638	182	182000.000
639	149	149000.000
640	179	179000.000
641	179	179000.000
642	172	172000.000
643	178	178000.000
644	188	188000.000
645	177	177000.000
646	207	207000.000
647	183	183000.000
648	154	154000.000
649	148	148000.000
650	182	182000.000
651	175	175000.000
652	159	159000.000
653	179	179000.000
654	140	140000.000
655	161	161000.000
656	172	172000.000
657	175	175000.000
658	181	181000.000
659	167	167000.000
660	183	183000.000
661	157	157000.000
662	155	155000.000
663	169	169000.000
664	174	174000.000
665	163	163000.000
666	172	172000.000
667	174	174000.000
668	175	175000.000
669	181	181000.000
670	181	181000.000
671	183	183000.000
672	156	156000.000
673	164	164000.000
674	196	196000.000
675	182	182000.000
676	171	171000.000
677	170	170000.000
678	187	187000.000
679	175	175000.000
680	176	176000.000
681	188	188000.000
682	188	188000.000
683	173	173000.000
684	160	160000.000
685	164	164000.000
686	184	184000.000
687	171	171000.000
688	164	164000.000
689	185	185000.000
690	158	158000.000
691	189	189000.000
692	188	188000.000
693	173	173000.000
694	168	168000.000
695	184	184000.000
696	191	191000.000
697	170	170000.000
698	173	173000.000
699	161	161000.000
700	203	203000.000
701	180	180000.000
702	184	184000.000
703	163	163000.000
704	171	171000.000
705	177	177000.000
706	179	179000.000
707	152	152000.000
708	179	179000.000
709	182	182000.000
710	161	161000.000
711	188	188000.000
712	192	192000.000
713	211	211000.000
714	180	180000.000
715	184	184000.000
716	150	150000.000
717	172	172000.000
718	175	175000.000
719	154	154000.000
720	176	176000.000
721	163	163000.000
722	165	165000.000
723	181	181000.000
724	190	190000.000
725	184	184000.000
726	175	175000.000
727	194	194000.000
728	165	165000.000
729	172	172000.000
730	179	179000.000
731	160	160000.000
732	172	172000.000
733	168	168000.000
734	176	176000.000
735	176	176000.000
736	174	174000.000
737	150	150000.000
738	184	184000.000
739	190	190000.000
740	178	178000.000
741	153	153000.000
742	175	175000.000
743	162	162000.000
744	171	171000.000
745	167	167000.000
746	178	178000.000
747	178	178000.000
748	175	175000.000
749	187	187000.000
750	176	176000.000
751	171	171000.000
752	173	173000.000
753	202	202000.000
754	173	173000.000
755	160	160000.000
756	181	181000.000
757	156	156000.000
758	211	211000.000
759	204	204000.000
760	164	164000.000
761	157	157000.000
762	167	167000.000
763	160	160000.000
764	183	183000.000
765	181	181000.000
766	166	166000.000
767	173	173000.000
768	157	157000.000
769	179	179000.000
770	157	157000.000
771	165	165000.000
772	168	168000.000
773	170	170000.000
774	174	174000.000
775	158	158000.000
776	168	168000.000
777	183	183000.000
778	188	188000.000
779	156	156000.000
780	168	168000.000
781	176	176000.000
782	175	175000.000
783	162	162000.000
784	171	171000.000
785	174	174000.000
786	199	199000.000
787	159	159000.000
788	163	163000.000
789	166	166000.000
790	181	181000.000
791	177	177000.000
792	166	166000.000
793	170	170000.000
794	173	173000.000
795	171	171000.000
796	172	172000.000
797	195	195000.000
798	172	172000.000
799	183	183000.000
800	190	190000.000
801	183	183000.000
802	174	174000.000
803	164	164000.000
804	172	172000.000
805	169	169000.000
806	170	170000.000
807	192	192000.000
808	166	166000.000
809	172	172000.000
810	179	179000.000
811	165	165000.000
812	184	184000.000
813	172	172000.000
814	161	161000.000
815	170	170000.000
816	184	184000.000
817	177	177000.000
818	168	168000.000
819	164	164000.000
820	162	162000.000
821	171	171000.000
822	175	175000.000
823	154	154000.000
824	158	158000.000
825	174	174000.000
826	155	155000.000
827	189	189000.000
828	175	175000.000
829	179	179000.000
830	162	162000.000
831	206	206000.000
832	149	149000.000
833	141	141000.000
834	160	160000.000
835	198	198000.000
836	160	160000.000
837	171	171000.000
838	163	163000.000
839	168	168000.000
840	163	163000.000
841	162	162000.000
842	155	155000.000
843	187	187000.000
844	161	161000.000
845	185	185000.000
846	165	165000.000
847	164	164000.000
848	204	204000.000
849	171	171000.000
850	174	174000.000
851	177	177000.000
852	168	168000.000
853	166	166000.000
854	198	198000.000
855	176	176000.000
856	175	175000.000
857	182	182000.000
858	166	166000.000
859	182	182000.000
860	186	186000.000
861	177	177000.000
862	176	176000.000
863	179	179000.000
864	177	177000.000
865	189	189000.000
866	187	187000.000
867	186	186000.000
868	162	162000.000
869	163	163000.000
870	169	169000.000
871	163	163000.000
872	153	153000.000
873	172	172000.000
874	168	168000.000
875	164	164000.000
876	182	182000.000
877	180	180000.000
878	177	177000.000
879	162	162000.000
880	173	173000.000
881	170	170000.000
882	180	180000.000
883	170	170000.000
884	161	161000.000
885	163	163000.000
886	182	182000.000
887	180	180000.000
888	189	189000.000
889	177	177000.000
890	160	160000.000
891	185	185000.000
892	179	179000.000
893	171	171000.000
894	214	214000.000
895	182	182000.000
896	167	167000.000
897	171	171000.000
898	176	176000.000
899	178	178000.000
900	184	184000.000
901	171	171000.000
902	167	167000.000
903	155	155000.000
904	184	184000.000
905	194	194000.000
906	184	184000.000
907	172	172000.000
908	174	174000.000
909	154	154000.000
910	157	157000.000
911	166	166000.000
912	201	201000.000
913	194	194000.000
914	190	190000.000
915	180	180000.000
916	147	147000.000
917	181	181000.000
918	157	157000.000
919	153	153000.000
920	187	187000.000
921	189	189000.000
922	188	188000.000
923	167	167000.000
924	181	181000.000
925	186	186000.000
926	159	159000.000
927	165	165000.000
928	174	174000.000
929	174	174000.000
930	174	174000.000
931	157	157000.000
932	174	174000.000
933	185	185000.000
934	183	183000.000
935	166	166000.000
936	168	168000.000
937	172	172000.000
938	156	156000.000
939	168	168000.000
940	135	135000.000
941	187	187000.000
942	207	207000.000
943	184	184000.000
944	155	155000.000
945	159	159000.000
946	171	171000.000
947	156	156000.000
948	189	189000.000
949	186	186000.000
950	186	186000.000
951	160	160000.000
952	159	159000.000
953	157	157000.000
954	171	171000.000
955	168	168000.000
956	179	179000.000
957	142	142000.000
958	199	199000.000
959	164	164000.000
960	183	183000.000
961	181	181000.000
962	169	169000.000
963	166	166000.000
964	164	164000.000
965	171	171000.000
966	161	161000.000
967	187	187000.000
968	168	168000.000
969	165	165000.000
970	168	168000.000
971	169	169000.000
972	187	187000.000
973	178	178000.000
974	168	168000.000
975	163	163000.000
976	189	189000.000
977	162	162000.000
978	172	172000.000
979	194	194000.000
980	189	189000.000
981	188	188000.000
982	184	184000.000
983	189	189000.000
984	155	155000.000
985	192	192000.000
986	188	188000.000
987	161	161000.000
988	189	189000.000
989	176	176000.000
990	170	170000.000
991	174	174000.000
992	175	175000.000
993	158	158000.000
994	162	162000.000
995	177	177000.000
996	146	146000.000
997	171	171000.000
998	180	180000.000
999	185	185000.000
1000	189	189000.000
1001	203	203000.000
1002	200	200000.000
1003	191	191000.000
1004	167	167000.000
1005	177	177000.000
1006	179	179000.000
1007	165	165000.000
1008	188	188000.000
1009	188	188000.000
1010	186	186000.000
1011	199	199000.000
1012	178	178000.000
1013	179	179000.000
1014	148	148000.000
1015	216	216000.000
1016	175	175000.000
1017	184	184000.000
1018	174	174000.000
1019	161	161000.000
1020	174	174000.000
1021	171	171000.000
1022	174	174000.000
1023	183	183000.000
1024	186	186000.000
1025	154	154000.000
1026	168	168000.000
1027	166	166000.000
1028	186	186000.000
1029	167	167000.000
1030	185	185000.000
1031	177	177000.000
1032	162	162000.000
1033	196	196000.000
1034	163	163000.000
1035	180	180000.000
1036	193	193000.000
1037	186	186000.000
1038	179	179000.000
1039	178	178000.000
1040	171	171000.000
1041	163	163000.000
1042	193	193000.000
1043	164	164000.000
1044	195	195000.000
1045	174	174000.000
1046	165	165000.000
1047	177	177000.000
1048	162	162000.000
1049	163	163000.000
1050	168	168000.000
1051	163	163000.000
1052	195	195000.000
1053	138	138000.000
1054	178	178000.000
1055	176	176000.000
1056	204	204000.000
1057	193	193000.000
1058	170	170000.000
1059	186	186000.000
1060	183	183000.000
1061	185	185000.000
1062	190	190000.000
1063	178	178000.000
1064	178	178000.000
1065	184	184000.000
1066	185	185000.000
1067	191	191000.000
1068	171	171000.000
1069	169	169000.000
1070	152	152000.000
1071	179	179000.000
1072	163	163000.000
1073	152	152000.000
1074	190	190000.000
1075	177	177000.000
1076	151	151000.000
1077	184	184000.000
1078	182	182000.000
1079	177	177000.000
1080	204	204000.000
1081	169	169000.000
1082	177	177000.000
1083	162	162000.000
1084	193	193000.000
1085	180	180000.000
1086	179	179000.000
1087	149	149000.000
1088	168	168000.000
1089	156	156000.000
1090	179	179000.000
1091	204	204000.000
1092	181	181000.000
1093	182	182000.000
1094	172	172000.000
1095	202	202000.000
1096	189	189000.000
1097	169	169000.000
1098	179	179000.000
1099	157	157000.000
1100	166	166000.000
1101	183	183000.000
1102	210	210000.000
1103	179	179000.000
1104	180	180000.000
1105	160	160000.000
1106	187	187000.000
1107	190	190000.000
1108	188	188000.000
1109	191	191000.000
1110	181	181000.000
1111	179	179000.000
1112	194	194000.000
1113	181	181000.000
1114	186	186000.000
1115	164	164000.000
1116	165	165000.000
1117	166	166000.000
1118	169	169000.000
1119	185	185000.000
1120	188	188000.000
1121	176	176000.000
1122	160	160000.000
1123	183	183000.000
1124	175	175000.000
1125	189	189000.000
1126	153	153000.000
1127	165	165000.000
1128	178	178000.000
1129	173	173000.000
1130	173	173000.000
1131	167	167000.000
1132	203	203000.000
1133	174	174000.000
1134	162	162000.000
1135	192	192000.000
1136	152	152000.000
1137	154	154000.000
1138	177	177000.000
1139	186	186000.000
1140	190	190000.000
1141	160	160000.000
1142	189	189000.000
1143	191	191000.000
1144	179	179000.000
1145	179	179000.000
1146	188	188000.000
1147	161	161000.000
1148	155	155000.000
1149	191	191000.000
1150	175	175000.000
1151	183	183000.000
1152	165	165000.000
1153	173	173000.000
1154	186	186000.000
1155	205	205000.000
1156	188	188000.000
1157	185	185000.000
1158	209	209000.000
1159	190	190000.000
1160	178	178000.000
1161	175	175000.000
1162	201	201000.000
1163	190	190000.000
1164	161	161000.000
1165	219	219000.000
1166	145	145000.000
1167	176	176000.000
1168	182	182000.000
1169	184	184000.000
1170	181	181000.000
1171	178	178000.000
1172	163	163000.000
1173	165	165000.000
1174	156	156000.000
1175	149	149000.000
1176	194	194000.000
1177	165	165000.000
1178	199	199000.000
1179	188	188000.000
1180	187	187000.000
1181	169	169000.000
1182	175	175000.000
1183	169	169000.000
1184	172	172000.000
1185	192	192000.000
1186	187	187000.000
1187	168	168000.000
1188	181	181000.000
1189	184	184000.000
1190	196	196000.000
1191	172	172000.000
1192	187	187000.000
1193	164	164000.000
1194	170	170000.000
1195	166	166000.000
1196	191	191000.000
1197	168	168000.000
1198	152	152000.000
1199	171	171000.000
1200	188	188000.000
1201	179	179000.000
1202	182	182000.000
1203	170	170000.000
1204	177	177000.000
1205	146	146000.000
1206	172	172000.000
1207	160	160000.000
1208	188	188000.000
1209	155	155000.000
1210	167	167000.000
1211	163	163000.000
1212	177	177000.000
1213	184	184000.000
1214	189	189000.000
1215	165	165000.000
1216	168	168000.000
1217	184	184000.000
1218	165	165000.000
1219	174	174000.000
1220	177	177000.000
1221	206	206000.000
1222	170	170000.000
1223	161	161000.000
1224	186	186000.000
1225	150	150000.000
1226	182	182000.000
1227	176	176000.000
1228	188	188000.000
1229	155	155000.000
1230	173	173000.000
1231	183	183000.000
1232	172	172000.000
1233	164	164000.000
1234	179	179000.000
1235	172	172000.000
1236	173	173000.000
1237	155	155000.000
1238	163	163000.000
1239	166	166000.000
1240	159	159000.000
1241	185	185000.000
1242	184	184000.000
1243	180	180000.000
1244	164	164000.000
1245	186	186000.000
1246	164	164000.000
1247	221	221000.000
1248	175	175000.000
1249	196	196000.000
1250	204	204000.000
1251	195	195000.000
1252	185	185000.000
1253	160	160000.000
1254	167	167000.000
1255	181	181000.000
1256	181	181000.000
1257	169	169000.000
1258	191	191000.000
1259	169	169000.000
1260	178	178000.000
1261	185	185000.000
1262	182	182000.000
1263	173	173000.000
1264	185	185000.000
1265	191	191000.000
1266	148	148000.000
1267	177	177000.000
1268	171	171000.000
1269	189	189000.000
1270	165	165000.000
1271	174	174000.000
1272	172	172000.000
1273	166	166000.000
1274	176	176000.000
1275	171	171000.000
1276	174	174000.000
1277	165	165000.000
1278	188	188000.000
1279	185	185000.000
1280	170	170000.000
1281	201	201000.000
1282	165	165000.000
1283	165	165000.000
1284	190	190000.000
1285	168	168000.000
1286	196	196000.000
1287	170	170000.000
1288	177	177000.000
1289	165	165000.000
1290	176	176000.000
1291	180	180000.000
1292	209	209000.000
1293	163	163000.000
1294	208	208000.000
1295	183	183000.000
1296	165	165000.000
1297	155	155000.000
1298	188	188000.000
1299	190	190000.000
1300	179	179000.000
1301	163	163000.000
1302	198	198000.000
1303	164	164000.000
1304	152	152000.000
1305	157	157000.000
1306	205	205000.000
1307	182	182000.000
1308	177	177000.000
1309	165	165000.000
1310	194	194000.000
1311	170	170000.000
1312	177	177000.000
1313	170	170000.000
1314	175	175000.000
1315	157	157000.000
1316	177	177000.000
1317	192	192000.000
1318	164	164000.000
1319	159	159000.000
1320	150	150000.000
1321	183	183000.000
1322	198	198000.000
1323	179	179000.000
1324	176	176000.000
1325	184	184000.000
1326	181	181000.000
1327	180	180000.000
1328	156	156000.000
1329	186	186000.000
1330	155	155000.000
1331	175	175000.000
1332	174	174000.000
1333	181	181000.000
1334	147	147000.000
1335	169	169000.000
1336	186	186000.000
1337	187	187000.000
1338	176	176000.000
1339	162	162000.000
1340	154	154000.000
1341	148	148000.000
1342	174	174000.000
1343	169	169000.000
1344	173	173000.000
1345	168	168000.000
1346	189	189000.000
1347	158	158000.000
1348	159	159000.000
1349	170	170000.000
1350	175	175000.000
1351	173	173000.000
1352	189	189000.000
1353	172	172000.000
1354	201	201000.000
1355	174	174000.000
1356	177	177000.000
1357	162	162000.000
1358	163	163000.000
1359	183	183000.000
1360	165	165000.000
1361	186	186000.000
1362	174	174000.000
1363	169	169000.000
1364	181	181000.000
1365	161	161000.000
1366	198	198000.000
1367	200	200000.000
1368	200	200000.000
1369	180	180000.000
1370	177	177000.000
1371	182	182000.000
1372	180	180000.000
1373	198	198000.000
1374	182	182000.000
1375	180	180000.000
1376	177	177000.000
1377	211	211000.000
1378	178	178000.000
1379	177	177000.000
1380	178	178000.000
1381	174	174000.000
1382	175	175000.000
1383	159	159000.000
1384	182	182000.000
1385	189	189000.000
1386	190	190000.000
1387	173	173000.000
1388	182	182000.000
1389	194	194000.000
1390	208	208000.000
1391	202	202000.000
1392	190	190000.000
1393	178	178000.000
1394	174	174000.000
1395	198	198000.000
1396	182	182000.000
1397	187	187000.000
1398	186	186000.000
1399	173	173000.000
1400	179	179000.000
1401	175	175000.000
1402	164	164000.000
1403	172	172000.000
1404	178	178000.000
1405	166	166000.000
1406	177	177000.000
1407	173	173000.000
1408	174	174000.000
1409	178	178000.000
1410	164	164000.000
1411	177	177000.000
1412	169	169000.000
1413	196	196000.000
1414	171	171000.000
1415	196	196000.000
1416	180	180000.000
1417	163	163000.000
1418	176	176000.000
1419	180	180000.000
1420	162	162000.000
1421	173	173000.000
1422	174	174000.000
1423	170	170000.000
1424	177	177000.000
1425	211	211000.000
1426	172	172000.000
1427	176	176000.000
1428	177	177000.000
1429	180	180000.000
1430	171	171000.000
1431	182	182000.000
1432	180	180000.000
1433	168	168000.000
1434	164	164000.000
1435	191	191000.000
1436	187	187000.000
1437	184	184000.000
1438	179	179000.000
1439	167	167000.000
1440	191	191000.000
1441	181	181000.000
1442	183	183000.000
1443	160	160000.000
1444	196	196000.000
1445	179	179000.000
1446	175	175000.000
1447	180	180000.000
1448	169	169000.000
1449	169	169000.000
1450	158	158000.000
1451	188	188000.000
1452	174	174000.000
1453	186	186000.000
1454	185	185000.000
1455	189	189000.000
1456	167	167000.000
1457	157	157000.000
1458	180	180000.000
1459	172	172000.000
1460	167	167000.000
1461	191	191000.000
1462	167	167000.000
1463	160	160000.000
1464	165	165000.000
1465	187	187000.000
1466	180	180000.000
1467	163	163000.000
1468	173	173000.000
1469	183	183000.000
1470	183	183000.000
1471	162	162000.000
1472	175	175000.000
1473	216	216000.000
1474	143	143000.000
1475	180	180000.000
1476	175	175000.000
1477	180	180000.000
1478	176	176000.000
1479	170	170000.000
1480	186	186000.000
1481	182	182000.000
1482	179	179000.000
1483	155	155000.000
1484	168	168000.000
1485	178	178000.000
1486	194	194000.000
1487	173	173000.000
1488	155	155000.000
1489	169	169000.000
1490	164	164000.000
1491	199	199000.000
1492	173	173000.000
1493	146	146000.000
1494	173	173000.000
1495	174	174000.000
1496	167	167000.000
1497	183	183000.000
1498	159	159000.000
1499	176	176000.000
1500	179	179000.000
1501	173	173000.000
1502	174	174000.000
1503	174	174000.000
1504	183	183000.000
1505	221	221000.000
1506	195	195000.000
1507	160	160000.000
1508	181	181000.000
1509	159	159000.000
1510	188	188000.000
1511	169	169000.000
1512	177	177000.000
1513	165	165000.000
1514	203	203000.000
1515	178	178000.000
1516	189	189000.000
1517	177	177000.000
1518	197	197000.000
1519	167	167000.000
1520	172	172000.000
1521	183	183000.000
1522	160	160000.000
1523	163	163000.000
1524	178	178000.000
1525	178	178000.000
1526	146	146000.000
1527	202	202000.000
1528	178	178000.000
1529	178	178000.000
1530	142	142000.000
1531	182	182000.000
1532	182	182000.000
1533	203	203000.000
1534	174	174000.000
1535	175	175000.000
1536	162	162000.000
1537	173	173000.000
1538	176	176000.000
1539	186	186000.000
1540	173	173000.000
1541	175	175000.000
1542	169	169000.000
1543	175	175000.000
1544	168	168000.000
1545	177	177000.000
1546	163	163000.000
1547	161	161000.000
1548	177	177000.000
1549	162	162000.000
1550	190	190000.000
1551	179	179000.000
1552	175	175000.000
1553	178	178000.000
1554	175	175000.000
1555	167	167000.000
1556	190	190000.000
1557	188	188000.000
1558	170	170000.000
1559	177	177000.000
1560	209	209000.000
1561	196	196000.000
1562	148	148000.000
1563	186	186000.000
1564	183	183000.000
1565	159	159000.000
1566	180	180000.000
1567	185	185000.000
1568	192	192000.000
1569	197	197000.000
1570	142	142000.000
1571	175	175000.000
1572	158	158000.000
1573	171	171000.000
1574	164	164000.000
1575	201	201000.000
1576	196	196000.000
1577	184	184000.000
1578	225	225000.000
1579	183	183000.000
1580	211	211000.000
1581	178	178000.000
1582	189	189000.000
1583	181	181000.000
1584	191	191000.000
1585	187	187000.000
1586	172	172000.000
1587	170	170000.000
1588	170	170000.000
1589	179	179000.000
1590	180	180000.000
1591	178	178000.000
1592	185	185000.000
1593	183	183000.000
1594	177	177000.000
1595	168	168000.000
1596	169	169000.000
1597	188	188000.000
1598	193	193000.000
1599	168	168000.000
1600	172	172000.000
1601	184	184000.000
1602	180	180000.000
1603	161	161000.000
1604	178	178000.000
1605	168	168000.000
1606	164	164000.000
1607	172	172000.000
1608	185	185000.000
1609	183	183000.000
1610	191	191000.000
1611	136	136000.000
1612	169	169000.000
1613	150	150000.000
1614	139	139000.000
1615	165	165000.000
1616	188	188000.000
1617	145	145000.000
1618	169	169000.000
1619	193	193000.000
1620	174	174000.000
1621	152	152000.000
1622	186	186000.000
1623	183	183000.000
1624	180	180000.000
1625	157	157000.000
1626	198	198000.000
1627	185	185000.000
1628	185	185000.000
1629	188	188000.000
1630	186	186000.000
1631	159	159000.000
1632	186	186000.000
1633	140	140000.000
1634	177	177000.000
1635	172	172000.000
1636	161	161000.000
1637	177	177000.000
1638	170	170000.000
1639	192	192000.000
1640	169	169000.000
1641	172	172000.000
1642	186	186000.000
1643	188	188000.000
1644	153	153000.000
1645	161	161000.000
1646	180	180000.000
1647	179	179000.000
1648	181	181000.000
1649	193	193000.000
1650	166	166000.000
1651	171	171000.000
1652	176	176000.000
1653	182	182000.000
1654	171	171000.000
1655	171	171000.000
1656	171	171000.000
1657	171	171000.000
1658	179	179000.000
1659	173	173000.000
1660	166	166000.000
1661	159	159000.000
1662	166	166000.000
1663	174	174000.000
1664	155	155000.000
1665	159	159000.000
1666	195	195000.000
1667	146	146000.000
1668	174	174000.000
1669	163	163000.000
1670	179	179000.000
1671	182	182000.000
1672	181	181000.000
1673	161	161000.000
1674	184	184000.000
1675	176	176000.000
1676	183	183000.000
1677	173	173000.000
1678	159	159000.000
1679	172	172000.000
1680	175	175000.000
1681	186	186000.000
1682	166	166000.000
1683	195	195000.000
1684	169	169000.000
1685	183	183000.000
1686	186	186000.000
1687	161	161000.000
1688	172	172000.000
1689	189	189000.000
1690	161	161000.000
1691	181	181000.000
1692	164	164000.000
1693	194	194000.000
1694	191	191000.000
1695	195	195000.000
1696	180	180000.000
1697	165	165000.000
1698	182	182000.000
1699	169	169000.000
1700	178	178000.000
1701	176	176000.000
1702	154	154000.000
1703	213	213000.000
1704	189	189000.000
1705	174	174000.000
1706	197	197000.000
1707	174	174000.000
1708	173	173000.000
1709	183	183000.000
1710	195	195000.000
1711	180	180000.000
1712	180	180000.000
1713	169	169000.000
1714	191	191000.000
1715	160	160000.000
1716	197	197000.000
1717	181	181000.000
1718	171	171000.000
1719	192	192000.000
1720	187	187000.000
1721	189	189000.000
1722	202	202000.000
1723	196	196000.000
1724	171	171000.000
1725	170	170000.000
1726	172	172000.000
1727	187	187000.000
1728	174	174000.000
1729	181	181000.000
1730	198	198000.000
1731	185	185000.000
1732	176	176000.000
1733	188	188000.000
1734	162	162000.000
1735	192	192000.000
1736	166	166000.000
1737	177	177000.000
1738	155	155000.000
1739	182	182000.000
1740	173	173000.000
1741	171	171000.000
1742	174	174000.000
1743	214	214000.000
1744	182	182000.000
1745	170	170000.000
1746	154	154000.000
1747	172	172000.000
1748	176	176000.000
1749	186	186000.000
1750	169	169000.000
1751	181	181000.000
1752	159	159000.000
1753	155	155000.000
1754	196	196000.000
1755	179	179000.000
1756	160	160000.000
1757	136	136000.000
1758	161	161000.000
1759	196	196000.000
1760	180	180000.000
1761	210	210000.000
1762	185	185000.000
1763	181	181000.000
1764	174	174000.000
1765	173	173000.000
1766	180	180000.000
1767	166	166000.000
1768	220	220000.000
1769	170	170000.000
1770	195	195000.000
1771	173	173000.000
1772	198	198000.000
1773	171	171000.000
1774	183	183000.000
1775	179	179000.000
1776	173	173000.000
1777	162	162000.000
1778	179	179000.000
1779	177	177000.000
1780	172	172000.000
1781	184	184000.000
1782	189	189000.000
1783	176	176000.000
1784	198	198000.000
1785	154	154000.000
1786	174	174000.000
1787	188	188000.000
1788	182	182000.000
1789	188	188000.000
1790	172	172000.000
1791	181	181000.000
1792	194	194000.000
1793	164	164000.000
1794	184	184000.000
1795	193	193000.000
1796	175	175000.000
1797	160	160000.000
1798	191	191000.000
1799	201	201000.000
1800	178	178000.000
1801	189	189000.000
1802	194	194000.000
1803	169	169000.000
1804	180	180000.000
1805	185	185000.000
1806	179	179000.000
1807	145	145000.000
1808	150	150000.000
1809	178	178000.000
1810	189	189000.000
1811	152	152000.000
1812	152	152000.000
1813	213	213000.000
1814	166	166000.000
1815	190	190000.000
1816	165	165000.000
1817	161	161000.000
1818	166	166000.000
1819	191	191000.000
1820	186	186000.000
1821	199	199000.000
1822	165	165000.000
1823	153	153000.000
1824	182	182000.000
1825	166	166000.000
1826	158	158000.000
1827	165	165000.000
1828	145	145000.000
1829	138	138000.000
1830	169	169000.000
1831	167	167000.000
1832	188	188000.000
1833	174	174000.000
1834	169	169000.000
1835	157	157000.000
1836	187	187000.000
1837	205	205000.000
1838	157	157000.000
1839	179	179000.000
1840	172	172000.000
1841	178	178000.000
1842	162	162000.000
1843	187	187000.000
1844	162	162000.000
1845	183	183000.000
1846	179	179000.000
1847	177	177000.000
1848	170	170000.000
1849	166	166000.000
1850	177	177000.000
1851	166	166000.000
1852	197	197000.000
1853	205	205000.000
1854	170	170000.000
1855	153	153000.000
1856	171	171000.000
1857	183	183000.000
1858	171	171000.000
1859	164	164000.000
1860	163	163000.000
1861	149	149000.000
1862	153	153000.000
1863	184	184000.000
1864	151	151000.000
1865	158	158000.000
1866	160	160000.000
1867	181	181000.000
1868	174	174000.000
1869	198	198000.000
1870	178	178000.000
1871	179	179000.000
1872	179	179000.000
1873	201	201000.000
1874	184	184000.000
1875	185	185000.000
1876	160	160000.000
1877	172	172000.000
1878	176	176000.000
1879	173	173000.000
1880	160	160000.000
1881	169	169000.000
1882	195	195000.000
1883	189	189000.000
1884	175	175000.000
1885	189	189000.000
1886	177	177000.000
1887	195	195000.000
1888	162	162000.000
1889	164	164000.000
1890	185	185000.000
1891	201	201000.000
1892	175	175000.000
1893	164	164000.000
1894	174	174000.000
1895	187	187000.000
1896	184	184000.000
1897	170	170000.000
1898	177	177000.000
1899	170	170000.000
1900	175	175000.000
1901	200	200000.000
1902	193	193000.000
1903	164	164000.000
1904	166	166000.000
1905	204	204000.000
1906	159	159000.000
1907	178	178000.000
1908	205	205000.000
1909	167	167000.000
1910	138	138000.000
1911	160	160000.000
1912	166	166000.000
1913	199	199000.000
1914	181	181000.000
1915	174	174000.000
1916	172	172000.000
1917	208	208000.000
1918	180	180000.000
1919	171	171000.000
1920	162	162000.000
1921	181	181000.000
1922	158	158000.000
1923	183	183000.000
1924	154	154000.000
1925	158	158000.000
1926	179	179000.000
1927	163	163000.000
1928	148	148000.000
1929	166	166000.000
1930	189	189000.000
1931	164	164000.000
1932	171	171000.000
1933	168	168000.000
1934	190	190000.000
1935	196	196000.000
1936	163	163000.000
1937	165	165000.000
1938	177	177000.000
1939	146	146000.000
1940	174	174000.000
1941	149	149000.000
1942	197	197000.000
1943	212	212000.000
1944	158	158000.000
1945	207	207000.000
1946	187	187000.000
1947	159	159000.000
1948	176	176000.000
1949	170	170000.000
1950	201	201000.000
1951	198	198000.000
1952	190	190000.000
1953	182	182000.000
1954	166	166000.000
1955	195	195000.000
1956	175	175000.000
1957	191	191000.000
1958	163	163000.000
1959	166	166000.000
1960	193	193000.000
1961	190	190000.000
1962	185	185000.000
1963	180	180000.000
1964	188	188000.000
1965	174	174000.000
1966	160	160000.000
1967	182	182000.000
1968	195	195000.000
1969	170	170000.000
1970	156	156000.000
1971	164	164000.000
1972	165	165000.000
1973	200	200000.000
1974	168	168000.000
1975	160	160000.000
1976	182	182000.000
1977	178	178000.000
1978	182	182000.000
1979	173	173000.000
1980	164	164000.000
1981	190	190000.000
1982	166	166000.000
1983	180	180000.000
1984	170	170000.000
1985	177	177000.000
1986	186	186000.000
1987	148	148000.000
1988	169	169000.000
1989	164	164000.000
1990	165	165000.000
1991	171	171000.000
1992	162	162000.000
1993	177	177000.000
1994	163	163000.000
1995	174	174000.000
1996	155	155000.000
1997	186	186000.000
1998	164	164000.000
1999	184	184000.000
2000	208	208000.000
2001	195	195000.000
2002	176	176000.000
2003	157	157000.000
2004	185	185000.000
2005	184	184000.000
2006	184	184000.000
2007	168	168000.000
2008	169	169000.000
2009	164	164000.000
2010	176	176000.000
2011	178	178000.000
2012	166	166000.000
2013	159	159000.000
2014	196	196000.000
2015	137	137000.000
2016	185	185000.000
2017	167	167000.000
2018	176	176000.000
2019	194	194000.000
2020	185	185000.000
2021	169	169000.000
2022	190	190000.000
2023	188	188000.000
2024	186	186000.000
2025	171	171000.000
2026	172	172000.000
2027	169	169000.000
2028	183	183000.000
2029	162	162000.000
2030	175	175000.000
2031	182	182000.000
2032	168	168000.000
2033	177	177000.000
2034	180	180000.000
2035	172	172000.000
2036	176	176000.000
2037	166	166000.000
2038	166	166000.000
2039	190	190000.000
2040	151	151000.000
2041	181	181000.000
2042	161	161000.000
2043	176	176000.000
2044	173	173000.000
2045	178	178000.000
2046	173	173000.000
2047	185	185000.000
2048	171	171000.000
2049	177	177000.000
2050	205	205000.000
2051	166	166000.000
2052	174	174000.000
2053	164	164000.000
2054	185	185000.000
2055	183	183000.000
2056	208	208000.000
2057	175	175000.000
2058	151	151000.000
2059	154	154000.000
2060	180	180000.000
2061	161	161000.000
2062	181	181000.000
2063	165	165000.000
2064	173	173000.000
2065	163	163000.000
2066	175	175000.000
2067	150	150000.000
2068	167	167000.000
2069	181	181000.000
2070	165	165000.000
2071	190	190000.000
2072	189	189000.000
2073	166	166000.000
2074	180	180000.000
2075	161	161000.000
2076	171	171000.000
2077	166	166000.000
2078	201	201000.000
2079	144	144000.000
2080	161	161000.000
2081	141	141000.000
2082	178	178000.000
2083	163	163000.000
2084	157	157000.000
2085	183	183000.000
2086	157	157000.000
2087	175	175000.000
2088	202	202000.000
2089	182	182000.000
2090	159	159000.000
2091	171	171000.000
2092	167	167000.000
2093	193	193000.000
2094	181	181000.000
2095	180	180000.000
2096	171	171000.000
2097	172	172000.000
2098	163	163000.000
2099	178	178000.000
2100	170	170000.000
2101	170	170000.000
2102	190	190000.000
2103	186	186000.000
2104	171	171000.000
2105	171	171000.000
2106	159	159000.000
2107	167	167000.000
2108	154	154000.000
2109	162	162000.000
2110	170	170000.000
2111	171	171000.000
2112	173	173000.000
2113	173	173000.000
2114	189	189000.000
2115	183	183000.000
2116	186	186000.000
2117	157	157000.000
2118	191	191000.000
2119	157	157000.000
2120	172	172000.000
2121	182	182000.000
2122	165	165000.000
2123	181	181000.000
2124	190	190000.000
2125	157	157000.000
2126	183	183000.000
2127	178	178000.000
2128	172	172000.000
2129	195	195000.000
2130	146	146000.000
2131	183	183000.000
2132	183	183000.000
2133	162	162000.000
2134	203	203000.000
2135	179	179000.000
2136	180	180000.000
2137	160	160000.000
2138	173	173000.000
2139	192	192000.000
2140	190	190000.000
2141	151	151000.000
2142	180	180000.000
2143	176	176000.000
2144	162	162000.000
2145	172	172000.000
2146	170	170000.000
2147	191	191000.000
2148	203	203000.000
2149	166	166000.000
2150	203	203000.000
2151	173	173000.000
2152	164	164000.000
2153	167	167000.000
2154	186	186000.000
2155	151	151000.000
2156	179	179000.000
2157	181	181000.000
2158	170	170000.000
2159	153	153000.000
2160	171	171000.000
2161	184	184000.000
2162	140	140000.000
2163	193	193000.000
2164	175	175000.000
2165	179	179000.000
2166	182	182000.000
2167	139	139000.000
2168	176	176000.000
2169	178	178000.000
2170	192	192000.000
2171	187	187000.000
2172	196	196000.000
2173	189	189000.000
2174	168	168000.000
2175	165	165000.000
2176	198	198000.000
2177	173	173000.000
2178	178	178000.000
2179	200	200000.000
2180	205	205000.000
2181	188	188000.000
2182	165	165000.000
2183	174	174000.000
2184	196	196000.000
2185	193	193000.000
2186	172	172000.000
2187	189	189000.000
2188	175	175000.000
2189	167	167000.000
2190	198	198000.000
2191	175	175000.000
2192	165	165000.000
2193	165	165000.000
2194	163	163000.000
2195	160	160000.000
2196	163	163000.000
2197	204	204000.000
2198	143	143000.000
2199	156	156000.000
2200	172	172000.000
2201	151	151000.000
2202	194	194000.000
2203	173	173000.000
2204	177	177000.000
2205	161	161000.000
2206	165	165000.000
2207	197	197000.000
2208	181	181000.000
2209	170	170000.000
2210	180	180000.000
2211	162	162000.000
2212	168	168000.000
2213	167	167000.000
2214	166	166000.000
2215	179	179000.000
2216	184	184000.000
2217	186	186000.000
2218	177	177000.000
2219	184	184000.000
2220	171	171000.000
2221	182	182000.000
2222	162	162000.000
2223	173	173000.000
2224	172	172000.000
2225	186	186000.000
2226	200	200000.000
2227	156	156000.000
2228	176	176000.000
2229	164	164000.000
2230	196	196000.000
2231	170	170000.000
2232	192	192000.000
2233	168	168000.000
2234	174	174000.000
2235	175	175000.000
2236	189	189000.000
2237	179	179000.000
2238	168	168000.000
2239	181	181000.000
2240	173	173000.000
2241	174	174000.000
2242	191	191000.000
2243	169	169000.000
2244	180	180000.000
2245	183	183000.000
2246	174	174000.000
2247	144	144000.000
2248	200	200000.000
2249	170	170000.000
2250	165	165000.000
2251	167	167000.000
2252	153	153000.000
2253	163	163000.000
2254	182	182000.000
2255	174	174000.000
2256	184	184000.000
2257	184	184000.000
2258	165	165000.000
2259	176	176000.000
2260	172	172000.000
2261	175	175000.000
2262	182	182000.000
2263	142	142000.000
2264	178	178000.000
2265	183	183000.000
2266	159	159000.000
2267	181	181000.000
2268	165	165000.000
2269	177	177000.000
2270	195	195000.000
2271	165	165000.000
2272	182	182000.000
2273	196	196000.000
2274	176	176000.000
2275	206	206000.000
2276	191	191000.000
2277	189	189000.000
2278	186	186000.000
2279	186	186000.000
2280	173	173000.000
2281	178	178000.000
2282	218	218000.000
2283	173	173000.000
2284	176	176000.000
2285	170	170000.000
2286	166	166000.000
2287	173	173000.000
2288	165	165000.000
2289	163	163000.000
2290	179	179000.000
2291	160	160000.000
2292	165	165000.000
2293	183	183000.000
2294	172	172000.000
2295	176	176000.000
2296	176	176000.000
2297	185	185000.000
2298	172	172000.000
2299	191	191000.000
2300	185	185000.000
2301	173	173000.000
2302	197	197000.000
2303	181	181000.000
2304	140	140000.000
2305	177	177000.000
2306	175	175000.000
2307	175	175000.000
2308	181	181000.000
2309	168	168000.000
2310	194	194000.000
2311	196	196000.000
2312	185	185000.000
2313	184	184000.000
2314	160	160000.000
2315	187	187000.000
2316	180	180000.000
2317	181	181000.000
2318	203	203000.000
2319	168	168000.000
2320	140	140000.000
2321	167	167000.000
2322	168	168000.000
2323	164	164000.000
2324	181	181000.000
2325	163	163000.000
2326	175	175000.000
2327	165	165000.000
2328	142	142000.000
2329	193	193000.000
2330	170	170000.000
2331	168	168000.000
2332	200	200000.000
2333	159	159000.000
2334	184	184000.000
2335	188	188000.000
2336	171	171000.000
2337	174	174000.000
2338	166	166000.000
2339	166	166000.000
2340	167	167000.000
2341	159	159000.000
2342	164	164000.000
2343	163	163000.000
2344	174	174000.000
2345	188	188000.000
2346	154	154000.000
2347	180	180000.000
2348	182	182000.000
2349	173	173000.000
2350	182	182000.000
2351	164	164000.000
2352	197	197000.000
2353	165	165000.000
2354	167	167000.000
2355	164	164000.000
2356	158	158000.000
2357	183	183000.000
2358	170	170000.000
2359	177	177000.000
2360	166	166000.000
2361	195	195000.000
2362	173	173000.000
2363	172	172000.000
2364	157	157000.000
2365	176	176000.000
2366	163	163000.000
2367	176	176000.000
2368	191	191000.000
2369	171	171000.000
2370	182	182000.000
2371	206	206000.000
2372	192	192000.000
2373	173	173000.000
2374	181	181000.000
2375	163	163000.000
2376	178	178000.000
2377	151	151000.000
2378	193	193000.000
2379	170	170000.000
2380	173	173000.000
2381	182	182000.000
2382	172	172000.000
2383	180	180000.000
2384	162	162000.000
2385	182	182000.000
2386	176	176000.000
2387	167	167000.000
2388	152	152000.000
2389	193	193000.000
2390	173	173000.000
2391	152	152000.000
2392	168	168000.000
2393	162	162000.000
2394	141	141000.000
2395	178	178000.000
2396	164	164000.000
2397	168	168000.000
2398	187	187000.000
2399	165	165000.000
2400	193	193000.000
2401	177	177000.000
2402	156	156000.000
2403	211	211000.000
2404	178	178000.000
2405	174	174000.000
2406	179	179000.000
2407	182	182000.000
2408	204	204000.000
2409	167	167000.000
2410	184	184000.000
2411	188	188000.000
2412	143	143000.000
2413	171	171000.000
2414	181	181000.000
2415	164	164000.000
2416	193	193000.000
2417	156	156000.000
2418	155	155000.000
2419	160	160000.000
2420	190	190000.000
2421	178	178000.000
2422	154	154000.000
2423	177	177000.000
2424	187	187000.000
2425	174	174000.000
2426	147	147000.000
2427	180	180000.000
2428	177	177000.000
2429	167	167000.000
2430	177	177000.000
2431	164	164000.000
2432	177	177000.000
2433	147	147000.000
2434	159	159000.000
2435	171	171000.000
2436	140	140000.000
2437	167	167000.000
2438	168	168000.000
2439	165	165000.000
2440	179	179000.000
2441	161	161000.000
2442	167	167000.000
2443	184	184000.000
2444	174	174000.000
2445	171	171000.000
2446	174	174000.000
2447	179	179000.000
2448	172	172000.000
2449	184	184000.000
2450	164	164000.000
2451	169	169000.000
2452	184	184000.000
2453	179	179000.000
2454	175	175000.000
2455	150	150000.000
2456	171	171000.000
2457	212	212000.000
2458	179	179000.000
2459	162	162000.000
2460	187	187000.000
2461	198	198000.000
2462	172	172000.000
2463	155	155000.000
2464	172	172000.000
2465	146	146000.000
2466	177	177000.000
2467	179	179000.000
2468	171	171000.000
2469	174	174000.000
2470	167	167000.000
2471	172	172000.000
2472	183	183000.000
2473	194	194000.000
2474	181	181000.000
2475	193	193000.000
2476	174	174000.000
2477	144	144000.000
2478	193	193000.000
2479	180	180000.000
2480	198	198000.000
2481	199	199000.000
2482	183	183000.000
2483	146	146000.000
2484	159	159000.000
2485	176	176000.000
2486	176	176000.000
2487	184	184000.000
2488	174	174000.000
2489	169	169000.000
2490	161	161000.000
2491	192	192000.000
2492	176	176000.000
2493	178	178000.000
2494	165	165000.000
2495	182	182000.000
2496	185	185000.000
2497	183	183000.000
2498	187	187000.000
2499	162	162000.000
2500	170	170000.000
2501	189	189000.000
2502	170	170000.000
2503	162	162000.000
2504	167	167000.000
2505	148	148000.000
2506	145	145000.000
2507	165	165000.000
2508	193	193000.000
2509	183	183000.000
2510	181	181000.000
2511	171	171000.000
2512	184	184000.000
2513	203	203000.000
2514	184	184000.000
2515	159	159000.000
2516	179	179000.000
2517	189	189000.000
2518	175	175000.000
2519	172	172000.000
2520	163	163000.000
2521	154	154000.000
2522	178	178000.000
2523	178	178000.000
2524	175	175000.000
2525	205	205000.000
2526	186	186000.000
2527	184	184000.000
2528	173	173000.000
2529	158	158000.000
2530	160	160000.000
2531	176	176000.000
2532	175	175000.000
2533	154	154000.000
2534	161	161000.000
2535	154	154000.000
2536	190	190000.000
2537	177	177000.000
2538	182	182000.000
2539	184	184000.000
2540	173	173000.000
2541	176	176000.000
2542	174	174000.000
2543	170	170000.000
2544	154	154000.000
2545	178	178000.000
2546	184	184000.000
2547	162	162000.000
2548	170	170000.000
2549	180	180000.000
2550	171	171000.000
2551	167	167000.000
2552	176	176000.000
2553	199	199000.000
2554	178	178000.000
2555	198	198000.000
2556	175	175000.000
2557	152	152000.000
2558	180	180000.000
2559	160	160000.000
2560	180	180000.000
2561	163	163000.000
2562	167	167000.000
2563	171	171000.000
2564	162	162000.000
2565	180	180000.000
2566	199	199000.000
2567	197	197000.000
2568	150	150000.000
2569	184	184000.000
2570	204	204000.000
2571	193	193000.000
2572	178	178000.000
2573	177	177000.000
2574	200	200000.000
2575	160	160000.000
2576	162	162000.000
2577	171	171000.000
2578	152	152000.000
2579	178	178000.000
2580	192	192000.000
2581	185	185000.000
2582	194	194000.000
2583	156	156000.000
2584	156	156000.000
2585	170	170000.000
2586	192	192000.000
2587	152	152000.000
2588	174	174000.000
2589	169	169000.000
2590	172	172000.000
2591	174	174000.000
2592	180	180000.000
2593	178	178000.000
2594	174	174000.000
2595	159	159000.000
2596	185	185000.000
2597	190	190000.000
2598	189	189000.000
2599	190	190000.000
2600	189	189000.000
2601	201	201000.000
2602	220	220000.000
2603	187	187000.000
2604	165	165000.000
2605	192	192000.000
2606	177	177000.000
2607	182	182000.000
2608	182	182000.000
2609	153	153000.000
2610	171	171000.000
2611	164	164000.000
2612	158	158000.000
2613	156	156000.000
2614	175	175000.000
2615	197	197000.000
2616	149	149000.000
2617	177	177000.000
2618	163	163000.000
2619	176	176000.000
2620	163	163000.000
2621	146	146000.000
2622	181	181000.000
2623	165	165000.000
2624	167	167000.000
2625	190	190000.000
2626	162	162000.000
2627	170	170000.000
2628	154	154000.000
2629	180	180000.000
2630	162	162000.000
2631	180	180000.000
2632	176	176000.000
2633	197	197000.000
2634	180	180000.000
2635	177	177000.000
2636	189	189000.000
2637	164	164000.000
2638	176	176000.000
2639	173	173000.000
2640	167	167000.000
2641	183	183000.000
2642	186	186000.000
2643	152	152000.000
2644	166	166000.000
2645	192	192000.000
2646	190	190000.000
2647	187	187000.000
2648	153	153000.000
2649	189	189000.000
2650	163	163000.000
2651	163	163000.000
2652	166	166000.000
2653	185	185000.000
2654	150	150000.000
2655	165	165000.000
2656	177	177000.000
2657	150	150000.000
2658	188	188000.000
2659	167	167000.000
2660	180	180000.000
2661	170	170000.000
2662	181	181000.000
2663	191	191000.000
2664	150	150000.000
2665	155	155000.000
2666	178	178000.000
2667	186	186000.000
2668	194	194000.000
2669	189	189000.000
2670	184	184000.000
2671	189	189000.000
2672	166	166000.000
2673	189	189000.000
2674	164	164000.000
2675	191	191000.000
2676	191	191000.000
2677	186	186000.000
2678	168	168000.000
2679	177	177000.000
2680	194	194000.000
2681	179	179000.000
2682	169	169000.000
2683	198	198000.000
2684	163	163000.000
2685	180	180000.000
2686	172	172000.000
2687	164	164000.000
2688	196	196000.000
2689	192	192000.000
2690	181	181000.000
2691	174	174000.000
2692	165	165000.000
2693	175	175000.000
2694	180	180000.000
2695	194	194000.000
2696	193	193000.000
2697	182	182000.000
2698	159	159000.000
2699	188	188000.000
2700	184	184000.000
2701	168	168000.000
2702	165	165000.000
2703	169	169000.000
2704	167	167000.000
2705	197	197000.000
2706	158	158000.000
2707	155	155000.000
2708	170	170000.000
2709	182	182000.000
2710	170	170000.000
2711	198	198000.000
2712	187	187000.000
2713	160	160000.000
2714	197	197000.000
2715	181	181000.000
2716	171	171000.000
2717	184	184000.000
2718	183	183000.000
2719	173	173000.000
2720	179	179000.000
2721	164	164000.000
2722	175	175000.000
2723	151	151000.000
2724	200	200000.000
2725	184	184000.000
2726	188	188000.000
2727	166	166000.000
2728	191	191000.000
2729	184	184000.000
2730	183	183000.000
2731	158	158000.000
2732	179	179000.000
2733	158	158000.000
2734	150	150000.000
2735	173	173000.000
2736	148	148000.000
2737	161	161000.000
2738	146	146000.000
2739	196	196000.000
2740	193	193000.000
2741	177	177000.000
2742	163	163000.000
2743	165	165000.000
2744	189	189000.000
2745	198	198000.000
2746	169	169000.000
2747	175	175000.000
2748	182	182000.000
2749	178	178000.000
2750	194	194000.000
2751	168	168000.000
2752	178	178000.000
2753	180	180000.000
2754	171	171000.000
2755	165	165000.000
2756	170	170000.000
2757	152	152000.000
2758	169	169000.000
2759	153	153000.000
2760	169	169000.000
2761	177	177000.000
2762	188	188000.000
2763	192	192000.000
2764	174	174000.000
2765	164	164000.000
2766	174	174000.000
2767	174	174000.000
2768	205	205000.000
2769	166	166000.000
2770	175	175000.000
2771	184	184000.000
2772	172	172000.000
2773	178	178000.000
2774	188	188000.000
2775	155	155000.000
2776	146	146000.000
2777	192	192000.000
2778	190	190000.000
2779	213	213000.000
2780	170	170000.000
2781	159	159000.000
2782	177	177000.000
2783	179	179000.000
2784	169	169000.000
2785	192	192000.000
2786	178	178000.000
2787	163	163000.000
2788	155	155000.000
2789	174	174000.000
2790	168	168000.000
2791	157	157000.000
2792	183	183000.000
2793	168	168000.000
2794	171	171000.000
2795	184	184000.000
2796	170	170000.000
2797	181	181000.000
2798	175	175000.000
2799	188	188000.000
2800	170	170000.000
2801	175	175000.000
2802	161	161000.000
2803	177	177000.000
2804	181	181000.000
2805	173	173000.000
2806	164	164000.000
2807	190	190000.000
2808	179	179000.000
2809	152	152000.000
2810	177	177000.000
2811	175	175000.000
2812	193	193000.000
2813	175	175000.000
2814	187	187000.000
2815	160	160000.000
2816	179	179000.000
2817	178	178000.000
2818	167	167000.000
2819	189	189000.000
2820	171	171000.000
2821	186	186000.000
2822	174	174000.000
2823	188	188000.000
2824	173	173000.000
2825	169	169000.000
2826	160	160000.000
2827	169	169000.000
2828	169	169000.000
2829	190	190000.000
2830	167	167000.000
2831	180	180000.000
2832	178	178000.000
2833	179	179000.000
2834	198	198000.000
2835	184	184000.000
2836	181	181000.000
2837	172	172000.000
2838	181	181000.000
2839	188	188000.000
2840	196	196000.000
2841	201	201000.000
2842	186	186000.000
2843	160	160000.000
2844	166	166000.000
2845	157	157000.000
2846	170	170000.000
2847	180	180000.000
2848	162	162000.000
2849	169	169000.000
2850	157	157000.000
2851	162	162000.000
2852	186	186000.000
2853	178	178000.000
2854	171	171000.000
2855	182	182000.000
2856	186	186000.000
2857	170	170000.000
2858	185	185000.000
2859	179	179000.000
2860	160	160000.000
2861	168	168000.000
2862	177	177000.000
2863	159	159000.000
2864	185	185000.000
2865	188	188000.000
2866	146	146000.000
2867	190	190000.000
2868	168	168000.000
2869	171	171000.000
2870	168	168000.000
2871	168	168000.000
2872	160	160000.000
2873	168	168000.000
2874	171	171000.000
2875	173	173000.000
2876	150	150000.000
2877	159	159000.000
2878	184	184000.000
2879	169	169000.000
2880	161	161000.000
2881	172	172000.000
2882	200	200000.000
2883	193	193000.000
2884	179	179000.000
2885	174	174000.000
2886	175	175000.000
2887	168	168000.000
2888	170	170000.000
2889	202	202000.000
2890	172	172000.000
2891	173	173000.000
2892	169	169000.000
2893	168	168000.000
2894	170	170000.000
2895	169	169000.000
2896	189	189000.000
2897	182	182000.000
2898	174	174000.000
2899	151	151000.000
2900	158	158000.000
2901	184	184000.000
2902	166	166000.000
2903	186	186000.000
2904	184	184000.000
2905	162	162000.000
2906	194	194000.000
2907	175	175000.000
2908	185	185000.000
2909	186	186000.000
2910	178	178000.000
2911	162	162000.000
2912	175	175000.000
2913	168	168000.000
2914	198	198000.000
2915	178	178000.000
2916	159	159000.000
2917	168	168000.000
2918	170	170000.000
2919	166	166000.000
2920	151	151000.000
2921	170	170000.000
2922	159	159000.000
2923	153	153000.000
2924	193	193000.000
2925	181	181000.000
2926	177	177000.000
2927	159	159000.000
2928	194	194000.000
2929	164	164000.000
2930	165	165000.000
2931	151	151000.000
2932	172	172000.000
2933	172	172000.000
2934	168	168000.000
2935	176	176000.000
2936	162	162000.000
2937	163	163000.000
2938	174	174000.000
2939	182	182000.000
2940	169	169000.000
2941	173	173000.000
2942	168	168000.000
2943	161	161000.000
2944	178	178000.000
2945	157	157000.000
2946	172	172000.000
2947	173	173000.000
2948	183	183000.000
2949	178	178000.000
2950	176	176000.000
2951	176	176000.000
2952	167	167000.000
2953	170	170000.000
2954	176	176000.000
2955	193	193000.000
2956	188	188000.000
2957	188	188000.000
2958	191	191000.000
2959	196	196000.000
2960	176	176000.000
2961	183	183000.000
2962	178	178000.000
2963	196	196000.000
2964	180	180000.000
2965	154	154000.000
2966	158	158000.000
2967	143	143000.000
2968	172	172000.000
2969	175	175000.000
2970	177	177000.000
2971	173	173000.000
2972	166	166000.000
2973	175	175000.000
2974	175	175000.000
2975	192	192000.000
2976	159	159000.000
2977	192	192000.000
2978	166	166000.000
2979	172	172000.000
2980	174	174000.000
2981	168	168000.000
2982	186	186000.000
2983	150	150000.000
2984	161	161000.000
2985	197	197000.000
2986	156	156000.000
2987	159	159000.000
2988	180	180000.000
2989	199	199000.000
2990	176	176000.000
2991	175	175000.000
2992	189	189000.000
2993	179	179000.000
2994	182	182000.000
2995	176	176000.000
2996	166	166000.000
2997	177	177000.000
2998	185	185000.000
2999	155	155000.000
3000	172	172000.000
3001	179	179000.000
3002	156	156000.000
3003	157	157000.000
3004	181	181000.000
3005	162	162000.000
3006	194	194000.000
3007	197	197000.000
3008	177	177000.000
3009	183	183000.000
3010	182	182000.000
3011	141	141000.000
3012	190	190000.000
3013	177	177000.000
3014	181	181000.000
3015	173	173000.000
3016	186	186000.000
3017	168	168000.000
3018	179	179000.000
3019	182	182000.000
3020	188	188000.000
3021	207	207000.000
3022	191	191000.000
3023	167	167000.000
3024	164	164000.000
3025	175	175000.000
3026	160	160000.000
3027	162	162000.000
3028	175	175000.000
3029	175	175000.000
3030	181	181000.000
3031	162	162000.000
3032	167	167000.000
3033	180	180000.000
3034	165	165000.000
3035	143	143000.000
3036	179	179000.000
3037	178	178000.000
3038	189	189000.000
3039	169	169000.000
3040	184	184000.000
3041	181	181000.000
3042	167	167000.000
3043	171	171000.000
3044	170	170000.000
3045	168	168000.000
3046	185	185000.000
3047	196	196000.000
3048	157	157000.000
3049	172	172000.000
3050	162	162000.000
3051	180	180000.000
3052	181	181000.000
3053	185	185000.000
3054	185	185000.000
3055	190	190000.000
3056	157	157000.000
3057	166	166000.000
3058	193	193000.000
3059	181	181000.000
3060	189	189000.000
3061	163	163000.000
3062	158	158000.000
3063	184	184000.000
3064	177	177000.000
3065	172	172000.000
3066	216	216000.000
3067	182	182000.000
3068	175	175000.000
3069	168	168000.000
3070	178	178000.000
3071	152	152000.000
3072	178	178000.000
3073	181	181000.000
3074	176	176000.000
3075	195	195000.000
3076	170	170000.000
3077	195	195000.000
3078	166	166000.000
3079	172	172000.000
3080	193	193000.000
3081	175	175000.000
3082	198	198000.000
3083	158	158000.000
3084	178	178000.000
3085	180	180000.000
3086	187	187000.000
3087	175	175000.000
3088	162	162000.000
3089	188	188000.000
3090	161	161000.000
3091	164	164000.000
3092	169	169000.000
3093	184	184000.000
3094	150	150000.000
3095	155	155000.000
3096	170	170000.000
3097	190	190000.000
3098	167	167000.000
3099	173	173000.000
3100	189	189000.000
3101	173	173000.000
3102	174	174000.000
3103	160	160000.000
3104	193	193000.000
3105	162	162000.000
3106	161	161000.000
3107	180	180000.000
3108	177	177000.000
3109	185	185000.000
3110	208	208000.000
3111	183	183000.000
3112	179	179000.000
3113	192	192000.000
3114	171	171000.000
3115	166	166000.000
3116	189	189000.000
3117	180	180000.000
3118	173	173000.000
3119	171	171000.000
3120	189	189000.000
3121	184	184000.000
3122	164	164000.000
3123	148	148000.000
3124	187	187000.000
3125	154	154000.000
3126	162	162000.000
3127	190	190000.000
3128	202	202000.000
3129	178	178000.000
3130	176	176000.000
3131	177	177000.000
3132	195	195000.000
3133	188	188000.000
3134	173	173000.000
3135	179	179000.000
3136	180	180000.000
3137	161	161000.000
3138	168	168000.000
3139	192	192000.000
3140	172	172000.000
3141	188	188000.000
3142	169	169000.000
3143	170	170000.000
3144	171	171000.000
3145	187	187000.000
3146	153	153000.000
3147	150	150000.000
3148	173	173000.000
3149	186	186000.000
3150	193	193000.000
3151	171	171000.000
3152	172	172000.000
3153	168	168000.000
3154	183	183000.000
3155	179	179000.000
3156	161	161000.000
3157	156	156000.000
3158	167	167000.000
3159	175	175000.000
3160	170	170000.000
3161	185	185000.000
3162	188	188000.000
3163	190	190000.000
3164	202	202000.000
3165	176	176000.000
3166	181	181000.000
3167	185	185000.000
3168	179	179000.000
3169	199	199000.000
3170	186	186000.000
3171	183	183000.000
3172	163	163000.000
3173	174	174000.000
3174	185	185000.000
3175	180	180000.000
3176	160	160000.000
3177	175	175000.000
3178	176	176000.000
3179	188	188000.000
3180	176	176000.000
3181	172	172000.000
3182	178	178000.000
3183	169	169000.000
3184	159	159000.000
3185	163	163000.000
3186	187	187000.000
3187	153	153000.000
3188	173	173000.000
3189	179	179000.000
3190	156	156000.000
3191	171	171000.000
3192	183	183000.000
3193	176	176000.000
3194	171	171000.000
3195	174	174000.000
3196	190	190000.000
3197	167	167000.000
3198	203	203000.000
3199	194	194000.000
3200	179	179000.000
3201	167	167000.000
3202	150	150000.000
3203	173	173000.000
3204	173	173000.000
3205	190	190000.000
3206	186	186000.000
3207	199	199000.000
3208	177	177000.000
3209	180	180000.000
3210	172	172000.000
3211	164	164000.000
3212	174	174000.000
3213	186	186000.000
3214	169	169000.000
3215	180	180000.000
3216	166	166000.000
3217	190	190000.000
3218	156	156000.000
3219	183	183000.000
3220	182	182000.000
3221	195	195000.000
3222	161	161000.000
3223	171	171000.000
3224	196	196000.000
3225	181	181000.000
3226	166	166000.000
3227	156	156000.000
3228	169	169000.000
3229	176	176000.000
3230	175	175000.000
3231	174	174000.000
3232	166	166000.000
3233	174	174000.000
3234	167	167000.000
3235	171	171000.000
3236	174	174000.000
3237	179	179000.000
3238	169	169000.000
3239	185	185000.000
3240	168	168000.000
3241	193	193000.000
3242	164	164000.000
3243	183	183000.000
3244	177	177000.000
3245	182	182000.000
3246	181	181000.000
3247	174	174000.000
3248	184	184000.000
3249	150	150000.000
3250	174	174000.000
3251	170	170000.000
3252	147	147000.000
3253	192	192000.000
3254	183	183000.000
3255	152	152000.000
3256	171	171000.000
3257	146	146000.000
3258	164	164000.000
3259	152	152000.000
3260	168	168000.000
3261	183	183000.000
3262	193	193000.000
3263	162	162000.000
3264	175	175000.000
3265	166	166000.000
3266	181	181000.000
3267	167	167000.000
3268	180	180000.000
3269	153	153000.000
3270	167	167000.000
3271	182	182000.000
3272	187	187000.000
3273	181	181000.000
3274	170	170000.000
3275	179	179000.000
3276	196	196000.000
3277	169	169000.000
3278	204	204000.000
3279	185	185000.000
3280	169	169000.000
3281	173	173000.000
3282	166	166000.000
3283	187	187000.000
3284	174	174000.000
3285	175	175000.000
3286	158	158000.000
3287	186	186000.000
3288	198	198000.000
3289	164	164000.000
3290	163	163000.000
3291	178	178000.000
3292	190	190000.000
3293	157	157000.000
3294	165	165000.000
3295	147	147000.000
3296	162	162000.000
3297	195	195000.000
3298	187	187000.000
3299	187	187000.000
3300	137	137000.000
3301	181	181000.000
3302	177	177000.000
3303	177	177000.000
3304	196	196000.000
3305	174	174000.000
3306	188	188000.000
3307	181	181000.000
3308	197	197000.000
3309	168	168000.000
3310	171	171000.000
3311	189	189000.000
3312	179	179000.000
3313	157	157000.000
3314	169	169000.000
3315	204	204000.000
3316	192	192000.000
3317	183	183000.000
3318	170	170000.000
3319	191	191000.000
3320	172	172000.000
3321	166	166000.000
3322	185	185000.000
3323	155	155000.000
3324	189	189000.000
3325	179	179000.000
3326	148	148000.000
3327	169	169000.000
3328	178	178000.000
3329	183	183000.000
3330	196	196000.000
3331	194	194000.000
3332	188	188000.000
3333	160	160000.000
3334	164	164000.000
3335	151	151000.000
3336	177	177000.000
3337	200	200000.000
3338	189	189000.000
3339	179	179000.000
3340	180	180000.000
3341	172	172000.000
3342	160	160000.000
3343	193	193000.000
3344	190	190000.000
3345	181	181000.000
3346	179	179000.000
3347	178	178000.000
3348	176	176000.000
3349	185	185000.000
3350	190	190000.000
3351	180	180000.000
3352	177	177000.000
3353	161	161000.000
3354	204	204000.000
3355	174	174000.000
3356	174	174000.000
3357	192	192000.000
3358	199	199000.000
3359	171	171000.000
3360	193	193000.000
3361	180	180000.000
3362	176	176000.000
3363	172	172000.000
3364	171	171000.000
3365	168	168000.000
3366	167	167000.000
3367	179	179000.000
3368	182	182000.000
3369	177	177000.000
3370	163	163000.000
3371	178	178000.000
3372	194	194000.000
3373	183	183000.000
3374	153	153000.000
3375	165	165000.000
3376	181	181000.000
3377	178	178000.000
3378	181	181000.000
3379	206	206000.000
3380	184	184000.000
3381	174	174000.000
3382	181	181000.000
3383	167	167000.000
3384	173	173000.000
3385	163	163000.000
3386	169	169000.000
3387	150	150000.000
3388	163	163000.000
3389	186	186000.000
3390	195	195000.000
3391	181	181000.000
3392	177	177000.000
3393	189	189000.000
3394	179	179000.000
3395	165	165000.000
3396	192	192000.000
3397	158	158000.000
3398	154	154000.000
3399	174	174000.000
3400	186	186000.000
3401	194	194000.000
3402	173	173000.000
3403	158	158000.000
3404	188	188000.000
3405	190	190000.000
3406	178	178000.000
3407	196	196000.000
3408	176	176000.000
3409	178	178000.000
3410	171	171000.000
3411	186	186000.000
3412	196	196000.000
3413	173	173000.000
3414	157	157000.000
3415	178	178000.000
3416	192	192000.000
3417	163	163000.000
3418	165	165000.000
3419	159	159000.000
3420	179	179000.000
3421	176	176000.000
3422	161	161000.000
3423	159	159000.000
3424	160	160000.000
3425	183	183000.000
3426	184	184000.000
3427	171	171000.000
3428	161	161000.000
3429	203	203000.000
3430	179	179000.000
3431	162	162000.000
3432	189	189000.000
3433	174	174000.000
3434	170	170000.000
3435	199	199000.000
3436	167	167000.000
3437	186	186000.000
3438	180	180000.000
3439	171	171000.000
3440	168	168000.000
3441	192	192000.000
3442	152	152000.000
3443	192	192000.000
3444	180	180000.000
3445	164	164000.000
3446	161	161000.000
3447	176	176000.000
3448	161	161000.000
3449	165	165000.000
3450	165	165000.000
3451	183	183000.000
3452	155	155000.000
3453	183	183000.000
3454	179	179000.000
3455	182	182000.000
3456	153	153000.000
3457	174	174000.000
3458	168	168000.000
3459	180	180000.000
3460	159	159000.000
3461	167	167000.000
3462	171	171000.000
3463	165	165000.000
3464	190	190000.000
3465	175	175000.000
3466	189	189000.000
3467	175	175000.000
3468	170	170000.000
3469	174	174000.000
3470	156	156000.000
3471	167	167000.000
3472	185	185000.000
3473	148	148000.000
3474	180	180000.000
3475	159	159000.000
3476	184	184000.000
3477	183	183000.000
3478	169	169000.000
3479	167	167000.000
3480	204	204000.000
3481	190	190000.000
3482	203	203000.000
3483	179	179000.000
3484	183	183000.000
3485	158	158000.000
3486	174	174000.000
3487	183	183000.000
3488	187	187000.000
3489	186	186000.000
3490	165	165000.000
3491	167	167000.000
3492	169	169000.000
3493	188	188000.000
3494	161	161000.000
3495	184	184000.000
3496	158	158000.000
3497	172	172000.000
3498	190	190000.000
3499	187	187000.000
3500	211	211000.000
3501	191	191000.000
3502	206	206000.000
3503	173	173000.000
3504	190	190000.000
3505	177	177000.000
3506	187	187000.000
3507	176	176000.000
3508	163	163000.000
3509	165	165000.000
3510	195	195000.000
3511	162	162000.000
3512	183	183000.000
3513	165	165000.000
3514	198	198000.000
3515	178	178000.000
3516	191	191000.000
3517	162	162000.000
3518	167	167000.000
3519	157	157000.000
3520	180	180000.000
3521	172	172000.000
3522	167	167000.000
3523	161	161000.000
3524	191	191000.000
3525	178	178000.000
3526	176	176000.000
3527	163	163000.000
3528	179	179000.000
3529	191	191000.000
3530	176	176000.000
3531	178	178000.000
3532	176	176000.000
3533	180	180000.000
3534	176	176000.000
3535	180	180000.000
3536	167	167000.000
3537	145	145000.000
3538	185	185000.000
3539	163	163000.000
3540	190	190000.000
3541	149	149000.000
3542	145	145000.000
3543	191	191000.000
3544	188	188000.000
3545	165	165000.000
3546	184	184000.000
3547	178	178000.000
3548	163	163000.000
3549	181	181000.000
3550	152	152000.000
3551	174	174000.000
3552	147	147000.000
3553	180	180000.000
3554	188	188000.000
3555	145	145000.000
3556	206	206000.000
3557	177	177000.000
3558	180	180000.000
3559	169	169000.000
3560	166	166000.000
3561	182	182000.000
3562	168	168000.000
3563	187	187000.000
3564	174	174000.000
3565	171	171000.000
3566	189	189000.000
3567	162	162000.000
3568	171	171000.000
3569	181	181000.000
3570	180	180000.000
3571	190	190000.000
3572	173	173000.000
3573	169	169000.000
3574	174	174000.000
3575	181	181000.000
3576	183	183000.000
3577	180	180000.000
3578	192	192000.000
3579	189	189000.000
3580	165	165000.000
3581	176	176000.000
3582	143	143000.000
3583	161	161000.000
3584	171	171000.000
3585	170	170000.000
3586	201	201000.000
3587	161	161000.000
3588	156	156000.000
3589	198	198000.000
3590	181	181000.000
3591	175	175000.000
3592	190	190000.000
3593	173	173000.000
3594	169	169000.000
3595	188	188000.000
3596	193	193000.000
3597	153	153000.000
3598	177	177000.000
3599	168	168000.000
3600	160	160000.000
3601	151	151000.000
3602	209	209000.000
3603	171	171000.000
3604	173	173000.000
3605	172	172000.000
3606	170	170000.000
3607	214	214000.000
3608	204	204000.000
3609	162	162000.000
3610	195	195000.000
3611	186	186000.000
3612	182	182000.000
3613	177	177000.000
3614	155	155000.000
3615	169	169000.000
3616	161	161000.000
3617	174	174000.000
3618	162	162000.000
3619	178	178000.000
3620	181	181000.000
3621	179	179000.000
3622	174	174000.000
3623	196	196000.000
3624	160	160000.000
3625	195	195000.000
3626	176	176000.000
3627	197	197000.000
3628	195	195000.000
3629	162	162000.000
3630	183	183000.000
3631	167	167000.000
3632	162	162000.000
3633	174	174000.000
3634	160	160000.000
3635	194	194000.000
3636	176	176000.000
3637	202	202000.000
3638	186	186000.000
3639	192	192000.000
3640	182	182000.000
3641	169	169000.000
3642	182	182000.000
3643	161	161000.000
3644	161	161000.000
3645	155	155000.000
3646	195	195000.000
3647	167	167000.000
3648	191	191000.000
3649	179	179000.000
3650	182	182000.000
3651	175	175000.000
3652	167	167000.000
3653	173	173000.000
3654	163	163000.000
3655	166	166000.000
3656	187	187000.000
3657	191	191000.000
3658	178	178000.000
3659	155	155000.000
3660	166	166000.000
3661	185	185000.000
3662	165	165000.000
3663	170	170000.000
3664	180	180000.000
3665	163	163000.000
3666	195	195000.000
3667	178	178000.000
3668	173	173000.000
3669	206	206000.000
3670	165	165000.000
3671	182	182000.000
3672	161	161000.000
3673	134	134000.000
3674	164	164000.000
3675	196	196000.000
3676	178	178000.000
3677	163	163000.000
3678	185	185000.000
3679	183	183000.000
3680	171	171000.000
3681	171	171000.000
3682	183	183000.000
3683	174	174000.000
3684	179	179000.000
3685	178	178000.000
3686	166	166000.000
3687	174	174000.000
3688	166	166000.000
3689	162	162000.000
3690	183	183000.000
3691	186	186000.000
3692	184	184000.000
3693	177	177000.000
3694	178	178000.000
3695	169	169000.000
3696	184	184000.000
3697	170	170000.000
3698	201	201000.000
3699	184	184000.000
3700	155	155000.000
3701	173	173000.000
3702	204	204000.000
3703	193	193000.000
3704	192	192000.000
3705	172	172000.000
3706	162	162000.000
3707	186	186000.000
3708	185	185000.000
3709	171	171000.000
3710	188	188000.000
3711	157	157000.000
3712	174	174000.000
3713	167	167000.000
3714	167	167000.000
3715	155	155000.000
3716	174	174000.000
3717	185	185000.000
3718	174	174000.000
3719	178	178000.000
3720	163	163000.000
3721	171	171000.000
3722	190	190000.000
3723	175	175000.000
3724	179	179000.000
3725	198	198000.000
3726	170	170000.000
3727	174	174000.000
3728	170	170000.000
3729	169	169000.000
3730	164	164000.000
3731	159	159000.000
3732	180	180000.000
3733	188	188000.000
3734	174	174000.000
3735	163	163000.000
3736	189	189000.000
3737	159	159000.000
3738	176	176000.000
3739	172	172000.000
3740	196	196000.000
3741	172	172000.000
3742	176	176000.000
3743	173	173000.000
3744	163	163000.000
3745	179	179000.000
3746	182	182000.000
3747	186	186000.000
3748	173	173000.000
3749	180	180000.000
3750	186	186000.000
3751	168	168000.000
3752	170	170000.000
3753	169	169000.000
3754	164	164000.000
3755	156	156000.000
3756	165	165000.000
3757	163	163000.000
3758	168	168000.000
3759	184	184000.000
3760	178	178000.000
3761	150	150000.000
3762	178	178000.000
3763	181	181000.000
3764	194	194000.000
3765	198	198000.000
3766	192	192000.000
3767	153	153000.000
3768	181	181000.000
3769	202	202000.000
3770	199	199000.000
3771	171	171000.000
3772	174	174000.000
3773	142	142000.000
3774	182	182000.000
3775	200	200000.000
3776	175	175000.000
3777	150	150000.000
3778	174	174000.000
3779	189	189000.000
3780	175	175000.000
3781	179	179000.000
3782	200	200000.000
3783	176	176000.000
3784	184	184000.000
3785	185	185000.000
3786	165	165000.000
3787	157	157000.000
3788	158	158000.000
3789	156	156000.000
3790	173	173000.000
3791	178	178000.000
3792	212	212000.000
3793	179	179000.000
3794	184	184000.000
3795	198	198000.000
3796	162	162000.000
3797	183	183000.000
3798	164	164000.000
3799	170	170000.000
3800	172	172000.000
3801	205	205000.000
3802	170	170000.000
3803	164	164000.000
3804	168	168000.000
3805	191	191000.000
3806	175	175000.000
3807	164	164000.000
3808	181	181000.000
3809	196	196000.000
3810	164	164000.000
3811	197	197000.000
3812	167	167000.000
3813	178	178000.000
3814	166	166000.000
3815	183	183000.000
3816	193	193000.000
3817	162	162000.000
3818	178	178000.000
3819	179	179000.000
3820	163	163000.000
3821	172	172000.000
3822	187	187000.000
3823	188	188000.000
3824	150	150000.000
3825	156	156000.000
3826	170	170000.000
3827	176	176000.000
3828	172	172000.000
3829	147	147000.000
3830	163	163000.000
3831	156	156000.000
3832	158	158000.000
3833	202	202000.000
3834	176	176000.000
3835	164	164000.000
3836	177	177000.000
3837	158	158000.000
3838	177	177000.000
3839	176	176000.000
3840	182	182000.000
3841	181	181000.000
3842	183	183000.000
3843	181	181000.000
3844	191	191000.000
3845	180	180000.000
3846	185	185000.000
3847	166	166000.000
3848	175	175000.000
3849	165	165000.000
3850	144	144000.000
3851	165	165000.000
3852	169	169000.000
3853	175	175000.000
3854	165	165000.000
3855	175	175000.000
3856	175	175000.000
3857	166	166000.000
3858	185	185000.000
3859	156	156000.000
3860	137	137000.000
3861	194	194000.000
3862	191	191000.000
3863	155	155000.000
3864	161	161000.000
3865	199	199000.000
3866	176	176000.000
3867	176	176000.000
3868	197	197000.000
3869	168	168000.000
3870	163	163000.000
3871	175	175000.000
3872	168	168000.000
3873	189	189000.000
3874	183	183000.000
3875	184	184000.000
3876	168	168000.000
3877	172	172000.000
3878	160	160000.000
3879	170	170000.000
3880	190	190000.000
3881	206	206000.000
3882	176	176000.000
3883	159	159000.000
3884	185	185000.000
3885	198	198000.000
3886	169	169000.000
3887	189	189000.000
3888	175	175000.000
3889	183	183000.000
3890	200	200000.000
3891	158	158000.000
3892	186	186000.000
3893	183	183000.000
3894	187	187000.000
3895	166	166000.000
3896	178	178000.000
3897	168	168000.000
3898	168	168000.000
3899	175	175000.000
3900	149	149000.000
3901	149	149000.000
3902	182	182000.000
3903	166	166000.000
3904	160	160000.000
3905	186	186000.000
3906	187	187000.000
3907	188	188000.000
3908	167	167000.000
3909	158	158000.000
3910	144	144000.000
3911	173	173000.000
3912	168	168000.000
3913	169	169000.000
3914	167	167000.000
3915	140	140000.000
3916	153	153000.000
3917	175	175000.000
3918	187	187000.000
3919	172	172000.000
3920	189	189000.000
3921	156	156000.000
3922	178	178000.000
3923	174	174000.000
3924	156	156000.000
3925	184	184000.000
3926	162	162000.000
3927	185	185000.000
3928	147	147000.000
3929	186	186000.000
3930	159	159000.000
3931	164	164000.000
3932	187	187000.000
3933	162	162000.000
3934	184	184000.000
3935	175	175000.000
3936	160	160000.000
3937	167	167000.000
3938	201	201000.000
3939	174	174000.000
3940	171	171000.000
3941	167	167000.000
3942	187	187000.000
3943	145	145000.000
3944	191	191000.000
3945	195	195000.000
3946	182	182000.000
3947	152	152000.000
3948	156	156000.000
3949	179	179000.000
3950	145	145000.000
3951	162	162000.000
3952	185	185000.000
3953	157	157000.000
3954	177	177000.000
3955	157	157000.000
3956	172	172000.000
3957	179	179000.000
3958	204	204000.000
3959	148	148000.000
3960	171	171000.000
3961	166	166000.000
3962	206	206000.000
3963	163	163000.000
3964	193	193000.000
3965	165	165000.000
3966	165	165000.000
3967	156	156000.000
3968	197	197000.000
3969	179	179000.000
3970	167	167000.000
3971	209	209000.000
3972	179	179000.000
3973	180	180000.000
3974	173	173000.000
3975	166	166000.000
3976	149	149000.000
3977	182	182000.000
3978	174	174000.000
3979	191	191000.000
3980	175	175000.000
3981	186	186000.000
3982	171	171000.000
3983	186	186000.000
3984	213	213000.000
3985	144	144000.000
3986	170	170000.000
3987	154	154000.000
3988	164	164000.000
3989	169	169000.000
3990	154	154000.000
3991	165	165000.000
3992	172	172000.000
3993	161	161000.000
3994	187	187000.000
3995	169	169000.000
3996	175	175000.000
3997	181	181000.000
3998	185	185000.000
3999	167	167000.000
4000	173	173000.000
4001	172	172000.000
4002	168	168000.000
4003	155	155000.000
4004	160	160000.000
4005	178	178000.000
4006	173	173000.000
4007	180	180000.000
4008	189	189000.000
4009	179	179000.000
4010	170	170000.000
4011	173	173000.000
4012	149	149000.000
4013	177	177000.000
4014	177	177000.000
4015	183	183000.000
4016	163	163000.000
4017	183	183000.000
4018	190	190000.000
4019	167	167000.000
4020	176	176000.000
4021	161	161000.000
4022	161	161000.000
4023	166	166000.000
4024	168	168000.000
4025	167	167000.000
4026	168	168000.000
4027	184	184000.000
4028	170	170000.000
4029	171	171000.000
4030	184	184000.000
4031	172	172000.000
4032	193	193000.000
4033	162	162000.000
4034	187	187000.000
4035	176	176000.000
4036	169	169000.000
4037	165	165000.000
4038	168	168000.000
4039	162	162000.000
4040	184	184000.000
4041	186	186000.000
4042	172	172000.000
4043	187	187000.000
4044	169	169000.000
4045	179	179000.000
4046	171	171000.000
4047	184	184000.000
4048	185	185000.000
4049	182	182000.000
4050	184	184000.000
4051	166	166000.000
4052	182	182000.000
4053	166	166000.000
4054	154	154000.000
4055	183	183000.000
4056	161	161000.000
4057	177	177000.000
4058	174	174000.000
4059	167	167000.000
4060	168	168000.000
4061	170	170000.000
4062	176	176000.000
4063	187	187000.000
4064	163	163000.000
4065	158	158000.000
4066	154	154000.000
4067	184	184000.000
4068	182	182000.000
4069	172	172000.000
4070	173	173000.000
4071	167	167000.000
4072	201	201000.000
4073	159	159000.000
4074	197	197000.000
4075	186	186000.000
4076	171	171000.000
4077	180	180000.000
4078	178	178000.000
4079	187	187000.000
4080	163	163000.000
4081	184	184000.000
4082	171	171000.000
4083	157	157000.000
4084	173	173000.000
4085	194	194000.000
4086	176	176000.000
4087	160	160000.000
4088	181	181000.000
4089	147	147000.000
4090	181	181000.000
4091	162	162000.000
4092	180	180000.000
4093	154	154000.000
4094	170	170000.000
4095	186	186000.000
4096	153	153000.000
4097	152	152000.000
4098	170	170000.000
4099	184	184000.000
4100	178	178000.000
4101	188	188000.000
4102	187	187000.000
4103	177	177000.000
4104	181	181000.000
4105	175	175000.000
4106	160	160000.000
4107	195	195000.000
4108	182	182000.000
4109	181	181000.000
4110	172	172000.000
4111	182	182000.000
4112	157	157000.000
4113	164	164000.000
4114	180	180000.000
4115	167	167000.000
4116	193	193000.000
4117	180	180000.000
4118	152	152000.000
4119	160	160000.000
4120	179	179000.000
4121	152	152000.000
4122	161	161000.000
4123	199	199000.000
4124	191	191000.000
4125	210	210000.000
4126	148	148000.000
4127	174	174000.000
4128	172	172000.000
4129	181	181000.000
4130	180	180000.000
4131	153	153000.000
4132	186	186000.000
4133	186	186000.000
4134	151	151000.000
4135	167	167000.000
4136	182	182000.000
4137	177	177000.000
4138	189	189000.000
4139	152	152000.000
4140	186	186000.000
4141	162	162000.000
4142	192	192000.000
4143	178	178000.000
4144	175	175000.000
4145	166	166000.000
4146	200	200000.000
4147	162	162000.000
4148	148	148000.000
4149	167	167000.000
4150	178	178000.000
4151	184	184000.000
4152	185	185000.000
4153	191	191000.000
4154	168	168000.000
4155	186	186000.000
4156	171	171000.000
4157	169	169000.000
4158	158	158000.000
4159	201	201000.000
4160	181	181000.000
4161	171	171000.000
4162	181	181000.000
4163	178	178000.000
4164	168	168000.000
4165	186	186000.000
4166	167	167000.000
4167	156	156000.000
4168	189	189000.000
4169	186	186000.000
4170	184	184000.000
4171	170	170000.000
4172	175	175000.000
4173	182	182000.000
4174	148	148000.000
4175	151	151000.000
4176	192	192000.000
4177	181	181000.000
4178	177	177000.000
4179	171	171000.000
4180	178	178000.000
4181	173	173000.000
4182	200	200000.000
4183	167	167000.000
4184	185	185000.000
4185	172	172000.000
4186	197	197000.000
4187	160	160000.000
4188	157	157000.000
4189	190	190000.000
4190	164	164000.000
4191	200	200000.000
4192	179	179000.000
4193	178	178000.000
4194	185	185000.000
4195	163	163000.000
4196	163	163000.000
4197	158	158000.000
4198	173	173000.000
4199	174	174000.000
4200	171	171000.000
4201	177	177000.000
4202	174	174000.000
4203	171	171000.000
4204	180	180000.000
4205	159	159000.000
4206	181	181000.000
4207	183	183000.000
4208	160	160000.000
4209	139	139000.000
4210	185	185000.000
4211	147	147000.000
4212	154	154000.000
4213	182	182000.000
4214	147	147000.000
4215	183	183000.000
4216	171	171000.000
4217	173	173000.000
4218	161	161000.000
4219	184	184000.000
4220	189	189000.000
4221	168	168000.000
4222	154	154000.000
4223	159	159000.000
4224	165	165000.000
4225	182	182000.000
4226	166	166000.000
4227	172	172000.000
4228	159	159000.000
4229	176	176000.000
4230	183	183000.000
4231	165	165000.000
4232	175	175000.000
4233	174	174000.000
4234	161	161000.000
4235	174	174000.000
4236	174	174000.000
4237	174	174000.000
4238	190	190000.000
4239	178	178000.000
4240	155	155000.000
4241	189	189000.000
4242	163	163000.000
4243	185	185000.000
4244	153	153000.000
4245	178	178000.000
4246	181	181000.000
4247	182	182000.000
4248	181	181000.000
4249	171	171000.000
4250	163	163000.000
4251	166	166000.000
4252	198	198000.000
4253	166	166000.000
4254	190	190000.000
4255	185	185000.000
4256	170	170000.000
4257	198	198000.000
4258	187	187000.000
4259	191	191000.000
4260	177	177000.000
4261	154	154000.000
4262	166	166000.000
4263	196	196000.000
4264	163	163000.000
4265	165	165000.000
4266	168	168000.000
4267	175	175000.000
4268	163	163000.000
4269	191	191000.000
4270	194	194000.000
4271	169	169000.000
4272	184	184000.000
4273	182	182000.000
4274	173	173000.000
4275	171	171000.000
4276	186	186000.000
4277	178	178000.000
4278	144	144000.000
4279	188	188000.000
4280	180	180000.000
4281	172	172000.000
4282	169	169000.000
4283	181	181000.000
4284	178	178000.000
4285	160	160000.000
4286	167	167000.000
4287	191	191000.000
4288	161	161000.000
4289	198	198000.000
4290	162	162000.000
4291	166	166000.000
4292	166	166000.000
4293	151	151000.000
4294	169	169000.000
4295	142	142000.000
4296	161	161000.000
4297	174	174000.000
4298	166	166000.000
4299	169	169000.000
4300	139	139000.000
4301	205	205000.000
4302	168	168000.000
4303	182	182000.000
4304	158	158000.000
4305	147	147000.000
4306	173	173000.000
4307	193	193000.000
4308	160	160000.000
4309	181	181000.000
4310	142	142000.000
4311	172	172000.000
4312	173	173000.000
4313	178	178000.000
4314	174	174000.000
4315	180	180000.000
4316	161	161000.000
4317	197	197000.000
4318	152	152000.000
4319	187	187000.000
4320	147	147000.000
4321	166	166000.000
4322	187	187000.000
4323	186	186000.000
4324	179	179000.000
4325	210	210000.000
4326	179	179000.000
4327	201	201000.000
4328	192	192000.000
4329	170	170000.000
4330	178	178000.000
4331	183	183000.000
4332	191	191000.000
4333	171	171000.000
4334	173	173000.000
4335	189	189000.000
4336	177	177000.000
4337	192	192000.000
4338	187	187000.000
4339	183	183000.000
4340	177	177000.000
4341	186	186000.000
4342	171	171000.000
4343	187	187000.000
4344	181	181000.000
4345	181	181000.000
4346	143	143000.000
4347	166	166000.000
4348	150	150000.000
4349	218	218000.000
4350	158	158000.000
4351	168	168000.000
4352	153	153000.000
4353	173	173000.000
4354	161	161000.000
4355	175	175000.000
4356	183	183000.000
4357	184	184000.000
4358	169	169000.000
4359	182	182000.000
4360	181	181000.000
4361	192	192000.000
4362	190	190000.000
4363	170	170000.000
4364	178	178000.000
4365	147	147000.000
4366	185	185000.000
4367	158	158000.000
4368	168	168000.000
4369	173	173000.000
4370	183	183000.000
4371	180	180000.000
4372	184	184000.000
4373	170	170000.000
4374	179	179000.000
4375	179	179000.000
4376	169	169000.000
4377	194	194000.000
4378	164	164000.000
4379	190	190000.000
4380	189	189000.000
4381	165	165000.000
4382	180	180000.000
4383	156	156000.000
4384	186	186000.000
4385	180	180000.000
4386	153	153000.000
4387	179	179000.000
4388	184	184000.000
4389	151	151000.000
4390	168	168000.000
4391	163	163000.000
4392	202	202000.000
4393	158	158000.000
4394	173	173000.000
4395	174	174000.000
4396	190	190000.000
4397	189	189000.000
4398	161	161000.000
4399	181	181000.000
4400	201	201000.000
4401	187	187000.000
4402	161	161000.000
4403	202	202000.000
4404	157	157000.000
4405	163	163000.000
4406	163	163000.000
4407	175	175000.000
4408	209	209000.000
4409	172	172000.000
4410	178	178000.000
4411	178	178000.000
4412	171	171000.000
4413	174	174000.000
4414	178	178000.000
4415	189	189000.000
4416	198	198000.000
4417	206	206000.000
4418	164	164000.000
4419	186	186000.000
4420	159	159000.000
4421	197	197000.000
4422	181	181000.000
4423	169	169000.000
4424	159	159000.000
4425	175	175000.000
4426	158	158000.000
4427	201	201000.000
4428	156	156000.000
4429	191	191000.000
4430	189	189000.000
4431	190	190000.000
4432	189	189000.000
4433	178	178000.000
4434	173	173000.000
4435	167	167000.000
4436	187	187000.000
4437	169	169000.000
4438	175	175000.000
4439	185	185000.000
4440	188	188000.000
4441	169	169000.000
4442	192	192000.000
4443	153	153000.000
4444	173	173000.000
4445	145	145000.000
4446	152	152000.000
4447	190	190000.000
4448	169	169000.000
4449	197	197000.000
4450	182	182000.000
4451	153	153000.000
4452	176	176000.000
4453	168	168000.000
4454	193	193000.000
4455	180	180000.000
4456	163	163000.000
4457	195	195000.000
4458	166	166000.000
4459	177	177000.000
4460	162	162000.000
4461	167	167000.000
4462	184	184000.000
4463	170	170000.000
4464	144	144000.000
4465	170	170000.000
4466	159	159000.000
4467	203	203000.000
4468	166	166000.000
4469	157	157000.000
4470	178	178000.000
4471	183	183000.000
4472	187	187000.000
4473	166	166000.000
4474	191	191000.000
4475	176	176000.000
4476	185	185000.000
4477	179	179000.000
4478	188	188000.000
4479	174	174000.000
4480	157	157000.000
4481	176	176000.000
4482	168	168000.000
4483	166	166000.000
4484	169	169000.000
4485	165	165000.000
4486	172	172000.000
4487	152	152000.000
4488	158	158000.000
4489	198	198000.000
4490	210	210000.000
4491	167	167000.000
4492	176	176000.000
4493	165	165000.000
4494	166	166000.000
4495	155	155000.000
4496	164	164000.000
4497	163	163000.000
4498	162	162000.000
4499	165	165000.000
4500	164	164000.000
4501	185	185000.000
4502	172	172000.000
4503	164	164000.000
4504	191	191000.000
4505	177	177000.000
4506	176	176000.000
4507	169	169000.000
4508	194	194000.000
4509	195	195000.000
4510	156	156000.000
4511	202	202000.000
4512	190	190000.000
4513	167	167000.000
4514	176	176000.000
4515	172	172000.000
4516	158	158000.000
4517	166	166000.000
4518	196	196000.000
4519	185	185000.000
4520	178	178000.000
4521	175	175000.000
4522	181	181000.000
4523	173	173000.000
4524	196	196000.000
4525	168	168000.000
4526	165	165000.000
4527	200	200000.000
4528	192	192000.000
4529	177	177000.000
4530	157	157000.000
4531	175	175000.000
4532	198	198000.000
4533	185	185000.000
4534	189	189000.000
4535	173	173000.000
4536	147	147000.000
4537	155	155000.000
4538	196	196000.000
4539	164	164000.000
4540	178	178000.000
4541	183	183000.000
4542	183	183000.000
4543	180	180000.000
4544	154	154000.000
4545	163	163000.000
4546	182	182000.000
4547	186	186000.000
4548	184	184000.000
4549	193	193000.000
4550	194	194000.000
4551	164	164000.000
4552	184	184000.000
4553	161	161000.000
4554	161	161000.000
4555	172	172000.000
4556	156	156000.000
4557	170	170000.000
4558	158	158000.000
4559	179	179000.000
4560	171	171000.000
4561	159	159000.000
4562	167	167000.000
4563	185	185000.000
4564	178	178000.000
4565	193	193000.000
4566	179	179000.000
4567	178	178000.000
4568	177	177000.000
4569	176	176000.000
4570	181	181000.000
4571	176	176000.000
4572	182	182000.000
4573	154	154000.000
4574	174	174000.000
4575	180	180000.000
4576	177	177000.000
4577	174	174000.000
4578	189	189000.000
4579	184	184000.000
4580	217	217000.000
4581	182	182000.000
4582	173	173000.000
4583	170	170000.000
4584	177	177000.000
4585	162	162000.000
4586	176	176000.000
4587	175	175000.000
4588	168	168000.000
4589	173	173000.000
4590	180	180000.000
4591	164	164000.000
4592	182	182000.000
4593	177	177000.000
4594	175	175000.000
4595	164	164000.000
4596	183	183000.000
4597	179	179000.000
4598	169	169000.000
4599	176	176000.000
4600	175	175000.000
4601	179	179000.000
4602	183	183000.000
4603	193	193000.000
4604	169	169000.000
4605	204	204000.000
4606	176	176000.000
4607	179	179000.000
4608	198	198000.000
4609	182	182000.000
4610	189	189000.000
4611	176	176000.000
4612	193	193000.000
4613	192	192000.000
4614	178	178000.000
4615	173	173000.000
4616	162	162000.000
4617	191	191000.000
4618	165	165000.000
4619	188	188000.000
4620	178	178000.000
4621	182	182000.000
4622	184	184000.000
4623	189	189000.000
4624	196	196000.000
4625	171	171000.000
4626	181	181000.000
4627	186	186000.000
4628	166	166000.000
4629	151	151000.000
4630	167	167000.000
4631	172	172000.000
4632	179	179000.000
4633	155	155000.000
4634	192	192000.000
4635	160	160000.000
4636	168	168000.000
4637	155	155000.000
4638	181	181000.000
4639	164	164000.000
4640	179	179000.000
4641	185	185000.000
4642	163	163000.000
4643	193	193000.000
4644	161	161000.000
4645	168	168000.000
4646	176	176000.000
4647	189	189000.000
4648	175	175000.000
4649	150	150000.000
4650	174	174000.000
4651	188	188000.000
4652	186	186000.000
4653	183	183000.000
4654	186	186000.000
4655	190	190000.000
4656	194	194000.000
4657	184	184000.000
4658	190	190000.000
4659	173	173000.000
4660	179	179000.000
4661	170	170000.000
4662	174	174000.000
4663	171	171000.000
4664	182	182000.000
4665	169	169000.000
4666	196	196000.000
4667	197	197000.000
4668	169	169000.000
4669	178	178000.000
4670	192	192000.000
4671	166	166000.000
4672	151	151000.000
4673	169	169000.000
4674	186	186000.000
4675	205	205000.000
4676	181	181000.000
4677	166	166000.000
4678	204	204000.000
4679	188	188000.000
4680	150	150000.000
4681	154	154000.000
4682	189	189000.000
4683	190	190000.000
4684	165	165000.000
4685	197	197000.000
4686	157	157000.000
4687	163	163000.000
4688	151	151000.000
4689	191	191000.000
4690	175	175000.000
4691	163	163000.000
4692	186	186000.000
4693	171	171000.000
4694	189	189000.000
4695	174	174000.000
4696	192	192000.000
4697	151	151000.000
4698	149	149000.000
4699	171	171000.000
4700	205	205000.000
4701	176	176000.000
4702	183	183000.000
4703	177	177000.000
4704	195	195000.000
4705	178	178000.000
4706	156	156000.000
4707	169	169000.000
4708	147	147000.000
4709	181	181000.000
4710	165	165000.000
4711	170	170000.000
4712	183	183000.000
4713	157	157000.000
4714	182	182000.000
4715	176	176000.000
4716	182	182000.000
4717	173	173000.000
4718	167	167000.000
4719	185	185000.000
4720	177	177000.000
4721	189	189000.000
4722	177	177000.000
4723	194	194000.000
4724	175	175000.000
4725	148	148000.000
4726	158	158000.000
4727	177	177000.000
4728	136	136000.000
4729	154	154000.000
4730	189	189000.000
4731	187	187000.000
4732	184	184000.000
4733	188	188000.000
4734	187	187000.000
4735	192	192000.000
4736	181	181000.000
4737	175	175000.000
4738	182	182000.000
4739	191	191000.000
4740	179	179000.000
4741	166	166000.000
4742	187	187000.000
4743	170	170000.000
4744	162	162000.000
4745	186	186000.000
4746	182	182000.000
4747	167	167000.000
4748	170	170000.000
4749	167	167000.000
4750	190	190000.000
4751	195	195000.000
4752	146	146000.000
4753	178	178000.000
4754	166	166000.000
4755	181	181000.000
4756	167	167000.000
4757	175	175000.000
4758	176	176000.000
4759	144	144000.000
4760	179	179000.000
4761	190	190000.000
4762	158	158000.000
4763	164	164000.000
4764	181	181000.000
4765	172	172000.000
4766	184	184000.000
4767	162	162000.000
4768	175	175000.000
4769	172	172000.000
4770	207	207000.000
4771	191	191000.000
4772	171	171000.000
4773	179	179000.000
4774	185	185000.000
4775	165	165000.000
4776	162	162000.000
4777	172	172000.000
4778	196	196000.000
4779	146	146000.000
4780	187	187000.000
4781	178	178000.000
4782	170	170000.000
4783	164	164000.000
4784	173	173000.000
4785	185	185000.000
4786	149	149000.000
4787	186	186000.000
4788	186	186000.000
4789	141	141000.000
4790	182	182000.000
4791	184	184000.000
4792	160	160000.000
4793	160	160000.000
4794	184	184000.000
4795	171	171000.000
4796	169	169000.000
4797	169	169000.000
4798	180	180000.000
4799	165	165000.000
4800	168	168000.000
4801	173	173000.000
4802	155	155000.000
4803	195	195000.000
4804	174	174000.000
4805	180	180000.000
4806	185	185000.000
4807	189	189000.000
4808	164	164000.000
4809	164	164000.000
4810	161	161000.000
4811	175	175000.000
4812	173	173000.000
4813	161	161000.000
4814	165	165000.000
4815	194	194000.000
4816	180	180000.000
4817	184	184000.000
4818	194	194000.000
4819	158	158000.000
4820	169	169000.000
4821	184	184000.000
4822	158	158000.000
4823	174	174000.000
4824	182	182000.000
4825	156	156000.000
4826	172	172000.000
4827	184	184000.000
4828	177	177000.000
4829	160	160000.000
4830	184	184000.000
4831	196	196000.000
4832	149	149000.000
4833	167	167000.000
4834	167	167000.000
4835	185	185000.000
4836	197	197000.000
4837	172	172000.000
4838	190	190000.000
4839	166	166000.000
4840	159	159000.000
4841	166	166000.000
4842	180	180000.000
4843	164	164000.000
4844	181	181000.000
4845	169	169000.000
4846	178	178000.000
4847	177	177000.000
4848	180	180000.000
4849	192	192000.000
4850	182	182000.000
4851	175	175000.000
4852	178	178000.000
4853	167	167000.000
4854	173	173000.000
4855	167	167000.000
4856	162	162000.000
4857	184	184000.000
4858	155	155000.000
4859	173	173000.000
4860	201	201000.000
4861	181	181000.000
4862	198	198000.000
4863	167	167000.000
4864	196	196000.000
4865	170	170000.000
4866	178	178000.000
4867	205	205000.000
4868	143	143000.000
4869	176	176000.000
4870	176	176000.000
4871	173	173000.000
4872	152	152000.000
4873	157	157000.000
4874	171	171000.000
4875	193	193000.000
4876	190	190000.000
4877	170	170000.000
4878	164	164000.000
4879	185	185000.000
4880	185	185000.000
4881	167	167000.000
4882	166	166000.000
4883	169	169000.000
4884	171	171000.000
4885	181	181000.000
4886	192	192000.000
4887	162	162000.000
4888	191	191000.000
4889	190	190000.000
4890	163	163000.000
4891	155	155000.000
4892	167	167000.000
4893	143	143000.000
4894	169	169000.000
4895	193	193000.000
4896	172	172000.000
4897	185	185000.000
4898	188	188000.000
4899	169	169000.000
4900	166	166000.000
4901	177	177000.000
4902	165	165000.000
4903	187	187000.000
4904	186	186000.000
4905	174	174000.000
4906	180	180000.000
4907	174	174000.000
4908	174	174000.000
4909	177	177000.000
4910	171	171000.000
4911	179	179000.000
4912	166	166000.000
4913	164	164000.000
4914	171	171000.000
4915	177	177000.000
4916	199	199000.000
4917	166	166000.000
4918	164	164000.000
4919	180	180000.000
4920	153	153000.000
4921	187	187000.000
4922	159	159000.000
4923	175	175000.000
4924	190	190000.000
4925	169	169000.000
4926	180	180000.000
4927	168	168000.000
4928	166	166000.000
4929	179	179000.000
4930	184	184000.000
4931	138	138000.000
4932	197	197000.000
4933	192	192000.000
4934	148	148000.000
4935	170	170000.000
4936	172	172000.000
4937	172	172000.000
4938	177	177000.000
4939	168	168000.000
4940	199	199000.000
4941	177	177000.000
4942	173	173000.000
4943	212	212000.000
4944	187	187000.000
4945	188	188000.000
4946	172	172000.000
4947	171	171000.000
4948	190	190000.000
4949	167	167000.000
4950	163	163000.000
4951	188	188000.000
4952	190	190000.000
4953	150	150000.000
4954	175	175000.000
4955	178	178000.000
4956	156	156000.000
4957	173	173000.000
4958	192	192000.000
4959	177	177000.000
4960	170	170000.000
4961	174	174000.000
4962	159	159000.000
4963	176	176000.000
4964	161	161000.000
4965	168	168000.000
4966	157	157000.000
4967	194	194000.000
4968	184	184000.000
4969	192	192000.000
4970	165	165000.000
4971	168	168000.000
4972	182	182000.000
4973	216	216000.000
4974	154	154000.000
4975	158	158000.000
4976	179	179000.000
4977	175	175000.000
4978	164	164000.000
4979	174	174000.000
4980	179	179000.000
4981	202	202000.000
4982	167	167000.000
4983	162	162000.000
4984	175	175000.000
4985	163	163000.000
4986	167	167000.000
4987	171	171000.000
4988	164	164000.000
4989	173	173000.000
4990	168	168000.000
4991	170	170000.000
4992	164	164000.000
4993	178	178000.000
4994	163	163000.000
4995	167	167000.000
4996	197	197000.000
4997	155	155000.000
4998	169	169000.000
4999	139	139000.000
5000	176	176000.000
5001	163	163000.000
5002	194	194000.000
5003	180	180000.000
5004	183	183000.000
5005	178	178000.000
5006	150	150000.000
5007	163	163000.000
5008	174	174000.000
5009	174	174000.000
5010	180	180000.000
5011	205	205000.000
5012	177	177000.000
5013	161	161000.000
5014	159	159000.000
5015	172	172000.000
5016	179	179000.000
5017	152	152000.000
5018	173	173000.000
5019	167	167000.000
5020	174	174000.000
5021	182	182000.000
5022	189	189000.000
5023	158	158000.000
5024	176	176000.000
5025	160	160000.000
5026	166	166000.000
5027	198	198000.000
5028	182	182000.000
5029	168	168000.000
5030	169	169000.000
5031	178	178000.000
5032	202	202000.000
5033	194	194000.000
5034	161	161000.000
5035	167	167000.000
5036	161	161000.000
5037	169	169000.000
5038	143	143000.000
5039	172	172000.000
5040	213	213000.000
5041	182	182000.000
5042	162	162000.000
5043	180	180000.000
5044	176	176000.000
5045	175	175000.000
5046	155	155000.000
5047	158	158000.000
5048	160	160000.000
5049	169	169000.000
5050	177	177000.000
5051	170	170000.000
5052	168	168000.000
5053	171	171000.000
5054	169	169000.000
5055	160	160000.000
5056	180	180000.000
5057	175	175000.000
5058	191	191000.000
5059	164	164000.000
5060	161	161000.000
5061	182	182000.000
5062	181	181000.000
5063	162	162000.000
5064	159	159000.000
5065	192	192000.000
5066	172	172000.000
5067	160	160000.000
5068	166	166000.000
5069	157	157000.000
5070	146	146000.000
5071	178	178000.000
5072	161	161000.000
5073	181	181000.000
5074	165	165000.000
5075	163	163000.000
5076	146	146000.000
5077	147	147000.000
5078	158	158000.000
5079	188	188000.000
5080	181	181000.000
5081	179	179000.000
5082	172	172000.000
5083	170	170000.000
5084	180	180000.000
5085	171	171000.000
5086	165	165000.000
5087	177	177000.000
5088	184	184000.000
5089	185	185000.000
5090	194	194000.000
5091	201	201000.000
5092	179	179000.000
5093	186	186000.000
5094	157	157000.000
5095	168	168000.000
5096	167	167000.000
5097	178	178000.000
5098	173	173000.000
5099	181	181000.000
5100	162	162000.000
5101	166	166000.000
5102	189	189000.000
5103	188	188000.000
5104	170	170000.000
5105	161	161000.000
5106	171	171000.000
5107	168	168000.000
5108	165	165000.000
5109	153	153000.000
5110	201	201000.000
5111	171	171000.000
5112	181	181000.000
5113	178	178000.000
5114	169	169000.000
5115	167	167000.000
5116	192	192000.000
5117	203	203000.000
5118	181	181000.000
5119	184	184000.000
5120	185	185000.000
5121	168	168000.000
5122	188	188000.000
5123	162	162000.000
5124	188	188000.000
5125	153	153000.000
5126	166	166000.000
5127	206	206000.000
5128	199	199000.000
5129	165	165000.000
5130	170	170000.000
5131	176	176000.000
5132	158	158000.000
5133	176	176000.000
5134	176	176000.000
5135	163	163000.000
5136	173	173000.000
5137	180	180000.000
5138	185	185000.000
5139	168	168000.000
5140	180	180000.000
5141	177	177000.000
5142	179	179000.000
5143	198	198000.000
5144	174	174000.000
5145	194	194000.000
5146	176	176000.000
5147	195	195000.000
5148	181	181000.000
5149	183	183000.000
5150	178	178000.000
5151	172	172000.000
5152	154	154000.000
5153	183	183000.000
5154	167	167000.000
5155	183	183000.000
5156	187	187000.000
5157	176	176000.000
5158	153	153000.000
5159	185	185000.000
5160	163	163000.000
5161	171	171000.000
5162	173	173000.000
5163	181	181000.000
5164	156	156000.000
5165	174	174000.000
5166	182	182000.000
5167	180	180000.000
5168	167	167000.000
5169	178	178000.000
5170	163	163000.000
5171	171	171000.000
5172	192	192000.000
5173	184	184000.000
5174	159	159000.000
5175	193	193000.000
5176	170	170000.000
5177	190	190000.000
5178	147	147000.000
5179	151	151000.000
5180	181	181000.000
5181	192	192000.000
5182	179	179000.000
5183	162	162000.000
5184	184	184000.000
5185	155	155000.000
5186	146	146000.000
5187	172	172000.000
5188	169	169000.000
5189	178	178000.000
5190	182	182000.000
5191	172	172000.000
5192	177	177000.000
5193	177	177000.000
5194	179	179000.000
5195	181	181000.000
5196	172	172000.000
5197	178	178000.000
5198	184	184000.000
5199	186	186000.000
5200	163	163000.000
5201	185	185000.000
5202	134	134000.000
5203	155	155000.000
5204	183	183000.000
5205	177	177000.000
5206	175	175000.000
5207	179	179000.000
5208	177	177000.000
5209	196	196000.000
5210	171	171000.000
5211	186	186000.000
5212	194	194000.000
5213	185	185000.000
5214	197	197000.000
5215	154	154000.000
5216	165	165000.000
5217	166	166000.000
5218	190	190000.000
5219	160	160000.000
5220	164	164000.000
5221	197	197000.000
5222	176	176000.000
5223	197	197000.000
5224	165	165000.000
5225	163	163000.000
5226	168	168000.000
5227	157	157000.000
5228	164	164000.000
5229	178	178000.000
5230	185	185000.000
5231	167	167000.000
5232	211	211000.000
5233	166	166000.000
5234	165	165000.000
5235	162	162000.000
5236	165	165000.000
5237	180	180000.000
5238	170	170000.000
5239	173	173000.000
5240	207	207000.000
5241	160	160000.000
5242	153	153000.000
5243	171	171000.000
5244	188	188000.000
5245	169	169000.000
5246	205	205000.000
5247	184	184000.000
5248	163	163000.000
5249	179	179000.000
5250	171	171000.000
5251	183	183000.000
5252	164	164000.000
5253	176	176000.000
5254	174	174000.000
5255	205	205000.000
5256	155	155000.000
5257	176	176000.000
5258	180	180000.000
5259	197	197000.000
5260	166	166000.000
5261	166	166000.000
5262	163	163000.000
5263	187	187000.000
5264	185	185000.000
5265	201	201000.000
5266	183	183000.000
5267	174	174000.000
5268	199	199000.000
5269	170	170000.000
5270	176	176000.000
5271	180	180000.000
5272	176	176000.000
5273	168	168000.000
5274	201	201000.000
5275	166	166000.000
5276	166	166000.000
5277	168	168000.000
5278	174	174000.000
5279	161	161000.000
5280	185	185000.000
5281	180	180000.000
5282	172	172000.000
5283	175	175000.000
5284	159	159000.000
5285	182	182000.000
5286	171	171000.000
5287	166	166000.000
5288	176	176000.000
5289	157	157000.000
5290	162	162000.000
5291	155	155000.000
5292	177	177000.000
5293	179	179000.000
5294	192	192000.000
5295	141	141000.000
5296	165	165000.000
5297	171	171000.000
5298	170	170000.000
5299	178	178000.000
5300	199	199000.000
5301	170	170000.000
5302	174	174000.000
5303	160	160000.000
5304	173	173000.000
5305	190	190000.000
5306	184	184000.000
5307	180	180000.000
5308	169	169000.000
5309	171	171000.000
5310	173	173000.000
5311	170	170000.000
5312	192	192000.000
5313	179	179000.000
5314	176	176000.000
5315	161	161000.000
5316	189	189000.000
5317	175	175000.000
5318	176	176000.000
5319	162	162000.000
5320	150	150000.000
5321	169	169000.000
5322	178	178000.000
5323	196	196000.000
5324	188	188000.000
5325	191	191000.000
5326	162	162000.000
5327	178	178000.000
5328	185	185000.000
5329	166	166000.000
5330	188	188000.000
5331	174	174000.000
5332	185	185000.000
5333	189	189000.000
5334	187	187000.000
5335	169	169000.000
5336	197	197000.000
5337	184	184000.000
5338	139	139000.000
5339	172	172000.000
5340	177	177000.000
5341	166	166000.000
5342	152	152000.000
5343	192	192000.000
5344	172	172000.000
5345	171	171000.000
5346	178	178000.000
5347	175	175000.000
5348	156	156000.000
5349	185	185000.000
5350	191	191000.000
5351	183	183000.000
5352	151	151000.000
5353	176	176000.000
5354	185	185000.000
5355	156	156000.000
5356	161	161000.000
5357	186	186000.000
5358	171	171000.000
5359	172	172000.000
5360	158	158000.000
5361	171	171000.000
5362	170	170000.000
5363	162	162000.000
5364	160	160000.000
5365	156	156000.000
5366	191	191000.000
5367	170	170000.000
5368	185	185000.000
5369	185	185000.000
5370	173	173000.000
5371	164	164000.000
5372	173	173000.000
5373	213	213000.000
5374	163	163000.000
5375	157	157000.000
5376	189	189000.000
5377	180	180000.000
5378	164	164000.000
5379	172	172000.000
5380	167	167000.000
5381	200	200000.000
5382	159	159000.000
5383	162	162000.000
5384	167	167000.000
5385	176	176000.000
5386	176	176000.000
5387	152	152000.000
5388	193	193000.000
5389	181	181000.000
5390	184	184000.000
5391	175	175000.000
5392	181	181000.000
5393	177	177000.000
5394	167	167000.000
5395	157	157000.000
5396	172	172000.000
5397	152	152000.000
5398	154	154000.000
5399	184	184000.000
5400	187	187000.000
5401	161	161000.000
5402	151	151000.000
5403	176	176000.000
5404	192	192000.000
5405	177	177000.000
5406	167	167000.000
5407	175	175000.000
5408	179	179000.000
5409	188	188000.000
5410	177	177000.000
5411	177	177000.000
5412	167	167000.000
5413	169	169000.000
5414	181	181000.000
5415	173	173000.000
5416	185	185000.000
5417	167	167000.000
5418	212	212000.000
5419	162	162000.000
5420	197	197000.000
5421	171	171000.000
5422	184	184000.000
5423	175	175000.000
5424	142	142000.000
5425	164	164000.000
5426	166	166000.000
5427	174	174000.000
5428	151	151000.000
5429	193	193000.000
5430	171	171000.000
5431	193	193000.000
5432	177	177000.000
5433	179	179000.000
5434	169	169000.000
5435	178	178000.000
5436	183	183000.000
5437	173	173000.000
5438	163	163000.000
5439	171	171000.000
5440	171	171000.000
5441	172	172000.000
5442	167	167000.000
5443	152	152000.000
5444	186	186000.000
5445	170	170000.000
5446	173	173000.000
5447	189	189000.000
5448	174	174000.000
5449	167	167000.000
5450	180	180000.000
5451	169	169000.000
5452	185	185000.000
5453	178	178000.000
5454	176	176000.000
5455	197	197000.000
5456	168	168000.000
5457	157	157000.000
5458	179	179000.000
5459	161	161000.000
5460	192	192000.000
5461	168	168000.000
5462	177	177000.000
5463	190	190000.000
5464	192	192000.000
5465	167	167000.000
5466	186	186000.000
5467	159	159000.000
5468	155	155000.000
5469	176	176000.000
5470	168	168000.000
5471	166	166000.000
5472	171	171000.000
5473	179	179000.000
5474	190	190000.000
5475	176	176000.000
5476	180	180000.000
5477	160	160000.000
5478	166	166000.000
5479	174	174000.000
5480	178	178000.000
5481	169	169000.000
5482	187	187000.000
5483	175	175000.000
5484	171	171000.000
5485	173	173000.000
5486	184	184000.000
5487	197	197000.000
5488	178	178000.000
5489	186	186000.000
5490	153	153000.000
5491	149	149000.000
5492	159	159000.000
5493	197	197000.000
5494	186	186000.000
5495	168	168000.000
5496	167	167000.000
5497	179	179000.000
5498	170	170000.000
5499	175	175000.000
5500	168	168000.000
5501	165	165000.000
5502	158	158000.000
5503	177	177000.000
5504	203	203000.000
5505	178	178000.000
5506	154	154000.000
5507	188	188000.000
5508	201	201000.000
5509	209	209000.000
5510	160	160000.000
5511	181	181000.000
5512	178	178000.000
5513	152	152000.000
5514	157	157000.000
5515	187	187000.000
5516	191	191000.000
5517	169	169000.000
5518	200	200000.000
5519	171	171000.000
5520	160	160000.000
5521	164	164000.000
5522	183	183000.000
5523	163	163000.000
5524	193	193000.000
5525	171	171000.000
5526	175	175000.000
5527	176	176000.000
5528	188	188000.000
5529	151	151000.000
5530	174	174000.000
5531	206	206000.000
5532	181	181000.000
5533	173	173000.000
5534	168	168000.000
5535	168	168000.000
5536	164	164000.000
5537	191	191000.000
5538	169	169000.000
5539	166	166000.000
5540	202	202000.000
5541	183	183000.000
5542	138	138000.000
5543	166	166000.000
5544	199	199000.000
5545	184	184000.000
5546	181	181000.000
5547	191	191000.000
5548	161	161000.000
5549	154	154000.000
5550	177	177000.000
5551	174	174000.000
5552	166	166000.000
5553	187	187000.000
5554	186	186000.000
5555	189	189000.000
5556	168	168000.000
5557	178	178000.000
5558	151	151000.000
5559	186	186000.000
5560	183	183000.000
5561	166	166000.000
5562	174	174000.000
5563	166	166000.000
5564	163	163000.000
5565	162	162000.000
5566	154	154000.000
5567	178	178000.000
5568	179	179000.000
5569	187	187000.000
5570	176	176000.000
5571	174	174000.000
5572	198	198000.000
5573	165	165000.000
5574	175	175000.000
5575	176	176000.000
5576	168	168000.000
5577	166	166000.000
5578	171	171000.000
5579	192	192000.000
5580	155	155000.000
5581	199	199000.000
5582	159	159000.000
5583	172	172000.000
5584	179	179000.000
5585	173	173000.000
5586	159	159000.000
5587	172	172000.000
5588	172	172000.000
5589	200	200000.000
5590	174	174000.000
5591	178	178000.000
5592	158	158000.000
5593	198	198000.000
5594	182	182000.000
5595	181	181000.000
5596	186	186000.000
5597	174	174000.000
5598	167	167000.000
5599	183	183000.000
5600	188	188000.000
5601	154	154000.000
5602	175	175000.000
5603	179	179000.000
5604	192	192000.000
5605	180	180000.000
5606	158	158000.000
5607	175	175000.000
5608	208	208000.000
5609	173	173000.000
5610	166	166000.000
5611	172	172000.000
5612	169	169000.000
5613	193	193000.000
5614	166	166000.000
5615	174	174000.000
5616	183	183000.000
5617	175	175000.000
5618	168	168000.000
5619	183	183000.000
5620	176	176000.000
5621	183	183000.000
5622	176	176000.000
5623	177	177000.000
5624	142	142000.000
5625	192	192000.000
5626	171	171000.000
5627	216	216000.000
5628	181	181000.000
5629	182	182000.000
5630	160	160000.000
5631	153	153000.000
5632	161	161000.000
5633	181	181000.000
5634	170	170000.000
5635	189	189000.000
5636	188	188000.000
5637	190	190000.000
5638	177	177000.000
5639	165	165000.000
5640	184	184000.000
5641	173	173000.000
5642	161	161000.000
5643	159	159000.000
5644	174	174000.000
5645	173	173000.000
5646	157	157000.000
5647	167	167000.000
5648	169	169000.000
5649	168	168000.000
5650	172	172000.000
5651	162	162000.000
5652	176	176000.000
5653	168	168000.000
5654	182	182000.000
5655	172	172000.000
5656	148	148000.000
5657	181	181000.000
5658	178	178000.000
5659	182	182000.000
5660	188	188000.000
5661	182	182000.000
5662	190	190000.000
5663	172	172000.000
5664	187	187000.000
5665	173	173000.000
5666	158	158000.000
5667	171	171000.000
5668	164	164000.000
5669	196	196000.000
5670	153	153000.000
5671	156	156000.000
5672	200	200000.000
5673	171	171000.000
5674	163	163000.000
5675	184	184000.000
5676	194	194000.000
5677	182	182000.000
5678	168	168000.000
5679	176	176000.000
5680	164	164000.000
5681	174	174000.000
5682	139	139000.000
5683	180	180000.000
5684	164	164000.000
5685	187	187000.000
5686	156	156000.000
5687	172	172000.000
5688	165	165000.000
5689	178	178000.000
5690	162	162000.000
5691	215	215000.000
5692	166	166000.000
5693	163	163000.000
5694	180	180000.000
5695	191	191000.000
5696	179	179000.000
5697	188	188000.000
5698	179	179000.000
5699	203	203000.000
5700	185	185000.000
5701	163	163000.000
5702	176	176000.000
5703	157	157000.000
5704	191	191000.000
5705	165	165000.000
5706	177	177000.000
5707	171	171000.000
5708	185	185000.000
5709	198	198000.000
5710	177	177000.000
5711	155	155000.000
5712	154	154000.000
5713	179	179000.000
5714	183	183000.000
5715	189	189000.000
5716	156	156000.000
5717	182	182000.000
5718	168	168000.000
5719	179	179000.000
5720	167	167000.000
5721	187	187000.000
5722	160	160000.000
5723	175	175000.000
5724	175	175000.000
5725	171	171000.000
5726	193	193000.000
5727	175	175000.000
5728	165	165000.000
5729	190	190000.000
5730	171	171000.000
5731	165	165000.000
5732	172	172000.000
5733	161	161000.000
5734	188	188000.000
5735	161	161000.000
5736	182	182000.000
5737	178	178000.000
5738	168	168000.000
5739	167	167000.000
5740	171	171000.000
5741	174	174000.000
5742	160	160000.000
5743	180	180000.000
5744	179	179000.000
5745	158	158000.000
5746	186	186000.000
5747	175	175000.000
5748	176	176000.000
5749	187	187000.000
5750	161	161000.000
5751	191	191000.000
5752	158	158000.000
5753	195	195000.000
5754	167	167000.000
5755	164	164000.000
5756	179	179000.000
5757	161	161000.000
5758	168	168000.000
5759	172	172000.000
5760	204	204000.000
5761	177	177000.000
5762	181	181000.000
5763	169	169000.000
5764	172	172000.000
5765	159	159000.000
5766	186	186000.000
5767	184	184000.000
5768	182	182000.000
5769	185	185000.000
5770	168	168000.000
5771	191	191000.000
5772	165	165000.000
5773	170	170000.000
5774	189	189000.000
5775	178	178000.000
5776	178	178000.000
5777	147	147000.000
5778	183	183000.000
5779	158	158000.000
5780	171	171000.000
5781	161	161000.000
5782	184	184000.000
5783	196	196000.000
5784	166	166000.000
5785	164	164000.000
5786	192	192000.000
5787	176	176000.000
5788	193	193000.000
5789	184	184000.000
5790	172	172000.000
5791	178	178000.000
5792	155	155000.000
5793	172	172000.000
5794	161	161000.000
5795	175	175000.000
5796	190	190000.000
5797	154	154000.000
5798	159	159000.000
5799	180	180000.000
5800	180	180000.000
5801	175	175000.000
5802	187	187000.000
5803	160	160000.000
5804	191	191000.000
5805	161	161000.000
5806	191	191000.000
5807	190	190000.000
5808	217	217000.000
5809	181	181000.000
5810	180	180000.000
5811	168	168000.000
5812	188	188000.000
5813	176	176000.000
5814	184	184000.000
5815	176	176000.000
5816	166	166000.000
5817	188	188000.000
5818	174	174000.000
5819	183	183000.000
5820	179	179000.000
5821	193	193000.000
5822	193	193000.000
5823	169	169000.000
5824	175	175000.000
5825	164	164000.000
5826	193	193000.000
5827	196	196000.000
5828	174	174000.000
5829	190	190000.000
5830	174	174000.000
5831	174	174000.000
5832	188	188000.000
5833	159	159000.000
5834	198	198000.000
5835	154	154000.000
5836	159	159000.000
5837	195	195000.000
5838	189	189000.000
5839	172	172000.000
5840	167	167000.000
5841	172	172000.000
5842	189	189000.000
5843	189	189000.000
5844	190	190000.000
5845	169	169000.000
5846	163	163000.000
5847	185	185000.000
5848	156	156000.000
5849	186	186000.000
5850	163	163000.000
5851	167	167000.000
5852	172	172000.000
5853	184	184000.000
5854	165	165000.000
5855	162	162000.000
5856	189	189000.000
5857	172	172000.000
5858	164	164000.000
5859	176	176000.000
5860	172	172000.000
5861	163	163000.000
5862	165	165000.000
5863	185	185000.000
5864	168	168000.000
5865	197	197000.000
5866	185	185000.000
5867	173	173000.000
5868	187	187000.000
5869	157	157000.000
5870	157	157000.000
5871	167	167000.000
5872	161	161000.000
5873	172	172000.000
5874	164	164000.000
5875	215	215000.000
5876	207	207000.000
5877	182	182000.000
5878	187	187000.000
5879	157	157000.000
5880	174	174000.000
5881	156	156000.000
5882	157	157000.000
5883	178	178000.000
5884	165	165000.000
5885	179	179000.000
5886	196	196000.000
5887	207	207000.000
5888	181	181000.000
5889	156	156000.000
5890	168	168000.000
5891	193	193000.000
5892	153	153000.000
5893	184	184000.000
5894	194	194000.000
5895	189	189000.000
5896	168	168000.000
5897	187	187000.000
5898	196	196000.000
5899	198	198000.000
5900	185	185000.000
5901	176	176000.000
5902	187	187000.000
5903	166	166000.000
5904	189	189000.000
5905	184	184000.000
5906	166	166000.000
5907	177	177000.000
5908	169	169000.000
5909	224	224000.000
5910	175	175000.000
5911	165	165000.000
5912	166	166000.000
5913	181	181000.000
5914	166	166000.000
5915	177	177000.000
5916	178	178000.000
5917	187	187000.000
5918	186	186000.000
5919	167	167000.000
5920	172	172000.000
5921	188	188000.000
5922	171	171000.000
5923	181	181000.000
5924	163	163000.000
5925	194	194000.000
5926	174	174000.000
5927	170	170000.000
5928	183	183000.000
5929	171	171000.000
5930	165	165000.000
5931	169	169000.000
5932	187	187000.000
5933	170	170000.000
5934	186	186000.000
5935	175	175000.000
5936	184	184000.000
5937	187	187000.000
5938	189	189000.000
5939	161	161000.000
5940	174	174000.000
5941	183	183000.000
5942	181	181000.000
5943	172	172000.000
5944	148	148000.000
5945	165	165000.000
5946	172	172000.000
5947	195	195000.000
5948	188	188000.000
5949	219	219000.000
5950	180	180000.000
5951	197	197000.000
5952	181	181000.000
5953	185	185000.000
5954	173	173000.000
5955	164	164000.000
5956	146	146000.000
5957	163	163000.000
5958	174	174000.000
5959	177	177000.000
5960	169	169000.000
5961	187	187000.000
5962	176	176000.000
5963	194	194000.000
5964	163	163000.000
5965	176	176000.000
5966	173	173000.000
5967	176	176000.000
5968	173	173000.000
5969	190	190000.000
5970	191	191000.000
5971	186	186000.000
5972	190	190000.000
5973	154	154000.000
5974	136	136000.000
5975	169	169000.000
5976	198	198000.000
5977	179	179000.000
5978	186	186000.000
5979	161	161000.000
5980	173	173000.000
5981	167	167000.000
5982	213	213000.000
5983	188	188000.000
5984	161	161000.000
5985	175	175000.000
5986	200	200000.000
5987	171	171000.000
5988	152	152000.000
5989	154	154000.000
5990	161	161000.000
5991	182	182000.000
5992	170	170000.000
5993	188	188000.000
5994	168	168000.000
5995	183	183000.000
5996	186	186000.000
5997	161	161000.000
5998	173	173000.000
5999	177	177000.000
6000	173	173000.000
6001	182	182000.000
6002	173	173000.000
6003	188	188000.000
6004	179	179000.000
6005	174	174000.000
6006	158	158000.000
6007	156	156000.000
6008	206	206000.000
6009	169	169000.000
6010	170	170000.000
6011	192	192000.000
6012	169	169000.000
6013	167	167000.000
6014	166	166000.000
6015	181	181000.000
6016	158	158000.000
6017	183	183000.000
6018	159	159000.000
6019	191	191000.000
6020	160	160000.000
6021	170	170000.000
6022	160	160000.000
6023	163	163000.000
6024	171	171000.000
6025	183	183000.000
6026	183	183000.000
6027	184	184000.000
6028	179	179000.000
6029	180	180000.000
6030	173	173000.000
6031	163	163000.000
6032	186	186000.000
6033	167	167000.000
6034	196	196000.000
6035	164	164000.000
6036	170	170000.000
6037	165	165000.000
6038	178	178000.000
6039	167	167000.000
6040	178	178000.000
6041	192	192000.000
6042	182	182000.000
6043	169	169000.000
6044	166	166000.000
6045	187	187000.000
6046	180	180000.000
6047	157	157000.000
6048	139	139000.000
6049	183	183000.000
6050	164	164000.000
6051	175	175000.000
6052	176	176000.000
6053	171	171000.000
6054	205	205000.000
6055	203	203000.000
6056	165	165000.000
6057	169	169000.000
6058	157	157000.000
6059	188	188000.000
6060	174	174000.000
6061	186	186000.000
6062	169	169000.000
6063	174	174000.000
6064	177	177000.000
6065	163	163000.000
6066	150	150000.000
6067	170	170000.000
6068	186	186000.000
6069	169	169000.000
6070	190	190000.000
6071	181	181000.000
6072	161	161000.000
6073	187	187000.000
6074	178	178000.000
6075	163	163000.000
6076	151	151000.000
6077	185	185000.000
6078	186	186000.000
6079	187	187000.000
6080	182	182000.000
6081	167	167000.000
6082	198	198000.000
6083	154	154000.000
6084	185	185000.000
6085	167	167000.000
6086	189	189000.000
6087	173	173000.000
6088	188	188000.000
6089	181	181000.000
6090	185	185000.000
6091	176	176000.000
6092	169	169000.000
6093	198	198000.000
6094	179	179000.000
6095	176	176000.000
6096	180	180000.000
6097	182	182000.000
6098	170	170000.000
6099	163	163000.000
6100	156	156000.000
6101	147	147000.000
6102	182	182000.000
6103	185	185000.000
6104	169	169000.000
6105	168	168000.000
6106	173	173000.000
6107	174	174000.000
6108	144	144000.000
6109	177	177000.000
6110	203	203000.000
6111	176	176000.000
6112	188	188000.000
6113	166	166000.000
6114	170	170000.000
6115	175	175000.000
6116	177	177000.000
6117	180	180000.000
6118	177	177000.000
6119	163	163000.000
6120	153	153000.000
6121	188	188000.000
6122	175	175000.000
6123	162	162000.000
6124	150	150000.000
6125	159	159000.000
6126	163	163000.000
6127	189	189000.000
6128	186	186000.000
6129	158	158000.000
6130	178	178000.000
6131	163	163000.000
6132	176	176000.000
6133	180	180000.000
6134	170	170000.000
6135	167	167000.000
6136	161	161000.000
6137	168	168000.000
6138	173	173000.000
6139	180	180000.000
6140	175	175000.000
6141	171	171000.000
6142	178	178000.000
6143	176	176000.000
6144	186	186000.000
6145	171	171000.000
6146	185	185000.000
6147	206	206000.000
6148	179	179000.000
6149	191	191000.000
6150	170	170000.000
6151	182	182000.000
6152	167	167000.000
6153	159	159000.000
6154	189	189000.000
6155	168	168000.000
6156	166	166000.000
6157	167	167000.000
6158	188	188000.000
6159	153	153000.000
6160	173	173000.000
6161	155	155000.000
6162	186	186000.000
6163	190	190000.000
6164	181	181000.000
6165	172	172000.000
6166	182	182000.000
6167	171	171000.000
6168	164	164000.000
6169	182	182000.000
6170	168	168000.000
6171	142	142000.000
6172	172	172000.000
6173	173	173000.000
6174	159	159000.000
6175	192	192000.000
6176	161	161000.000
6177	199	199000.000
6178	181	181000.000
6179	179	179000.000
6180	176	176000.000
6181	179	179000.000
6182	155	155000.000
6183	191	191000.000
6184	171	171000.000
6185	179	179000.000
6186	168	168000.000
6187	196	196000.000
6188	159	159000.000
6189	186	186000.000
6190	180	180000.000
6191	178	178000.000
6192	172	172000.000
6193	158	158000.000
6194	157	157000.000
6195	159	159000.000
6196	178	178000.000
6197	192	192000.000
6198	198	198000.000
6199	186	186000.000
6200	184	184000.000
6201	183	183000.000
6202	196	196000.000
6203	173	173000.000
6204	155	155000.000
6205	162	162000.000
6206	172	172000.000
6207	160	160000.000
6208	173	173000.000
6209	172	172000.000
6210	196	196000.000
6211	160	160000.000
6212	188	188000.000
6213	171	171000.000
6214	160	160000.000
6215	180	180000.000
6216	190	190000.000
6217	180	180000.000
6218	184	184000.000
6219	183	183000.000
6220	189	189000.000
6221	194	194000.000
6222	189	189000.000
6223	172	172000.000
6224	167	167000.000
6225	155	155000.000
6226	162	162000.000
6227	174	174000.000
6228	184	184000.000
6229	163	163000.000
6230	176	176000.000
6231	161	161000.000
6232	183	183000.000
6233	155	155000.000
6234	172	172000.000
6235	159	159000.000
6236	162	162000.000
6237	211	211000.000
6238	189	189000.000
6239	188	188000.000
6240	183	183000.000
6241	187	187000.000
6242	197	197000.000
6243	182	182000.000
6244	152	152000.000
6245	200	200000.000
6246	174	174000.000
6247	166	166000.000
6248	199	199000.000
6249	177	177000.000
6250	168	168000.000
6251	175	175000.000
6252	167	167000.000
6253	165	165000.000
6254	178	178000.000
6255	180	180000.000
6256	148	148000.000
6257	177	177000.000
6258	162	162000.000
6259	169	169000.000
6260	182	182000.000
6261	165	165000.000
6262	169	169000.000
6263	152	152000.000
6264	176	176000.000
6265	138	138000.000
6266	174	174000.000
6267	136	136000.000
6268	199	199000.000
6269	181	181000.000
6270	175	175000.000
6271	172	172000.000
6272	163	163000.000
6273	181	181000.000
6274	187	187000.000
6275	209	209000.000
6276	163	163000.000
6277	172	172000.000
6278	171	171000.000
6279	181	181000.000
6280	152	152000.000
6281	158	158000.000
6282	192	192000.000
6283	189	189000.000
6284	139	139000.000
6285	184	184000.000
6286	181	181000.000
6287	164	164000.000
6288	157	157000.000
6289	189	189000.000
6290	166	166000.000
6291	165	165000.000
6292	187	187000.000
6293	178	178000.000
6294	189	189000.000
6295	194	194000.000
6296	180	180000.000
6297	171	171000.000
6298	183	183000.000
6299	175	175000.000
6300	172	172000.000
6301	191	191000.000
6302	191	191000.000
6303	179	179000.000
6304	156	156000.000
6305	154	154000.000
6306	187	187000.000
6307	159	159000.000
6308	166	166000.000
6309	150	150000.000
6310	187	187000.000
6311	157	157000.000
6312	166	166000.000
6313	171	171000.000
6314	191	191000.000
6315	170	170000.000
6316	167	167000.000
6317	190	190000.000
6318	168	168000.000
6319	189	189000.000
6320	176	176000.000
6321	153	153000.000
6322	191	191000.000
6323	161	161000.000
6324	179	179000.000
6325	173	173000.000
6326	166	166000.000
6327	186	186000.000
6328	164	164000.000
6329	180	180000.000
6330	169	169000.000
6331	173	173000.000
6332	176	176000.000
6333	191	191000.000
6334	179	179000.000
6335	177	177000.000
6336	181	181000.000
6337	200	200000.000
6338	198	198000.000
6339	188	188000.000
6340	177	177000.000
6341	185	185000.000
6342	187	187000.000
6343	168	168000.000
6344	191	191000.000
6345	175	175000.000
6346	168	168000.000
6347	171	171000.000
6348	151	151000.000
6349	197	197000.000
6350	169	169000.000
6351	165	165000.000
6352	189	189000.000
6353	181	181000.000
6354	187	187000.000
6355	158	158000.000
6356	163	163000.000
6357	179	179000.000
6358	167	167000.000
6359	157	157000.000
6360	178	178000.000
6361	171	171000.000
6362	185	185000.000
6363	164	164000.000
6364	176	176000.000
6365	168	168000.000
6366	179	179000.000
6367	174	174000.000
6368	165	165000.000
6369	198	198000.000
6370	171	171000.000
6371	163	163000.000
6372	179	179000.000
6373	174	174000.000
6374	177	177000.000
6375	172	172000.000
6376	171	171000.000
6377	180	180000.000
6378	183	183000.000
6379	193	193000.000
6380	174	174000.000
6381	175	175000.000
6382	173	173000.000
6383	171	171000.000
6384	168	168000.000
6385	151	151000.000
6386	164	164000.000
6387	174	174000.000
6388	143	143000.000
6389	197	197000.000
6390	200	200000.000
6391	176	176000.000
6392	167	167000.000
6393	180	180000.000
6394	149	149000.000
6395	179	179000.000
6396	176	176000.000
6397	156	156000.000
6398	169	169000.000
6399	160	160000.000
6400	152	152000.000
6401	166	166000.000
6402	179	179000.000
6403	189	189000.000
6404	181	181000.000
6405	196	196000.000
6406	179	179000.000
6407	181	181000.000
6408	175	175000.000
6409	187	187000.000
6410	203	203000.000
6411	185	185000.000
6412	168	168000.000
6413	148	148000.000
6414	166	166000.000
6415	175	175000.000
6416	178	178000.000
6417	173	173000.000
6418	184	184000.000
6419	168	168000.000
6420	169	169000.000
6421	171	171000.000
6422	165	165000.000
6423	184	184000.000
6424	169	169000.000
6425	188	188000.000
6426	165	165000.000
6427	189	189000.000
6428	162	162000.000
6429	186	186000.000
6430	163	163000.000
6431	170	170000.000
6432	154	154000.000
6433	168	168000.000
6434	179	179000.000
6435	163	163000.000
6436	180	180000.000
6437	179	179000.000
6438	179	179000.000
6439	170	170000.000
6440	187	187000.000
6441	183	183000.000
6442	165	165000.000
6443	179	179000.000
6444	172	172000.000
6445	194	194000.000
6446	180	180000.000
6447	171	171000.000
6448	143	143000.000
6449	184	184000.000
6450	158	158000.000
6451	204	204000.000
6452	175	175000.000
6453	180	180000.000
6454	201	201000.000
6455	171	171000.000
6456	173	173000.000
6457	162	162000.000
6458	186	186000.000
6459	153	153000.000
6460	160	160000.000
6461	176	176000.000
6462	155	155000.000
6463	153	153000.000
6464	168	168000.000
6465	170	170000.000
6466	171	171000.000
6467	172	172000.000
6468	215	215000.000
6469	174	174000.000
6470	162	162000.000
6471	163	163000.000
6472	177	177000.000
6473	169	169000.000
6474	186	186000.000
6475	180	180000.000
6476	159	159000.000
6477	156	156000.000
6478	160	160000.000
6479	158	158000.000
6480	137	137000.000
6481	148	148000.000
6482	182	182000.000
6483	166	166000.000
6484	188	188000.000
6485	164	164000.000
6486	215	215000.000
6487	163	163000.000
6488	160	160000.000
6489	159	159000.000
6490	188	188000.000
6491	176	176000.000
6492	156	156000.000
6493	177	177000.000
6494	211	211000.000
6495	163	163000.000
6496	169	169000.000
6497	174	174000.000
6498	170	170000.000
6499	169	169000.000
6500	192	192000.000
6501	158	158000.000
6502	196	196000.000
6503	173	173000.000
6504	163	163000.000
6505	198	198000.000
6506	174	174000.000
6507	184	184000.000
6508	176	176000.000
6509	177	177000.000
6510	161	161000.000
6511	157	157000.000
6512	176	176000.000
6513	170	170000.000
6514	164	164000.000
6515	169	169000.000
6516	165	165000.000
6517	179	179000.000
6518	177	177000.000
6519	162	162000.000
6520	184	184000.000
6521	166	166000.000
6522	164	164000.000
6523	159	159000.000
6524	175	175000.000
6525	174	174000.000
6526	160	160000.000
6527	167	167000.000
6528	170	170000.000
6529	153	153000.000
6530	172	172000.000
6531	170	170000.000
6532	169	169000.000
6533	166	166000.000
6534	171	171000.000
6535	177	177000.000
6536	166	166000.000
6537	157	157000.000
6538	166	166000.000
6539	175	175000.000
6540	174	174000.000
6541	163	163000.000
6542	178	178000.000
6543	202	202000.000
6544	181	181000.000
6545	164	164000.000
6546	171	171000.000
6547	202	202000.000
6548	184	184000.000
6549	172	172000.000
6550	179	179000.000
6551	169	169000.000
6552	183	183000.000
6553	172	172000.000
6554	151	151000.000
6555	168	168000.000
6556	189	189000.000
6557	172	172000.000
6558	199	199000.000
6559	144	144000.000
6560	162	162000.000
6561	207	207000.000
6562	156	156000.000
6563	175	175000.000
6564	175	175000.000
6565	180	180000.000
6566	153	153000.000
6567	187	187000.000
6568	181	181000.000
6569	156	156000.000
6570	194	194000.000
6571	178	178000.000
6572	170	170000.000
6573	175	175000.000
6574	159	159000.000
6575	169	169000.000
6576	166	166000.000
6577	177	177000.000
6578	149	149000.000
6579	157	157000.000
6580	186	186000.000
6581	182	182000.000
6582	182	182000.000
6583	171	171000.000
6584	178	178000.000
6585	176	176000.000
6586	170	170000.000
6587	174	174000.000
6588	143	143000.000
6589	205	205000.000
6590	179	179000.000
6591	196	196000.000
6592	180	180000.000
6593	167	167000.000
6594	185	185000.000
6595	177	177000.000
6596	187	187000.000
6597	161	161000.000
6598	171	171000.000
6599	163	163000.000
6600	193	193000.000
6601	179	179000.000
6602	153	153000.000
6603	157	157000.000
6604	174	174000.000
6605	158	158000.000
6606	173	173000.000
6607	166	166000.000
6608	161	161000.000
6609	178	178000.000
6610	179	179000.000
6611	164	164000.000
6612	183	183000.000
6613	158	158000.000
6614	186	186000.000
6615	179	179000.000
6616	187	187000.000
6617	193	193000.000
6618	164	164000.000
6619	178	178000.000
6620	176	176000.000
6621	173	173000.000
6622	186	186000.000
6623	174	174000.000
6624	178	178000.000
6625	188	188000.000
6626	171	171000.000
6627	187	187000.000
6628	161	161000.000
6629	180	180000.000
6630	180	180000.000
6631	190	190000.000
6632	175	175000.000
6633	158	158000.000
6634	182	182000.000
6635	183	183000.000
6636	186	186000.000
6637	182	182000.000
6638	170	170000.000
6639	184	184000.000
6640	160	160000.000
6641	159	159000.000
6642	208	208000.000
6643	158	158000.000
6644	193	193000.000
6645	174	174000.000
6646	170	170000.000
6647	185	185000.000
6648	170	170000.000
6649	167	167000.000
6650	190	190000.000
6651	159	159000.000
6652	181	181000.000
6653	178	178000.000
6654	178	178000.000
6655	165	165000.000
6656	170	170000.000
6657	180	180000.000
6658	179	179000.000
6659	184	184000.000
6660	169	169000.000
6661	172	172000.000
6662	209	209000.000
6663	168	168000.000
6664	162	162000.000
6665	181	181000.000
6666	149	149000.000
6667	169	169000.000
6668	169	169000.000
6669	175	175000.000
6670	177	177000.000
6671	194	194000.000
6672	192	192000.000
6673	167	167000.000
6674	171	171000.000
6675	197	197000.000
6676	177	177000.000
6677	174	174000.000
6678	157	157000.000
6679	175	175000.000
6680	164	164000.000
6681	178	178000.000
6682	183	183000.000
6683	171	171000.000
6684	185	185000.000
6685	178	178000.000
6686	153	153000.000
6687	169	169000.000
6688	186	186000.000
6689	165	165000.000
6690	153	153000.000
6691	179	179000.000
6692	181	181000.000
6693	174	174000.000
6694	164	164000.000
6695	149	149000.000
6696	170	170000.000
6697	156	156000.000
6698	158	158000.000
6699	190	190000.000
6700	174	174000.000
6701	190	190000.000
6702	184	184000.000
6703	172	172000.000
6704	170	170000.000
6705	186	186000.000
6706	167	167000.000
6707	163	163000.000
6708	173	173000.000
6709	171	171000.000
6710	181	181000.000
6711	155	155000.000
6712	196	196000.000
6713	185	185000.000
6714	179	179000.000
6715	192	192000.000
6716	156	156000.000
6717	164	164000.000
6718	172	172000.000
6719	169	169000.000
6720	165	165000.000
6721	186	186000.000
6722	168	168000.000
6723	134	134000.000
6724	186	186000.000
6725	194	194000.000
6726	144	144000.000
6727	163	163000.000
6728	173	173000.000
6729	172	172000.000
6730	167	167000.000
6731	182	182000.000
6732	181	181000.000
6733	187	187000.000
6734	148	148000.000
6735	165	165000.000
6736	180	180000.000
6737	172	172000.000
6738	165	165000.000
6739	193	193000.000
6740	166	166000.000
6741	169	169000.000
6742	179	179000.000
6743	168	168000.000
6744	180	180000.000
6745	191	191000.000
6746	180	180000.000
6747	171	171000.000
6748	186	186000.000
6749	168	168000.000
6750	166	166000.000
6751	146	146000.000
6752	169	169000.000
6753	167	167000.000
6754	173	173000.000
6755	191	191000.000
6756	166	166000.000
6757	170	170000.000
6758	164	164000.000
6759	150	150000.000
6760	164	164000.000
6761	201	201000.000
6762	175	175000.000
6763	179	179000.000
6764	173	173000.000
6765	170	170000.000
6766	166	166000.000
6767	197	197000.000
6768	173	173000.000
6769	175	175000.000
6770	198	198000.000
6771	168	168000.000
6772	142	142000.000
6773	171	171000.000
6774	186	186000.000
6775	185	185000.000
6776	178	178000.000
6777	187	187000.000
6778	172	172000.000
6779	189	189000.000
6780	183	183000.000
6781	155	155000.000
6782	176	176000.000
6783	165	165000.000
6784	176	176000.000
6785	157	157000.000
6786	181	181000.000
6787	180	180000.000
6788	161	161000.000
6789	183	183000.000
6790	151	151000.000
6791	179	179000.000
6792	188	188000.000
6793	169	169000.000
6794	201	201000.000
6795	146	146000.000
6796	163	163000.000
6797	171	171000.000
6798	193	193000.000
6799	184	184000.000
6800	168	168000.000
6801	175	175000.000
6802	189	189000.000
6803	157	157000.000
6804	169	169000.000
6805	166	166000.000
6806	173	173000.000
6807	201	201000.000
6808	170	170000.000
6809	159	159000.000
6810	154	154000.000
6811	171	171000.000
6812	192	192000.000
6813	167	167000.000
6814	174	174000.000
6815	159	159000.000
6816	193	193000.000
6817	182	182000.000
6818	187	187000.000
6819	182	182000.000
6820	162	162000.000
6821	177	177000.000
6822	158	158000.000
6823	190	190000.000
6824	182	182000.000
6825	162	162000.000
6826	171	171000.000
6827	200	200000.000
6828	143	143000.000
6829	169	169000.000
6830	177	177000.000
6831	146	146000.000
6832	151	151000.000
6833	175	175000.000
6834	175	175000.000
6835	170	170000.000
6836	170	170000.000
6837	163	163000.000
6838	157	157000.000
6839	177	177000.000
6840	177	177000.000
6841	176	176000.000
6842	197	197000.000
6843	187	187000.000
6844	166	166000.000
6845	156	156000.000
6846	190	190000.000
6847	175	175000.000
6848	226	226000.000
6849	181	181000.000
6850	189	189000.000
6851	160	160000.000
6852	150	150000.000
6853	187	187000.000
6854	187	187000.000
6855	181	181000.000
6856	175	175000.000
6857	182	182000.000
6858	174	174000.000
6859	163	163000.000
6860	165	165000.000
6861	165	165000.000
6862	167	167000.000
6863	176	176000.000
6864	179	179000.000
6865	172	172000.000
6866	156	156000.000
6867	163	163000.000
6868	163	163000.000
6869	178	178000.000
6870	190	190000.000
6871	170	170000.000
6872	174	174000.000
6873	162	162000.000
6874	170	170000.000
6875	166	166000.000
6876	155	155000.000
6877	181	181000.000
6878	166	166000.000
6879	144	144000.000
6880	176	176000.000
6881	187	187000.000
6882	159	159000.000
6883	169	169000.000
6884	175	175000.000
6885	172	172000.000
6886	170	170000.000
6887	183	183000.000
6888	177	177000.000
6889	167	167000.000
6890	155	155000.000
6891	188	188000.000
6892	179	179000.000
6893	174	174000.000
6894	164	164000.000
6895	202	202000.000
6896	159	159000.000
6897	196	196000.000
6898	189	189000.000
6899	180	180000.000
6900	191	191000.000
6901	162	162000.000
6902	192	192000.000
6903	185	185000.000
6904	168	168000.000
6905	169	169000.000
6906	164	164000.000
6907	169	169000.000
6908	165	165000.000
6909	183	183000.000
6910	196	196000.000
6911	163	163000.000
6912	170	170000.000
6913	172	172000.000
6914	157	157000.000
6915	160	160000.000
6916	178	178000.000
6917	159	159000.000
6918	174	174000.000
6919	167	167000.000
6920	208	208000.000
6921	186	186000.000
6922	164	164000.000
6923	186	186000.000
6924	166	166000.000
6925	157	157000.000
6926	177	177000.000
6927	177	177000.000
6928	173	173000.000
6929	167	167000.000
6930	187	187000.000
6931	171	171000.000
6932	182	182000.000
6933	138	138000.000
6934	156	156000.000
6935	173	173000.000
6936	169	169000.000
6937	168	168000.000
6938	181	181000.000
6939	174	174000.000
6940	181	181000.000
6941	154	154000.000
6942	175	175000.000
6943	195	195000.000
6944	171	171000.000
6945	155	155000.000
6946	177	177000.000
6947	171	171000.000
6948	165	165000.000
6949	173	173000.000
6950	181	181000.000
6951	186	186000.000
6952	176	176000.000
6953	161	161000.000
6954	185	185000.000
6955	196	196000.000
6956	176	176000.000
6957	177	177000.000
6958	169	169000.000
6959	155	155000.000
6960	195	195000.000
6961	174	174000.000
6962	152	152000.000
6963	184	184000.000
6964	174	174000.000
6965	200	200000.000
6966	178	178000.000
6967	157	157000.000
6968	168	168000.000
6969	183	183000.000
6970	166	166000.000
6971	153	153000.000
6972	165	165000.000
6973	165	165000.000
6974	164	164000.000
6975	187	187000.000
6976	180	180000.000
6977	192	192000.000
6978	177	177000.000
6979	168	168000.000
6980	154	154000.000
6981	176	176000.000
6982	181	181000.000
6983	199	199000.000
6984	158	158000.000
6985	175	175000.000
6986	171	171000.000
6987	186	186000.000
6988	171	171000.000
6989	163	163000.000
6990	188	188000.000
6991	182	182000.000
6992	188	188000.000
6993	153	153000.000
6994	165	165000.000
6995	171	171000.000
6996	165	165000.000
6997	166	166000.000
6998	173	173000.000
6999	163	163000.000
7000	195	195000.000
7001	171	171000.000
7002	191	191000.000
7003	166	166000.000
7004	181	181000.000
7005	184	184000.000
7006	165	165000.000
7007	170	170000.000
7008	161	161000.000
7009	171	171000.000
7010	158	158000.000
7011	211	211000.000
7012	164	164000.000
7013	160	160000.000
7014	161	161000.000
7015	171	171000.000
7016	180	180000.000
7017	184	184000.000
7018	160	160000.000
7019	153	153000.000
7020	174	174000.000
7021	182	182000.000
7022	151	151000.000
7023	173	173000.000
7024	164	164000.000
7025	203	203000.000
7026	191	191000.000
7027	190	190000.000
7028	171	171000.000
7029	192	192000.000
7030	165	165000.000
7031	167	167000.000
7032	163	163000.000
7033	154	154000.000
7034	165	165000.000
7035	151	151000.000
7036	195	195000.000
7037	172	172000.000
7038	141	141000.000
7039	189	189000.000
7040	189	189000.000
7041	175	175000.000
7042	171	171000.000
7043	185	185000.000
7044	172	172000.000
7045	176	176000.000
7046	172	172000.000
7047	161	161000.000
7048	176	176000.000
7049	160	160000.000
7050	164	164000.000
7051	172	172000.000
7052	194	194000.000
7053	205	205000.000
7054	172	172000.000
7055	185	185000.000
7056	158	158000.000
7057	164	164000.000
7058	169	169000.000
7059	168	168000.000
7060	161	161000.000
7061	171	171000.000
7062	172	172000.000
7063	163	163000.000
7064	164	164000.000
7065	162	162000.000
7066	185	185000.000
7067	186	186000.000
7068	171	171000.000
7069	170	170000.000
7070	193	193000.000
7071	161	161000.000
7072	162	162000.000
7073	191	191000.000
7074	167	167000.000
7075	181	181000.000
7076	167	167000.000
7077	147	147000.000
7078	164	164000.000
7079	177	177000.000
7080	157	157000.000
7081	168	168000.000
7082	190	190000.000
7083	166	166000.000
7084	171	171000.000
7085	180	180000.000
7086	180	180000.000
7087	182	182000.000
7088	181	181000.000
7089	153	153000.000
7090	178	178000.000
7091	171	171000.000
7092	194	194000.000
7093	198	198000.000
7094	176	176000.000
7095	173	173000.000
7096	190	190000.000
7097	177	177000.000
7098	200	200000.000
7099	157	157000.000
7100	161	161000.000
7101	169	169000.000
7102	179	179000.000
7103	195	195000.000
7104	187	187000.000
7105	181	181000.000
7106	182	182000.000
7107	173	173000.000
7108	172	172000.000
7109	169	169000.000
7110	173	173000.000
7111	174	174000.000
7112	177	177000.000
7113	186	186000.000
7114	199	199000.000
7115	167	167000.000
7116	183	183000.000
7117	158	158000.000
7118	158	158000.000
7119	176	176000.000
7120	145	145000.000
7121	164	164000.000
7122	187	187000.000
7123	185	185000.000
7124	162	162000.000
7125	191	191000.000
7126	147	147000.000
7127	171	171000.000
7128	169	169000.000
7129	180	180000.000
7130	169	169000.000
7131	186	186000.000
7132	179	179000.000
7133	165	165000.000
7134	173	173000.000
7135	174	174000.000
7136	182	182000.000
7137	194	194000.000
7138	190	190000.000
7139	173	173000.000
7140	177	177000.000
7141	174	174000.000
7142	201	201000.000
7143	185	185000.000
7144	193	193000.000
7145	155	155000.000
7146	180	180000.000
7147	176	176000.000
7148	162	162000.000
7149	201	201000.000
7150	183	183000.000
7151	188	188000.000
7152	197	197000.000
7153	181	181000.000
7154	181	181000.000
7155	173	173000.000
7156	175	175000.000
7157	186	186000.000
7158	185	185000.000
7159	176	176000.000
7160	181	181000.000
7161	147	147000.000
7162	176	176000.000
7163	165	165000.000
7164	187	187000.000
7165	174	174000.000
7166	161	161000.000
7167	166	166000.000
7168	190	190000.000
7169	159	159000.000
7170	164	164000.000
7171	169	169000.000
7172	169	169000.000
7173	186	186000.000
7174	161	161000.000
7175	177	177000.000
7176	164	164000.000
7177	175	175000.000
7178	175	175000.000
7179	160	160000.000
7180	168	168000.000
7181	209	209000.000
7182	189	189000.000
7183	161	161000.000
7184	169	169000.000
7185	174	174000.000
7186	172	172000.000
7187	172	172000.000
7188	152	152000.000
7189	182	182000.000
7190	179	179000.000
7191	167	167000.000
7192	164	164000.000
7193	185	185000.000
7194	193	193000.000
7195	184	184000.000
7196	173	173000.000
7197	160	160000.000
7198	213	213000.000
7199	167	167000.000
7200	181	181000.000
7201	168	168000.000
7202	195	195000.000
7203	162	162000.000
7204	184	184000.000
7205	177	177000.000
7206	172	172000.000
7207	151	151000.000
7208	175	175000.000
7209	186	186000.000
7210	184	184000.000
7211	173	173000.000
7212	169	169000.000
7213	167	167000.000
7214	158	158000.000
7215	158	158000.000
7216	168	168000.000
7217	199	199000.000
7218	148	148000.000
7219	172	172000.000
7220	187	187000.000
7221	180	180000.000
7222	167	167000.000
7223	179	179000.000
7224	181	181000.000
7225	173	173000.000
7226	178	178000.000
7227	163	163000.000
7228	182	182000.000
7229	176	176000.000
7230	177	177000.000
7231	163	163000.000
7232	150	150000.000
7233	185	185000.000
7234	174	174000.000
7235	186	186000.000
7236	212	212000.000
7237	169	169000.000
7238	165	165000.000
7239	169	169000.000
7240	157	157000.000
7241	150	150000.000
7242	158	158000.000
7243	171	171000.000
7244	177	177000.000
7245	168	168000.000
7246	166	166000.000
7247	174	174000.000
7248	151	151000.000
7249	184	184000.000
7250	176	176000.000
7251	163	163000.000
7252	203	203000.000
7253	176	176000.000
7254	168	168000.000
7255	174	174000.000
7256	186	186000.000
7257	164	164000.000
7258	186	186000.000
7259	171	171000.000
7260	189	189000.000
7261	178	178000.000
7262	173	173000.000
7263	177	177000.000
7264	175	175000.000
7265	201	201000.000
7266	177	177000.000
7267	189	189000.000
7268	182	182000.000
7269	177	177000.000
7270	185	185000.000
7271	173	173000.000
7272	168	168000.000
7273	159	159000.000
7274	172	172000.000
7275	179	179000.000
7276	170	170000.000
7277	158	158000.000
7278	151	151000.000
7279	161	161000.000
7280	195	195000.000
7281	179	179000.000
7282	180	180000.000
7283	177	177000.000
7284	169	169000.000
7285	192	192000.000
7286	175	175000.000
7287	153	153000.000
7288	157	157000.000
7289	169	169000.000
7290	189	189000.000
7291	195	195000.000
7292	196	196000.000
7293	202	202000.000
7294	164	164000.000
7295	180	180000.000
7296	176	176000.000
7297	188	188000.000
7298	167	167000.000
7299	155	155000.000
7300	159	159000.000
7301	174	174000.000
7302	182	182000.000
7303	179	179000.000
7304	177	177000.000
7305	186	186000.000
7306	162	162000.000
7307	171	171000.000
7308	177	177000.000
7309	197	197000.000
7310	170	170000.000
7311	178	178000.000
7312	189	189000.000
7313	160	160000.000
7314	196	196000.000
7315	169	169000.000
7316	158	158000.000
7317	178	178000.000
7318	179	179000.000
7319	180	180000.000
7320	167	167000.000
7321	190	190000.000
7322	182	182000.000
7323	177	177000.000
7324	178	178000.000
7325	156	156000.000
7326	184	184000.000
7327	168	168000.000
7328	193	193000.000
7329	158	158000.000
7330	175	175000.000
7331	166	166000.000
7332	164	164000.000
7333	152	152000.000
7334	188	188000.000
7335	175	175000.000
7336	183	183000.000
7337	162	162000.000
7338	171	171000.000
7339	194	194000.000
7340	188	188000.000
7341	154	154000.000
7342	177	177000.000
7343	196	196000.000
7344	177	177000.000
7345	170	170000.000
7346	183	183000.000
7347	171	171000.000
7348	170	170000.000
7349	184	184000.000
7350	172	172000.000
7351	158	158000.000
7352	184	184000.000
7353	162	162000.000
7354	157	157000.000
7355	179	179000.000
7356	191	191000.000
7357	185	185000.000
7358	174	174000.000
7359	152	152000.000
7360	179	179000.000
7361	200	200000.000
7362	175	175000.000
7363	170	170000.000
7364	180	180000.000
7365	178	178000.000
7366	163	163000.000
7367	204	204000.000
7368	183	183000.000
7369	183	183000.000
7370	194	194000.000
7371	160	160000.000
7372	206	206000.000
7373	160	160000.000
7374	182	182000.000
7375	179	179000.000
7376	184	184000.000
7377	175	175000.000
7378	157	157000.000
7379	181	181000.000
7380	167	167000.000
7381	195	195000.000
7382	150	150000.000
7383	166	166000.000
7384	183	183000.000
7385	166	166000.000
7386	206	206000.000
7387	182	182000.000
7388	190	190000.000
7389	175	175000.000
7390	176	176000.000
7391	189	189000.000
7392	183	183000.000
7393	178	178000.000
7394	169	169000.000
7395	158	158000.000
7396	193	193000.000
7397	176	176000.000
7398	155	155000.000
7399	164	164000.000
7400	168	168000.000
7401	185	185000.000
7402	202	202000.000
7403	169	169000.000
7404	162	162000.000
7405	169	169000.000
7406	165	165000.000
7407	167	167000.000
7408	169	169000.000
7409	162	162000.000
7410	199	199000.000
7411	172	172000.000
7412	175	175000.000
7413	165	165000.000
7414	160	160000.000
7415	182	182000.000
7416	174	174000.000
7417	158	158000.000
7418	181	181000.000
7419	166	166000.000
7420	190	190000.000
7421	173	173000.000
7422	179	179000.000
7423	143	143000.000
7424	211	211000.000
7425	189	189000.000
7426	190	190000.000
7427	180	180000.000
7428	179	179000.000
7429	147	147000.000
7430	171	171000.000
7431	169	169000.000
7432	155	155000.000
7433	182	182000.000
7434	179	179000.000
7435	174	174000.000
7436	174	174000.000
7437	187	187000.000
7438	173	173000.000
7439	166	166000.000
7440	176	176000.000
7441	146	146000.000
7442	163	163000.000
7443	162	162000.000
7444	180	180000.000
7445	189	189000.000
7446	165	165000.000
7447	175	175000.000
7448	169	169000.000
7449	147	147000.000
7450	161	161000.000
7451	169	169000.000
7452	171	171000.000
7453	146	146000.000
7454	167	167000.000
7455	177	177000.000
7456	158	158000.000
7457	173	173000.000
7458	157	157000.000
7459	195	195000.000
7460	155	155000.000
7461	168	168000.000
7462	187	187000.000
7463	177	177000.000
7464	188	188000.000
7465	164	164000.000
7466	185	185000.000
7467	169	169000.000
7468	180	180000.000
7469	206	206000.000
7470	181	181000.000
7471	178	178000.000
7472	158	158000.000
7473	180	180000.000
7474	156	156000.000
7475	187	187000.000
7476	158	158000.000
7477	173	173000.000
7478	170	170000.000
7479	166	166000.000
7480	187	187000.000
7481	157	157000.000
7482	172	172000.000
7483	174	174000.000
7484	182	182000.000
7485	179	179000.000
7486	150	150000.000
7487	187	187000.000
7488	189	189000.000
7489	197	197000.000
7490	168	168000.000
7491	166	166000.000
7492	171	171000.000
7493	187	187000.000
7494	172	172000.000
7495	172	172000.000
7496	186	186000.000
7497	181	181000.000
7498	172	172000.000
7499	180	180000.000
7500	170	170000.000
7501	133	133000.000
7502	173	173000.000
7503	174	174000.000
7504	196	196000.000
7505	167	167000.000
7506	181	181000.000
7507	192	192000.000
7508	175	175000.000
7509	162	162000.000
7510	185	185000.000
7511	174	174000.000
7512	164	164000.000
7513	170	170000.000
7514	170	170000.000
7515	179	179000.000
7516	172	172000.000
7517	182	182000.000
7518	158	158000.000
7519	176	176000.000
7520	174	174000.000
7521	189	189000.000
7522	186	186000.000
7523	170	170000.000
7524	182	182000.000
7525	151	151000.000
7526	156	156000.000
7527	173	173000.000
7528	148	148000.000
7529	184	184000.000
7530	173	173000.000
7531	182	182000.000
7532	180	180000.000
7533	178	178000.000
7534	161	161000.000
7535	182	182000.000
7536	171	171000.000
7537	158	158000.000
7538	171	171000.000
7539	190	190000.000
7540	170	170000.000
7541	191	191000.000
7542	166	166000.000
7543	182	182000.000
7544	165	165000.000
7545	167	167000.000
7546	181	181000.000
7547	158	158000.000
7548	179	179000.000
7549	190	190000.000
7550	190	190000.000
7551	159	159000.000
7552	175	175000.000
7553	144	144000.000
7554	165	165000.000
7555	182	182000.000
7556	185	185000.000
7557	176	176000.000
7558	206	206000.000
7559	179	179000.000
7560	176	176000.000
7561	189	189000.000
7562	184	184000.000
7563	160	160000.000
7564	194	194000.000
7565	170	170000.000
7566	179	179000.000
7567	163	163000.000
7568	169	169000.000
7569	194	194000.000
7570	173	173000.000
7571	168	168000.000
7572	167	167000.000
7573	168	168000.000
7574	197	197000.000
7575	182	182000.000
7576	174	174000.000
7577	180	180000.000
7578	180	180000.000
7579	211	211000.000
7580	167	167000.000
7581	163	163000.000
7582	168	168000.000
7583	197	197000.000
7584	165	165000.000
7585	190	190000.000
7586	178	178000.000
7587	183	183000.000
7588	176	176000.000
7589	184	184000.000
7590	175	175000.000
7591	173	173000.000
7592	189	189000.000
7593	179	179000.000
7594	168	168000.000
7595	162	162000.000
7596	169	169000.000
7597	179	179000.000
7598	163	163000.000
7599	172	172000.000
7600	179	179000.000
7601	189	189000.000
7602	193	193000.000
7603	193	193000.000
7604	184	184000.000
7605	173	173000.000
7606	186	186000.000
7607	171	171000.000
7608	173	173000.000
7609	165	165000.000
7610	190	190000.000
7611	158	158000.000
7612	152	152000.000
7613	163	163000.000
7614	166	166000.000
7615	163	163000.000
7616	183	183000.000
7617	169	169000.000
7618	187	187000.000
7619	180	180000.000
7620	169	169000.000
7621	152	152000.000
7622	160	160000.000
7623	203	203000.000
7624	175	175000.000
7625	167	167000.000
7626	160	160000.000
7627	173	173000.000
7628	177	177000.000
7629	171	171000.000
7630	188	188000.000
7631	180	180000.000
7632	177	177000.000
7633	170	170000.000
7634	186	186000.000
7635	169	169000.000
7636	174	174000.000
7637	154	154000.000
7638	182	182000.000
7639	175	175000.000
7640	187	187000.000
7641	178	178000.000
7642	172	172000.000
7643	167	167000.000
7644	182	182000.000
7645	177	177000.000
7646	180	180000.000
7647	173	173000.000
7648	206	206000.000
7649	164	164000.000
7650	189	189000.000
7651	149	149000.000
7652	165	165000.000
7653	182	182000.000
7654	163	163000.000
7655	172	172000.000
7656	177	177000.000
7657	175	175000.000
7658	163	163000.000
7659	168	168000.000
7660	194	194000.000
7661	171	171000.000
7662	176	176000.000
7663	191	191000.000
7664	176	176000.000
7665	175	175000.000
7666	164	164000.000
7667	171	171000.000
7668	201	201000.000
7669	176	176000.000
7670	153	153000.000
7671	172	172000.000
7672	164	164000.000
7673	173	173000.000
7674	177	177000.000
7675	178	178000.000
7676	190	190000.000
7677	151	151000.000
7678	184	184000.000
7679	191	191000.000
7680	189	189000.000
7681	165	165000.000
7682	183	183000.000
7683	172	172000.000
7684	163	163000.000
7685	171	171000.000
7686	155	155000.000
7687	183	183000.000
7688	182	182000.000
7689	181	181000.000
7690	179	179000.000
7691	164	164000.000
7692	181	181000.000
7693	188	188000.000
7694	189	189000.000
7695	181	181000.000
7696	162	162000.000
7697	180	180000.000
7698	140	140000.000
7699	180	180000.000
7700	162	162000.000
7701	197	197000.000
7702	161	161000.000
7703	161	161000.000
7704	195	195000.000
7705	179	179000.000
7706	174	174000.000
7707	180	180000.000
7708	174	174000.000
7709	181	181000.000
7710	155	155000.000
7711	175	175000.000
7712	165	165000.000
7713	157	157000.000
7714	182	182000.000
7715	183	183000.000
7716	181	181000.000
7717	175	175000.000
7718	187	187000.000
7719	190	190000.000
7720	157	157000.000
7721	176	176000.000
7722	176	176000.000
7723	170	170000.000
7724	167	167000.000
7725	162	162000.000
7726	169	169000.000
7727	181	181000.000
7728	163	163000.000
7729	154	154000.000
7730	176	176000.000
7731	200	200000.000
7732	152	152000.000
7733	171	171000.000
7734	158	158000.000
7735	167	167000.000
7736	154	154000.000
7737	164	164000.000
7738	164	164000.000
7739	173	173000.000
7740	183	183000.000
7741	187	187000.000
7742	172	172000.000
7743	185	185000.000
7744	178	178000.000
7745	178	178000.000
7746	179	179000.000
7747	170	170000.000
7748	187	187000.000
7749	161	161000.000
7750	189	189000.000
7751	171	171000.000
7752	172	172000.000
7753	146	146000.000
7754	195	195000.000
7755	172	172000.000
7756	173	173000.000
7757	177	177000.000
7758	164	164000.000
7759	194	194000.000
7760	167	167000.000
7761	158	158000.000
7762	182	182000.000
7763	184	184000.000
7764	168	168000.000
7765	163	163000.000
7766	204	204000.000
7767	158	158000.000
7768	168	168000.000
7769	197	197000.000
7770	188	188000.000
7771	152	152000.000
7772	152	152000.000
7773	166	166000.000
7774	169	169000.000
7775	166	166000.000
7776	182	182000.000
7777	183	183000.000
7778	177	177000.000
7779	165	165000.000
7780	155	155000.000
7781	186	186000.000
7782	166	166000.000
7783	204	204000.000
7784	186	186000.000
7785	190	190000.000
7786	175	175000.000
7787	162	162000.000
7788	171	171000.000
7789	186	186000.000
7790	181	181000.000
7791	166	166000.000
7792	186	186000.000
7793	158	158000.000
7794	174	174000.000
7795	170	170000.000
7796	169	169000.000
7797	167	167000.000
7798	165	165000.000
7799	182	182000.000
7800	196	196000.000
7801	147	147000.000
7802	197	197000.000
7803	158	158000.000
7804	164	164000.000
7805	170	170000.000
7806	181	181000.000
7807	164	164000.000
7808	168	168000.000
7809	167	167000.000
7810	187	187000.000
7811	181	181000.000
7812	186	186000.000
7813	186	186000.000
7814	160	160000.000
7815	171	171000.000
7816	188	188000.000
7817	173	173000.000
7818	168	168000.000
7819	191	191000.000
7820	184	184000.000
7821	153	153000.000
7822	180	180000.000
7823	189	189000.000
7824	194	194000.000
7825	177	177000.000
7826	166	166000.000
7827	170	170000.000
7828	155	155000.000
7829	187	187000.000
7830	192	192000.000
7831	190	190000.000
7832	178	178000.000
7833	157	157000.000
7834	164	164000.000
7835	173	173000.000
7836	173	173000.000
7837	202	202000.000
7838	176	176000.000
7839	176	176000.000
7840	186	186000.000
7841	181	181000.000
7842	171	171000.000
7843	184	184000.000
7844	161	161000.000
7845	186	186000.000
7846	187	187000.000
7847	148	148000.000
7848	177	177000.000
7849	160	160000.000
7850	164	164000.000
7851	186	186000.000
7852	177	177000.000
7853	194	194000.000
7854	177	177000.000
7855	167	167000.000
7856	183	183000.000
7857	153	153000.000
7858	169	169000.000
7859	193	193000.000
7860	173	173000.000
7861	165	165000.000
7862	187	187000.000
7863	174	174000.000
7864	137	137000.000
7865	169	169000.000
7866	157	157000.000
7867	161	161000.000
7868	191	191000.000
7869	197	197000.000
7870	166	166000.000
7871	196	196000.000
7872	170	170000.000
7873	180	180000.000
7874	190	190000.000
7875	182	182000.000
7876	166	166000.000
7877	158	158000.000
7878	179	179000.000
7879	175	175000.000
7880	143	143000.000
7881	194	194000.000
7882	167	167000.000
7883	159	159000.000
7884	181	181000.000
7885	178	178000.000
7886	194	194000.000
7887	177	177000.000
7888	176	176000.000
7889	153	153000.000
7890	195	195000.000
7891	172	172000.000
7892	163	163000.000
7893	170	170000.000
7894	172	172000.000
7895	184	184000.000
7896	189	189000.000
7897	156	156000.000
7898	170	170000.000
7899	177	177000.000
7900	181	181000.000
7901	164	164000.000
7902	179	179000.000
7903	171	171000.000
7904	177	177000.000
7905	171	171000.000
7906	168	168000.000
7907	171	171000.000
7908	165	165000.000
7909	188	188000.000
7910	193	193000.000
7911	173	173000.000
7912	189	189000.000
7913	171	171000.000
7914	185	185000.000
7915	154	154000.000
7916	172	172000.000
7917	175	175000.000
7918	172	172000.000
7919	195	195000.000
7920	171	171000.000
7921	177	177000.000
7922	171	171000.000
7923	171	171000.000
7924	177	177000.000
7925	179	179000.000
7926	191	191000.000
7927	184	184000.000
7928	164	164000.000
7929	167	167000.000
7930	153	153000.000
7931	168	168000.000
7932	179	179000.000
7933	164	164000.000
7934	180	180000.000
7935	186	186000.000
7936	191	191000.000
7937	175	175000.000
7938	185	185000.000
7939	175	175000.000
7940	184	184000.000
7941	170	170000.000
7942	162	162000.000
7943	162	162000.000
7944	153	153000.000
7945	168	168000.000
7946	198	198000.000
7947	176	176000.000
7948	150	150000.000
7949	164	164000.000
7950	178	178000.000
7951	180	180000.000
7952	173	173000.000
7953	209	209000.000
7954	167	167000.000
7955	167	167000.000
7956	181	181000.000
7957	184	184000.000
7958	184	184000.000
7959	183	183000.000
7960	175	175000.000
7961	168	168000.000
7962	170	170000.000
7963	169	169000.000
7964	168	168000.000
7965	172	172000.000
7966	177	177000.000
7967	184	184000.000
7968	156	156000.000
7969	172	172000.000
7970	188	188000.000
7971	178	178000.000
7972	209	209000.000
7973	192	192000.000
7974	170	170000.000
7975	178	178000.000
7976	166	166000.000
7977	185	185000.000
7978	145	145000.000
7979	192	192000.000
7980	187	187000.000
7981	180	180000.000
7982	197	197000.000
7983	172	172000.000
7984	186	186000.000
7985	169	169000.000
7986	163	163000.000
7987	186	186000.000
7988	198	198000.000
7989	194	194000.000
7990	178	178000.000
7991	180	180000.000
7992	183	183000.000
7993	162	162000.000
7994	189	189000.000
7995	165	165000.000
7996	162	162000.000
7997	182	182000.000
7998	153	153000.000
7999	171	171000.000
8000	165	165000.000
8001	174	174000.000
8002	179	179000.000
8003	205	205000.000
8004	186	186000.000
8005	185	185000.000
8006	176	176000.000
8007	177	177000.000
8008	170	170000.000
8009	184	184000.000
8010	170	170000.000
8011	180	180000.000
8012	184	184000.000
8013	172	172000.000
8014	181	181000.000
8015	184	184000.000
8016	168	168000.000
8017	167	167000.000
8018	163	163000.000
8019	171	171000.000
8020	189	189000.000
8021	187	187000.000
8022	206	206000.000
8023	146	146000.000
8024	161	161000.000
8025	179	179000.000
8026	161	161000.000
8027	177	177000.000
8028	185	185000.000
8029	179	179000.000
8030	175	175000.000
8031	171	171000.000
8032	187	187000.000
8033	174	174000.000
8034	168	168000.000
8035	188	188000.000
8036	171	171000.000
8037	189	189000.000
8038	159	159000.000
8039	164	164000.000
8040	165	165000.000
8041	181	181000.000
8042	169	169000.000
8043	156	156000.000
8044	171	171000.000
8045	202	202000.000
8046	164	164000.000
8047	181	181000.000
8048	195	195000.000
8049	175	175000.000
8050	169	169000.000
8051	157	157000.000
8052	177	177000.000
8053	186	186000.000
8054	180	180000.000
8055	181	181000.000
8056	193	193000.000
8057	181	181000.000
8058	170	170000.000
8059	168	168000.000
8060	174	174000.000
8061	180	180000.000
8062	173	173000.000
8063	166	166000.000
8064	174	174000.000
8065	178	178000.000
8066	174	174000.000
8067	186	186000.000
8068	165	165000.000
8069	178	178000.000
8070	179	179000.000
8071	171	171000.000
8072	183	183000.000
8073	186	186000.000
8074	173	173000.000
8075	176	176000.000
8076	177	177000.000
8077	194	194000.000
8078	187	187000.000
8079	175	175000.000
8080	208	208000.000
8081	184	184000.000
8082	178	178000.000
8083	176	176000.000
8084	186	186000.000
8085	185	185000.000
8086	186	186000.000
8087	206	206000.000
8088	183	183000.000
8089	157	157000.000
8090	163	163000.000
8091	162	162000.000
8092	170	170000.000
8093	190	190000.000
8094	151	151000.000
8095	185	185000.000
8096	151	151000.000
8097	165	165000.000
8098	179	179000.000
8099	156	156000.000
8100	166	166000.000
8101	173	173000.000
8102	197	197000.000
8103	170	170000.000
8104	195	195000.000
8105	175	175000.000
8106	179	179000.000
8107	157	157000.000
8108	182	182000.000
8109	189	189000.000
8110	187	187000.000
8111	186	186000.000
8112	200	200000.000
8113	189	189000.000
8114	150	150000.000
8115	173	173000.000
8116	177	177000.000
8117	178	178000.000
8118	204	204000.000
8119	173	173000.000
8120	195	195000.000
8121	148	148000.000
8122	156	156000.000
8123	177	177000.000
8124	191	191000.000
8125	189	189000.000
8126	188	188000.000
8127	191	191000.000
8128	171	171000.000
8129	166	166000.000
8130	180	180000.000
8131	173	173000.000
8132	169	169000.000
8133	181	181000.000
8134	191	191000.000
8135	176	176000.000
8136	168	168000.000
8137	194	194000.000
8138	168	168000.000
8139	177	177000.000
8140	174	174000.000
8141	158	158000.000
8142	186	186000.000
8143	176	176000.000
8144	164	164000.000
8145	162	162000.000
8146	166	166000.000
8147	172	172000.000
8148	173	173000.000
8149	185	185000.000
8150	177	177000.000
8151	188	188000.000
8152	169	169000.000
8153	173	173000.000
8154	173	173000.000
8155	189	189000.000
8156	150	150000.000
8157	164	164000.000
8158	170	170000.000
8159	184	184000.000
8160	194	194000.000
8161	195	195000.000
8162	154	154000.000
8163	185	185000.000
8164	156	156000.000
8165	168	168000.000
8166	153	153000.000
8167	175	175000.000
8168	168	168000.000
8169	187	187000.000
8170	167	167000.000
8171	200	200000.000
8172	157	157000.000
8173	186	186000.000
8174	181	181000.000
8175	166	166000.000
8176	190	190000.000
8177	195	195000.000
8178	183	183000.000
8179	197	197000.000
8180	153	153000.000
8181	149	149000.000
8182	176	176000.000
8183	180	180000.000
8184	189	189000.000
8185	179	179000.000
8186	163	163000.000
8187	185	185000.000
8188	152	152000.000
8189	173	173000.000
8190	168	168000.000
8191	164	164000.000
8192	168	168000.000
8193	162	162000.000
8194	191	191000.000
8195	188	188000.000
8196	175	175000.000
8197	189	189000.000
8198	180	180000.000
8199	195	195000.000
8200	186	186000.000
8201	173	173000.000
8202	161	161000.000
8203	173	173000.000
8204	170	170000.000
8205	171	171000.000
8206	199	199000.000
8207	169	169000.000
8208	176	176000.000
8209	175	175000.000
8210	172	172000.000
8211	151	151000.000
8212	161	161000.000
8213	186	186000.000
8214	182	182000.000
8215	175	175000.000
8216	188	188000.000
8217	199	199000.000
8218	166	166000.000
8219	169	169000.000
8220	182	182000.000
8221	164	164000.000
8222	161	161000.000
8223	196	196000.000
8224	198	198000.000
8225	171	171000.000
8226	189	189000.000
8227	179	179000.000
8228	154	154000.000
8229	158	158000.000
8230	179	179000.000
8231	176	176000.000
8232	188	188000.000
8233	188	188000.000
8234	182	182000.000
8235	181	181000.000
8236	204	204000.000
8237	183	183000.000
8238	174	174000.000
8239	199	199000.000
8240	201	201000.000
8241	161	161000.000
8242	188	188000.000
8243	162	162000.000
8244	156	156000.000
8245	160	160000.000
8246	153	153000.000
8247	169	169000.000
8248	159	159000.000
8249	199	199000.000
8250	185	185000.000
8251	195	195000.000
8252	161	161000.000
8253	157	157000.000
8254	172	172000.000
8255	156	156000.000
8256	174	174000.000
8257	170	170000.000
8258	181	181000.000
8259	139	139000.000
8260	173	173000.000
8261	166	166000.000
8262	182	182000.000
8263	177	177000.000
8264	204	204000.000
8265	159	159000.000
8266	172	172000.000
8267	181	181000.000
8268	173	173000.000
8269	168	168000.000
8270	182	182000.000
8271	170	170000.000
8272	178	178000.000
8273	197	197000.000
8274	160	160000.000
8275	194	194000.000
8276	180	180000.000
8277	174	174000.000
8278	168	168000.000
8279	159	159000.000
8280	167	167000.000
8281	190	190000.000
8282	177	177000.000
8283	162	162000.000
8284	171	171000.000
8285	165	165000.000
8286	176	176000.000
8287	159	159000.000
8288	175	175000.000
8289	165	165000.000
8290	188	188000.000
8291	153	153000.000
8292	173	173000.000
8293	180	180000.000
8294	167	167000.000
8295	155	155000.000
8296	173	173000.000
8297	170	170000.000
8298	169	169000.000
8299	178	178000.000
8300	181	181000.000
8301	196	196000.000
8302	188	188000.000
8303	173	173000.000
8304	180	180000.000
8305	177	177000.000
8306	160	160000.000
8307	170	170000.000
8308	174	174000.000
8309	164	164000.000
8310	171	171000.000
8311	213	213000.000
8312	191	191000.000
8313	189	189000.000
8314	178	178000.000
8315	152	152000.000
8316	170	170000.000
8317	194	194000.000
8318	180	180000.000
8319	185	185000.000
8320	168	168000.000
8321	155	155000.000
8322	172	172000.000
8323	162	162000.000
8324	190	190000.000
8325	202	202000.000
8326	157	157000.000
8327	190	190000.000
8328	172	172000.000
8329	194	194000.000
8330	179	179000.000
8331	177	177000.000
8332	205	205000.000
8333	186	186000.000
8334	179	179000.000
8335	162	162000.000
8336	181	181000.000
8337	170	170000.000
8338	178	178000.000
8339	187	187000.000
8340	153	153000.000
8341	163	163000.000
8342	191	191000.000
8343	177	177000.000
8344	174	174000.000
8345	202	202000.000
8346	179	179000.000
8347	157	157000.000
8348	158	158000.000
8349	188	188000.000
8350	205	205000.000
8351	172	172000.000
8352	158	158000.000
8353	158	158000.000
8354	177	177000.000
8355	170	170000.000
8356	176	176000.000
8357	155	155000.000
8358	203	203000.000
8359	185	185000.000
8360	155	155000.000
8361	161	161000.000
8362	179	179000.000
8363	172	172000.000
8364	156	156000.000
8365	166	166000.000
8366	190	190000.000
8367	182	182000.000
8368	183	183000.000
8369	183	183000.000
8370	188	188000.000
8371	184	184000.000
8372	182	182000.000
8373	180	180000.000
8374	164	164000.000
8375	159	159000.000
8376	191	191000.000
8377	178	178000.000
8378	173	173000.000
8379	176	176000.000
8380	153	153000.000
8381	168	168000.000
8382	189	189000.000
8383	163	163000.000
8384	186	186000.000
8385	182	182000.000
8386	176	176000.000
8387	167	167000.000
8388	159	159000.000
8389	200	200000.000
8390	188	188000.000
8391	154	154000.000
8392	187	187000.000
8393	158	158000.000
8394	196	196000.000
8395	173	173000.000
8396	157	157000.000
8397	178	178000.000
8398	170	170000.000
8399	183	183000.000
8400	186	186000.000
8401	159	159000.000
8402	165	165000.000
8403	189	189000.000
8404	178	178000.000
8405	187	187000.000
8406	183	183000.000
8407	164	164000.000
8408	176	176000.000
8409	162	162000.000
8410	157	157000.000
8411	167	167000.000
8412	190	190000.000
8413	186	186000.000
8414	179	179000.000
8415	163	163000.000
8416	184	184000.000
8417	150	150000.000
8418	163	163000.000
8419	171	171000.000
8420	169	169000.000
8421	195	195000.000
8422	174	174000.000
8423	189	189000.000
8424	159	159000.000
8425	186	186000.000
8426	174	174000.000
8427	188	188000.000
8428	179	179000.000
8429	182	182000.000
8430	188	188000.000
8431	164	164000.000
8432	181	181000.000
8433	186	186000.000
8434	167	167000.000
8435	202	202000.000
8436	153	153000.000
8437	179	179000.000
8438	139	139000.000
8439	184	184000.000
8440	158	158000.000
8441	181	181000.000
8442	166	166000.000
8443	159	159000.000
8444	181	181000.000
8445	157	157000.000
8446	178	178000.000
8447	169	169000.000
8448	163	163000.000
8449	168	168000.000
8450	169	169000.000
8451	157	157000.000
8452	200	200000.000
8453	161	161000.000
8454	214	214000.000
8455	173	173000.000
8456	160	160000.000
8457	185	185000.000
8458	172	172000.000
8459	170	170000.000
8460	178	178000.000
8461	175	175000.000
8462	207	207000.000
8463	174	174000.000
8464	210	210000.000
8465	205	205000.000
8466	152	152000.000
8467	150	150000.000
8468	198	198000.000
8469	195	195000.000
8470	172	172000.000
8471	183	183000.000
8472	167	167000.000
8473	198	198000.000
8474	164	164000.000
8475	167	167000.000
8476	168	168000.000
8477	153	153000.000
8478	156	156000.000
8479	154	154000.000
8480	179	179000.000
8481	172	172000.000
8482	159	159000.000
8483	212	212000.000
8484	183	183000.000
8485	184	184000.000
8486	167	167000.000
8487	184	184000.000
8488	169	169000.000
8489	161	161000.000
8490	176	176000.000
8491	197	197000.000
8492	180	180000.000
8493	190	190000.000
8494	166	166000.000
8495	182	182000.000
8496	197	197000.000
8497	161	161000.000
8498	176	176000.000
8499	187	187000.000
8500	173	173000.000
8501	193	193000.000
8502	170	170000.000
8503	177	177000.000
8504	187	187000.000
8505	164	164000.000
8506	173	173000.000
8507	191	191000.000
8508	205	205000.000
8509	177	177000.000
8510	193	193000.000
8511	180	180000.000
8512	176	176000.000
8513	179	179000.000
8514	155	155000.000
8515	183	183000.000
8516	157	157000.000
8517	180	180000.000
8518	180	180000.000
8519	191	191000.000
8520	162	162000.000
8521	146	146000.000
8522	192	192000.000
8523	189	189000.000
8524	170	170000.000
8525	156	156000.000
8526	158	158000.000
8527	166	166000.000
8528	175	175000.000
8529	175	175000.000
8530	168	168000.000
8531	202	202000.000
8532	189	189000.000
8533	177	177000.000
8534	171	171000.000
8535	192	192000.000
8536	170	170000.000
8537	162	162000.000
8538	181	181000.000
8539	154	154000.000
8540	179	179000.000
8541	183	183000.000
8542	188	188000.000
8543	178	178000.000
8544	173	173000.000
8545	171	171000.000
8546	181	181000.000
8547	198	198000.000
8548	177	177000.000
8549	202	202000.000
8550	172	172000.000
8551	186	186000.000
8552	181	181000.000
8553	181	181000.000
8554	162	162000.000
8555	165	165000.000
8556	176	176000.000
8557	175	175000.000
8558	220	220000.000
8559	183	183000.000
8560	157	157000.000
8561	212	212000.000
8562	154	154000.000
8563	172	172000.000
8564	162	162000.000
8565	164	164000.000
8566	173	173000.000
8567	176	176000.000
8568	186	186000.000
8569	171	171000.000
8570	168	168000.000
8571	172	172000.000
8572	186	186000.000
8573	157	157000.000
8574	168	168000.000
8575	149	149000.000
8576	193	193000.000
8577	180	180000.000
8578	166	166000.000
8579	171	171000.000
8580	173	173000.000
8581	202	202000.000
8582	172	172000.000
8583	190	190000.000
8584	162	162000.000
8585	156	156000.000
8586	180	180000.000
8587	158	158000.000
8588	181	181000.000
8589	177	177000.000
8590	183	183000.000
8591	179	179000.000
8592	186	186000.000
8593	167	167000.000
8594	179	179000.000
8595	192	192000.000
8596	153	153000.000
8597	166	166000.000
8598	184	184000.000
8599	163	163000.000
8600	166	166000.000
8601	171	171000.000
8602	183	183000.000
8603	198	198000.000
8604	202	202000.000
8605	160	160000.000
8606	160	160000.000
8607	173	173000.000
8608	168	168000.000
8609	184	184000.000
8610	158	158000.000
8611	179	179000.000
8612	176	176000.000
8613	163	163000.000
8614	170	170000.000
8615	177	177000.000
8616	175	175000.000
8617	183	183000.000
8618	164	164000.000
8619	170	170000.000
8620	169	169000.000
8621	159	159000.000
8622	160	160000.000
8623	163	163000.000
8624	182	182000.000
8625	200	200000.000
8626	181	181000.000
8627	185	185000.000
8628	152	152000.000
8629	169	169000.000
8630	185	185000.000
8631	171	171000.000
8632	162	162000.000
8633	174	174000.000
8634	208	208000.000
8635	192	192000.000
8636	144	144000.000
8637	188	188000.000
8638	173	173000.000
8639	160	160000.000
8640	175	175000.000
8641	165	165000.000
8642	158	158000.000
8643	201	201000.000
8644	179	179000.000
8645	170	170000.000
8646	191	191000.000
8647	162	162000.000
8648	191	191000.000
8649	177	177000.000
8650	175	175000.000
8651	171	171000.000
8652	191	191000.000
8653	194	194000.000
8654	175	175000.000
8655	152	152000.000
8656	198	198000.000
8657	185	185000.000
8658	184	184000.000
8659	154	154000.000
8660	177	177000.000
8661	151	151000.000
8662	210	210000.000
8663	170	170000.000
8664	162	162000.000
8665	167	167000.000
8666	154	154000.000
8667	170	170000.000
8668	160	160000.000
8669	162	162000.000
8670	188	188000.000
8671	152	152000.000
8672	175	175000.000
8673	172	172000.000
8674	178	178000.000
8675	165	165000.000
8676	165	165000.000
8677	166	166000.000
8678	175	175000.000
8679	156	156000.000
8680	162	162000.000
8681	141	141000.000
8682	170	170000.000
8683	160	160000.000
8684	186	186000.000
8685	173	173000.000
8686	192	192000.000
8687	173	173000.000
8688	172	172000.000
8689	184	184000.000
8690	204	204000.000
8691	176	176000.000
8692	189	189000.000
8693	173	173000.000
8694	164	164000.000
8695	161	161000.000
8696	196	196000.000
8697	172	172000.000
8698	163	163000.000
8699	169	169000.000
8700	196	196000.000
8701	193	193000.000
8702	154	154000.000
8703	189	189000.000
8704	179	179000.000
8705	198	198000.000
8706	169	169000.000
8707	192	192000.000
8708	193	193000.000
8709	152	152000.000
8710	145	145000.000
8711	177	177000.000
8712	174	174000.000
8713	192	192000.000
8714	185	185000.000
8715	165	165000.000
8716	157	157000.000
8717	201	201000.000
8718	157	157000.000
8719	173	173000.000
8720	163	163000.000
8721	166	166000.000
8722	181	181000.000
8723	180	180000.000
8724	170	170000.000
8725	150	150000.000
8726	180	180000.000
8727	201	201000.000
8728	177	177000.000
8729	167	167000.000
8730	197	197000.000
8731	178	178000.000
8732	191	191000.000
8733	168	168000.000
8734	198	198000.000
8735	167	167000.000
8736	169	169000.000
8737	164	164000.000
8738	191	191000.000
8739	188	188000.000
8740	183	183000.000
8741	202	202000.000
8742	164	164000.000
8743	172	172000.000
8744	166	166000.000
8745	185	185000.000
8746	153	153000.000
8747	167	167000.000
8748	186	186000.000
8749	179	179000.000
8750	189	189000.000
8751	164	164000.000
8752	178	178000.000
8753	199	199000.000
8754	169	169000.000
8755	170	170000.000
8756	165	165000.000
8757	176	176000.000
8758	163	163000.000
8759	159	159000.000
8760	164	164000.000
8761	166	166000.000
8762	203	203000.000
8763	161	161000.000
8764	168	168000.000
8765	184	184000.000
8766	178	178000.000
8767	183	183000.000
8768	171	171000.000
8769	192	192000.000
8770	193	193000.000
8771	160	160000.000
8772	173	173000.000
8773	165	165000.000
8774	191	191000.000
8775	176	176000.000
8776	164	164000.000
8777	188	188000.000
8778	162	162000.000
8779	187	187000.000
8780	151	151000.000
8781	182	182000.000
8782	157	157000.000
8783	164	164000.000
8784	168	168000.000
8785	167	167000.000
8786	157	157000.000
8787	164	164000.000
8788	167	167000.000
8789	196	196000.000
8790	176	176000.000
8791	174	174000.000
8792	167	167000.000
8793	184	184000.000
8794	166	166000.000
8795	192	192000.000
8796	175	175000.000
8797	165	165000.000
8798	173	173000.000
8799	177	177000.000
8800	162	162000.000
8801	179	179000.000
8802	180	180000.000
8803	182	182000.000
8804	183	183000.000
8805	166	166000.000
8806	151	151000.000
8807	164	164000.000
8808	167	167000.000
8809	173	173000.000
8810	178	178000.000
8811	184	184000.000
8812	176	176000.000
8813	150	150000.000
8814	164	164000.000
8815	166	166000.000
8816	182	182000.000
8817	168	168000.000
8818	179	179000.000
8819	161	161000.000
8820	165	165000.000
8821	177	177000.000
8822	190	190000.000
8823	166	166000.000
8824	174	174000.000
8825	154	154000.000
8826	167	167000.000
8827	175	175000.000
8828	188	188000.000
8829	178	178000.000
8830	179	179000.000
8831	186	186000.000
8832	200	200000.000
8833	185	185000.000
8834	172	172000.000
8835	161	161000.000
8836	175	175000.000
8837	189	189000.000
8838	183	183000.000
8839	158	158000.000
8840	155	155000.000
8841	140	140000.000
8842	182	182000.000
8843	161	161000.000
8844	156	156000.000
8845	178	178000.000
8846	176	176000.000
8847	191	191000.000
8848	189	189000.000
8849	188	188000.000
8850	153	153000.000
8851	176	176000.000
8852	192	192000.000
8853	189	189000.000
8854	186	186000.000
8855	195	195000.000
8856	168	168000.000
8857	172	172000.000
8858	192	192000.000
8859	183	183000.000
8860	201	201000.000
8861	178	178000.000
8862	169	169000.000
8863	182	182000.000
8864	195	195000.000
8865	182	182000.000
8866	170	170000.000
8867	176	176000.000
8868	170	170000.000
8869	184	184000.000
8870	156	156000.000
8871	168	168000.000
8872	171	171000.000
8873	175	175000.000
8874	184	184000.000
8875	183	183000.000
8876	166	166000.000
8877	185	185000.000
8878	154	154000.000
8879	211	211000.000
8880	186	186000.000
8881	172	172000.000
8882	159	159000.000
8883	181	181000.000
8884	188	188000.000
8885	164	164000.000
8886	177	177000.000
8887	182	182000.000
8888	169	169000.000
8889	167	167000.000
8890	178	178000.000
8891	162	162000.000
8892	153	153000.000
8893	176	176000.000
8894	174	174000.000
8895	160	160000.000
8896	163	163000.000
8897	187	187000.000
8898	167	167000.000
8899	166	166000.000
8900	164	164000.000
8901	177	177000.000
8902	182	182000.000
8903	180	180000.000
8904	166	166000.000
8905	207	207000.000
8906	195	195000.000
8907	174	174000.000
8908	182	182000.000
8909	162	162000.000
8910	155	155000.000
8911	194	194000.000
8912	167	167000.000
8913	188	188000.000
8914	157	157000.000
8915	169	169000.000
8916	146	146000.000
8917	182	182000.000
8918	187	187000.000
8919	169	169000.000
8920	177	177000.000
8921	172	172000.000
8922	171	171000.000
8923	189	189000.000
8924	172	172000.000
8925	171	171000.000
8926	167	167000.000
8927	153	153000.000
8928	171	171000.000
8929	169	169000.000
8930	183	183000.000
8931	163	163000.000
8932	181	181000.000
8933	202	202000.000
8934	182	182000.000
8935	174	174000.000
8936	177	177000.000
8937	179	179000.000
8938	156	156000.000
8939	161	161000.000
8940	190	190000.000
8941	153	153000.000
8942	169	169000.000
8943	152	152000.000
8944	168	168000.000
8945	163	163000.000
8946	171	171000.000
8947	165	165000.000
8948	176	176000.000
8949	181	181000.000
8950	202	202000.000
8951	158	158000.000
8952	180	180000.000
8953	164	164000.000
8954	179	179000.000
8955	146	146000.000
8956	189	189000.000
8957	202	202000.000
8958	183	183000.000
8959	140	140000.000
8960	163	163000.000
8961	182	182000.000
8962	199	199000.000
8963	184	184000.000
8964	184	184000.000
8965	179	179000.000
8966	161	161000.000
8967	163	163000.000
8968	189	189000.000
8969	185	185000.000
8970	172	172000.000
8971	156	156000.000
8972	166	166000.000
8973	163	163000.000
8974	166	166000.000
8975	166	166000.000
8976	178	178000.000
8977	166	166000.000
8978	201	201000.000
8979	182	182000.000
8980	189	189000.000
8981	172	172000.000
8982	173	173000.000
8983	203	203000.000
8984	178	178000.000
8985	181	181000.000
8986	192	192000.000
8987	169	169000.000
8988	178	178000.000
8989	174	174000.000
8990	188	188000.000
8991	194	194000.000
8992	176	176000.000
8993	153	153000.000
8994	153	153000.000
8995	167	167000.000
8996	175	175000.000
8997	179	179000.000
8998	157	157000.000
8999	190	190000.000
9000	158	158000.000
9001	166	166000.000
9002	190	190000.000
9003	159	159000.000
9004	167	167000.000
9005	171	171000.000
9006	164	164000.000
9007	175	175000.000
9008	183	183000.000
9009	185	185000.000
9010	149	149000.000
9011	165	165000.000
9012	183	183000.000
9013	188	188000.000
9014	165	165000.000
9015	162	162000.000
9016	175	175000.000
9017	159	159000.000
9018	175	175000.000
9019	192	192000.000
9020	150	150000.000
9021	176	176000.000
9022	169	169000.000
9023	152	152000.000
9024	171	171000.000
9025	185	185000.000
9026	166	166000.000
9027	213	213000.000
9028	184	184000.000
9029	159	159000.000
9030	189	189000.000
9031	182	182000.000
9032	159	159000.000
9033	198	198000.000
9034	163	163000.000
9035	174	174000.000
9036	170	170000.000
9037	177	177000.000
9038	188	188000.000
9039	171	171000.000
9040	164	164000.000
9041	164	164000.000
9042	182	182000.000
9043	166	166000.000
9044	174	174000.000
9045	174	174000.000
9046	172	172000.000
9047	161	161000.000
9048	183	183000.000
9049	163	163000.000
9050	170	170000.000
9051	156	156000.000
9052	158	158000.000
9053	159	159000.000
9054	163	163000.000
9055	203	203000.000
9056	192	192000.000
9057	195	195000.000
9058	175	175000.000
9059	178	178000.000
9060	172	172000.000
9061	177	177000.000
9062	170	170000.000
9063	169	169000.000
9064	182	182000.000
9065	188	188000.000
9066	182	182000.000
9067	189	189000.000
9068	194	194000.000
9069	181	181000.000
9070	187	187000.000
9071	181	181000.000
9072	189	189000.000
9073	167	167000.000
9074	135	135000.000
9075	179	179000.000
9076	202	202000.000
9077	193	193000.000
9078	181	181000.000
9079	167	167000.000
9080	154	154000.000
9081	177	177000.000
9082	170	170000.000
9083	164	164000.000
9084	160	160000.000
9085	163	163000.000
9086	157	157000.000
9087	156	156000.000
9088	195	195000.000
9089	166	166000.000
9090	180	180000.000
9091	177	177000.000
9092	181	181000.000
9093	180	180000.000
9094	180	180000.000
9095	184	184000.000
9096	165	165000.000
9097	170	170000.000
9098	185	185000.000
9099	187	187000.000
9100	152	152000.000
9101	197	197000.000
9102	173	173000.000
9103	172	172000.000
9104	176	176000.000
9105	172	172000.000
9106	199	199000.000
9107	180	180000.000
9108	166	166000.000
9109	186	186000.000
9110	180	180000.000
9111	180	180000.000
9112	162	162000.000
9113	175	175000.000
9114	182	182000.000
9115	161	161000.000
9116	173	173000.000
9117	187	187000.000
9118	167	167000.000
9119	183	183000.000
9120	192	192000.000
9121	174	174000.000
9122	186	186000.000
9123	168	168000.000
9124	188	188000.000
9125	207	207000.000
9126	154	154000.000
9127	176	176000.000
9128	179	179000.000
9129	181	181000.000
9130	160	160000.000
9131	165	165000.000
9132	182	182000.000
9133	164	164000.000
9134	165	165000.000
9135	145	145000.000
9136	156	156000.000
9137	162	162000.000
9138	184	184000.000
9139	170	170000.000
9140	160	160000.000
9141	167	167000.000
9142	167	167000.000
9143	179	179000.000
9144	174	174000.000
9145	171	171000.000
9146	161	161000.000
9147	178	178000.000
9148	173	173000.000
9149	193	193000.000
9150	194	194000.000
9151	185	185000.000
9152	185	185000.000
9153	131	131000.000
9154	176	176000.000
9155	163	163000.000
9156	165	165000.000
9157	174	174000.000
9158	170	170000.000
9159	188	188000.000
9160	155	155000.000
9161	185	185000.000
9162	187	187000.000
9163	147	147000.000
9164	193	193000.000
9165	193	193000.000
9166	165	165000.000
9167	169	169000.000
9168	176	176000.000
9169	158	158000.000
9170	165	165000.000
9171	187	187000.000
9172	198	198000.000
9173	185	185000.000
9174	163	163000.000
9175	184	184000.000
9176	190	190000.000
9177	204	204000.000
9178	177	177000.000
9179	192	192000.000
9180	160	160000.000
9181	153	153000.000
9182	188	188000.000
9183	171	171000.000
9184	164	164000.000
9185	151	151000.000
9186	148	148000.000
9187	160	160000.000
9188	204	204000.000
9189	159	159000.000
9190	176	176000.000
9191	176	176000.000
9192	196	196000.000
9193	164	164000.000
9194	177	177000.000
9195	184	184000.000
9196	177	177000.000
9197	204	204000.000
9198	165	165000.000
9199	179	179000.000
9200	161	161000.000
9201	163	163000.000
9202	157	157000.000
9203	169	169000.000
9204	154	154000.000
9205	169	169000.000
9206	190	190000.000
9207	166	166000.000
9208	188	188000.000
9209	163	163000.000
9210	190	190000.000
9211	189	189000.000
9212	170	170000.000
9213	170	170000.000
9214	190	190000.000
9215	146	146000.000
9216	154	154000.000
9217	171	171000.000
9218	153	153000.000
9219	191	191000.000
9220	166	166000.000
9221	169	169000.000
9222	177	177000.000
9223	166	166000.000
9224	174	174000.000
9225	176	176000.000
9226	166	166000.000
9227	171	171000.000
9228	193	193000.000
9229	193	193000.000
9230	159	159000.000
9231	183	183000.000
9232	171	171000.000
9233	160	160000.000
9234	157	157000.000
9235	181	181000.000
9236	195	195000.000
9237	177	177000.000
9238	173	173000.000
9239	184	184000.000
9240	174	174000.000
9241	170	170000.000
9242	180	180000.000
9243	166	166000.000
9244	154	154000.000
9245	166	166000.000
9246	178	178000.000
9247	173	173000.000
9248	175	175000.000
9249	172	172000.000
9250	159	159000.000
9251	180	180000.000
9252	168	168000.000
9253	177	177000.000
9254	169	169000.000
9255	170	170000.000
9256	213	213000.000
9257	174	174000.000
9258	176	176000.000
9259	163	163000.000
9260	191	191000.000
9261	168	168000.000
9262	189	189000.000
9263	175	175000.000
9264	190	190000.000
9265	168	168000.000
9266	174	174000.000
9267	168	168000.000
9268	172	172000.000
9269	164	164000.000
9270	176	176000.000
9271	156	156000.000
9272	175	175000.000
9273	170	170000.000
9274	181	181000.000
9275	183	183000.000
9276	167	167000.000
9277	165	165000.000
9278	166	166000.000
9279	202	202000.000
9280	194	194000.000
9281	168	168000.000
9282	162	162000.000
9283	182	182000.000
9284	180	180000.000
9285	161	161000.000
9286	212	212000.000
9287	183	183000.000
9288	161	161000.000
9289	172	172000.000
9290	181	181000.000
9291	181	181000.000
9292	165	165000.000
9293	176	176000.000
9294	164	164000.000
9295	185	185000.000
9296	174	174000.000
9297	171	171000.000
9298	172	172000.000
9299	170	170000.000
9300	179	179000.000
9301	159	159000.000
9302	168	168000.000
9303	175	175000.000
9304	207	207000.000
9305	179	179000.000
9306	169	169000.000
9307	205	205000.000
9308	168	168000.000
9309	161	161000.000
9310	166	166000.000
9311	157	157000.000
9312	182	182000.000
9313	184	184000.000
9314	162	162000.000
9315	164	164000.000
9316	188	188000.000
9317	174	174000.000
9318	177	177000.000
9319	188	188000.000
9320	198	198000.000
9321	186	186000.000
9322	194	194000.000
9323	147	147000.000
9324	174	174000.000
9325	170	170000.000
9326	179	179000.000
9327	168	168000.000
9328	176	176000.000
9329	165	165000.000
9330	157	157000.000
9331	166	166000.000
9332	176	176000.000
9333	163	163000.000
9334	164	164000.000
9335	166	166000.000
9336	174	174000.000
9337	169	169000.000
9338	162	162000.000
9339	175	175000.000
9340	158	158000.000
9341	198	198000.000
9342	176	176000.000
9343	167	167000.000
9344	167	167000.000
9345	196	196000.000
9346	188	188000.000
9347	168	168000.000
9348	194	194000.000
9349	169	169000.000
9350	188	188000.000
9351	166	166000.000
9352	180	180000.000
9353	167	167000.000
9354	178	178000.000
9355	160	160000.000
9356	175	175000.000
9357	182	182000.000
9358	191	191000.000
9359	162	162000.000
9360	184	184000.000
9361	172	172000.000
9362	173	173000.000
9363	168	168000.000
9364	140	140000.000
9365	161	161000.000
9366	189	189000.000
9367	206	206000.000
9368	173	173000.000
9369	177	177000.000
9370	176	176000.000
9371	206	206000.000
9372	180	180000.000
9373	168	168000.000
9374	195	195000.000
9375	155	155000.000
9376	171	171000.000
9377	169	169000.000
9378	139	139000.000
9379	183	183000.000
9380	176	176000.000
9381	177	177000.000
9382	174	174000.000
9383	166	166000.000
9384	167	167000.000
9385	158	158000.000
9386	179	179000.000
9387	170	170000.000
9388	167	167000.000
9389	203	203000.000
9390	159	159000.000
9391	164	164000.000
9392	189	189000.000
9393	160	160000.000
9394	204	204000.000
9395	168	168000.000
9396	193	193000.000
9397	175	175000.000
9398	153	153000.000
9399	183	183000.000
9400	157	157000.000
9401	173	173000.000
9402	178	178000.000
9403	154	154000.000
9404	190	190000.000
9405	147	147000.000
9406	180	180000.000
9407	182	182000.000
9408	142	142000.000
9409	169	169000.000
9410	171	171000.000
9411	161	161000.000
9412	178	178000.000
9413	168	168000.000
9414	176	176000.000
9415	176	176000.000
9416	195	195000.000
9417	200	200000.000
9418	186	186000.000
9419	163	163000.000
9420	169	169000.000
9421	178	178000.000
9422	170	170000.000
9423	174	174000.000
9424	170	170000.000
9425	169	169000.000
9426	166	166000.000
9427	165	165000.000
9428	177	177000.000
9429	190	190000.000
9430	156	156000.000
9431	193	193000.000
9432	184	184000.000
9433	189	189000.000
9434	155	155000.000
9435	161	161000.000
9436	165	165000.000
9437	169	169000.000
9438	200	200000.000
9439	174	174000.000
9440	166	166000.000
9441	174	174000.000
9442	171	171000.000
9443	162	162000.000
9444	167	167000.000
9445	176	176000.000
9446	164	164000.000
9447	162	162000.000
9448	157	157000.000
9449	167	167000.000
9450	188	188000.000
9451	183	183000.000
9452	170	170000.000
9453	171	171000.000
9454	163	163000.000
9455	185	185000.000
9456	186	186000.000
9457	174	174000.000
9458	172	172000.000
9459	196	196000.000
9460	181	181000.000
9461	164	164000.000
9462	193	193000.000
9463	176	176000.000
9464	173	173000.000
9465	170	170000.000
9466	161	161000.000
9467	164	164000.000
9468	153	153000.000
9469	194	194000.000
9470	187	187000.000
9471	166	166000.000
9472	177	177000.000
9473	167	167000.000
9474	177	177000.000
9475	147	147000.000
9476	176	176000.000
9477	174	174000.000
9478	184	184000.000
9479	135	135000.000
9480	155	155000.000
9481	159	159000.000
9482	207	207000.000
9483	181	181000.000
9484	175	175000.000
9485	155	155000.000
9486	162	162000.000
9487	168	168000.000
9488	176	176000.000
9489	165	165000.000
9490	182	182000.000
9491	190	190000.000
9492	168	168000.000
9493	181	181000.000
9494	155	155000.000
9495	213	213000.000
9496	162	162000.000
9497	167	167000.000
9498	181	181000.000
9499	196	196000.000
9500	176	176000.000
9501	194	194000.000
9502	178	178000.000
9503	159	159000.000
9504	184	184000.000
9505	151	151000.000
9506	174	174000.000
9507	183	183000.000
9508	177	177000.000
9509	180	180000.000
9510	186	186000.000
9511	177	177000.000
9512	176	176000.000
9513	176	176000.000
9514	187	187000.000
9515	182	182000.000
9516	183	183000.000
9517	167	167000.000
9518	162	162000.000
9519	174	174000.000
9520	177	177000.000
9521	178	178000.000
9522	166	166000.000
9523	166	166000.000
9524	163	163000.000
9525	192	192000.000
9526	179	179000.000
9527	147	147000.000
9528	170	170000.000
9529	162	162000.000
9530	171	171000.000
9531	207	207000.000
9532	176	176000.000
9533	151	151000.000
9534	186	186000.000
9535	201	201000.000
9536	159	159000.000
9537	183	183000.000
9538	182	182000.000
9539	175	175000.000
9540	199	199000.000
9541	184	184000.000
9542	154	154000.000
9543	191	191000.000
9544	164	164000.000
9545	182	182000.000
9546	181	181000.000
9547	181	181000.000
9548	169	169000.000
9549	158	158000.000
9550	170	170000.000
9551	170	170000.000
9552	190	190000.000
9553	179	179000.000
9554	183	183000.000
9555	163	163000.000
9556	164	164000.000
9557	172	172000.000
9558	185	185000.000
9559	177	177000.000
9560	182	182000.000
9561	149	149000.000
9562	179	179000.000
9563	174	174000.000
9564	172	172000.000
9565	188	188000.000
9566	191	191000.000
9567	179	179000.000
9568	159	159000.000
9569	161	161000.000
9570	171	171000.000
9571	179	179000.000
9572	179	179000.000
9573	180	180000.000
9574	195	195000.000
9575	185	185000.000
9576	179	179000.000
9577	169	169000.000
9578	182	182000.000
9579	158	158000.000
9580	147	147000.000
9581	158	158000.000
9582	184	184000.000
9583	175	175000.000
9584	158	158000.000
9585	197	197000.000
9586	196	196000.000
9587	192	192000.000
9588	160	160000.000
9589	199	199000.000
9590	179	179000.000
9591	157	157000.000
9592	179	179000.000
9593	159	159000.000
9594	168	168000.000
9595	178	178000.000
9596	178	178000.000
9597	173	173000.000
9598	161	161000.000
9599	189	189000.000
9600	171	171000.000
9601	183	183000.000
9602	177	177000.000
9603	169	169000.000
9604	168	168000.000
9605	165	165000.000
9606	190	190000.000
9607	177	177000.000
9608	181	181000.000
9609	164	164000.000
9610	192	192000.000
9611	161	161000.000
9612	183	183000.000
9613	186	186000.000
9614	153	153000.000
9615	174	174000.000
9616	196	196000.000
9617	152	152000.000
9618	189	189000.000
9619	169	169000.000
9620	178	178000.000
9621	176	176000.000
9622	159	159000.000
9623	175	175000.000
9624	163	163000.000
9625	177	177000.000
9626	188	188000.000
9627	179	179000.000
9628	175	175000.000
9629	177	177000.000
9630	183	183000.000
9631	201	201000.000
9632	164	164000.000
9633	193	193000.000
9634	191	191000.000
9635	156	156000.000
9636	182	182000.000
9637	181	181000.000
9638	187	187000.000
9639	189	189000.000
9640	169	169000.000
9641	171	171000.000
9642	184	184000.000
9643	182	182000.000
9644	165	165000.000
9645	169	169000.000
9646	173	173000.000
9647	173	173000.000
9648	169	169000.000
9649	191	191000.000
9650	186	186000.000
9651	197	197000.000
9652	170	170000.000
9653	170	170000.000
9654	147	147000.000
9655	185	185000.000
9656	174	174000.000
9657	167	167000.000
9658	185	185000.000
9659	161	161000.000
9660	188	188000.000
9661	156	156000.000
9662	176	176000.000
9663	184	184000.000
9664	183	183000.000
9665	184	184000.000
9666	189	189000.000
9667	174	174000.000
9668	159	159000.000
9669	176	176000.000
9670	178	178000.000
9671	165	165000.000
9672	145	145000.000
9673	175	175000.000
9674	176	176000.000
9675	174	174000.000
9676	159	159000.000
9677	201	201000.000
9678	164	164000.000
9679	204	204000.000
9680	178	178000.000
9681	187	187000.000
9682	174	174000.000
9683	174	174000.000
9684	172	172000.000
9685	169	169000.000
9686	164	164000.000
9687	171	171000.000
9688	183	183000.000
9689	174	174000.000
9690	179	179000.000
9691	187	187000.000
9692	163	163000.000
9693	165	165000.000
9694	179	179000.000
9695	166	166000.000
9696	196	196000.000
9697	157	157000.000
9698	176	176000.000
9699	192	192000.000
9700	161	161000.000
9701	166	166000.000
9702	160	160000.000
9703	153	153000.000
9704	200	200000.000
9705	176	176000.000
9706	154	154000.000
9707	177	177000.000
9708	182	182000.000
9709	212	212000.000
9710	160	160000.000
9711	194	194000.000
9712	146	146000.000
9713	184	184000.000
9714	191	191000.000
9715	185	185000.000
9716	204	204000.000
9717	191	191000.000
9718	151	151000.000
9719	185	185000.000
9720	176	176000.000
9721	179	179000.000
9722	180	180000.000
9723	178	178000.000
9724	170	170000.000
9725	180	180000.000
9726	192	192000.000
9727	191	191000.000
9728	162	162000.000
9729	161	161000.000
9730	172	172000.000
9731	162	162000.000
9732	183	183000.000
9733	168	168000.000
9734	197	197000.000
9735	166	166000.000
9736	148	148000.000
9737	177	177000.000
9738	204	204000.000
9739	155	155000.000
9740	190	190000.000
9741	167	167000.000
9742	174	174000.000
9743	172	172000.000
9744	166	166000.000
9745	154	154000.000
9746	171	171000.000
9747	182	182000.000
9748	181	181000.000
9749	172	172000.000
9750	205	205000.000
9751	185	185000.000
9752	180	180000.000
9753	172	172000.000
9754	185	185000.000
9755	160	160000.000
9756	185	185000.000
9757	183	183000.000
9758	160	160000.000
9759	156	156000.000
9760	183	183000.000
9761	184	184000.000
9762	180	180000.000
9763	173	173000.000
9764	179	179000.000
9765	184	184000.000
9766	177	177000.000
9767	179	179000.000
9768	177	177000.000
9769	190	190000.000
9770	179	179000.000
9771	177	177000.000
9772	169	169000.000
9773	172	172000.000
9774	178	178000.000
9775	180	180000.000
9776	170	170000.000
9777	194	194000.000
9778	160	160000.000
9779	155	155000.000
9780	178	178000.000
9781	199	199000.000
9782	154	154000.000
9783	204	204000.000
9784	164	164000.000
9785	161	161000.000
9786	176	176000.000
9787	184	184000.000
9788	182	182000.000
9789	175	175000.000
9790	168	168000.000
9791	150	150000.000
9792	183	183000.000
9793	176	176000.000
9794	178	178000.000
9795	171	171000.000
9796	183	183000.000
9797	156	156000.000
9798	139	139000.000
9799	183	183000.000
9800	182	182000.000
9801	164	164000.000
9802	167	167000.000
9803	208	208000.000
9804	170	170000.000
9805	173	173000.000
9806	202	202000.000
9807	171	171000.000
9808	186	186000.000
9809	205	205000.000
9810	202	202000.000
9811	178	178000.000
9812	190	190000.000
9813	198	198000.000
9814	206	206000.000
9815	165	165000.000
9816	167	167000.000
9817	176	176000.000
9818	182	182000.000
9819	179	179000.000
9820	162	162000.000
9821	176	176000.000
9822	191	191000.000
9823	194	194000.000
9824	188	188000.000
9825	184	184000.000
9826	193	193000.000
9827	160	160000.000
9828	194	194000.000
9829	183	183000.000
9830	157	157000.000
9831	179	179000.000
9832	172	172000.000
9833	183	183000.000
9834	169	169000.000
9835	205	205000.000
9836	182	182000.000
9837	181	181000.000
9838	171	171000.000
9839	179	179000.000
9840	143	143000.000
9841	177	177000.000
9842	167	167000.000
9843	180	180000.000
9844	192	192000.000
9845	182	182000.000
9846	173	173000.000
9847	184	184000.000
9848	176	176000.000
9849	176	176000.000
9850	160	160000.000
9851	170	170000.000
9852	177	177000.000
9853	166	166000.000
9854	164	164000.000
9855	190	190000.000
9856	198	198000.000
9857	154	154000.000
9858	166	166000.000
9859	175	175000.000
9860	167	167000.000
9861	183	183000.000
9862	192	192000.000
9863	173	173000.000
9864	185	185000.000
9865	207	207000.000
9866	149	149000.000
9867	204	204000.000
9868	185	185000.000
9869	198	198000.000
9870	167	167000.000
9871	172	172000.000
9872	169	169000.000
9873	190	190000.000
9874	175	175000.000
9875	166	166000.000
9876	184	184000.000
9877	189	189000.000
9878	167	167000.000
9879	158	158000.000
9880	168	168000.000
9881	192	192000.000
9882	132	132000.000
9883	170	170000.000
9884	193	193000.000
9885	165	165000.000
9886	150	150000.000
9887	214	214000.000
9888	170	170000.000
9889	166	166000.000
9890	145	145000.000
9891	173	173000.000
9892	190	190000.000
9893	184	184000.000
9894	165	165000.000
9895	162	162000.000
9896	157	157000.000
9897	165	165000.000
9898	184	184000.000
9899	151	151000.000
9900	168	168000.000
9901	166	166000.000
9902	182	182000.000
9903	151	151000.000
9904	151	151000.000
9905	178	178000.000
9906	155	155000.000
9907	181	181000.000
9908	169	169000.000
9909	177	177000.000
9910	192	192000.000
9911	203	203000.000
9912	192	192000.000
9913	186	186000.000
9914	192	192000.000
9915	170	170000.000
9916	169	169000.000
9917	189	189000.000
9918	168	168000.000
9919	180	180000.000
9920	172	172000.000
9921	161	161000.000
9922	167	167000.000
9923	178	178000.000
9924	172	172000.000
9925	216	216000.000
9926	178	178000.000
9927	177	177000.000
9928	169	169000.000
9929	176	176000.000
9930	184	184000.000
9931	178	178000.000
9932	175	175000.000
9933	164	164000.000
9934	165	165000.000
9935	159	159000.000
9936	176	176000.000
9937	178	178000.000
9938	192	192000.000
9939	167	167000.000
9940	202	202000.000
9941	177	177000.000
9942	182	182000.000
9943	180	180000.000
9944	183	183000.000
9945	189	189000.000
9946	189	189000.000
9947	176	176000.000
9948	177	177000.000
9949	169	169000.000
9950	143	143000.000
9951	177	177000.000
9952	189	189000.000
9953	187	187000.000
9954	207	207000.000
9955	170	170000.000
9956	166	166000.000
9957	192	192000.000
9958	159	159000.000
9959	187	187000.000
9960	183	183000.000
9961	180	180000.000
9962	182	182000.000
9963	159	159000.000
9964	180	180000.000
9965	178	178000.000
9966	178	178000.000
9967	178	178000.000
9968	175	175000.000
9969	151	151000.000
9970	175	175000.000
9971	183	183000.000
9972	183	183000.000
9973	192	192000.000
9974	180	180000.000
9975	190	190000.000
9976	161	161000.000
9977	171	171000.000
9978	166	166000.000
9979	183	183000.000
9980	180	180000.000
9981	159	159000.000
9982	187	187000.000
9983	191	191000.000
9984	175	175000.000
9985	192	192000.000
9986	194	194000.000
9987	183	183000.000
9988	168	168000.000
9989	179	179000.000
9990	179	179000.000
9991	197	197000.000
9992	175	175000.000
9993	187	187000.000
9994	163	163000.000
9995	158	158000.000
9996	162	162000.000
9997	182	182000.000
9998	184	184000.000
9999	179	179000.000
10000	185	185000.000
