# bins en theta = 280.00 deg
# bin_length_s = 0.001000
# bin	counts	CPS
1	65	65000.000
2	45	45000.000
3	62	62000.000
4	54	54000.000
5	52	52000.000
6	46	46000.000
7	69	69000.000
8	60	60000.000
9	61	61000.000
10	62	62000.000
11	60	60000.000
12	53	53000.000
13	61	61000.000
14	47	47000.000
15	64	64000.000
16	55	55000.000
17	52	52000.000
18	49	49000.000
19	51	51000.000
20	61	61000.000
21	53	53000.000
22	49	49000.000
23	59	59000.000
24	56	56000.000
25	53	53000.000
26	41	41000.000
27	58	58000.000
28	46	46000.000
29	53	53000.000
30	61	61000.000
31	61	61000.000
32	58	58000.000
33	50	50000.000
34	58	58000.000
35	59	59000.000
36	64	64000.000
37	53	53000.000
38	77	77000.000
39	61	61000.000
40	58	58000.000
41	43	43000.000
42	38	38000.000
43	54	54000.000
44	54	54000.000
45	62	62000.000
46	62	62000.000
47	45	45000.000
48	53	53000.000
49	58	58000.000
50	69	69000.000
51	61	61000.000
52	54	54000.000
53	58	58000.000
54	48	48000.000
55	51	51000.000
56	60	60000.000
57	58	58000.000
58	49	49000.000
59	42	42000.000
60	54	54000.000
61	64	64000.000
62	59	59000.000
63	65	65000.000
64	66	66000.000
65	56	56000.000
66	51	51000.000
67	47	47000.000
68	51	51000.000
69	50	50000.000
70	63	63000.000
71	51	51000.000
72	61	61000.000
73	49	49000.000
74	56	56000.000
75	46	46000.000
76	57	57000.000
77	67	67000.000
78	58	58000.000
79	41	41000.000
80	58	58000.000
81	47	47000.000
82	53	53000.000
83	51	51000.000
84	54	54000.000
85	54	54000.000
86	42	42000.000
87	64	64000.000
88	50	50000.000
89	54	54000.000
90	64	64000.000
91	64	64000.000
92	41	41000.000
93	56	56000.000
94	63	63000.000
95	48	48000.000
96	65	65000.000
97	53	53000.000
98	52	52000.000
99	51	51000.000
100	52	52000.000
101	51	51000.000
102	58	58000.000
103	56	56000.000
104	61	61000.000
105	60	60000.000
106	59	59000.000
107	59	59000.000
108	65	65000.000
109	56	56000.000
110	44	44000.000
111	56	56000.000
112	62	62000.000
113	56	56000.000
114	51	51000.000
115	45	45000.000
116	58	58000.000
117	63	63000.000
118	55	55000.000
119	56	56000.000
120	54	54000.000
121	66	66000.000
122	49	49000.000
123	63	63000.000
124	62	62000.000
125	58	58000.000
126	66	66000.000
127	62	62000.000
128	55	55000.000
129	72	72000.000
130	51	51000.000
131	71	71000.000
132	57	57000.000
133	75	75000.000
134	62	62000.000
135	55	55000.000
136	50	50000.000
137	56	56000.000
138	64	64000.000
139	38	38000.000
140	52	52000.000
141	51	51000.000
142	54	54000.000
143	45	45000.000
144	58	58000.000
145	63	63000.000
146	56	56000.000
147	49	49000.000
148	44	44000.000
149	83	83000.000
150	65	65000.000
151	46	46000.000
152	62	62000.000
153	61	61000.000
154	62	62000.000
155	57	57000.000
156	51	51000.000
157	51	51000.000
158	60	60000.000
159	44	44000.000
160	59	59000.000
161	49	49000.000
162	65	65000.000
163	56	56000.000
164	62	62000.000
165	54	54000.000
166	42	42000.000
167	54	54000.000
168	58	58000.000
169	52	52000.000
170	56	56000.000
171	58	58000.000
172	62	62000.000
173	50	50000.000
174	60	60000.000
175	61	61000.000
176	62	62000.000
177	57	57000.000
178	51	51000.000
179	64	64000.000
180	53	53000.000
181	45	45000.000
182	49	49000.000
183	61	61000.000
184	48	48000.000
185	59	59000.000
186	47	47000.000
187	57	57000.000
188	62	62000.000
189	45	45000.000
190	73	73000.000
191	63	63000.000
192	44	44000.000
193	49	49000.000
194	49	49000.000
195	48	48000.000
196	58	58000.000
197	44	44000.000
198	50	50000.000
199	52	52000.000
200	57	57000.000
201	58	58000.000
202	42	42000.000
203	55	55000.000
204	44	44000.000
205	64	64000.000
206	63	63000.000
207	48	48000.000
208	44	44000.000
209	68	68000.000
210	66	66000.000
211	52	52000.000
212	53	53000.000
213	55	55000.000
214	47	47000.000
215	48	48000.000
216	59	59000.000
217	65	65000.000
218	60	60000.000
219	64	64000.000
220	55	55000.000
221	47	47000.000
222	46	46000.000
223	49	49000.000
224	46	46000.000
225	43	43000.000
226	53	53000.000
227	60	60000.000
228	49	49000.000
229	51	51000.000
230	54	54000.000
231	62	62000.000
232	63	63000.000
233	69	69000.000
234	63	63000.000
235	65	65000.000
236	55	55000.000
237	54	54000.000
238	70	70000.000
239	53	53000.000
240	61	61000.000
241	54	54000.000
242	58	58000.000
243	41	41000.000
244	55	55000.000
245	53	53000.000
246	57	57000.000
247	54	54000.000
248	51	51000.000
249	47	47000.000
250	50	50000.000
251	46	46000.000
252	63	63000.000
253	69	69000.000
254	52	52000.000
255	62	62000.000
256	62	62000.000
257	62	62000.000
258	68	68000.000
259	42	42000.000
260	55	55000.000
261	46	46000.000
262	70	70000.000
263	55	55000.000
264	51	51000.000
265	61	61000.000
266	47	47000.000
267	56	56000.000
268	57	57000.000
269	53	53000.000
270	51	51000.000
271	56	56000.000
272	54	54000.000
273	45	45000.000
274	51	51000.000
275	58	58000.000
276	53	53000.000
277	55	55000.000
278	68	68000.000
279	52	52000.000
280	42	42000.000
281	50	50000.000
282	45	45000.000
283	52	52000.000
284	49	49000.000
285	48	48000.000
286	59	59000.000
287	60	60000.000
288	60	60000.000
289	52	52000.000
290	59	59000.000
291	57	57000.000
292	58	58000.000
293	52	52000.000
294	63	63000.000
295	47	47000.000
296	49	49000.000
297	61	61000.000
298	46	46000.000
299	51	51000.000
300	60	60000.000
301	55	55000.000
302	51	51000.000
303	57	57000.000
304	57	57000.000
305	44	44000.000
306	57	57000.000
307	44	44000.000
308	52	52000.000
309	61	61000.000
310	47	47000.000
311	47	47000.000
312	45	45000.000
313	54	54000.000
314	43	43000.000
315	56	56000.000
316	46	46000.000
317	57	57000.000
318	57	57000.000
319	55	55000.000
320	55	55000.000
321	56	56000.000
322	48	48000.000
323	42	42000.000
324	51	51000.000
325	55	55000.000
326	75	75000.000
327	53	53000.000
328	57	57000.000
329	55	55000.000
330	61	61000.000
331	72	72000.000
332	40	40000.000
333	61	61000.000
334	60	60000.000
335	62	62000.000
336	59	59000.000
337	57	57000.000
338	56	56000.000
339	45	45000.000
340	45	45000.000
341	48	48000.000
342	46	46000.000
343	63	63000.000
344	40	40000.000
345	60	60000.000
346	51	51000.000
347	53	53000.000
348	49	49000.000
349	48	48000.000
350	50	50000.000
351	55	55000.000
352	51	51000.000
353	53	53000.000
354	50	50000.000
355	44	44000.000
356	60	60000.000
357	54	54000.000
358	52	52000.000
359	60	60000.000
360	55	55000.000
361	40	40000.000
362	58	58000.000
363	53	53000.000
364	37	37000.000
365	59	59000.000
366	50	50000.000
367	36	36000.000
368	55	55000.000
369	63	63000.000
370	51	51000.000
371	67	67000.000
372	60	60000.000
373	56	56000.000
374	50	50000.000
375	77	77000.000
376	50	50000.000
377	66	66000.000
378	66	66000.000
379	51	51000.000
380	51	51000.000
381	57	57000.000
382	53	53000.000
383	50	50000.000
384	59	59000.000
385	68	68000.000
386	59	59000.000
387	46	46000.000
388	52	52000.000
389	55	55000.000
390	46	46000.000
391	51	51000.000
392	36	36000.000
393	41	41000.000
394	83	83000.000
395	58	58000.000
396	38	38000.000
397	41	41000.000
398	47	47000.000
399	43	43000.000
400	54	54000.000
401	48	48000.000
402	49	49000.000
403	56	56000.000
404	48	48000.000
405	49	49000.000
406	53	53000.000
407	59	59000.000
408	65	65000.000
409	45	45000.000
410	49	49000.000
411	58	58000.000
412	46	46000.000
413	71	71000.000
414	54	54000.000
415	70	70000.000
416	40	40000.000
417	59	59000.000
418	58	58000.000
419	50	50000.000
420	61	61000.000
421	52	52000.000
422	58	58000.000
423	64	64000.000
424	46	46000.000
425	52	52000.000
426	55	55000.000
427	68	68000.000
428	52	52000.000
429	55	55000.000
430	47	47000.000
431	53	53000.000
432	54	54000.000
433	42	42000.000
434	56	56000.000
435	55	55000.000
436	52	52000.000
437	68	68000.000
438	59	59000.000
439	58	58000.000
440	57	57000.000
441	48	48000.000
442	55	55000.000
443	75	75000.000
444	53	53000.000
445	53	53000.000
446	62	62000.000
447	61	61000.000
448	50	50000.000
449	51	51000.000
450	62	62000.000
451	39	39000.000
452	51	51000.000
453	38	38000.000
454	49	49000.000
455	63	63000.000
456	50	50000.000
457	58	58000.000
458	60	60000.000
459	55	55000.000
460	50	50000.000
461	34	34000.000
462	58	58000.000
463	64	64000.000
464	55	55000.000
465	48	48000.000
466	46	46000.000
467	58	58000.000
468	70	70000.000
469	49	49000.000
470	52	52000.000
471	52	52000.000
472	52	52000.000
473	48	48000.000
474	67	67000.000
475	47	47000.000
476	62	62000.000
477	43	43000.000
478	61	61000.000
479	50	50000.000
480	62	62000.000
481	65	65000.000
482	59	59000.000
483	60	60000.000
484	52	52000.000
485	58	58000.000
486	50	50000.000
487	54	54000.000
488	51	51000.000
489	54	54000.000
490	50	50000.000
491	49	49000.000
492	57	57000.000
493	55	55000.000
494	44	44000.000
495	55	55000.000
496	57	57000.000
497	45	45000.000
498	44	44000.000
499	53	53000.000
500	46	46000.000
501	46	46000.000
502	63	63000.000
503	52	52000.000
504	62	62000.000
505	54	54000.000
506	54	54000.000
507	50	50000.000
508	50	50000.000
509	55	55000.000
510	55	55000.000
511	62	62000.000
512	61	61000.000
513	44	44000.000
514	55	55000.000
515	52	52000.000
516	59	59000.000
517	47	47000.000
518	57	57000.000
519	53	53000.000
520	42	42000.000
521	50	50000.000
522	46	46000.000
523	46	46000.000
524	46	46000.000
525	58	58000.000
526	55	55000.000
527	45	45000.000
528	37	37000.000
529	68	68000.000
530	44	44000.000
531	55	55000.000
532	41	41000.000
533	52	52000.000
534	58	58000.000
535	54	54000.000
536	49	49000.000
537	46	46000.000
538	57	57000.000
539	69	69000.000
540	67	67000.000
541	49	49000.000
542	45	45000.000
543	48	48000.000
544	44	44000.000
545	54	54000.000
546	53	53000.000
547	70	70000.000
548	46	46000.000
549	48	48000.000
550	49	49000.000
551	60	60000.000
552	56	56000.000
553	46	46000.000
554	62	62000.000
555	46	46000.000
556	60	60000.000
557	43	43000.000
558	51	51000.000
559	40	40000.000
560	45	45000.000
561	51	51000.000
562	48	48000.000
563	55	55000.000
564	52	52000.000
565	48	48000.000
566	45	45000.000
567	58	58000.000
568	45	45000.000
569	44	44000.000
570	43	43000.000
571	52	52000.000
572	54	54000.000
573	47	47000.000
574	45	45000.000
575	52	52000.000
576	54	54000.000
577	61	61000.000
578	44	44000.000
579	46	46000.000
580	56	56000.000
581	51	51000.000
582	58	58000.000
583	42	42000.000
584	44	44000.000
585	70	70000.000
586	46	46000.000
587	64	64000.000
588	48	48000.000
589	48	48000.000
590	56	56000.000
591	52	52000.000
592	59	59000.000
593	48	48000.000
594	43	43000.000
595	64	64000.000
596	53	53000.000
597	57	57000.000
598	41	41000.000
599	43	43000.000
600	51	51000.000
601	50	50000.000
602	54	54000.000
603	52	52000.000
604	54	54000.000
605	42	42000.000
606	53	53000.000
607	53	53000.000
608	43	43000.000
609	56	56000.000
610	44	44000.000
611	66	66000.000
612	47	47000.000
613	43	43000.000
614	52	52000.000
615	52	52000.000
616	46	46000.000
617	54	54000.000
618	50	50000.000
619	56	56000.000
620	56	56000.000
621	47	47000.000
622	46	46000.000
623	59	59000.000
624	56	56000.000
625	54	54000.000
626	62	62000.000
627	31	31000.000
628	53	53000.000
629	46	46000.000
630	49	49000.000
631	59	59000.000
632	51	51000.000
633	49	49000.000
634	55	55000.000
635	57	57000.000
636	56	56000.000
637	62	62000.000
638	62	62000.000
639	55	55000.000
640	43	43000.000
641	52	52000.000
642	43	43000.000
643	41	41000.000
644	53	53000.000
645	61	61000.000
646	36	36000.000
647	60	60000.000
648	55	55000.000
649	54	54000.000
650	42	42000.000
651	54	54000.000
652	50	50000.000
653	51	51000.000
654	51	51000.000
655	52	52000.000
656	50	50000.000
657	48	48000.000
658	48	48000.000
659	44	44000.000
660	50	50000.000
661	56	56000.000
662	41	41000.000
663	42	42000.000
664	38	38000.000
665	42	42000.000
666	56	56000.000
667	54	54000.000
668	48	48000.000
669	59	59000.000
670	57	57000.000
671	54	54000.000
672	45	45000.000
673	66	66000.000
674	52	52000.000
675	68	68000.000
676	57	57000.000
677	63	63000.000
678	45	45000.000
679	60	60000.000
680	43	43000.000
681	43	43000.000
682	46	46000.000
683	53	53000.000
684	54	54000.000
685	53	53000.000
686	49	49000.000
687	61	61000.000
688	42	42000.000
689	50	50000.000
690	46	46000.000
691	63	63000.000
692	59	59000.000
693	44	44000.000
694	62	62000.000
695	55	55000.000
696	48	48000.000
697	54	54000.000
698	41	41000.000
699	43	43000.000
700	49	49000.000
701	57	57000.000
702	59	59000.000
703	60	60000.000
704	68	68000.000
705	47	47000.000
706	55	55000.000
707	70	70000.000
708	57	57000.000
709	54	54000.000
710	52	52000.000
711	59	59000.000
712	40	40000.000
713	57	57000.000
714	48	48000.000
715	56	56000.000
716	53	53000.000
717	50	50000.000
718	53	53000.000
719	38	38000.000
720	41	41000.000
721	44	44000.000
722	51	51000.000
723	56	56000.000
724	52	52000.000
725	50	50000.000
726	49	49000.000
727	57	57000.000
728	50	50000.000
729	47	47000.000
730	42	42000.000
731	70	70000.000
732	52	52000.000
733	57	57000.000
734	48	48000.000
735	40	40000.000
736	48	48000.000
737	43	43000.000
738	66	66000.000
739	71	71000.000
740	57	57000.000
741	54	54000.000
742	58	58000.000
743	51	51000.000
744	44	44000.000
745	54	54000.000
746	61	61000.000
747	54	54000.000
748	53	53000.000
749	43	43000.000
750	55	55000.000
751	53	53000.000
752	45	45000.000
753	54	54000.000
754	46	46000.000
755	62	62000.000
756	49	49000.000
757	61	61000.000
758	52	52000.000
759	65	65000.000
760	48	48000.000
761	54	54000.000
762	62	62000.000
763	58	58000.000
764	57	57000.000
765	45	45000.000
766	50	50000.000
767	59	59000.000
768	68	68000.000
769	51	51000.000
770	43	43000.000
771	63	63000.000
772	40	40000.000
773	63	63000.000
774	48	48000.000
775	50	50000.000
776	47	47000.000
777	69	69000.000
778	51	51000.000
779	49	49000.000
780	55	55000.000
781	58	58000.000
782	64	64000.000
783	52	52000.000
784	42	42000.000
785	53	53000.000
786	60	60000.000
787	66	66000.000
788	49	49000.000
789	52	52000.000
790	36	36000.000
791	47	47000.000
792	59	59000.000
793	55	55000.000
794	57	57000.000
795	68	68000.000
796	45	45000.000
797	60	60000.000
798	52	52000.000
799	54	54000.000
800	71	71000.000
801	45	45000.000
802	49	49000.000
803	59	59000.000
804	66	66000.000
805	42	42000.000
806	59	59000.000
807	49	49000.000
808	49	49000.000
809	48	48000.000
810	50	50000.000
811	56	56000.000
812	52	52000.000
813	44	44000.000
814	59	59000.000
815	55	55000.000
816	50	50000.000
817	51	51000.000
818	54	54000.000
819	60	60000.000
820	55	55000.000
821	54	54000.000
822	44	44000.000
823	41	41000.000
824	63	63000.000
825	59	59000.000
826	53	53000.000
827	50	50000.000
828	59	59000.000
829	53	53000.000
830	59	59000.000
831	53	53000.000
832	53	53000.000
833	50	50000.000
834	69	69000.000
835	40	40000.000
836	53	53000.000
837	53	53000.000
838	50	50000.000
839	50	50000.000
840	54	54000.000
841	55	55000.000
842	50	50000.000
843	58	58000.000
844	54	54000.000
845	58	58000.000
846	61	61000.000
847	48	48000.000
848	70	70000.000
849	44	44000.000
850	50	50000.000
851	59	59000.000
852	67	67000.000
853	64	64000.000
854	63	63000.000
855	47	47000.000
856	39	39000.000
857	49	49000.000
858	61	61000.000
859	61	61000.000
860	53	53000.000
861	61	61000.000
862	72	72000.000
863	46	46000.000
864	49	49000.000
865	56	56000.000
866	51	51000.000
867	59	59000.000
868	54	54000.000
869	63	63000.000
870	44	44000.000
871	54	54000.000
872	56	56000.000
873	57	57000.000
874	44	44000.000
875	45	45000.000
876	60	60000.000
877	57	57000.000
878	67	67000.000
879	50	50000.000
880	64	64000.000
881	48	48000.000
882	57	57000.000
883	67	67000.000
884	51	51000.000
885	47	47000.000
886	60	60000.000
887	48	48000.000
888	68	68000.000
889	48	48000.000
890	62	62000.000
891	59	59000.000
892	51	51000.000
893	55	55000.000
894	53	53000.000
895	54	54000.000
896	42	42000.000
897	48	48000.000
898	49	49000.000
899	62	62000.000
900	61	61000.000
901	44	44000.000
902	48	48000.000
903	51	51000.000
904	61	61000.000
905	58	58000.000
906	49	49000.000
907	53	53000.000
908	66	66000.000
909	58	58000.000
910	58	58000.000
911	51	51000.000
912	54	54000.000
913	53	53000.000
914	61	61000.000
915	47	47000.000
916	44	44000.000
917	56	56000.000
918	56	56000.000
919	52	52000.000
920	48	48000.000
921	54	54000.000
922	58	58000.000
923	61	61000.000
924	64	64000.000
925	52	52000.000
926	49	49000.000
927	72	72000.000
928	52	52000.000
929	41	41000.000
930	48	48000.000
931	40	40000.000
932	61	61000.000
933	53	53000.000
934	51	51000.000
935	63	63000.000
936	49	49000.000
937	52	52000.000
938	44	44000.000
939	59	59000.000
940	50	50000.000
941	48	48000.000
942	46	46000.000
943	44	44000.000
944	51	51000.000
945	65	65000.000
946	60	60000.000
947	57	57000.000
948	57	57000.000
949	68	68000.000
950	58	58000.000
951	45	45000.000
952	52	52000.000
953	47	47000.000
954	61	61000.000
955	48	48000.000
956	44	44000.000
957	58	58000.000
958	51	51000.000
959	47	47000.000
960	52	52000.000
961	61	61000.000
962	55	55000.000
963	62	62000.000
964	50	50000.000
965	55	55000.000
966	51	51000.000
967	44	44000.000
968	55	55000.000
969	56	56000.000
970	45	45000.000
971	52	52000.000
972	66	66000.000
973	66	66000.000
974	52	52000.000
975	65	65000.000
976	60	60000.000
977	49	49000.000
978	50	50000.000
979	52	52000.000
980	60	60000.000
981	51	51000.000
982	59	59000.000
983	59	59000.000
984	52	52000.000
985	45	45000.000
986	55	55000.000
987	57	57000.000
988	64	64000.000
989	70	70000.000
990	40	40000.000
991	50	50000.000
992	50	50000.000
993	36	36000.000
994	55	55000.000
995	51	51000.000
996	35	35000.000
997	56	56000.000
998	44	44000.000
999	48	48000.000
1000	44	44000.000
1001	44	44000.000
1002	47	47000.000
1003	64	64000.000
1004	49	49000.000
1005	50	50000.000
1006	55	55000.000
1007	45	45000.000
1008	59	59000.000
1009	55	55000.000
1010	54	54000.000
1011	48	48000.000
1012	68	68000.000
1013	49	49000.000
1014	47	47000.000
1015	60	60000.000
1016	43	43000.000
1017	57	57000.000
1018	72	72000.000
1019	50	50000.000
1020	64	64000.000
1021	43	43000.000
1022	60	60000.000
1023	60	60000.000
1024	42	42000.000
1025	61	61000.000
1026	43	43000.000
1027	50	50000.000
1028	57	57000.000
1029	44	44000.000
1030	57	57000.000
1031	52	52000.000
1032	68	68000.000
1033	46	46000.000
1034	54	54000.000
1035	63	63000.000
1036	59	59000.000
1037	66	66000.000
1038	50	50000.000
1039	59	59000.000
1040	64	64000.000
1041	54	54000.000
1042	68	68000.000
1043	44	44000.000
1044	49	49000.000
1045	52	52000.000
1046	50	50000.000
1047	72	72000.000
1048	52	52000.000
1049	72	72000.000
1050	47	47000.000
1051	48	48000.000
1052	61	61000.000
1053	60	60000.000
1054	37	37000.000
1055	55	55000.000
1056	55	55000.000
1057	46	46000.000
1058	55	55000.000
1059	52	52000.000
1060	53	53000.000
1061	61	61000.000
1062	54	54000.000
1063	46	46000.000
1064	66	66000.000
1065	58	58000.000
1066	59	59000.000
1067	43	43000.000
1068	76	76000.000
1069	43	43000.000
1070	58	58000.000
1071	55	55000.000
1072	55	55000.000
1073	52	52000.000
1074	51	51000.000
1075	57	57000.000
1076	52	52000.000
1077	57	57000.000
1078	60	60000.000
1079	60	60000.000
1080	58	58000.000
1081	53	53000.000
1082	50	50000.000
1083	57	57000.000
1084	48	48000.000
1085	51	51000.000
1086	51	51000.000
1087	44	44000.000
1088	45	45000.000
1089	53	53000.000
1090	44	44000.000
1091	45	45000.000
1092	50	50000.000
1093	58	58000.000
1094	59	59000.000
1095	59	59000.000
1096	52	52000.000
1097	40	40000.000
1098	50	50000.000
1099	51	51000.000
1100	50	50000.000
1101	50	50000.000
1102	52	52000.000
1103	53	53000.000
1104	52	52000.000
1105	56	56000.000
1106	62	62000.000
1107	50	50000.000
1108	53	53000.000
1109	59	59000.000
1110	55	55000.000
1111	40	40000.000
1112	35	35000.000
1113	67	67000.000
1114	59	59000.000
1115	55	55000.000
1116	53	53000.000
1117	61	61000.000
1118	56	56000.000
1119	57	57000.000
1120	63	63000.000
1121	64	64000.000
1122	62	62000.000
1123	41	41000.000
1124	54	54000.000
1125	65	65000.000
1126	51	51000.000
1127	46	46000.000
1128	55	55000.000
1129	48	48000.000
1130	60	60000.000
1131	57	57000.000
1132	38	38000.000
1133	50	50000.000
1134	54	54000.000
1135	65	65000.000
1136	53	53000.000
1137	51	51000.000
1138	47	47000.000
1139	51	51000.000
1140	54	54000.000
1141	53	53000.000
1142	58	58000.000
1143	72	72000.000
1144	59	59000.000
1145	58	58000.000
1146	46	46000.000
1147	53	53000.000
1148	54	54000.000
1149	62	62000.000
1150	61	61000.000
1151	64	64000.000
1152	46	46000.000
1153	67	67000.000
1154	54	54000.000
1155	58	58000.000
1156	63	63000.000
1157	53	53000.000
1158	43	43000.000
1159	49	49000.000
1160	54	54000.000
1161	41	41000.000
1162	51	51000.000
1163	41	41000.000
1164	49	49000.000
1165	42	42000.000
1166	71	71000.000
1167	44	44000.000
1168	50	50000.000
1169	53	53000.000
1170	49	49000.000
1171	62	62000.000
1172	48	48000.000
1173	46	46000.000
1174	56	56000.000
1175	52	52000.000
1176	55	55000.000
1177	56	56000.000
1178	47	47000.000
1179	51	51000.000
1180	59	59000.000
1181	59	59000.000
1182	60	60000.000
1183	61	61000.000
1184	68	68000.000
1185	49	49000.000
1186	44	44000.000
1187	46	46000.000
1188	58	58000.000
1189	62	62000.000
1190	41	41000.000
1191	48	48000.000
1192	56	56000.000
1193	65	65000.000
1194	62	62000.000
1195	55	55000.000
1196	60	60000.000
1197	54	54000.000
1198	47	47000.000
1199	59	59000.000
1200	64	64000.000
1201	64	64000.000
1202	59	59000.000
1203	56	56000.000
1204	49	49000.000
1205	59	59000.000
1206	45	45000.000
1207	42	42000.000
1208	64	64000.000
1209	49	49000.000
1210	52	52000.000
1211	49	49000.000
1212	55	55000.000
1213	43	43000.000
1214	59	59000.000
1215	48	48000.000
1216	51	51000.000
1217	60	60000.000
1218	57	57000.000
1219	50	50000.000
1220	58	58000.000
1221	62	62000.000
1222	57	57000.000
1223	54	54000.000
1224	55	55000.000
1225	53	53000.000
1226	60	60000.000
1227	60	60000.000
1228	55	55000.000
1229	54	54000.000
1230	39	39000.000
1231	51	51000.000
1232	54	54000.000
1233	55	55000.000
1234	68	68000.000
1235	55	55000.000
1236	50	50000.000
1237	61	61000.000
1238	59	59000.000
1239	53	53000.000
1240	53	53000.000
1241	57	57000.000
1242	50	50000.000
1243	63	63000.000
1244	48	48000.000
1245	54	54000.000
1246	49	49000.000
1247	59	59000.000
1248	45	45000.000
1249	50	50000.000
1250	56	56000.000
1251	59	59000.000
1252	46	46000.000
1253	52	52000.000
1254	61	61000.000
1255	59	59000.000
1256	55	55000.000
1257	67	67000.000
1258	61	61000.000
1259	71	71000.000
1260	51	51000.000
1261	58	58000.000
1262	49	49000.000
1263	54	54000.000
1264	54	54000.000
1265	57	57000.000
1266	44	44000.000
1267	53	53000.000
1268	51	51000.000
1269	46	46000.000
1270	63	63000.000
1271	43	43000.000
1272	54	54000.000
1273	55	55000.000
1274	52	52000.000
1275	49	49000.000
1276	47	47000.000
1277	41	41000.000
1278	54	54000.000
1279	46	46000.000
1280	44	44000.000
1281	65	65000.000
1282	44	44000.000
1283	50	50000.000
1284	51	51000.000
1285	57	57000.000
1286	44	44000.000
1287	61	61000.000
1288	43	43000.000
1289	59	59000.000
1290	49	49000.000
1291	56	56000.000
1292	53	53000.000
1293	63	63000.000
1294	62	62000.000
1295	73	73000.000
1296	62	62000.000
1297	63	63000.000
1298	62	62000.000
1299	61	61000.000
1300	52	52000.000
1301	49	49000.000
1302	55	55000.000
1303	51	51000.000
1304	75	75000.000
1305	63	63000.000
1306	65	65000.000
1307	55	55000.000
1308	60	60000.000
1309	61	61000.000
1310	59	59000.000
1311	63	63000.000
1312	62	62000.000
1313	55	55000.000
1314	52	52000.000
1315	51	51000.000
1316	50	50000.000
1317	45	45000.000
1318	61	61000.000
1319	63	63000.000
1320	58	58000.000
1321	45	45000.000
1322	43	43000.000
1323	52	52000.000
1324	60	60000.000
1325	57	57000.000
1326	48	48000.000
1327	68	68000.000
1328	49	49000.000
1329	55	55000.000
1330	48	48000.000
1331	44	44000.000
1332	41	41000.000
1333	53	53000.000
1334	51	51000.000
1335	48	48000.000
1336	56	56000.000
1337	48	48000.000
1338	43	43000.000
1339	41	41000.000
1340	52	52000.000
1341	37	37000.000
1342	57	57000.000
1343	47	47000.000
1344	46	46000.000
1345	53	53000.000
1346	63	63000.000
1347	52	52000.000
1348	41	41000.000
1349	60	60000.000
1350	50	50000.000
1351	51	51000.000
1352	51	51000.000
1353	66	66000.000
1354	63	63000.000
1355	49	49000.000
1356	56	56000.000
1357	56	56000.000
1358	42	42000.000
1359	48	48000.000
1360	55	55000.000
1361	50	50000.000
1362	49	49000.000
1363	48	48000.000
1364	64	64000.000
1365	53	53000.000
1366	54	54000.000
1367	51	51000.000
1368	61	61000.000
1369	60	60000.000
1370	78	78000.000
1371	58	58000.000
1372	51	51000.000
1373	59	59000.000
1374	57	57000.000
1375	33	33000.000
1376	61	61000.000
1377	61	61000.000
1378	42	42000.000
1379	55	55000.000
1380	50	50000.000
1381	63	63000.000
1382	52	52000.000
1383	52	52000.000
1384	53	53000.000
1385	51	51000.000
1386	51	51000.000
1387	51	51000.000
1388	57	57000.000
1389	47	47000.000
1390	45	45000.000
1391	60	60000.000
1392	44	44000.000
1393	56	56000.000
1394	66	66000.000
1395	50	50000.000
1396	54	54000.000
1397	59	59000.000
1398	57	57000.000
1399	48	48000.000
1400	50	50000.000
1401	51	51000.000
1402	42	42000.000
1403	54	54000.000
1404	47	47000.000
1405	57	57000.000
1406	52	52000.000
1407	60	60000.000
1408	53	53000.000
1409	62	62000.000
1410	45	45000.000
1411	66	66000.000
1412	59	59000.000
1413	53	53000.000
1414	76	76000.000
1415	52	52000.000
1416	60	60000.000
1417	61	61000.000
1418	39	39000.000
1419	56	56000.000
1420	60	60000.000
1421	56	56000.000
1422	44	44000.000
1423	48	48000.000
1424	60	60000.000
1425	70	70000.000
1426	48	48000.000
1427	58	58000.000
1428	70	70000.000
1429	52	52000.000
1430	53	53000.000
1431	41	41000.000
1432	50	50000.000
1433	68	68000.000
1434	56	56000.000
1435	62	62000.000
1436	61	61000.000
1437	49	49000.000
1438	53	53000.000
1439	42	42000.000
1440	54	54000.000
1441	45	45000.000
1442	48	48000.000
1443	55	55000.000
1444	51	51000.000
1445	59	59000.000
1446	37	37000.000
1447	57	57000.000
1448	39	39000.000
1449	52	52000.000
1450	62	62000.000
1451	43	43000.000
1452	48	48000.000
1453	71	71000.000
1454	47	47000.000
1455	48	48000.000
1456	45	45000.000
1457	57	57000.000
1458	61	61000.000
1459	43	43000.000
1460	64	64000.000
1461	59	59000.000
1462	49	49000.000
1463	61	61000.000
1464	56	56000.000
1465	55	55000.000
1466	39	39000.000
1467	56	56000.000
1468	58	58000.000
1469	49	49000.000
1470	53	53000.000
1471	53	53000.000
1472	55	55000.000
1473	52	52000.000
1474	43	43000.000
1475	56	56000.000
1476	42	42000.000
1477	40	40000.000
1478	49	49000.000
1479	45	45000.000
1480	50	50000.000
1481	73	73000.000
1482	42	42000.000
1483	59	59000.000
1484	60	60000.000
1485	53	53000.000
1486	52	52000.000
1487	44	44000.000
1488	45	45000.000
1489	50	50000.000
1490	60	60000.000
1491	38	38000.000
1492	59	59000.000
1493	50	50000.000
1494	47	47000.000
1495	58	58000.000
1496	64	64000.000
1497	46	46000.000
1498	62	62000.000
1499	51	51000.000
1500	53	53000.000
1501	39	39000.000
1502	62	62000.000
1503	53	53000.000
1504	46	46000.000
1505	60	60000.000
1506	46	46000.000
1507	57	57000.000
1508	57	57000.000
1509	58	58000.000
1510	55	55000.000
1511	48	48000.000
1512	56	56000.000
1513	39	39000.000
1514	62	62000.000
1515	40	40000.000
1516	49	49000.000
1517	43	43000.000
1518	48	48000.000
1519	47	47000.000
1520	50	50000.000
1521	50	50000.000
1522	46	46000.000
1523	44	44000.000
1524	40	40000.000
1525	67	67000.000
1526	68	68000.000
1527	59	59000.000
1528	39	39000.000
1529	57	57000.000
1530	39	39000.000
1531	53	53000.000
1532	51	51000.000
1533	39	39000.000
1534	57	57000.000
1535	56	56000.000
1536	58	58000.000
1537	40	40000.000
1538	49	49000.000
1539	56	56000.000
1540	57	57000.000
1541	53	53000.000
1542	47	47000.000
1543	61	61000.000
1544	46	46000.000
1545	52	52000.000
1546	62	62000.000
1547	64	64000.000
1548	39	39000.000
1549	50	50000.000
1550	57	57000.000
1551	52	52000.000
1552	50	50000.000
1553	50	50000.000
1554	62	62000.000
1555	59	59000.000
1556	63	63000.000
1557	60	60000.000
1558	56	56000.000
1559	61	61000.000
1560	55	55000.000
1561	65	65000.000
1562	51	51000.000
1563	40	40000.000
1564	66	66000.000
1565	50	50000.000
1566	39	39000.000
1567	49	49000.000
1568	44	44000.000
1569	62	62000.000
1570	48	48000.000
1571	39	39000.000
1572	38	38000.000
1573	52	52000.000
1574	45	45000.000
1575	57	57000.000
1576	50	50000.000
1577	60	60000.000
1578	47	47000.000
1579	52	52000.000
1580	50	50000.000
1581	52	52000.000
1582	51	51000.000
1583	61	61000.000
1584	61	61000.000
1585	53	53000.000
1586	55	55000.000
1587	49	49000.000
1588	44	44000.000
1589	56	56000.000
1590	56	56000.000
1591	63	63000.000
1592	55	55000.000
1593	48	48000.000
1594	51	51000.000
1595	62	62000.000
1596	54	54000.000
1597	54	54000.000
1598	54	54000.000
1599	60	60000.000
1600	45	45000.000
1601	66	66000.000
1602	68	68000.000
1603	61	61000.000
1604	68	68000.000
1605	54	54000.000
1606	58	58000.000
1607	44	44000.000
1608	51	51000.000
1609	40	40000.000
1610	47	47000.000
1611	53	53000.000
1612	50	50000.000
1613	56	56000.000
1614	48	48000.000
1615	62	62000.000
1616	44	44000.000
1617	52	52000.000
1618	48	48000.000
1619	51	51000.000
1620	48	48000.000
1621	42	42000.000
1622	56	56000.000
1623	54	54000.000
1624	56	56000.000
1625	48	48000.000
1626	65	65000.000
1627	41	41000.000
1628	36	36000.000
1629	63	63000.000
1630	51	51000.000
1631	63	63000.000
1632	55	55000.000
1633	47	47000.000
1634	52	52000.000
1635	55	55000.000
1636	48	48000.000
1637	40	40000.000
1638	52	52000.000
1639	45	45000.000
1640	50	50000.000
1641	41	41000.000
1642	50	50000.000
1643	55	55000.000
1644	48	48000.000
1645	51	51000.000
1646	57	57000.000
1647	40	40000.000
1648	44	44000.000
1649	47	47000.000
1650	50	50000.000
1651	50	50000.000
1652	46	46000.000
1653	46	46000.000
1654	49	49000.000
1655	43	43000.000
1656	53	53000.000
1657	59	59000.000
1658	50	50000.000
1659	46	46000.000
1660	66	66000.000
1661	40	40000.000
1662	62	62000.000
1663	45	45000.000
1664	63	63000.000
1665	61	61000.000
1666	65	65000.000
1667	57	57000.000
1668	47	47000.000
1669	59	59000.000
1670	52	52000.000
1671	42	42000.000
1672	47	47000.000
1673	28	28000.000
1674	53	53000.000
1675	60	60000.000
1676	49	49000.000
1677	57	57000.000
1678	40	40000.000
1679	52	52000.000
1680	60	60000.000
1681	51	51000.000
1682	45	45000.000
1683	59	59000.000
1684	51	51000.000
1685	53	53000.000
1686	57	57000.000
1687	61	61000.000
1688	57	57000.000
1689	46	46000.000
1690	48	48000.000
1691	53	53000.000
1692	46	46000.000
1693	53	53000.000
1694	57	57000.000
1695	54	54000.000
1696	68	68000.000
1697	57	57000.000
1698	56	56000.000
1699	47	47000.000
1700	48	48000.000
1701	48	48000.000
1702	57	57000.000
1703	62	62000.000
1704	55	55000.000
1705	51	51000.000
1706	52	52000.000
1707	40	40000.000
1708	58	58000.000
1709	55	55000.000
1710	56	56000.000
1711	56	56000.000
1712	58	58000.000
1713	55	55000.000
1714	52	52000.000
1715	55	55000.000
1716	60	60000.000
1717	63	63000.000
1718	52	52000.000
1719	46	46000.000
1720	67	67000.000
1721	55	55000.000
1722	49	49000.000
1723	56	56000.000
1724	70	70000.000
1725	52	52000.000
1726	56	56000.000
1727	52	52000.000
1728	60	60000.000
1729	50	50000.000
1730	57	57000.000
1731	44	44000.000
1732	49	49000.000
1733	47	47000.000
1734	53	53000.000
1735	52	52000.000
1736	44	44000.000
1737	54	54000.000
1738	65	65000.000
1739	41	41000.000
1740	63	63000.000
1741	61	61000.000
1742	51	51000.000
1743	50	50000.000
1744	55	55000.000
1745	48	48000.000
1746	62	62000.000
1747	50	50000.000
1748	54	54000.000
1749	69	69000.000
1750	46	46000.000
1751	42	42000.000
1752	61	61000.000
1753	50	50000.000
1754	61	61000.000
1755	47	47000.000
1756	52	52000.000
1757	50	50000.000
1758	67	67000.000
1759	56	56000.000
1760	48	48000.000
1761	56	56000.000
1762	58	58000.000
1763	58	58000.000
1764	38	38000.000
1765	64	64000.000
1766	60	60000.000
1767	55	55000.000
1768	58	58000.000
1769	51	51000.000
1770	58	58000.000
1771	58	58000.000
1772	64	64000.000
1773	54	54000.000
1774	61	61000.000
1775	53	53000.000
1776	47	47000.000
1777	61	61000.000
1778	50	50000.000
1779	53	53000.000
1780	60	60000.000
1781	55	55000.000
1782	64	64000.000
1783	61	61000.000
1784	44	44000.000
1785	56	56000.000
1786	62	62000.000
1787	52	52000.000
1788	53	53000.000
1789	57	57000.000
1790	47	47000.000
1791	51	51000.000
1792	51	51000.000
1793	41	41000.000
1794	54	54000.000
1795	56	56000.000
1796	59	59000.000
1797	58	58000.000
1798	52	52000.000
1799	59	59000.000
1800	56	56000.000
1801	43	43000.000
1802	58	58000.000
1803	47	47000.000
1804	53	53000.000
1805	61	61000.000
1806	57	57000.000
1807	55	55000.000
1808	62	62000.000
1809	53	53000.000
1810	52	52000.000
1811	63	63000.000
1812	45	45000.000
1813	48	48000.000
1814	47	47000.000
1815	47	47000.000
1816	43	43000.000
1817	52	52000.000
1818	64	64000.000
1819	41	41000.000
1820	40	40000.000
1821	57	57000.000
1822	64	64000.000
1823	41	41000.000
1824	49	49000.000
1825	53	53000.000
1826	57	57000.000
1827	55	55000.000
1828	39	39000.000
1829	45	45000.000
1830	61	61000.000
1831	44	44000.000
1832	49	49000.000
1833	53	53000.000
1834	45	45000.000
1835	60	60000.000
1836	56	56000.000
1837	56	56000.000
1838	63	63000.000
1839	53	53000.000
1840	53	53000.000
1841	50	50000.000
1842	54	54000.000
1843	57	57000.000
1844	53	53000.000
1845	42	42000.000
1846	50	50000.000
1847	49	49000.000
1848	56	56000.000
1849	49	49000.000
1850	45	45000.000
1851	46	46000.000
1852	57	57000.000
1853	49	49000.000
1854	58	58000.000
1855	63	63000.000
1856	52	52000.000
1857	51	51000.000
1858	51	51000.000
1859	57	57000.000
1860	47	47000.000
1861	59	59000.000
1862	59	59000.000
1863	60	60000.000
1864	38	38000.000
1865	53	53000.000
1866	63	63000.000
1867	59	59000.000
1868	56	56000.000
1869	36	36000.000
1870	53	53000.000
1871	49	49000.000
1872	45	45000.000
1873	53	53000.000
1874	44	44000.000
1875	43	43000.000
1876	60	60000.000
1877	55	55000.000
1878	55	55000.000
1879	50	50000.000
1880	42	42000.000
1881	55	55000.000
1882	58	58000.000
1883	65	65000.000
1884	66	66000.000
1885	49	49000.000
1886	80	80000.000
1887	51	51000.000
1888	47	47000.000
1889	60	60000.000
1890	40	40000.000
1891	60	60000.000
1892	53	53000.000
1893	63	63000.000
1894	62	62000.000
1895	50	50000.000
1896	60	60000.000
1897	43	43000.000
1898	52	52000.000
1899	42	42000.000
1900	45	45000.000
1901	53	53000.000
1902	51	51000.000
1903	52	52000.000
1904	49	49000.000
1905	39	39000.000
1906	57	57000.000
1907	49	49000.000
1908	66	66000.000
1909	54	54000.000
1910	59	59000.000
1911	61	61000.000
1912	57	57000.000
1913	48	48000.000
1914	69	69000.000
1915	55	55000.000
1916	65	65000.000
1917	56	56000.000
1918	56	56000.000
1919	53	53000.000
1920	37	37000.000
1921	45	45000.000
1922	61	61000.000
1923	52	52000.000
1924	47	47000.000
1925	53	53000.000
1926	42	42000.000
1927	56	56000.000
1928	66	66000.000
1929	58	58000.000
1930	69	69000.000
1931	42	42000.000
1932	57	57000.000
1933	50	50000.000
1934	66	66000.000
1935	57	57000.000
1936	47	47000.000
1937	42	42000.000
1938	48	48000.000
1939	66	66000.000
1940	60	60000.000
1941	37	37000.000
1942	58	58000.000
1943	62	62000.000
1944	56	56000.000
1945	43	43000.000
1946	46	46000.000
1947	57	57000.000
1948	52	52000.000
1949	49	49000.000
1950	59	59000.000
1951	44	44000.000
1952	46	46000.000
1953	46	46000.000
1954	51	51000.000
1955	44	44000.000
1956	49	49000.000
1957	54	54000.000
1958	70	70000.000
1959	45	45000.000
1960	54	54000.000
1961	54	54000.000
1962	44	44000.000
1963	59	59000.000
1964	54	54000.000
1965	51	51000.000
1966	44	44000.000
1967	44	44000.000
1968	47	47000.000
1969	50	50000.000
1970	53	53000.000
1971	64	64000.000
1972	45	45000.000
1973	46	46000.000
1974	51	51000.000
1975	55	55000.000
1976	48	48000.000
1977	52	52000.000
1978	43	43000.000
1979	58	58000.000
1980	52	52000.000
1981	51	51000.000
1982	41	41000.000
1983	53	53000.000
1984	47	47000.000
1985	60	60000.000
1986	71	71000.000
1987	56	56000.000
1988	61	61000.000
1989	63	63000.000
1990	51	51000.000
1991	53	53000.000
1992	71	71000.000
1993	64	64000.000
1994	53	53000.000
1995	65	65000.000
1996	52	52000.000
1997	56	56000.000
1998	51	51000.000
1999	63	63000.000
2000	48	48000.000
2001	47	47000.000
2002	53	53000.000
2003	46	46000.000
2004	60	60000.000
2005	53	53000.000
2006	56	56000.000
2007	54	54000.000
2008	56	56000.000
2009	55	55000.000
2010	55	55000.000
2011	56	56000.000
2012	67	67000.000
2013	54	54000.000
2014	51	51000.000
2015	52	52000.000
2016	50	50000.000
2017	51	51000.000
2018	49	49000.000
2019	57	57000.000
2020	44	44000.000
2021	52	52000.000
2022	55	55000.000
2023	59	59000.000
2024	68	68000.000
2025	45	45000.000
2026	61	61000.000
2027	56	56000.000
2028	38	38000.000
2029	61	61000.000
2030	54	54000.000
2031	50	50000.000
2032	57	57000.000
2033	43	43000.000
2034	51	51000.000
2035	59	59000.000
2036	46	46000.000
2037	54	54000.000
2038	49	49000.000
2039	54	54000.000
2040	51	51000.000
2041	52	52000.000
2042	48	48000.000
2043	37	37000.000
2044	41	41000.000
2045	53	53000.000
2046	47	47000.000
2047	56	56000.000
2048	59	59000.000
2049	51	51000.000
2050	55	55000.000
2051	66	66000.000
2052	51	51000.000
2053	58	58000.000
2054	53	53000.000
2055	50	50000.000
2056	56	56000.000
2057	51	51000.000
2058	46	46000.000
2059	46	46000.000
2060	53	53000.000
2061	40	40000.000
2062	48	48000.000
2063	58	58000.000
2064	51	51000.000
2065	62	62000.000
2066	51	51000.000
2067	43	43000.000
2068	42	42000.000
2069	59	59000.000
2070	44	44000.000
2071	50	50000.000
2072	55	55000.000
2073	44	44000.000
2074	54	54000.000
2075	52	52000.000
2076	53	53000.000
2077	41	41000.000
2078	43	43000.000
2079	48	48000.000
2080	46	46000.000
2081	38	38000.000
2082	59	59000.000
2083	54	54000.000
2084	56	56000.000
2085	46	46000.000
2086	49	49000.000
2087	60	60000.000
2088	54	54000.000
2089	46	46000.000
2090	63	63000.000
2091	66	66000.000
2092	60	60000.000
2093	58	58000.000
2094	70	70000.000
2095	48	48000.000
2096	54	54000.000
2097	52	52000.000
2098	64	64000.000
2099	50	50000.000
2100	50	50000.000
2101	62	62000.000
2102	50	50000.000
2103	66	66000.000
2104	57	57000.000
2105	66	66000.000
2106	53	53000.000
2107	59	59000.000
2108	44	44000.000
2109	43	43000.000
2110	46	46000.000
2111	45	45000.000
2112	54	54000.000
2113	46	46000.000
2114	56	56000.000
2115	53	53000.000
2116	60	60000.000
2117	43	43000.000
2118	55	55000.000
2119	63	63000.000
2120	43	43000.000
2121	47	47000.000
2122	57	57000.000
2123	51	51000.000
2124	56	56000.000
2125	50	50000.000
2126	49	49000.000
2127	53	53000.000
2128	52	52000.000
2129	46	46000.000
2130	59	59000.000
2131	58	58000.000
2132	56	56000.000
2133	59	59000.000
2134	51	51000.000
2135	52	52000.000
2136	53	53000.000
2137	55	55000.000
2138	57	57000.000
2139	49	49000.000
2140	50	50000.000
2141	58	58000.000
2142	73	73000.000
2143	49	49000.000
2144	45	45000.000
2145	40	40000.000
2146	52	52000.000
2147	55	55000.000
2148	48	48000.000
2149	61	61000.000
2150	56	56000.000
2151	51	51000.000
2152	35	35000.000
2153	57	57000.000
2154	64	64000.000
2155	65	65000.000
2156	46	46000.000
2157	59	59000.000
2158	59	59000.000
2159	52	52000.000
2160	56	56000.000
2161	49	49000.000
2162	43	43000.000
2163	59	59000.000
2164	59	59000.000
2165	55	55000.000
2166	48	48000.000
2167	55	55000.000
2168	52	52000.000
2169	44	44000.000
2170	57	57000.000
2171	51	51000.000
2172	50	50000.000
2173	46	46000.000
2174	46	46000.000
2175	39	39000.000
2176	40	40000.000
2177	50	50000.000
2178	39	39000.000
2179	52	52000.000
2180	52	52000.000
2181	55	55000.000
2182	56	56000.000
2183	72	72000.000
2184	59	59000.000
2185	49	49000.000
2186	57	57000.000
2187	55	55000.000
2188	61	61000.000
2189	48	48000.000
2190	52	52000.000
2191	43	43000.000
2192	55	55000.000
2193	63	63000.000
2194	63	63000.000
2195	49	49000.000
2196	56	56000.000
2197	66	66000.000
2198	56	56000.000
2199	51	51000.000
2200	68	68000.000
2201	67	67000.000
2202	49	49000.000
2203	41	41000.000
2204	46	46000.000
2205	55	55000.000
2206	46	46000.000
2207	47	47000.000
2208	43	43000.000
2209	37	37000.000
2210	49	49000.000
2211	53	53000.000
2212	35	35000.000
2213	57	57000.000
2214	64	64000.000
2215	40	40000.000
2216	61	61000.000
2217	54	54000.000
2218	45	45000.000
2219	52	52000.000
2220	37	37000.000
2221	54	54000.000
2222	45	45000.000
2223	52	52000.000
2224	63	63000.000
2225	37	37000.000
2226	36	36000.000
2227	54	54000.000
2228	65	65000.000
2229	66	66000.000
2230	69	69000.000
2231	53	53000.000
2232	42	42000.000
2233	58	58000.000
2234	43	43000.000
2235	54	54000.000
2236	60	60000.000
2237	59	59000.000
2238	50	50000.000
2239	56	56000.000
2240	51	51000.000
2241	49	49000.000
2242	47	47000.000
2243	48	48000.000
2244	58	58000.000
2245	48	48000.000
2246	52	52000.000
2247	44	44000.000
2248	50	50000.000
2249	55	55000.000
2250	53	53000.000
2251	53	53000.000
2252	59	59000.000
2253	52	52000.000
2254	51	51000.000
2255	43	43000.000
2256	46	46000.000
2257	52	52000.000
2258	56	56000.000
2259	52	52000.000
2260	58	58000.000
2261	58	58000.000
2262	54	54000.000
2263	52	52000.000
2264	46	46000.000
2265	57	57000.000
2266	57	57000.000
2267	48	48000.000
2268	44	44000.000
2269	55	55000.000
2270	54	54000.000
2271	76	76000.000
2272	53	53000.000
2273	38	38000.000
2274	57	57000.000
2275	54	54000.000
2276	50	50000.000
2277	64	64000.000
2278	64	64000.000
2279	69	69000.000
2280	45	45000.000
2281	47	47000.000
2282	52	52000.000
2283	60	60000.000
2284	52	52000.000
2285	50	50000.000
2286	52	52000.000
2287	58	58000.000
2288	55	55000.000
2289	56	56000.000
2290	50	50000.000
2291	65	65000.000
2292	62	62000.000
2293	44	44000.000
2294	54	54000.000
2295	49	49000.000
2296	55	55000.000
2297	47	47000.000
2298	51	51000.000
2299	48	48000.000
2300	58	58000.000
2301	47	47000.000
2302	55	55000.000
2303	58	58000.000
2304	44	44000.000
2305	49	49000.000
2306	60	60000.000
2307	63	63000.000
2308	49	49000.000
2309	43	43000.000
2310	56	56000.000
2311	65	65000.000
2312	56	56000.000
2313	54	54000.000
2314	69	69000.000
2315	56	56000.000
2316	59	59000.000
2317	38	38000.000
2318	57	57000.000
2319	42	42000.000
2320	54	54000.000
2321	45	45000.000
2322	52	52000.000
2323	51	51000.000
2324	52	52000.000
2325	49	49000.000
2326	57	57000.000
2327	67	67000.000
2328	61	61000.000
2329	58	58000.000
2330	47	47000.000
2331	58	58000.000
2332	54	54000.000
2333	57	57000.000
2334	62	62000.000
2335	60	60000.000
2336	51	51000.000
2337	47	47000.000
2338	51	51000.000
2339	41	41000.000
2340	63	63000.000
2341	49	49000.000
2342	49	49000.000
2343	55	55000.000
2344	45	45000.000
2345	52	52000.000
2346	52	52000.000
2347	57	57000.000
2348	60	60000.000
2349	38	38000.000
2350	47	47000.000
2351	61	61000.000
2352	50	50000.000
2353	46	46000.000
2354	54	54000.000
2355	64	64000.000
2356	58	58000.000
2357	66	66000.000
2358	67	67000.000
2359	57	57000.000
2360	59	59000.000
2361	51	51000.000
2362	57	57000.000
2363	52	52000.000
2364	70	70000.000
2365	45	45000.000
2366	39	39000.000
2367	54	54000.000
2368	45	45000.000
2369	50	50000.000
2370	48	48000.000
2371	63	63000.000
2372	62	62000.000
2373	62	62000.000
2374	58	58000.000
2375	44	44000.000
2376	60	60000.000
2377	54	54000.000
2378	45	45000.000
2379	48	48000.000
2380	38	38000.000
2381	59	59000.000
2382	57	57000.000
2383	49	49000.000
2384	43	43000.000
2385	48	48000.000
2386	47	47000.000
2387	54	54000.000
2388	50	50000.000
2389	48	48000.000
2390	38	38000.000
2391	56	56000.000
2392	62	62000.000
2393	49	49000.000
2394	67	67000.000
2395	42	42000.000
2396	49	49000.000
2397	47	47000.000
2398	54	54000.000
2399	49	49000.000
2400	51	51000.000
2401	48	48000.000
2402	48	48000.000
2403	58	58000.000
2404	54	54000.000
2405	55	55000.000
2406	48	48000.000
2407	48	48000.000
2408	31	31000.000
2409	48	48000.000
2410	53	53000.000
2411	50	50000.000
2412	46	46000.000
2413	47	47000.000
2414	49	49000.000
2415	62	62000.000
2416	52	52000.000
2417	44	44000.000
2418	63	63000.000
2419	51	51000.000
2420	54	54000.000
2421	46	46000.000
2422	59	59000.000
2423	64	64000.000
2424	49	49000.000
2425	43	43000.000
2426	46	46000.000
2427	56	56000.000
2428	52	52000.000
2429	42	42000.000
2430	57	57000.000
2431	60	60000.000
2432	60	60000.000
2433	54	54000.000
2434	56	56000.000
2435	52	52000.000
2436	51	51000.000
2437	60	60000.000
2438	54	54000.000
2439	53	53000.000
2440	49	49000.000
2441	43	43000.000
2442	62	62000.000
2443	50	50000.000
2444	56	56000.000
2445	51	51000.000
2446	54	54000.000
2447	48	48000.000
2448	60	60000.000
2449	46	46000.000
2450	57	57000.000
2451	65	65000.000
2452	38	38000.000
2453	57	57000.000
2454	50	50000.000
2455	54	54000.000
2456	52	52000.000
2457	62	62000.000
2458	58	58000.000
2459	54	54000.000
2460	53	53000.000
2461	45	45000.000
2462	49	49000.000
2463	42	42000.000
2464	52	52000.000
2465	48	48000.000
2466	47	47000.000
2467	53	53000.000
2468	48	48000.000
2469	49	49000.000
2470	56	56000.000
2471	59	59000.000
2472	61	61000.000
2473	48	48000.000
2474	50	50000.000
2475	48	48000.000
2476	62	62000.000
2477	48	48000.000
2478	51	51000.000
2479	46	46000.000
2480	59	59000.000
2481	66	66000.000
2482	55	55000.000
2483	55	55000.000
2484	46	46000.000
2485	40	40000.000
2486	56	56000.000
2487	54	54000.000
2488	47	47000.000
2489	51	51000.000
2490	59	59000.000
2491	59	59000.000
2492	57	57000.000
2493	62	62000.000
2494	50	50000.000
2495	59	59000.000
2496	46	46000.000
2497	38	38000.000
2498	42	42000.000
2499	56	56000.000
2500	56	56000.000
2501	48	48000.000
2502	62	62000.000
2503	47	47000.000
2504	54	54000.000
2505	49	49000.000
2506	57	57000.000
2507	45	45000.000
2508	54	54000.000
2509	59	59000.000
2510	60	60000.000
2511	42	42000.000
2512	50	50000.000
2513	55	55000.000
2514	52	52000.000
2515	54	54000.000
2516	52	52000.000
2517	61	61000.000
2518	51	51000.000
2519	57	57000.000
2520	49	49000.000
2521	61	61000.000
2522	43	43000.000
2523	50	50000.000
2524	55	55000.000
2525	33	33000.000
2526	51	51000.000
2527	72	72000.000
2528	61	61000.000
2529	45	45000.000
2530	55	55000.000
2531	54	54000.000
2532	50	50000.000
2533	60	60000.000
2534	39	39000.000
2535	47	47000.000
2536	53	53000.000
2537	62	62000.000
2538	51	51000.000
2539	45	45000.000
2540	47	47000.000
2541	50	50000.000
2542	51	51000.000
2543	63	63000.000
2544	58	58000.000
2545	60	60000.000
2546	52	52000.000
2547	62	62000.000
2548	46	46000.000
2549	48	48000.000
2550	54	54000.000
2551	45	45000.000
2552	46	46000.000
2553	45	45000.000
2554	54	54000.000
2555	60	60000.000
2556	70	70000.000
2557	49	49000.000
2558	47	47000.000
2559	54	54000.000
2560	43	43000.000
2561	58	58000.000
2562	76	76000.000
2563	56	56000.000
2564	58	58000.000
2565	51	51000.000
2566	61	61000.000
2567	47	47000.000
2568	55	55000.000
2569	56	56000.000
2570	58	58000.000
2571	58	58000.000
2572	56	56000.000
2573	57	57000.000
2574	48	48000.000
2575	62	62000.000
2576	47	47000.000
2577	54	54000.000
2578	53	53000.000
2579	64	64000.000
2580	43	43000.000
2581	60	60000.000
2582	50	50000.000
2583	59	59000.000
2584	56	56000.000
2585	59	59000.000
2586	72	72000.000
2587	59	59000.000
2588	62	62000.000
2589	47	47000.000
2590	52	52000.000
2591	51	51000.000
2592	57	57000.000
2593	59	59000.000
2594	58	58000.000
2595	47	47000.000
2596	57	57000.000
2597	63	63000.000
2598	51	51000.000
2599	53	53000.000
2600	59	59000.000
2601	55	55000.000
2602	50	50000.000
2603	47	47000.000
2604	48	48000.000
2605	47	47000.000
2606	64	64000.000
2607	42	42000.000
2608	47	47000.000
2609	57	57000.000
2610	51	51000.000
2611	52	52000.000
2612	60	60000.000
2613	48	48000.000
2614	57	57000.000
2615	41	41000.000
2616	62	62000.000
2617	33	33000.000
2618	57	57000.000
2619	52	52000.000
2620	47	47000.000
2621	39	39000.000
2622	44	44000.000
2623	59	59000.000
2624	45	45000.000
2625	52	52000.000
2626	57	57000.000
2627	54	54000.000
2628	51	51000.000
2629	60	60000.000
2630	63	63000.000
2631	40	40000.000
2632	60	60000.000
2633	62	62000.000
2634	61	61000.000
2635	52	52000.000
2636	46	46000.000
2637	52	52000.000
2638	51	51000.000
2639	55	55000.000
2640	44	44000.000
2641	64	64000.000
2642	51	51000.000
2643	43	43000.000
2644	47	47000.000
2645	40	40000.000
2646	51	51000.000
2647	52	52000.000
2648	60	60000.000
2649	52	52000.000
2650	53	53000.000
2651	61	61000.000
2652	56	56000.000
2653	56	56000.000
2654	51	51000.000
2655	45	45000.000
2656	45	45000.000
2657	48	48000.000
2658	48	48000.000
2659	57	57000.000
2660	46	46000.000
2661	60	60000.000
2662	42	42000.000
2663	49	49000.000
2664	57	57000.000
2665	42	42000.000
2666	58	58000.000
2667	43	43000.000
2668	49	49000.000
2669	63	63000.000
2670	61	61000.000
2671	58	58000.000
2672	68	68000.000
2673	61	61000.000
2674	47	47000.000
2675	61	61000.000
2676	48	48000.000
2677	45	45000.000
2678	39	39000.000
2679	51	51000.000
2680	37	37000.000
2681	44	44000.000
2682	49	49000.000
2683	71	71000.000
2684	73	73000.000
2685	56	56000.000
2686	50	50000.000
2687	54	54000.000
2688	60	60000.000
2689	61	61000.000
2690	36	36000.000
2691	57	57000.000
2692	59	59000.000
2693	49	49000.000
2694	47	47000.000
2695	36	36000.000
2696	51	51000.000
2697	72	72000.000
2698	47	47000.000
2699	52	52000.000
2700	57	57000.000
2701	48	48000.000
2702	50	50000.000
2703	49	49000.000
2704	55	55000.000
2705	35	35000.000
2706	52	52000.000
2707	48	48000.000
2708	47	47000.000
2709	52	52000.000
2710	37	37000.000
2711	50	50000.000
2712	49	49000.000
2713	51	51000.000
2714	53	53000.000
2715	52	52000.000
2716	31	31000.000
2717	52	52000.000
2718	50	50000.000
2719	53	53000.000
2720	39	39000.000
2721	50	50000.000
2722	63	63000.000
2723	49	49000.000
2724	56	56000.000
2725	45	45000.000
2726	53	53000.000
2727	44	44000.000
2728	50	50000.000
2729	59	59000.000
2730	54	54000.000
2731	63	63000.000
2732	63	63000.000
2733	59	59000.000
2734	41	41000.000
2735	51	51000.000
2736	58	58000.000
2737	63	63000.000
2738	63	63000.000
2739	46	46000.000
2740	47	47000.000
2741	50	50000.000
2742	54	54000.000
2743	42	42000.000
2744	41	41000.000
2745	52	52000.000
2746	57	57000.000
2747	59	59000.000
2748	54	54000.000
2749	53	53000.000
2750	60	60000.000
2751	55	55000.000
2752	49	49000.000
2753	47	47000.000
2754	44	44000.000
2755	56	56000.000
2756	47	47000.000
2757	58	58000.000
2758	61	61000.000
2759	54	54000.000
2760	52	52000.000
2761	51	51000.000
2762	49	49000.000
2763	62	62000.000
2764	48	48000.000
2765	43	43000.000
2766	51	51000.000
2767	59	59000.000
2768	46	46000.000
2769	53	53000.000
2770	61	61000.000
2771	52	52000.000
2772	48	48000.000
2773	53	53000.000
2774	56	56000.000
2775	56	56000.000
2776	57	57000.000
2777	55	55000.000
2778	60	60000.000
2779	51	51000.000
2780	51	51000.000
2781	52	52000.000
2782	44	44000.000
2783	43	43000.000
2784	47	47000.000
2785	39	39000.000
2786	47	47000.000
2787	61	61000.000
2788	47	47000.000
2789	46	46000.000
2790	55	55000.000
2791	52	52000.000
2792	50	50000.000
2793	48	48000.000
2794	44	44000.000
2795	48	48000.000
2796	63	63000.000
2797	49	49000.000
2798	40	40000.000
2799	44	44000.000
2800	67	67000.000
2801	54	54000.000
2802	57	57000.000
2803	56	56000.000
2804	50	50000.000
2805	69	69000.000
2806	66	66000.000
2807	53	53000.000
2808	50	50000.000
2809	67	67000.000
2810	39	39000.000
2811	43	43000.000
2812	44	44000.000
2813	47	47000.000
2814	55	55000.000
2815	51	51000.000
2816	77	77000.000
2817	53	53000.000
2818	57	57000.000
2819	61	61000.000
2820	47	47000.000
2821	56	56000.000
2822	50	50000.000
2823	46	46000.000
2824	54	54000.000
2825	52	52000.000
2826	46	46000.000
2827	53	53000.000
2828	60	60000.000
2829	56	56000.000
2830	38	38000.000
2831	51	51000.000
2832	56	56000.000
2833	51	51000.000
2834	52	52000.000
2835	65	65000.000
2836	50	50000.000
2837	61	61000.000
2838	47	47000.000
2839	61	61000.000
2840	51	51000.000
2841	44	44000.000
2842	51	51000.000
2843	44	44000.000
2844	69	69000.000
2845	66	66000.000
2846	54	54000.000
2847	52	52000.000
2848	63	63000.000
2849	53	53000.000
2850	64	64000.000
2851	50	50000.000
2852	44	44000.000
2853	48	48000.000
2854	53	53000.000
2855	54	54000.000
2856	64	64000.000
2857	53	53000.000
2858	50	50000.000
2859	55	55000.000
2860	59	59000.000
2861	46	46000.000
2862	51	51000.000
2863	62	62000.000
2864	57	57000.000
2865	53	53000.000
2866	65	65000.000
2867	57	57000.000
2868	64	64000.000
2869	45	45000.000
2870	51	51000.000
2871	36	36000.000
2872	52	52000.000
2873	42	42000.000
2874	42	42000.000
2875	52	52000.000
2876	46	46000.000
2877	40	40000.000
2878	56	56000.000
2879	50	50000.000
2880	50	50000.000
2881	49	49000.000
2882	46	46000.000
2883	49	49000.000
2884	62	62000.000
2885	60	60000.000
2886	45	45000.000
2887	49	49000.000
2888	49	49000.000
2889	49	49000.000
2890	43	43000.000
2891	53	53000.000
2892	48	48000.000
2893	41	41000.000
2894	53	53000.000
2895	41	41000.000
2896	47	47000.000
2897	50	50000.000
2898	52	52000.000
2899	39	39000.000
2900	49	49000.000
2901	59	59000.000
2902	57	57000.000
2903	58	58000.000
2904	42	42000.000
2905	50	50000.000
2906	53	53000.000
2907	55	55000.000
2908	62	62000.000
2909	47	47000.000
2910	60	60000.000
2911	44	44000.000
2912	57	57000.000
2913	52	52000.000
2914	60	60000.000
2915	52	52000.000
2916	58	58000.000
2917	40	40000.000
2918	67	67000.000
2919	45	45000.000
2920	66	66000.000
2921	55	55000.000
2922	69	69000.000
2923	63	63000.000
2924	51	51000.000
2925	59	59000.000
2926	48	48000.000
2927	44	44000.000
2928	39	39000.000
2929	52	52000.000
2930	41	41000.000
2931	61	61000.000
2932	58	58000.000
2933	52	52000.000
2934	61	61000.000
2935	54	54000.000
2936	57	57000.000
2937	59	59000.000
2938	49	49000.000
2939	54	54000.000
2940	51	51000.000
2941	55	55000.000
2942	53	53000.000
2943	52	52000.000
2944	48	48000.000
2945	44	44000.000
2946	54	54000.000
2947	59	59000.000
2948	44	44000.000
2949	41	41000.000
2950	56	56000.000
2951	45	45000.000
2952	51	51000.000
2953	40	40000.000
2954	64	64000.000
2955	42	42000.000
2956	58	58000.000
2957	55	55000.000
2958	50	50000.000
2959	43	43000.000
2960	43	43000.000
2961	54	54000.000
2962	61	61000.000
2963	62	62000.000
2964	45	45000.000
2965	52	52000.000
2966	61	61000.000
2967	46	46000.000
2968	66	66000.000
2969	55	55000.000
2970	39	39000.000
2971	51	51000.000
2972	54	54000.000
2973	50	50000.000
2974	44	44000.000
2975	59	59000.000
2976	56	56000.000
2977	42	42000.000
2978	47	47000.000
2979	48	48000.000
2980	54	54000.000
2981	45	45000.000
2982	55	55000.000
2983	56	56000.000
2984	46	46000.000
2985	49	49000.000
2986	58	58000.000
2987	52	52000.000
2988	55	55000.000
2989	55	55000.000
2990	60	60000.000
2991	48	48000.000
2992	61	61000.000
2993	59	59000.000
2994	48	48000.000
2995	52	52000.000
2996	44	44000.000
2997	51	51000.000
2998	56	56000.000
2999	50	50000.000
3000	54	54000.000
3001	60	60000.000
3002	47	47000.000
3003	51	51000.000
3004	52	52000.000
3005	58	58000.000
3006	70	70000.000
3007	64	64000.000
3008	57	57000.000
3009	56	56000.000
3010	50	50000.000
3011	51	51000.000
3012	56	56000.000
3013	54	54000.000
3014	56	56000.000
3015	46	46000.000
3016	56	56000.000
3017	61	61000.000
3018	57	57000.000
3019	48	48000.000
3020	48	48000.000
3021	42	42000.000
3022	48	48000.000
3023	66	66000.000
3024	46	46000.000
3025	52	52000.000
3026	61	61000.000
3027	56	56000.000
3028	50	50000.000
3029	48	48000.000
3030	55	55000.000
3031	46	46000.000
3032	51	51000.000
3033	58	58000.000
3034	44	44000.000
3035	56	56000.000
3036	54	54000.000
3037	51	51000.000
3038	46	46000.000
3039	47	47000.000
3040	67	67000.000
3041	56	56000.000
3042	54	54000.000
3043	34	34000.000
3044	47	47000.000
3045	58	58000.000
3046	56	56000.000
3047	56	56000.000
3048	44	44000.000
3049	48	48000.000
3050	60	60000.000
3051	50	50000.000
3052	50	50000.000
3053	46	46000.000
3054	47	47000.000
3055	51	51000.000
3056	55	55000.000
3057	45	45000.000
3058	54	54000.000
3059	49	49000.000
3060	48	48000.000
3061	45	45000.000
3062	66	66000.000
3063	41	41000.000
3064	41	41000.000
3065	50	50000.000
3066	59	59000.000
3067	64	64000.000
3068	56	56000.000
3069	44	44000.000
3070	55	55000.000
3071	57	57000.000
3072	50	50000.000
3073	53	53000.000
3074	51	51000.000
3075	51	51000.000
3076	52	52000.000
3077	58	58000.000
3078	43	43000.000
3079	58	58000.000
3080	68	68000.000
3081	58	58000.000
3082	51	51000.000
3083	51	51000.000
3084	40	40000.000
3085	50	50000.000
3086	47	47000.000
3087	60	60000.000
3088	52	52000.000
3089	55	55000.000
3090	53	53000.000
3091	60	60000.000
3092	51	51000.000
3093	51	51000.000
3094	58	58000.000
3095	42	42000.000
3096	58	58000.000
3097	63	63000.000
3098	55	55000.000
3099	62	62000.000
3100	56	56000.000
3101	53	53000.000
3102	45	45000.000
3103	47	47000.000
3104	67	67000.000
3105	46	46000.000
3106	57	57000.000
3107	61	61000.000
3108	37	37000.000
3109	66	66000.000
3110	46	46000.000
3111	46	46000.000
3112	44	44000.000
3113	45	45000.000
3114	49	49000.000
3115	46	46000.000
3116	54	54000.000
3117	60	60000.000
3118	54	54000.000
3119	57	57000.000
3120	48	48000.000
3121	56	56000.000
3122	52	52000.000
3123	43	43000.000
3124	40	40000.000
3125	50	50000.000
3126	60	60000.000
3127	57	57000.000
3128	43	43000.000
3129	54	54000.000
3130	56	56000.000
3131	53	53000.000
3132	48	48000.000
3133	34	34000.000
3134	43	43000.000
3135	57	57000.000
3136	51	51000.000
3137	62	62000.000
3138	48	48000.000
3139	61	61000.000
3140	55	55000.000
3141	56	56000.000
3142	70	70000.000
3143	66	66000.000
3144	61	61000.000
3145	46	46000.000
3146	45	45000.000
3147	59	59000.000
3148	60	60000.000
3149	51	51000.000
3150	55	55000.000
3151	47	47000.000
3152	53	53000.000
3153	59	59000.000
3154	54	54000.000
3155	59	59000.000
3156	53	53000.000
3157	53	53000.000
3158	56	56000.000
3159	59	59000.000
3160	56	56000.000
3161	58	58000.000
3162	49	49000.000
3163	51	51000.000
3164	49	49000.000
3165	45	45000.000
3166	56	56000.000
3167	56	56000.000
3168	63	63000.000
3169	67	67000.000
3170	59	59000.000
3171	52	52000.000
3172	53	53000.000
3173	59	59000.000
3174	56	56000.000
3175	45	45000.000
3176	49	49000.000
3177	50	50000.000
3178	47	47000.000
3179	51	51000.000
3180	47	47000.000
3181	57	57000.000
3182	57	57000.000
3183	48	48000.000
3184	61	61000.000
3185	50	50000.000
3186	61	61000.000
3187	44	44000.000
3188	48	48000.000
3189	46	46000.000
3190	62	62000.000
3191	42	42000.000
3192	49	49000.000
3193	45	45000.000
3194	63	63000.000
3195	58	58000.000
3196	44	44000.000
3197	45	45000.000
3198	52	52000.000
3199	60	60000.000
3200	43	43000.000
3201	42	42000.000
3202	44	44000.000
3203	44	44000.000
3204	61	61000.000
3205	54	54000.000
3206	65	65000.000
3207	48	48000.000
3208	52	52000.000
3209	58	58000.000
3210	55	55000.000
3211	53	53000.000
3212	40	40000.000
3213	46	46000.000
3214	47	47000.000
3215	56	56000.000
3216	45	45000.000
3217	59	59000.000
3218	52	52000.000
3219	56	56000.000
3220	53	53000.000
3221	55	55000.000
3222	63	63000.000
3223	55	55000.000
3224	43	43000.000
3225	45	45000.000
3226	63	63000.000
3227	65	65000.000
3228	54	54000.000
3229	56	56000.000
3230	53	53000.000
3231	54	54000.000
3232	55	55000.000
3233	57	57000.000
3234	50	50000.000
3235	57	57000.000
3236	41	41000.000
3237	49	49000.000
3238	60	60000.000
3239	52	52000.000
3240	56	56000.000
3241	53	53000.000
3242	44	44000.000
3243	61	61000.000
3244	43	43000.000
3245	49	49000.000
3246	51	51000.000
3247	57	57000.000
3248	45	45000.000
3249	43	43000.000
3250	50	50000.000
3251	48	48000.000
3252	53	53000.000
3253	55	55000.000
3254	47	47000.000
3255	55	55000.000
3256	56	56000.000
3257	55	55000.000
3258	54	54000.000
3259	45	45000.000
3260	44	44000.000
3261	50	50000.000
3262	64	64000.000
3263	61	61000.000
3264	51	51000.000
3265	35	35000.000
3266	46	46000.000
3267	67	67000.000
3268	58	58000.000
3269	58	58000.000
3270	47	47000.000
3271	45	45000.000
3272	58	58000.000
3273	39	39000.000
3274	52	52000.000
3275	59	59000.000
3276	54	54000.000
3277	53	53000.000
3278	68	68000.000
3279	54	54000.000
3280	51	51000.000
3281	50	50000.000
3282	61	61000.000
3283	40	40000.000
3284	44	44000.000
3285	53	53000.000
3286	47	47000.000
3287	56	56000.000
3288	54	54000.000
3289	54	54000.000
3290	60	60000.000
3291	35	35000.000
3292	48	48000.000
3293	61	61000.000
3294	64	64000.000
3295	49	49000.000
3296	49	49000.000
3297	68	68000.000
3298	50	50000.000
3299	44	44000.000
3300	48	48000.000
3301	62	62000.000
3302	55	55000.000
3303	59	59000.000
3304	49	49000.000
3305	56	56000.000
3306	54	54000.000
3307	60	60000.000
3308	51	51000.000
3309	43	43000.000
3310	54	54000.000
3311	59	59000.000
3312	52	52000.000
3313	65	65000.000
3314	52	52000.000
3315	47	47000.000
3316	77	77000.000
3317	48	48000.000
3318	54	54000.000
3319	56	56000.000
3320	60	60000.000
3321	52	52000.000
3322	61	61000.000
3323	52	52000.000
3324	52	52000.000
3325	51	51000.000
3326	55	55000.000
3327	39	39000.000
3328	53	53000.000
3329	46	46000.000
3330	57	57000.000
3331	58	58000.000
3332	60	60000.000
3333	59	59000.000
3334	54	54000.000
3335	51	51000.000
3336	55	55000.000
3337	54	54000.000
3338	41	41000.000
3339	50	50000.000
3340	49	49000.000
3341	56	56000.000
3342	48	48000.000
3343	51	51000.000
3344	64	64000.000
3345	54	54000.000
3346	52	52000.000
3347	47	47000.000
3348	49	49000.000
3349	44	44000.000
3350	48	48000.000
3351	48	48000.000
3352	60	60000.000
3353	57	57000.000
3354	48	48000.000
3355	65	65000.000
3356	54	54000.000
3357	44	44000.000
3358	49	49000.000
3359	64	64000.000
3360	59	59000.000
3361	55	55000.000
3362	53	53000.000
3363	59	59000.000
3364	59	59000.000
3365	69	69000.000
3366	58	58000.000
3367	74	74000.000
3368	55	55000.000
3369	46	46000.000
3370	47	47000.000
3371	51	51000.000
3372	47	47000.000
3373	61	61000.000
3374	52	52000.000
3375	55	55000.000
3376	54	54000.000
3377	70	70000.000
3378	49	49000.000
3379	51	51000.000
3380	61	61000.000
3381	56	56000.000
3382	66	66000.000
3383	56	56000.000
3384	61	61000.000
3385	59	59000.000
3386	50	50000.000
3387	44	44000.000
3388	44	44000.000
3389	47	47000.000
3390	45	45000.000
3391	53	53000.000
3392	57	57000.000
3393	57	57000.000
3394	37	37000.000
3395	42	42000.000
3396	48	48000.000
3397	61	61000.000
3398	66	66000.000
3399	50	50000.000
3400	46	46000.000
3401	56	56000.000
3402	49	49000.000
3403	73	73000.000
3404	52	52000.000
3405	72	72000.000
3406	51	51000.000
3407	44	44000.000
3408	54	54000.000
3409	56	56000.000
3410	52	52000.000
3411	53	53000.000
3412	45	45000.000
3413	52	52000.000
3414	46	46000.000
3415	53	53000.000
3416	48	48000.000
3417	40	40000.000
3418	49	49000.000
3419	64	64000.000
3420	53	53000.000
3421	62	62000.000
3422	64	64000.000
3423	64	64000.000
3424	53	53000.000
3425	53	53000.000
3426	51	51000.000
3427	55	55000.000
3428	60	60000.000
3429	50	50000.000
3430	66	66000.000
3431	50	50000.000
3432	51	51000.000
3433	40	40000.000
3434	63	63000.000
3435	53	53000.000
3436	50	50000.000
3437	51	51000.000
3438	60	60000.000
3439	44	44000.000
3440	59	59000.000
3441	54	54000.000
3442	61	61000.000
3443	56	56000.000
3444	61	61000.000
3445	56	56000.000
3446	52	52000.000
3447	35	35000.000
3448	63	63000.000
3449	68	68000.000
3450	67	67000.000
3451	45	45000.000
3452	51	51000.000
3453	49	49000.000
3454	52	52000.000
3455	59	59000.000
3456	53	53000.000
3457	62	62000.000
3458	43	43000.000
3459	56	56000.000
3460	45	45000.000
3461	54	54000.000
3462	44	44000.000
3463	51	51000.000
3464	56	56000.000
3465	62	62000.000
3466	54	54000.000
3467	52	52000.000
3468	44	44000.000
3469	56	56000.000
3470	55	55000.000
3471	51	51000.000
3472	41	41000.000
3473	55	55000.000
3474	36	36000.000
3475	45	45000.000
3476	52	52000.000
3477	49	49000.000
3478	49	49000.000
3479	45	45000.000
3480	44	44000.000
3481	46	46000.000
3482	56	56000.000
3483	48	48000.000
3484	46	46000.000
3485	51	51000.000
3486	55	55000.000
3487	40	40000.000
3488	51	51000.000
3489	45	45000.000
3490	59	59000.000
3491	53	53000.000
3492	45	45000.000
3493	48	48000.000
3494	42	42000.000
3495	63	63000.000
3496	45	45000.000
3497	55	55000.000
3498	51	51000.000
3499	63	63000.000
3500	46	46000.000
3501	66	66000.000
3502	60	60000.000
3503	65	65000.000
3504	51	51000.000
3505	65	65000.000
3506	45	45000.000
3507	54	54000.000
3508	59	59000.000
3509	48	48000.000
3510	27	27000.000
3511	50	50000.000
3512	57	57000.000
3513	64	64000.000
3514	45	45000.000
3515	43	43000.000
3516	60	60000.000
3517	66	66000.000
3518	51	51000.000
3519	34	34000.000
3520	54	54000.000
3521	68	68000.000
3522	50	50000.000
3523	41	41000.000
3524	52	52000.000
3525	61	61000.000
3526	51	51000.000
3527	45	45000.000
3528	54	54000.000
3529	48	48000.000
3530	44	44000.000
3531	51	51000.000
3532	57	57000.000
3533	42	42000.000
3534	49	49000.000
3535	53	53000.000
3536	52	52000.000
3537	66	66000.000
3538	67	67000.000
3539	40	40000.000
3540	42	42000.000
3541	42	42000.000
3542	49	49000.000
3543	47	47000.000
3544	34	34000.000
3545	38	38000.000
3546	50	50000.000
3547	54	54000.000
3548	50	50000.000
3549	56	56000.000
3550	57	57000.000
3551	50	50000.000
3552	40	40000.000
3553	58	58000.000
3554	72	72000.000
3555	58	58000.000
3556	54	54000.000
3557	54	54000.000
3558	54	54000.000
3559	49	49000.000
3560	55	55000.000
3561	63	63000.000
3562	43	43000.000
3563	52	52000.000
3564	44	44000.000
3565	59	59000.000
3566	56	56000.000
3567	42	42000.000
3568	55	55000.000
3569	48	48000.000
3570	45	45000.000
3571	55	55000.000
3572	41	41000.000
3573	59	59000.000
3574	48	48000.000
3575	58	58000.000
3576	44	44000.000
3577	57	57000.000
3578	63	63000.000
3579	40	40000.000
3580	44	44000.000
3581	51	51000.000
3582	63	63000.000
3583	52	52000.000
3584	54	54000.000
3585	56	56000.000
3586	41	41000.000
3587	65	65000.000
3588	46	46000.000
3589	62	62000.000
3590	65	65000.000
3591	58	58000.000
3592	55	55000.000
3593	53	53000.000
3594	54	54000.000
3595	50	50000.000
3596	49	49000.000
3597	66	66000.000
3598	55	55000.000
3599	52	52000.000
3600	58	58000.000
3601	60	60000.000
3602	65	65000.000
3603	48	48000.000
3604	43	43000.000
3605	57	57000.000
3606	46	46000.000
3607	53	53000.000
3608	46	46000.000
3609	61	61000.000
3610	64	64000.000
3611	58	58000.000
3612	50	50000.000
3613	47	47000.000
3614	62	62000.000
3615	51	51000.000
3616	53	53000.000
3617	52	52000.000
3618	61	61000.000
3619	49	49000.000
3620	57	57000.000
3621	53	53000.000
3622	66	66000.000
3623	47	47000.000
3624	54	54000.000
3625	56	56000.000
3626	48	48000.000
3627	57	57000.000
3628	60	60000.000
3629	52	52000.000
3630	47	47000.000
3631	53	53000.000
3632	42	42000.000
3633	69	69000.000
3634	48	48000.000
3635	60	60000.000
3636	35	35000.000
3637	46	46000.000
3638	60	60000.000
3639	53	53000.000
3640	48	48000.000
3641	52	52000.000
3642	47	47000.000
3643	71	71000.000
3644	54	54000.000
3645	65	65000.000
3646	51	51000.000
3647	56	56000.000
3648	51	51000.000
3649	66	66000.000
3650	66	66000.000
3651	48	48000.000
3652	53	53000.000
3653	53	53000.000
3654	52	52000.000
3655	48	48000.000
3656	47	47000.000
3657	49	49000.000
3658	47	47000.000
3659	53	53000.000
3660	49	49000.000
3661	60	60000.000
3662	54	54000.000
3663	68	68000.000
3664	43	43000.000
3665	64	64000.000
3666	50	50000.000
3667	61	61000.000
3668	61	61000.000
3669	47	47000.000
3670	66	66000.000
3671	49	49000.000
3672	52	52000.000
3673	39	39000.000
3674	50	50000.000
3675	56	56000.000
3676	45	45000.000
3677	55	55000.000
3678	50	50000.000
3679	67	67000.000
3680	46	46000.000
3681	49	49000.000
3682	54	54000.000
3683	48	48000.000
3684	51	51000.000
3685	55	55000.000
3686	48	48000.000
3687	56	56000.000
3688	61	61000.000
3689	47	47000.000
3690	46	46000.000
3691	58	58000.000
3692	60	60000.000
3693	72	72000.000
3694	43	43000.000
3695	48	48000.000
3696	55	55000.000
3697	56	56000.000
3698	55	55000.000
3699	45	45000.000
3700	44	44000.000
3701	50	50000.000
3702	58	58000.000
3703	45	45000.000
3704	59	59000.000
3705	45	45000.000
3706	50	50000.000
3707	64	64000.000
3708	48	48000.000
3709	61	61000.000
3710	53	53000.000
3711	42	42000.000
3712	44	44000.000
3713	46	46000.000
3714	55	55000.000
3715	56	56000.000
3716	63	63000.000
3717	73	73000.000
3718	71	71000.000
3719	53	53000.000
3720	45	45000.000
3721	41	41000.000
3722	42	42000.000
3723	55	55000.000
3724	44	44000.000
3725	49	49000.000
3726	49	49000.000
3727	55	55000.000
3728	36	36000.000
3729	49	49000.000
3730	58	58000.000
3731	39	39000.000
3732	52	52000.000
3733	50	50000.000
3734	47	47000.000
3735	44	44000.000
3736	50	50000.000
3737	63	63000.000
3738	46	46000.000
3739	57	57000.000
3740	46	46000.000
3741	50	50000.000
3742	60	60000.000
3743	57	57000.000
3744	50	50000.000
3745	50	50000.000
3746	53	53000.000
3747	68	68000.000
3748	52	52000.000
3749	52	52000.000
3750	46	46000.000
3751	50	50000.000
3752	51	51000.000
3753	51	51000.000
3754	58	58000.000
3755	56	56000.000
3756	37	37000.000
3757	44	44000.000
3758	55	55000.000
3759	68	68000.000
3760	43	43000.000
3761	54	54000.000
3762	39	39000.000
3763	65	65000.000
3764	56	56000.000
3765	49	49000.000
3766	46	46000.000
3767	48	48000.000
3768	71	71000.000
3769	54	54000.000
3770	56	56000.000
3771	60	60000.000
3772	60	60000.000
3773	49	49000.000
3774	67	67000.000
3775	48	48000.000
3776	57	57000.000
3777	53	53000.000
3778	44	44000.000
3779	59	59000.000
3780	60	60000.000
3781	53	53000.000
3782	51	51000.000
3783	50	50000.000
3784	52	52000.000
3785	44	44000.000
3786	63	63000.000
3787	60	60000.000
3788	48	48000.000
3789	42	42000.000
3790	56	56000.000
3791	44	44000.000
3792	55	55000.000
3793	60	60000.000
3794	46	46000.000
3795	71	71000.000
3796	59	59000.000
3797	52	52000.000
3798	50	50000.000
3799	69	69000.000
3800	56	56000.000
3801	47	47000.000
3802	51	51000.000
3803	68	68000.000
3804	59	59000.000
3805	59	59000.000
3806	41	41000.000
3807	55	55000.000
3808	47	47000.000
3809	54	54000.000
3810	59	59000.000
3811	36	36000.000
3812	63	63000.000
3813	51	51000.000
3814	70	70000.000
3815	58	58000.000
3816	45	45000.000
3817	65	65000.000
3818	58	58000.000
3819	53	53000.000
3820	49	49000.000
3821	49	49000.000
3822	42	42000.000
3823	42	42000.000
3824	40	40000.000
3825	53	53000.000
3826	49	49000.000
3827	54	54000.000
3828	48	48000.000
3829	49	49000.000
3830	61	61000.000
3831	49	49000.000
3832	54	54000.000
3833	63	63000.000
3834	54	54000.000
3835	57	57000.000
3836	58	58000.000
3837	59	59000.000
3838	51	51000.000
3839	60	60000.000
3840	62	62000.000
3841	57	57000.000
3842	61	61000.000
3843	56	56000.000
3844	57	57000.000
3845	47	47000.000
3846	52	52000.000
3847	61	61000.000
3848	43	43000.000
3849	52	52000.000
3850	59	59000.000
3851	45	45000.000
3852	52	52000.000
3853	57	57000.000
3854	53	53000.000
3855	59	59000.000
3856	43	43000.000
3857	51	51000.000
3858	55	55000.000
3859	54	54000.000
3860	50	50000.000
3861	61	61000.000
3862	53	53000.000
3863	62	62000.000
3864	64	64000.000
3865	51	51000.000
3866	61	61000.000
3867	48	48000.000
3868	48	48000.000
3869	50	50000.000
3870	53	53000.000
3871	55	55000.000
3872	77	77000.000
3873	55	55000.000
3874	44	44000.000
3875	56	56000.000
3876	53	53000.000
3877	44	44000.000
3878	53	53000.000
3879	53	53000.000
3880	51	51000.000
3881	50	50000.000
3882	51	51000.000
3883	41	41000.000
3884	66	66000.000
3885	49	49000.000
3886	56	56000.000
3887	46	46000.000
3888	65	65000.000
3889	55	55000.000
3890	66	66000.000
3891	52	52000.000
3892	49	49000.000
3893	51	51000.000
3894	56	56000.000
3895	55	55000.000
3896	49	49000.000
3897	42	42000.000
3898	50	50000.000
3899	51	51000.000
3900	58	58000.000
3901	60	60000.000
3902	57	57000.000
3903	37	37000.000
3904	54	54000.000
3905	46	46000.000
3906	52	52000.000
3907	34	34000.000
3908	61	61000.000
3909	58	58000.000
3910	53	53000.000
3911	56	56000.000
3912	76	76000.000
3913	65	65000.000
3914	52	52000.000
3915	76	76000.000
3916	53	53000.000
3917	44	44000.000
3918	49	49000.000
3919	53	53000.000
3920	48	48000.000
3921	52	52000.000
3922	56	56000.000
3923	59	59000.000
3924	57	57000.000
3925	67	67000.000
3926	53	53000.000
3927	53	53000.000
3928	64	64000.000
3929	61	61000.000
3930	63	63000.000
3931	57	57000.000
3932	57	57000.000
3933	57	57000.000
3934	63	63000.000
3935	47	47000.000
3936	54	54000.000
3937	52	52000.000
3938	53	53000.000
3939	42	42000.000
3940	42	42000.000
3941	53	53000.000
3942	56	56000.000
3943	44	44000.000
3944	49	49000.000
3945	49	49000.000
3946	63	63000.000
3947	62	62000.000
3948	52	52000.000
3949	59	59000.000
3950	55	55000.000
3951	53	53000.000
3952	43	43000.000
3953	63	63000.000
3954	72	72000.000
3955	41	41000.000
3956	59	59000.000
3957	55	55000.000
3958	50	50000.000
3959	47	47000.000
3960	51	51000.000
3961	66	66000.000
3962	45	45000.000
3963	72	72000.000
3964	47	47000.000
3965	35	35000.000
3966	51	51000.000
3967	44	44000.000
3968	63	63000.000
3969	54	54000.000
3970	67	67000.000
3971	43	43000.000
3972	55	55000.000
3973	52	52000.000
3974	64	64000.000
3975	42	42000.000
3976	50	50000.000
3977	49	49000.000
3978	64	64000.000
3979	48	48000.000
3980	62	62000.000
3981	42	42000.000
3982	51	51000.000
3983	51	51000.000
3984	47	47000.000
3985	56	56000.000
3986	40	40000.000
3987	51	51000.000
3988	56	56000.000
3989	47	47000.000
3990	59	59000.000
3991	60	60000.000
3992	38	38000.000
3993	60	60000.000
3994	56	56000.000
3995	52	52000.000
3996	65	65000.000
3997	55	55000.000
3998	52	52000.000
3999	48	48000.000
4000	42	42000.000
4001	55	55000.000
4002	38	38000.000
4003	48	48000.000
4004	47	47000.000
4005	43	43000.000
4006	37	37000.000
4007	54	54000.000
4008	40	40000.000
4009	51	51000.000
4010	56	56000.000
4011	59	59000.000
4012	67	67000.000
4013	58	58000.000
4014	59	59000.000
4015	52	52000.000
4016	53	53000.000
4017	54	54000.000
4018	38	38000.000
4019	48	48000.000
4020	48	48000.000
4021	64	64000.000
4022	54	54000.000
4023	45	45000.000
4024	53	53000.000
4025	52	52000.000
4026	53	53000.000
4027	50	50000.000
4028	46	46000.000
4029	79	79000.000
4030	62	62000.000
4031	58	58000.000
4032	59	59000.000
4033	50	50000.000
4034	55	55000.000
4035	53	53000.000
4036	45	45000.000
4037	59	59000.000
4038	51	51000.000
4039	46	46000.000
4040	52	52000.000
4041	49	49000.000
4042	69	69000.000
4043	57	57000.000
4044	50	50000.000
4045	54	54000.000
4046	60	60000.000
4047	56	56000.000
4048	54	54000.000
4049	64	64000.000
4050	48	48000.000
4051	56	56000.000
4052	71	71000.000
4053	66	66000.000
4054	53	53000.000
4055	55	55000.000
4056	49	49000.000
4057	52	52000.000
4058	68	68000.000
4059	55	55000.000
4060	59	59000.000
4061	56	56000.000
4062	48	48000.000
4063	53	53000.000
4064	53	53000.000
4065	48	48000.000
4066	51	51000.000
4067	38	38000.000
4068	48	48000.000
4069	69	69000.000
4070	57	57000.000
4071	44	44000.000
4072	53	53000.000
4073	58	58000.000
4074	39	39000.000
4075	62	62000.000
4076	43	43000.000
4077	48	48000.000
4078	44	44000.000
4079	44	44000.000
4080	52	52000.000
4081	65	65000.000
4082	56	56000.000
4083	55	55000.000
4084	57	57000.000
4085	38	38000.000
4086	47	47000.000
4087	38	38000.000
4088	44	44000.000
4089	61	61000.000
4090	55	55000.000
4091	46	46000.000
4092	49	49000.000
4093	57	57000.000
4094	54	54000.000
4095	57	57000.000
4096	63	63000.000
4097	58	58000.000
4098	53	53000.000
4099	48	48000.000
4100	48	48000.000
4101	56	56000.000
4102	49	49000.000
4103	48	48000.000
4104	55	55000.000
4105	40	40000.000
4106	44	44000.000
4107	49	49000.000
4108	54	54000.000
4109	56	56000.000
4110	58	58000.000
4111	51	51000.000
4112	46	46000.000
4113	43	43000.000
4114	42	42000.000
4115	49	49000.000
4116	62	62000.000
4117	56	56000.000
4118	59	59000.000
4119	47	47000.000
4120	47	47000.000
4121	41	41000.000
4122	47	47000.000
4123	51	51000.000
4124	72	72000.000
4125	66	66000.000
4126	35	35000.000
4127	63	63000.000
4128	45	45000.000
4129	51	51000.000
4130	53	53000.000
4131	44	44000.000
4132	54	54000.000
4133	56	56000.000
4134	59	59000.000
4135	59	59000.000
4136	61	61000.000
4137	60	60000.000
4138	39	39000.000
4139	51	51000.000
4140	52	52000.000
4141	51	51000.000
4142	41	41000.000
4143	63	63000.000
4144	53	53000.000
4145	55	55000.000
4146	48	48000.000
4147	47	47000.000
4148	61	61000.000
4149	43	43000.000
4150	40	40000.000
4151	54	54000.000
4152	59	59000.000
4153	60	60000.000
4154	49	49000.000
4155	53	53000.000
4156	54	54000.000
4157	65	65000.000
4158	47	47000.000
4159	46	46000.000
4160	58	58000.000
4161	51	51000.000
4162	43	43000.000
4163	57	57000.000
4164	49	49000.000
4165	42	42000.000
4166	65	65000.000
4167	68	68000.000
4168	53	53000.000
4169	53	53000.000
4170	59	59000.000
4171	58	58000.000
4172	46	46000.000
4173	57	57000.000
4174	59	59000.000
4175	53	53000.000
4176	54	54000.000
4177	37	37000.000
4178	57	57000.000
4179	65	65000.000
4180	42	42000.000
4181	56	56000.000
4182	49	49000.000
4183	49	49000.000
4184	55	55000.000
4185	45	45000.000
4186	51	51000.000
4187	59	59000.000
4188	41	41000.000
4189	54	54000.000
4190	52	52000.000
4191	54	54000.000
4192	58	58000.000
4193	61	61000.000
4194	61	61000.000
4195	52	52000.000
4196	52	52000.000
4197	55	55000.000
4198	47	47000.000
4199	60	60000.000
4200	49	49000.000
4201	61	61000.000
4202	62	62000.000
4203	47	47000.000
4204	50	50000.000
4205	59	59000.000
4206	66	66000.000
4207	49	49000.000
4208	52	52000.000
4209	46	46000.000
4210	45	45000.000
4211	38	38000.000
4212	52	52000.000
4213	59	59000.000
4214	42	42000.000
4215	58	58000.000
4216	58	58000.000
4217	40	40000.000
4218	53	53000.000
4219	53	53000.000
4220	42	42000.000
4221	59	59000.000
4222	68	68000.000
4223	51	51000.000
4224	62	62000.000
4225	47	47000.000
4226	59	59000.000
4227	65	65000.000
4228	33	33000.000
4229	44	44000.000
4230	62	62000.000
4231	54	54000.000
4232	66	66000.000
4233	60	60000.000
4234	53	53000.000
4235	54	54000.000
4236	67	67000.000
4237	37	37000.000
4238	69	69000.000
4239	53	53000.000
4240	57	57000.000
4241	50	50000.000
4242	54	54000.000
4243	61	61000.000
4244	52	52000.000
4245	49	49000.000
4246	47	47000.000
4247	59	59000.000
4248	47	47000.000
4249	47	47000.000
4250	46	46000.000
4251	47	47000.000
4252	56	56000.000
4253	63	63000.000
4254	52	52000.000
4255	54	54000.000
4256	58	58000.000
4257	56	56000.000
4258	64	64000.000
4259	52	52000.000
4260	48	48000.000
4261	38	38000.000
4262	56	56000.000
4263	52	52000.000
4264	54	54000.000
4265	59	59000.000
4266	70	70000.000
4267	55	55000.000
4268	51	51000.000
4269	57	57000.000
4270	54	54000.000
4271	58	58000.000
4272	48	48000.000
4273	48	48000.000
4274	48	48000.000
4275	41	41000.000
4276	54	54000.000
4277	48	48000.000
4278	66	66000.000
4279	58	58000.000
4280	37	37000.000
4281	54	54000.000
4282	54	54000.000
4283	52	52000.000
4284	45	45000.000
4285	52	52000.000
4286	56	56000.000
4287	61	61000.000
4288	56	56000.000
4289	40	40000.000
4290	51	51000.000
4291	52	52000.000
4292	63	63000.000
4293	44	44000.000
4294	44	44000.000
4295	46	46000.000
4296	55	55000.000
4297	52	52000.000
4298	66	66000.000
4299	36	36000.000
4300	31	31000.000
4301	57	57000.000
4302	44	44000.000
4303	63	63000.000
4304	54	54000.000
4305	61	61000.000
4306	56	56000.000
4307	62	62000.000
4308	53	53000.000
4309	49	49000.000
4310	55	55000.000
4311	47	47000.000
4312	49	49000.000
4313	73	73000.000
4314	51	51000.000
4315	58	58000.000
4316	52	52000.000
4317	59	59000.000
4318	38	38000.000
4319	55	55000.000
4320	47	47000.000
4321	48	48000.000
4322	64	64000.000
4323	50	50000.000
4324	54	54000.000
4325	46	46000.000
4326	53	53000.000
4327	59	59000.000
4328	49	49000.000
4329	54	54000.000
4330	71	71000.000
4331	43	43000.000
4332	47	47000.000
4333	69	69000.000
4334	52	52000.000
4335	64	64000.000
4336	51	51000.000
4337	43	43000.000
4338	43	43000.000
4339	69	69000.000
4340	50	50000.000
4341	57	57000.000
4342	45	45000.000
4343	52	52000.000
4344	43	43000.000
4345	49	49000.000
4346	53	53000.000
4347	35	35000.000
4348	80	80000.000
4349	42	42000.000
4350	53	53000.000
4351	45	45000.000
4352	37	37000.000
4353	58	58000.000
4354	57	57000.000
4355	36	36000.000
4356	44	44000.000
4357	77	77000.000
4358	63	63000.000
4359	54	54000.000
4360	49	49000.000
4361	49	49000.000
4362	39	39000.000
4363	55	55000.000
4364	58	58000.000
4365	67	67000.000
4366	52	52000.000
4367	67	67000.000
4368	49	49000.000
4369	40	40000.000
4370	47	47000.000
4371	49	49000.000
4372	62	62000.000
4373	49	49000.000
4374	63	63000.000
4375	64	64000.000
4376	61	61000.000
4377	51	51000.000
4378	38	38000.000
4379	52	52000.000
4380	58	58000.000
4381	68	68000.000
4382	39	39000.000
4383	69	69000.000
4384	57	57000.000
4385	48	48000.000
4386	39	39000.000
4387	54	54000.000
4388	55	55000.000
4389	60	60000.000
4390	44	44000.000
4391	46	46000.000
4392	52	52000.000
4393	49	49000.000
4394	41	41000.000
4395	43	43000.000
4396	55	55000.000
4397	47	47000.000
4398	43	43000.000
4399	44	44000.000
4400	45	45000.000
4401	45	45000.000
4402	55	55000.000
4403	64	64000.000
4404	49	49000.000
4405	52	52000.000
4406	55	55000.000
4407	59	59000.000
4408	38	38000.000
4409	52	52000.000
4410	52	52000.000
4411	55	55000.000
4412	56	56000.000
4413	62	62000.000
4414	52	52000.000
4415	56	56000.000
4416	52	52000.000
4417	48	48000.000
4418	48	48000.000
4419	41	41000.000
4420	52	52000.000
4421	54	54000.000
4422	54	54000.000
4423	61	61000.000
4424	59	59000.000
4425	56	56000.000
4426	55	55000.000
4427	38	38000.000
4428	61	61000.000
4429	52	52000.000
4430	63	63000.000
4431	49	49000.000
4432	67	67000.000
4433	54	54000.000
4434	50	50000.000
4435	32	32000.000
4436	56	56000.000
4437	41	41000.000
4438	39	39000.000
4439	41	41000.000
4440	37	37000.000
4441	48	48000.000
4442	46	46000.000
4443	50	50000.000
4444	68	68000.000
4445	46	46000.000
4446	59	59000.000
4447	53	53000.000
4448	56	56000.000
4449	49	49000.000
4450	48	48000.000
4451	49	49000.000
4452	68	68000.000
4453	61	61000.000
4454	60	60000.000
4455	52	52000.000
4456	52	52000.000
4457	52	52000.000
4458	56	56000.000
4459	56	56000.000
4460	48	48000.000
4461	47	47000.000
4462	57	57000.000
4463	48	48000.000
4464	58	58000.000
4465	55	55000.000
4466	54	54000.000
4467	46	46000.000
4468	56	56000.000
4469	52	52000.000
4470	53	53000.000
4471	61	61000.000
4472	54	54000.000
4473	56	56000.000
4474	39	39000.000
4475	43	43000.000
4476	45	45000.000
4477	42	42000.000
4478	48	48000.000
4479	38	38000.000
4480	54	54000.000
4481	35	35000.000
4482	45	45000.000
4483	49	49000.000
4484	50	50000.000
4485	54	54000.000
4486	54	54000.000
4487	52	52000.000
4488	55	55000.000
4489	51	51000.000
4490	55	55000.000
4491	49	49000.000
4492	52	52000.000
4493	62	62000.000
4494	59	59000.000
4495	56	56000.000
4496	63	63000.000
4497	55	55000.000
4498	52	52000.000
4499	47	47000.000
4500	55	55000.000
4501	49	49000.000
4502	58	58000.000
4503	59	59000.000
4504	59	59000.000
4505	48	48000.000
4506	43	43000.000
4507	55	55000.000
4508	46	46000.000
4509	54	54000.000
4510	51	51000.000
4511	45	45000.000
4512	49	49000.000
4513	55	55000.000
4514	55	55000.000
4515	67	67000.000
4516	47	47000.000
4517	41	41000.000
4518	36	36000.000
4519	48	48000.000
4520	44	44000.000
4521	46	46000.000
4522	60	60000.000
4523	64	64000.000
4524	60	60000.000
4525	59	59000.000
4526	49	49000.000
4527	55	55000.000
4528	62	62000.000
4529	50	50000.000
4530	45	45000.000
4531	61	61000.000
4532	55	55000.000
4533	60	60000.000
4534	60	60000.000
4535	51	51000.000
4536	53	53000.000
4537	59	59000.000
4538	50	50000.000
4539	59	59000.000
4540	47	47000.000
4541	68	68000.000
4542	41	41000.000
4543	51	51000.000
4544	46	46000.000
4545	43	43000.000
4546	48	48000.000
4547	62	62000.000
4548	44	44000.000
4549	48	48000.000
4550	46	46000.000
4551	54	54000.000
4552	55	55000.000
4553	53	53000.000
4554	52	52000.000
4555	49	49000.000
4556	56	56000.000
4557	46	46000.000
4558	45	45000.000
4559	55	55000.000
4560	57	57000.000
4561	41	41000.000
4562	64	64000.000
4563	48	48000.000
4564	50	50000.000
4565	56	56000.000
4566	60	60000.000
4567	52	52000.000
4568	52	52000.000
4569	47	47000.000
4570	46	46000.000
4571	59	59000.000
4572	54	54000.000
4573	48	48000.000
4574	60	60000.000
4575	55	55000.000
4576	47	47000.000
4577	51	51000.000
4578	57	57000.000
4579	58	58000.000
4580	46	46000.000
4581	47	47000.000
4582	44	44000.000
4583	65	65000.000
4584	51	51000.000
4585	49	49000.000
4586	59	59000.000
4587	46	46000.000
4588	51	51000.000
4589	54	54000.000
4590	48	48000.000
4591	52	52000.000
4592	43	43000.000
4593	57	57000.000
4594	53	53000.000
4595	56	56000.000
4596	47	47000.000
4597	46	46000.000
4598	59	59000.000
4599	49	49000.000
4600	57	57000.000
4601	44	44000.000
4602	51	51000.000
4603	62	62000.000
4604	38	38000.000
4605	43	43000.000
4606	62	62000.000
4607	53	53000.000
4608	63	63000.000
4609	54	54000.000
4610	55	55000.000
4611	44	44000.000
4612	53	53000.000
4613	42	42000.000
4614	50	50000.000
4615	47	47000.000
4616	45	45000.000
4617	59	59000.000
4618	45	45000.000
4619	57	57000.000
4620	47	47000.000
4621	54	54000.000
4622	48	48000.000
4623	56	56000.000
4624	43	43000.000
4625	51	51000.000
4626	55	55000.000
4627	47	47000.000
4628	54	54000.000
4629	68	68000.000
4630	52	52000.000
4631	36	36000.000
4632	55	55000.000
4633	40	40000.000
4634	59	59000.000
4635	60	60000.000
4636	65	65000.000
4637	52	52000.000
4638	46	46000.000
4639	54	54000.000
4640	63	63000.000
4641	55	55000.000
4642	56	56000.000
4643	43	43000.000
4644	60	60000.000
4645	51	51000.000
4646	64	64000.000
4647	51	51000.000
4648	42	42000.000
4649	52	52000.000
4650	48	48000.000
4651	52	52000.000
4652	54	54000.000
4653	47	47000.000
4654	54	54000.000
4655	47	47000.000
4656	53	53000.000
4657	52	52000.000
4658	44	44000.000
4659	53	53000.000
4660	66	66000.000
4661	64	64000.000
4662	41	41000.000
4663	51	51000.000
4664	61	61000.000
4665	47	47000.000
4666	52	52000.000
4667	61	61000.000
4668	60	60000.000
4669	52	52000.000
4670	58	58000.000
4671	43	43000.000
4672	52	52000.000
4673	51	51000.000
4674	57	57000.000
4675	56	56000.000
4676	51	51000.000
4677	43	43000.000
4678	43	43000.000
4679	46	46000.000
4680	49	49000.000
4681	45	45000.000
4682	49	49000.000
4683	52	52000.000
4684	57	57000.000
4685	62	62000.000
4686	58	58000.000
4687	56	56000.000
4688	52	52000.000
4689	43	43000.000
4690	70	70000.000
4691	55	55000.000
4692	48	48000.000
4693	55	55000.000
4694	49	49000.000
4695	56	56000.000
4696	52	52000.000
4697	71	71000.000
4698	52	52000.000
4699	41	41000.000
4700	47	47000.000
4701	51	51000.000
4702	68	68000.000
4703	46	46000.000
4704	62	62000.000
4705	49	49000.000
4706	50	50000.000
4707	59	59000.000
4708	65	65000.000
4709	62	62000.000
4710	56	56000.000
4711	49	49000.000
4712	58	58000.000
4713	61	61000.000
4714	48	48000.000
4715	48	48000.000
4716	44	44000.000
4717	44	44000.000
4718	48	48000.000
4719	54	54000.000
4720	55	55000.000
4721	46	46000.000
4722	49	49000.000
4723	45	45000.000
4724	49	49000.000
4725	52	52000.000
4726	44	44000.000
4727	56	56000.000
4728	48	48000.000
4729	54	54000.000
4730	55	55000.000
4731	48	48000.000
4732	58	58000.000
4733	54	54000.000
4734	62	62000.000
4735	62	62000.000
4736	54	54000.000
4737	44	44000.000
4738	53	53000.000
4739	56	56000.000
4740	49	49000.000
4741	54	54000.000
4742	30	30000.000
4743	52	52000.000
4744	48	48000.000
4745	52	52000.000
4746	41	41000.000
4747	67	67000.000
4748	60	60000.000
4749	55	55000.000
4750	65	65000.000
4751	41	41000.000
4752	54	54000.000
4753	68	68000.000
4754	50	50000.000
4755	49	49000.000
4756	45	45000.000
4757	47	47000.000
4758	49	49000.000
4759	50	50000.000
4760	55	55000.000
4761	47	47000.000
4762	45	45000.000
4763	53	53000.000
4764	56	56000.000
4765	51	51000.000
4766	49	49000.000
4767	39	39000.000
4768	59	59000.000
4769	58	58000.000
4770	46	46000.000
4771	60	60000.000
4772	53	53000.000
4773	44	44000.000
4774	55	55000.000
4775	50	50000.000
4776	56	56000.000
4777	63	63000.000
4778	48	48000.000
4779	46	46000.000
4780	58	58000.000
4781	43	43000.000
4782	60	60000.000
4783	56	56000.000
4784	52	52000.000
4785	49	49000.000
4786	43	43000.000
4787	48	48000.000
4788	53	53000.000
4789	58	58000.000
4790	61	61000.000
4791	47	47000.000
4792	44	44000.000
4793	52	52000.000
4794	52	52000.000
4795	54	54000.000
4796	46	46000.000
4797	46	46000.000
4798	50	50000.000
4799	46	46000.000
4800	58	58000.000
4801	51	51000.000
4802	42	42000.000
4803	61	61000.000
4804	54	54000.000
4805	64	64000.000
4806	65	65000.000
4807	42	42000.000
4808	43	43000.000
4809	41	41000.000
4810	55	55000.000
4811	62	62000.000
4812	45	45000.000
4813	67	67000.000
4814	63	63000.000
4815	50	50000.000
4816	57	57000.000
4817	45	45000.000
4818	53	53000.000
4819	54	54000.000
4820	49	49000.000
4821	53	53000.000
4822	56	56000.000
4823	57	57000.000
4824	49	49000.000
4825	50	50000.000
4826	48	48000.000
4827	46	46000.000
4828	54	54000.000
4829	62	62000.000
4830	52	52000.000
4831	46	46000.000
4832	49	49000.000
4833	46	46000.000
4834	49	49000.000
4835	51	51000.000
4836	46	46000.000
4837	46	46000.000
4838	66	66000.000
4839	48	48000.000
4840	56	56000.000
4841	46	46000.000
4842	55	55000.000
4843	50	50000.000
4844	56	56000.000
4845	49	49000.000
4846	48	48000.000
4847	49	49000.000
4848	55	55000.000
4849	56	56000.000
4850	58	58000.000
4851	51	51000.000
4852	54	54000.000
4853	61	61000.000
4854	62	62000.000
4855	58	58000.000
4856	47	47000.000
4857	54	54000.000
4858	74	74000.000
4859	35	35000.000
4860	51	51000.000
4861	66	66000.000
4862	55	55000.000
4863	45	45000.000
4864	53	53000.000
4865	50	50000.000
4866	58	58000.000
4867	49	49000.000
4868	45	45000.000
4869	43	43000.000
4870	66	66000.000
4871	47	47000.000
4872	51	51000.000
4873	49	49000.000
4874	52	52000.000
4875	52	52000.000
4876	55	55000.000
4877	48	48000.000
4878	53	53000.000
4879	65	65000.000
4880	50	50000.000
4881	57	57000.000
4882	53	53000.000
4883	53	53000.000
4884	61	61000.000
4885	46	46000.000
4886	62	62000.000
4887	48	48000.000
4888	50	50000.000
4889	64	64000.000
4890	75	75000.000
4891	48	48000.000
4892	53	53000.000
4893	51	51000.000
4894	60	60000.000
4895	47	47000.000
4896	61	61000.000
4897	58	58000.000
4898	57	57000.000
4899	51	51000.000
4900	41	41000.000
4901	56	56000.000
4902	52	52000.000
4903	52	52000.000
4904	66	66000.000
4905	48	48000.000
4906	42	42000.000
4907	46	46000.000
4908	47	47000.000
4909	54	54000.000
4910	54	54000.000
4911	59	59000.000
4912	44	44000.000
4913	61	61000.000
4914	54	54000.000
4915	56	56000.000
4916	50	50000.000
4917	39	39000.000
4918	53	53000.000
4919	51	51000.000
4920	60	60000.000
4921	52	52000.000
4922	62	62000.000
4923	46	46000.000
4924	61	61000.000
4925	56	56000.000
4926	54	54000.000
4927	50	50000.000
4928	48	48000.000
4929	48	48000.000
4930	62	62000.000
4931	49	49000.000
4932	43	43000.000
4933	48	48000.000
4934	51	51000.000
4935	54	54000.000
4936	56	56000.000
4937	48	48000.000
4938	50	50000.000
4939	62	62000.000
4940	49	49000.000
4941	41	41000.000
4942	42	42000.000
4943	51	51000.000
4944	49	49000.000
4945	52	52000.000
4946	47	47000.000
4947	57	57000.000
4948	49	49000.000
4949	45	45000.000
4950	57	57000.000
4951	45	45000.000
4952	58	58000.000
4953	68	68000.000
4954	54	54000.000
4955	55	55000.000
4956	57	57000.000
4957	51	51000.000
4958	46	46000.000
4959	48	48000.000
4960	48	48000.000
4961	39	39000.000
4962	53	53000.000
4963	49	49000.000
4964	57	57000.000
4965	54	54000.000
4966	44	44000.000
4967	60	60000.000
4968	60	60000.000
4969	56	56000.000
4970	57	57000.000
4971	51	51000.000
4972	60	60000.000
4973	48	48000.000
4974	45	45000.000
4975	50	50000.000
4976	54	54000.000
4977	55	55000.000
4978	59	59000.000
4979	42	42000.000
4980	40	40000.000
4981	62	62000.000
4982	51	51000.000
4983	47	47000.000
4984	46	46000.000
4985	59	59000.000
4986	52	52000.000
4987	48	48000.000
4988	45	45000.000
4989	62	62000.000
4990	65	65000.000
4991	45	45000.000
4992	45	45000.000
4993	46	46000.000
4994	59	59000.000
4995	36	36000.000
4996	71	71000.000
4997	39	39000.000
4998	45	45000.000
4999	47	47000.000
5000	43	43000.000
5001	67	67000.000
5002	41	41000.000
5003	44	44000.000
5004	63	63000.000
5005	39	39000.000
5006	64	64000.000
5007	66	66000.000
5008	55	55000.000
5009	49	49000.000
5010	63	63000.000
5011	56	56000.000
5012	58	58000.000
5013	47	47000.000
5014	52	52000.000
5015	69	69000.000
5016	55	55000.000
5017	54	54000.000
5018	39	39000.000
5019	49	49000.000
5020	62	62000.000
5021	50	50000.000
5022	45	45000.000
5023	55	55000.000
5024	59	59000.000
5025	48	48000.000
5026	52	52000.000
5027	58	58000.000
5028	46	46000.000
5029	62	62000.000
5030	58	58000.000
5031	62	62000.000
5032	55	55000.000
5033	65	65000.000
5034	59	59000.000
5035	58	58000.000
5036	51	51000.000
5037	62	62000.000
5038	55	55000.000
5039	53	53000.000
5040	64	64000.000
5041	60	60000.000
5042	49	49000.000
5043	58	58000.000
5044	64	64000.000
5045	51	51000.000
5046	40	40000.000
5047	59	59000.000
5048	52	52000.000
5049	52	52000.000
5050	69	69000.000
5051	49	49000.000
5052	53	53000.000
5053	60	60000.000
5054	51	51000.000
5055	46	46000.000
5056	55	55000.000
5057	50	50000.000
5058	52	52000.000
5059	50	50000.000
5060	63	63000.000
5061	59	59000.000
5062	46	46000.000
5063	48	48000.000
5064	49	49000.000
5065	65	65000.000
5066	44	44000.000
5067	45	45000.000
5068	52	52000.000
5069	57	57000.000
5070	53	53000.000
5071	42	42000.000
5072	50	50000.000
5073	47	47000.000
5074	47	47000.000
5075	60	60000.000
5076	58	58000.000
5077	58	58000.000
5078	52	52000.000
5079	54	54000.000
5080	66	66000.000
5081	54	54000.000
5082	55	55000.000
5083	41	41000.000
5084	38	38000.000
5085	62	62000.000
5086	60	60000.000
5087	72	72000.000
5088	53	53000.000
5089	67	67000.000
5090	50	50000.000
5091	63	63000.000
5092	60	60000.000
5093	54	54000.000
5094	63	63000.000
5095	63	63000.000
5096	53	53000.000
5097	41	41000.000
5098	59	59000.000
5099	49	49000.000
5100	57	57000.000
5101	47	47000.000
5102	56	56000.000
5103	42	42000.000
5104	60	60000.000
5105	54	54000.000
5106	55	55000.000
5107	48	48000.000
5108	55	55000.000
5109	57	57000.000
5110	54	54000.000
5111	57	57000.000
5112	46	46000.000
5113	53	53000.000
5114	55	55000.000
5115	42	42000.000
5116	56	56000.000
5117	56	56000.000
5118	47	47000.000
5119	46	46000.000
5120	51	51000.000
5121	60	60000.000
5122	60	60000.000
5123	52	52000.000
5124	55	55000.000
5125	44	44000.000
5126	44	44000.000
5127	51	51000.000
5128	51	51000.000
5129	53	53000.000
5130	42	42000.000
5131	52	52000.000
5132	50	50000.000
5133	47	47000.000
5134	54	54000.000
5135	52	52000.000
5136	48	48000.000
5137	53	53000.000
5138	46	46000.000
5139	46	46000.000
5140	70	70000.000
5141	59	59000.000
5142	58	58000.000
5143	44	44000.000
5144	55	55000.000
5145	45	45000.000
5146	54	54000.000
5147	63	63000.000
5148	61	61000.000
5149	53	53000.000
5150	42	42000.000
5151	52	52000.000
5152	58	58000.000
5153	56	56000.000
5154	44	44000.000
5155	59	59000.000
5156	47	47000.000
5157	39	39000.000
5158	69	69000.000
5159	47	47000.000
5160	50	50000.000
5161	48	48000.000
5162	65	65000.000
5163	37	37000.000
5164	48	48000.000
5165	54	54000.000
5166	73	73000.000
5167	64	64000.000
5168	46	46000.000
5169	54	54000.000
5170	69	69000.000
5171	49	49000.000
5172	42	42000.000
5173	40	40000.000
5174	45	45000.000
5175	58	58000.000
5176	50	50000.000
5177	51	51000.000
5178	58	58000.000
5179	66	66000.000
5180	61	61000.000
5181	61	61000.000
5182	63	63000.000
5183	72	72000.000
5184	56	56000.000
5185	54	54000.000
5186	56	56000.000
5187	64	64000.000
5188	42	42000.000
5189	50	50000.000
5190	49	49000.000
5191	51	51000.000
5192	62	62000.000
5193	47	47000.000
5194	41	41000.000
5195	53	53000.000
5196	47	47000.000
5197	50	50000.000
5198	52	52000.000
5199	62	62000.000
5200	49	49000.000
5201	54	54000.000
5202	60	60000.000
5203	53	53000.000
5204	58	58000.000
5205	52	52000.000
5206	51	51000.000
5207	50	50000.000
5208	61	61000.000
5209	60	60000.000
5210	58	58000.000
5211	44	44000.000
5212	62	62000.000
5213	63	63000.000
5214	41	41000.000
5215	55	55000.000
5216	52	52000.000
5217	48	48000.000
5218	50	50000.000
5219	49	49000.000
5220	41	41000.000
5221	46	46000.000
5222	44	44000.000
5223	42	42000.000
5224	68	68000.000
5225	47	47000.000
5226	56	56000.000
5227	53	53000.000
5228	54	54000.000
5229	59	59000.000
5230	55	55000.000
5231	61	61000.000
5232	44	44000.000
5233	52	52000.000
5234	47	47000.000
5235	48	48000.000
5236	49	49000.000
5237	43	43000.000
5238	51	51000.000
5239	60	60000.000
5240	55	55000.000
5241	56	56000.000
5242	44	44000.000
5243	45	45000.000
5244	72	72000.000
5245	55	55000.000
5246	47	47000.000
5247	62	62000.000
5248	53	53000.000
5249	52	52000.000
5250	55	55000.000
5251	52	52000.000
5252	59	59000.000
5253	48	48000.000
5254	49	49000.000
5255	49	49000.000
5256	61	61000.000
5257	62	62000.000
5258	44	44000.000
5259	54	54000.000
5260	58	58000.000
5261	50	50000.000
5262	49	49000.000
5263	64	64000.000
5264	58	58000.000
5265	48	48000.000
5266	62	62000.000
5267	53	53000.000
5268	61	61000.000
5269	66	66000.000
5270	55	55000.000
5271	42	42000.000
5272	41	41000.000
5273	53	53000.000
5274	55	55000.000
5275	51	51000.000
5276	44	44000.000
5277	52	52000.000
5278	57	57000.000
5279	41	41000.000
5280	50	50000.000
5281	49	49000.000
5282	51	51000.000
5283	63	63000.000
5284	43	43000.000
5285	58	58000.000
5286	63	63000.000
5287	52	52000.000
5288	61	61000.000
5289	41	41000.000
5290	49	49000.000
5291	55	55000.000
5292	58	58000.000
5293	71	71000.000
5294	65	65000.000
5295	44	44000.000
5296	60	60000.000
5297	40	40000.000
5298	51	51000.000
5299	48	48000.000
5300	50	50000.000
5301	46	46000.000
5302	54	54000.000
5303	48	48000.000
5304	44	44000.000
5305	60	60000.000
5306	58	58000.000
5307	52	52000.000
5308	54	54000.000
5309	50	50000.000
5310	51	51000.000
5311	54	54000.000
5312	50	50000.000
5313	47	47000.000
5314	41	41000.000
5315	53	53000.000
5316	54	54000.000
5317	53	53000.000
5318	52	52000.000
5319	51	51000.000
5320	55	55000.000
5321	64	64000.000
5322	55	55000.000
5323	47	47000.000
5324	68	68000.000
5325	63	63000.000
5326	57	57000.000
5327	57	57000.000
5328	47	47000.000
5329	34	34000.000
5330	54	54000.000
5331	50	50000.000
5332	42	42000.000
5333	47	47000.000
5334	43	43000.000
5335	67	67000.000
5336	49	49000.000
5337	58	58000.000
5338	49	49000.000
5339	61	61000.000
5340	48	48000.000
5341	40	40000.000
5342	63	63000.000
5343	58	58000.000
5344	52	52000.000
5345	48	48000.000
5346	46	46000.000
5347	47	47000.000
5348	51	51000.000
5349	58	58000.000
5350	52	52000.000
5351	50	50000.000
5352	62	62000.000
5353	55	55000.000
5354	67	67000.000
5355	46	46000.000
5356	49	49000.000
5357	55	55000.000
5358	48	48000.000
5359	46	46000.000
5360	60	60000.000
5361	59	59000.000
5362	52	52000.000
5363	48	48000.000
5364	66	66000.000
5365	48	48000.000
5366	82	82000.000
5367	36	36000.000
5368	58	58000.000
5369	50	50000.000
5370	50	50000.000
5371	57	57000.000
5372	51	51000.000
5373	64	64000.000
5374	52	52000.000
5375	56	56000.000
5376	55	55000.000
5377	49	49000.000
5378	47	47000.000
5379	42	42000.000
5380	42	42000.000
5381	50	50000.000
5382	38	38000.000
5383	51	51000.000
5384	60	60000.000
5385	48	48000.000
5386	54	54000.000
5387	53	53000.000
5388	51	51000.000
5389	53	53000.000
5390	66	66000.000
5391	49	49000.000
5392	63	63000.000
5393	61	61000.000
5394	62	62000.000
5395	36	36000.000
5396	48	48000.000
5397	71	71000.000
5398	44	44000.000
5399	35	35000.000
5400	69	69000.000
5401	60	60000.000
5402	56	56000.000
5403	53	53000.000
5404	53	53000.000
5405	45	45000.000
5406	61	61000.000
5407	45	45000.000
5408	50	50000.000
5409	46	46000.000
5410	56	56000.000
5411	51	51000.000
5412	47	47000.000
5413	57	57000.000
5414	66	66000.000
5415	66	66000.000
5416	41	41000.000
5417	44	44000.000
5418	46	46000.000
5419	53	53000.000
5420	58	58000.000
5421	46	46000.000
5422	51	51000.000
5423	47	47000.000
5424	45	45000.000
5425	58	58000.000
5426	58	58000.000
5427	54	54000.000
5428	50	50000.000
5429	52	52000.000
5430	53	53000.000
5431	58	58000.000
5432	58	58000.000
5433	58	58000.000
5434	57	57000.000
5435	70	70000.000
5436	42	42000.000
5437	59	59000.000
5438	65	65000.000
5439	62	62000.000
5440	56	56000.000
5441	47	47000.000
5442	46	46000.000
5443	57	57000.000
5444	38	38000.000
5445	45	45000.000
5446	54	54000.000
5447	54	54000.000
5448	55	55000.000
5449	55	55000.000
5450	53	53000.000
5451	64	64000.000
5452	48	48000.000
5453	57	57000.000
5454	51	51000.000
5455	56	56000.000
5456	53	53000.000
5457	47	47000.000
5458	54	54000.000
5459	54	54000.000
5460	51	51000.000
5461	55	55000.000
5462	53	53000.000
5463	61	61000.000
5464	64	64000.000
5465	48	48000.000
5466	54	54000.000
5467	51	51000.000
5468	51	51000.000
5469	41	41000.000
5470	53	53000.000
5471	51	51000.000
5472	60	60000.000
5473	55	55000.000
5474	46	46000.000
5475	61	61000.000
5476	43	43000.000
5477	46	46000.000
5478	50	50000.000
5479	59	59000.000
5480	61	61000.000
5481	57	57000.000
5482	57	57000.000
5483	59	59000.000
5484	65	65000.000
5485	48	48000.000
5486	53	53000.000
5487	48	48000.000
5488	57	57000.000
5489	50	50000.000
5490	54	54000.000
5491	43	43000.000
5492	44	44000.000
5493	57	57000.000
5494	56	56000.000
5495	45	45000.000
5496	64	64000.000
5497	55	55000.000
5498	49	49000.000
5499	48	48000.000
5500	52	52000.000
5501	60	60000.000
5502	46	46000.000
5503	65	65000.000
5504	58	58000.000
5505	48	48000.000
5506	44	44000.000
5507	61	61000.000
5508	63	63000.000
5509	65	65000.000
5510	59	59000.000
5511	63	63000.000
5512	47	47000.000
5513	58	58000.000
5514	50	50000.000
5515	44	44000.000
5516	51	51000.000
5517	52	52000.000
5518	45	45000.000
5519	46	46000.000
5520	58	58000.000
5521	55	55000.000
5522	54	54000.000
5523	45	45000.000
5524	47	47000.000
5525	50	50000.000
5526	63	63000.000
5527	53	53000.000
5528	59	59000.000
5529	50	50000.000
5530	53	53000.000
5531	40	40000.000
5532	50	50000.000
5533	54	54000.000
5534	46	46000.000
5535	46	46000.000
5536	65	65000.000
5537	54	54000.000
5538	53	53000.000
5539	56	56000.000
5540	57	57000.000
5541	53	53000.000
5542	54	54000.000
5543	67	67000.000
5544	44	44000.000
5545	55	55000.000
5546	50	50000.000
5547	44	44000.000
5548	56	56000.000
5549	49	49000.000
5550	47	47000.000
5551	50	50000.000
5552	46	46000.000
5553	65	65000.000
5554	50	50000.000
5555	49	49000.000
5556	63	63000.000
5557	58	58000.000
5558	39	39000.000
5559	52	52000.000
5560	51	51000.000
5561	46	46000.000
5562	52	52000.000
5563	52	52000.000
5564	49	49000.000
5565	55	55000.000
5566	43	43000.000
5567	51	51000.000
5568	55	55000.000
5569	54	54000.000
5570	67	67000.000
5571	48	48000.000
5572	59	59000.000
5573	50	50000.000
5574	69	69000.000
5575	57	57000.000
5576	60	60000.000
5577	47	47000.000
5578	49	49000.000
5579	58	58000.000
5580	48	48000.000
5581	46	46000.000
5582	50	50000.000
5583	54	54000.000
5584	62	62000.000
5585	49	49000.000
5586	43	43000.000
5587	57	57000.000
5588	55	55000.000
5589	47	47000.000
5590	53	53000.000
5591	53	53000.000
5592	47	47000.000
5593	48	48000.000
5594	48	48000.000
5595	50	50000.000
5596	61	61000.000
5597	58	58000.000
5598	58	58000.000
5599	64	64000.000
5600	55	55000.000
5601	51	51000.000
5602	54	54000.000
5603	42	42000.000
5604	46	46000.000
5605	58	58000.000
5606	53	53000.000
5607	49	49000.000
5608	46	46000.000
5609	50	50000.000
5610	54	54000.000
5611	47	47000.000
5612	51	51000.000
5613	50	50000.000
5614	60	60000.000
5615	54	54000.000
5616	60	60000.000
5617	48	48000.000
5618	52	52000.000
5619	52	52000.000
5620	46	46000.000
5621	33	33000.000
5622	59	59000.000
5623	61	61000.000
5624	58	58000.000
5625	61	61000.000
5626	64	64000.000
5627	46	46000.000
5628	52	52000.000
5629	48	48000.000
5630	52	52000.000
5631	51	51000.000
5632	57	57000.000
5633	56	56000.000
5634	57	57000.000
5635	51	51000.000
5636	53	53000.000
5637	56	56000.000
5638	76	76000.000
5639	53	53000.000
5640	61	61000.000
5641	58	58000.000
5642	56	56000.000
5643	57	57000.000
5644	53	53000.000
5645	55	55000.000
5646	47	47000.000
5647	47	47000.000
5648	60	60000.000
5649	49	49000.000
5650	62	62000.000
5651	48	48000.000
5652	45	45000.000
5653	52	52000.000
5654	56	56000.000
5655	53	53000.000
5656	57	57000.000
5657	49	49000.000
5658	44	44000.000
5659	45	45000.000
5660	50	50000.000
5661	66	66000.000
5662	60	60000.000
5663	47	47000.000
5664	58	58000.000
5665	59	59000.000
5666	53	53000.000
5667	47	47000.000
5668	53	53000.000
5669	51	51000.000
5670	49	49000.000
5671	52	52000.000
5672	51	51000.000
5673	48	48000.000
5674	54	54000.000
5675	68	68000.000
5676	43	43000.000
5677	48	48000.000
5678	63	63000.000
5679	44	44000.000
5680	40	40000.000
5681	51	51000.000
5682	57	57000.000
5683	55	55000.000
5684	64	64000.000
5685	44	44000.000
5686	50	50000.000
5687	55	55000.000
5688	45	45000.000
5689	48	48000.000
5690	53	53000.000
5691	52	52000.000
5692	55	55000.000
5693	46	46000.000
5694	42	42000.000
5695	43	43000.000
5696	67	67000.000
5697	54	54000.000
5698	61	61000.000
5699	48	48000.000
5700	63	63000.000
5701	55	55000.000
5702	44	44000.000
5703	49	49000.000
5704	55	55000.000
5705	65	65000.000
5706	53	53000.000
5707	54	54000.000
5708	64	64000.000
5709	54	54000.000
5710	48	48000.000
5711	57	57000.000
5712	49	49000.000
5713	46	46000.000
5714	50	50000.000
5715	51	51000.000
5716	46	46000.000
5717	47	47000.000
5718	59	59000.000
5719	56	56000.000
5720	46	46000.000
5721	62	62000.000
5722	47	47000.000
5723	55	55000.000
5724	53	53000.000
5725	50	50000.000
5726	49	49000.000
5727	41	41000.000
5728	59	59000.000
5729	44	44000.000
5730	42	42000.000
5731	50	50000.000
5732	52	52000.000
5733	55	55000.000
5734	39	39000.000
5735	41	41000.000
5736	60	60000.000
5737	50	50000.000
5738	53	53000.000
5739	60	60000.000
5740	58	58000.000
5741	50	50000.000
5742	56	56000.000
5743	55	55000.000
5744	40	40000.000
5745	56	56000.000
5746	49	49000.000
5747	50	50000.000
5748	69	69000.000
5749	58	58000.000
5750	66	66000.000
5751	58	58000.000
5752	46	46000.000
5753	57	57000.000
5754	41	41000.000
5755	54	54000.000
5756	45	45000.000
5757	50	50000.000
5758	61	61000.000
5759	46	46000.000
5760	62	62000.000
5761	55	55000.000
5762	35	35000.000
5763	63	63000.000
5764	35	35000.000
5765	57	57000.000
5766	59	59000.000
5767	49	49000.000
5768	58	58000.000
5769	40	40000.000
5770	49	49000.000
5771	47	47000.000
5772	56	56000.000
5773	69	69000.000
5774	69	69000.000
5775	50	50000.000
5776	59	59000.000
5777	44	44000.000
5778	54	54000.000
5779	51	51000.000
5780	56	56000.000
5781	55	55000.000
5782	45	45000.000
5783	67	67000.000
5784	54	54000.000
5785	60	60000.000
5786	42	42000.000
5787	56	56000.000
5788	53	53000.000
5789	42	42000.000
5790	38	38000.000
5791	53	53000.000
5792	54	54000.000
5793	48	48000.000
5794	48	48000.000
5795	36	36000.000
5796	58	58000.000
5797	56	56000.000
5798	48	48000.000
5799	41	41000.000
5800	43	43000.000
5801	39	39000.000
5802	54	54000.000
5803	51	51000.000
5804	59	59000.000
5805	63	63000.000
5806	59	59000.000
5807	55	55000.000
5808	57	57000.000
5809	49	49000.000
5810	46	46000.000
5811	57	57000.000
5812	53	53000.000
5813	53	53000.000
5814	57	57000.000
5815	51	51000.000
5816	63	63000.000
5817	54	54000.000
5818	43	43000.000
5819	49	49000.000
5820	57	57000.000
5821	55	55000.000
5822	52	52000.000
5823	53	53000.000
5824	63	63000.000
5825	61	61000.000
5826	53	53000.000
5827	70	70000.000
5828	49	49000.000
5829	49	49000.000
5830	58	58000.000
5831	39	39000.000
5832	45	45000.000
5833	57	57000.000
5834	53	53000.000
5835	56	56000.000
5836	57	57000.000
5837	55	55000.000
5838	44	44000.000
5839	52	52000.000
5840	70	70000.000
5841	49	49000.000
5842	63	63000.000
5843	45	45000.000
5844	68	68000.000
5845	47	47000.000
5846	44	44000.000
5847	58	58000.000
5848	51	51000.000
5849	54	54000.000
5850	47	47000.000
5851	42	42000.000
5852	48	48000.000
5853	49	49000.000
5854	53	53000.000
5855	44	44000.000
5856	48	48000.000
5857	62	62000.000
5858	55	55000.000
5859	67	67000.000
5860	58	58000.000
5861	35	35000.000
5862	71	71000.000
5863	48	48000.000
5864	48	48000.000
5865	53	53000.000
5866	51	51000.000
5867	55	55000.000
5868	57	57000.000
5869	57	57000.000
5870	55	55000.000
5871	61	61000.000
5872	51	51000.000
5873	50	50000.000
5874	32	32000.000
5875	41	41000.000
5876	65	65000.000
5877	41	41000.000
5878	42	42000.000
5879	51	51000.000
5880	55	55000.000
5881	63	63000.000
5882	47	47000.000
5883	50	50000.000
5884	59	59000.000
5885	51	51000.000
5886	41	41000.000
5887	59	59000.000
5888	48	48000.000
5889	48	48000.000
5890	46	46000.000
5891	56	56000.000
5892	50	50000.000
5893	60	60000.000
5894	43	43000.000
5895	51	51000.000
5896	59	59000.000
5897	49	49000.000
5898	53	53000.000
5899	46	46000.000
5900	59	59000.000
5901	47	47000.000
5902	47	47000.000
5903	63	63000.000
5904	50	50000.000
5905	61	61000.000
5906	52	52000.000
5907	46	46000.000
5908	41	41000.000
5909	45	45000.000
5910	56	56000.000
5911	57	57000.000
5912	58	58000.000
5913	52	52000.000
5914	62	62000.000
5915	52	52000.000
5916	57	57000.000
5917	57	57000.000
5918	51	51000.000
5919	65	65000.000
5920	62	62000.000
5921	48	48000.000
5922	66	66000.000
5923	37	37000.000
5924	52	52000.000
5925	57	57000.000
5926	43	43000.000
5927	56	56000.000
5928	63	63000.000
5929	55	55000.000
5930	51	51000.000
5931	50	50000.000
5932	51	51000.000
5933	45	45000.000
5934	56	56000.000
5935	57	57000.000
5936	64	64000.000
5937	57	57000.000
5938	60	60000.000
5939	47	47000.000
5940	46	46000.000
5941	41	41000.000
5942	41	41000.000
5943	55	55000.000
5944	64	64000.000
5945	46	46000.000
5946	60	60000.000
5947	45	45000.000
5948	63	63000.000
5949	46	46000.000
5950	42	42000.000
5951	49	49000.000
5952	60	60000.000
5953	52	52000.000
5954	63	63000.000
5955	67	67000.000
5956	53	53000.000
5957	47	47000.000
5958	53	53000.000
5959	41	41000.000
5960	67	67000.000
5961	49	49000.000
5962	50	50000.000
5963	59	59000.000
5964	53	53000.000
5965	44	44000.000
5966	63	63000.000
5967	38	38000.000
5968	50	50000.000
5969	62	62000.000
5970	54	54000.000
5971	43	43000.000
5972	39	39000.000
5973	55	55000.000
5974	41	41000.000
5975	53	53000.000
5976	56	56000.000
5977	55	55000.000
5978	50	50000.000
5979	53	53000.000
5980	51	51000.000
5981	57	57000.000
5982	54	54000.000
5983	54	54000.000
5984	63	63000.000
5985	64	64000.000
5986	62	62000.000
5987	51	51000.000
5988	48	48000.000
5989	66	66000.000
5990	47	47000.000
5991	58	58000.000
5992	37	37000.000
5993	57	57000.000
5994	53	53000.000
5995	50	50000.000
5996	57	57000.000
5997	50	50000.000
5998	52	52000.000
5999	52	52000.000
6000	53	53000.000
6001	55	55000.000
6002	58	58000.000
6003	54	54000.000
6004	64	64000.000
6005	41	41000.000
6006	52	52000.000
6007	47	47000.000
6008	55	55000.000
6009	48	48000.000
6010	56	56000.000
6011	52	52000.000
6012	48	48000.000
6013	46	46000.000
6014	61	61000.000
6015	49	49000.000
6016	59	59000.000
6017	56	56000.000
6018	55	55000.000
6019	44	44000.000
6020	43	43000.000
6021	55	55000.000
6022	47	47000.000
6023	52	52000.000
6024	42	42000.000
6025	55	55000.000
6026	52	52000.000
6027	54	54000.000
6028	50	50000.000
6029	48	48000.000
6030	48	48000.000
6031	54	54000.000
6032	41	41000.000
6033	46	46000.000
6034	51	51000.000
6035	54	54000.000
6036	55	55000.000
6037	41	41000.000
6038	41	41000.000
6039	59	59000.000
6040	61	61000.000
6041	49	49000.000
6042	52	52000.000
6043	53	53000.000
6044	59	59000.000
6045	47	47000.000
6046	48	48000.000
6047	55	55000.000
6048	51	51000.000
6049	47	47000.000
6050	54	54000.000
6051	52	52000.000
6052	54	54000.000
6053	45	45000.000
6054	58	58000.000
6055	48	48000.000
6056	38	38000.000
6057	47	47000.000
6058	52	52000.000
6059	56	56000.000
6060	47	47000.000
6061	53	53000.000
6062	50	50000.000
6063	49	49000.000
6064	47	47000.000
6065	55	55000.000
6066	45	45000.000
6067	57	57000.000
6068	52	52000.000
6069	42	42000.000
6070	46	46000.000
6071	61	61000.000
6072	52	52000.000
6073	48	48000.000
6074	40	40000.000
6075	41	41000.000
6076	58	58000.000
6077	63	63000.000
6078	56	56000.000
6079	58	58000.000
6080	48	48000.000
6081	50	50000.000
6082	45	45000.000
6083	56	56000.000
6084	41	41000.000
6085	63	63000.000
6086	60	60000.000
6087	54	54000.000
6088	38	38000.000
6089	47	47000.000
6090	57	57000.000
6091	55	55000.000
6092	64	64000.000
6093	54	54000.000
6094	49	49000.000
6095	50	50000.000
6096	63	63000.000
6097	71	71000.000
6098	47	47000.000
6099	50	50000.000
6100	54	54000.000
6101	49	49000.000
6102	43	43000.000
6103	46	46000.000
6104	47	47000.000
6105	47	47000.000
6106	53	53000.000
6107	65	65000.000
6108	36	36000.000
6109	58	58000.000
6110	60	60000.000
6111	47	47000.000
6112	64	64000.000
6113	44	44000.000
6114	64	64000.000
6115	51	51000.000
6116	48	48000.000
6117	34	34000.000
6118	37	37000.000
6119	56	56000.000
6120	60	60000.000
6121	44	44000.000
6122	51	51000.000
6123	54	54000.000
6124	45	45000.000
6125	53	53000.000
6126	55	55000.000
6127	48	48000.000
6128	57	57000.000
6129	58	58000.000
6130	48	48000.000
6131	62	62000.000
6132	43	43000.000
6133	43	43000.000
6134	65	65000.000
6135	63	63000.000
6136	52	52000.000
6137	54	54000.000
6138	56	56000.000
6139	43	43000.000
6140	50	50000.000
6141	60	60000.000
6142	63	63000.000
6143	51	51000.000
6144	50	50000.000
6145	47	47000.000
6146	63	63000.000
6147	55	55000.000
6148	59	59000.000
6149	40	40000.000
6150	63	63000.000
6151	59	59000.000
6152	48	48000.000
6153	53	53000.000
6154	50	50000.000
6155	58	58000.000
6156	62	62000.000
6157	48	48000.000
6158	54	54000.000
6159	55	55000.000
6160	48	48000.000
6161	58	58000.000
6162	49	49000.000
6163	49	49000.000
6164	47	47000.000
6165	45	45000.000
6166	56	56000.000
6167	48	48000.000
6168	42	42000.000
6169	60	60000.000
6170	61	61000.000
6171	51	51000.000
6172	60	60000.000
6173	42	42000.000
6174	54	54000.000
6175	51	51000.000
6176	49	49000.000
6177	48	48000.000
6178	56	56000.000
6179	57	57000.000
6180	41	41000.000
6181	49	49000.000
6182	52	52000.000
6183	44	44000.000
6184	47	47000.000
6185	60	60000.000
6186	60	60000.000
6187	63	63000.000
6188	56	56000.000
6189	57	57000.000
6190	35	35000.000
6191	53	53000.000
6192	62	62000.000
6193	58	58000.000
6194	61	61000.000
6195	45	45000.000
6196	50	50000.000
6197	59	59000.000
6198	51	51000.000
6199	59	59000.000
6200	66	66000.000
6201	47	47000.000
6202	64	64000.000
6203	70	70000.000
6204	55	55000.000
6205	56	56000.000
6206	70	70000.000
6207	58	58000.000
6208	51	51000.000
6209	50	50000.000
6210	53	53000.000
6211	49	49000.000
6212	47	47000.000
6213	51	51000.000
6214	52	52000.000
6215	61	61000.000
6216	52	52000.000
6217	60	60000.000
6218	31	31000.000
6219	60	60000.000
6220	49	49000.000
6221	52	52000.000
6222	55	55000.000
6223	52	52000.000
6224	48	48000.000
6225	42	42000.000
6226	65	65000.000
6227	55	55000.000
6228	57	57000.000
6229	65	65000.000
6230	62	62000.000
6231	37	37000.000
6232	58	58000.000
6233	48	48000.000
6234	49	49000.000
6235	63	63000.000
6236	39	39000.000
6237	56	56000.000
6238	52	52000.000
6239	56	56000.000
6240	56	56000.000
6241	49	49000.000
6242	46	46000.000
6243	61	61000.000
6244	51	51000.000
6245	60	60000.000
6246	51	51000.000
6247	63	63000.000
6248	50	50000.000
6249	43	43000.000
6250	45	45000.000
6251	46	46000.000
6252	48	48000.000
6253	64	64000.000
6254	39	39000.000
6255	60	60000.000
6256	56	56000.000
6257	54	54000.000
6258	59	59000.000
6259	44	44000.000
6260	55	55000.000
6261	56	56000.000
6262	50	50000.000
6263	49	49000.000
6264	41	41000.000
6265	45	45000.000
6266	45	45000.000
6267	49	49000.000
6268	43	43000.000
6269	60	60000.000
6270	50	50000.000
6271	43	43000.000
6272	53	53000.000
6273	44	44000.000
6274	53	53000.000
6275	47	47000.000
6276	46	46000.000
6277	54	54000.000
6278	65	65000.000
6279	51	51000.000
6280	56	56000.000
6281	51	51000.000
6282	45	45000.000
6283	53	53000.000
6284	57	57000.000
6285	53	53000.000
6286	41	41000.000
6287	55	55000.000
6288	59	59000.000
6289	51	51000.000
6290	52	52000.000
6291	43	43000.000
6292	52	52000.000
6293	55	55000.000
6294	68	68000.000
6295	47	47000.000
6296	46	46000.000
6297	53	53000.000
6298	62	62000.000
6299	48	48000.000
6300	41	41000.000
6301	55	55000.000
6302	54	54000.000
6303	54	54000.000
6304	40	40000.000
6305	53	53000.000
6306	63	63000.000
6307	53	53000.000
6308	46	46000.000
6309	58	58000.000
6310	48	48000.000
6311	62	62000.000
6312	54	54000.000
6313	42	42000.000
6314	39	39000.000
6315	65	65000.000
6316	45	45000.000
6317	56	56000.000
6318	49	49000.000
6319	53	53000.000
6320	53	53000.000
6321	52	52000.000
6322	54	54000.000
6323	58	58000.000
6324	49	49000.000
6325	52	52000.000
6326	45	45000.000
6327	59	59000.000
6328	61	61000.000
6329	39	39000.000
6330	66	66000.000
6331	45	45000.000
6332	42	42000.000
6333	47	47000.000
6334	64	64000.000
6335	62	62000.000
6336	55	55000.000
6337	50	50000.000
6338	49	49000.000
6339	63	63000.000
6340	59	59000.000
6341	53	53000.000
6342	54	54000.000
6343	52	52000.000
6344	57	57000.000
6345	45	45000.000
6346	47	47000.000
6347	46	46000.000
6348	56	56000.000
6349	58	58000.000
6350	46	46000.000
6351	42	42000.000
6352	62	62000.000
6353	47	47000.000
6354	51	51000.000
6355	48	48000.000
6356	44	44000.000
6357	55	55000.000
6358	61	61000.000
6359	44	44000.000
6360	54	54000.000
6361	37	37000.000
6362	42	42000.000
6363	48	48000.000
6364	49	49000.000
6365	62	62000.000
6366	53	53000.000
6367	62	62000.000
6368	53	53000.000
6369	50	50000.000
6370	61	61000.000
6371	54	54000.000
6372	46	46000.000
6373	40	40000.000
6374	54	54000.000
6375	58	58000.000
6376	50	50000.000
6377	60	60000.000
6378	55	55000.000
6379	40	40000.000
6380	66	66000.000
6381	39	39000.000
6382	54	54000.000
6383	53	53000.000
6384	40	40000.000
6385	56	56000.000
6386	66	66000.000
6387	54	54000.000
6388	50	50000.000
6389	57	57000.000
6390	59	59000.000
6391	49	49000.000
6392	50	50000.000
6393	40	40000.000
6394	70	70000.000
6395	39	39000.000
6396	51	51000.000
6397	58	58000.000
6398	53	53000.000
6399	60	60000.000
6400	52	52000.000
6401	53	53000.000
6402	60	60000.000
6403	59	59000.000
6404	43	43000.000
6405	44	44000.000
6406	60	60000.000
6407	47	47000.000
6408	43	43000.000
6409	64	64000.000
6410	50	50000.000
6411	43	43000.000
6412	54	54000.000
6413	45	45000.000
6414	49	49000.000
6415	60	60000.000
6416	51	51000.000
6417	73	73000.000
6418	49	49000.000
6419	48	48000.000
6420	44	44000.000
6421	44	44000.000
6422	62	62000.000
6423	60	60000.000
6424	65	65000.000
6425	58	58000.000
6426	59	59000.000
6427	56	56000.000
6428	54	54000.000
6429	54	54000.000
6430	62	62000.000
6431	56	56000.000
6432	45	45000.000
6433	49	49000.000
6434	51	51000.000
6435	64	64000.000
6436	48	48000.000
6437	43	43000.000
6438	53	53000.000
6439	52	52000.000
6440	55	55000.000
6441	46	46000.000
6442	56	56000.000
6443	70	70000.000
6444	63	63000.000
6445	55	55000.000
6446	58	58000.000
6447	59	59000.000
6448	66	66000.000
6449	53	53000.000
6450	39	39000.000
6451	52	52000.000
6452	55	55000.000
6453	49	49000.000
6454	49	49000.000
6455	44	44000.000
6456	44	44000.000
6457	62	62000.000
6458	44	44000.000
6459	42	42000.000
6460	53	53000.000
6461	47	47000.000
6462	52	52000.000
6463	59	59000.000
6464	46	46000.000
6465	50	50000.000
6466	64	64000.000
6467	38	38000.000
6468	52	52000.000
6469	64	64000.000
6470	47	47000.000
6471	54	54000.000
6472	59	59000.000
6473	58	58000.000
6474	52	52000.000
6475	49	49000.000
6476	48	48000.000
6477	57	57000.000
6478	53	53000.000
6479	44	44000.000
6480	55	55000.000
6481	52	52000.000
6482	50	50000.000
6483	50	50000.000
6484	43	43000.000
6485	42	42000.000
6486	33	33000.000
6487	57	57000.000
6488	58	58000.000
6489	51	51000.000
6490	47	47000.000
6491	53	53000.000
6492	56	56000.000
6493	43	43000.000
6494	55	55000.000
6495	55	55000.000
6496	49	49000.000
6497	70	70000.000
6498	48	48000.000
6499	67	67000.000
6500	67	67000.000
6501	43	43000.000
6502	49	49000.000
6503	55	55000.000
6504	42	42000.000
6505	49	49000.000
6506	52	52000.000
6507	44	44000.000
6508	51	51000.000
6509	52	52000.000
6510	57	57000.000
6511	50	50000.000
6512	50	50000.000
6513	54	54000.000
6514	58	58000.000
6515	62	62000.000
6516	57	57000.000
6517	52	52000.000
6518	53	53000.000
6519	38	38000.000
6520	58	58000.000
6521	40	40000.000
6522	46	46000.000
6523	59	59000.000
6524	57	57000.000
6525	57	57000.000
6526	59	59000.000
6527	50	50000.000
6528	54	54000.000
6529	61	61000.000
6530	58	58000.000
6531	52	52000.000
6532	51	51000.000
6533	49	49000.000
6534	58	58000.000
6535	46	46000.000
6536	55	55000.000
6537	56	56000.000
6538	50	50000.000
6539	67	67000.000
6540	60	60000.000
6541	58	58000.000
6542	53	53000.000
6543	56	56000.000
6544	49	49000.000
6545	52	52000.000
6546	64	64000.000
6547	60	60000.000
6548	52	52000.000
6549	45	45000.000
6550	38	38000.000
6551	54	54000.000
6552	52	52000.000
6553	43	43000.000
6554	47	47000.000
6555	62	62000.000
6556	66	66000.000
6557	58	58000.000
6558	48	48000.000
6559	41	41000.000
6560	58	58000.000
6561	63	63000.000
6562	49	49000.000
6563	49	49000.000
6564	40	40000.000
6565	53	53000.000
6566	46	46000.000
6567	52	52000.000
6568	58	58000.000
6569	53	53000.000
6570	59	59000.000
6571	58	58000.000
6572	48	48000.000
6573	63	63000.000
6574	63	63000.000
6575	63	63000.000
6576	63	63000.000
6577	49	49000.000
6578	43	43000.000
6579	43	43000.000
6580	55	55000.000
6581	49	49000.000
6582	62	62000.000
6583	46	46000.000
6584	38	38000.000
6585	39	39000.000
6586	56	56000.000
6587	64	64000.000
6588	46	46000.000
6589	54	54000.000
6590	51	51000.000
6591	59	59000.000
6592	54	54000.000
6593	59	59000.000
6594	45	45000.000
6595	45	45000.000
6596	56	56000.000
6597	55	55000.000
6598	43	43000.000
6599	55	55000.000
6600	58	58000.000
6601	49	49000.000
6602	62	62000.000
6603	51	51000.000
6604	50	50000.000
6605	43	43000.000
6606	51	51000.000
6607	57	57000.000
6608	55	55000.000
6609	66	66000.000
6610	45	45000.000
6611	61	61000.000
6612	67	67000.000
6613	54	54000.000
6614	55	55000.000
6615	46	46000.000
6616	48	48000.000
6617	47	47000.000
6618	52	52000.000
6619	56	56000.000
6620	46	46000.000
6621	58	58000.000
6622	54	54000.000
6623	46	46000.000
6624	44	44000.000
6625	44	44000.000
6626	56	56000.000
6627	39	39000.000
6628	55	55000.000
6629	61	61000.000
6630	57	57000.000
6631	55	55000.000
6632	49	49000.000
6633	55	55000.000
6634	45	45000.000
6635	49	49000.000
6636	42	42000.000
6637	37	37000.000
6638	45	45000.000
6639	47	47000.000
6640	44	44000.000
6641	47	47000.000
6642	48	48000.000
6643	57	57000.000
6644	49	49000.000
6645	61	61000.000
6646	53	53000.000
6647	65	65000.000
6648	53	53000.000
6649	55	55000.000
6650	54	54000.000
6651	62	62000.000
6652	55	55000.000
6653	54	54000.000
6654	53	53000.000
6655	61	61000.000
6656	57	57000.000
6657	42	42000.000
6658	58	58000.000
6659	49	49000.000
6660	48	48000.000
6661	58	58000.000
6662	55	55000.000
6663	62	62000.000
6664	60	60000.000
6665	45	45000.000
6666	40	40000.000
6667	44	44000.000
6668	59	59000.000
6669	64	64000.000
6670	57	57000.000
6671	50	50000.000
6672	48	48000.000
6673	57	57000.000
6674	53	53000.000
6675	62	62000.000
6676	46	46000.000
6677	53	53000.000
6678	62	62000.000
6679	64	64000.000
6680	52	52000.000
6681	59	59000.000
6682	57	57000.000
6683	52	52000.000
6684	50	50000.000
6685	52	52000.000
6686	54	54000.000
6687	56	56000.000
6688	54	54000.000
6689	56	56000.000
6690	55	55000.000
6691	57	57000.000
6692	50	50000.000
6693	53	53000.000
6694	36	36000.000
6695	52	52000.000
6696	45	45000.000
6697	61	61000.000
6698	46	46000.000
6699	46	46000.000
6700	39	39000.000
6701	73	73000.000
6702	41	41000.000
6703	50	50000.000
6704	49	49000.000
6705	49	49000.000
6706	55	55000.000
6707	48	48000.000
6708	46	46000.000
6709	49	49000.000
6710	57	57000.000
6711	49	49000.000
6712	67	67000.000
6713	50	50000.000
6714	67	67000.000
6715	55	55000.000
6716	55	55000.000
6717	41	41000.000
6718	36	36000.000
6719	48	48000.000
6720	43	43000.000
6721	55	55000.000
6722	54	54000.000
6723	65	65000.000
6724	50	50000.000
6725	59	59000.000
6726	51	51000.000
6727	46	46000.000
6728	41	41000.000
6729	43	43000.000
6730	43	43000.000
6731	44	44000.000
6732	50	50000.000
6733	47	47000.000
6734	54	54000.000
6735	46	46000.000
6736	49	49000.000
6737	51	51000.000
6738	55	55000.000
6739	56	56000.000
6740	50	50000.000
6741	47	47000.000
6742	54	54000.000
6743	54	54000.000
6744	60	60000.000
6745	51	51000.000
6746	48	48000.000
6747	69	69000.000
6748	58	58000.000
6749	57	57000.000
6750	55	55000.000
6751	52	52000.000
6752	46	46000.000
6753	49	49000.000
6754	57	57000.000
6755	55	55000.000
6756	48	48000.000
6757	54	54000.000
6758	55	55000.000
6759	53	53000.000
6760	63	63000.000
6761	51	51000.000
6762	46	46000.000
6763	63	63000.000
6764	46	46000.000
6765	62	62000.000
6766	54	54000.000
6767	51	51000.000
6768	62	62000.000
6769	52	52000.000
6770	55	55000.000
6771	73	73000.000
6772	45	45000.000
6773	52	52000.000
6774	65	65000.000
6775	52	52000.000
6776	51	51000.000
6777	59	59000.000
6778	49	49000.000
6779	51	51000.000
6780	48	48000.000
6781	61	61000.000
6782	65	65000.000
6783	44	44000.000
6784	54	54000.000
6785	61	61000.000
6786	50	50000.000
6787	55	55000.000
6788	53	53000.000
6789	35	35000.000
6790	63	63000.000
6791	58	58000.000
6792	49	49000.000
6793	53	53000.000
6794	48	48000.000
6795	45	45000.000
6796	59	59000.000
6797	49	49000.000
6798	49	49000.000
6799	50	50000.000
6800	58	58000.000
6801	50	50000.000
6802	62	62000.000
6803	52	52000.000
6804	49	49000.000
6805	49	49000.000
6806	53	53000.000
6807	66	66000.000
6808	60	60000.000
6809	60	60000.000
6810	50	50000.000
6811	43	43000.000
6812	52	52000.000
6813	63	63000.000
6814	52	52000.000
6815	61	61000.000
6816	56	56000.000
6817	48	48000.000
6818	62	62000.000
6819	48	48000.000
6820	51	51000.000
6821	55	55000.000
6822	56	56000.000
6823	64	64000.000
6824	43	43000.000
6825	58	58000.000
6826	41	41000.000
6827	60	60000.000
6828	45	45000.000
6829	40	40000.000
6830	48	48000.000
6831	52	52000.000
6832	64	64000.000
6833	65	65000.000
6834	53	53000.000
6835	50	50000.000
6836	49	49000.000
6837	45	45000.000
6838	46	46000.000
6839	52	52000.000
6840	53	53000.000
6841	49	49000.000
6842	49	49000.000
6843	46	46000.000
6844	57	57000.000
6845	40	40000.000
6846	57	57000.000
6847	55	55000.000
6848	43	43000.000
6849	57	57000.000
6850	50	50000.000
6851	56	56000.000
6852	53	53000.000
6853	48	48000.000
6854	46	46000.000
6855	64	64000.000
6856	50	50000.000
6857	57	57000.000
6858	52	52000.000
6859	57	57000.000
6860	52	52000.000
6861	49	49000.000
6862	50	50000.000
6863	51	51000.000
6864	48	48000.000
6865	55	55000.000
6866	60	60000.000
6867	57	57000.000
6868	51	51000.000
6869	57	57000.000
6870	39	39000.000
6871	57	57000.000
6872	58	58000.000
6873	62	62000.000
6874	55	55000.000
6875	56	56000.000
6876	38	38000.000
6877	70	70000.000
6878	45	45000.000
6879	58	58000.000
6880	52	52000.000
6881	57	57000.000
6882	52	52000.000
6883	41	41000.000
6884	50	50000.000
6885	62	62000.000
6886	52	52000.000
6887	53	53000.000
6888	65	65000.000
6889	52	52000.000
6890	71	71000.000
6891	48	48000.000
6892	58	58000.000
6893	49	49000.000
6894	52	52000.000
6895	53	53000.000
6896	52	52000.000
6897	44	44000.000
6898	59	59000.000
6899	46	46000.000
6900	51	51000.000
6901	47	47000.000
6902	43	43000.000
6903	29	29000.000
6904	56	56000.000
6905	53	53000.000
6906	61	61000.000
6907	66	66000.000
6908	58	58000.000
6909	44	44000.000
6910	59	59000.000
6911	52	52000.000
6912	48	48000.000
6913	48	48000.000
6914	46	46000.000
6915	55	55000.000
6916	50	50000.000
6917	61	61000.000
6918	51	51000.000
6919	58	58000.000
6920	61	61000.000
6921	47	47000.000
6922	62	62000.000
6923	73	73000.000
6924	64	64000.000
6925	45	45000.000
6926	52	52000.000
6927	66	66000.000
6928	54	54000.000
6929	48	48000.000
6930	55	55000.000
6931	45	45000.000
6932	59	59000.000
6933	52	52000.000
6934	57	57000.000
6935	52	52000.000
6936	58	58000.000
6937	56	56000.000
6938	53	53000.000
6939	62	62000.000
6940	62	62000.000
6941	62	62000.000
6942	53	53000.000
6943	48	48000.000
6944	54	54000.000
6945	50	50000.000
6946	62	62000.000
6947	65	65000.000
6948	47	47000.000
6949	57	57000.000
6950	41	41000.000
6951	48	48000.000
6952	50	50000.000
6953	54	54000.000
6954	54	54000.000
6955	48	48000.000
6956	44	44000.000
6957	51	51000.000
6958	58	58000.000
6959	56	56000.000
6960	55	55000.000
6961	56	56000.000
6962	63	63000.000
6963	57	57000.000
6964	50	50000.000
6965	51	51000.000
6966	50	50000.000
6967	47	47000.000
6968	46	46000.000
6969	55	55000.000
6970	51	51000.000
6971	59	59000.000
6972	48	48000.000
6973	63	63000.000
6974	56	56000.000
6975	52	52000.000
6976	76	76000.000
6977	62	62000.000
6978	58	58000.000
6979	55	55000.000
6980	48	48000.000
6981	45	45000.000
6982	52	52000.000
6983	67	67000.000
6984	45	45000.000
6985	66	66000.000
6986	58	58000.000
6987	44	44000.000
6988	51	51000.000
6989	44	44000.000
6990	50	50000.000
6991	74	74000.000
6992	49	49000.000
6993	47	47000.000
6994	60	60000.000
6995	65	65000.000
6996	56	56000.000
6997	51	51000.000
6998	57	57000.000
6999	60	60000.000
7000	52	52000.000
7001	75	75000.000
7002	38	38000.000
7003	72	72000.000
7004	43	43000.000
7005	47	47000.000
7006	37	37000.000
7007	48	48000.000
7008	60	60000.000
7009	45	45000.000
7010	72	72000.000
7011	39	39000.000
7012	49	49000.000
7013	68	68000.000
7014	58	58000.000
7015	61	61000.000
7016	42	42000.000
7017	50	50000.000
7018	59	59000.000
7019	61	61000.000
7020	56	56000.000
7021	54	54000.000
7022	45	45000.000
7023	46	46000.000
7024	55	55000.000
7025	53	53000.000
7026	47	47000.000
7027	53	53000.000
7028	46	46000.000
7029	62	62000.000
7030	53	53000.000
7031	42	42000.000
7032	69	69000.000
7033	41	41000.000
7034	64	64000.000
7035	47	47000.000
7036	33	33000.000
7037	51	51000.000
7038	58	58000.000
7039	54	54000.000
7040	40	40000.000
7041	67	67000.000
7042	52	52000.000
7043	50	50000.000
7044	50	50000.000
7045	66	66000.000
7046	46	46000.000
7047	48	48000.000
7048	46	46000.000
7049	51	51000.000
7050	44	44000.000
7051	52	52000.000
7052	60	60000.000
7053	48	48000.000
7054	63	63000.000
7055	53	53000.000
7056	55	55000.000
7057	59	59000.000
7058	50	50000.000
7059	69	69000.000
7060	47	47000.000
7061	53	53000.000
7062	48	48000.000
7063	50	50000.000
7064	51	51000.000
7065	48	48000.000
7066	57	57000.000
7067	42	42000.000
7068	55	55000.000
7069	57	57000.000
7070	47	47000.000
7071	69	69000.000
7072	45	45000.000
7073	46	46000.000
7074	61	61000.000
7075	53	53000.000
7076	55	55000.000
7077	62	62000.000
7078	39	39000.000
7079	52	52000.000
7080	58	58000.000
7081	65	65000.000
7082	55	55000.000
7083	37	37000.000
7084	55	55000.000
7085	54	54000.000
7086	50	50000.000
7087	45	45000.000
7088	49	49000.000
7089	59	59000.000
7090	41	41000.000
7091	57	57000.000
7092	60	60000.000
7093	51	51000.000
7094	49	49000.000
7095	53	53000.000
7096	56	56000.000
7097	56	56000.000
7098	67	67000.000
7099	53	53000.000
7100	63	63000.000
7101	57	57000.000
7102	45	45000.000
7103	66	66000.000
7104	50	50000.000
7105	43	43000.000
7106	48	48000.000
7107	65	65000.000
7108	60	60000.000
7109	54	54000.000
7110	60	60000.000
7111	46	46000.000
7112	53	53000.000
7113	64	64000.000
7114	49	49000.000
7115	45	45000.000
7116	45	45000.000
7117	71	71000.000
7118	55	55000.000
7119	36	36000.000
7120	47	47000.000
7121	50	50000.000
7122	64	64000.000
7123	53	53000.000
7124	54	54000.000
7125	55	55000.000
7126	45	45000.000
7127	47	47000.000
7128	54	54000.000
7129	56	56000.000
7130	68	68000.000
7131	56	56000.000
7132	50	50000.000
7133	53	53000.000
7134	54	54000.000
7135	47	47000.000
7136	47	47000.000
7137	59	59000.000
7138	56	56000.000
7139	52	52000.000
7140	51	51000.000
7141	54	54000.000
7142	46	46000.000
7143	48	48000.000
7144	50	50000.000
7145	48	48000.000
7146	58	58000.000
7147	57	57000.000
7148	54	54000.000
7149	54	54000.000
7150	67	67000.000
7151	52	52000.000
7152	52	52000.000
7153	56	56000.000
7154	41	41000.000
7155	50	50000.000
7156	50	50000.000
7157	57	57000.000
7158	43	43000.000
7159	47	47000.000
7160	51	51000.000
7161	45	45000.000
7162	53	53000.000
7163	48	48000.000
7164	66	66000.000
7165	49	49000.000
7166	39	39000.000
7167	49	49000.000
7168	54	54000.000
7169	50	50000.000
7170	53	53000.000
7171	59	59000.000
7172	66	66000.000
7173	48	48000.000
7174	56	56000.000
7175	39	39000.000
7176	56	56000.000
7177	34	34000.000
7178	48	48000.000
7179	53	53000.000
7180	42	42000.000
7181	57	57000.000
7182	53	53000.000
7183	56	56000.000
7184	59	59000.000
7185	68	68000.000
7186	58	58000.000
7187	47	47000.000
7188	50	50000.000
7189	72	72000.000
7190	50	50000.000
7191	59	59000.000
7192	51	51000.000
7193	43	43000.000
7194	51	51000.000
7195	57	57000.000
7196	42	42000.000
7197	54	54000.000
7198	50	50000.000
7199	61	61000.000
7200	47	47000.000
7201	53	53000.000
7202	41	41000.000
7203	63	63000.000
7204	61	61000.000
7205	58	58000.000
7206	53	53000.000
7207	50	50000.000
7208	41	41000.000
7209	54	54000.000
7210	45	45000.000
7211	55	55000.000
7212	60	60000.000
7213	47	47000.000
7214	48	48000.000
7215	58	58000.000
7216	56	56000.000
7217	48	48000.000
7218	50	50000.000
7219	59	59000.000
7220	70	70000.000
7221	48	48000.000
7222	51	51000.000
7223	53	53000.000
7224	70	70000.000
7225	49	49000.000
7226	49	49000.000
7227	42	42000.000
7228	46	46000.000
7229	48	48000.000
7230	57	57000.000
7231	49	49000.000
7232	50	50000.000
7233	60	60000.000
7234	53	53000.000
7235	53	53000.000
7236	51	51000.000
7237	61	61000.000
7238	63	63000.000
7239	44	44000.000
7240	57	57000.000
7241	50	50000.000
7242	55	55000.000
7243	39	39000.000
7244	50	50000.000
7245	54	54000.000
7246	62	62000.000
7247	47	47000.000
7248	59	59000.000
7249	39	39000.000
7250	50	50000.000
7251	53	53000.000
7252	52	52000.000
7253	49	49000.000
7254	60	60000.000
7255	61	61000.000
7256	51	51000.000
7257	45	45000.000
7258	74	74000.000
7259	37	37000.000
7260	64	64000.000
7261	51	51000.000
7262	66	66000.000
7263	47	47000.000
7264	43	43000.000
7265	55	55000.000
7266	64	64000.000
7267	56	56000.000
7268	63	63000.000
7269	48	48000.000
7270	55	55000.000
7271	59	59000.000
7272	52	52000.000
7273	52	52000.000
7274	51	51000.000
7275	72	72000.000
7276	50	50000.000
7277	64	64000.000
7278	50	50000.000
7279	50	50000.000
7280	49	49000.000
7281	52	52000.000
7282	68	68000.000
7283	41	41000.000
7284	55	55000.000
7285	51	51000.000
7286	63	63000.000
7287	50	50000.000
7288	52	52000.000
7289	58	58000.000
7290	51	51000.000
7291	50	50000.000
7292	63	63000.000
7293	48	48000.000
7294	41	41000.000
7295	45	45000.000
7296	45	45000.000
7297	58	58000.000
7298	43	43000.000
7299	57	57000.000
7300	53	53000.000
7301	66	66000.000
7302	56	56000.000
7303	52	52000.000
7304	42	42000.000
7305	57	57000.000
7306	51	51000.000
7307	53	53000.000
7308	62	62000.000
7309	51	51000.000
7310	49	49000.000
7311	66	66000.000
7312	40	40000.000
7313	60	60000.000
7314	60	60000.000
7315	49	49000.000
7316	64	64000.000
7317	68	68000.000
7318	55	55000.000
7319	50	50000.000
7320	51	51000.000
7321	58	58000.000
7322	60	60000.000
7323	57	57000.000
7324	44	44000.000
7325	46	46000.000
7326	60	60000.000
7327	54	54000.000
7328	52	52000.000
7329	63	63000.000
7330	44	44000.000
7331	48	48000.000
7332	43	43000.000
7333	58	58000.000
7334	50	50000.000
7335	53	53000.000
7336	47	47000.000
7337	52	52000.000
7338	51	51000.000
7339	47	47000.000
7340	43	43000.000
7341	47	47000.000
7342	58	58000.000
7343	54	54000.000
7344	52	52000.000
7345	48	48000.000
7346	42	42000.000
7347	44	44000.000
7348	45	45000.000
7349	61	61000.000
7350	52	52000.000
7351	52	52000.000
7352	51	51000.000
7353	55	55000.000
7354	52	52000.000
7355	68	68000.000
7356	47	47000.000
7357	53	53000.000
7358	48	48000.000
7359	55	55000.000
7360	65	65000.000
7361	59	59000.000
7362	52	52000.000
7363	48	48000.000
7364	48	48000.000
7365	44	44000.000
7366	46	46000.000
7367	58	58000.000
7368	56	56000.000
7369	63	63000.000
7370	46	46000.000
7371	44	44000.000
7372	50	50000.000
7373	59	59000.000
7374	56	56000.000
7375	55	55000.000
7376	52	52000.000
7377	47	47000.000
7378	55	55000.000
7379	50	50000.000
7380	51	51000.000
7381	39	39000.000
7382	61	61000.000
7383	37	37000.000
7384	55	55000.000
7385	47	47000.000
7386	58	58000.000
7387	72	72000.000
7388	59	59000.000
7389	57	57000.000
7390	45	45000.000
7391	54	54000.000
7392	59	59000.000
7393	45	45000.000
7394	58	58000.000
7395	60	60000.000
7396	63	63000.000
7397	48	48000.000
7398	55	55000.000
7399	48	48000.000
7400	56	56000.000
7401	62	62000.000
7402	63	63000.000
7403	50	50000.000
7404	60	60000.000
7405	53	53000.000
7406	55	55000.000
7407	60	60000.000
7408	62	62000.000
7409	38	38000.000
7410	43	43000.000
7411	53	53000.000
7412	46	46000.000
7413	50	50000.000
7414	59	59000.000
7415	36	36000.000
7416	38	38000.000
7417	47	47000.000
7418	48	48000.000
7419	42	42000.000
7420	48	48000.000
7421	47	47000.000
7422	46	46000.000
7423	54	54000.000
7424	35	35000.000
7425	64	64000.000
7426	66	66000.000
7427	46	46000.000
7428	51	51000.000
7429	46	46000.000
7430	56	56000.000
7431	52	52000.000
7432	46	46000.000
7433	59	59000.000
7434	47	47000.000
7435	49	49000.000
7436	46	46000.000
7437	44	44000.000
7438	53	53000.000
7439	58	58000.000
7440	51	51000.000
7441	42	42000.000
7442	52	52000.000
7443	52	52000.000
7444	57	57000.000
7445	50	50000.000
7446	57	57000.000
7447	65	65000.000
7448	42	42000.000
7449	62	62000.000
7450	45	45000.000
7451	46	46000.000
7452	53	53000.000
7453	59	59000.000
7454	57	57000.000
7455	48	48000.000
7456	46	46000.000
7457	46	46000.000
7458	56	56000.000
7459	49	49000.000
7460	43	43000.000
7461	51	51000.000
7462	50	50000.000
7463	59	59000.000
7464	57	57000.000
7465	49	49000.000
7466	66	66000.000
7467	56	56000.000
7468	58	58000.000
7469	75	75000.000
7470	49	49000.000
7471	52	52000.000
7472	47	47000.000
7473	46	46000.000
7474	48	48000.000
7475	57	57000.000
7476	69	69000.000
7477	55	55000.000
7478	40	40000.000
7479	58	58000.000
7480	65	65000.000
7481	58	58000.000
7482	61	61000.000
7483	70	70000.000
7484	73	73000.000
7485	57	57000.000
7486	45	45000.000
7487	42	42000.000
7488	68	68000.000
7489	47	47000.000
7490	37	37000.000
7491	36	36000.000
7492	53	53000.000
7493	56	56000.000
7494	39	39000.000
7495	61	61000.000
7496	39	39000.000
7497	49	49000.000
7498	46	46000.000
7499	40	40000.000
7500	40	40000.000
7501	46	46000.000
7502	44	44000.000
7503	47	47000.000
7504	57	57000.000
7505	37	37000.000
7506	53	53000.000
7507	46	46000.000
7508	48	48000.000
7509	47	47000.000
7510	60	60000.000
7511	48	48000.000
7512	60	60000.000
7513	46	46000.000
7514	43	43000.000
7515	45	45000.000
7516	48	48000.000
7517	58	58000.000
7518	46	46000.000
7519	49	49000.000
7520	51	51000.000
7521	51	51000.000
7522	48	48000.000
7523	45	45000.000
7524	51	51000.000
7525	52	52000.000
7526	52	52000.000
7527	50	50000.000
7528	53	53000.000
7529	44	44000.000
7530	69	69000.000
7531	67	67000.000
7532	58	58000.000
7533	62	62000.000
7534	55	55000.000
7535	45	45000.000
7536	70	70000.000
7537	41	41000.000
7538	54	54000.000
7539	49	49000.000
7540	51	51000.000
7541	50	50000.000
7542	63	63000.000
7543	38	38000.000
7544	42	42000.000
7545	52	52000.000
7546	59	59000.000
7547	56	56000.000
7548	47	47000.000
7549	55	55000.000
7550	57	57000.000
7551	46	46000.000
7552	56	56000.000
7553	48	48000.000
7554	45	45000.000
7555	34	34000.000
7556	40	40000.000
7557	51	51000.000
7558	53	53000.000
7559	59	59000.000
7560	53	53000.000
7561	41	41000.000
7562	41	41000.000
7563	45	45000.000
7564	52	52000.000
7565	44	44000.000
7566	53	53000.000
7567	49	49000.000
7568	37	37000.000
7569	40	40000.000
7570	50	50000.000
7571	53	53000.000
7572	52	52000.000
7573	58	58000.000
7574	55	55000.000
7575	56	56000.000
7576	48	48000.000
7577	49	49000.000
7578	48	48000.000
7579	40	40000.000
7580	54	54000.000
7581	52	52000.000
7582	47	47000.000
7583	59	59000.000
7584	48	48000.000
7585	45	45000.000
7586	61	61000.000
7587	46	46000.000
7588	51	51000.000
7589	53	53000.000
7590	47	47000.000
7591	51	51000.000
7592	48	48000.000
7593	50	50000.000
7594	71	71000.000
7595	53	53000.000
7596	44	44000.000
7597	49	49000.000
7598	40	40000.000
7599	45	45000.000
7600	56	56000.000
7601	46	46000.000
7602	56	56000.000
7603	51	51000.000
7604	37	37000.000
7605	59	59000.000
7606	57	57000.000
7607	51	51000.000
7608	48	48000.000
7609	43	43000.000
7610	46	46000.000
7611	56	56000.000
7612	34	34000.000
7613	44	44000.000
7614	67	67000.000
7615	54	54000.000
7616	47	47000.000
7617	55	55000.000
7618	56	56000.000
7619	56	56000.000
7620	48	48000.000
7621	48	48000.000
7622	45	45000.000
7623	54	54000.000
7624	53	53000.000
7625	50	50000.000
7626	46	46000.000
7627	61	61000.000
7628	40	40000.000
7629	59	59000.000
7630	52	52000.000
7631	54	54000.000
7632	56	56000.000
7633	44	44000.000
7634	55	55000.000
7635	50	50000.000
7636	60	60000.000
7637	43	43000.000
7638	46	46000.000
7639	56	56000.000
7640	62	62000.000
7641	47	47000.000
7642	53	53000.000
7643	48	48000.000
7644	54	54000.000
7645	54	54000.000
7646	53	53000.000
7647	65	65000.000
7648	55	55000.000
7649	42	42000.000
7650	54	54000.000
7651	49	49000.000
7652	53	53000.000
7653	56	56000.000
7654	59	59000.000
7655	67	67000.000
7656	61	61000.000
7657	63	63000.000
7658	55	55000.000
7659	61	61000.000
7660	52	52000.000
7661	49	49000.000
7662	48	48000.000
7663	48	48000.000
7664	66	66000.000
7665	65	65000.000
7666	52	52000.000
7667	53	53000.000
7668	49	49000.000
7669	43	43000.000
7670	59	59000.000
7671	54	54000.000
7672	63	63000.000
7673	53	53000.000
7674	50	50000.000
7675	56	56000.000
7676	47	47000.000
7677	55	55000.000
7678	53	53000.000
7679	60	60000.000
7680	54	54000.000
7681	55	55000.000
7682	51	51000.000
7683	55	55000.000
7684	46	46000.000
7685	60	60000.000
7686	55	55000.000
7687	57	57000.000
7688	59	59000.000
7689	59	59000.000
7690	49	49000.000
7691	57	57000.000
7692	60	60000.000
7693	69	69000.000
7694	58	58000.000
7695	48	48000.000
7696	42	42000.000
7697	45	45000.000
7698	57	57000.000
7699	59	59000.000
7700	56	56000.000
7701	56	56000.000
7702	68	68000.000
7703	53	53000.000
7704	52	52000.000
7705	45	45000.000
7706	41	41000.000
7707	54	54000.000
7708	67	67000.000
7709	54	54000.000
7710	35	35000.000
7711	56	56000.000
7712	57	57000.000
7713	58	58000.000
7714	44	44000.000
7715	38	38000.000
7716	52	52000.000
7717	46	46000.000
7718	55	55000.000
7719	37	37000.000
7720	44	44000.000
7721	51	51000.000
7722	52	52000.000
7723	54	54000.000
7724	53	53000.000
7725	52	52000.000
7726	44	44000.000
7727	62	62000.000
7728	61	61000.000
7729	64	64000.000
7730	53	53000.000
7731	44	44000.000
7732	51	51000.000
7733	42	42000.000
7734	63	63000.000
7735	49	49000.000
7736	41	41000.000
7737	56	56000.000
7738	48	48000.000
7739	51	51000.000
7740	56	56000.000
7741	48	48000.000
7742	35	35000.000
7743	60	60000.000
7744	49	49000.000
7745	53	53000.000
7746	45	45000.000
7747	51	51000.000
7748	62	62000.000
7749	67	67000.000
7750	72	72000.000
7751	56	56000.000
7752	66	66000.000
7753	41	41000.000
7754	53	53000.000
7755	60	60000.000
7756	49	49000.000
7757	74	74000.000
7758	54	54000.000
7759	48	48000.000
7760	67	67000.000
7761	34	34000.000
7762	48	48000.000
7763	59	59000.000
7764	56	56000.000
7765	55	55000.000
7766	50	50000.000
7767	46	46000.000
7768	67	67000.000
7769	62	62000.000
7770	41	41000.000
7771	50	50000.000
7772	54	54000.000
7773	51	51000.000
7774	60	60000.000
7775	55	55000.000
7776	53	53000.000
7777	53	53000.000
7778	47	47000.000
7779	50	50000.000
7780	42	42000.000
7781	57	57000.000
7782	50	50000.000
7783	56	56000.000
7784	44	44000.000
7785	46	46000.000
7786	42	42000.000
7787	53	53000.000
7788	62	62000.000
7789	48	48000.000
7790	44	44000.000
7791	56	56000.000
7792	50	50000.000
7793	53	53000.000
7794	48	48000.000
7795	55	55000.000
7796	41	41000.000
7797	40	40000.000
7798	46	46000.000
7799	60	60000.000
7800	54	54000.000
7801	46	46000.000
7802	46	46000.000
7803	51	51000.000
7804	54	54000.000
7805	70	70000.000
7806	57	57000.000
7807	44	44000.000
7808	55	55000.000
7809	51	51000.000
7810	42	42000.000
7811	39	39000.000
7812	49	49000.000
7813	42	42000.000
7814	61	61000.000
7815	56	56000.000
7816	52	52000.000
7817	59	59000.000
7818	45	45000.000
7819	59	59000.000
7820	54	54000.000
7821	59	59000.000
7822	39	39000.000
7823	55	55000.000
7824	57	57000.000
7825	56	56000.000
7826	50	50000.000
7827	59	59000.000
7828	46	46000.000
7829	51	51000.000
7830	43	43000.000
7831	50	50000.000
7832	41	41000.000
7833	56	56000.000
7834	60	60000.000
7835	50	50000.000
7836	56	56000.000
7837	57	57000.000
7838	44	44000.000
7839	45	45000.000
7840	71	71000.000
7841	50	50000.000
7842	55	55000.000
7843	71	71000.000
7844	56	56000.000
7845	45	45000.000
7846	43	43000.000
7847	63	63000.000
7848	53	53000.000
7849	51	51000.000
7850	37	37000.000
7851	53	53000.000
7852	59	59000.000
7853	52	52000.000
7854	71	71000.000
7855	56	56000.000
7856	57	57000.000
7857	51	51000.000
7858	60	60000.000
7859	49	49000.000
7860	34	34000.000
7861	56	56000.000
7862	44	44000.000
7863	55	55000.000
7864	40	40000.000
7865	49	49000.000
7866	64	64000.000
7867	52	52000.000
7868	65	65000.000
7869	65	65000.000
7870	53	53000.000
7871	53	53000.000
7872	46	46000.000
7873	53	53000.000
7874	59	59000.000
7875	47	47000.000
7876	59	59000.000
7877	56	56000.000
7878	57	57000.000
7879	43	43000.000
7880	52	52000.000
7881	59	59000.000
7882	57	57000.000
7883	63	63000.000
7884	51	51000.000
7885	53	53000.000
7886	45	45000.000
7887	46	46000.000
7888	49	49000.000
7889	60	60000.000
7890	54	54000.000
7891	49	49000.000
7892	60	60000.000
7893	55	55000.000
7894	50	50000.000
7895	63	63000.000
7896	57	57000.000
7897	45	45000.000
7898	69	69000.000
7899	56	56000.000
7900	54	54000.000
7901	57	57000.000
7902	66	66000.000
7903	46	46000.000
7904	49	49000.000
7905	50	50000.000
7906	57	57000.000
7907	55	55000.000
7908	47	47000.000
7909	47	47000.000
7910	58	58000.000
7911	56	56000.000
7912	57	57000.000
7913	44	44000.000
7914	58	58000.000
7915	49	49000.000
7916	57	57000.000
7917	66	66000.000
7918	63	63000.000
7919	51	51000.000
7920	71	71000.000
7921	65	65000.000
7922	66	66000.000
7923	52	52000.000
7924	55	55000.000
7925	50	50000.000
7926	51	51000.000
7927	47	47000.000
7928	53	53000.000
7929	48	48000.000
7930	70	70000.000
7931	48	48000.000
7932	52	52000.000
7933	53	53000.000
7934	43	43000.000
7935	55	55000.000
7936	44	44000.000
7937	41	41000.000
7938	50	50000.000
7939	50	50000.000
7940	42	42000.000
7941	47	47000.000
7942	51	51000.000
7943	43	43000.000
7944	48	48000.000
7945	56	56000.000
7946	45	45000.000
7947	52	52000.000
7948	45	45000.000
7949	55	55000.000
7950	59	59000.000
7951	42	42000.000
7952	57	57000.000
7953	47	47000.000
7954	43	43000.000
7955	57	57000.000
7956	59	59000.000
7957	52	52000.000
7958	43	43000.000
7959	44	44000.000
7960	59	59000.000
7961	72	72000.000
7962	64	64000.000
7963	42	42000.000
7964	66	66000.000
7965	56	56000.000
7966	54	54000.000
7967	49	49000.000
7968	45	45000.000
7969	46	46000.000
7970	55	55000.000
7971	55	55000.000
7972	56	56000.000
7973	44	44000.000
7974	65	65000.000
7975	54	54000.000
7976	55	55000.000
7977	53	53000.000
7978	50	50000.000
7979	60	60000.000
7980	52	52000.000
7981	60	60000.000
7982	52	52000.000
7983	44	44000.000
7984	55	55000.000
7985	58	58000.000
7986	61	61000.000
7987	55	55000.000
7988	56	56000.000
7989	41	41000.000
7990	55	55000.000
7991	45	45000.000
7992	68	68000.000
7993	40	40000.000
7994	63	63000.000
7995	45	45000.000
7996	55	55000.000
7997	57	57000.000
7998	68	68000.000
7999	64	64000.000
8000	58	58000.000
8001	51	51000.000
8002	56	56000.000
8003	54	54000.000
8004	54	54000.000
8005	46	46000.000
8006	60	60000.000
8007	49	49000.000
8008	48	48000.000
8009	57	57000.000
8010	62	62000.000
8011	53	53000.000
8012	54	54000.000
8013	48	48000.000
8014	43	43000.000
8015	51	51000.000
8016	50	50000.000
8017	60	60000.000
8018	53	53000.000
8019	49	49000.000
8020	65	65000.000
8021	51	51000.000
8022	58	58000.000
8023	71	71000.000
8024	49	49000.000
8025	74	74000.000
8026	49	49000.000
8027	39	39000.000
8028	58	58000.000
8029	58	58000.000
8030	51	51000.000
8031	59	59000.000
8032	63	63000.000
8033	63	63000.000
8034	62	62000.000
8035	54	54000.000
8036	49	49000.000
8037	50	50000.000
8038	66	66000.000
8039	40	40000.000
8040	51	51000.000
8041	44	44000.000
8042	45	45000.000
8043	60	60000.000
8044	71	71000.000
8045	52	52000.000
8046	50	50000.000
8047	39	39000.000
8048	50	50000.000
8049	52	52000.000
8050	58	58000.000
8051	59	59000.000
8052	37	37000.000
8053	57	57000.000
8054	54	54000.000
8055	62	62000.000
8056	54	54000.000
8057	47	47000.000
8058	43	43000.000
8059	41	41000.000
8060	70	70000.000
8061	54	54000.000
8062	60	60000.000
8063	57	57000.000
8064	49	49000.000
8065	40	40000.000
8066	53	53000.000
8067	64	64000.000
8068	42	42000.000
8069	43	43000.000
8070	61	61000.000
8071	57	57000.000
8072	50	50000.000
8073	68	68000.000
8074	45	45000.000
8075	72	72000.000
8076	58	58000.000
8077	46	46000.000
8078	48	48000.000
8079	41	41000.000
8080	67	67000.000
8081	57	57000.000
8082	49	49000.000
8083	40	40000.000
8084	74	74000.000
8085	45	45000.000
8086	61	61000.000
8087	51	51000.000
8088	52	52000.000
8089	57	57000.000
8090	56	56000.000
8091	53	53000.000
8092	57	57000.000
8093	43	43000.000
8094	51	51000.000
8095	49	49000.000
8096	59	59000.000
8097	58	58000.000
8098	51	51000.000
8099	65	65000.000
8100	42	42000.000
8101	55	55000.000
8102	44	44000.000
8103	60	60000.000
8104	56	56000.000
8105	41	41000.000
8106	63	63000.000
8107	53	53000.000
8108	40	40000.000
8109	65	65000.000
8110	62	62000.000
8111	53	53000.000
8112	49	49000.000
8113	45	45000.000
8114	52	52000.000
8115	50	50000.000
8116	51	51000.000
8117	51	51000.000
8118	64	64000.000
8119	54	54000.000
8120	53	53000.000
8121	54	54000.000
8122	58	58000.000
8123	57	57000.000
8124	42	42000.000
8125	65	65000.000
8126	55	55000.000
8127	58	58000.000
8128	51	51000.000
8129	48	48000.000
8130	53	53000.000
8131	51	51000.000
8132	44	44000.000
8133	64	64000.000
8134	52	52000.000
8135	48	48000.000
8136	54	54000.000
8137	49	49000.000
8138	65	65000.000
8139	60	60000.000
8140	56	56000.000
8141	52	52000.000
8142	52	52000.000
8143	55	55000.000
8144	58	58000.000
8145	74	74000.000
8146	54	54000.000
8147	52	52000.000
8148	57	57000.000
8149	67	67000.000
8150	58	58000.000
8151	37	37000.000
8152	50	50000.000
8153	57	57000.000
8154	58	58000.000
8155	41	41000.000
8156	56	56000.000
8157	45	45000.000
8158	42	42000.000
8159	75	75000.000
8160	52	52000.000
8161	48	48000.000
8162	73	73000.000
8163	53	53000.000
8164	53	53000.000
8165	51	51000.000
8166	59	59000.000
8167	41	41000.000
8168	48	48000.000
8169	53	53000.000
8170	47	47000.000
8171	43	43000.000
8172	52	52000.000
8173	50	50000.000
8174	48	48000.000
8175	35	35000.000
8176	48	48000.000
8177	29	29000.000
8178	46	46000.000
8179	45	45000.000
8180	58	58000.000
8181	47	47000.000
8182	54	54000.000
8183	69	69000.000
8184	52	52000.000
8185	50	50000.000
8186	50	50000.000
8187	50	50000.000
8188	61	61000.000
8189	52	52000.000
8190	42	42000.000
8191	49	49000.000
8192	55	55000.000
8193	63	63000.000
8194	68	68000.000
8195	52	52000.000
8196	53	53000.000
8197	51	51000.000
8198	65	65000.000
8199	51	51000.000
8200	64	64000.000
8201	52	52000.000
8202	48	48000.000
8203	52	52000.000
8204	54	54000.000
8205	74	74000.000
8206	62	62000.000
8207	39	39000.000
8208	44	44000.000
8209	59	59000.000
8210	57	57000.000
8211	42	42000.000
8212	50	50000.000
8213	55	55000.000
8214	47	47000.000
8215	61	61000.000
8216	50	50000.000
8217	60	60000.000
8218	64	64000.000
8219	55	55000.000
8220	61	61000.000
8221	62	62000.000
8222	49	49000.000
8223	48	48000.000
8224	48	48000.000
8225	64	64000.000
8226	37	37000.000
8227	49	49000.000
8228	67	67000.000
8229	50	50000.000
8230	55	55000.000
8231	62	62000.000
8232	56	56000.000
8233	45	45000.000
8234	64	64000.000
8235	53	53000.000
8236	42	42000.000
8237	46	46000.000
8238	54	54000.000
8239	43	43000.000
8240	49	49000.000
8241	61	61000.000
8242	57	57000.000
8243	62	62000.000
8244	52	52000.000
8245	48	48000.000
8246	53	53000.000
8247	49	49000.000
8248	50	50000.000
8249	71	71000.000
8250	48	48000.000
8251	49	49000.000
8252	47	47000.000
8253	38	38000.000
8254	57	57000.000
8255	50	50000.000
8256	52	52000.000
8257	58	58000.000
8258	60	60000.000
8259	48	48000.000
8260	54	54000.000
8261	43	43000.000
8262	61	61000.000
8263	55	55000.000
8264	34	34000.000
8265	63	63000.000
8266	54	54000.000
8267	56	56000.000
8268	57	57000.000
8269	49	49000.000
8270	43	43000.000
8271	51	51000.000
8272	50	50000.000
8273	43	43000.000
8274	51	51000.000
8275	57	57000.000
8276	52	52000.000
8277	70	70000.000
8278	47	47000.000
8279	51	51000.000
8280	53	53000.000
8281	60	60000.000
8282	50	50000.000
8283	52	52000.000
8284	51	51000.000
8285	43	43000.000
8286	56	56000.000
8287	49	49000.000
8288	54	54000.000
8289	48	48000.000
8290	48	48000.000
8291	48	48000.000
8292	42	42000.000
8293	43	43000.000
8294	49	49000.000
8295	69	69000.000
8296	41	41000.000
8297	58	58000.000
8298	51	51000.000
8299	67	67000.000
8300	45	45000.000
8301	49	49000.000
8302	52	52000.000
8303	50	50000.000
8304	49	49000.000
8305	40	40000.000
8306	47	47000.000
8307	46	46000.000
8308	49	49000.000
8309	43	43000.000
8310	41	41000.000
8311	45	45000.000
8312	55	55000.000
8313	53	53000.000
8314	62	62000.000
8315	58	58000.000
8316	63	63000.000
8317	49	49000.000
8318	51	51000.000
8319	57	57000.000
8320	47	47000.000
8321	59	59000.000
8322	57	57000.000
8323	67	67000.000
8324	56	56000.000
8325	55	55000.000
8326	52	52000.000
8327	64	64000.000
8328	57	57000.000
8329	48	48000.000
8330	57	57000.000
8331	53	53000.000
8332	45	45000.000
8333	48	48000.000
8334	49	49000.000
8335	60	60000.000
8336	57	57000.000
8337	55	55000.000
8338	46	46000.000
8339	62	62000.000
8340	45	45000.000
8341	57	57000.000
8342	54	54000.000
8343	59	59000.000
8344	60	60000.000
8345	60	60000.000
8346	46	46000.000
8347	47	47000.000
8348	52	52000.000
8349	42	42000.000
8350	40	40000.000
8351	54	54000.000
8352	54	54000.000
8353	41	41000.000
8354	56	56000.000
8355	44	44000.000
8356	62	62000.000
8357	50	50000.000
8358	64	64000.000
8359	44	44000.000
8360	59	59000.000
8361	56	56000.000
8362	59	59000.000
8363	40	40000.000
8364	49	49000.000
8365	41	41000.000
8366	52	52000.000
8367	47	47000.000
8368	57	57000.000
8369	56	56000.000
8370	52	52000.000
8371	56	56000.000
8372	45	45000.000
8373	50	50000.000
8374	48	48000.000
8375	42	42000.000
8376	50	50000.000
8377	57	57000.000
8378	57	57000.000
8379	53	53000.000
8380	54	54000.000
8381	52	52000.000
8382	57	57000.000
8383	66	66000.000
8384	59	59000.000
8385	48	48000.000
8386	49	49000.000
8387	48	48000.000
8388	48	48000.000
8389	55	55000.000
8390	57	57000.000
8391	49	49000.000
8392	56	56000.000
8393	47	47000.000
8394	61	61000.000
8395	58	58000.000
8396	44	44000.000
8397	54	54000.000
8398	42	42000.000
8399	48	48000.000
8400	57	57000.000
8401	63	63000.000
8402	61	61000.000
8403	65	65000.000
8404	62	62000.000
8405	56	56000.000
8406	56	56000.000
8407	51	51000.000
8408	59	59000.000
8409	43	43000.000
8410	51	51000.000
8411	56	56000.000
8412	67	67000.000
8413	42	42000.000
8414	55	55000.000
8415	47	47000.000
8416	50	50000.000
8417	50	50000.000
8418	60	60000.000
8419	52	52000.000
8420	51	51000.000
8421	66	66000.000
8422	48	48000.000
8423	54	54000.000
8424	49	49000.000
8425	51	51000.000
8426	57	57000.000
8427	53	53000.000
8428	54	54000.000
8429	66	66000.000
8430	49	49000.000
8431	60	60000.000
8432	54	54000.000
8433	58	58000.000
8434	45	45000.000
8435	46	46000.000
8436	55	55000.000
8437	58	58000.000
8438	44	44000.000
8439	48	48000.000
8440	70	70000.000
8441	54	54000.000
8442	58	58000.000
8443	55	55000.000
8444	53	53000.000
8445	52	52000.000
8446	56	56000.000
8447	48	48000.000
8448	55	55000.000
8449	58	58000.000
8450	54	54000.000
8451	46	46000.000
8452	45	45000.000
8453	62	62000.000
8454	75	75000.000
8455	64	64000.000
8456	54	54000.000
8457	57	57000.000
8458	69	69000.000
8459	63	63000.000
8460	43	43000.000
8461	53	53000.000
8462	52	52000.000
8463	38	38000.000
8464	51	51000.000
8465	62	62000.000
8466	49	49000.000
8467	49	49000.000
8468	54	54000.000
8469	62	62000.000
8470	50	50000.000
8471	58	58000.000
8472	60	60000.000
8473	59	59000.000
8474	43	43000.000
8475	50	50000.000
8476	48	48000.000
8477	63	63000.000
8478	63	63000.000
8479	48	48000.000
8480	56	56000.000
8481	49	49000.000
8482	49	49000.000
8483	42	42000.000
8484	44	44000.000
8485	62	62000.000
8486	53	53000.000
8487	54	54000.000
8488	47	47000.000
8489	64	64000.000
8490	57	57000.000
8491	46	46000.000
8492	66	66000.000
8493	45	45000.000
8494	57	57000.000
8495	50	50000.000
8496	41	41000.000
8497	55	55000.000
8498	55	55000.000
8499	49	49000.000
8500	46	46000.000
8501	49	49000.000
8502	54	54000.000
8503	50	50000.000
8504	70	70000.000
8505	62	62000.000
8506	55	55000.000
8507	48	48000.000
8508	59	59000.000
8509	58	58000.000
8510	58	58000.000
8511	53	53000.000
8512	45	45000.000
8513	60	60000.000
8514	42	42000.000
8515	63	63000.000
8516	46	46000.000
8517	62	62000.000
8518	57	57000.000
8519	49	49000.000
8520	48	48000.000
8521	40	40000.000
8522	44	44000.000
8523	53	53000.000
8524	45	45000.000
8525	56	56000.000
8526	45	45000.000
8527	58	58000.000
8528	50	50000.000
8529	61	61000.000
8530	48	48000.000
8531	45	45000.000
8532	56	56000.000
8533	62	62000.000
8534	55	55000.000
8535	67	67000.000
8536	53	53000.000
8537	51	51000.000
8538	57	57000.000
8539	49	49000.000
8540	44	44000.000
8541	44	44000.000
8542	54	54000.000
8543	44	44000.000
8544	46	46000.000
8545	45	45000.000
8546	61	61000.000
8547	62	62000.000
8548	47	47000.000
8549	48	48000.000
8550	42	42000.000
8551	62	62000.000
8552	43	43000.000
8553	45	45000.000
8554	47	47000.000
8555	42	42000.000
8556	52	52000.000
8557	42	42000.000
8558	41	41000.000
8559	63	63000.000
8560	49	49000.000
8561	50	50000.000
8562	40	40000.000
8563	60	60000.000
8564	57	57000.000
8565	56	56000.000
8566	50	50000.000
8567	66	66000.000
8568	58	58000.000
8569	63	63000.000
8570	46	46000.000
8571	47	47000.000
8572	60	60000.000
8573	65	65000.000
8574	53	53000.000
8575	50	50000.000
8576	45	45000.000
8577	51	51000.000
8578	58	58000.000
8579	65	65000.000
8580	55	55000.000
8581	52	52000.000
8582	49	49000.000
8583	58	58000.000
8584	57	57000.000
8585	43	43000.000
8586	58	58000.000
8587	57	57000.000
8588	60	60000.000
8589	46	46000.000
8590	47	47000.000
8591	49	49000.000
8592	53	53000.000
8593	49	49000.000
8594	44	44000.000
8595	49	49000.000
8596	60	60000.000
8597	49	49000.000
8598	43	43000.000
8599	56	56000.000
8600	56	56000.000
8601	51	51000.000
8602	69	69000.000
8603	57	57000.000
8604	49	49000.000
8605	69	69000.000
8606	77	77000.000
8607	69	69000.000
8608	63	63000.000
8609	44	44000.000
8610	55	55000.000
8611	63	63000.000
8612	54	54000.000
8613	40	40000.000
8614	61	61000.000
8615	53	53000.000
8616	54	54000.000
8617	50	50000.000
8618	41	41000.000
8619	58	58000.000
8620	43	43000.000
8621	48	48000.000
8622	52	52000.000
8623	45	45000.000
8624	55	55000.000
8625	45	45000.000
8626	70	70000.000
8627	36	36000.000
8628	60	60000.000
8629	58	58000.000
8630	48	48000.000
8631	56	56000.000
8632	49	49000.000
8633	52	52000.000
8634	58	58000.000
8635	50	50000.000
8636	49	49000.000
8637	55	55000.000
8638	47	47000.000
8639	72	72000.000
8640	48	48000.000
8641	49	49000.000
8642	55	55000.000
8643	67	67000.000
8644	56	56000.000
8645	59	59000.000
8646	51	51000.000
8647	57	57000.000
8648	54	54000.000
8649	59	59000.000
8650	74	74000.000
8651	49	49000.000
8652	55	55000.000
8653	53	53000.000
8654	61	61000.000
8655	39	39000.000
8656	56	56000.000
8657	44	44000.000
8658	54	54000.000
8659	58	58000.000
8660	55	55000.000
8661	59	59000.000
8662	62	62000.000
8663	57	57000.000
8664	53	53000.000
8665	53	53000.000
8666	54	54000.000
8667	46	46000.000
8668	59	59000.000
8669	51	51000.000
8670	69	69000.000
8671	64	64000.000
8672	43	43000.000
8673	55	55000.000
8674	51	51000.000
8675	39	39000.000
8676	35	35000.000
8677	55	55000.000
8678	53	53000.000
8679	57	57000.000
8680	49	49000.000
8681	53	53000.000
8682	65	65000.000
8683	44	44000.000
8684	47	47000.000
8685	57	57000.000
8686	48	48000.000
8687	40	40000.000
8688	61	61000.000
8689	47	47000.000
8690	54	54000.000
8691	39	39000.000
8692	46	46000.000
8693	52	52000.000
8694	54	54000.000
8695	49	49000.000
8696	54	54000.000
8697	53	53000.000
8698	36	36000.000
8699	48	48000.000
8700	52	52000.000
8701	59	59000.000
8702	47	47000.000
8703	61	61000.000
8704	45	45000.000
8705	60	60000.000
8706	51	51000.000
8707	44	44000.000
8708	41	41000.000
8709	55	55000.000
8710	61	61000.000
8711	60	60000.000
8712	54	54000.000
8713	47	47000.000
8714	52	52000.000
8715	56	56000.000
8716	44	44000.000
8717	61	61000.000
8718	57	57000.000
8719	49	49000.000
8720	55	55000.000
8721	53	53000.000
8722	58	58000.000
8723	63	63000.000
8724	45	45000.000
8725	45	45000.000
8726	57	57000.000
8727	56	56000.000
8728	54	54000.000
8729	46	46000.000
8730	60	60000.000
8731	40	40000.000
8732	47	47000.000
8733	44	44000.000
8734	51	51000.000
8735	46	46000.000
8736	64	64000.000
8737	57	57000.000
8738	51	51000.000
8739	62	62000.000
8740	56	56000.000
8741	51	51000.000
8742	46	46000.000
8743	46	46000.000
8744	41	41000.000
8745	58	58000.000
8746	43	43000.000
8747	65	65000.000
8748	53	53000.000
8749	50	50000.000
8750	69	69000.000
8751	58	58000.000
8752	44	44000.000
8753	48	48000.000
8754	63	63000.000
8755	37	37000.000
8756	45	45000.000
8757	50	50000.000
8758	52	52000.000
8759	52	52000.000
8760	60	60000.000
8761	54	54000.000
8762	54	54000.000
8763	47	47000.000
8764	49	49000.000
8765	74	74000.000
8766	47	47000.000
8767	45	45000.000
8768	53	53000.000
8769	51	51000.000
8770	61	61000.000
8771	62	62000.000
8772	58	58000.000
8773	62	62000.000
8774	51	51000.000
8775	63	63000.000
8776	58	58000.000
8777	41	41000.000
8778	53	53000.000
8779	52	52000.000
8780	53	53000.000
8781	49	49000.000
8782	53	53000.000
8783	55	55000.000
8784	53	53000.000
8785	50	50000.000
8786	52	52000.000
8787	57	57000.000
8788	63	63000.000
8789	52	52000.000
8790	48	48000.000
8791	55	55000.000
8792	52	52000.000
8793	52	52000.000
8794	59	59000.000
8795	60	60000.000
8796	50	50000.000
8797	55	55000.000
8798	63	63000.000
8799	65	65000.000
8800	55	55000.000
8801	64	64000.000
8802	66	66000.000
8803	47	47000.000
8804	50	50000.000
8805	37	37000.000
8806	58	58000.000
8807	56	56000.000
8808	56	56000.000
8809	51	51000.000
8810	64	64000.000
8811	64	64000.000
8812	49	49000.000
8813	57	57000.000
8814	46	46000.000
8815	36	36000.000
8816	52	52000.000
8817	45	45000.000
8818	65	65000.000
8819	47	47000.000
8820	63	63000.000
8821	58	58000.000
8822	50	50000.000
8823	60	60000.000
8824	52	52000.000
8825	47	47000.000
8826	44	44000.000
8827	59	59000.000
8828	45	45000.000
8829	46	46000.000
8830	39	39000.000
8831	63	63000.000
8832	51	51000.000
8833	49	49000.000
8834	50	50000.000
8835	58	58000.000
8836	52	52000.000
8837	54	54000.000
8838	53	53000.000
8839	70	70000.000
8840	40	40000.000
8841	58	58000.000
8842	49	49000.000
8843	45	45000.000
8844	62	62000.000
8845	47	47000.000
8846	53	53000.000
8847	46	46000.000
8848	69	69000.000
8849	57	57000.000
8850	57	57000.000
8851	55	55000.000
8852	46	46000.000
8853	52	52000.000
8854	51	51000.000
8855	60	60000.000
8856	42	42000.000
8857	53	53000.000
8858	49	49000.000
8859	49	49000.000
8860	70	70000.000
8861	59	59000.000
8862	63	63000.000
8863	53	53000.000
8864	48	48000.000
8865	57	57000.000
8866	48	48000.000
8867	52	52000.000
8868	53	53000.000
8869	53	53000.000
8870	60	60000.000
8871	64	64000.000
8872	59	59000.000
8873	49	49000.000
8874	51	51000.000
8875	47	47000.000
8876	52	52000.000
8877	44	44000.000
8878	62	62000.000
8879	61	61000.000
8880	54	54000.000
8881	47	47000.000
8882	63	63000.000
8883	61	61000.000
8884	56	56000.000
8885	62	62000.000
8886	51	51000.000
8887	54	54000.000
8888	47	47000.000
8889	56	56000.000
8890	49	49000.000
8891	50	50000.000
8892	51	51000.000
8893	52	52000.000
8894	52	52000.000
8895	57	57000.000
8896	47	47000.000
8897	58	58000.000
8898	61	61000.000
8899	49	49000.000
8900	62	62000.000
8901	54	54000.000
8902	50	50000.000
8903	57	57000.000
8904	63	63000.000
8905	49	49000.000
8906	46	46000.000
8907	53	53000.000
8908	46	46000.000
8909	52	52000.000
8910	43	43000.000
8911	60	60000.000
8912	44	44000.000
8913	52	52000.000
8914	55	55000.000
8915	53	53000.000
8916	61	61000.000
8917	55	55000.000
8918	64	64000.000
8919	56	56000.000
8920	44	44000.000
8921	54	54000.000
8922	35	35000.000
8923	54	54000.000
8924	58	58000.000
8925	55	55000.000
8926	49	49000.000
8927	49	49000.000
8928	57	57000.000
8929	54	54000.000
8930	54	54000.000
8931	52	52000.000
8932	57	57000.000
8933	53	53000.000
8934	61	61000.000
8935	52	52000.000
8936	55	55000.000
8937	54	54000.000
8938	65	65000.000
8939	45	45000.000
8940	64	64000.000
8941	48	48000.000
8942	65	65000.000
8943	41	41000.000
8944	45	45000.000
8945	52	52000.000
8946	58	58000.000
8947	63	63000.000
8948	57	57000.000
8949	49	49000.000
8950	59	59000.000
8951	54	54000.000
8952	52	52000.000
8953	60	60000.000
8954	49	49000.000
8955	61	61000.000
8956	44	44000.000
8957	54	54000.000
8958	48	48000.000
8959	55	55000.000
8960	48	48000.000
8961	60	60000.000
8962	57	57000.000
8963	47	47000.000
8964	59	59000.000
8965	63	63000.000
8966	62	62000.000
8967	50	50000.000
8968	39	39000.000
8969	55	55000.000
8970	55	55000.000
8971	51	51000.000
8972	52	52000.000
8973	52	52000.000
8974	58	58000.000
8975	43	43000.000
8976	62	62000.000
8977	54	54000.000
8978	49	49000.000
8979	49	49000.000
8980	54	54000.000
8981	57	57000.000
8982	44	44000.000
8983	51	51000.000
8984	58	58000.000
8985	68	68000.000
8986	50	50000.000
8987	47	47000.000
8988	71	71000.000
8989	60	60000.000
8990	49	49000.000
8991	50	50000.000
8992	43	43000.000
8993	63	63000.000
8994	45	45000.000
8995	55	55000.000
8996	60	60000.000
8997	50	50000.000
8998	71	71000.000
8999	63	63000.000
9000	57	57000.000
9001	43	43000.000
9002	42	42000.000
9003	53	53000.000
9004	37	37000.000
9005	43	43000.000
9006	45	45000.000
9007	58	58000.000
9008	58	58000.000
9009	57	57000.000
9010	55	55000.000
9011	58	58000.000
9012	71	71000.000
9013	53	53000.000
9014	47	47000.000
9015	56	56000.000
9016	43	43000.000
9017	53	53000.000
9018	57	57000.000
9019	52	52000.000
9020	57	57000.000
9021	60	60000.000
9022	53	53000.000
9023	52	52000.000
9024	54	54000.000
9025	61	61000.000
9026	41	41000.000
9027	58	58000.000
9028	49	49000.000
9029	46	46000.000
9030	47	47000.000
9031	56	56000.000
9032	57	57000.000
9033	58	58000.000
9034	45	45000.000
9035	59	59000.000
9036	57	57000.000
9037	62	62000.000
9038	47	47000.000
9039	59	59000.000
9040	56	56000.000
9041	64	64000.000
9042	42	42000.000
9043	62	62000.000
9044	47	47000.000
9045	55	55000.000
9046	55	55000.000
9047	52	52000.000
9048	52	52000.000
9049	60	60000.000
9050	67	67000.000
9051	63	63000.000
9052	58	58000.000
9053	51	51000.000
9054	66	66000.000
9055	61	61000.000
9056	37	37000.000
9057	56	56000.000
9058	58	58000.000
9059	52	52000.000
9060	52	52000.000
9061	53	53000.000
9062	51	51000.000
9063	71	71000.000
9064	50	50000.000
9065	55	55000.000
9066	62	62000.000
9067	50	50000.000
9068	45	45000.000
9069	51	51000.000
9070	47	47000.000
9071	58	58000.000
9072	71	71000.000
9073	58	58000.000
9074	58	58000.000
9075	56	56000.000
9076	52	52000.000
9077	42	42000.000
9078	42	42000.000
9079	61	61000.000
9080	61	61000.000
9081	45	45000.000
9082	59	59000.000
9083	55	55000.000
9084	51	51000.000
9085	52	52000.000
9086	46	46000.000
9087	62	62000.000
9088	68	68000.000
9089	47	47000.000
9090	61	61000.000
9091	54	54000.000
9092	56	56000.000
9093	36	36000.000
9094	46	46000.000
9095	63	63000.000
9096	39	39000.000
9097	68	68000.000
9098	52	52000.000
9099	37	37000.000
9100	57	57000.000
9101	40	40000.000
9102	55	55000.000
9103	52	52000.000
9104	43	43000.000
9105	52	52000.000
9106	56	56000.000
9107	53	53000.000
9108	68	68000.000
9109	42	42000.000
9110	57	57000.000
9111	51	51000.000
9112	54	54000.000
9113	53	53000.000
9114	59	59000.000
9115	51	51000.000
9116	46	46000.000
9117	61	61000.000
9118	61	61000.000
9119	44	44000.000
9120	55	55000.000
9121	56	56000.000
9122	55	55000.000
9123	48	48000.000
9124	40	40000.000
9125	47	47000.000
9126	54	54000.000
9127	45	45000.000
9128	46	46000.000
9129	60	60000.000
9130	53	53000.000
9131	42	42000.000
9132	67	67000.000
9133	58	58000.000
9134	49	49000.000
9135	41	41000.000
9136	50	50000.000
9137	55	55000.000
9138	59	59000.000
9139	56	56000.000
9140	38	38000.000
9141	67	67000.000
9142	53	53000.000
9143	53	53000.000
9144	64	64000.000
9145	48	48000.000
9146	66	66000.000
9147	51	51000.000
9148	59	59000.000
9149	64	64000.000
9150	45	45000.000
9151	50	50000.000
9152	50	50000.000
9153	42	42000.000
9154	40	40000.000
9155	38	38000.000
9156	53	53000.000
9157	53	53000.000
9158	51	51000.000
9159	49	49000.000
9160	48	48000.000
9161	47	47000.000
9162	44	44000.000
9163	38	38000.000
9164	49	49000.000
9165	56	56000.000
9166	46	46000.000
9167	59	59000.000
9168	56	56000.000
9169	57	57000.000
9170	52	52000.000
9171	51	51000.000
9172	45	45000.000
9173	48	48000.000
9174	60	60000.000
9175	50	50000.000
9176	46	46000.000
9177	53	53000.000
9178	63	63000.000
9179	45	45000.000
9180	62	62000.000
9181	44	44000.000
9182	52	52000.000
9183	46	46000.000
9184	56	56000.000
9185	63	63000.000
9186	51	51000.000
9187	61	61000.000
9188	47	47000.000
9189	46	46000.000
9190	49	49000.000
9191	59	59000.000
9192	51	51000.000
9193	56	56000.000
9194	50	50000.000
9195	49	49000.000
9196	54	54000.000
9197	52	52000.000
9198	62	62000.000
9199	49	49000.000
9200	50	50000.000
9201	48	48000.000
9202	42	42000.000
9203	60	60000.000
9204	41	41000.000
9205	54	54000.000
9206	43	43000.000
9207	50	50000.000
9208	59	59000.000
9209	41	41000.000
9210	55	55000.000
9211	47	47000.000
9212	61	61000.000
9213	41	41000.000
9214	54	54000.000
9215	65	65000.000
9216	59	59000.000
9217	67	67000.000
9218	58	58000.000
9219	50	50000.000
9220	51	51000.000
9221	63	63000.000
9222	53	53000.000
9223	39	39000.000
9224	44	44000.000
9225	35	35000.000
9226	46	46000.000
9227	50	50000.000
9228	49	49000.000
9229	43	43000.000
9230	56	56000.000
9231	31	31000.000
9232	51	51000.000
9233	49	49000.000
9234	58	58000.000
9235	60	60000.000
9236	55	55000.000
9237	56	56000.000
9238	44	44000.000
9239	45	45000.000
9240	42	42000.000
9241	50	50000.000
9242	54	54000.000
9243	56	56000.000
9244	51	51000.000
9245	65	65000.000
9246	53	53000.000
9247	68	68000.000
9248	53	53000.000
9249	46	46000.000
9250	58	58000.000
9251	54	54000.000
9252	49	49000.000
9253	56	56000.000
9254	47	47000.000
9255	58	58000.000
9256	43	43000.000
9257	48	48000.000
9258	56	56000.000
9259	65	65000.000
9260	53	53000.000
9261	54	54000.000
9262	59	59000.000
9263	53	53000.000
9264	52	52000.000
9265	58	58000.000
9266	61	61000.000
9267	57	57000.000
9268	64	64000.000
9269	60	60000.000
9270	45	45000.000
9271	57	57000.000
9272	46	46000.000
9273	42	42000.000
9274	46	46000.000
9275	49	49000.000
9276	42	42000.000
9277	57	57000.000
9278	50	50000.000
9279	55	55000.000
9280	55	55000.000
9281	46	46000.000
9282	42	42000.000
9283	57	57000.000
9284	59	59000.000
9285	39	39000.000
9286	57	57000.000
9287	51	51000.000
9288	53	53000.000
9289	44	44000.000
9290	63	63000.000
9291	54	54000.000
9292	51	51000.000
9293	54	54000.000
9294	64	64000.000
9295	49	49000.000
9296	46	46000.000
9297	49	49000.000
9298	39	39000.000
9299	59	59000.000
9300	64	64000.000
9301	49	49000.000
9302	49	49000.000
9303	51	51000.000
9304	63	63000.000
9305	54	54000.000
9306	49	49000.000
9307	51	51000.000
9308	48	48000.000
9309	46	46000.000
9310	54	54000.000
9311	64	64000.000
9312	52	52000.000
9313	60	60000.000
9314	53	53000.000
9315	50	50000.000
9316	51	51000.000
9317	43	43000.000
9318	41	41000.000
9319	48	48000.000
9320	62	62000.000
9321	66	66000.000
9322	50	50000.000
9323	57	57000.000
9324	47	47000.000
9325	62	62000.000
9326	58	58000.000
9327	49	49000.000
9328	59	59000.000
9329	65	65000.000
9330	54	54000.000
9331	60	60000.000
9332	57	57000.000
9333	48	48000.000
9334	46	46000.000
9335	48	48000.000
9336	42	42000.000
9337	58	58000.000
9338	58	58000.000
9339	47	47000.000
9340	44	44000.000
9341	57	57000.000
9342	43	43000.000
9343	52	52000.000
9344	47	47000.000
9345	50	50000.000
9346	52	52000.000
9347	62	62000.000
9348	65	65000.000
9349	62	62000.000
9350	43	43000.000
9351	49	49000.000
9352	57	57000.000
9353	44	44000.000
9354	39	39000.000
9355	48	48000.000
9356	58	58000.000
9357	55	55000.000
9358	52	52000.000
9359	53	53000.000
9360	58	58000.000
9361	48	48000.000
9362	50	50000.000
9363	56	56000.000
9364	51	51000.000
9365	66	66000.000
9366	52	52000.000
9367	44	44000.000
9368	45	45000.000
9369	44	44000.000
9370	47	47000.000
9371	54	54000.000
9372	57	57000.000
9373	54	54000.000
9374	65	65000.000
9375	45	45000.000
9376	58	58000.000
9377	53	53000.000
9378	69	69000.000
9379	55	55000.000
9380	51	51000.000
9381	37	37000.000
9382	52	52000.000
9383	65	65000.000
9384	48	48000.000
9385	50	50000.000
9386	50	50000.000
9387	50	50000.000
9388	48	48000.000
9389	50	50000.000
9390	50	50000.000
9391	51	51000.000
9392	63	63000.000
9393	45	45000.000
9394	38	38000.000
9395	56	56000.000
9396	39	39000.000
9397	53	53000.000
9398	58	58000.000
9399	55	55000.000
9400	56	56000.000
9401	49	49000.000
9402	45	45000.000
9403	70	70000.000
9404	61	61000.000
9405	46	46000.000
9406	63	63000.000
9407	43	43000.000
9408	57	57000.000
9409	40	40000.000
9410	50	50000.000
9411	45	45000.000
9412	61	61000.000
9413	59	59000.000
9414	56	56000.000
9415	54	54000.000
9416	63	63000.000
9417	48	48000.000
9418	50	50000.000
9419	56	56000.000
9420	55	55000.000
9421	54	54000.000
9422	46	46000.000
9423	60	60000.000
9424	57	57000.000
9425	58	58000.000
9426	59	59000.000
9427	51	51000.000
9428	44	44000.000
9429	60	60000.000
9430	58	58000.000
9431	40	40000.000
9432	58	58000.000
9433	54	54000.000
9434	62	62000.000
9435	57	57000.000
9436	60	60000.000
9437	55	55000.000
9438	58	58000.000
9439	52	52000.000
9440	60	60000.000
9441	55	55000.000
9442	45	45000.000
9443	40	40000.000
9444	46	46000.000
9445	43	43000.000
9446	49	49000.000
9447	58	58000.000
9448	52	52000.000
9449	46	46000.000
9450	52	52000.000
9451	44	44000.000
9452	61	61000.000
9453	42	42000.000
9454	59	59000.000
9455	57	57000.000
9456	43	43000.000
9457	58	58000.000
9458	43	43000.000
9459	51	51000.000
9460	44	44000.000
9461	64	64000.000
9462	61	61000.000
9463	48	48000.000
9464	44	44000.000
9465	63	63000.000
9466	56	56000.000
9467	58	58000.000
9468	59	59000.000
9469	57	57000.000
9470	52	52000.000
9471	48	48000.000
9472	49	49000.000
9473	49	49000.000
9474	45	45000.000
9475	62	62000.000
9476	51	51000.000
9477	63	63000.000
9478	49	49000.000
9479	39	39000.000
9480	57	57000.000
9481	44	44000.000
9482	57	57000.000
9483	55	55000.000
9484	44	44000.000
9485	52	52000.000
9486	66	66000.000
9487	41	41000.000
9488	71	71000.000
9489	43	43000.000
9490	62	62000.000
9491	53	53000.000
9492	62	62000.000
9493	57	57000.000
9494	42	42000.000
9495	58	58000.000
9496	54	54000.000
9497	50	50000.000
9498	55	55000.000
9499	66	66000.000
9500	59	59000.000
9501	51	51000.000
9502	51	51000.000
9503	38	38000.000
9504	60	60000.000
9505	47	47000.000
9506	52	52000.000
9507	53	53000.000
9508	63	63000.000
9509	45	45000.000
9510	44	44000.000
9511	47	47000.000
9512	45	45000.000
9513	48	48000.000
9514	43	43000.000
9515	52	52000.000
9516	42	42000.000
9517	51	51000.000
9518	52	52000.000
9519	51	51000.000
9520	50	50000.000
9521	56	56000.000
9522	48	48000.000
9523	58	58000.000
9524	48	48000.000
9525	54	54000.000
9526	44	44000.000
9527	56	56000.000
9528	41	41000.000
9529	53	53000.000
9530	66	66000.000
9531	60	60000.000
9532	44	44000.000
9533	58	58000.000
9534	51	51000.000
9535	53	53000.000
9536	61	61000.000
9537	60	60000.000
9538	51	51000.000
9539	62	62000.000
9540	50	50000.000
9541	58	58000.000
9542	48	48000.000
9543	55	55000.000
9544	43	43000.000
9545	53	53000.000
9546	70	70000.000
9547	42	42000.000
9548	47	47000.000
9549	58	58000.000
9550	67	67000.000
9551	50	50000.000
9552	49	49000.000
9553	67	67000.000
9554	35	35000.000
9555	58	58000.000
9556	55	55000.000
9557	49	49000.000
9558	47	47000.000
9559	63	63000.000
9560	51	51000.000
9561	45	45000.000
9562	51	51000.000
9563	52	52000.000
9564	49	49000.000
9565	53	53000.000
9566	48	48000.000
9567	47	47000.000
9568	57	57000.000
9569	49	49000.000
9570	59	59000.000
9571	60	60000.000
9572	54	54000.000
9573	62	62000.000
9574	34	34000.000
9575	43	43000.000
9576	57	57000.000
9577	57	57000.000
9578	61	61000.000
9579	57	57000.000
9580	48	48000.000
9581	61	61000.000
9582	64	64000.000
9583	60	60000.000
9584	69	69000.000
9585	57	57000.000
9586	53	53000.000
9587	57	57000.000
9588	48	48000.000
9589	51	51000.000
9590	45	45000.000
9591	42	42000.000
9592	54	54000.000
9593	55	55000.000
9594	42	42000.000
9595	71	71000.000
9596	63	63000.000
9597	53	53000.000
9598	53	53000.000
9599	49	49000.000
9600	47	47000.000
9601	55	55000.000
9602	71	71000.000
9603	47	47000.000
9604	49	49000.000
9605	71	71000.000
9606	53	53000.000
9607	49	49000.000
9608	45	45000.000
9609	65	65000.000
9610	44	44000.000
9611	59	59000.000
9612	58	58000.000
9613	45	45000.000
9614	50	50000.000
9615	50	50000.000
9616	51	51000.000
9617	49	49000.000
9618	46	46000.000
9619	47	47000.000
9620	42	42000.000
9621	56	56000.000
9622	42	42000.000
9623	48	48000.000
9624	54	54000.000
9625	56	56000.000
9626	59	59000.000
9627	41	41000.000
9628	47	47000.000
9629	50	50000.000
9630	52	52000.000
9631	41	41000.000
9632	46	46000.000
9633	60	60000.000
9634	44	44000.000
9635	52	52000.000
9636	57	57000.000
9637	47	47000.000
9638	51	51000.000
9639	40	40000.000
9640	52	52000.000
9641	48	48000.000
9642	57	57000.000
9643	52	52000.000
9644	52	52000.000
9645	44	44000.000
9646	53	53000.000
9647	59	59000.000
9648	52	52000.000
9649	51	51000.000
9650	54	54000.000
9651	63	63000.000
9652	41	41000.000
9653	53	53000.000
9654	62	62000.000
9655	66	66000.000
9656	46	46000.000
9657	48	48000.000
9658	46	46000.000
9659	59	59000.000
9660	49	49000.000
9661	51	51000.000
9662	50	50000.000
9663	46	46000.000
9664	41	41000.000
9665	50	50000.000
9666	47	47000.000
9667	58	58000.000
9668	53	53000.000
9669	47	47000.000
9670	48	48000.000
9671	44	44000.000
9672	63	63000.000
9673	72	72000.000
9674	56	56000.000
9675	75	75000.000
9676	68	68000.000
9677	59	59000.000
9678	57	57000.000
9679	57	57000.000
9680	55	55000.000
9681	57	57000.000
9682	48	48000.000
9683	62	62000.000
9684	52	52000.000
9685	43	43000.000
9686	45	45000.000
9687	55	55000.000
9688	50	50000.000
9689	58	58000.000
9690	39	39000.000
9691	39	39000.000
9692	53	53000.000
9693	69	69000.000
9694	41	41000.000
9695	59	59000.000
9696	50	50000.000
9697	44	44000.000
9698	62	62000.000
9699	44	44000.000
9700	45	45000.000
9701	52	52000.000
9702	47	47000.000
9703	45	45000.000
9704	48	48000.000
9705	50	50000.000
9706	43	43000.000
9707	53	53000.000
9708	52	52000.000
9709	43	43000.000
9710	51	51000.000
9711	54	54000.000
9712	47	47000.000
9713	62	62000.000
9714	58	58000.000
9715	45	45000.000
9716	50	50000.000
9717	56	56000.000
9718	50	50000.000
9719	52	52000.000
9720	61	61000.000
9721	42	42000.000
9722	52	52000.000
9723	55	55000.000
9724	47	47000.000
9725	43	43000.000
9726	55	55000.000
9727	58	58000.000
9728	47	47000.000
9729	58	58000.000
9730	52	52000.000
9731	55	55000.000
9732	44	44000.000
9733	47	47000.000
9734	61	61000.000
9735	52	52000.000
9736	65	65000.000
9737	54	54000.000
9738	44	44000.000
9739	43	43000.000
9740	63	63000.000
9741	43	43000.000
9742	46	46000.000
9743	50	50000.000
9744	47	47000.000
9745	61	61000.000
9746	53	53000.000
9747	54	54000.000
9748	53	53000.000
9749	55	55000.000
9750	45	45000.000
9751	48	48000.000
9752	40	40000.000
9753	52	52000.000
9754	55	55000.000
9755	40	40000.000
9756	56	56000.000
9757	65	65000.000
9758	53	53000.000
9759	70	70000.000
9760	54	54000.000
9761	61	61000.000
9762	62	62000.000
9763	56	56000.000
9764	51	51000.000
9765	55	55000.000
9766	50	50000.000
9767	53	53000.000
9768	54	54000.000
9769	44	44000.000
9770	59	59000.000
9771	49	49000.000
9772	61	61000.000
9773	53	53000.000
9774	55	55000.000
9775	52	52000.000
9776	47	47000.000
9777	43	43000.000
9778	49	49000.000
9779	56	56000.000
9780	55	55000.000
9781	54	54000.000
9782	51	51000.000
9783	48	48000.000
9784	51	51000.000
9785	52	52000.000
9786	49	49000.000
9787	58	58000.000
9788	35	35000.000
9789	58	58000.000
9790	58	58000.000
9791	50	50000.000
9792	55	55000.000
9793	44	44000.000
9794	57	57000.000
9795	58	58000.000
9796	67	67000.000
9797	64	64000.000
9798	56	56000.000
9799	58	58000.000
9800	51	51000.000
9801	41	41000.000
9802	56	56000.000
9803	61	61000.000
9804	49	49000.000
9805	48	48000.000
9806	38	38000.000
9807	58	58000.000
9808	42	42000.000
9809	51	51000.000
9810	50	50000.000
9811	50	50000.000
9812	61	61000.000
9813	50	50000.000
9814	50	50000.000
9815	41	41000.000
9816	47	47000.000
9817	57	57000.000
9818	51	51000.000
9819	50	50000.000
9820	42	42000.000
9821	48	48000.000
9822	62	62000.000
9823	42	42000.000
9824	50	50000.000
9825	59	59000.000
9826	42	42000.000
9827	58	58000.000
9828	56	56000.000
9829	47	47000.000
9830	51	51000.000
9831	68	68000.000
9832	51	51000.000
9833	52	52000.000
9834	58	58000.000
9835	45	45000.000
9836	40	40000.000
9837	64	64000.000
9838	61	61000.000
9839	49	49000.000
9840	65	65000.000
9841	53	53000.000
9842	57	57000.000
9843	59	59000.000
9844	51	51000.000
9845	68	68000.000
9846	56	56000.000
9847	61	61000.000
9848	60	60000.000
9849	51	51000.000
9850	49	49000.000
9851	58	58000.000
9852	50	50000.000
9853	53	53000.000
9854	47	47000.000
9855	50	50000.000
9856	50	50000.000
9857	54	54000.000
9858	53	53000.000
9859	46	46000.000
9860	47	47000.000
9861	45	45000.000
9862	47	47000.000
9863	56	56000.000
9864	52	52000.000
9865	46	46000.000
9866	53	53000.000
9867	66	66000.000
9868	38	38000.000
9869	54	54000.000
9870	54	54000.000
9871	66	66000.000
9872	47	47000.000
9873	49	49000.000
9874	44	44000.000
9875	43	43000.000
9876	67	67000.000
9877	53	53000.000
9878	49	49000.000
9879	55	55000.000
9880	44	44000.000
9881	37	37000.000
9882	55	55000.000
9883	47	47000.000
9884	64	64000.000
9885	50	50000.000
9886	59	59000.000
9887	54	54000.000
9888	47	47000.000
9889	51	51000.000
9890	49	49000.000
9891	48	48000.000
9892	52	52000.000
9893	68	68000.000
9894	50	50000.000
9895	63	63000.000
9896	64	64000.000
9897	56	56000.000
9898	62	62000.000
9899	46	46000.000
9900	55	55000.000
9901	53	53000.000
9902	48	48000.000
9903	42	42000.000
9904	52	52000.000
9905	63	63000.000
9906	52	52000.000
9907	49	49000.000
9908	49	49000.000
9909	52	52000.000
9910	49	49000.000
9911	46	46000.000
9912	45	45000.000
9913	52	52000.000
9914	63	63000.000
9915	43	43000.000
9916	52	52000.000
9917	49	49000.000
9918	55	55000.000
9919	48	48000.000
9920	42	42000.000
9921	57	57000.000
9922	70	70000.000
9923	56	56000.000
9924	59	59000.000
9925	56	56000.000
9926	58	58000.000
9927	53	53000.000
9928	54	54000.000
9929	60	60000.000
9930	52	52000.000
9931	55	55000.000
9932	47	47000.000
9933	57	57000.000
9934	56	56000.000
9935	57	57000.000
9936	52	52000.000
9937	46	46000.000
9938	56	56000.000
9939	56	56000.000
9940	55	55000.000
9941	46	46000.000
9942	48	48000.000
9943	52	52000.000
9944	57	57000.000
9945	55	55000.000
9946	54	54000.000
9947	49	49000.000
9948	60	60000.000
9949	56	56000.000
9950	65	65000.000
9951	47	47000.000
9952	63	63000.000
9953	50	50000.000
9954	56	56000.000
9955	42	42000.000
9956	53	53000.000
9957	43	43000.000
9958	45	45000.000
9959	50	50000.000
9960	56	56000.000
9961	53	53000.000
9962	52	52000.000
9963	47	47000.000
9964	52	52000.000
9965	36	36000.000
9966	50	50000.000
9967	52	52000.000
9968	53	53000.000
9969	56	56000.000
9970	60	60000.000
9971	46	46000.000
9972	50	50000.000
9973	56	56000.000
9974	62	62000.000
9975	44	44000.000
9976	57	57000.000
9977	59	59000.000
9978	50	50000.000
9979	35	35000.000
9980	43	43000.000
9981	43	43000.000
9982	42	42000.000
9983	54	54000.000
9984	49	49000.000
9985	45	45000.000
9986	48	48000.000
9987	50	50000.000
9988	50	50000.000
9989	62	62000.000
9990	54	54000.000
9991	58	58000.000
9992	45	45000.000
9993	43	43000.000
9994	55	55000.000
9995	43	43000.000
9996	55	55000.000
9997	63	63000.000
9998	47	47000.000
9999	42	42000.000
10000	55	55000.000
