# bins en theta = 350.00 deg
# bin_length_s = 0.001000
# bin	counts	CPS
1	529	529000.000
2	472	472000.000
3	455	455000.000
4	443	443000.000
5	463	463000.000
6	441	441000.000
7	462	462000.000
8	474	474000.000
9	450	450000.000
10	461	461000.000
11	501	501000.000
12	448	448000.000
13	495	495000.000
14	452	452000.000
15	481	481000.000
16	494	494000.000
17	499	499000.000
18	479	479000.000
19	499	499000.000
20	464	464000.000
21	478	478000.000
22	474	474000.000
23	488	488000.000
24	480	480000.000
25	477	477000.000
26	511	511000.000
27	483	483000.000
28	464	464000.000
29	471	471000.000
30	480	480000.000
31	506	506000.000
32	493	493000.000
33	483	483000.000
34	464	464000.000
35	458	458000.000
36	459	459000.000
37	510	510000.000
38	456	456000.000
39	464	464000.000
40	477	477000.000
41	480	480000.000
42	503	503000.000
43	482	482000.000
44	471	471000.000
45	427	427000.000
46	491	491000.000
47	456	456000.000
48	479	479000.000
49	451	451000.000
50	489	489000.000
51	510	510000.000
52	446	446000.000
53	501	501000.000
54	504	504000.000
55	503	503000.000
56	487	487000.000
57	484	484000.000
58	455	455000.000
59	506	506000.000
60	500	500000.000
61	473	473000.000
62	486	486000.000
63	471	471000.000
64	461	461000.000
65	462	462000.000
66	517	517000.000
67	499	499000.000
68	505	505000.000
69	489	489000.000
70	505	505000.000
71	480	480000.000
72	495	495000.000
73	488	488000.000
74	453	453000.000
75	464	464000.000
76	455	455000.000
77	477	477000.000
78	475	475000.000
79	500	500000.000
80	522	522000.000
81	483	483000.000
82	467	467000.000
83	490	490000.000
84	516	516000.000
85	444	444000.000
86	448	448000.000
87	485	485000.000
88	486	486000.000
89	457	457000.000
90	452	452000.000
91	482	482000.000
92	480	480000.000
93	469	469000.000
94	476	476000.000
95	482	482000.000
96	474	474000.000
97	505	505000.000
98	491	491000.000
99	497	497000.000
100	457	457000.000
101	463	463000.000
102	490	490000.000
103	467	467000.000
104	465	465000.000
105	499	499000.000
106	463	463000.000
107	457	457000.000
108	502	502000.000
109	479	479000.000
110	489	489000.000
111	463	463000.000
112	480	480000.000
113	455	455000.000
114	475	475000.000
115	509	509000.000
116	492	492000.000
117	490	490000.000
118	472	472000.000
119	499	499000.000
120	491	491000.000
121	491	491000.000
122	486	486000.000
123	504	504000.000
124	478	478000.000
125	466	466000.000
126	489	489000.000
127	455	455000.000
128	488	488000.000
129	493	493000.000
130	535	535000.000
131	453	453000.000
132	470	470000.000
133	425	425000.000
134	493	493000.000
135	431	431000.000
136	478	478000.000
137	484	484000.000
138	467	467000.000
139	468	468000.000
140	479	479000.000
141	460	460000.000
142	485	485000.000
143	463	463000.000
144	483	483000.000
145	496	496000.000
146	463	463000.000
147	491	491000.000
148	478	478000.000
149	479	479000.000
150	483	483000.000
151	454	454000.000
152	469	469000.000
153	498	498000.000
154	501	501000.000
155	485	485000.000
156	504	504000.000
157	478	478000.000
158	504	504000.000
159	475	475000.000
160	458	458000.000
161	469	469000.000
162	436	436000.000
163	437	437000.000
164	496	496000.000
165	444	444000.000
166	482	482000.000
167	471	471000.000
168	480	480000.000
169	468	468000.000
170	487	487000.000
171	480	480000.000
172	519	519000.000
173	469	469000.000
174	505	505000.000
175	437	437000.000
176	471	471000.000
177	504	504000.000
178	487	487000.000
179	454	454000.000
180	432	432000.000
181	449	449000.000
182	414	414000.000
183	496	496000.000
184	459	459000.000
185	501	501000.000
186	452	452000.000
187	485	485000.000
188	485	485000.000
189	451	451000.000
190	469	469000.000
191	497	497000.000
192	454	454000.000
193	462	462000.000
194	452	452000.000
195	469	469000.000
196	461	461000.000
197	490	490000.000
198	481	481000.000
199	477	477000.000
200	488	488000.000
201	484	484000.000
202	461	461000.000
203	497	497000.000
204	493	493000.000
205	470	470000.000
206	462	462000.000
207	499	499000.000
208	418	418000.000
209	472	472000.000
210	466	466000.000
211	502	502000.000
212	500	500000.000
213	493	493000.000
214	486	486000.000
215	522	522000.000
216	421	421000.000
217	455	455000.000
218	457	457000.000
219	482	482000.000
220	460	460000.000
221	492	492000.000
222	471	471000.000
223	484	484000.000
224	509	509000.000
225	494	494000.000
226	485	485000.000
227	496	496000.000
228	510	510000.000
229	491	491000.000
230	461	461000.000
231	489	489000.000
232	484	484000.000
233	476	476000.000
234	468	468000.000
235	456	456000.000
236	483	483000.000
237	492	492000.000
238	454	454000.000
239	491	491000.000
240	461	461000.000
241	502	502000.000
242	481	481000.000
243	440	440000.000
244	472	472000.000
245	522	522000.000
246	471	471000.000
247	439	439000.000
248	527	527000.000
249	446	446000.000
250	473	473000.000
251	443	443000.000
252	499	499000.000
253	473	473000.000
254	453	453000.000
255	476	476000.000
256	467	467000.000
257	493	493000.000
258	452	452000.000
259	451	451000.000
260	438	438000.000
261	495	495000.000
262	474	474000.000
263	466	466000.000
264	467	467000.000
265	463	463000.000
266	462	462000.000
267	482	482000.000
268	482	482000.000
269	481	481000.000
270	456	456000.000
271	474	474000.000
272	455	455000.000
273	460	460000.000
274	520	520000.000
275	464	464000.000
276	455	455000.000
277	501	501000.000
278	450	450000.000
279	505	505000.000
280	486	486000.000
281	497	497000.000
282	482	482000.000
283	450	450000.000
284	473	473000.000
285	457	457000.000
286	434	434000.000
287	443	443000.000
288	474	474000.000
289	474	474000.000
290	490	490000.000
291	477	477000.000
292	482	482000.000
293	490	490000.000
294	504	504000.000
295	440	440000.000
296	430	430000.000
297	471	471000.000
298	440	440000.000
299	486	486000.000
300	445	445000.000
301	479	479000.000
302	517	517000.000
303	471	471000.000
304	482	482000.000
305	465	465000.000
306	469	469000.000
307	457	457000.000
308	487	487000.000
309	463	463000.000
310	473	473000.000
311	460	460000.000
312	481	481000.000
313	436	436000.000
314	478	478000.000
315	512	512000.000
316	443	443000.000
317	518	518000.000
318	472	472000.000
319	509	509000.000
320	472	472000.000
321	497	497000.000
322	461	461000.000
323	489	489000.000
324	425	425000.000
325	476	476000.000
326	487	487000.000
327	513	513000.000
328	495	495000.000
329	440	440000.000
330	465	465000.000
331	472	472000.000
332	483	483000.000
333	459	459000.000
334	454	454000.000
335	419	419000.000
336	476	476000.000
337	508	508000.000
338	491	491000.000
339	505	505000.000
340	482	482000.000
341	482	482000.000
342	446	446000.000
343	473	473000.000
344	458	458000.000
345	510	510000.000
346	469	469000.000
347	465	465000.000
348	491	491000.000
349	456	456000.000
350	466	466000.000
351	462	462000.000
352	484	484000.000
353	462	462000.000
354	477	477000.000
355	443	443000.000
356	457	457000.000
357	457	457000.000
358	452	452000.000
359	441	441000.000
360	482	482000.000
361	482	482000.000
362	492	492000.000
363	481	481000.000
364	478	478000.000
365	449	449000.000
366	488	488000.000
367	451	451000.000
368	480	480000.000
369	451	451000.000
370	465	465000.000
371	445	445000.000
372	470	470000.000
373	468	468000.000
374	476	476000.000
375	472	472000.000
376	494	494000.000
377	461	461000.000
378	469	469000.000
379	449	449000.000
380	493	493000.000
381	467	467000.000
382	462	462000.000
383	475	475000.000
384	477	477000.000
385	492	492000.000
386	471	471000.000
387	492	492000.000
388	476	476000.000
389	476	476000.000
390	495	495000.000
391	474	474000.000
392	461	461000.000
393	468	468000.000
394	465	465000.000
395	455	455000.000
396	470	470000.000
397	496	496000.000
398	534	534000.000
399	491	491000.000
400	423	423000.000
401	480	480000.000
402	491	491000.000
403	523	523000.000
404	457	457000.000
405	473	473000.000
406	473	473000.000
407	440	440000.000
408	480	480000.000
409	489	489000.000
410	510	510000.000
411	465	465000.000
412	445	445000.000
413	481	481000.000
414	494	494000.000
415	502	502000.000
416	482	482000.000
417	478	478000.000
418	462	462000.000
419	484	484000.000
420	497	497000.000
421	460	460000.000
422	481	481000.000
423	466	466000.000
424	442	442000.000
425	463	463000.000
426	476	476000.000
427	464	464000.000
428	471	471000.000
429	477	477000.000
430	485	485000.000
431	417	417000.000
432	444	444000.000
433	480	480000.000
434	450	450000.000
435	476	476000.000
436	475	475000.000
437	494	494000.000
438	459	459000.000
439	486	486000.000
440	485	485000.000
441	460	460000.000
442	476	476000.000
443	468	468000.000
444	499	499000.000
445	458	458000.000
446	476	476000.000
447	466	466000.000
448	505	505000.000
449	462	462000.000
450	434	434000.000
451	492	492000.000
452	508	508000.000
453	481	481000.000
454	474	474000.000
455	457	457000.000
456	448	448000.000
457	495	495000.000
458	458	458000.000
459	483	483000.000
460	489	489000.000
461	521	521000.000
462	493	493000.000
463	481	481000.000
464	440	440000.000
465	509	509000.000
466	498	498000.000
467	464	464000.000
468	505	505000.000
469	501	501000.000
470	504	504000.000
471	469	469000.000
472	510	510000.000
473	469	469000.000
474	518	518000.000
475	488	488000.000
476	495	495000.000
477	469	469000.000
478	507	507000.000
479	447	447000.000
480	460	460000.000
481	452	452000.000
482	487	487000.000
483	485	485000.000
484	443	443000.000
485	469	469000.000
486	470	470000.000
487	512	512000.000
488	461	461000.000
489	481	481000.000
490	485	485000.000
491	468	468000.000
492	483	483000.000
493	471	471000.000
494	474	474000.000
495	461	461000.000
496	482	482000.000
497	458	458000.000
498	449	449000.000
499	471	471000.000
500	461	461000.000
501	468	468000.000
502	500	500000.000
503	472	472000.000
504	469	469000.000
505	485	485000.000
506	451	451000.000
507	473	473000.000
508	452	452000.000
509	455	455000.000
510	480	480000.000
511	447	447000.000
512	494	494000.000
513	506	506000.000
514	445	445000.000
515	494	494000.000
516	462	462000.000
517	489	489000.000
518	468	468000.000
519	520	520000.000
520	523	523000.000
521	488	488000.000
522	457	457000.000
523	526	526000.000
524	453	453000.000
525	444	444000.000
526	478	478000.000
527	505	505000.000
528	430	430000.000
529	483	483000.000
530	450	450000.000
531	475	475000.000
532	490	490000.000
533	479	479000.000
534	469	469000.000
535	484	484000.000
536	462	462000.000
537	444	444000.000
538	463	463000.000
539	508	508000.000
540	446	446000.000
541	477	477000.000
542	511	511000.000
543	475	475000.000
544	505	505000.000
545	506	506000.000
546	445	445000.000
547	427	427000.000
548	498	498000.000
549	471	471000.000
550	515	515000.000
551	498	498000.000
552	467	467000.000
553	435	435000.000
554	458	458000.000
555	431	431000.000
556	475	475000.000
557	484	484000.000
558	459	459000.000
559	456	456000.000
560	477	477000.000
561	482	482000.000
562	490	490000.000
563	449	449000.000
564	489	489000.000
565	481	481000.000
566	482	482000.000
567	468	468000.000
568	451	451000.000
569	469	469000.000
570	499	499000.000
571	477	477000.000
572	465	465000.000
573	438	438000.000
574	482	482000.000
575	450	450000.000
576	487	487000.000
577	442	442000.000
578	521	521000.000
579	421	421000.000
580	489	489000.000
581	495	495000.000
582	461	461000.000
583	468	468000.000
584	485	485000.000
585	477	477000.000
586	466	466000.000
587	481	481000.000
588	458	458000.000
589	475	475000.000
590	480	480000.000
591	500	500000.000
592	492	492000.000
593	501	501000.000
594	516	516000.000
595	450	450000.000
596	484	484000.000
597	480	480000.000
598	489	489000.000
599	460	460000.000
600	467	467000.000
601	508	508000.000
602	429	429000.000
603	469	469000.000
604	497	497000.000
605	457	457000.000
606	482	482000.000
607	429	429000.000
608	466	466000.000
609	414	414000.000
610	480	480000.000
611	469	469000.000
612	516	516000.000
613	452	452000.000
614	445	445000.000
615	467	467000.000
616	517	517000.000
617	483	483000.000
618	447	447000.000
619	534	534000.000
620	497	497000.000
621	474	474000.000
622	465	465000.000
623	457	457000.000
624	466	466000.000
625	457	457000.000
626	445	445000.000
627	462	462000.000
628	471	471000.000
629	505	505000.000
630	453	453000.000
631	460	460000.000
632	471	471000.000
633	482	482000.000
634	486	486000.000
635	482	482000.000
636	496	496000.000
637	529	529000.000
638	497	497000.000
639	519	519000.000
640	500	500000.000
641	435	435000.000
642	491	491000.000
643	433	433000.000
644	486	486000.000
645	511	511000.000
646	473	473000.000
647	464	464000.000
648	513	513000.000
649	464	464000.000
650	494	494000.000
651	469	469000.000
652	453	453000.000
653	474	474000.000
654	476	476000.000
655	470	470000.000
656	436	436000.000
657	466	466000.000
658	459	459000.000
659	456	456000.000
660	482	482000.000
661	469	469000.000
662	454	454000.000
663	503	503000.000
664	443	443000.000
665	459	459000.000
666	501	501000.000
667	464	464000.000
668	499	499000.000
669	465	465000.000
670	504	504000.000
671	496	496000.000
672	506	506000.000
673	458	458000.000
674	434	434000.000
675	464	464000.000
676	473	473000.000
677	484	484000.000
678	460	460000.000
679	494	494000.000
680	479	479000.000
681	467	467000.000
682	452	452000.000
683	512	512000.000
684	479	479000.000
685	496	496000.000
686	509	509000.000
687	483	483000.000
688	439	439000.000
689	487	487000.000
690	460	460000.000
691	465	465000.000
692	441	441000.000
693	462	462000.000
694	491	491000.000
695	484	484000.000
696	460	460000.000
697	454	454000.000
698	483	483000.000
699	499	499000.000
700	481	481000.000
701	475	475000.000
702	494	494000.000
703	433	433000.000
704	450	450000.000
705	481	481000.000
706	464	464000.000
707	486	486000.000
708	475	475000.000
709	448	448000.000
710	488	488000.000
711	481	481000.000
712	495	495000.000
713	493	493000.000
714	469	469000.000
715	481	481000.000
716	502	502000.000
717	450	450000.000
718	469	469000.000
719	501	501000.000
720	473	473000.000
721	488	488000.000
722	458	458000.000
723	476	476000.000
724	467	467000.000
725	515	515000.000
726	504	504000.000
727	507	507000.000
728	490	490000.000
729	513	513000.000
730	447	447000.000
731	529	529000.000
732	459	459000.000
733	461	461000.000
734	483	483000.000
735	475	475000.000
736	507	507000.000
737	505	505000.000
738	449	449000.000
739	506	506000.000
740	495	495000.000
741	494	494000.000
742	497	497000.000
743	493	493000.000
744	501	501000.000
745	471	471000.000
746	476	476000.000
747	480	480000.000
748	500	500000.000
749	446	446000.000
750	476	476000.000
751	512	512000.000
752	474	474000.000
753	464	464000.000
754	466	466000.000
755	477	477000.000
756	464	464000.000
757	484	484000.000
758	433	433000.000
759	472	472000.000
760	479	479000.000
761	503	503000.000
762	479	479000.000
763	495	495000.000
764	510	510000.000
765	465	465000.000
766	473	473000.000
767	465	465000.000
768	470	470000.000
769	468	468000.000
770	494	494000.000
771	478	478000.000
772	489	489000.000
773	486	486000.000
774	491	491000.000
775	472	472000.000
776	472	472000.000
777	460	460000.000
778	483	483000.000
779	479	479000.000
780	456	456000.000
781	472	472000.000
782	461	461000.000
783	453	453000.000
784	475	475000.000
785	452	452000.000
786	446	446000.000
787	470	470000.000
788	452	452000.000
789	464	464000.000
790	513	513000.000
791	469	469000.000
792	475	475000.000
793	505	505000.000
794	472	472000.000
795	495	495000.000
796	516	516000.000
797	493	493000.000
798	455	455000.000
799	481	481000.000
800	495	495000.000
801	478	478000.000
802	445	445000.000
803	541	541000.000
804	516	516000.000
805	481	481000.000
806	471	471000.000
807	475	475000.000
808	494	494000.000
809	485	485000.000
810	469	469000.000
811	486	486000.000
812	491	491000.000
813	479	479000.000
814	493	493000.000
815	463	463000.000
816	462	462000.000
817	470	470000.000
818	484	484000.000
819	466	466000.000
820	461	461000.000
821	484	484000.000
822	484	484000.000
823	457	457000.000
824	476	476000.000
825	446	446000.000
826	490	490000.000
827	473	473000.000
828	464	464000.000
829	455	455000.000
830	480	480000.000
831	507	507000.000
832	500	500000.000
833	491	491000.000
834	466	466000.000
835	448	448000.000
836	469	469000.000
837	466	466000.000
838	500	500000.000
839	491	491000.000
840	529	529000.000
841	479	479000.000
842	474	474000.000
843	450	450000.000
844	462	462000.000
845	449	449000.000
846	484	484000.000
847	487	487000.000
848	441	441000.000
849	479	479000.000
850	477	477000.000
851	501	501000.000
852	493	493000.000
853	498	498000.000
854	454	454000.000
855	506	506000.000
856	458	458000.000
857	450	450000.000
858	488	488000.000
859	451	451000.000
860	466	466000.000
861	492	492000.000
862	466	466000.000
863	463	463000.000
864	432	432000.000
865	493	493000.000
866	493	493000.000
867	469	469000.000
868	478	478000.000
869	457	457000.000
870	437	437000.000
871	493	493000.000
872	510	510000.000
873	481	481000.000
874	470	470000.000
875	465	465000.000
876	493	493000.000
877	520	520000.000
878	503	503000.000
879	466	466000.000
880	459	459000.000
881	516	516000.000
882	487	487000.000
883	474	474000.000
884	467	467000.000
885	454	454000.000
886	469	469000.000
887	488	488000.000
888	461	461000.000
889	457	457000.000
890	461	461000.000
891	463	463000.000
892	462	462000.000
893	488	488000.000
894	484	484000.000
895	449	449000.000
896	504	504000.000
897	488	488000.000
898	447	447000.000
899	474	474000.000
900	422	422000.000
901	490	490000.000
902	466	466000.000
903	482	482000.000
904	483	483000.000
905	499	499000.000
906	500	500000.000
907	512	512000.000
908	458	458000.000
909	472	472000.000
910	508	508000.000
911	488	488000.000
912	458	458000.000
913	515	515000.000
914	492	492000.000
915	477	477000.000
916	460	460000.000
917	475	475000.000
918	458	458000.000
919	451	451000.000
920	453	453000.000
921	462	462000.000
922	462	462000.000
923	472	472000.000
924	480	480000.000
925	506	506000.000
926	475	475000.000
927	479	479000.000
928	458	458000.000
929	476	476000.000
930	477	477000.000
931	452	452000.000
932	458	458000.000
933	470	470000.000
934	429	429000.000
935	476	476000.000
936	490	490000.000
937	466	466000.000
938	473	473000.000
939	458	458000.000
940	465	465000.000
941	434	434000.000
942	482	482000.000
943	508	508000.000
944	490	490000.000
945	496	496000.000
946	437	437000.000
947	474	474000.000
948	424	424000.000
949	527	527000.000
950	497	497000.000
951	438	438000.000
952	494	494000.000
953	445	445000.000
954	452	452000.000
955	521	521000.000
956	458	458000.000
957	473	473000.000
958	475	475000.000
959	491	491000.000
960	450	450000.000
961	453	453000.000
962	509	509000.000
963	532	532000.000
964	471	471000.000
965	485	485000.000
966	469	469000.000
967	441	441000.000
968	444	444000.000
969	521	521000.000
970	543	543000.000
971	448	448000.000
972	439	439000.000
973	460	460000.000
974	482	482000.000
975	502	502000.000
976	484	484000.000
977	476	476000.000
978	459	459000.000
979	452	452000.000
980	447	447000.000
981	481	481000.000
982	477	477000.000
983	474	474000.000
984	452	452000.000
985	474	474000.000
986	506	506000.000
987	509	509000.000
988	476	476000.000
989	456	456000.000
990	453	453000.000
991	450	450000.000
992	448	448000.000
993	471	471000.000
994	441	441000.000
995	491	491000.000
996	506	506000.000
997	466	466000.000
998	513	513000.000
999	480	480000.000
1000	470	470000.000
1001	468	468000.000
1002	492	492000.000
1003	444	444000.000
1004	498	498000.000
1005	458	458000.000
1006	472	472000.000
1007	471	471000.000
1008	492	492000.000
1009	456	456000.000
1010	513	513000.000
1011	459	459000.000
1012	477	477000.000
1013	511	511000.000
1014	450	450000.000
1015	490	490000.000
1016	458	458000.000
1017	467	467000.000
1018	431	431000.000
1019	444	444000.000
1020	440	440000.000
1021	448	448000.000
1022	487	487000.000
1023	470	470000.000
1024	462	462000.000
1025	470	470000.000
1026	454	454000.000
1027	445	445000.000
1028	445	445000.000
1029	460	460000.000
1030	490	490000.000
1031	474	474000.000
1032	449	449000.000
1033	467	467000.000
1034	464	464000.000
1035	487	487000.000
1036	464	464000.000
1037	451	451000.000
1038	425	425000.000
1039	464	464000.000
1040	457	457000.000
1041	518	518000.000
1042	505	505000.000
1043	504	504000.000
1044	495	495000.000
1045	468	468000.000
1046	492	492000.000
1047	479	479000.000
1048	445	445000.000
1049	479	479000.000
1050	461	461000.000
1051	523	523000.000
1052	485	485000.000
1053	497	497000.000
1054	475	475000.000
1055	498	498000.000
1056	435	435000.000
1057	489	489000.000
1058	472	472000.000
1059	501	501000.000
1060	458	458000.000
1061	443	443000.000
1062	474	474000.000
1063	475	475000.000
1064	489	489000.000
1065	542	542000.000
1066	506	506000.000
1067	484	484000.000
1068	521	521000.000
1069	472	472000.000
1070	516	516000.000
1071	455	455000.000
1072	475	475000.000
1073	531	531000.000
1074	472	472000.000
1075	460	460000.000
1076	478	478000.000
1077	461	461000.000
1078	475	475000.000
1079	511	511000.000
1080	465	465000.000
1081	485	485000.000
1082	474	474000.000
1083	507	507000.000
1084	497	497000.000
1085	459	459000.000
1086	443	443000.000
1087	445	445000.000
1088	496	496000.000
1089	479	479000.000
1090	463	463000.000
1091	452	452000.000
1092	512	512000.000
1093	508	508000.000
1094	463	463000.000
1095	491	491000.000
1096	514	514000.000
1097	480	480000.000
1098	495	495000.000
1099	495	495000.000
1100	479	479000.000
1101	452	452000.000
1102	474	474000.000
1103	534	534000.000
1104	467	467000.000
1105	460	460000.000
1106	510	510000.000
1107	426	426000.000
1108	491	491000.000
1109	488	488000.000
1110	453	453000.000
1111	470	470000.000
1112	489	489000.000
1113	471	471000.000
1114	459	459000.000
1115	463	463000.000
1116	491	491000.000
1117	480	480000.000
1118	445	445000.000
1119	469	469000.000
1120	470	470000.000
1121	501	501000.000
1122	469	469000.000
1123	481	481000.000
1124	490	490000.000
1125	479	479000.000
1126	484	484000.000
1127	475	475000.000
1128	454	454000.000
1129	419	419000.000
1130	470	470000.000
1131	472	472000.000
1132	500	500000.000
1133	436	436000.000
1134	514	514000.000
1135	475	475000.000
1136	485	485000.000
1137	462	462000.000
1138	478	478000.000
1139	445	445000.000
1140	495	495000.000
1141	472	472000.000
1142	481	481000.000
1143	463	463000.000
1144	492	492000.000
1145	480	480000.000
1146	455	455000.000
1147	475	475000.000
1148	430	430000.000
1149	468	468000.000
1150	486	486000.000
1151	501	501000.000
1152	479	479000.000
1153	465	465000.000
1154	450	450000.000
1155	519	519000.000
1156	472	472000.000
1157	497	497000.000
1158	488	488000.000
1159	485	485000.000
1160	461	461000.000
1161	448	448000.000
1162	482	482000.000
1163	488	488000.000
1164	446	446000.000
1165	460	460000.000
1166	536	536000.000
1167	438	438000.000
1168	459	459000.000
1169	464	464000.000
1170	456	456000.000
1171	454	454000.000
1172	452	452000.000
1173	517	517000.000
1174	516	516000.000
1175	455	455000.000
1176	497	497000.000
1177	497	497000.000
1178	457	457000.000
1179	500	500000.000
1180	463	463000.000
1181	516	516000.000
1182	461	461000.000
1183	450	450000.000
1184	475	475000.000
1185	430	430000.000
1186	478	478000.000
1187	469	469000.000
1188	460	460000.000
1189	480	480000.000
1190	449	449000.000
1191	470	470000.000
1192	499	499000.000
1193	478	478000.000
1194	482	482000.000
1195	458	458000.000
1196	513	513000.000
1197	521	521000.000
1198	456	456000.000
1199	465	465000.000
1200	490	490000.000
1201	492	492000.000
1202	502	502000.000
1203	464	464000.000
1204	461	461000.000
1205	467	467000.000
1206	451	451000.000
1207	461	461000.000
1208	482	482000.000
1209	439	439000.000
1210	470	470000.000
1211	468	468000.000
1212	460	460000.000
1213	474	474000.000
1214	476	476000.000
1215	464	464000.000
1216	476	476000.000
1217	476	476000.000
1218	475	475000.000
1219	454	454000.000
1220	457	457000.000
1221	454	454000.000
1222	504	504000.000
1223	489	489000.000
1224	469	469000.000
1225	485	485000.000
1226	525	525000.000
1227	532	532000.000
1228	487	487000.000
1229	460	460000.000
1230	472	472000.000
1231	480	480000.000
1232	488	488000.000
1233	482	482000.000
1234	496	496000.000
1235	462	462000.000
1236	436	436000.000
1237	479	479000.000
1238	493	493000.000
1239	504	504000.000
1240	488	488000.000
1241	482	482000.000
1242	479	479000.000
1243	470	470000.000
1244	446	446000.000
1245	486	486000.000
1246	489	489000.000
1247	467	467000.000
1248	468	468000.000
1249	448	448000.000
1250	517	517000.000
1251	474	474000.000
1252	497	497000.000
1253	493	493000.000
1254	478	478000.000
1255	509	509000.000
1256	488	488000.000
1257	475	475000.000
1258	445	445000.000
1259	491	491000.000
1260	499	499000.000
1261	473	473000.000
1262	455	455000.000
1263	470	470000.000
1264	521	521000.000
1265	493	493000.000
1266	513	513000.000
1267	494	494000.000
1268	466	466000.000
1269	470	470000.000
1270	466	466000.000
1271	490	490000.000
1272	491	491000.000
1273	470	470000.000
1274	453	453000.000
1275	502	502000.000
1276	450	450000.000
1277	469	469000.000
1278	454	454000.000
1279	501	501000.000
1280	501	501000.000
1281	485	485000.000
1282	441	441000.000
1283	494	494000.000
1284	540	540000.000
1285	484	484000.000
1286	457	457000.000
1287	447	447000.000
1288	483	483000.000
1289	501	501000.000
1290	433	433000.000
1291	488	488000.000
1292	487	487000.000
1293	432	432000.000
1294	492	492000.000
1295	471	471000.000
1296	444	444000.000
1297	478	478000.000
1298	434	434000.000
1299	454	454000.000
1300	479	479000.000
1301	468	468000.000
1302	499	499000.000
1303	467	467000.000
1304	474	474000.000
1305	497	497000.000
1306	431	431000.000
1307	479	479000.000
1308	471	471000.000
1309	480	480000.000
1310	452	452000.000
1311	463	463000.000
1312	496	496000.000
1313	445	445000.000
1314	461	461000.000
1315	455	455000.000
1316	475	475000.000
1317	483	483000.000
1318	454	454000.000
1319	492	492000.000
1320	473	473000.000
1321	459	459000.000
1322	475	475000.000
1323	455	455000.000
1324	463	463000.000
1325	452	452000.000
1326	501	501000.000
1327	443	443000.000
1328	487	487000.000
1329	508	508000.000
1330	479	479000.000
1331	515	515000.000
1332	450	450000.000
1333	526	526000.000
1334	459	459000.000
1335	477	477000.000
1336	471	471000.000
1337	476	476000.000
1338	461	461000.000
1339	481	481000.000
1340	480	480000.000
1341	469	469000.000
1342	468	468000.000
1343	483	483000.000
1344	445	445000.000
1345	484	484000.000
1346	483	483000.000
1347	461	461000.000
1348	464	464000.000
1349	478	478000.000
1350	487	487000.000
1351	503	503000.000
1352	513	513000.000
1353	484	484000.000
1354	481	481000.000
1355	473	473000.000
1356	470	470000.000
1357	483	483000.000
1358	497	497000.000
1359	467	467000.000
1360	517	517000.000
1361	452	452000.000
1362	502	502000.000
1363	444	444000.000
1364	461	461000.000
1365	491	491000.000
1366	485	485000.000
1367	473	473000.000
1368	469	469000.000
1369	494	494000.000
1370	515	515000.000
1371	505	505000.000
1372	451	451000.000
1373	486	486000.000
1374	482	482000.000
1375	487	487000.000
1376	500	500000.000
1377	516	516000.000
1378	481	481000.000
1379	465	465000.000
1380	474	474000.000
1381	464	464000.000
1382	503	503000.000
1383	481	481000.000
1384	471	471000.000
1385	485	485000.000
1386	497	497000.000
1387	449	449000.000
1388	489	489000.000
1389	465	465000.000
1390	460	460000.000
1391	465	465000.000
1392	444	444000.000
1393	465	465000.000
1394	482	482000.000
1395	508	508000.000
1396	445	445000.000
1397	473	473000.000
1398	471	471000.000
1399	498	498000.000
1400	466	466000.000
1401	472	472000.000
1402	505	505000.000
1403	476	476000.000
1404	516	516000.000
1405	474	474000.000
1406	529	529000.000
1407	462	462000.000
1408	470	470000.000
1409	460	460000.000
1410	488	488000.000
1411	501	501000.000
1412	438	438000.000
1413	478	478000.000
1414	462	462000.000
1415	520	520000.000
1416	520	520000.000
1417	450	450000.000
1418	454	454000.000
1419	462	462000.000
1420	476	476000.000
1421	479	479000.000
1422	480	480000.000
1423	423	423000.000
1424	460	460000.000
1425	464	464000.000
1426	459	459000.000
1427	519	519000.000
1428	472	472000.000
1429	502	502000.000
1430	478	478000.000
1431	456	456000.000
1432	444	444000.000
1433	482	482000.000
1434	513	513000.000
1435	436	436000.000
1436	435	435000.000
1437	472	472000.000
1438	481	481000.000
1439	463	463000.000
1440	474	474000.000
1441	456	456000.000
1442	492	492000.000
1443	471	471000.000
1444	434	434000.000
1445	472	472000.000
1446	463	463000.000
1447	462	462000.000
1448	475	475000.000
1449	443	443000.000
1450	492	492000.000
1451	489	489000.000
1452	458	458000.000
1453	458	458000.000
1454	466	466000.000
1455	478	478000.000
1456	450	450000.000
1457	474	474000.000
1458	487	487000.000
1459	481	481000.000
1460	471	471000.000
1461	460	460000.000
1462	467	467000.000
1463	461	461000.000
1464	459	459000.000
1465	445	445000.000
1466	479	479000.000
1467	449	449000.000
1468	486	486000.000
1469	499	499000.000
1470	440	440000.000
1471	507	507000.000
1472	455	455000.000
1473	457	457000.000
1474	478	478000.000
1475	494	494000.000
1476	458	458000.000
1477	470	470000.000
1478	472	472000.000
1479	457	457000.000
1480	483	483000.000
1481	449	449000.000
1482	482	482000.000
1483	478	478000.000
1484	490	490000.000
1485	501	501000.000
1486	462	462000.000
1487	482	482000.000
1488	464	464000.000
1489	466	466000.000
1490	487	487000.000
1491	437	437000.000
1492	488	488000.000
1493	477	477000.000
1494	473	473000.000
1495	492	492000.000
1496	459	459000.000
1497	461	461000.000
1498	522	522000.000
1499	480	480000.000
1500	447	447000.000
1501	461	461000.000
1502	455	455000.000
1503	450	450000.000
1504	431	431000.000
1505	484	484000.000
1506	471	471000.000
1507	475	475000.000
1508	478	478000.000
1509	466	466000.000
1510	466	466000.000
1511	454	454000.000
1512	468	468000.000
1513	460	460000.000
1514	480	480000.000
1515	487	487000.000
1516	447	447000.000
1517	468	468000.000
1518	460	460000.000
1519	471	471000.000
1520	478	478000.000
1521	504	504000.000
1522	502	502000.000
1523	469	469000.000
1524	466	466000.000
1525	470	470000.000
1526	510	510000.000
1527	471	471000.000
1528	476	476000.000
1529	479	479000.000
1530	499	499000.000
1531	497	497000.000
1532	480	480000.000
1533	474	474000.000
1534	478	478000.000
1535	496	496000.000
1536	435	435000.000
1537	472	472000.000
1538	496	496000.000
1539	481	481000.000
1540	492	492000.000
1541	482	482000.000
1542	516	516000.000
1543	453	453000.000
1544	491	491000.000
1545	473	473000.000
1546	489	489000.000
1547	484	484000.000
1548	506	506000.000
1549	496	496000.000
1550	461	461000.000
1551	462	462000.000
1552	451	451000.000
1553	417	417000.000
1554	511	511000.000
1555	459	459000.000
1556	483	483000.000
1557	450	450000.000
1558	494	494000.000
1559	472	472000.000
1560	466	466000.000
1561	452	452000.000
1562	453	453000.000
1563	479	479000.000
1564	477	477000.000
1565	526	526000.000
1566	479	479000.000
1567	447	447000.000
1568	507	507000.000
1569	442	442000.000
1570	501	501000.000
1571	484	484000.000
1572	469	469000.000
1573	474	474000.000
1574	483	483000.000
1575	454	454000.000
1576	476	476000.000
1577	473	473000.000
1578	490	490000.000
1579	447	447000.000
1580	485	485000.000
1581	498	498000.000
1582	462	462000.000
1583	471	471000.000
1584	507	507000.000
1585	465	465000.000
1586	483	483000.000
1587	487	487000.000
1588	475	475000.000
1589	490	490000.000
1590	496	496000.000
1591	446	446000.000
1592	443	443000.000
1593	501	501000.000
1594	450	450000.000
1595	485	485000.000
1596	484	484000.000
1597	442	442000.000
1598	448	448000.000
1599	488	488000.000
1600	454	454000.000
1601	464	464000.000
1602	514	514000.000
1603	455	455000.000
1604	523	523000.000
1605	460	460000.000
1606	458	458000.000
1607	447	447000.000
1608	460	460000.000
1609	453	453000.000
1610	480	480000.000
1611	492	492000.000
1612	480	480000.000
1613	446	446000.000
1614	450	450000.000
1615	490	490000.000
1616	523	523000.000
1617	481	481000.000
1618	458	458000.000
1619	455	455000.000
1620	475	475000.000
1621	484	484000.000
1622	489	489000.000
1623	449	449000.000
1624	497	497000.000
1625	462	462000.000
1626	456	456000.000
1627	506	506000.000
1628	462	462000.000
1629	471	471000.000
1630	501	501000.000
1631	469	469000.000
1632	466	466000.000
1633	470	470000.000
1634	487	487000.000
1635	458	458000.000
1636	473	473000.000
1637	480	480000.000
1638	475	475000.000
1639	486	486000.000
1640	404	404000.000
1641	477	477000.000
1642	503	503000.000
1643	461	461000.000
1644	475	475000.000
1645	453	453000.000
1646	503	503000.000
1647	444	444000.000
1648	467	467000.000
1649	441	441000.000
1650	461	461000.000
1651	543	543000.000
1652	507	507000.000
1653	458	458000.000
1654	479	479000.000
1655	434	434000.000
1656	489	489000.000
1657	483	483000.000
1658	497	497000.000
1659	447	447000.000
1660	490	490000.000
1661	474	474000.000
1662	461	461000.000
1663	458	458000.000
1664	484	484000.000
1665	473	473000.000
1666	446	446000.000
1667	471	471000.000
1668	520	520000.000
1669	478	478000.000
1670	474	474000.000
1671	467	467000.000
1672	451	451000.000
1673	493	493000.000
1674	452	452000.000
1675	446	446000.000
1676	493	493000.000
1677	445	445000.000
1678	476	476000.000
1679	524	524000.000
1680	467	467000.000
1681	454	454000.000
1682	522	522000.000
1683	478	478000.000
1684	461	461000.000
1685	449	449000.000
1686	472	472000.000
1687	429	429000.000
1688	454	454000.000
1689	456	456000.000
1690	451	451000.000
1691	483	483000.000
1692	425	425000.000
1693	463	463000.000
1694	472	472000.000
1695	473	473000.000
1696	491	491000.000
1697	454	454000.000
1698	506	506000.000
1699	440	440000.000
1700	496	496000.000
1701	482	482000.000
1702	446	446000.000
1703	456	456000.000
1704	493	493000.000
1705	472	472000.000
1706	462	462000.000
1707	465	465000.000
1708	495	495000.000
1709	440	440000.000
1710	505	505000.000
1711	458	458000.000
1712	507	507000.000
1713	465	465000.000
1714	513	513000.000
1715	476	476000.000
1716	466	466000.000
1717	496	496000.000
1718	496	496000.000
1719	484	484000.000
1720	476	476000.000
1721	470	470000.000
1722	497	497000.000
1723	502	502000.000
1724	434	434000.000
1725	473	473000.000
1726	452	452000.000
1727	528	528000.000
1728	416	416000.000
1729	494	494000.000
1730	469	469000.000
1731	507	507000.000
1732	454	454000.000
1733	480	480000.000
1734	499	499000.000
1735	516	516000.000
1736	494	494000.000
1737	467	467000.000
1738	438	438000.000
1739	457	457000.000
1740	466	466000.000
1741	438	438000.000
1742	510	510000.000
1743	449	449000.000
1744	467	467000.000
1745	475	475000.000
1746	474	474000.000
1747	488	488000.000
1748	500	500000.000
1749	436	436000.000
1750	473	473000.000
1751	462	462000.000
1752	459	459000.000
1753	486	486000.000
1754	479	479000.000
1755	491	491000.000
1756	493	493000.000
1757	492	492000.000
1758	473	473000.000
1759	531	531000.000
1760	473	473000.000
1761	484	484000.000
1762	494	494000.000
1763	461	461000.000
1764	465	465000.000
1765	460	460000.000
1766	437	437000.000
1767	461	461000.000
1768	469	469000.000
1769	506	506000.000
1770	475	475000.000
1771	449	449000.000
1772	469	469000.000
1773	472	472000.000
1774	487	487000.000
1775	486	486000.000
1776	485	485000.000
1777	514	514000.000
1778	468	468000.000
1779	504	504000.000
1780	496	496000.000
1781	507	507000.000
1782	446	446000.000
1783	467	467000.000
1784	487	487000.000
1785	530	530000.000
1786	450	450000.000
1787	481	481000.000
1788	469	469000.000
1789	452	452000.000
1790	474	474000.000
1791	440	440000.000
1792	485	485000.000
1793	497	497000.000
1794	450	450000.000
1795	476	476000.000
1796	484	484000.000
1797	447	447000.000
1798	485	485000.000
1799	453	453000.000
1800	480	480000.000
1801	509	509000.000
1802	464	464000.000
1803	509	509000.000
1804	479	479000.000
1805	474	474000.000
1806	505	505000.000
1807	458	458000.000
1808	463	463000.000
1809	468	468000.000
1810	442	442000.000
1811	484	484000.000
1812	451	451000.000
1813	473	473000.000
1814	455	455000.000
1815	484	484000.000
1816	492	492000.000
1817	468	468000.000
1818	448	448000.000
1819	468	468000.000
1820	485	485000.000
1821	502	502000.000
1822	484	484000.000
1823	466	466000.000
1824	468	468000.000
1825	470	470000.000
1826	487	487000.000
1827	475	475000.000
1828	457	457000.000
1829	501	501000.000
1830	425	425000.000
1831	500	500000.000
1832	442	442000.000
1833	464	464000.000
1834	444	444000.000
1835	499	499000.000
1836	455	455000.000
1837	482	482000.000
1838	474	474000.000
1839	474	474000.000
1840	447	447000.000
1841	460	460000.000
1842	484	484000.000
1843	486	486000.000
1844	467	467000.000
1845	463	463000.000
1846	510	510000.000
1847	458	458000.000
1848	466	466000.000
1849	478	478000.000
1850	490	490000.000
1851	478	478000.000
1852	489	489000.000
1853	456	456000.000
1854	517	517000.000
1855	471	471000.000
1856	486	486000.000
1857	501	501000.000
1858	471	471000.000
1859	466	466000.000
1860	517	517000.000
1861	462	462000.000
1862	449	449000.000
1863	461	461000.000
1864	498	498000.000
1865	485	485000.000
1866	473	473000.000
1867	471	471000.000
1868	473	473000.000
1869	452	452000.000
1870	511	511000.000
1871	457	457000.000
1872	488	488000.000
1873	482	482000.000
1874	481	481000.000
1875	490	490000.000
1876	442	442000.000
1877	497	497000.000
1878	466	466000.000
1879	515	515000.000
1880	480	480000.000
1881	497	497000.000
1882	397	397000.000
1883	469	469000.000
1884	442	442000.000
1885	471	471000.000
1886	500	500000.000
1887	463	463000.000
1888	457	457000.000
1889	462	462000.000
1890	489	489000.000
1891	480	480000.000
1892	449	449000.000
1893	489	489000.000
1894	490	490000.000
1895	470	470000.000
1896	471	471000.000
1897	490	490000.000
1898	459	459000.000
1899	506	506000.000
1900	477	477000.000
1901	419	419000.000
1902	460	460000.000
1903	473	473000.000
1904	472	472000.000
1905	462	462000.000
1906	472	472000.000
1907	476	476000.000
1908	473	473000.000
1909	457	457000.000
1910	466	466000.000
1911	476	476000.000
1912	463	463000.000
1913	449	449000.000
1914	476	476000.000
1915	476	476000.000
1916	480	480000.000
1917	481	481000.000
1918	495	495000.000
1919	457	457000.000
1920	454	454000.000
1921	459	459000.000
1922	459	459000.000
1923	486	486000.000
1924	497	497000.000
1925	464	464000.000
1926	483	483000.000
1927	470	470000.000
1928	496	496000.000
1929	500	500000.000
1930	456	456000.000
1931	483	483000.000
1932	493	493000.000
1933	484	484000.000
1934	471	471000.000
1935	473	473000.000
1936	475	475000.000
1937	458	458000.000
1938	471	471000.000
1939	497	497000.000
1940	480	480000.000
1941	481	481000.000
1942	473	473000.000
1943	488	488000.000
1944	484	484000.000
1945	493	493000.000
1946	521	521000.000
1947	509	509000.000
1948	488	488000.000
1949	510	510000.000
1950	494	494000.000
1951	496	496000.000
1952	481	481000.000
1953	435	435000.000
1954	481	481000.000
1955	482	482000.000
1956	487	487000.000
1957	496	496000.000
1958	473	473000.000
1959	464	464000.000
1960	490	490000.000
1961	465	465000.000
1962	455	455000.000
1963	481	481000.000
1964	507	507000.000
1965	451	451000.000
1966	452	452000.000
1967	499	499000.000
1968	509	509000.000
1969	476	476000.000
1970	448	448000.000
1971	504	504000.000
1972	504	504000.000
1973	463	463000.000
1974	444	444000.000
1975	470	470000.000
1976	496	496000.000
1977	504	504000.000
1978	470	470000.000
1979	475	475000.000
1980	477	477000.000
1981	500	500000.000
1982	481	481000.000
1983	460	460000.000
1984	519	519000.000
1985	467	467000.000
1986	507	507000.000
1987	482	482000.000
1988	471	471000.000
1989	496	496000.000
1990	472	472000.000
1991	483	483000.000
1992	456	456000.000
1993	431	431000.000
1994	488	488000.000
1995	470	470000.000
1996	470	470000.000
1997	488	488000.000
1998	438	438000.000
1999	459	459000.000
2000	467	467000.000
2001	479	479000.000
2002	500	500000.000
2003	464	464000.000
2004	470	470000.000
2005	475	475000.000
2006	461	461000.000
2007	464	464000.000
2008	433	433000.000
2009	493	493000.000
2010	483	483000.000
2011	466	466000.000
2012	489	489000.000
2013	464	464000.000
2014	480	480000.000
2015	503	503000.000
2016	492	492000.000
2017	466	466000.000
2018	487	487000.000
2019	481	481000.000
2020	492	492000.000
2021	483	483000.000
2022	509	509000.000
2023	485	485000.000
2024	476	476000.000
2025	444	444000.000
2026	485	485000.000
2027	501	501000.000
2028	480	480000.000
2029	467	467000.000
2030	455	455000.000
2031	459	459000.000
2032	454	454000.000
2033	469	469000.000
2034	491	491000.000
2035	442	442000.000
2036	443	443000.000
2037	494	494000.000
2038	457	457000.000
2039	496	496000.000
2040	498	498000.000
2041	488	488000.000
2042	439	439000.000
2043	468	468000.000
2044	493	493000.000
2045	478	478000.000
2046	497	497000.000
2047	478	478000.000
2048	450	450000.000
2049	488	488000.000
2050	434	434000.000
2051	490	490000.000
2052	473	473000.000
2053	496	496000.000
2054	437	437000.000
2055	491	491000.000
2056	485	485000.000
2057	490	490000.000
2058	486	486000.000
2059	421	421000.000
2060	455	455000.000
2061	495	495000.000
2062	486	486000.000
2063	466	466000.000
2064	455	455000.000
2065	500	500000.000
2066	489	489000.000
2067	458	458000.000
2068	454	454000.000
2069	456	456000.000
2070	507	507000.000
2071	493	493000.000
2072	473	473000.000
2073	459	459000.000
2074	483	483000.000
2075	516	516000.000
2076	475	475000.000
2077	491	491000.000
2078	473	473000.000
2079	487	487000.000
2080	473	473000.000
2081	458	458000.000
2082	473	473000.000
2083	492	492000.000
2084	504	504000.000
2085	497	497000.000
2086	514	514000.000
2087	498	498000.000
2088	508	508000.000
2089	508	508000.000
2090	464	464000.000
2091	494	494000.000
2092	495	495000.000
2093	481	481000.000
2094	446	446000.000
2095	525	525000.000
2096	469	469000.000
2097	470	470000.000
2098	461	461000.000
2099	440	440000.000
2100	490	490000.000
2101	444	444000.000
2102	493	493000.000
2103	480	480000.000
2104	452	452000.000
2105	491	491000.000
2106	518	518000.000
2107	486	486000.000
2108	523	523000.000
2109	461	461000.000
2110	489	489000.000
2111	514	514000.000
2112	464	464000.000
2113	460	460000.000
2114	424	424000.000
2115	496	496000.000
2116	459	459000.000
2117	477	477000.000
2118	459	459000.000
2119	466	466000.000
2120	422	422000.000
2121	454	454000.000
2122	511	511000.000
2123	474	474000.000
2124	478	478000.000
2125	455	455000.000
2126	454	454000.000
2127	469	469000.000
2128	461	461000.000
2129	532	532000.000
2130	464	464000.000
2131	476	476000.000
2132	476	476000.000
2133	501	501000.000
2134	445	445000.000
2135	493	493000.000
2136	482	482000.000
2137	492	492000.000
2138	456	456000.000
2139	474	474000.000
2140	455	455000.000
2141	459	459000.000
2142	456	456000.000
2143	463	463000.000
2144	477	477000.000
2145	473	473000.000
2146	489	489000.000
2147	508	508000.000
2148	481	481000.000
2149	455	455000.000
2150	485	485000.000
2151	477	477000.000
2152	450	450000.000
2153	463	463000.000
2154	468	468000.000
2155	466	466000.000
2156	521	521000.000
2157	428	428000.000
2158	486	486000.000
2159	479	479000.000
2160	500	500000.000
2161	501	501000.000
2162	462	462000.000
2163	464	464000.000
2164	427	427000.000
2165	503	503000.000
2166	490	490000.000
2167	484	484000.000
2168	403	403000.000
2169	444	444000.000
2170	470	470000.000
2171	492	492000.000
2172	510	510000.000
2173	462	462000.000
2174	458	458000.000
2175	436	436000.000
2176	464	464000.000
2177	482	482000.000
2178	466	466000.000
2179	440	440000.000
2180	510	510000.000
2181	479	479000.000
2182	481	481000.000
2183	460	460000.000
2184	496	496000.000
2185	460	460000.000
2186	462	462000.000
2187	453	453000.000
2188	485	485000.000
2189	442	442000.000
2190	478	478000.000
2191	469	469000.000
2192	482	482000.000
2193	465	465000.000
2194	468	468000.000
2195	515	515000.000
2196	498	498000.000
2197	459	459000.000
2198	468	468000.000
2199	466	466000.000
2200	470	470000.000
2201	508	508000.000
2202	478	478000.000
2203	474	474000.000
2204	465	465000.000
2205	468	468000.000
2206	497	497000.000
2207	448	448000.000
2208	454	454000.000
2209	472	472000.000
2210	461	461000.000
2211	485	485000.000
2212	456	456000.000
2213	485	485000.000
2214	466	466000.000
2215	476	476000.000
2216	467	467000.000
2217	459	459000.000
2218	492	492000.000
2219	439	439000.000
2220	474	474000.000
2221	474	474000.000
2222	476	476000.000
2223	488	488000.000
2224	475	475000.000
2225	488	488000.000
2226	462	462000.000
2227	487	487000.000
2228	455	455000.000
2229	439	439000.000
2230	456	456000.000
2231	455	455000.000
2232	477	477000.000
2233	495	495000.000
2234	481	481000.000
2235	438	438000.000
2236	493	493000.000
2237	459	459000.000
2238	471	471000.000
2239	468	468000.000
2240	538	538000.000
2241	430	430000.000
2242	479	479000.000
2243	504	504000.000
2244	480	480000.000
2245	476	476000.000
2246	479	479000.000
2247	442	442000.000
2248	474	474000.000
2249	456	456000.000
2250	459	459000.000
2251	479	479000.000
2252	470	470000.000
2253	493	493000.000
2254	492	492000.000
2255	452	452000.000
2256	469	469000.000
2257	481	481000.000
2258	499	499000.000
2259	493	493000.000
2260	502	502000.000
2261	495	495000.000
2262	501	501000.000
2263	441	441000.000
2264	487	487000.000
2265	475	475000.000
2266	490	490000.000
2267	486	486000.000
2268	507	507000.000
2269	444	444000.000
2270	470	470000.000
2271	482	482000.000
2272	470	470000.000
2273	470	470000.000
2274	458	458000.000
2275	486	486000.000
2276	485	485000.000
2277	446	446000.000
2278	471	471000.000
2279	468	468000.000
2280	496	496000.000
2281	460	460000.000
2282	500	500000.000
2283	504	504000.000
2284	450	450000.000
2285	463	463000.000
2286	457	457000.000
2287	458	458000.000
2288	440	440000.000
2289	469	469000.000
2290	502	502000.000
2291	456	456000.000
2292	511	511000.000
2293	455	455000.000
2294	507	507000.000
2295	486	486000.000
2296	552	552000.000
2297	513	513000.000
2298	451	451000.000
2299	463	463000.000
2300	517	517000.000
2301	516	516000.000
2302	464	464000.000
2303	504	504000.000
2304	490	490000.000
2305	466	466000.000
2306	474	474000.000
2307	458	458000.000
2308	472	472000.000
2309	505	505000.000
2310	473	473000.000
2311	473	473000.000
2312	510	510000.000
2313	465	465000.000
2314	446	446000.000
2315	438	438000.000
2316	465	465000.000
2317	491	491000.000
2318	441	441000.000
2319	483	483000.000
2320	459	459000.000
2321	477	477000.000
2322	506	506000.000
2323	494	494000.000
2324	466	466000.000
2325	475	475000.000
2326	505	505000.000
2327	477	477000.000
2328	480	480000.000
2329	495	495000.000
2330	465	465000.000
2331	457	457000.000
2332	510	510000.000
2333	535	535000.000
2334	456	456000.000
2335	441	441000.000
2336	454	454000.000
2337	472	472000.000
2338	447	447000.000
2339	466	466000.000
2340	512	512000.000
2341	502	502000.000
2342	444	444000.000
2343	475	475000.000
2344	466	466000.000
2345	489	489000.000
2346	462	462000.000
2347	527	527000.000
2348	435	435000.000
2349	465	465000.000
2350	452	452000.000
2351	489	489000.000
2352	468	468000.000
2353	487	487000.000
2354	460	460000.000
2355	495	495000.000
2356	490	490000.000
2357	455	455000.000
2358	483	483000.000
2359	434	434000.000
2360	503	503000.000
2361	432	432000.000
2362	462	462000.000
2363	479	479000.000
2364	432	432000.000
2365	457	457000.000
2366	448	448000.000
2367	464	464000.000
2368	483	483000.000
2369	473	473000.000
2370	500	500000.000
2371	471	471000.000
2372	477	477000.000
2373	465	465000.000
2374	491	491000.000
2375	451	451000.000
2376	481	481000.000
2377	476	476000.000
2378	430	430000.000
2379	531	531000.000
2380	482	482000.000
2381	464	464000.000
2382	470	470000.000
2383	428	428000.000
2384	437	437000.000
2385	468	468000.000
2386	489	489000.000
2387	452	452000.000
2388	429	429000.000
2389	491	491000.000
2390	483	483000.000
2391	475	475000.000
2392	450	450000.000
2393	470	470000.000
2394	476	476000.000
2395	477	477000.000
2396	470	470000.000
2397	433	433000.000
2398	436	436000.000
2399	515	515000.000
2400	451	451000.000
2401	488	488000.000
2402	468	468000.000
2403	465	465000.000
2404	470	470000.000
2405	440	440000.000
2406	431	431000.000
2407	498	498000.000
2408	446	446000.000
2409	468	468000.000
2410	460	460000.000
2411	456	456000.000
2412	479	479000.000
2413	479	479000.000
2414	482	482000.000
2415	468	468000.000
2416	487	487000.000
2417	439	439000.000
2418	509	509000.000
2419	485	485000.000
2420	487	487000.000
2421	496	496000.000
2422	457	457000.000
2423	473	473000.000
2424	448	448000.000
2425	471	471000.000
2426	446	446000.000
2427	502	502000.000
2428	510	510000.000
2429	459	459000.000
2430	469	469000.000
2431	472	472000.000
2432	500	500000.000
2433	517	517000.000
2434	488	488000.000
2435	455	455000.000
2436	457	457000.000
2437	475	475000.000
2438	487	487000.000
2439	487	487000.000
2440	487	487000.000
2441	464	464000.000
2442	463	463000.000
2443	501	501000.000
2444	495	495000.000
2445	452	452000.000
2446	449	449000.000
2447	449	449000.000
2448	466	466000.000
2449	458	458000.000
2450	486	486000.000
2451	495	495000.000
2452	495	495000.000
2453	531	531000.000
2454	484	484000.000
2455	470	470000.000
2456	508	508000.000
2457	449	449000.000
2458	499	499000.000
2459	480	480000.000
2460	464	464000.000
2461	449	449000.000
2462	485	485000.000
2463	482	482000.000
2464	472	472000.000
2465	494	494000.000
2466	501	501000.000
2467	480	480000.000
2468	470	470000.000
2469	480	480000.000
2470	504	504000.000
2471	469	469000.000
2472	508	508000.000
2473	485	485000.000
2474	475	475000.000
2475	460	460000.000
2476	477	477000.000
2477	474	474000.000
2478	477	477000.000
2479	444	444000.000
2480	474	474000.000
2481	501	501000.000
2482	485	485000.000
2483	445	445000.000
2484	433	433000.000
2485	481	481000.000
2486	470	470000.000
2487	543	543000.000
2488	462	462000.000
2489	516	516000.000
2490	493	493000.000
2491	462	462000.000
2492	450	450000.000
2493	456	456000.000
2494	466	466000.000
2495	453	453000.000
2496	467	467000.000
2497	469	469000.000
2498	520	520000.000
2499	474	474000.000
2500	466	466000.000
2501	503	503000.000
2502	495	495000.000
2503	509	509000.000
2504	466	466000.000
2505	506	506000.000
2506	497	497000.000
2507	485	485000.000
2508	491	491000.000
2509	494	494000.000
2510	450	450000.000
2511	493	493000.000
2512	506	506000.000
2513	467	467000.000
2514	478	478000.000
2515	488	488000.000
2516	468	468000.000
2517	496	496000.000
2518	494	494000.000
2519	454	454000.000
2520	482	482000.000
2521	462	462000.000
2522	491	491000.000
2523	455	455000.000
2524	476	476000.000
2525	490	490000.000
2526	469	469000.000
2527	430	430000.000
2528	477	477000.000
2529	438	438000.000
2530	478	478000.000
2531	462	462000.000
2532	463	463000.000
2533	458	458000.000
2534	490	490000.000
2535	508	508000.000
2536	476	476000.000
2537	467	467000.000
2538	465	465000.000
2539	428	428000.000
2540	462	462000.000
2541	448	448000.000
2542	475	475000.000
2543	498	498000.000
2544	457	457000.000
2545	459	459000.000
2546	472	472000.000
2547	475	475000.000
2548	475	475000.000
2549	515	515000.000
2550	480	480000.000
2551	477	477000.000
2552	457	457000.000
2553	490	490000.000
2554	494	494000.000
2555	470	470000.000
2556	490	490000.000
2557	473	473000.000
2558	486	486000.000
2559	495	495000.000
2560	476	476000.000
2561	505	505000.000
2562	437	437000.000
2563	462	462000.000
2564	498	498000.000
2565	496	496000.000
2566	496	496000.000
2567	514	514000.000
2568	408	408000.000
2569	462	462000.000
2570	484	484000.000
2571	442	442000.000
2572	480	480000.000
2573	450	450000.000
2574	501	501000.000
2575	510	510000.000
2576	480	480000.000
2577	480	480000.000
2578	480	480000.000
2579	495	495000.000
2580	542	542000.000
2581	493	493000.000
2582	484	484000.000
2583	452	452000.000
2584	512	512000.000
2585	486	486000.000
2586	443	443000.000
2587	436	436000.000
2588	465	465000.000
2589	479	479000.000
2590	474	474000.000
2591	442	442000.000
2592	472	472000.000
2593	500	500000.000
2594	462	462000.000
2595	488	488000.000
2596	476	476000.000
2597	500	500000.000
2598	530	530000.000
2599	474	474000.000
2600	461	461000.000
2601	457	457000.000
2602	490	490000.000
2603	500	500000.000
2604	454	454000.000
2605	491	491000.000
2606	461	461000.000
2607	488	488000.000
2608	454	454000.000
2609	503	503000.000
2610	485	485000.000
2611	470	470000.000
2612	475	475000.000
2613	483	483000.000
2614	458	458000.000
2615	489	489000.000
2616	463	463000.000
2617	474	474000.000
2618	472	472000.000
2619	501	501000.000
2620	489	489000.000
2621	457	457000.000
2622	462	462000.000
2623	551	551000.000
2624	461	461000.000
2625	453	453000.000
2626	471	471000.000
2627	499	499000.000
2628	494	494000.000
2629	473	473000.000
2630	447	447000.000
2631	456	456000.000
2632	475	475000.000
2633	488	488000.000
2634	503	503000.000
2635	455	455000.000
2636	495	495000.000
2637	475	475000.000
2638	466	466000.000
2639	477	477000.000
2640	507	507000.000
2641	451	451000.000
2642	503	503000.000
2643	445	445000.000
2644	448	448000.000
2645	472	472000.000
2646	524	524000.000
2647	480	480000.000
2648	473	473000.000
2649	511	511000.000
2650	483	483000.000
2651	454	454000.000
2652	489	489000.000
2653	500	500000.000
2654	434	434000.000
2655	492	492000.000
2656	469	469000.000
2657	475	475000.000
2658	483	483000.000
2659	464	464000.000
2660	446	446000.000
2661	454	454000.000
2662	473	473000.000
2663	506	506000.000
2664	466	466000.000
2665	482	482000.000
2666	487	487000.000
2667	492	492000.000
2668	471	471000.000
2669	463	463000.000
2670	463	463000.000
2671	476	476000.000
2672	453	453000.000
2673	469	469000.000
2674	473	473000.000
2675	458	458000.000
2676	469	469000.000
2677	465	465000.000
2678	459	459000.000
2679	485	485000.000
2680	469	469000.000
2681	495	495000.000
2682	470	470000.000
2683	468	468000.000
2684	481	481000.000
2685	466	466000.000
2686	479	479000.000
2687	485	485000.000
2688	445	445000.000
2689	525	525000.000
2690	448	448000.000
2691	454	454000.000
2692	499	499000.000
2693	487	487000.000
2694	438	438000.000
2695	450	450000.000
2696	468	468000.000
2697	461	461000.000
2698	497	497000.000
2699	472	472000.000
2700	488	488000.000
2701	450	450000.000
2702	480	480000.000
2703	466	466000.000
2704	478	478000.000
2705	465	465000.000
2706	483	483000.000
2707	481	481000.000
2708	493	493000.000
2709	469	469000.000
2710	480	480000.000
2711	435	435000.000
2712	469	469000.000
2713	468	468000.000
2714	461	461000.000
2715	513	513000.000
2716	473	473000.000
2717	485	485000.000
2718	455	455000.000
2719	485	485000.000
2720	502	502000.000
2721	483	483000.000
2722	470	470000.000
2723	456	456000.000
2724	464	464000.000
2725	474	474000.000
2726	468	468000.000
2727	486	486000.000
2728	475	475000.000
2729	488	488000.000
2730	482	482000.000
2731	482	482000.000
2732	510	510000.000
2733	457	457000.000
2734	470	470000.000
2735	506	506000.000
2736	479	479000.000
2737	499	499000.000
2738	502	502000.000
2739	484	484000.000
2740	456	456000.000
2741	467	467000.000
2742	497	497000.000
2743	484	484000.000
2744	498	498000.000
2745	483	483000.000
2746	515	515000.000
2747	520	520000.000
2748	490	490000.000
2749	495	495000.000
2750	429	429000.000
2751	472	472000.000
2752	473	473000.000
2753	476	476000.000
2754	511	511000.000
2755	467	467000.000
2756	499	499000.000
2757	448	448000.000
2758	440	440000.000
2759	450	450000.000
2760	443	443000.000
2761	461	461000.000
2762	476	476000.000
2763	468	468000.000
2764	482	482000.000
2765	468	468000.000
2766	505	505000.000
2767	467	467000.000
2768	474	474000.000
2769	448	448000.000
2770	458	458000.000
2771	429	429000.000
2772	479	479000.000
2773	494	494000.000
2774	472	472000.000
2775	478	478000.000
2776	481	481000.000
2777	471	471000.000
2778	472	472000.000
2779	466	466000.000
2780	489	489000.000
2781	482	482000.000
2782	485	485000.000
2783	466	466000.000
2784	491	491000.000
2785	461	461000.000
2786	460	460000.000
2787	459	459000.000
2788	511	511000.000
2789	486	486000.000
2790	463	463000.000
2791	479	479000.000
2792	477	477000.000
2793	459	459000.000
2794	465	465000.000
2795	478	478000.000
2796	468	468000.000
2797	502	502000.000
2798	483	483000.000
2799	454	454000.000
2800	489	489000.000
2801	446	446000.000
2802	524	524000.000
2803	499	499000.000
2804	485	485000.000
2805	525	525000.000
2806	478	478000.000
2807	460	460000.000
2808	504	504000.000
2809	474	474000.000
2810	459	459000.000
2811	460	460000.000
2812	463	463000.000
2813	441	441000.000
2814	502	502000.000
2815	494	494000.000
2816	458	458000.000
2817	490	490000.000
2818	464	464000.000
2819	473	473000.000
2820	463	463000.000
2821	474	474000.000
2822	483	483000.000
2823	506	506000.000
2824	493	493000.000
2825	471	471000.000
2826	453	453000.000
2827	456	456000.000
2828	443	443000.000
2829	479	479000.000
2830	475	475000.000
2831	490	490000.000
2832	471	471000.000
2833	488	488000.000
2834	477	477000.000
2835	473	473000.000
2836	478	478000.000
2837	479	479000.000
2838	472	472000.000
2839	504	504000.000
2840	472	472000.000
2841	486	486000.000
2842	463	463000.000
2843	436	436000.000
2844	466	466000.000
2845	481	481000.000
2846	517	517000.000
2847	475	475000.000
2848	495	495000.000
2849	473	473000.000
2850	492	492000.000
2851	478	478000.000
2852	491	491000.000
2853	473	473000.000
2854	476	476000.000
2855	495	495000.000
2856	524	524000.000
2857	499	499000.000
2858	482	482000.000
2859	500	500000.000
2860	481	481000.000
2861	487	487000.000
2862	439	439000.000
2863	464	464000.000
2864	445	445000.000
2865	482	482000.000
2866	493	493000.000
2867	466	466000.000
2868	448	448000.000
2869	473	473000.000
2870	483	483000.000
2871	472	472000.000
2872	452	452000.000
2873	518	518000.000
2874	478	478000.000
2875	494	494000.000
2876	505	505000.000
2877	483	483000.000
2878	491	491000.000
2879	463	463000.000
2880	465	465000.000
2881	474	474000.000
2882	441	441000.000
2883	483	483000.000
2884	470	470000.000
2885	459	459000.000
2886	425	425000.000
2887	473	473000.000
2888	470	470000.000
2889	442	442000.000
2890	491	491000.000
2891	513	513000.000
2892	505	505000.000
2893	459	459000.000
2894	501	501000.000
2895	451	451000.000
2896	508	508000.000
2897	484	484000.000
2898	503	503000.000
2899	464	464000.000
2900	424	424000.000
2901	477	477000.000
2902	499	499000.000
2903	472	472000.000
2904	437	437000.000
2905	471	471000.000
2906	506	506000.000
2907	459	459000.000
2908	444	444000.000
2909	457	457000.000
2910	482	482000.000
2911	476	476000.000
2912	513	513000.000
2913	434	434000.000
2914	449	449000.000
2915	454	454000.000
2916	442	442000.000
2917	441	441000.000
2918	483	483000.000
2919	505	505000.000
2920	498	498000.000
2921	485	485000.000
2922	500	500000.000
2923	448	448000.000
2924	483	483000.000
2925	455	455000.000
2926	482	482000.000
2927	448	448000.000
2928	448	448000.000
2929	482	482000.000
2930	516	516000.000
2931	492	492000.000
2932	473	473000.000
2933	478	478000.000
2934	460	460000.000
2935	489	489000.000
2936	508	508000.000
2937	466	466000.000
2938	490	490000.000
2939	464	464000.000
2940	498	498000.000
2941	485	485000.000
2942	472	472000.000
2943	441	441000.000
2944	465	465000.000
2945	469	469000.000
2946	480	480000.000
2947	441	441000.000
2948	469	469000.000
2949	472	472000.000
2950	443	443000.000
2951	533	533000.000
2952	473	473000.000
2953	445	445000.000
2954	455	455000.000
2955	483	483000.000
2956	476	476000.000
2957	459	459000.000
2958	488	488000.000
2959	464	464000.000
2960	490	490000.000
2961	444	444000.000
2962	480	480000.000
2963	448	448000.000
2964	438	438000.000
2965	502	502000.000
2966	489	489000.000
2967	497	497000.000
2968	471	471000.000
2969	498	498000.000
2970	493	493000.000
2971	477	477000.000
2972	467	467000.000
2973	513	513000.000
2974	471	471000.000
2975	468	468000.000
2976	470	470000.000
2977	487	487000.000
2978	466	466000.000
2979	454	454000.000
2980	465	465000.000
2981	490	490000.000
2982	487	487000.000
2983	483	483000.000
2984	497	497000.000
2985	522	522000.000
2986	480	480000.000
2987	432	432000.000
2988	453	453000.000
2989	512	512000.000
2990	494	494000.000
2991	506	506000.000
2992	497	497000.000
2993	455	455000.000
2994	464	464000.000
2995	484	484000.000
2996	462	462000.000
2997	481	481000.000
2998	479	479000.000
2999	503	503000.000
3000	476	476000.000
3001	462	462000.000
3002	485	485000.000
3003	472	472000.000
3004	494	494000.000
3005	492	492000.000
3006	472	472000.000
3007	459	459000.000
3008	496	496000.000
3009	483	483000.000
3010	487	487000.000
3011	458	458000.000
3012	435	435000.000
3013	476	476000.000
3014	465	465000.000
3015	451	451000.000
3016	471	471000.000
3017	457	457000.000
3018	491	491000.000
3019	513	513000.000
3020	492	492000.000
3021	498	498000.000
3022	511	511000.000
3023	467	467000.000
3024	478	478000.000
3025	489	489000.000
3026	455	455000.000
3027	494	494000.000
3028	518	518000.000
3029	487	487000.000
3030	442	442000.000
3031	451	451000.000
3032	487	487000.000
3033	471	471000.000
3034	474	474000.000
3035	454	454000.000
3036	489	489000.000
3037	457	457000.000
3038	445	445000.000
3039	509	509000.000
3040	514	514000.000
3041	454	454000.000
3042	484	484000.000
3043	458	458000.000
3044	485	485000.000
3045	488	488000.000
3046	464	464000.000
3047	455	455000.000
3048	529	529000.000
3049	479	479000.000
3050	478	478000.000
3051	440	440000.000
3052	484	484000.000
3053	462	462000.000
3054	422	422000.000
3055	424	424000.000
3056	472	472000.000
3057	505	505000.000
3058	476	476000.000
3059	482	482000.000
3060	468	468000.000
3061	438	438000.000
3062	478	478000.000
3063	439	439000.000
3064	453	453000.000
3065	460	460000.000
3066	432	432000.000
3067	469	469000.000
3068	465	465000.000
3069	468	468000.000
3070	516	516000.000
3071	465	465000.000
3072	516	516000.000
3073	472	472000.000
3074	477	477000.000
3075	450	450000.000
3076	466	466000.000
3077	494	494000.000
3078	455	455000.000
3079	471	471000.000
3080	465	465000.000
3081	503	503000.000
3082	467	467000.000
3083	494	494000.000
3084	438	438000.000
3085	474	474000.000
3086	449	449000.000
3087	435	435000.000
3088	464	464000.000
3089	499	499000.000
3090	490	490000.000
3091	450	450000.000
3092	517	517000.000
3093	447	447000.000
3094	518	518000.000
3095	465	465000.000
3096	495	495000.000
3097	516	516000.000
3098	469	469000.000
3099	473	473000.000
3100	479	479000.000
3101	485	485000.000
3102	505	505000.000
3103	465	465000.000
3104	490	490000.000
3105	494	494000.000
3106	439	439000.000
3107	442	442000.000
3108	448	448000.000
3109	491	491000.000
3110	493	493000.000
3111	487	487000.000
3112	460	460000.000
3113	510	510000.000
3114	487	487000.000
3115	530	530000.000
3116	472	472000.000
3117	445	445000.000
3118	478	478000.000
3119	468	468000.000
3120	500	500000.000
3121	507	507000.000
3122	468	468000.000
3123	469	469000.000
3124	493	493000.000
3125	506	506000.000
3126	463	463000.000
3127	468	468000.000
3128	491	491000.000
3129	485	485000.000
3130	495	495000.000
3131	463	463000.000
3132	478	478000.000
3133	486	486000.000
3134	470	470000.000
3135	432	432000.000
3136	484	484000.000
3137	461	461000.000
3138	434	434000.000
3139	461	461000.000
3140	457	457000.000
3141	444	444000.000
3142	469	469000.000
3143	469	469000.000
3144	457	457000.000
3145	501	501000.000
3146	415	415000.000
3147	526	526000.000
3148	481	481000.000
3149	466	466000.000
3150	485	485000.000
3151	521	521000.000
3152	528	528000.000
3153	479	479000.000
3154	469	469000.000
3155	460	460000.000
3156	511	511000.000
3157	462	462000.000
3158	479	479000.000
3159	485	485000.000
3160	479	479000.000
3161	480	480000.000
3162	477	477000.000
3163	485	485000.000
3164	463	463000.000
3165	479	479000.000
3166	473	473000.000
3167	485	485000.000
3168	438	438000.000
3169	459	459000.000
3170	474	474000.000
3171	465	465000.000
3172	440	440000.000
3173	463	463000.000
3174	483	483000.000
3175	465	465000.000
3176	523	523000.000
3177	440	440000.000
3178	501	501000.000
3179	461	461000.000
3180	467	467000.000
3181	474	474000.000
3182	478	478000.000
3183	475	475000.000
3184	475	475000.000
3185	436	436000.000
3186	481	481000.000
3187	469	469000.000
3188	477	477000.000
3189	474	474000.000
3190	452	452000.000
3191	458	458000.000
3192	460	460000.000
3193	500	500000.000
3194	464	464000.000
3195	453	453000.000
3196	506	506000.000
3197	474	474000.000
3198	495	495000.000
3199	451	451000.000
3200	494	494000.000
3201	507	507000.000
3202	459	459000.000
3203	449	449000.000
3204	464	464000.000
3205	481	481000.000
3206	449	449000.000
3207	499	499000.000
3208	483	483000.000
3209	489	489000.000
3210	468	468000.000
3211	457	457000.000
3212	463	463000.000
3213	447	447000.000
3214	450	450000.000
3215	469	469000.000
3216	481	481000.000
3217	464	464000.000
3218	474	474000.000
3219	439	439000.000
3220	461	461000.000
3221	482	482000.000
3222	497	497000.000
3223	480	480000.000
3224	475	475000.000
3225	466	466000.000
3226	493	493000.000
3227	474	474000.000
3228	456	456000.000
3229	462	462000.000
3230	471	471000.000
3231	482	482000.000
3232	473	473000.000
3233	516	516000.000
3234	489	489000.000
3235	454	454000.000
3236	460	460000.000
3237	481	481000.000
3238	467	467000.000
3239	470	470000.000
3240	470	470000.000
3241	480	480000.000
3242	470	470000.000
3243	449	449000.000
3244	479	479000.000
3245	493	493000.000
3246	491	491000.000
3247	443	443000.000
3248	469	469000.000
3249	490	490000.000
3250	466	466000.000
3251	470	470000.000
3252	474	474000.000
3253	456	456000.000
3254	507	507000.000
3255	456	456000.000
3256	485	485000.000
3257	491	491000.000
3258	498	498000.000
3259	459	459000.000
3260	505	505000.000
3261	477	477000.000
3262	446	446000.000
3263	494	494000.000
3264	492	492000.000
3265	444	444000.000
3266	439	439000.000
3267	491	491000.000
3268	491	491000.000
3269	433	433000.000
3270	476	476000.000
3271	484	484000.000
3272	476	476000.000
3273	464	464000.000
3274	479	479000.000
3275	504	504000.000
3276	432	432000.000
3277	474	474000.000
3278	441	441000.000
3279	480	480000.000
3280	477	477000.000
3281	466	466000.000
3282	476	476000.000
3283	521	521000.000
3284	483	483000.000
3285	498	498000.000
3286	487	487000.000
3287	424	424000.000
3288	452	452000.000
3289	498	498000.000
3290	479	479000.000
3291	453	453000.000
3292	462	462000.000
3293	474	474000.000
3294	454	454000.000
3295	439	439000.000
3296	461	461000.000
3297	505	505000.000
3298	490	490000.000
3299	434	434000.000
3300	475	475000.000
3301	437	437000.000
3302	459	459000.000
3303	478	478000.000
3304	455	455000.000
3305	430	430000.000
3306	481	481000.000
3307	448	448000.000
3308	472	472000.000
3309	487	487000.000
3310	474	474000.000
3311	492	492000.000
3312	489	489000.000
3313	505	505000.000
3314	473	473000.000
3315	477	477000.000
3316	477	477000.000
3317	484	484000.000
3318	489	489000.000
3319	434	434000.000
3320	438	438000.000
3321	456	456000.000
3322	431	431000.000
3323	511	511000.000
3324	471	471000.000
3325	475	475000.000
3326	498	498000.000
3327	442	442000.000
3328	500	500000.000
3329	501	501000.000
3330	524	524000.000
3331	511	511000.000
3332	471	471000.000
3333	465	465000.000
3334	480	480000.000
3335	501	501000.000
3336	437	437000.000
3337	473	473000.000
3338	464	464000.000
3339	498	498000.000
3340	501	501000.000
3341	474	474000.000
3342	422	422000.000
3343	486	486000.000
3344	510	510000.000
3345	478	478000.000
3346	473	473000.000
3347	479	479000.000
3348	457	457000.000
3349	459	459000.000
3350	456	456000.000
3351	496	496000.000
3352	490	490000.000
3353	445	445000.000
3354	459	459000.000
3355	454	454000.000
3356	492	492000.000
3357	484	484000.000
3358	504	504000.000
3359	477	477000.000
3360	472	472000.000
3361	469	469000.000
3362	466	466000.000
3363	483	483000.000
3364	474	474000.000
3365	484	484000.000
3366	471	471000.000
3367	507	507000.000
3368	462	462000.000
3369	507	507000.000
3370	469	469000.000
3371	483	483000.000
3372	490	490000.000
3373	471	471000.000
3374	436	436000.000
3375	479	479000.000
3376	488	488000.000
3377	467	467000.000
3378	450	450000.000
3379	518	518000.000
3380	501	501000.000
3381	476	476000.000
3382	468	468000.000
3383	500	500000.000
3384	467	467000.000
3385	497	497000.000
3386	470	470000.000
3387	453	453000.000
3388	478	478000.000
3389	457	457000.000
3390	484	484000.000
3391	487	487000.000
3392	461	461000.000
3393	498	498000.000
3394	455	455000.000
3395	491	491000.000
3396	485	485000.000
3397	486	486000.000
3398	484	484000.000
3399	487	487000.000
3400	456	456000.000
3401	439	439000.000
3402	476	476000.000
3403	500	500000.000
3404	484	484000.000
3405	451	451000.000
3406	464	464000.000
3407	469	469000.000
3408	495	495000.000
3409	498	498000.000
3410	461	461000.000
3411	508	508000.000
3412	442	442000.000
3413	452	452000.000
3414	485	485000.000
3415	487	487000.000
3416	508	508000.000
3417	472	472000.000
3418	482	482000.000
3419	505	505000.000
3420	471	471000.000
3421	490	490000.000
3422	503	503000.000
3423	456	456000.000
3424	437	437000.000
3425	464	464000.000
3426	473	473000.000
3427	479	479000.000
3428	477	477000.000
3429	456	456000.000
3430	479	479000.000
3431	452	452000.000
3432	490	490000.000
3433	461	461000.000
3434	458	458000.000
3435	491	491000.000
3436	439	439000.000
3437	492	492000.000
3438	501	501000.000
3439	464	464000.000
3440	462	462000.000
3441	478	478000.000
3442	493	493000.000
3443	480	480000.000
3444	455	455000.000
3445	471	471000.000
3446	466	466000.000
3447	463	463000.000
3448	462	462000.000
3449	463	463000.000
3450	511	511000.000
3451	466	466000.000
3452	469	469000.000
3453	466	466000.000
3454	466	466000.000
3455	470	470000.000
3456	469	469000.000
3457	483	483000.000
3458	489	489000.000
3459	465	465000.000
3460	478	478000.000
3461	480	480000.000
3462	455	455000.000
3463	484	484000.000
3464	486	486000.000
3465	495	495000.000
3466	467	467000.000
3467	473	473000.000
3468	472	472000.000
3469	474	474000.000
3470	462	462000.000
3471	511	511000.000
3472	465	465000.000
3473	478	478000.000
3474	468	468000.000
3475	441	441000.000
3476	464	464000.000
3477	484	484000.000
3478	460	460000.000
3479	468	468000.000
3480	469	469000.000
3481	479	479000.000
3482	494	494000.000
3483	499	499000.000
3484	480	480000.000
3485	468	468000.000
3486	478	478000.000
3487	499	499000.000
3488	461	461000.000
3489	435	435000.000
3490	436	436000.000
3491	509	509000.000
3492	485	485000.000
3493	455	455000.000
3494	466	466000.000
3495	469	469000.000
3496	446	446000.000
3497	493	493000.000
3498	501	501000.000
3499	479	479000.000
3500	522	522000.000
3501	475	475000.000
3502	473	473000.000
3503	460	460000.000
3504	507	507000.000
3505	486	486000.000
3506	435	435000.000
3507	484	484000.000
3508	457	457000.000
3509	495	495000.000
3510	499	499000.000
3511	507	507000.000
3512	485	485000.000
3513	495	495000.000
3514	478	478000.000
3515	448	448000.000
3516	477	477000.000
3517	497	497000.000
3518	522	522000.000
3519	482	482000.000
3520	478	478000.000
3521	475	475000.000
3522	476	476000.000
3523	494	494000.000
3524	488	488000.000
3525	458	458000.000
3526	490	490000.000
3527	446	446000.000
3528	503	503000.000
3529	478	478000.000
3530	454	454000.000
3531	488	488000.000
3532	449	449000.000
3533	482	482000.000
3534	449	449000.000
3535	498	498000.000
3536	457	457000.000
3537	499	499000.000
3538	462	462000.000
3539	442	442000.000
3540	466	466000.000
3541	488	488000.000
3542	486	486000.000
3543	499	499000.000
3544	471	471000.000
3545	460	460000.000
3546	486	486000.000
3547	453	453000.000
3548	525	525000.000
3549	443	443000.000
3550	493	493000.000
3551	521	521000.000
3552	465	465000.000
3553	438	438000.000
3554	464	464000.000
3555	459	459000.000
3556	481	481000.000
3557	494	494000.000
3558	508	508000.000
3559	486	486000.000
3560	484	484000.000
3561	505	505000.000
3562	478	478000.000
3563	429	429000.000
3564	467	467000.000
3565	440	440000.000
3566	480	480000.000
3567	499	499000.000
3568	490	490000.000
3569	497	497000.000
3570	446	446000.000
3571	488	488000.000
3572	476	476000.000
3573	478	478000.000
3574	459	459000.000
3575	482	482000.000
3576	465	465000.000
3577	487	487000.000
3578	471	471000.000
3579	467	467000.000
3580	502	502000.000
3581	483	483000.000
3582	461	461000.000
3583	439	439000.000
3584	455	455000.000
3585	439	439000.000
3586	486	486000.000
3587	488	488000.000
3588	452	452000.000
3589	491	491000.000
3590	455	455000.000
3591	477	477000.000
3592	452	452000.000
3593	462	462000.000
3594	452	452000.000
3595	475	475000.000
3596	497	497000.000
3597	458	458000.000
3598	484	484000.000
3599	452	452000.000
3600	462	462000.000
3601	483	483000.000
3602	486	486000.000
3603	452	452000.000
3604	456	456000.000
3605	491	491000.000
3606	510	510000.000
3607	472	472000.000
3608	476	476000.000
3609	483	483000.000
3610	476	476000.000
3611	445	445000.000
3612	513	513000.000
3613	477	477000.000
3614	438	438000.000
3615	451	451000.000
3616	497	497000.000
3617	480	480000.000
3618	465	465000.000
3619	482	482000.000
3620	488	488000.000
3621	479	479000.000
3622	471	471000.000
3623	482	482000.000
3624	470	470000.000
3625	473	473000.000
3626	462	462000.000
3627	464	464000.000
3628	458	458000.000
3629	440	440000.000
3630	517	517000.000
3631	478	478000.000
3632	484	484000.000
3633	487	487000.000
3634	492	492000.000
3635	468	468000.000
3636	473	473000.000
3637	447	447000.000
3638	464	464000.000
3639	485	485000.000
3640	492	492000.000
3641	517	517000.000
3642	482	482000.000
3643	456	456000.000
3644	507	507000.000
3645	493	493000.000
3646	462	462000.000
3647	503	503000.000
3648	478	478000.000
3649	460	460000.000
3650	491	491000.000
3651	490	490000.000
3652	521	521000.000
3653	503	503000.000
3654	471	471000.000
3655	481	481000.000
3656	481	481000.000
3657	458	458000.000
3658	489	489000.000
3659	485	485000.000
3660	453	453000.000
3661	462	462000.000
3662	512	512000.000
3663	440	440000.000
3664	479	479000.000
3665	484	484000.000
3666	467	467000.000
3667	474	474000.000
3668	466	466000.000
3669	475	475000.000
3670	486	486000.000
3671	444	444000.000
3672	471	471000.000
3673	462	462000.000
3674	473	473000.000
3675	513	513000.000
3676	456	456000.000
3677	448	448000.000
3678	473	473000.000
3679	472	472000.000
3680	521	521000.000
3681	473	473000.000
3682	453	453000.000
3683	473	473000.000
3684	467	467000.000
3685	442	442000.000
3686	516	516000.000
3687	474	474000.000
3688	474	474000.000
3689	491	491000.000
3690	460	460000.000
3691	469	469000.000
3692	480	480000.000
3693	437	437000.000
3694	491	491000.000
3695	421	421000.000
3696	479	479000.000
3697	493	493000.000
3698	495	495000.000
3699	466	466000.000
3700	487	487000.000
3701	449	449000.000
3702	468	468000.000
3703	509	509000.000
3704	475	475000.000
3705	496	496000.000
3706	496	496000.000
3707	497	497000.000
3708	435	435000.000
3709	466	466000.000
3710	490	490000.000
3711	466	466000.000
3712	460	460000.000
3713	438	438000.000
3714	460	460000.000
3715	459	459000.000
3716	446	446000.000
3717	470	470000.000
3718	471	471000.000
3719	493	493000.000
3720	459	459000.000
3721	492	492000.000
3722	478	478000.000
3723	472	472000.000
3724	506	506000.000
3725	441	441000.000
3726	454	454000.000
3727	407	407000.000
3728	508	508000.000
3729	470	470000.000
3730	514	514000.000
3731	480	480000.000
3732	490	490000.000
3733	450	450000.000
3734	484	484000.000
3735	474	474000.000
3736	458	458000.000
3737	458	458000.000
3738	508	508000.000
3739	467	467000.000
3740	474	474000.000
3741	478	478000.000
3742	474	474000.000
3743	398	398000.000
3744	443	443000.000
3745	489	489000.000
3746	485	485000.000
3747	453	453000.000
3748	489	489000.000
3749	486	486000.000
3750	506	506000.000
3751	439	439000.000
3752	487	487000.000
3753	484	484000.000
3754	467	467000.000
3755	517	517000.000
3756	489	489000.000
3757	494	494000.000
3758	495	495000.000
3759	420	420000.000
3760	458	458000.000
3761	492	492000.000
3762	493	493000.000
3763	505	505000.000
3764	497	497000.000
3765	493	493000.000
3766	487	487000.000
3767	468	468000.000
3768	467	467000.000
3769	496	496000.000
3770	450	450000.000
3771	480	480000.000
3772	455	455000.000
3773	522	522000.000
3774	492	492000.000
3775	488	488000.000
3776	461	461000.000
3777	549	549000.000
3778	508	508000.000
3779	490	490000.000
3780	439	439000.000
3781	457	457000.000
3782	484	484000.000
3783	461	461000.000
3784	496	496000.000
3785	474	474000.000
3786	469	469000.000
3787	459	459000.000
3788	468	468000.000
3789	474	474000.000
3790	486	486000.000
3791	511	511000.000
3792	501	501000.000
3793	463	463000.000
3794	481	481000.000
3795	497	497000.000
3796	460	460000.000
3797	486	486000.000
3798	451	451000.000
3799	450	450000.000
3800	492	492000.000
3801	456	456000.000
3802	488	488000.000
3803	463	463000.000
3804	458	458000.000
3805	475	475000.000
3806	433	433000.000
3807	490	490000.000
3808	477	477000.000
3809	440	440000.000
3810	471	471000.000
3811	479	479000.000
3812	468	468000.000
3813	473	473000.000
3814	483	483000.000
3815	513	513000.000
3816	468	468000.000
3817	455	455000.000
3818	476	476000.000
3819	457	457000.000
3820	454	454000.000
3821	505	505000.000
3822	469	469000.000
3823	503	503000.000
3824	471	471000.000
3825	491	491000.000
3826	478	478000.000
3827	485	485000.000
3828	470	470000.000
3829	504	504000.000
3830	473	473000.000
3831	463	463000.000
3832	490	490000.000
3833	442	442000.000
3834	470	470000.000
3835	459	459000.000
3836	474	474000.000
3837	467	467000.000
3838	467	467000.000
3839	509	509000.000
3840	458	458000.000
3841	466	466000.000
3842	454	454000.000
3843	478	478000.000
3844	473	473000.000
3845	460	460000.000
3846	528	528000.000
3847	500	500000.000
3848	479	479000.000
3849	471	471000.000
3850	471	471000.000
3851	509	509000.000
3852	438	438000.000
3853	453	453000.000
3854	490	490000.000
3855	465	465000.000
3856	466	466000.000
3857	486	486000.000
3858	491	491000.000
3859	480	480000.000
3860	480	480000.000
3861	471	471000.000
3862	497	497000.000
3863	473	473000.000
3864	473	473000.000
3865	501	501000.000
3866	467	467000.000
3867	500	500000.000
3868	482	482000.000
3869	474	474000.000
3870	464	464000.000
3871	444	444000.000
3872	489	489000.000
3873	461	461000.000
3874	466	466000.000
3875	438	438000.000
3876	460	460000.000
3877	518	518000.000
3878	496	496000.000
3879	455	455000.000
3880	494	494000.000
3881	458	458000.000
3882	463	463000.000
3883	482	482000.000
3884	476	476000.000
3885	453	453000.000
3886	461	461000.000
3887	480	480000.000
3888	484	484000.000
3889	468	468000.000
3890	507	507000.000
3891	447	447000.000
3892	460	460000.000
3893	474	474000.000
3894	466	466000.000
3895	496	496000.000
3896	482	482000.000
3897	471	471000.000
3898	462	462000.000
3899	497	497000.000
3900	448	448000.000
3901	472	472000.000
3902	470	470000.000
3903	451	451000.000
3904	480	480000.000
3905	506	506000.000
3906	505	505000.000
3907	478	478000.000
3908	478	478000.000
3909	483	483000.000
3910	492	492000.000
3911	450	450000.000
3912	465	465000.000
3913	479	479000.000
3914	474	474000.000
3915	453	453000.000
3916	436	436000.000
3917	469	469000.000
3918	471	471000.000
3919	461	461000.000
3920	478	478000.000
3921	490	490000.000
3922	445	445000.000
3923	464	464000.000
3924	491	491000.000
3925	479	479000.000
3926	493	493000.000
3927	471	471000.000
3928	472	472000.000
3929	470	470000.000
3930	485	485000.000
3931	482	482000.000
3932	499	499000.000
3933	474	474000.000
3934	483	483000.000
3935	446	446000.000
3936	527	527000.000
3937	519	519000.000
3938	468	468000.000
3939	464	464000.000
3940	451	451000.000
3941	447	447000.000
3942	492	492000.000
3943	440	440000.000
3944	458	458000.000
3945	487	487000.000
3946	486	486000.000
3947	465	465000.000
3948	494	494000.000
3949	474	474000.000
3950	471	471000.000
3951	464	464000.000
3952	456	456000.000
3953	521	521000.000
3954	421	421000.000
3955	432	432000.000
3956	470	470000.000
3957	483	483000.000
3958	482	482000.000
3959	497	497000.000
3960	487	487000.000
3961	473	473000.000
3962	480	480000.000
3963	486	486000.000
3964	472	472000.000
3965	472	472000.000
3966	513	513000.000
3967	502	502000.000
3968	497	497000.000
3969	457	457000.000
3970	491	491000.000
3971	458	458000.000
3972	456	456000.000
3973	463	463000.000
3974	499	499000.000
3975	460	460000.000
3976	469	469000.000
3977	454	454000.000
3978	463	463000.000
3979	481	481000.000
3980	435	435000.000
3981	470	470000.000
3982	491	491000.000
3983	442	442000.000
3984	480	480000.000
3985	431	431000.000
3986	448	448000.000
3987	457	457000.000
3988	450	450000.000
3989	472	472000.000
3990	451	451000.000
3991	466	466000.000
3992	460	460000.000
3993	500	500000.000
3994	483	483000.000
3995	482	482000.000
3996	468	468000.000
3997	486	486000.000
3998	482	482000.000
3999	464	464000.000
4000	449	449000.000
4001	449	449000.000
4002	500	500000.000
4003	516	516000.000
4004	476	476000.000
4005	476	476000.000
4006	476	476000.000
4007	471	471000.000
4008	490	490000.000
4009	490	490000.000
4010	447	447000.000
4011	438	438000.000
4012	466	466000.000
4013	458	458000.000
4014	491	491000.000
4015	433	433000.000
4016	485	485000.000
4017	494	494000.000
4018	471	471000.000
4019	498	498000.000
4020	461	461000.000
4021	486	486000.000
4022	468	468000.000
4023	504	504000.000
4024	467	467000.000
4025	508	508000.000
4026	467	467000.000
4027	496	496000.000
4028	494	494000.000
4029	540	540000.000
4030	526	526000.000
4031	478	478000.000
4032	468	468000.000
4033	561	561000.000
4034	489	489000.000
4035	508	508000.000
4036	465	465000.000
4037	437	437000.000
4038	496	496000.000
4039	425	425000.000
4040	470	470000.000
4041	499	499000.000
4042	461	461000.000
4043	480	480000.000
4044	472	472000.000
4045	474	474000.000
4046	433	433000.000
4047	463	463000.000
4048	503	503000.000
4049	467	467000.000
4050	519	519000.000
4051	475	475000.000
4052	468	468000.000
4053	461	461000.000
4054	449	449000.000
4055	477	477000.000
4056	441	441000.000
4057	469	469000.000
4058	460	460000.000
4059	513	513000.000
4060	465	465000.000
4061	477	477000.000
4062	452	452000.000
4063	460	460000.000
4064	480	480000.000
4065	427	427000.000
4066	465	465000.000
4067	474	474000.000
4068	482	482000.000
4069	475	475000.000
4070	455	455000.000
4071	525	525000.000
4072	490	490000.000
4073	511	511000.000
4074	442	442000.000
4075	469	469000.000
4076	463	463000.000
4077	486	486000.000
4078	499	499000.000
4079	458	458000.000
4080	446	446000.000
4081	508	508000.000
4082	518	518000.000
4083	513	513000.000
4084	472	472000.000
4085	515	515000.000
4086	471	471000.000
4087	422	422000.000
4088	469	469000.000
4089	453	453000.000
4090	467	467000.000
4091	488	488000.000
4092	481	481000.000
4093	430	430000.000
4094	469	469000.000
4095	521	521000.000
4096	445	445000.000
4097	478	478000.000
4098	485	485000.000
4099	476	476000.000
4100	467	467000.000
4101	490	490000.000
4102	491	491000.000
4103	489	489000.000
4104	468	468000.000
4105	471	471000.000
4106	457	457000.000
4107	481	481000.000
4108	493	493000.000
4109	480	480000.000
4110	470	470000.000
4111	466	466000.000
4112	477	477000.000
4113	458	458000.000
4114	467	467000.000
4115	480	480000.000
4116	468	468000.000
4117	488	488000.000
4118	515	515000.000
4119	466	466000.000
4120	467	467000.000
4121	474	474000.000
4122	470	470000.000
4123	491	491000.000
4124	450	450000.000
4125	487	487000.000
4126	438	438000.000
4127	472	472000.000
4128	478	478000.000
4129	500	500000.000
4130	471	471000.000
4131	441	441000.000
4132	468	468000.000
4133	481	481000.000
4134	436	436000.000
4135	468	468000.000
4136	490	490000.000
4137	472	472000.000
4138	458	458000.000
4139	477	477000.000
4140	464	464000.000
4141	502	502000.000
4142	484	484000.000
4143	465	465000.000
4144	461	461000.000
4145	463	463000.000
4146	461	461000.000
4147	451	451000.000
4148	468	468000.000
4149	449	449000.000
4150	465	465000.000
4151	458	458000.000
4152	469	469000.000
4153	454	454000.000
4154	454	454000.000
4155	499	499000.000
4156	455	455000.000
4157	478	478000.000
4158	497	497000.000
4159	500	500000.000
4160	462	462000.000
4161	500	500000.000
4162	492	492000.000
4163	497	497000.000
4164	473	473000.000
4165	479	479000.000
4166	475	475000.000
4167	455	455000.000
4168	477	477000.000
4169	472	472000.000
4170	476	476000.000
4171	458	458000.000
4172	420	420000.000
4173	478	478000.000
4174	482	482000.000
4175	448	448000.000
4176	490	490000.000
4177	474	474000.000
4178	475	475000.000
4179	467	467000.000
4180	493	493000.000
4181	454	454000.000
4182	477	477000.000
4183	490	490000.000
4184	465	465000.000
4185	464	464000.000
4186	477	477000.000
4187	473	473000.000
4188	483	483000.000
4189	438	438000.000
4190	448	448000.000
4191	480	480000.000
4192	462	462000.000
4193	473	473000.000
4194	456	456000.000
4195	484	484000.000
4196	453	453000.000
4197	469	469000.000
4198	509	509000.000
4199	502	502000.000
4200	493	493000.000
4201	480	480000.000
4202	468	468000.000
4203	424	424000.000
4204	505	505000.000
4205	459	459000.000
4206	453	453000.000
4207	507	507000.000
4208	450	450000.000
4209	452	452000.000
4210	459	459000.000
4211	510	510000.000
4212	469	469000.000
4213	499	499000.000
4214	459	459000.000
4215	431	431000.000
4216	512	512000.000
4217	471	471000.000
4218	454	454000.000
4219	470	470000.000
4220	468	468000.000
4221	464	464000.000
4222	493	493000.000
4223	498	498000.000
4224	467	467000.000
4225	434	434000.000
4226	451	451000.000
4227	488	488000.000
4228	457	457000.000
4229	464	464000.000
4230	443	443000.000
4231	513	513000.000
4232	454	454000.000
4233	505	505000.000
4234	481	481000.000
4235	461	461000.000
4236	453	453000.000
4237	493	493000.000
4238	466	466000.000
4239	458	458000.000
4240	492	492000.000
4241	460	460000.000
4242	427	427000.000
4243	470	470000.000
4244	506	506000.000
4245	459	459000.000
4246	469	469000.000
4247	476	476000.000
4248	478	478000.000
4249	465	465000.000
4250	483	483000.000
4251	470	470000.000
4252	487	487000.000
4253	486	486000.000
4254	488	488000.000
4255	476	476000.000
4256	439	439000.000
4257	462	462000.000
4258	481	481000.000
4259	435	435000.000
4260	470	470000.000
4261	439	439000.000
4262	504	504000.000
4263	479	479000.000
4264	425	425000.000
4265	451	451000.000
4266	458	458000.000
4267	468	468000.000
4268	452	452000.000
4269	450	450000.000
4270	475	475000.000
4271	503	503000.000
4272	447	447000.000
4273	452	452000.000
4274	484	484000.000
4275	487	487000.000
4276	468	468000.000
4277	496	496000.000
4278	520	520000.000
4279	475	475000.000
4280	511	511000.000
4281	480	480000.000
4282	457	457000.000
4283	449	449000.000
4284	498	498000.000
4285	441	441000.000
4286	442	442000.000
4287	492	492000.000
4288	498	498000.000
4289	492	492000.000
4290	440	440000.000
4291	466	466000.000
4292	482	482000.000
4293	475	475000.000
4294	451	451000.000
4295	444	444000.000
4296	484	484000.000
4297	475	475000.000
4298	449	449000.000
4299	432	432000.000
4300	462	462000.000
4301	453	453000.000
4302	509	509000.000
4303	514	514000.000
4304	505	505000.000
4305	472	472000.000
4306	485	485000.000
4307	486	486000.000
4308	462	462000.000
4309	440	440000.000
4310	475	475000.000
4311	501	501000.000
4312	437	437000.000
4313	454	454000.000
4314	469	469000.000
4315	487	487000.000
4316	495	495000.000
4317	478	478000.000
4318	505	505000.000
4319	482	482000.000
4320	505	505000.000
4321	466	466000.000
4322	490	490000.000
4323	459	459000.000
4324	473	473000.000
4325	465	465000.000
4326	453	453000.000
4327	481	481000.000
4328	509	509000.000
4329	444	444000.000
4330	471	471000.000
4331	516	516000.000
4332	506	506000.000
4333	479	479000.000
4334	460	460000.000
4335	457	457000.000
4336	471	471000.000
4337	478	478000.000
4338	471	471000.000
4339	508	508000.000
4340	477	477000.000
4341	438	438000.000
4342	506	506000.000
4343	465	465000.000
4344	464	464000.000
4345	502	502000.000
4346	470	470000.000
4347	458	458000.000
4348	456	456000.000
4349	503	503000.000
4350	481	481000.000
4351	475	475000.000
4352	463	463000.000
4353	486	486000.000
4354	460	460000.000
4355	468	468000.000
4356	466	466000.000
4357	451	451000.000
4358	473	473000.000
4359	482	482000.000
4360	487	487000.000
4361	469	469000.000
4362	523	523000.000
4363	446	446000.000
4364	490	490000.000
4365	468	468000.000
4366	487	487000.000
4367	490	490000.000
4368	447	447000.000
4369	486	486000.000
4370	496	496000.000
4371	488	488000.000
4372	462	462000.000
4373	466	466000.000
4374	438	438000.000
4375	477	477000.000
4376	472	472000.000
4377	433	433000.000
4378	475	475000.000
4379	464	464000.000
4380	481	481000.000
4381	472	472000.000
4382	458	458000.000
4383	482	482000.000
4384	497	497000.000
4385	455	455000.000
4386	478	478000.000
4387	458	458000.000
4388	462	462000.000
4389	445	445000.000
4390	453	453000.000
4391	482	482000.000
4392	454	454000.000
4393	483	483000.000
4394	448	448000.000
4395	472	472000.000
4396	495	495000.000
4397	453	453000.000
4398	443	443000.000
4399	459	459000.000
4400	510	510000.000
4401	493	493000.000
4402	477	477000.000
4403	480	480000.000
4404	498	498000.000
4405	478	478000.000
4406	457	457000.000
4407	473	473000.000
4408	467	467000.000
4409	462	462000.000
4410	473	473000.000
4411	473	473000.000
4412	468	468000.000
4413	493	493000.000
4414	460	460000.000
4415	465	465000.000
4416	449	449000.000
4417	505	505000.000
4418	466	466000.000
4419	456	456000.000
4420	472	472000.000
4421	451	451000.000
4422	512	512000.000
4423	471	471000.000
4424	470	470000.000
4425	518	518000.000
4426	505	505000.000
4427	465	465000.000
4428	450	450000.000
4429	457	457000.000
4430	485	485000.000
4431	455	455000.000
4432	460	460000.000
4433	440	440000.000
4434	463	463000.000
4435	491	491000.000
4436	473	473000.000
4437	475	475000.000
4438	473	473000.000
4439	471	471000.000
4440	481	481000.000
4441	480	480000.000
4442	503	503000.000
4443	480	480000.000
4444	493	493000.000
4445	516	516000.000
4446	503	503000.000
4447	484	484000.000
4448	481	481000.000
4449	474	474000.000
4450	470	470000.000
4451	510	510000.000
4452	493	493000.000
4453	435	435000.000
4454	462	462000.000
4455	457	457000.000
4456	484	484000.000
4457	449	449000.000
4458	483	483000.000
4459	458	458000.000
4460	440	440000.000
4461	494	494000.000
4462	466	466000.000
4463	458	458000.000
4464	446	446000.000
4465	473	473000.000
4466	505	505000.000
4467	497	497000.000
4468	506	506000.000
4469	461	461000.000
4470	440	440000.000
4471	490	490000.000
4472	505	505000.000
4473	475	475000.000
4474	443	443000.000
4475	491	491000.000
4476	470	470000.000
4477	484	484000.000
4478	487	487000.000
4479	460	460000.000
4480	455	455000.000
4481	479	479000.000
4482	495	495000.000
4483	485	485000.000
4484	482	482000.000
4485	477	477000.000
4486	505	505000.000
4487	424	424000.000
4488	454	454000.000
4489	467	467000.000
4490	467	467000.000
4491	505	505000.000
4492	480	480000.000
4493	475	475000.000
4494	464	464000.000
4495	480	480000.000
4496	467	467000.000
4497	455	455000.000
4498	464	464000.000
4499	452	452000.000
4500	488	488000.000
4501	510	510000.000
4502	466	466000.000
4503	480	480000.000
4504	469	469000.000
4505	481	481000.000
4506	479	479000.000
4507	476	476000.000
4508	451	451000.000
4509	463	463000.000
4510	479	479000.000
4511	489	489000.000
4512	490	490000.000
4513	471	471000.000
4514	468	468000.000
4515	458	458000.000
4516	494	494000.000
4517	466	466000.000
4518	467	467000.000
4519	465	465000.000
4520	490	490000.000
4521	449	449000.000
4522	490	490000.000
4523	501	501000.000
4524	506	506000.000
4525	482	482000.000
4526	477	477000.000
4527	470	470000.000
4528	448	448000.000
4529	468	468000.000
4530	490	490000.000
4531	495	495000.000
4532	450	450000.000
4533	510	510000.000
4534	449	449000.000
4535	456	456000.000
4536	511	511000.000
4537	461	461000.000
4538	481	481000.000
4539	524	524000.000
4540	434	434000.000
4541	478	478000.000
4542	522	522000.000
4543	487	487000.000
4544	472	472000.000
4545	461	461000.000
4546	501	501000.000
4547	485	485000.000
4548	479	479000.000
4549	436	436000.000
4550	478	478000.000
4551	501	501000.000
4552	458	458000.000
4553	450	450000.000
4554	500	500000.000
4555	452	452000.000
4556	501	501000.000
4557	463	463000.000
4558	438	438000.000
4559	445	445000.000
4560	471	471000.000
4561	458	458000.000
4562	459	459000.000
4563	469	469000.000
4564	475	475000.000
4565	520	520000.000
4566	499	499000.000
4567	460	460000.000
4568	488	488000.000
4569	492	492000.000
4570	486	486000.000
4571	486	486000.000
4572	489	489000.000
4573	478	478000.000
4574	514	514000.000
4575	465	465000.000
4576	471	471000.000
4577	502	502000.000
4578	469	469000.000
4579	455	455000.000
4580	429	429000.000
4581	481	481000.000
4582	479	479000.000
4583	456	456000.000
4584	494	494000.000
4585	473	473000.000
4586	477	477000.000
4587	468	468000.000
4588	467	467000.000
4589	452	452000.000
4590	464	464000.000
4591	467	467000.000
4592	440	440000.000
4593	470	470000.000
4594	467	467000.000
4595	473	473000.000
4596	461	461000.000
4597	507	507000.000
4598	505	505000.000
4599	450	450000.000
4600	470	470000.000
4601	444	444000.000
4602	468	468000.000
4603	519	519000.000
4604	496	496000.000
4605	480	480000.000
4606	456	456000.000
4607	513	513000.000
4608	479	479000.000
4609	514	514000.000
4610	500	500000.000
4611	483	483000.000
4612	463	463000.000
4613	425	425000.000
4614	485	485000.000
4615	456	456000.000
4616	526	526000.000
4617	464	464000.000
4618	462	462000.000
4619	467	467000.000
4620	470	470000.000
4621	492	492000.000
4622	525	525000.000
4623	458	458000.000
4624	434	434000.000
4625	428	428000.000
4626	470	470000.000
4627	465	465000.000
4628	449	449000.000
4629	411	411000.000
4630	462	462000.000
4631	434	434000.000
4632	484	484000.000
4633	471	471000.000
4634	500	500000.000
4635	506	506000.000
4636	463	463000.000
4637	472	472000.000
4638	482	482000.000
4639	455	455000.000
4640	449	449000.000
4641	464	464000.000
4642	441	441000.000
4643	490	490000.000
4644	481	481000.000
4645	447	447000.000
4646	477	477000.000
4647	431	431000.000
4648	447	447000.000
4649	458	458000.000
4650	474	474000.000
4651	487	487000.000
4652	499	499000.000
4653	463	463000.000
4654	479	479000.000
4655	479	479000.000
4656	474	474000.000
4657	458	458000.000
4658	439	439000.000
4659	477	477000.000
4660	437	437000.000
4661	468	468000.000
4662	426	426000.000
4663	486	486000.000
4664	470	470000.000
4665	486	486000.000
4666	449	449000.000
4667	476	476000.000
4668	423	423000.000
4669	471	471000.000
4670	505	505000.000
4671	477	477000.000
4672	502	502000.000
4673	484	484000.000
4674	486	486000.000
4675	462	462000.000
4676	489	489000.000
4677	481	481000.000
4678	473	473000.000
4679	529	529000.000
4680	432	432000.000
4681	467	467000.000
4682	495	495000.000
4683	481	481000.000
4684	466	466000.000
4685	465	465000.000
4686	476	476000.000
4687	460	460000.000
4688	501	501000.000
4689	473	473000.000
4690	474	474000.000
4691	438	438000.000
4692	464	464000.000
4693	427	427000.000
4694	456	456000.000
4695	485	485000.000
4696	473	473000.000
4697	470	470000.000
4698	439	439000.000
4699	475	475000.000
4700	449	449000.000
4701	475	475000.000
4702	460	460000.000
4703	457	457000.000
4704	481	481000.000
4705	453	453000.000
4706	491	491000.000
4707	427	427000.000
4708	433	433000.000
4709	459	459000.000
4710	447	447000.000
4711	489	489000.000
4712	448	448000.000
4713	481	481000.000
4714	448	448000.000
4715	463	463000.000
4716	519	519000.000
4717	493	493000.000
4718	495	495000.000
4719	467	467000.000
4720	470	470000.000
4721	488	488000.000
4722	471	471000.000
4723	451	451000.000
4724	484	484000.000
4725	490	490000.000
4726	492	492000.000
4727	476	476000.000
4728	448	448000.000
4729	466	466000.000
4730	456	456000.000
4731	474	474000.000
4732	496	496000.000
4733	467	467000.000
4734	461	461000.000
4735	455	455000.000
4736	524	524000.000
4737	476	476000.000
4738	478	478000.000
4739	487	487000.000
4740	444	444000.000
4741	447	447000.000
4742	449	449000.000
4743	448	448000.000
4744	469	469000.000
4745	487	487000.000
4746	474	474000.000
4747	454	454000.000
4748	455	455000.000
4749	502	502000.000
4750	497	497000.000
4751	492	492000.000
4752	503	503000.000
4753	476	476000.000
4754	494	494000.000
4755	489	489000.000
4756	435	435000.000
4757	468	468000.000
4758	496	496000.000
4759	447	447000.000
4760	467	467000.000
4761	472	472000.000
4762	490	490000.000
4763	478	478000.000
4764	505	505000.000
4765	489	489000.000
4766	474	474000.000
4767	471	471000.000
4768	463	463000.000
4769	440	440000.000
4770	517	517000.000
4771	515	515000.000
4772	478	478000.000
4773	442	442000.000
4774	480	480000.000
4775	489	489000.000
4776	448	448000.000
4777	485	485000.000
4778	481	481000.000
4779	479	479000.000
4780	489	489000.000
4781	482	482000.000
4782	461	461000.000
4783	456	456000.000
4784	461	461000.000
4785	459	459000.000
4786	450	450000.000
4787	506	506000.000
4788	443	443000.000
4789	484	484000.000
4790	477	477000.000
4791	472	472000.000
4792	451	451000.000
4793	470	470000.000
4794	449	449000.000
4795	508	508000.000
4796	474	474000.000
4797	476	476000.000
4798	488	488000.000
4799	494	494000.000
4800	478	478000.000
4801	424	424000.000
4802	527	527000.000
4803	484	484000.000
4804	429	429000.000
4805	512	512000.000
4806	501	501000.000
4807	502	502000.000
4808	482	482000.000
4809	462	462000.000
4810	447	447000.000
4811	487	487000.000
4812	466	466000.000
4813	472	472000.000
4814	462	462000.000
4815	469	469000.000
4816	468	468000.000
4817	416	416000.000
4818	515	515000.000
4819	478	478000.000
4820	472	472000.000
4821	431	431000.000
4822	466	466000.000
4823	449	449000.000
4824	504	504000.000
4825	469	469000.000
4826	484	484000.000
4827	488	488000.000
4828	492	492000.000
4829	473	473000.000
4830	467	467000.000
4831	455	455000.000
4832	497	497000.000
4833	505	505000.000
4834	507	507000.000
4835	516	516000.000
4836	470	470000.000
4837	498	498000.000
4838	516	516000.000
4839	470	470000.000
4840	470	470000.000
4841	462	462000.000
4842	463	463000.000
4843	453	453000.000
4844	513	513000.000
4845	475	475000.000
4846	468	468000.000
4847	426	426000.000
4848	505	505000.000
4849	506	506000.000
4850	443	443000.000
4851	496	496000.000
4852	496	496000.000
4853	482	482000.000
4854	460	460000.000
4855	503	503000.000
4856	484	484000.000
4857	505	505000.000
4858	467	467000.000
4859	484	484000.000
4860	488	488000.000
4861	461	461000.000
4862	492	492000.000
4863	489	489000.000
4864	470	470000.000
4865	487	487000.000
4866	447	447000.000
4867	473	473000.000
4868	461	461000.000
4869	465	465000.000
4870	476	476000.000
4871	476	476000.000
4872	468	468000.000
4873	515	515000.000
4874	462	462000.000
4875	481	481000.000
4876	472	472000.000
4877	458	458000.000
4878	473	473000.000
4879	455	455000.000
4880	514	514000.000
4881	489	489000.000
4882	501	501000.000
4883	516	516000.000
4884	478	478000.000
4885	459	459000.000
4886	431	431000.000
4887	469	469000.000
4888	458	458000.000
4889	509	509000.000
4890	508	508000.000
4891	461	461000.000
4892	507	507000.000
4893	444	444000.000
4894	488	488000.000
4895	470	470000.000
4896	500	500000.000
4897	478	478000.000
4898	498	498000.000
4899	489	489000.000
4900	476	476000.000
4901	481	481000.000
4902	504	504000.000
4903	495	495000.000
4904	486	486000.000
4905	482	482000.000
4906	514	514000.000
4907	475	475000.000
4908	460	460000.000
4909	495	495000.000
4910	472	472000.000
4911	463	463000.000
4912	455	455000.000
4913	469	469000.000
4914	447	447000.000
4915	441	441000.000
4916	483	483000.000
4917	478	478000.000
4918	428	428000.000
4919	457	457000.000
4920	457	457000.000
4921	437	437000.000
4922	427	427000.000
4923	474	474000.000
4924	472	472000.000
4925	492	492000.000
4926	476	476000.000
4927	473	473000.000
4928	504	504000.000
4929	467	467000.000
4930	461	461000.000
4931	502	502000.000
4932	468	468000.000
4933	466	466000.000
4934	487	487000.000
4935	453	453000.000
4936	530	530000.000
4937	458	458000.000
4938	477	477000.000
4939	488	488000.000
4940	448	448000.000
4941	470	470000.000
4942	455	455000.000
4943	469	469000.000
4944	491	491000.000
4945	498	498000.000
4946	459	459000.000
4947	450	450000.000
4948	439	439000.000
4949	483	483000.000
4950	474	474000.000
4951	474	474000.000
4952	472	472000.000
4953	476	476000.000
4954	452	452000.000
4955	459	459000.000
4956	458	458000.000
4957	501	501000.000
4958	465	465000.000
4959	480	480000.000
4960	445	445000.000
4961	461	461000.000
4962	471	471000.000
4963	479	479000.000
4964	460	460000.000
4965	474	474000.000
4966	469	469000.000
4967	452	452000.000
4968	467	467000.000
4969	462	462000.000
4970	496	496000.000
4971	425	425000.000
4972	466	466000.000
4973	452	452000.000
4974	489	489000.000
4975	509	509000.000
4976	457	457000.000
4977	495	495000.000
4978	477	477000.000
4979	498	498000.000
4980	486	486000.000
4981	457	457000.000
4982	448	448000.000
4983	447	447000.000
4984	493	493000.000
4985	472	472000.000
4986	503	503000.000
4987	486	486000.000
4988	453	453000.000
4989	478	478000.000
4990	444	444000.000
4991	526	526000.000
4992	522	522000.000
4993	491	491000.000
4994	498	498000.000
4995	470	470000.000
4996	489	489000.000
4997	498	498000.000
4998	472	472000.000
4999	489	489000.000
5000	454	454000.000
5001	462	462000.000
5002	494	494000.000
5003	434	434000.000
5004	486	486000.000
5005	493	493000.000
5006	455	455000.000
5007	437	437000.000
5008	467	467000.000
5009	467	467000.000
5010	498	498000.000
5011	428	428000.000
5012	439	439000.000
5013	494	494000.000
5014	473	473000.000
5015	463	463000.000
5016	475	475000.000
5017	489	489000.000
5018	478	478000.000
5019	506	506000.000
5020	440	440000.000
5021	475	475000.000
5022	496	496000.000
5023	472	472000.000
5024	517	517000.000
5025	493	493000.000
5026	436	436000.000
5027	467	467000.000
5028	491	491000.000
5029	503	503000.000
5030	454	454000.000
5031	468	468000.000
5032	492	492000.000
5033	492	492000.000
5034	477	477000.000
5035	421	421000.000
5036	501	501000.000
5037	431	431000.000
5038	490	490000.000
5039	484	484000.000
5040	498	498000.000
5041	475	475000.000
5042	528	528000.000
5043	465	465000.000
5044	460	460000.000
5045	486	486000.000
5046	449	449000.000
5047	476	476000.000
5048	479	479000.000
5049	483	483000.000
5050	489	489000.000
5051	452	452000.000
5052	450	450000.000
5053	476	476000.000
5054	475	475000.000
5055	472	472000.000
5056	527	527000.000
5057	459	459000.000
5058	473	473000.000
5059	462	462000.000
5060	448	448000.000
5061	479	479000.000
5062	476	476000.000
5063	478	478000.000
5064	484	484000.000
5065	466	466000.000
5066	503	503000.000
5067	493	493000.000
5068	508	508000.000
5069	486	486000.000
5070	460	460000.000
5071	504	504000.000
5072	507	507000.000
5073	454	454000.000
5074	453	453000.000
5075	481	481000.000
5076	483	483000.000
5077	499	499000.000
5078	496	496000.000
5079	490	490000.000
5080	518	518000.000
5081	453	453000.000
5082	485	485000.000
5083	460	460000.000
5084	483	483000.000
5085	470	470000.000
5086	505	505000.000
5087	425	425000.000
5088	484	484000.000
5089	464	464000.000
5090	494	494000.000
5091	461	461000.000
5092	481	481000.000
5093	432	432000.000
5094	472	472000.000
5095	488	488000.000
5096	465	465000.000
5097	459	459000.000
5098	456	456000.000
5099	499	499000.000
5100	469	469000.000
5101	433	433000.000
5102	490	490000.000
5103	478	478000.000
5104	514	514000.000
5105	468	468000.000
5106	489	489000.000
5107	481	481000.000
5108	485	485000.000
5109	469	469000.000
5110	522	522000.000
5111	488	488000.000
5112	489	489000.000
5113	475	475000.000
5114	465	465000.000
5115	474	474000.000
5116	478	478000.000
5117	465	465000.000
5118	427	427000.000
5119	505	505000.000
5120	474	474000.000
5121	468	468000.000
5122	465	465000.000
5123	489	489000.000
5124	492	492000.000
5125	483	483000.000
5126	471	471000.000
5127	493	493000.000
5128	477	477000.000
5129	466	466000.000
5130	463	463000.000
5131	432	432000.000
5132	456	456000.000
5133	486	486000.000
5134	446	446000.000
5135	468	468000.000
5136	465	465000.000
5137	472	472000.000
5138	483	483000.000
5139	499	499000.000
5140	475	475000.000
5141	471	471000.000
5142	497	497000.000
5143	459	459000.000
5144	471	471000.000
5145	495	495000.000
5146	486	486000.000
5147	487	487000.000
5148	489	489000.000
5149	498	498000.000
5150	424	424000.000
5151	489	489000.000
5152	493	493000.000
5153	449	449000.000
5154	486	486000.000
5155	509	509000.000
5156	494	494000.000
5157	462	462000.000
5158	492	492000.000
5159	452	452000.000
5160	488	488000.000
5161	470	470000.000
5162	492	492000.000
5163	512	512000.000
5164	485	485000.000
5165	466	466000.000
5166	470	470000.000
5167	470	470000.000
5168	450	450000.000
5169	497	497000.000
5170	462	462000.000
5171	505	505000.000
5172	470	470000.000
5173	426	426000.000
5174	474	474000.000
5175	446	446000.000
5176	495	495000.000
5177	468	468000.000
5178	473	473000.000
5179	474	474000.000
5180	502	502000.000
5181	492	492000.000
5182	475	475000.000
5183	499	499000.000
5184	487	487000.000
5185	446	446000.000
5186	477	477000.000
5187	461	461000.000
5188	466	466000.000
5189	499	499000.000
5190	460	460000.000
5191	488	488000.000
5192	478	478000.000
5193	522	522000.000
5194	518	518000.000
5195	486	486000.000
5196	468	468000.000
5197	425	425000.000
5198	501	501000.000
5199	483	483000.000
5200	502	502000.000
5201	491	491000.000
5202	458	458000.000
5203	497	497000.000
5204	454	454000.000
5205	469	469000.000
5206	499	499000.000
5207	479	479000.000
5208	489	489000.000
5209	488	488000.000
5210	466	466000.000
5211	498	498000.000
5212	464	464000.000
5213	445	445000.000
5214	446	446000.000
5215	451	451000.000
5216	457	457000.000
5217	451	451000.000
5218	465	465000.000
5219	491	491000.000
5220	463	463000.000
5221	457	457000.000
5222	457	457000.000
5223	483	483000.000
5224	476	476000.000
5225	468	468000.000
5226	477	477000.000
5227	489	489000.000
5228	461	461000.000
5229	465	465000.000
5230	463	463000.000
5231	491	491000.000
5232	468	468000.000
5233	467	467000.000
5234	416	416000.000
5235	465	465000.000
5236	461	461000.000
5237	492	492000.000
5238	461	461000.000
5239	473	473000.000
5240	482	482000.000
5241	493	493000.000
5242	448	448000.000
5243	468	468000.000
5244	477	477000.000
5245	449	449000.000
5246	475	475000.000
5247	467	467000.000
5248	476	476000.000
5249	473	473000.000
5250	457	457000.000
5251	459	459000.000
5252	451	451000.000
5253	484	484000.000
5254	451	451000.000
5255	482	482000.000
5256	475	475000.000
5257	486	486000.000
5258	448	448000.000
5259	493	493000.000
5260	459	459000.000
5261	471	471000.000
5262	477	477000.000
5263	486	486000.000
5264	514	514000.000
5265	480	480000.000
5266	485	485000.000
5267	489	489000.000
5268	509	509000.000
5269	472	472000.000
5270	468	468000.000
5271	493	493000.000
5272	489	489000.000
5273	487	487000.000
5274	469	469000.000
5275	476	476000.000
5276	483	483000.000
5277	430	430000.000
5278	462	462000.000
5279	488	488000.000
5280	472	472000.000
5281	455	455000.000
5282	442	442000.000
5283	504	504000.000
5284	466	466000.000
5285	499	499000.000
5286	445	445000.000
5287	499	499000.000
5288	485	485000.000
5289	476	476000.000
5290	480	480000.000
5291	515	515000.000
5292	463	463000.000
5293	513	513000.000
5294	497	497000.000
5295	455	455000.000
5296	439	439000.000
5297	490	490000.000
5298	496	496000.000
5299	494	494000.000
5300	452	452000.000
5301	440	440000.000
5302	489	489000.000
5303	442	442000.000
5304	518	518000.000
5305	469	469000.000
5306	494	494000.000
5307	497	497000.000
5308	437	437000.000
5309	453	453000.000
5310	470	470000.000
5311	485	485000.000
5312	510	510000.000
5313	452	452000.000
5314	442	442000.000
5315	487	487000.000
5316	454	454000.000
5317	428	428000.000
5318	479	479000.000
5319	457	457000.000
5320	466	466000.000
5321	443	443000.000
5322	513	513000.000
5323	480	480000.000
5324	509	509000.000
5325	497	497000.000
5326	483	483000.000
5327	481	481000.000
5328	459	459000.000
5329	457	457000.000
5330	464	464000.000
5331	474	474000.000
5332	472	472000.000
5333	481	481000.000
5334	464	464000.000
5335	461	461000.000
5336	458	458000.000
5337	516	516000.000
5338	421	421000.000
5339	423	423000.000
5340	432	432000.000
5341	482	482000.000
5342	463	463000.000
5343	474	474000.000
5344	495	495000.000
5345	485	485000.000
5346	467	467000.000
5347	487	487000.000
5348	488	488000.000
5349	463	463000.000
5350	472	472000.000
5351	479	479000.000
5352	458	458000.000
5353	514	514000.000
5354	491	491000.000
5355	476	476000.000
5356	496	496000.000
5357	458	458000.000
5358	491	491000.000
5359	459	459000.000
5360	465	465000.000
5361	448	448000.000
5362	467	467000.000
5363	459	459000.000
5364	452	452000.000
5365	461	461000.000
5366	479	479000.000
5367	463	463000.000
5368	469	469000.000
5369	469	469000.000
5370	458	458000.000
5371	471	471000.000
5372	480	480000.000
5373	448	448000.000
5374	445	445000.000
5375	458	458000.000
5376	456	456000.000
5377	489	489000.000
5378	461	461000.000
5379	463	463000.000
5380	478	478000.000
5381	525	525000.000
5382	454	454000.000
5383	478	478000.000
5384	466	466000.000
5385	477	477000.000
5386	465	465000.000
5387	488	488000.000
5388	480	480000.000
5389	504	504000.000
5390	476	476000.000
5391	518	518000.000
5392	463	463000.000
5393	510	510000.000
5394	471	471000.000
5395	482	482000.000
5396	485	485000.000
5397	436	436000.000
5398	472	472000.000
5399	495	495000.000
5400	461	461000.000
5401	430	430000.000
5402	447	447000.000
5403	454	454000.000
5404	509	509000.000
5405	468	468000.000
5406	465	465000.000
5407	478	478000.000
5408	451	451000.000
5409	472	472000.000
5410	491	491000.000
5411	488	488000.000
5412	463	463000.000
5413	465	465000.000
5414	437	437000.000
5415	481	481000.000
5416	499	499000.000
5417	434	434000.000
5418	477	477000.000
5419	463	463000.000
5420	479	479000.000
5421	493	493000.000
5422	453	453000.000
5423	500	500000.000
5424	499	499000.000
5425	494	494000.000
5426	443	443000.000
5427	466	466000.000
5428	489	489000.000
5429	472	472000.000
5430	465	465000.000
5431	458	458000.000
5432	489	489000.000
5433	478	478000.000
5434	524	524000.000
5435	451	451000.000
5436	495	495000.000
5437	503	503000.000
5438	468	468000.000
5439	476	476000.000
5440	458	458000.000
5441	461	461000.000
5442	435	435000.000
5443	486	486000.000
5444	483	483000.000
5445	463	463000.000
5446	487	487000.000
5447	491	491000.000
5448	499	499000.000
5449	475	475000.000
5450	510	510000.000
5451	469	469000.000
5452	484	484000.000
5453	431	431000.000
5454	432	432000.000
5455	475	475000.000
5456	470	470000.000
5457	472	472000.000
5458	464	464000.000
5459	485	485000.000
5460	539	539000.000
5461	458	458000.000
5462	512	512000.000
5463	471	471000.000
5464	462	462000.000
5465	476	476000.000
5466	453	453000.000
5467	459	459000.000
5468	434	434000.000
5469	484	484000.000
5470	471	471000.000
5471	432	432000.000
5472	457	457000.000
5473	471	471000.000
5474	470	470000.000
5475	444	444000.000
5476	483	483000.000
5477	466	466000.000
5478	491	491000.000
5479	490	490000.000
5480	465	465000.000
5481	471	471000.000
5482	491	491000.000
5483	485	485000.000
5484	472	472000.000
5485	494	494000.000
5486	437	437000.000
5487	486	486000.000
5488	458	458000.000
5489	518	518000.000
5490	480	480000.000
5491	516	516000.000
5492	466	466000.000
5493	476	476000.000
5494	478	478000.000
5495	472	472000.000
5496	469	469000.000
5497	476	476000.000
5498	438	438000.000
5499	478	478000.000
5500	483	483000.000
5501	486	486000.000
5502	461	461000.000
5503	421	421000.000
5504	505	505000.000
5505	455	455000.000
5506	430	430000.000
5507	451	451000.000
5508	452	452000.000
5509	500	500000.000
5510	443	443000.000
5511	492	492000.000
5512	482	482000.000
5513	454	454000.000
5514	515	515000.000
5515	487	487000.000
5516	448	448000.000
5517	476	476000.000
5518	429	429000.000
5519	475	475000.000
5520	482	482000.000
5521	504	504000.000
5522	486	486000.000
5523	443	443000.000
5524	466	466000.000
5525	458	458000.000
5526	463	463000.000
5527	451	451000.000
5528	457	457000.000
5529	478	478000.000
5530	478	478000.000
5531	489	489000.000
5532	492	492000.000
5533	464	464000.000
5534	463	463000.000
5535	466	466000.000
5536	450	450000.000
5537	449	449000.000
5538	494	494000.000
5539	471	471000.000
5540	471	471000.000
5541	496	496000.000
5542	490	490000.000
5543	490	490000.000
5544	496	496000.000
5545	470	470000.000
5546	511	511000.000
5547	477	477000.000
5548	447	447000.000
5549	463	463000.000
5550	460	460000.000
5551	472	472000.000
5552	501	501000.000
5553	447	447000.000
5554	460	460000.000
5555	467	467000.000
5556	430	430000.000
5557	470	470000.000
5558	476	476000.000
5559	489	489000.000
5560	440	440000.000
5561	490	490000.000
5562	471	471000.000
5563	424	424000.000
5564	496	496000.000
5565	488	488000.000
5566	476	476000.000
5567	457	457000.000
5568	491	491000.000
5569	475	475000.000
5570	515	515000.000
5571	499	499000.000
5572	422	422000.000
5573	468	468000.000
5574	458	458000.000
5575	464	464000.000
5576	482	482000.000
5577	472	472000.000
5578	470	470000.000
5579	488	488000.000
5580	463	463000.000
5581	501	501000.000
5582	434	434000.000
5583	507	507000.000
5584	432	432000.000
5585	513	513000.000
5586	484	484000.000
5587	470	470000.000
5588	469	469000.000
5589	505	505000.000
5590	477	477000.000
5591	457	457000.000
5592	482	482000.000
5593	490	490000.000
5594	503	503000.000
5595	501	501000.000
5596	520	520000.000
5597	484	484000.000
5598	462	462000.000
5599	433	433000.000
5600	463	463000.000
5601	437	437000.000
5602	500	500000.000
5603	479	479000.000
5604	445	445000.000
5605	471	471000.000
5606	477	477000.000
5607	495	495000.000
5608	483	483000.000
5609	453	453000.000
5610	476	476000.000
5611	482	482000.000
5612	466	466000.000
5613	492	492000.000
5614	504	504000.000
5615	474	474000.000
5616	491	491000.000
5617	500	500000.000
5618	465	465000.000
5619	479	479000.000
5620	513	513000.000
5621	485	485000.000
5622	503	503000.000
5623	490	490000.000
5624	462	462000.000
5625	463	463000.000
5626	491	491000.000
5627	426	426000.000
5628	464	464000.000
5629	457	457000.000
5630	469	469000.000
5631	458	458000.000
5632	489	489000.000
5633	484	484000.000
5634	464	464000.000
5635	465	465000.000
5636	462	462000.000
5637	483	483000.000
5638	451	451000.000
5639	457	457000.000
5640	458	458000.000
5641	474	474000.000
5642	494	494000.000
5643	431	431000.000
5644	475	475000.000
5645	463	463000.000
5646	481	481000.000
5647	472	472000.000
5648	484	484000.000
5649	472	472000.000
5650	474	474000.000
5651	433	433000.000
5652	468	468000.000
5653	491	491000.000
5654	481	481000.000
5655	516	516000.000
5656	441	441000.000
5657	521	521000.000
5658	465	465000.000
5659	538	538000.000
5660	429	429000.000
5661	521	521000.000
5662	525	525000.000
5663	485	485000.000
5664	499	499000.000
5665	465	465000.000
5666	469	469000.000
5667	498	498000.000
5668	449	449000.000
5669	477	477000.000
5670	476	476000.000
5671	468	468000.000
5672	488	488000.000
5673	485	485000.000
5674	515	515000.000
5675	482	482000.000
5676	468	468000.000
5677	454	454000.000
5678	454	454000.000
5679	458	458000.000
5680	474	474000.000
5681	486	486000.000
5682	493	493000.000
5683	480	480000.000
5684	466	466000.000
5685	514	514000.000
5686	478	478000.000
5687	455	455000.000
5688	491	491000.000
5689	451	451000.000
5690	448	448000.000
5691	477	477000.000
5692	432	432000.000
5693	463	463000.000
5694	466	466000.000
5695	503	503000.000
5696	489	489000.000
5697	480	480000.000
5698	473	473000.000
5699	517	517000.000
5700	486	486000.000
5701	501	501000.000
5702	500	500000.000
5703	495	495000.000
5704	499	499000.000
5705	438	438000.000
5706	492	492000.000
5707	477	477000.000
5708	487	487000.000
5709	509	509000.000
5710	489	489000.000
5711	465	465000.000
5712	473	473000.000
5713	492	492000.000
5714	454	454000.000
5715	499	499000.000
5716	492	492000.000
5717	447	447000.000
5718	488	488000.000
5719	474	474000.000
5720	477	477000.000
5721	483	483000.000
5722	481	481000.000
5723	479	479000.000
5724	476	476000.000
5725	474	474000.000
5726	460	460000.000
5727	495	495000.000
5728	453	453000.000
5729	450	450000.000
5730	482	482000.000
5731	458	458000.000
5732	475	475000.000
5733	483	483000.000
5734	466	466000.000
5735	454	454000.000
5736	461	461000.000
5737	478	478000.000
5738	464	464000.000
5739	473	473000.000
5740	465	465000.000
5741	481	481000.000
5742	476	476000.000
5743	458	458000.000
5744	469	469000.000
5745	439	439000.000
5746	491	491000.000
5747	432	432000.000
5748	499	499000.000
5749	488	488000.000
5750	478	478000.000
5751	503	503000.000
5752	474	474000.000
5753	461	461000.000
5754	495	495000.000
5755	486	486000.000
5756	505	505000.000
5757	504	504000.000
5758	442	442000.000
5759	455	455000.000
5760	467	467000.000
5761	474	474000.000
5762	508	508000.000
5763	462	462000.000
5764	474	474000.000
5765	487	487000.000
5766	479	479000.000
5767	437	437000.000
5768	454	454000.000
5769	487	487000.000
5770	469	469000.000
5771	476	476000.000
5772	482	482000.000
5773	470	470000.000
5774	511	511000.000
5775	518	518000.000
5776	496	496000.000
5777	457	457000.000
5778	455	455000.000
5779	529	529000.000
5780	475	475000.000
5781	494	494000.000
5782	473	473000.000
5783	469	469000.000
5784	452	452000.000
5785	460	460000.000
5786	447	447000.000
5787	488	488000.000
5788	492	492000.000
5789	459	459000.000
5790	511	511000.000
5791	467	467000.000
5792	428	428000.000
5793	500	500000.000
5794	496	496000.000
5795	448	448000.000
5796	466	466000.000
5797	471	471000.000
5798	479	479000.000
5799	482	482000.000
5800	494	494000.000
5801	454	454000.000
5802	461	461000.000
5803	471	471000.000
5804	439	439000.000
5805	463	463000.000
5806	484	484000.000
5807	473	473000.000
5808	494	494000.000
5809	464	464000.000
5810	456	456000.000
5811	465	465000.000
5812	463	463000.000
5813	456	456000.000
5814	431	431000.000
5815	498	498000.000
5816	462	462000.000
5817	474	474000.000
5818	449	449000.000
5819	463	463000.000
5820	480	480000.000
5821	471	471000.000
5822	474	474000.000
5823	461	461000.000
5824	465	465000.000
5825	465	465000.000
5826	474	474000.000
5827	489	489000.000
5828	446	446000.000
5829	483	483000.000
5830	508	508000.000
5831	503	503000.000
5832	447	447000.000
5833	482	482000.000
5834	513	513000.000
5835	467	467000.000
5836	487	487000.000
5837	477	477000.000
5838	454	454000.000
5839	456	456000.000
5840	507	507000.000
5841	484	484000.000
5842	484	484000.000
5843	482	482000.000
5844	468	468000.000
5845	426	426000.000
5846	506	506000.000
5847	478	478000.000
5848	439	439000.000
5849	466	466000.000
5850	482	482000.000
5851	459	459000.000
5852	462	462000.000
5853	506	506000.000
5854	491	491000.000
5855	484	484000.000
5856	474	474000.000
5857	427	427000.000
5858	501	501000.000
5859	484	484000.000
5860	491	491000.000
5861	450	450000.000
5862	486	486000.000
5863	478	478000.000
5864	425	425000.000
5865	452	452000.000
5866	479	479000.000
5867	500	500000.000
5868	460	460000.000
5869	479	479000.000
5870	501	501000.000
5871	437	437000.000
5872	482	482000.000
5873	506	506000.000
5874	486	486000.000
5875	504	504000.000
5876	513	513000.000
5877	445	445000.000
5878	511	511000.000
5879	481	481000.000
5880	480	480000.000
5881	483	483000.000
5882	454	454000.000
5883	453	453000.000
5884	458	458000.000
5885	485	485000.000
5886	500	500000.000
5887	467	467000.000
5888	428	428000.000
5889	485	485000.000
5890	487	487000.000
5891	490	490000.000
5892	489	489000.000
5893	471	471000.000
5894	494	494000.000
5895	469	469000.000
5896	479	479000.000
5897	470	470000.000
5898	461	461000.000
5899	484	484000.000
5900	465	465000.000
5901	447	447000.000
5902	465	465000.000
5903	455	455000.000
5904	486	486000.000
5905	456	456000.000
5906	500	500000.000
5907	463	463000.000
5908	469	469000.000
5909	467	467000.000
5910	461	461000.000
5911	451	451000.000
5912	512	512000.000
5913	467	467000.000
5914	470	470000.000
5915	464	464000.000
5916	465	465000.000
5917	438	438000.000
5918	447	447000.000
5919	442	442000.000
5920	471	471000.000
5921	494	494000.000
5922	510	510000.000
5923	456	456000.000
5924	498	498000.000
5925	477	477000.000
5926	469	469000.000
5927	472	472000.000
5928	478	478000.000
5929	439	439000.000
5930	480	480000.000
5931	487	487000.000
5932	459	459000.000
5933	468	468000.000
5934	496	496000.000
5935	424	424000.000
5936	454	454000.000
5937	430	430000.000
5938	465	465000.000
5939	476	476000.000
5940	495	495000.000
5941	450	450000.000
5942	450	450000.000
5943	494	494000.000
5944	516	516000.000
5945	459	459000.000
5946	490	490000.000
5947	490	490000.000
5948	463	463000.000
5949	488	488000.000
5950	469	469000.000
5951	489	489000.000
5952	475	475000.000
5953	474	474000.000
5954	485	485000.000
5955	453	453000.000
5956	428	428000.000
5957	503	503000.000
5958	499	499000.000
5959	465	465000.000
5960	462	462000.000
5961	449	449000.000
5962	468	468000.000
5963	443	443000.000
5964	464	464000.000
5965	497	497000.000
5966	517	517000.000
5967	475	475000.000
5968	475	475000.000
5969	473	473000.000
5970	495	495000.000
5971	442	442000.000
5972	445	445000.000
5973	481	481000.000
5974	457	457000.000
5975	454	454000.000
5976	441	441000.000
5977	472	472000.000
5978	447	447000.000
5979	447	447000.000
5980	492	492000.000
5981	488	488000.000
5982	493	493000.000
5983	438	438000.000
5984	443	443000.000
5985	491	491000.000
5986	493	493000.000
5987	442	442000.000
5988	463	463000.000
5989	456	456000.000
5990	441	441000.000
5991	514	514000.000
5992	478	478000.000
5993	460	460000.000
5994	461	461000.000
5995	460	460000.000
5996	484	484000.000
5997	451	451000.000
5998	478	478000.000
5999	488	488000.000
6000	475	475000.000
6001	490	490000.000
6002	487	487000.000
6003	492	492000.000
6004	477	477000.000
6005	445	445000.000
6006	511	511000.000
6007	438	438000.000
6008	442	442000.000
6009	451	451000.000
6010	435	435000.000
6011	437	437000.000
6012	449	449000.000
6013	465	465000.000
6014	482	482000.000
6015	453	453000.000
6016	486	486000.000
6017	465	465000.000
6018	466	466000.000
6019	463	463000.000
6020	502	502000.000
6021	455	455000.000
6022	490	490000.000
6023	503	503000.000
6024	495	495000.000
6025	493	493000.000
6026	482	482000.000
6027	471	471000.000
6028	477	477000.000
6029	480	480000.000
6030	454	454000.000
6031	475	475000.000
6032	421	421000.000
6033	506	506000.000
6034	472	472000.000
6035	498	498000.000
6036	447	447000.000
6037	432	432000.000
6038	430	430000.000
6039	477	477000.000
6040	466	466000.000
6041	511	511000.000
6042	504	504000.000
6043	491	491000.000
6044	478	478000.000
6045	441	441000.000
6046	459	459000.000
6047	486	486000.000
6048	450	450000.000
6049	466	466000.000
6050	461	461000.000
6051	489	489000.000
6052	499	499000.000
6053	456	456000.000
6054	499	499000.000
6055	470	470000.000
6056	473	473000.000
6057	472	472000.000
6058	472	472000.000
6059	497	497000.000
6060	493	493000.000
6061	470	470000.000
6062	488	488000.000
6063	457	457000.000
6064	497	497000.000
6065	485	485000.000
6066	461	461000.000
6067	479	479000.000
6068	481	481000.000
6069	472	472000.000
6070	477	477000.000
6071	482	482000.000
6072	465	465000.000
6073	453	453000.000
6074	454	454000.000
6075	439	439000.000
6076	498	498000.000
6077	462	462000.000
6078	509	509000.000
6079	482	482000.000
6080	431	431000.000
6081	480	480000.000
6082	454	454000.000
6083	468	468000.000
6084	456	456000.000
6085	468	468000.000
6086	482	482000.000
6087	480	480000.000
6088	525	525000.000
6089	495	495000.000
6090	464	464000.000
6091	471	471000.000
6092	500	500000.000
6093	483	483000.000
6094	479	479000.000
6095	469	469000.000
6096	477	477000.000
6097	496	496000.000
6098	461	461000.000
6099	465	465000.000
6100	475	475000.000
6101	469	469000.000
6102	451	451000.000
6103	477	477000.000
6104	475	475000.000
6105	460	460000.000
6106	498	498000.000
6107	439	439000.000
6108	440	440000.000
6109	475	475000.000
6110	463	463000.000
6111	472	472000.000
6112	475	475000.000
6113	431	431000.000
6114	470	470000.000
6115	492	492000.000
6116	481	481000.000
6117	482	482000.000
6118	499	499000.000
6119	456	456000.000
6120	502	502000.000
6121	481	481000.000
6122	490	490000.000
6123	502	502000.000
6124	467	467000.000
6125	441	441000.000
6126	472	472000.000
6127	505	505000.000
6128	459	459000.000
6129	529	529000.000
6130	452	452000.000
6131	494	494000.000
6132	439	439000.000
6133	426	426000.000
6134	485	485000.000
6135	479	479000.000
6136	495	495000.000
6137	497	497000.000
6138	468	468000.000
6139	449	449000.000
6140	545	545000.000
6141	499	499000.000
6142	454	454000.000
6143	454	454000.000
6144	484	484000.000
6145	434	434000.000
6146	457	457000.000
6147	466	466000.000
6148	457	457000.000
6149	470	470000.000
6150	468	468000.000
6151	454	454000.000
6152	452	452000.000
6153	475	475000.000
6154	480	480000.000
6155	476	476000.000
6156	449	449000.000
6157	447	447000.000
6158	445	445000.000
6159	450	450000.000
6160	492	492000.000
6161	489	489000.000
6162	460	460000.000
6163	463	463000.000
6164	456	456000.000
6165	476	476000.000
6166	491	491000.000
6167	496	496000.000
6168	470	470000.000
6169	451	451000.000
6170	455	455000.000
6171	465	465000.000
6172	475	475000.000
6173	468	468000.000
6174	472	472000.000
6175	481	481000.000
6176	461	461000.000
6177	491	491000.000
6178	482	482000.000
6179	448	448000.000
6180	469	469000.000
6181	500	500000.000
6182	419	419000.000
6183	498	498000.000
6184	476	476000.000
6185	496	496000.000
6186	444	444000.000
6187	461	461000.000
6188	476	476000.000
6189	473	473000.000
6190	483	483000.000
6191	504	504000.000
6192	466	466000.000
6193	505	505000.000
6194	484	484000.000
6195	425	425000.000
6196	465	465000.000
6197	475	475000.000
6198	461	461000.000
6199	465	465000.000
6200	462	462000.000
6201	476	476000.000
6202	454	454000.000
6203	451	451000.000
6204	491	491000.000
6205	490	490000.000
6206	478	478000.000
6207	482	482000.000
6208	473	473000.000
6209	469	469000.000
6210	460	460000.000
6211	465	465000.000
6212	460	460000.000
6213	473	473000.000
6214	497	497000.000
6215	504	504000.000
6216	471	471000.000
6217	455	455000.000
6218	439	439000.000
6219	469	469000.000
6220	457	457000.000
6221	501	501000.000
6222	464	464000.000
6223	479	479000.000
6224	469	469000.000
6225	503	503000.000
6226	481	481000.000
6227	482	482000.000
6228	500	500000.000
6229	496	496000.000
6230	463	463000.000
6231	454	454000.000
6232	482	482000.000
6233	459	459000.000
6234	475	475000.000
6235	484	484000.000
6236	480	480000.000
6237	505	505000.000
6238	463	463000.000
6239	457	457000.000
6240	508	508000.000
6241	450	450000.000
6242	471	471000.000
6243	490	490000.000
6244	445	445000.000
6245	474	474000.000
6246	420	420000.000
6247	512	512000.000
6248	438	438000.000
6249	483	483000.000
6250	488	488000.000
6251	457	457000.000
6252	487	487000.000
6253	485	485000.000
6254	473	473000.000
6255	507	507000.000
6256	463	463000.000
6257	456	456000.000
6258	449	449000.000
6259	451	451000.000
6260	481	481000.000
6261	486	486000.000
6262	459	459000.000
6263	501	501000.000
6264	491	491000.000
6265	472	472000.000
6266	476	476000.000
6267	422	422000.000
6268	438	438000.000
6269	473	473000.000
6270	492	492000.000
6271	471	471000.000
6272	452	452000.000
6273	453	453000.000
6274	479	479000.000
6275	417	417000.000
6276	494	494000.000
6277	447	447000.000
6278	452	452000.000
6279	469	469000.000
6280	501	501000.000
6281	433	433000.000
6282	449	449000.000
6283	498	498000.000
6284	464	464000.000
6285	463	463000.000
6286	482	482000.000
6287	465	465000.000
6288	441	441000.000
6289	475	475000.000
6290	483	483000.000
6291	482	482000.000
6292	483	483000.000
6293	449	449000.000
6294	471	471000.000
6295	454	454000.000
6296	457	457000.000
6297	499	499000.000
6298	474	474000.000
6299	480	480000.000
6300	468	468000.000
6301	466	466000.000
6302	484	484000.000
6303	484	484000.000
6304	458	458000.000
6305	483	483000.000
6306	487	487000.000
6307	464	464000.000
6308	467	467000.000
6309	462	462000.000
6310	476	476000.000
6311	490	490000.000
6312	480	480000.000
6313	486	486000.000
6314	487	487000.000
6315	470	470000.000
6316	444	444000.000
6317	507	507000.000
6318	504	504000.000
6319	481	481000.000
6320	478	478000.000
6321	459	459000.000
6322	445	445000.000
6323	470	470000.000
6324	504	504000.000
6325	436	436000.000
6326	482	482000.000
6327	460	460000.000
6328	502	502000.000
6329	520	520000.000
6330	468	468000.000
6331	504	504000.000
6332	471	471000.000
6333	476	476000.000
6334	461	461000.000
6335	471	471000.000
6336	477	477000.000
6337	461	461000.000
6338	453	453000.000
6339	454	454000.000
6340	469	469000.000
6341	477	477000.000
6342	437	437000.000
6343	536	536000.000
6344	494	494000.000
6345	467	467000.000
6346	502	502000.000
6347	435	435000.000
6348	517	517000.000
6349	454	454000.000
6350	446	446000.000
6351	474	474000.000
6352	437	437000.000
6353	476	476000.000
6354	450	450000.000
6355	488	488000.000
6356	479	479000.000
6357	513	513000.000
6358	459	459000.000
6359	502	502000.000
6360	517	517000.000
6361	462	462000.000
6362	426	426000.000
6363	468	468000.000
6364	491	491000.000
6365	453	453000.000
6366	463	463000.000
6367	459	459000.000
6368	473	473000.000
6369	477	477000.000
6370	470	470000.000
6371	476	476000.000
6372	488	488000.000
6373	494	494000.000
6374	467	467000.000
6375	483	483000.000
6376	475	475000.000
6377	479	479000.000
6378	459	459000.000
6379	453	453000.000
6380	491	491000.000
6381	448	448000.000
6382	487	487000.000
6383	499	499000.000
6384	482	482000.000
6385	464	464000.000
6386	473	473000.000
6387	509	509000.000
6388	442	442000.000
6389	487	487000.000
6390	507	507000.000
6391	487	487000.000
6392	462	462000.000
6393	495	495000.000
6394	493	493000.000
6395	480	480000.000
6396	489	489000.000
6397	475	475000.000
6398	471	471000.000
6399	461	461000.000
6400	421	421000.000
6401	482	482000.000
6402	459	459000.000
6403	460	460000.000
6404	462	462000.000
6405	460	460000.000
6406	452	452000.000
6407	471	471000.000
6408	465	465000.000
6409	510	510000.000
6410	475	475000.000
6411	479	479000.000
6412	456	456000.000
6413	486	486000.000
6414	517	517000.000
6415	457	457000.000
6416	457	457000.000
6417	447	447000.000
6418	509	509000.000
6419	467	467000.000
6420	441	441000.000
6421	481	481000.000
6422	473	473000.000
6423	479	479000.000
6424	466	466000.000
6425	483	483000.000
6426	474	474000.000
6427	436	436000.000
6428	461	461000.000
6429	431	431000.000
6430	486	486000.000
6431	469	469000.000
6432	494	494000.000
6433	504	504000.000
6434	467	467000.000
6435	483	483000.000
6436	461	461000.000
6437	461	461000.000
6438	484	484000.000
6439	475	475000.000
6440	462	462000.000
6441	481	481000.000
6442	493	493000.000
6443	540	540000.000
6444	487	487000.000
6445	453	453000.000
6446	460	460000.000
6447	495	495000.000
6448	461	461000.000
6449	465	465000.000
6450	464	464000.000
6451	462	462000.000
6452	467	467000.000
6453	510	510000.000
6454	470	470000.000
6455	500	500000.000
6456	472	472000.000
6457	489	489000.000
6458	478	478000.000
6459	489	489000.000
6460	418	418000.000
6461	503	503000.000
6462	484	484000.000
6463	493	493000.000
6464	503	503000.000
6465	490	490000.000
6466	451	451000.000
6467	447	447000.000
6468	477	477000.000
6469	500	500000.000
6470	484	484000.000
6471	480	480000.000
6472	492	492000.000
6473	486	486000.000
6474	482	482000.000
6475	461	461000.000
6476	483	483000.000
6477	493	493000.000
6478	450	450000.000
6479	462	462000.000
6480	501	501000.000
6481	514	514000.000
6482	447	447000.000
6483	463	463000.000
6484	484	484000.000
6485	477	477000.000
6486	471	471000.000
6487	486	486000.000
6488	472	472000.000
6489	466	466000.000
6490	458	458000.000
6491	452	452000.000
6492	464	464000.000
6493	463	463000.000
6494	476	476000.000
6495	481	481000.000
6496	468	468000.000
6497	487	487000.000
6498	459	459000.000
6499	521	521000.000
6500	464	464000.000
6501	478	478000.000
6502	450	450000.000
6503	491	491000.000
6504	473	473000.000
6505	484	484000.000
6506	422	422000.000
6507	487	487000.000
6508	474	474000.000
6509	476	476000.000
6510	446	446000.000
6511	505	505000.000
6512	430	430000.000
6513	465	465000.000
6514	444	444000.000
6515	476	476000.000
6516	499	499000.000
6517	468	468000.000
6518	466	466000.000
6519	490	490000.000
6520	482	482000.000
6521	457	457000.000
6522	479	479000.000
6523	503	503000.000
6524	479	479000.000
6525	510	510000.000
6526	446	446000.000
6527	483	483000.000
6528	496	496000.000
6529	515	515000.000
6530	463	463000.000
6531	459	459000.000
6532	452	452000.000
6533	485	485000.000
6534	477	477000.000
6535	473	473000.000
6536	496	496000.000
6537	435	435000.000
6538	475	475000.000
6539	459	459000.000
6540	422	422000.000
6541	469	469000.000
6542	470	470000.000
6543	478	478000.000
6544	450	450000.000
6545	428	428000.000
6546	451	451000.000
6547	479	479000.000
6548	490	490000.000
6549	466	466000.000
6550	512	512000.000
6551	448	448000.000
6552	483	483000.000
6553	512	512000.000
6554	447	447000.000
6555	447	447000.000
6556	479	479000.000
6557	461	461000.000
6558	491	491000.000
6559	472	472000.000
6560	461	461000.000
6561	454	454000.000
6562	457	457000.000
6563	447	447000.000
6564	483	483000.000
6565	489	489000.000
6566	429	429000.000
6567	514	514000.000
6568	458	458000.000
6569	440	440000.000
6570	482	482000.000
6571	520	520000.000
6572	485	485000.000
6573	490	490000.000
6574	476	476000.000
6575	483	483000.000
6576	464	464000.000
6577	492	492000.000
6578	414	414000.000
6579	480	480000.000
6580	508	508000.000
6581	499	499000.000
6582	475	475000.000
6583	452	452000.000
6584	468	468000.000
6585	464	464000.000
6586	447	447000.000
6587	467	467000.000
6588	535	535000.000
6589	478	478000.000
6590	468	468000.000
6591	500	500000.000
6592	449	449000.000
6593	450	450000.000
6594	519	519000.000
6595	463	463000.000
6596	461	461000.000
6597	459	459000.000
6598	467	467000.000
6599	467	467000.000
6600	456	456000.000
6601	451	451000.000
6602	468	468000.000
6603	490	490000.000
6604	457	457000.000
6605	494	494000.000
6606	492	492000.000
6607	449	449000.000
6608	490	490000.000
6609	509	509000.000
6610	470	470000.000
6611	508	508000.000
6612	494	494000.000
6613	420	420000.000
6614	438	438000.000
6615	439	439000.000
6616	484	484000.000
6617	460	460000.000
6618	471	471000.000
6619	477	477000.000
6620	463	463000.000
6621	480	480000.000
6622	421	421000.000
6623	471	471000.000
6624	501	501000.000
6625	476	476000.000
6626	463	463000.000
6627	480	480000.000
6628	457	457000.000
6629	472	472000.000
6630	472	472000.000
6631	479	479000.000
6632	476	476000.000
6633	465	465000.000
6634	474	474000.000
6635	442	442000.000
6636	476	476000.000
6637	471	471000.000
6638	474	474000.000
6639	482	482000.000
6640	461	461000.000
6641	461	461000.000
6642	464	464000.000
6643	461	461000.000
6644	477	477000.000
6645	473	473000.000
6646	463	463000.000
6647	449	449000.000
6648	491	491000.000
6649	424	424000.000
6650	505	505000.000
6651	499	499000.000
6652	448	448000.000
6653	456	456000.000
6654	491	491000.000
6655	465	465000.000
6656	465	465000.000
6657	514	514000.000
6658	470	470000.000
6659	443	443000.000
6660	467	467000.000
6661	455	455000.000
6662	464	464000.000
6663	436	436000.000
6664	452	452000.000
6665	428	428000.000
6666	475	475000.000
6667	503	503000.000
6668	468	468000.000
6669	478	478000.000
6670	486	486000.000
6671	506	506000.000
6672	468	468000.000
6673	450	450000.000
6674	480	480000.000
6675	501	501000.000
6676	457	457000.000
6677	458	458000.000
6678	434	434000.000
6679	460	460000.000
6680	476	476000.000
6681	459	459000.000
6682	459	459000.000
6683	460	460000.000
6684	442	442000.000
6685	449	449000.000
6686	478	478000.000
6687	470	470000.000
6688	443	443000.000
6689	498	498000.000
6690	491	491000.000
6691	479	479000.000
6692	510	510000.000
6693	459	459000.000
6694	466	466000.000
6695	490	490000.000
6696	485	485000.000
6697	470	470000.000
6698	477	477000.000
6699	508	508000.000
6700	455	455000.000
6701	488	488000.000
6702	459	459000.000
6703	487	487000.000
6704	441	441000.000
6705	440	440000.000
6706	476	476000.000
6707	493	493000.000
6708	443	443000.000
6709	459	459000.000
6710	463	463000.000
6711	433	433000.000
6712	453	453000.000
6713	468	468000.000
6714	484	484000.000
6715	458	458000.000
6716	442	442000.000
6717	422	422000.000
6718	482	482000.000
6719	450	450000.000
6720	451	451000.000
6721	501	501000.000
6722	449	449000.000
6723	434	434000.000
6724	484	484000.000
6725	523	523000.000
6726	504	504000.000
6727	451	451000.000
6728	476	476000.000
6729	471	471000.000
6730	440	440000.000
6731	503	503000.000
6732	464	464000.000
6733	478	478000.000
6734	466	466000.000
6735	479	479000.000
6736	467	467000.000
6737	481	481000.000
6738	468	468000.000
6739	415	415000.000
6740	486	486000.000
6741	465	465000.000
6742	480	480000.000
6743	489	489000.000
6744	485	485000.000
6745	455	455000.000
6746	491	491000.000
6747	466	466000.000
6748	472	472000.000
6749	496	496000.000
6750	485	485000.000
6751	475	475000.000
6752	510	510000.000
6753	486	486000.000
6754	462	462000.000
6755	484	484000.000
6756	447	447000.000
6757	470	470000.000
6758	463	463000.000
6759	504	504000.000
6760	509	509000.000
6761	472	472000.000
6762	507	507000.000
6763	471	471000.000
6764	486	486000.000
6765	490	490000.000
6766	456	456000.000
6767	456	456000.000
6768	451	451000.000
6769	477	477000.000
6770	494	494000.000
6771	473	473000.000
6772	474	474000.000
6773	464	464000.000
6774	461	461000.000
6775	480	480000.000
6776	456	456000.000
6777	425	425000.000
6778	461	461000.000
6779	475	475000.000
6780	449	449000.000
6781	455	455000.000
6782	493	493000.000
6783	450	450000.000
6784	499	499000.000
6785	498	498000.000
6786	499	499000.000
6787	420	420000.000
6788	507	507000.000
6789	456	456000.000
6790	496	496000.000
6791	488	488000.000
6792	486	486000.000
6793	467	467000.000
6794	475	475000.000
6795	439	439000.000
6796	486	486000.000
6797	496	496000.000
6798	467	467000.000
6799	497	497000.000
6800	456	456000.000
6801	477	477000.000
6802	514	514000.000
6803	469	469000.000
6804	490	490000.000
6805	432	432000.000
6806	484	484000.000
6807	474	474000.000
6808	480	480000.000
6809	515	515000.000
6810	450	450000.000
6811	449	449000.000
6812	446	446000.000
6813	509	509000.000
6814	427	427000.000
6815	447	447000.000
6816	475	475000.000
6817	445	445000.000
6818	432	432000.000
6819	464	464000.000
6820	445	445000.000
6821	452	452000.000
6822	477	477000.000
6823	471	471000.000
6824	449	449000.000
6825	501	501000.000
6826	510	510000.000
6827	473	473000.000
6828	488	488000.000
6829	493	493000.000
6830	458	458000.000
6831	470	470000.000
6832	443	443000.000
6833	477	477000.000
6834	476	476000.000
6835	442	442000.000
6836	474	474000.000
6837	467	467000.000
6838	481	481000.000
6839	454	454000.000
6840	475	475000.000
6841	438	438000.000
6842	462	462000.000
6843	490	490000.000
6844	454	454000.000
6845	476	476000.000
6846	491	491000.000
6847	493	493000.000
6848	450	450000.000
6849	432	432000.000
6850	449	449000.000
6851	462	462000.000
6852	505	505000.000
6853	459	459000.000
6854	475	475000.000
6855	467	467000.000
6856	495	495000.000
6857	429	429000.000
6858	455	455000.000
6859	470	470000.000
6860	442	442000.000
6861	488	488000.000
6862	466	466000.000
6863	475	475000.000
6864	515	515000.000
6865	471	471000.000
6866	486	486000.000
6867	464	464000.000
6868	490	490000.000
6869	452	452000.000
6870	398	398000.000
6871	482	482000.000
6872	490	490000.000
6873	461	461000.000
6874	490	490000.000
6875	468	468000.000
6876	491	491000.000
6877	480	480000.000
6878	486	486000.000
6879	489	489000.000
6880	467	467000.000
6881	413	413000.000
6882	443	443000.000
6883	529	529000.000
6884	483	483000.000
6885	486	486000.000
6886	470	470000.000
6887	506	506000.000
6888	464	464000.000
6889	469	469000.000
6890	486	486000.000
6891	492	492000.000
6892	486	486000.000
6893	479	479000.000
6894	457	457000.000
6895	481	481000.000
6896	478	478000.000
6897	482	482000.000
6898	440	440000.000
6899	523	523000.000
6900	467	467000.000
6901	444	444000.000
6902	504	504000.000
6903	516	516000.000
6904	442	442000.000
6905	537	537000.000
6906	468	468000.000
6907	457	457000.000
6908	486	486000.000
6909	496	496000.000
6910	483	483000.000
6911	501	501000.000
6912	473	473000.000
6913	481	481000.000
6914	478	478000.000
6915	456	456000.000
6916	514	514000.000
6917	474	474000.000
6918	503	503000.000
6919	469	469000.000
6920	447	447000.000
6921	464	464000.000
6922	500	500000.000
6923	446	446000.000
6924	469	469000.000
6925	475	475000.000
6926	467	467000.000
6927	469	469000.000
6928	507	507000.000
6929	459	459000.000
6930	490	490000.000
6931	469	469000.000
6932	452	452000.000
6933	468	468000.000
6934	456	456000.000
6935	487	487000.000
6936	447	447000.000
6937	498	498000.000
6938	470	470000.000
6939	458	458000.000
6940	473	473000.000
6941	483	483000.000
6942	474	474000.000
6943	459	459000.000
6944	492	492000.000
6945	484	484000.000
6946	462	462000.000
6947	461	461000.000
6948	475	475000.000
6949	425	425000.000
6950	503	503000.000
6951	511	511000.000
6952	439	439000.000
6953	484	484000.000
6954	463	463000.000
6955	507	507000.000
6956	510	510000.000
6957	503	503000.000
6958	431	431000.000
6959	478	478000.000
6960	448	448000.000
6961	483	483000.000
6962	426	426000.000
6963	492	492000.000
6964	461	461000.000
6965	490	490000.000
6966	496	496000.000
6967	478	478000.000
6968	481	481000.000
6969	465	465000.000
6970	452	452000.000
6971	444	444000.000
6972	455	455000.000
6973	492	492000.000
6974	391	391000.000
6975	474	474000.000
6976	518	518000.000
6977	453	453000.000
6978	436	436000.000
6979	452	452000.000
6980	453	453000.000
6981	460	460000.000
6982	481	481000.000
6983	507	507000.000
6984	433	433000.000
6985	513	513000.000
6986	427	427000.000
6987	481	481000.000
6988	483	483000.000
6989	456	456000.000
6990	494	494000.000
6991	471	471000.000
6992	466	466000.000
6993	462	462000.000
6994	474	474000.000
6995	486	486000.000
6996	448	448000.000
6997	477	477000.000
6998	476	476000.000
6999	507	507000.000
7000	443	443000.000
7001	473	473000.000
7002	483	483000.000
7003	456	456000.000
7004	467	467000.000
7005	509	509000.000
7006	452	452000.000
7007	479	479000.000
7008	480	480000.000
7009	448	448000.000
7010	482	482000.000
7011	462	462000.000
7012	511	511000.000
7013	464	464000.000
7014	479	479000.000
7015	468	468000.000
7016	477	477000.000
7017	464	464000.000
7018	468	468000.000
7019	479	479000.000
7020	501	501000.000
7021	487	487000.000
7022	490	490000.000
7023	458	458000.000
7024	508	508000.000
7025	470	470000.000
7026	472	472000.000
7027	484	484000.000
7028	462	462000.000
7029	477	477000.000
7030	459	459000.000
7031	479	479000.000
7032	443	443000.000
7033	485	485000.000
7034	505	505000.000
7035	469	469000.000
7036	491	491000.000
7037	500	500000.000
7038	485	485000.000
7039	473	473000.000
7040	462	462000.000
7041	474	474000.000
7042	468	468000.000
7043	481	481000.000
7044	448	448000.000
7045	499	499000.000
7046	469	469000.000
7047	464	464000.000
7048	447	447000.000
7049	462	462000.000
7050	518	518000.000
7051	508	508000.000
7052	475	475000.000
7053	467	467000.000
7054	486	486000.000
7055	455	455000.000
7056	472	472000.000
7057	484	484000.000
7058	471	471000.000
7059	476	476000.000
7060	461	461000.000
7061	468	468000.000
7062	482	482000.000
7063	458	458000.000
7064	492	492000.000
7065	445	445000.000
7066	489	489000.000
7067	434	434000.000
7068	500	500000.000
7069	460	460000.000
7070	453	453000.000
7071	456	456000.000
7072	478	478000.000
7073	453	453000.000
7074	506	506000.000
7075	477	477000.000
7076	508	508000.000
7077	480	480000.000
7078	487	487000.000
7079	447	447000.000
7080	495	495000.000
7081	462	462000.000
7082	461	461000.000
7083	481	481000.000
7084	469	469000.000
7085	487	487000.000
7086	458	458000.000
7087	446	446000.000
7088	457	457000.000
7089	475	475000.000
7090	437	437000.000
7091	484	484000.000
7092	464	464000.000
7093	439	439000.000
7094	501	501000.000
7095	470	470000.000
7096	469	469000.000
7097	489	489000.000
7098	452	452000.000
7099	471	471000.000
7100	499	499000.000
7101	477	477000.000
7102	507	507000.000
7103	438	438000.000
7104	473	473000.000
7105	464	464000.000
7106	469	469000.000
7107	471	471000.000
7108	468	468000.000
7109	485	485000.000
7110	495	495000.000
7111	497	497000.000
7112	463	463000.000
7113	412	412000.000
7114	456	456000.000
7115	492	492000.000
7116	490	490000.000
7117	459	459000.000
7118	481	481000.000
7119	466	466000.000
7120	483	483000.000
7121	484	484000.000
7122	480	480000.000
7123	484	484000.000
7124	445	445000.000
7125	474	474000.000
7126	444	444000.000
7127	453	453000.000
7128	478	478000.000
7129	455	455000.000
7130	474	474000.000
7131	499	499000.000
7132	520	520000.000
7133	480	480000.000
7134	483	483000.000
7135	480	480000.000
7136	468	468000.000
7137	461	461000.000
7138	498	498000.000
7139	438	438000.000
7140	478	478000.000
7141	503	503000.000
7142	491	491000.000
7143	508	508000.000
7144	437	437000.000
7145	497	497000.000
7146	470	470000.000
7147	487	487000.000
7148	457	457000.000
7149	485	485000.000
7150	477	477000.000
7151	471	471000.000
7152	476	476000.000
7153	479	479000.000
7154	418	418000.000
7155	453	453000.000
7156	466	466000.000
7157	482	482000.000
7158	486	486000.000
7159	470	470000.000
7160	499	499000.000
7161	424	424000.000
7162	491	491000.000
7163	507	507000.000
7164	504	504000.000
7165	507	507000.000
7166	485	485000.000
7167	463	463000.000
7168	461	461000.000
7169	449	449000.000
7170	461	461000.000
7171	478	478000.000
7172	499	499000.000
7173	487	487000.000
7174	474	474000.000
7175	487	487000.000
7176	507	507000.000
7177	453	453000.000
7178	464	464000.000
7179	450	450000.000
7180	456	456000.000
7181	480	480000.000
7182	452	452000.000
7183	474	474000.000
7184	440	440000.000
7185	496	496000.000
7186	495	495000.000
7187	481	481000.000
7188	435	435000.000
7189	487	487000.000
7190	450	450000.000
7191	456	456000.000
7192	484	484000.000
7193	484	484000.000
7194	448	448000.000
7195	508	508000.000
7196	477	477000.000
7197	490	490000.000
7198	455	455000.000
7199	463	463000.000
7200	468	468000.000
7201	443	443000.000
7202	445	445000.000
7203	470	470000.000
7204	440	440000.000
7205	482	482000.000
7206	448	448000.000
7207	494	494000.000
7208	503	503000.000
7209	477	477000.000
7210	462	462000.000
7211	431	431000.000
7212	451	451000.000
7213	449	449000.000
7214	454	454000.000
7215	453	453000.000
7216	490	490000.000
7217	496	496000.000
7218	476	476000.000
7219	489	489000.000
7220	433	433000.000
7221	547	547000.000
7222	524	524000.000
7223	443	443000.000
7224	511	511000.000
7225	454	454000.000
7226	505	505000.000
7227	439	439000.000
7228	462	462000.000
7229	445	445000.000
7230	460	460000.000
7231	475	475000.000
7232	449	449000.000
7233	487	487000.000
7234	489	489000.000
7235	466	466000.000
7236	474	474000.000
7237	490	490000.000
7238	500	500000.000
7239	499	499000.000
7240	463	463000.000
7241	460	460000.000
7242	464	464000.000
7243	476	476000.000
7244	481	481000.000
7245	468	468000.000
7246	479	479000.000
7247	455	455000.000
7248	474	474000.000
7249	484	484000.000
7250	499	499000.000
7251	433	433000.000
7252	521	521000.000
7253	482	482000.000
7254	511	511000.000
7255	441	441000.000
7256	502	502000.000
7257	482	482000.000
7258	408	408000.000
7259	495	495000.000
7260	470	470000.000
7261	442	442000.000
7262	492	492000.000
7263	438	438000.000
7264	461	461000.000
7265	468	468000.000
7266	486	486000.000
7267	472	472000.000
7268	480	480000.000
7269	448	448000.000
7270	420	420000.000
7271	448	448000.000
7272	431	431000.000
7273	437	437000.000
7274	503	503000.000
7275	453	453000.000
7276	470	470000.000
7277	473	473000.000
7278	482	482000.000
7279	427	427000.000
7280	478	478000.000
7281	451	451000.000
7282	493	493000.000
7283	466	466000.000
7284	523	523000.000
7285	493	493000.000
7286	475	475000.000
7287	472	472000.000
7288	473	473000.000
7289	452	452000.000
7290	484	484000.000
7291	487	487000.000
7292	481	481000.000
7293	475	475000.000
7294	465	465000.000
7295	444	444000.000
7296	473	473000.000
7297	492	492000.000
7298	457	457000.000
7299	459	459000.000
7300	475	475000.000
7301	492	492000.000
7302	490	490000.000
7303	514	514000.000
7304	438	438000.000
7305	464	464000.000
7306	468	468000.000
7307	488	488000.000
7308	484	484000.000
7309	462	462000.000
7310	473	473000.000
7311	452	452000.000
7312	501	501000.000
7313	480	480000.000
7314	457	457000.000
7315	502	502000.000
7316	480	480000.000
7317	470	470000.000
7318	495	495000.000
7319	439	439000.000
7320	478	478000.000
7321	477	477000.000
7322	510	510000.000
7323	445	445000.000
7324	453	453000.000
7325	453	453000.000
7326	483	483000.000
7327	456	456000.000
7328	461	461000.000
7329	469	469000.000
7330	469	469000.000
7331	486	486000.000
7332	496	496000.000
7333	466	466000.000
7334	512	512000.000
7335	453	453000.000
7336	481	481000.000
7337	443	443000.000
7338	501	501000.000
7339	473	473000.000
7340	452	452000.000
7341	450	450000.000
7342	505	505000.000
7343	455	455000.000
7344	474	474000.000
7345	475	475000.000
7346	441	441000.000
7347	486	486000.000
7348	470	470000.000
7349	451	451000.000
7350	480	480000.000
7351	456	456000.000
7352	484	484000.000
7353	456	456000.000
7354	428	428000.000
7355	486	486000.000
7356	525	525000.000
7357	448	448000.000
7358	446	446000.000
7359	471	471000.000
7360	484	484000.000
7361	514	514000.000
7362	444	444000.000
7363	479	479000.000
7364	463	463000.000
7365	446	446000.000
7366	489	489000.000
7367	470	470000.000
7368	455	455000.000
7369	456	456000.000
7370	478	478000.000
7371	484	484000.000
7372	476	476000.000
7373	469	469000.000
7374	458	458000.000
7375	478	478000.000
7376	465	465000.000
7377	479	479000.000
7378	440	440000.000
7379	505	505000.000
7380	454	454000.000
7381	462	462000.000
7382	475	475000.000
7383	461	461000.000
7384	486	486000.000
7385	478	478000.000
7386	448	448000.000
7387	480	480000.000
7388	512	512000.000
7389	506	506000.000
7390	457	457000.000
7391	476	476000.000
7392	456	456000.000
7393	499	499000.000
7394	444	444000.000
7395	476	476000.000
7396	474	474000.000
7397	473	473000.000
7398	460	460000.000
7399	460	460000.000
7400	474	474000.000
7401	493	493000.000
7402	477	477000.000
7403	494	494000.000
7404	474	474000.000
7405	464	464000.000
7406	484	484000.000
7407	461	461000.000
7408	452	452000.000
7409	466	466000.000
7410	481	481000.000
7411	453	453000.000
7412	444	444000.000
7413	448	448000.000
7414	470	470000.000
7415	453	453000.000
7416	480	480000.000
7417	467	467000.000
7418	493	493000.000
7419	456	456000.000
7420	483	483000.000
7421	476	476000.000
7422	480	480000.000
7423	497	497000.000
7424	473	473000.000
7425	472	472000.000
7426	440	440000.000
7427	469	469000.000
7428	487	487000.000
7429	466	466000.000
7430	454	454000.000
7431	477	477000.000
7432	496	496000.000
7433	492	492000.000
7434	436	436000.000
7435	490	490000.000
7436	492	492000.000
7437	445	445000.000
7438	470	470000.000
7439	420	420000.000
7440	456	456000.000
7441	485	485000.000
7442	456	456000.000
7443	484	484000.000
7444	479	479000.000
7445	445	445000.000
7446	466	466000.000
7447	482	482000.000
7448	447	447000.000
7449	462	462000.000
7450	495	495000.000
7451	474	474000.000
7452	469	469000.000
7453	461	461000.000
7454	461	461000.000
7455	535	535000.000
7456	424	424000.000
7457	519	519000.000
7458	482	482000.000
7459	500	500000.000
7460	463	463000.000
7461	464	464000.000
7462	465	465000.000
7463	451	451000.000
7464	461	461000.000
7465	489	489000.000
7466	460	460000.000
7467	480	480000.000
7468	461	461000.000
7469	495	495000.000
7470	488	488000.000
7471	450	450000.000
7472	435	435000.000
7473	487	487000.000
7474	464	464000.000
7475	455	455000.000
7476	473	473000.000
7477	437	437000.000
7478	456	456000.000
7479	439	439000.000
7480	457	457000.000
7481	495	495000.000
7482	487	487000.000
7483	470	470000.000
7484	515	515000.000
7485	455	455000.000
7486	472	472000.000
7487	475	475000.000
7488	512	512000.000
7489	473	473000.000
7490	497	497000.000
7491	491	491000.000
7492	440	440000.000
7493	474	474000.000
7494	490	490000.000
7495	463	463000.000
7496	458	458000.000
7497	469	469000.000
7498	447	447000.000
7499	505	505000.000
7500	493	493000.000
7501	482	482000.000
7502	524	524000.000
7503	477	477000.000
7504	507	507000.000
7505	458	458000.000
7506	446	446000.000
7507	490	490000.000
7508	486	486000.000
7509	448	448000.000
7510	489	489000.000
7511	466	466000.000
7512	441	441000.000
7513	484	484000.000
7514	463	463000.000
7515	461	461000.000
7516	469	469000.000
7517	491	491000.000
7518	483	483000.000
7519	491	491000.000
7520	486	486000.000
7521	434	434000.000
7522	487	487000.000
7523	495	495000.000
7524	483	483000.000
7525	466	466000.000
7526	481	481000.000
7527	496	496000.000
7528	460	460000.000
7529	478	478000.000
7530	486	486000.000
7531	502	502000.000
7532	466	466000.000
7533	475	475000.000
7534	467	467000.000
7535	509	509000.000
7536	460	460000.000
7537	457	457000.000
7538	456	456000.000
7539	469	469000.000
7540	465	465000.000
7541	476	476000.000
7542	480	480000.000
7543	479	479000.000
7544	469	469000.000
7545	456	456000.000
7546	471	471000.000
7547	475	475000.000
7548	484	484000.000
7549	436	436000.000
7550	453	453000.000
7551	450	450000.000
7552	483	483000.000
7553	468	468000.000
7554	471	471000.000
7555	472	472000.000
7556	475	475000.000
7557	492	492000.000
7558	443	443000.000
7559	463	463000.000
7560	525	525000.000
7561	489	489000.000
7562	482	482000.000
7563	486	486000.000
7564	520	520000.000
7565	472	472000.000
7566	471	471000.000
7567	480	480000.000
7568	487	487000.000
7569	465	465000.000
7570	463	463000.000
7571	430	430000.000
7572	466	466000.000
7573	469	469000.000
7574	455	455000.000
7575	467	467000.000
7576	455	455000.000
7577	463	463000.000
7578	439	439000.000
7579	465	465000.000
7580	467	467000.000
7581	431	431000.000
7582	503	503000.000
7583	505	505000.000
7584	501	501000.000
7585	460	460000.000
7586	461	461000.000
7587	439	439000.000
7588	478	478000.000
7589	446	446000.000
7590	479	479000.000
7591	446	446000.000
7592	476	476000.000
7593	514	514000.000
7594	473	473000.000
7595	515	515000.000
7596	472	472000.000
7597	464	464000.000
7598	449	449000.000
7599	513	513000.000
7600	518	518000.000
7601	448	448000.000
7602	483	483000.000
7603	486	486000.000
7604	492	492000.000
7605	468	468000.000
7606	468	468000.000
7607	475	475000.000
7608	447	447000.000
7609	483	483000.000
7610	452	452000.000
7611	525	525000.000
7612	460	460000.000
7613	468	468000.000
7614	469	469000.000
7615	492	492000.000
7616	477	477000.000
7617	489	489000.000
7618	460	460000.000
7619	466	466000.000
7620	433	433000.000
7621	455	455000.000
7622	464	464000.000
7623	517	517000.000
7624	445	445000.000
7625	500	500000.000
7626	487	487000.000
7627	475	475000.000
7628	497	497000.000
7629	466	466000.000
7630	515	515000.000
7631	494	494000.000
7632	520	520000.000
7633	485	485000.000
7634	482	482000.000
7635	481	481000.000
7636	457	457000.000
7637	483	483000.000
7638	455	455000.000
7639	480	480000.000
7640	521	521000.000
7641	446	446000.000
7642	452	452000.000
7643	444	444000.000
7644	449	449000.000
7645	471	471000.000
7646	486	486000.000
7647	506	506000.000
7648	495	495000.000
7649	490	490000.000
7650	472	472000.000
7651	464	464000.000
7652	465	465000.000
7653	447	447000.000
7654	485	485000.000
7655	457	457000.000
7656	462	462000.000
7657	487	487000.000
7658	458	458000.000
7659	469	469000.000
7660	479	479000.000
7661	492	492000.000
7662	480	480000.000
7663	452	452000.000
7664	470	470000.000
7665	452	452000.000
7666	456	456000.000
7667	477	477000.000
7668	476	476000.000
7669	470	470000.000
7670	476	476000.000
7671	503	503000.000
7672	486	486000.000
7673	460	460000.000
7674	502	502000.000
7675	478	478000.000
7676	491	491000.000
7677	464	464000.000
7678	472	472000.000
7679	448	448000.000
7680	519	519000.000
7681	448	448000.000
7682	479	479000.000
7683	468	468000.000
7684	472	472000.000
7685	505	505000.000
7686	470	470000.000
7687	476	476000.000
7688	436	436000.000
7689	459	459000.000
7690	453	453000.000
7691	476	476000.000
7692	458	458000.000
7693	471	471000.000
7694	435	435000.000
7695	467	467000.000
7696	495	495000.000
7697	495	495000.000
7698	478	478000.000
7699	460	460000.000
7700	470	470000.000
7701	435	435000.000
7702	452	452000.000
7703	481	481000.000
7704	455	455000.000
7705	455	455000.000
7706	457	457000.000
7707	529	529000.000
7708	530	530000.000
7709	444	444000.000
7710	497	497000.000
7711	469	469000.000
7712	489	489000.000
7713	466	466000.000
7714	445	445000.000
7715	501	501000.000
7716	497	497000.000
7717	485	485000.000
7718	462	462000.000
7719	460	460000.000
7720	505	505000.000
7721	467	467000.000
7722	476	476000.000
7723	499	499000.000
7724	463	463000.000
7725	484	484000.000
7726	475	475000.000
7727	460	460000.000
7728	473	473000.000
7729	474	474000.000
7730	475	475000.000
7731	435	435000.000
7732	491	491000.000
7733	482	482000.000
7734	505	505000.000
7735	450	450000.000
7736	483	483000.000
7737	465	465000.000
7738	472	472000.000
7739	453	453000.000
7740	499	499000.000
7741	474	474000.000
7742	470	470000.000
7743	450	450000.000
7744	500	500000.000
7745	476	476000.000
7746	456	456000.000
7747	440	440000.000
7748	451	451000.000
7749	469	469000.000
7750	489	489000.000
7751	449	449000.000
7752	488	488000.000
7753	462	462000.000
7754	494	494000.000
7755	477	477000.000
7756	448	448000.000
7757	459	459000.000
7758	472	472000.000
7759	478	478000.000
7760	475	475000.000
7761	435	435000.000
7762	474	474000.000
7763	465	465000.000
7764	484	484000.000
7765	449	449000.000
7766	458	458000.000
7767	474	474000.000
7768	453	453000.000
7769	491	491000.000
7770	486	486000.000
7771	470	470000.000
7772	480	480000.000
7773	463	463000.000
7774	510	510000.000
7775	486	486000.000
7776	468	468000.000
7777	503	503000.000
7778	442	442000.000
7779	508	508000.000
7780	485	485000.000
7781	474	474000.000
7782	449	449000.000
7783	501	501000.000
7784	498	498000.000
7785	462	462000.000
7786	476	476000.000
7787	479	479000.000
7788	489	489000.000
7789	516	516000.000
7790	471	471000.000
7791	519	519000.000
7792	461	461000.000
7793	471	471000.000
7794	500	500000.000
7795	482	482000.000
7796	462	462000.000
7797	496	496000.000
7798	493	493000.000
7799	485	485000.000
7800	473	473000.000
7801	488	488000.000
7802	472	472000.000
7803	474	474000.000
7804	439	439000.000
7805	430	430000.000
7806	508	508000.000
7807	500	500000.000
7808	464	464000.000
7809	455	455000.000
7810	495	495000.000
7811	465	465000.000
7812	475	475000.000
7813	448	448000.000
7814	470	470000.000
7815	483	483000.000
7816	493	493000.000
7817	485	485000.000
7818	443	443000.000
7819	463	463000.000
7820	504	504000.000
7821	469	469000.000
7822	448	448000.000
7823	486	486000.000
7824	480	480000.000
7825	434	434000.000
7826	464	464000.000
7827	478	478000.000
7828	450	450000.000
7829	485	485000.000
7830	473	473000.000
7831	470	470000.000
7832	492	492000.000
7833	475	475000.000
7834	487	487000.000
7835	479	479000.000
7836	475	475000.000
7837	493	493000.000
7838	477	477000.000
7839	464	464000.000
7840	486	486000.000
7841	473	473000.000
7842	482	482000.000
7843	480	480000.000
7844	459	459000.000
7845	476	476000.000
7846	486	486000.000
7847	455	455000.000
7848	476	476000.000
7849	458	458000.000
7850	473	473000.000
7851	472	472000.000
7852	494	494000.000
7853	520	520000.000
7854	464	464000.000
7855	440	440000.000
7856	447	447000.000
7857	460	460000.000
7858	469	469000.000
7859	461	461000.000
7860	464	464000.000
7861	508	508000.000
7862	460	460000.000
7863	468	468000.000
7864	460	460000.000
7865	494	494000.000
7866	517	517000.000
7867	467	467000.000
7868	452	452000.000
7869	487	487000.000
7870	478	478000.000
7871	448	448000.000
7872	461	461000.000
7873	478	478000.000
7874	483	483000.000
7875	493	493000.000
7876	488	488000.000
7877	460	460000.000
7878	460	460000.000
7879	447	447000.000
7880	453	453000.000
7881	468	468000.000
7882	486	486000.000
7883	466	466000.000
7884	439	439000.000
7885	459	459000.000
7886	479	479000.000
7887	498	498000.000
7888	466	466000.000
7889	470	470000.000
7890	453	453000.000
7891	450	450000.000
7892	478	478000.000
7893	460	460000.000
7894	508	508000.000
7895	460	460000.000
7896	457	457000.000
7897	481	481000.000
7898	456	456000.000
7899	441	441000.000
7900	485	485000.000
7901	553	553000.000
7902	471	471000.000
7903	459	459000.000
7904	447	447000.000
7905	474	474000.000
7906	467	467000.000
7907	455	455000.000
7908	481	481000.000
7909	471	471000.000
7910	502	502000.000
7911	503	503000.000
7912	483	483000.000
7913	466	466000.000
7914	492	492000.000
7915	494	494000.000
7916	428	428000.000
7917	496	496000.000
7918	479	479000.000
7919	483	483000.000
7920	473	473000.000
7921	424	424000.000
7922	503	503000.000
7923	459	459000.000
7924	442	442000.000
7925	476	476000.000
7926	452	452000.000
7927	490	490000.000
7928	481	481000.000
7929	475	475000.000
7930	436	436000.000
7931	463	463000.000
7932	456	456000.000
7933	456	456000.000
7934	492	492000.000
7935	476	476000.000
7936	460	460000.000
7937	465	465000.000
7938	476	476000.000
7939	468	468000.000
7940	489	489000.000
7941	473	473000.000
7942	485	485000.000
7943	452	452000.000
7944	460	460000.000
7945	439	439000.000
7946	446	446000.000
7947	434	434000.000
7948	499	499000.000
7949	466	466000.000
7950	458	458000.000
7951	506	506000.000
7952	445	445000.000
7953	465	465000.000
7954	491	491000.000
7955	474	474000.000
7956	486	486000.000
7957	465	465000.000
7958	485	485000.000
7959	480	480000.000
7960	440	440000.000
7961	484	484000.000
7962	493	493000.000
7963	478	478000.000
7964	506	506000.000
7965	473	473000.000
7966	445	445000.000
7967	462	462000.000
7968	442	442000.000
7969	511	511000.000
7970	438	438000.000
7971	486	486000.000
7972	516	516000.000
7973	536	536000.000
7974	459	459000.000
7975	491	491000.000
7976	455	455000.000
7977	447	447000.000
7978	461	461000.000
7979	470	470000.000
7980	489	489000.000
7981	498	498000.000
7982	504	504000.000
7983	473	473000.000
7984	489	489000.000
7985	519	519000.000
7986	464	464000.000
7987	472	472000.000
7988	499	499000.000
7989	468	468000.000
7990	495	495000.000
7991	497	497000.000
7992	474	474000.000
7993	458	458000.000
7994	475	475000.000
7995	491	491000.000
7996	504	504000.000
7997	482	482000.000
7998	471	471000.000
7999	503	503000.000
8000	498	498000.000
8001	483	483000.000
8002	482	482000.000
8003	462	462000.000
8004	463	463000.000
8005	486	486000.000
8006	461	461000.000
8007	466	466000.000
8008	490	490000.000
8009	463	463000.000
8010	445	445000.000
8011	513	513000.000
8012	489	489000.000
8013	466	466000.000
8014	504	504000.000
8015	485	485000.000
8016	486	486000.000
8017	464	464000.000
8018	473	473000.000
8019	477	477000.000
8020	475	475000.000
8021	438	438000.000
8022	442	442000.000
8023	496	496000.000
8024	455	455000.000
8025	484	484000.000
8026	517	517000.000
8027	469	469000.000
8028	475	475000.000
8029	495	495000.000
8030	436	436000.000
8031	483	483000.000
8032	444	444000.000
8033	477	477000.000
8034	461	461000.000
8035	481	481000.000
8036	500	500000.000
8037	466	466000.000
8038	471	471000.000
8039	472	472000.000
8040	429	429000.000
8041	450	450000.000
8042	449	449000.000
8043	465	465000.000
8044	484	484000.000
8045	491	491000.000
8046	488	488000.000
8047	499	499000.000
8048	459	459000.000
8049	476	476000.000
8050	444	444000.000
8051	456	456000.000
8052	445	445000.000
8053	490	490000.000
8054	453	453000.000
8055	473	473000.000
8056	469	469000.000
8057	471	471000.000
8058	473	473000.000
8059	473	473000.000
8060	513	513000.000
8061	474	474000.000
8062	512	512000.000
8063	475	475000.000
8064	466	466000.000
8065	454	454000.000
8066	484	484000.000
8067	471	471000.000
8068	478	478000.000
8069	488	488000.000
8070	427	427000.000
8071	444	444000.000
8072	454	454000.000
8073	449	449000.000
8074	488	488000.000
8075	487	487000.000
8076	478	478000.000
8077	447	447000.000
8078	427	427000.000
8079	478	478000.000
8080	469	469000.000
8081	484	484000.000
8082	455	455000.000
8083	470	470000.000
8084	451	451000.000
8085	452	452000.000
8086	481	481000.000
8087	462	462000.000
8088	501	501000.000
8089	488	488000.000
8090	467	467000.000
8091	493	493000.000
8092	437	437000.000
8093	496	496000.000
8094	453	453000.000
8095	496	496000.000
8096	484	484000.000
8097	470	470000.000
8098	483	483000.000
8099	484	484000.000
8100	474	474000.000
8101	471	471000.000
8102	446	446000.000
8103	433	433000.000
8104	510	510000.000
8105	484	484000.000
8106	499	499000.000
8107	466	466000.000
8108	496	496000.000
8109	467	467000.000
8110	475	475000.000
8111	489	489000.000
8112	516	516000.000
8113	466	466000.000
8114	478	478000.000
8115	469	469000.000
8116	486	486000.000
8117	476	476000.000
8118	505	505000.000
8119	481	481000.000
8120	453	453000.000
8121	475	475000.000
8122	482	482000.000
8123	466	466000.000
8124	473	473000.000
8125	453	453000.000
8126	476	476000.000
8127	494	494000.000
8128	517	517000.000
8129	424	424000.000
8130	462	462000.000
8131	465	465000.000
8132	460	460000.000
8133	462	462000.000
8134	447	447000.000
8135	461	461000.000
8136	524	524000.000
8137	433	433000.000
8138	489	489000.000
8139	479	479000.000
8140	445	445000.000
8141	450	450000.000
8142	476	476000.000
8143	478	478000.000
8144	453	453000.000
8145	471	471000.000
8146	484	484000.000
8147	467	467000.000
8148	476	476000.000
8149	502	502000.000
8150	472	472000.000
8151	470	470000.000
8152	472	472000.000
8153	449	449000.000
8154	477	477000.000
8155	430	430000.000
8156	435	435000.000
8157	482	482000.000
8158	452	452000.000
8159	446	446000.000
8160	494	494000.000
8161	478	478000.000
8162	510	510000.000
8163	437	437000.000
8164	461	461000.000
8165	479	479000.000
8166	489	489000.000
8167	505	505000.000
8168	497	497000.000
8169	480	480000.000
8170	465	465000.000
8171	473	473000.000
8172	522	522000.000
8173	470	470000.000
8174	500	500000.000
8175	482	482000.000
8176	476	476000.000
8177	490	490000.000
8178	459	459000.000
8179	483	483000.000
8180	467	467000.000
8181	470	470000.000
8182	476	476000.000
8183	480	480000.000
8184	450	450000.000
8185	453	453000.000
8186	464	464000.000
8187	498	498000.000
8188	459	459000.000
8189	468	468000.000
8190	499	499000.000
8191	450	450000.000
8192	472	472000.000
8193	464	464000.000
8194	458	458000.000
8195	502	502000.000
8196	476	476000.000
8197	470	470000.000
8198	500	500000.000
8199	465	465000.000
8200	446	446000.000
8201	450	450000.000
8202	451	451000.000
8203	473	473000.000
8204	469	469000.000
8205	447	447000.000
8206	436	436000.000
8207	436	436000.000
8208	500	500000.000
8209	524	524000.000
8210	462	462000.000
8211	451	451000.000
8212	450	450000.000
8213	453	453000.000
8214	470	470000.000
8215	461	461000.000
8216	498	498000.000
8217	488	488000.000
8218	495	495000.000
8219	492	492000.000
8220	464	464000.000
8221	464	464000.000
8222	481	481000.000
8223	471	471000.000
8224	465	465000.000
8225	474	474000.000
8226	486	486000.000
8227	485	485000.000
8228	473	473000.000
8229	431	431000.000
8230	501	501000.000
8231	478	478000.000
8232	462	462000.000
8233	482	482000.000
8234	478	478000.000
8235	464	464000.000
8236	475	475000.000
8237	485	485000.000
8238	435	435000.000
8239	468	468000.000
8240	475	475000.000
8241	469	469000.000
8242	465	465000.000
8243	484	484000.000
8244	472	472000.000
8245	485	485000.000
8246	476	476000.000
8247	463	463000.000
8248	493	493000.000
8249	497	497000.000
8250	488	488000.000
8251	482	482000.000
8252	474	474000.000
8253	504	504000.000
8254	473	473000.000
8255	451	451000.000
8256	453	453000.000
8257	471	471000.000
8258	462	462000.000
8259	452	452000.000
8260	458	458000.000
8261	459	459000.000
8262	451	451000.000
8263	493	493000.000
8264	491	491000.000
8265	475	475000.000
8266	442	442000.000
8267	449	449000.000
8268	508	508000.000
8269	476	476000.000
8270	482	482000.000
8271	475	475000.000
8272	472	472000.000
8273	494	494000.000
8274	450	450000.000
8275	447	447000.000
8276	490	490000.000
8277	465	465000.000
8278	476	476000.000
8279	506	506000.000
8280	481	481000.000
8281	471	471000.000
8282	474	474000.000
8283	465	465000.000
8284	498	498000.000
8285	457	457000.000
8286	511	511000.000
8287	478	478000.000
8288	467	467000.000
8289	497	497000.000
8290	484	484000.000
8291	481	481000.000
8292	472	472000.000
8293	469	469000.000
8294	476	476000.000
8295	474	474000.000
8296	505	505000.000
8297	476	476000.000
8298	486	486000.000
8299	503	503000.000
8300	481	481000.000
8301	457	457000.000
8302	473	473000.000
8303	489	489000.000
8304	429	429000.000
8305	445	445000.000
8306	441	441000.000
8307	484	484000.000
8308	472	472000.000
8309	463	463000.000
8310	488	488000.000
8311	494	494000.000
8312	469	469000.000
8313	457	457000.000
8314	503	503000.000
8315	443	443000.000
8316	455	455000.000
8317	470	470000.000
8318	452	452000.000
8319	486	486000.000
8320	462	462000.000
8321	508	508000.000
8322	498	498000.000
8323	485	485000.000
8324	461	461000.000
8325	471	471000.000
8326	448	448000.000
8327	447	447000.000
8328	462	462000.000
8329	493	493000.000
8330	484	484000.000
8331	531	531000.000
8332	490	490000.000
8333	524	524000.000
8334	498	498000.000
8335	476	476000.000
8336	473	473000.000
8337	443	443000.000
8338	455	455000.000
8339	454	454000.000
8340	490	490000.000
8341	486	486000.000
8342	491	491000.000
8343	512	512000.000
8344	452	452000.000
8345	481	481000.000
8346	481	481000.000
8347	478	478000.000
8348	478	478000.000
8349	459	459000.000
8350	474	474000.000
8351	492	492000.000
8352	447	447000.000
8353	494	494000.000
8354	434	434000.000
8355	477	477000.000
8356	496	496000.000
8357	452	452000.000
8358	480	480000.000
8359	467	467000.000
8360	526	526000.000
8361	501	501000.000
8362	467	467000.000
8363	458	458000.000
8364	508	508000.000
8365	461	461000.000
8366	494	494000.000
8367	458	458000.000
8368	494	494000.000
8369	470	470000.000
8370	464	464000.000
8371	503	503000.000
8372	429	429000.000
8373	476	476000.000
8374	493	493000.000
8375	468	468000.000
8376	451	451000.000
8377	503	503000.000
8378	494	494000.000
8379	462	462000.000
8380	460	460000.000
8381	497	497000.000
8382	445	445000.000
8383	461	461000.000
8384	492	492000.000
8385	474	474000.000
8386	449	449000.000
8387	491	491000.000
8388	509	509000.000
8389	475	475000.000
8390	519	519000.000
8391	477	477000.000
8392	468	468000.000
8393	502	502000.000
8394	484	484000.000
8395	459	459000.000
8396	469	469000.000
8397	479	479000.000
8398	485	485000.000
8399	453	453000.000
8400	461	461000.000
8401	457	457000.000
8402	510	510000.000
8403	473	473000.000
8404	472	472000.000
8405	493	493000.000
8406	492	492000.000
8407	510	510000.000
8408	464	464000.000
8409	502	502000.000
8410	486	486000.000
8411	500	500000.000
8412	498	498000.000
8413	500	500000.000
8414	476	476000.000
8415	497	497000.000
8416	468	468000.000
8417	452	452000.000
8418	452	452000.000
8419	473	473000.000
8420	446	446000.000
8421	466	466000.000
8422	467	467000.000
8423	450	450000.000
8424	483	483000.000
8425	465	465000.000
8426	480	480000.000
8427	480	480000.000
8428	482	482000.000
8429	480	480000.000
8430	506	506000.000
8431	527	527000.000
8432	506	506000.000
8433	448	448000.000
8434	471	471000.000
8435	481	481000.000
8436	483	483000.000
8437	443	443000.000
8438	482	482000.000
8439	465	465000.000
8440	483	483000.000
8441	438	438000.000
8442	482	482000.000
8443	451	451000.000
8444	470	470000.000
8445	508	508000.000
8446	458	458000.000
8447	469	469000.000
8448	466	466000.000
8449	434	434000.000
8450	449	449000.000
8451	491	491000.000
8452	480	480000.000
8453	511	511000.000
8454	487	487000.000
8455	467	467000.000
8456	463	463000.000
8457	480	480000.000
8458	484	484000.000
8459	469	469000.000
8460	503	503000.000
8461	472	472000.000
8462	478	478000.000
8463	468	468000.000
8464	506	506000.000
8465	505	505000.000
8466	453	453000.000
8467	472	472000.000
8468	512	512000.000
8469	487	487000.000
8470	456	456000.000
8471	448	448000.000
8472	472	472000.000
8473	460	460000.000
8474	459	459000.000
8475	500	500000.000
8476	468	468000.000
8477	486	486000.000
8478	466	466000.000
8479	459	459000.000
8480	459	459000.000
8481	455	455000.000
8482	439	439000.000
8483	478	478000.000
8484	468	468000.000
8485	501	501000.000
8486	465	465000.000
8487	476	476000.000
8488	474	474000.000
8489	510	510000.000
8490	479	479000.000
8491	448	448000.000
8492	467	467000.000
8493	460	460000.000
8494	491	491000.000
8495	503	503000.000
8496	492	492000.000
8497	478	478000.000
8498	491	491000.000
8499	490	490000.000
8500	500	500000.000
8501	425	425000.000
8502	470	470000.000
8503	432	432000.000
8504	475	475000.000
8505	513	513000.000
8506	449	449000.000
8507	444	444000.000
8508	463	463000.000
8509	493	493000.000
8510	454	454000.000
8511	471	471000.000
8512	463	463000.000
8513	467	467000.000
8514	442	442000.000
8515	464	464000.000
8516	443	443000.000
8517	456	456000.000
8518	490	490000.000
8519	487	487000.000
8520	503	503000.000
8521	525	525000.000
8522	465	465000.000
8523	439	439000.000
8524	488	488000.000
8525	497	497000.000
8526	475	475000.000
8527	462	462000.000
8528	493	493000.000
8529	492	492000.000
8530	497	497000.000
8531	477	477000.000
8532	487	487000.000
8533	495	495000.000
8534	474	474000.000
8535	511	511000.000
8536	449	449000.000
8537	506	506000.000
8538	425	425000.000
8539	501	501000.000
8540	478	478000.000
8541	490	490000.000
8542	469	469000.000
8543	487	487000.000
8544	472	472000.000
8545	464	464000.000
8546	464	464000.000
8547	482	482000.000
8548	510	510000.000
8549	458	458000.000
8550	471	471000.000
8551	517	517000.000
8552	465	465000.000
8553	410	410000.000
8554	445	445000.000
8555	450	450000.000
8556	450	450000.000
8557	492	492000.000
8558	480	480000.000
8559	464	464000.000
8560	474	474000.000
8561	495	495000.000
8562	512	512000.000
8563	452	452000.000
8564	515	515000.000
8565	455	455000.000
8566	487	487000.000
8567	467	467000.000
8568	454	454000.000
8569	467	467000.000
8570	479	479000.000
8571	469	469000.000
8572	419	419000.000
8573	473	473000.000
8574	471	471000.000
8575	438	438000.000
8576	467	467000.000
8577	487	487000.000
8578	494	494000.000
8579	445	445000.000
8580	435	435000.000
8581	489	489000.000
8582	455	455000.000
8583	468	468000.000
8584	483	483000.000
8585	462	462000.000
8586	462	462000.000
8587	455	455000.000
8588	468	468000.000
8589	481	481000.000
8590	461	461000.000
8591	467	467000.000
8592	427	427000.000
8593	468	468000.000
8594	453	453000.000
8595	461	461000.000
8596	451	451000.000
8597	501	501000.000
8598	481	481000.000
8599	474	474000.000
8600	480	480000.000
8601	502	502000.000
8602	457	457000.000
8603	458	458000.000
8604	478	478000.000
8605	438	438000.000
8606	507	507000.000
8607	451	451000.000
8608	447	447000.000
8609	467	467000.000
8610	475	475000.000
8611	487	487000.000
8612	466	466000.000
8613	451	451000.000
8614	450	450000.000
8615	445	445000.000
8616	491	491000.000
8617	455	455000.000
8618	466	466000.000
8619	477	477000.000
8620	447	447000.000
8621	436	436000.000
8622	462	462000.000
8623	483	483000.000
8624	475	475000.000
8625	484	484000.000
8626	480	480000.000
8627	445	445000.000
8628	449	449000.000
8629	454	454000.000
8630	472	472000.000
8631	508	508000.000
8632	450	450000.000
8633	461	461000.000
8634	489	489000.000
8635	455	455000.000
8636	462	462000.000
8637	479	479000.000
8638	475	475000.000
8639	449	449000.000
8640	459	459000.000
8641	447	447000.000
8642	478	478000.000
8643	478	478000.000
8644	476	476000.000
8645	469	469000.000
8646	459	459000.000
8647	494	494000.000
8648	440	440000.000
8649	473	473000.000
8650	511	511000.000
8651	488	488000.000
8652	495	495000.000
8653	464	464000.000
8654	507	507000.000
8655	480	480000.000
8656	472	472000.000
8657	463	463000.000
8658	466	466000.000
8659	489	489000.000
8660	439	439000.000
8661	454	454000.000
8662	483	483000.000
8663	509	509000.000
8664	483	483000.000
8665	483	483000.000
8666	453	453000.000
8667	452	452000.000
8668	519	519000.000
8669	444	444000.000
8670	503	503000.000
8671	468	468000.000
8672	481	481000.000
8673	475	475000.000
8674	506	506000.000
8675	471	471000.000
8676	477	477000.000
8677	489	489000.000
8678	469	469000.000
8679	457	457000.000
8680	469	469000.000
8681	487	487000.000
8682	485	485000.000
8683	466	466000.000
8684	454	454000.000
8685	467	467000.000
8686	451	451000.000
8687	502	502000.000
8688	474	474000.000
8689	473	473000.000
8690	492	492000.000
8691	453	453000.000
8692	472	472000.000
8693	452	452000.000
8694	450	450000.000
8695	485	485000.000
8696	439	439000.000
8697	437	437000.000
8698	475	475000.000
8699	466	466000.000
8700	483	483000.000
8701	512	512000.000
8702	462	462000.000
8703	468	468000.000
8704	511	511000.000
8705	478	478000.000
8706	459	459000.000
8707	467	467000.000
8708	504	504000.000
8709	451	451000.000
8710	499	499000.000
8711	432	432000.000
8712	494	494000.000
8713	470	470000.000
8714	493	493000.000
8715	484	484000.000
8716	459	459000.000
8717	459	459000.000
8718	455	455000.000
8719	461	461000.000
8720	513	513000.000
8721	486	486000.000
8722	451	451000.000
8723	503	503000.000
8724	476	476000.000
8725	496	496000.000
8726	436	436000.000
8727	476	476000.000
8728	441	441000.000
8729	497	497000.000
8730	491	491000.000
8731	474	474000.000
8732	489	489000.000
8733	470	470000.000
8734	485	485000.000
8735	463	463000.000
8736	478	478000.000
8737	471	471000.000
8738	494	494000.000
8739	473	473000.000
8740	489	489000.000
8741	496	496000.000
8742	459	459000.000
8743	488	488000.000
8744	495	495000.000
8745	465	465000.000
8746	487	487000.000
8747	469	469000.000
8748	464	464000.000
8749	485	485000.000
8750	488	488000.000
8751	440	440000.000
8752	490	490000.000
8753	476	476000.000
8754	493	493000.000
8755	482	482000.000
8756	486	486000.000
8757	480	480000.000
8758	484	484000.000
8759	494	494000.000
8760	471	471000.000
8761	502	502000.000
8762	495	495000.000
8763	460	460000.000
8764	471	471000.000
8765	501	501000.000
8766	475	475000.000
8767	440	440000.000
8768	444	444000.000
8769	489	489000.000
8770	479	479000.000
8771	453	453000.000
8772	455	455000.000
8773	472	472000.000
8774	454	454000.000
8775	451	451000.000
8776	449	449000.000
8777	488	488000.000
8778	445	445000.000
8779	464	464000.000
8780	450	450000.000
8781	464	464000.000
8782	446	446000.000
8783	465	465000.000
8784	523	523000.000
8785	499	499000.000
8786	482	482000.000
8787	506	506000.000
8788	452	452000.000
8789	460	460000.000
8790	450	450000.000
8791	442	442000.000
8792	465	465000.000
8793	468	468000.000
8794	489	489000.000
8795	476	476000.000
8796	503	503000.000
8797	484	484000.000
8798	491	491000.000
8799	467	467000.000
8800	489	489000.000
8801	467	467000.000
8802	466	466000.000
8803	508	508000.000
8804	484	484000.000
8805	457	457000.000
8806	503	503000.000
8807	441	441000.000
8808	464	464000.000
8809	476	476000.000
8810	478	478000.000
8811	488	488000.000
8812	489	489000.000
8813	505	505000.000
8814	477	477000.000
8815	459	459000.000
8816	478	478000.000
8817	481	481000.000
8818	468	468000.000
8819	479	479000.000
8820	457	457000.000
8821	458	458000.000
8822	481	481000.000
8823	451	451000.000
8824	435	435000.000
8825	496	496000.000
8826	479	479000.000
8827	459	459000.000
8828	500	500000.000
8829	474	474000.000
8830	487	487000.000
8831	509	509000.000
8832	514	514000.000
8833	514	514000.000
8834	483	483000.000
8835	450	450000.000
8836	486	486000.000
8837	528	528000.000
8838	514	514000.000
8839	489	489000.000
8840	496	496000.000
8841	459	459000.000
8842	490	490000.000
8843	486	486000.000
8844	472	472000.000
8845	472	472000.000
8846	490	490000.000
8847	505	505000.000
8848	473	473000.000
8849	476	476000.000
8850	498	498000.000
8851	442	442000.000
8852	471	471000.000
8853	482	482000.000
8854	461	461000.000
8855	438	438000.000
8856	535	535000.000
8857	472	472000.000
8858	446	446000.000
8859	507	507000.000
8860	488	488000.000
8861	523	523000.000
8862	520	520000.000
8863	500	500000.000
8864	477	477000.000
8865	461	461000.000
8866	460	460000.000
8867	506	506000.000
8868	476	476000.000
8869	462	462000.000
8870	481	481000.000
8871	478	478000.000
8872	474	474000.000
8873	460	460000.000
8874	451	451000.000
8875	449	449000.000
8876	496	496000.000
8877	457	457000.000
8878	492	492000.000
8879	467	467000.000
8880	457	457000.000
8881	485	485000.000
8882	443	443000.000
8883	479	479000.000
8884	465	465000.000
8885	466	466000.000
8886	457	457000.000
8887	463	463000.000
8888	451	451000.000
8889	473	473000.000
8890	468	468000.000
8891	478	478000.000
8892	469	469000.000
8893	453	453000.000
8894	441	441000.000
8895	527	527000.000
8896	512	512000.000
8897	505	505000.000
8898	479	479000.000
8899	455	455000.000
8900	490	490000.000
8901	457	457000.000
8902	502	502000.000
8903	483	483000.000
8904	472	472000.000
8905	466	466000.000
8906	478	478000.000
8907	458	458000.000
8908	431	431000.000
8909	511	511000.000
8910	451	451000.000
8911	453	453000.000
8912	473	473000.000
8913	462	462000.000
8914	471	471000.000
8915	418	418000.000
8916	509	509000.000
8917	487	487000.000
8918	448	448000.000
8919	451	451000.000
8920	468	468000.000
8921	462	462000.000
8922	494	494000.000
8923	448	448000.000
8924	485	485000.000
8925	457	457000.000
8926	474	474000.000
8927	436	436000.000
8928	462	462000.000
8929	468	468000.000
8930	454	454000.000
8931	440	440000.000
8932	497	497000.000
8933	443	443000.000
8934	452	452000.000
8935	487	487000.000
8936	474	474000.000
8937	458	458000.000
8938	479	479000.000
8939	499	499000.000
8940	457	457000.000
8941	453	453000.000
8942	482	482000.000
8943	490	490000.000
8944	507	507000.000
8945	478	478000.000
8946	495	495000.000
8947	511	511000.000
8948	489	489000.000
8949	448	448000.000
8950	513	513000.000
8951	476	476000.000
8952	480	480000.000
8953	465	465000.000
8954	439	439000.000
8955	497	497000.000
8956	478	478000.000
8957	447	447000.000
8958	474	474000.000
8959	458	458000.000
8960	472	472000.000
8961	438	438000.000
8962	494	494000.000
8963	471	471000.000
8964	449	449000.000
8965	494	494000.000
8966	497	497000.000
8967	464	464000.000
8968	473	473000.000
8969	473	473000.000
8970	488	488000.000
8971	451	451000.000
8972	475	475000.000
8973	436	436000.000
8974	453	453000.000
8975	460	460000.000
8976	455	455000.000
8977	460	460000.000
8978	466	466000.000
8979	503	503000.000
8980	491	491000.000
8981	466	466000.000
8982	464	464000.000
8983	455	455000.000
8984	454	454000.000
8985	433	433000.000
8986	434	434000.000
8987	516	516000.000
8988	450	450000.000
8989	437	437000.000
8990	482	482000.000
8991	501	501000.000
8992	471	471000.000
8993	451	451000.000
8994	450	450000.000
8995	438	438000.000
8996	481	481000.000
8997	482	482000.000
8998	486	486000.000
8999	453	453000.000
9000	464	464000.000
9001	440	440000.000
9002	495	495000.000
9003	479	479000.000
9004	463	463000.000
9005	491	491000.000
9006	443	443000.000
9007	462	462000.000
9008	494	494000.000
9009	485	485000.000
9010	504	504000.000
9011	481	481000.000
9012	489	489000.000
9013	508	508000.000
9014	459	459000.000
9015	467	467000.000
9016	451	451000.000
9017	489	489000.000
9018	499	499000.000
9019	475	475000.000
9020	528	528000.000
9021	438	438000.000
9022	414	414000.000
9023	453	453000.000
9024	480	480000.000
9025	483	483000.000
9026	473	473000.000
9027	474	474000.000
9028	485	485000.000
9029	473	473000.000
9030	504	504000.000
9031	458	458000.000
9032	464	464000.000
9033	476	476000.000
9034	469	469000.000
9035	498	498000.000
9036	470	470000.000
9037	431	431000.000
9038	474	474000.000
9039	455	455000.000
9040	463	463000.000
9041	455	455000.000
9042	482	482000.000
9043	452	452000.000
9044	471	471000.000
9045	468	468000.000
9046	482	482000.000
9047	448	448000.000
9048	481	481000.000
9049	476	476000.000
9050	478	478000.000
9051	492	492000.000
9052	446	446000.000
9053	423	423000.000
9054	473	473000.000
9055	484	484000.000
9056	510	510000.000
9057	486	486000.000
9058	471	471000.000
9059	460	460000.000
9060	485	485000.000
9061	460	460000.000
9062	472	472000.000
9063	458	458000.000
9064	455	455000.000
9065	525	525000.000
9066	501	501000.000
9067	471	471000.000
9068	447	447000.000
9069	493	493000.000
9070	485	485000.000
9071	481	481000.000
9072	505	505000.000
9073	478	478000.000
9074	492	492000.000
9075	452	452000.000
9076	453	453000.000
9077	500	500000.000
9078	454	454000.000
9079	462	462000.000
9080	432	432000.000
9081	456	456000.000
9082	446	446000.000
9083	472	472000.000
9084	443	443000.000
9085	484	484000.000
9086	475	475000.000
9087	477	477000.000
9088	427	427000.000
9089	449	449000.000
9090	473	473000.000
9091	463	463000.000
9092	474	474000.000
9093	450	450000.000
9094	440	440000.000
9095	473	473000.000
9096	473	473000.000
9097	498	498000.000
9098	535	535000.000
9099	457	457000.000
9100	472	472000.000
9101	510	510000.000
9102	442	442000.000
9103	480	480000.000
9104	472	472000.000
9105	456	456000.000
9106	480	480000.000
9107	517	517000.000
9108	491	491000.000
9109	462	462000.000
9110	503	503000.000
9111	451	451000.000
9112	443	443000.000
9113	448	448000.000
9114	476	476000.000
9115	493	493000.000
9116	497	497000.000
9117	460	460000.000
9118	449	449000.000
9119	448	448000.000
9120	443	443000.000
9121	489	489000.000
9122	442	442000.000
9123	475	475000.000
9124	472	472000.000
9125	486	486000.000
9126	460	460000.000
9127	434	434000.000
9128	460	460000.000
9129	484	484000.000
9130	464	464000.000
9131	494	494000.000
9132	498	498000.000
9133	453	453000.000
9134	436	436000.000
9135	462	462000.000
9136	525	525000.000
9137	457	457000.000
9138	459	459000.000
9139	484	484000.000
9140	437	437000.000
9141	519	519000.000
9142	497	497000.000
9143	447	447000.000
9144	510	510000.000
9145	470	470000.000
9146	487	487000.000
9147	471	471000.000
9148	467	467000.000
9149	476	476000.000
9150	491	491000.000
9151	467	467000.000
9152	448	448000.000
9153	486	486000.000
9154	463	463000.000
9155	471	471000.000
9156	457	457000.000
9157	429	429000.000
9158	478	478000.000
9159	463	463000.000
9160	393	393000.000
9161	472	472000.000
9162	463	463000.000
9163	472	472000.000
9164	487	487000.000
9165	476	476000.000
9166	486	486000.000
9167	477	477000.000
9168	483	483000.000
9169	462	462000.000
9170	446	446000.000
9171	479	479000.000
9172	499	499000.000
9173	461	461000.000
9174	500	500000.000
9175	481	481000.000
9176	466	466000.000
9177	479	479000.000
9178	500	500000.000
9179	488	488000.000
9180	446	446000.000
9181	455	455000.000
9182	430	430000.000
9183	433	433000.000
9184	497	497000.000
9185	501	501000.000
9186	471	471000.000
9187	470	470000.000
9188	474	474000.000
9189	441	441000.000
9190	466	466000.000
9191	445	445000.000
9192	491	491000.000
9193	494	494000.000
9194	456	456000.000
9195	432	432000.000
9196	474	474000.000
9197	502	502000.000
9198	482	482000.000
9199	455	455000.000
9200	469	469000.000
9201	458	458000.000
9202	472	472000.000
9203	473	473000.000
9204	451	451000.000
9205	492	492000.000
9206	454	454000.000
9207	447	447000.000
9208	496	496000.000
9209	433	433000.000
9210	473	473000.000
9211	453	453000.000
9212	463	463000.000
9213	498	498000.000
9214	507	507000.000
9215	478	478000.000
9216	494	494000.000
9217	459	459000.000
9218	500	500000.000
9219	485	485000.000
9220	464	464000.000
9221	453	453000.000
9222	460	460000.000
9223	473	473000.000
9224	447	447000.000
9225	472	472000.000
9226	458	458000.000
9227	498	498000.000
9228	430	430000.000
9229	511	511000.000
9230	481	481000.000
9231	475	475000.000
9232	474	474000.000
9233	521	521000.000
9234	497	497000.000
9235	525	525000.000
9236	454	454000.000
9237	456	456000.000
9238	522	522000.000
9239	481	481000.000
9240	451	451000.000
9241	481	481000.000
9242	470	470000.000
9243	496	496000.000
9244	484	484000.000
9245	495	495000.000
9246	503	503000.000
9247	483	483000.000
9248	485	485000.000
9249	457	457000.000
9250	472	472000.000
9251	478	478000.000
9252	468	468000.000
9253	464	464000.000
9254	442	442000.000
9255	458	458000.000
9256	524	524000.000
9257	496	496000.000
9258	439	439000.000
9259	435	435000.000
9260	462	462000.000
9261	520	520000.000
9262	472	472000.000
9263	448	448000.000
9264	471	471000.000
9265	451	451000.000
9266	462	462000.000
9267	444	444000.000
9268	450	450000.000
9269	469	469000.000
9270	500	500000.000
9271	489	489000.000
9272	482	482000.000
9273	471	471000.000
9274	466	466000.000
9275	464	464000.000
9276	464	464000.000
9277	466	466000.000
9278	482	482000.000
9279	501	501000.000
9280	457	457000.000
9281	409	409000.000
9282	476	476000.000
9283	477	477000.000
9284	466	466000.000
9285	460	460000.000
9286	470	470000.000
9287	499	499000.000
9288	462	462000.000
9289	493	493000.000
9290	456	456000.000
9291	448	448000.000
9292	485	485000.000
9293	446	446000.000
9294	506	506000.000
9295	436	436000.000
9296	460	460000.000
9297	467	467000.000
9298	492	492000.000
9299	501	501000.000
9300	481	481000.000
9301	482	482000.000
9302	468	468000.000
9303	458	458000.000
9304	468	468000.000
9305	497	497000.000
9306	458	458000.000
9307	485	485000.000
9308	445	445000.000
9309	467	467000.000
9310	498	498000.000
9311	501	501000.000
9312	469	469000.000
9313	495	495000.000
9314	451	451000.000
9315	485	485000.000
9316	442	442000.000
9317	455	455000.000
9318	472	472000.000
9319	453	453000.000
9320	486	486000.000
9321	468	468000.000
9322	449	449000.000
9323	516	516000.000
9324	497	497000.000
9325	493	493000.000
9326	440	440000.000
9327	474	474000.000
9328	496	496000.000
9329	467	467000.000
9330	477	477000.000
9331	485	485000.000
9332	494	494000.000
9333	482	482000.000
9334	484	484000.000
9335	475	475000.000
9336	444	444000.000
9337	472	472000.000
9338	457	457000.000
9339	460	460000.000
9340	486	486000.000
9341	494	494000.000
9342	483	483000.000
9343	509	509000.000
9344	464	464000.000
9345	461	461000.000
9346	467	467000.000
9347	496	496000.000
9348	446	446000.000
9349	473	473000.000
9350	517	517000.000
9351	460	460000.000
9352	467	467000.000
9353	484	484000.000
9354	453	453000.000
9355	466	466000.000
9356	422	422000.000
9357	436	436000.000
9358	493	493000.000
9359	460	460000.000
9360	444	444000.000
9361	466	466000.000
9362	466	466000.000
9363	464	464000.000
9364	480	480000.000
9365	462	462000.000
9366	485	485000.000
9367	491	491000.000
9368	490	490000.000
9369	461	461000.000
9370	450	450000.000
9371	495	495000.000
9372	500	500000.000
9373	449	449000.000
9374	457	457000.000
9375	510	510000.000
9376	454	454000.000
9377	437	437000.000
9378	483	483000.000
9379	489	489000.000
9380	465	465000.000
9381	482	482000.000
9382	466	466000.000
9383	504	504000.000
9384	486	486000.000
9385	444	444000.000
9386	494	494000.000
9387	464	464000.000
9388	458	458000.000
9389	479	479000.000
9390	497	497000.000
9391	443	443000.000
9392	464	464000.000
9393	473	473000.000
9394	489	489000.000
9395	424	424000.000
9396	442	442000.000
9397	443	443000.000
9398	463	463000.000
9399	493	493000.000
9400	510	510000.000
9401	456	456000.000
9402	471	471000.000
9403	478	478000.000
9404	434	434000.000
9405	475	475000.000
9406	473	473000.000
9407	455	455000.000
9408	472	472000.000
9409	434	434000.000
9410	502	502000.000
9411	470	470000.000
9412	457	457000.000
9413	457	457000.000
9414	465	465000.000
9415	507	507000.000
9416	435	435000.000
9417	465	465000.000
9418	524	524000.000
9419	497	497000.000
9420	426	426000.000
9421	475	475000.000
9422	475	475000.000
9423	426	426000.000
9424	473	473000.000
9425	502	502000.000
9426	487	487000.000
9427	488	488000.000
9428	488	488000.000
9429	478	478000.000
9430	465	465000.000
9431	481	481000.000
9432	471	471000.000
9433	478	478000.000
9434	497	497000.000
9435	544	544000.000
9436	511	511000.000
9437	438	438000.000
9438	447	447000.000
9439	430	430000.000
9440	437	437000.000
9441	494	494000.000
9442	470	470000.000
9443	471	471000.000
9444	450	450000.000
9445	452	452000.000
9446	496	496000.000
9447	441	441000.000
9448	508	508000.000
9449	429	429000.000
9450	442	442000.000
9451	488	488000.000
9452	461	461000.000
9453	473	473000.000
9454	473	473000.000
9455	467	467000.000
9456	479	479000.000
9457	437	437000.000
9458	456	456000.000
9459	450	450000.000
9460	466	466000.000
9461	483	483000.000
9462	483	483000.000
9463	453	453000.000
9464	463	463000.000
9465	439	439000.000
9466	462	462000.000
9467	510	510000.000
9468	485	485000.000
9469	470	470000.000
9470	473	473000.000
9471	480	480000.000
9472	476	476000.000
9473	490	490000.000
9474	476	476000.000
9475	467	467000.000
9476	490	490000.000
9477	461	461000.000
9478	481	481000.000
9479	510	510000.000
9480	489	489000.000
9481	464	464000.000
9482	493	493000.000
9483	496	496000.000
9484	425	425000.000
9485	457	457000.000
9486	481	481000.000
9487	512	512000.000
9488	476	476000.000
9489	457	457000.000
9490	476	476000.000
9491	474	474000.000
9492	485	485000.000
9493	504	504000.000
9494	470	470000.000
9495	472	472000.000
9496	480	480000.000
9497	469	469000.000
9498	468	468000.000
9499	463	463000.000
9500	472	472000.000
9501	462	462000.000
9502	495	495000.000
9503	462	462000.000
9504	458	458000.000
9505	495	495000.000
9506	528	528000.000
9507	511	511000.000
9508	460	460000.000
9509	479	479000.000
9510	494	494000.000
9511	480	480000.000
9512	454	454000.000
9513	483	483000.000
9514	476	476000.000
9515	512	512000.000
9516	478	478000.000
9517	469	469000.000
9518	498	498000.000
9519	485	485000.000
9520	445	445000.000
9521	491	491000.000
9522	470	470000.000
9523	459	459000.000
9524	485	485000.000
9525	436	436000.000
9526	461	461000.000
9527	453	453000.000
9528	477	477000.000
9529	493	493000.000
9530	499	499000.000
9531	464	464000.000
9532	473	473000.000
9533	506	506000.000
9534	487	487000.000
9535	457	457000.000
9536	525	525000.000
9537	486	486000.000
9538	476	476000.000
9539	458	458000.000
9540	443	443000.000
9541	475	475000.000
9542	501	501000.000
9543	499	499000.000
9544	464	464000.000
9545	431	431000.000
9546	497	497000.000
9547	450	450000.000
9548	452	452000.000
9549	470	470000.000
9550	520	520000.000
9551	479	479000.000
9552	444	444000.000
9553	459	459000.000
9554	456	456000.000
9555	486	486000.000
9556	474	474000.000
9557	485	485000.000
9558	471	471000.000
9559	459	459000.000
9560	456	456000.000
9561	489	489000.000
9562	467	467000.000
9563	500	500000.000
9564	512	512000.000
9565	516	516000.000
9566	440	440000.000
9567	455	455000.000
9568	470	470000.000
9569	459	459000.000
9570	490	490000.000
9571	476	476000.000
9572	427	427000.000
9573	480	480000.000
9574	433	433000.000
9575	460	460000.000
9576	509	509000.000
9577	488	488000.000
9578	475	475000.000
9579	491	491000.000
9580	484	484000.000
9581	492	492000.000
9582	430	430000.000
9583	478	478000.000
9584	453	453000.000
9585	448	448000.000
9586	461	461000.000
9587	498	498000.000
9588	445	445000.000
9589	498	498000.000
9590	493	493000.000
9591	448	448000.000
9592	469	469000.000
9593	512	512000.000
9594	475	475000.000
9595	502	502000.000
9596	482	482000.000
9597	421	421000.000
9598	476	476000.000
9599	467	467000.000
9600	436	436000.000
9601	468	468000.000
9602	476	476000.000
9603	475	475000.000
9604	490	490000.000
9605	459	459000.000
9606	469	469000.000
9607	445	445000.000
9608	443	443000.000
9609	507	507000.000
9610	442	442000.000
9611	483	483000.000
9612	506	506000.000
9613	408	408000.000
9614	468	468000.000
9615	451	451000.000
9616	448	448000.000
9617	512	512000.000
9618	511	511000.000
9619	476	476000.000
9620	454	454000.000
9621	491	491000.000
9622	477	477000.000
9623	457	457000.000
9624	457	457000.000
9625	488	488000.000
9626	400	400000.000
9627	496	496000.000
9628	491	491000.000
9629	465	465000.000
9630	441	441000.000
9631	511	511000.000
9632	481	481000.000
9633	466	466000.000
9634	467	467000.000
9635	477	477000.000
9636	458	458000.000
9637	465	465000.000
9638	454	454000.000
9639	466	466000.000
9640	474	474000.000
9641	500	500000.000
9642	460	460000.000
9643	479	479000.000
9644	452	452000.000
9645	475	475000.000
9646	422	422000.000
9647	475	475000.000
9648	489	489000.000
9649	496	496000.000
9650	517	517000.000
9651	444	444000.000
9652	467	467000.000
9653	471	471000.000
9654	500	500000.000
9655	465	465000.000
9656	458	458000.000
9657	486	486000.000
9658	471	471000.000
9659	505	505000.000
9660	486	486000.000
9661	476	476000.000
9662	472	472000.000
9663	437	437000.000
9664	482	482000.000
9665	497	497000.000
9666	504	504000.000
9667	460	460000.000
9668	495	495000.000
9669	465	465000.000
9670	467	467000.000
9671	469	469000.000
9672	479	479000.000
9673	475	475000.000
9674	449	449000.000
9675	465	465000.000
9676	474	474000.000
9677	470	470000.000
9678	453	453000.000
9679	507	507000.000
9680	480	480000.000
9681	462	462000.000
9682	470	470000.000
9683	477	477000.000
9684	470	470000.000
9685	480	480000.000
9686	474	474000.000
9687	490	490000.000
9688	474	474000.000
9689	461	461000.000
9690	489	489000.000
9691	484	484000.000
9692	458	458000.000
9693	453	453000.000
9694	470	470000.000
9695	471	471000.000
9696	458	458000.000
9697	486	486000.000
9698	491	491000.000
9699	457	457000.000
9700	482	482000.000
9701	476	476000.000
9702	487	487000.000
9703	429	429000.000
9704	506	506000.000
9705	493	493000.000
9706	460	460000.000
9707	477	477000.000
9708	471	471000.000
9709	510	510000.000
9710	477	477000.000
9711	475	475000.000
9712	500	500000.000
9713	465	465000.000
9714	490	490000.000
9715	475	475000.000
9716	456	456000.000
9717	483	483000.000
9718	496	496000.000
9719	425	425000.000
9720	503	503000.000
9721	473	473000.000
9722	461	461000.000
9723	448	448000.000
9724	471	471000.000
9725	503	503000.000
9726	491	491000.000
9727	481	481000.000
9728	496	496000.000
9729	495	495000.000
9730	443	443000.000
9731	438	438000.000
9732	462	462000.000
9733	434	434000.000
9734	448	448000.000
9735	452	452000.000
9736	480	480000.000
9737	489	489000.000
9738	487	487000.000
9739	470	470000.000
9740	466	466000.000
9741	446	446000.000
9742	481	481000.000
9743	460	460000.000
9744	493	493000.000
9745	517	517000.000
9746	495	495000.000
9747	476	476000.000
9748	508	508000.000
9749	494	494000.000
9750	484	484000.000
9751	473	473000.000
9752	477	477000.000
9753	505	505000.000
9754	484	484000.000
9755	464	464000.000
9756	493	493000.000
9757	480	480000.000
9758	488	488000.000
9759	493	493000.000
9760	482	482000.000
9761	486	486000.000
9762	462	462000.000
9763	486	486000.000
9764	475	475000.000
9765	465	465000.000
9766	436	436000.000
9767	445	445000.000
9768	465	465000.000
9769	495	495000.000
9770	468	468000.000
9771	481	481000.000
9772	481	481000.000
9773	460	460000.000
9774	524	524000.000
9775	488	488000.000
9776	453	453000.000
9777	488	488000.000
9778	473	473000.000
9779	482	482000.000
9780	484	484000.000
9781	474	474000.000
9782	500	500000.000
9783	462	462000.000
9784	463	463000.000
9785	499	499000.000
9786	450	450000.000
9787	506	506000.000
9788	431	431000.000
9789	452	452000.000
9790	479	479000.000
9791	443	443000.000
9792	468	468000.000
9793	491	491000.000
9794	506	506000.000
9795	460	460000.000
9796	475	475000.000
9797	470	470000.000
9798	447	447000.000
9799	502	502000.000
9800	478	478000.000
9801	470	470000.000
9802	510	510000.000
9803	489	489000.000
9804	457	457000.000
9805	443	443000.000
9806	473	473000.000
9807	441	441000.000
9808	480	480000.000
9809	476	476000.000
9810	475	475000.000
9811	506	506000.000
9812	479	479000.000
9813	433	433000.000
9814	495	495000.000
9815	475	475000.000
9816	496	496000.000
9817	487	487000.000
9818	457	457000.000
9819	467	467000.000
9820	466	466000.000
9821	454	454000.000
9822	452	452000.000
9823	473	473000.000
9824	471	471000.000
9825	469	469000.000
9826	474	474000.000
9827	459	459000.000
9828	465	465000.000
9829	470	470000.000
9830	451	451000.000
9831	502	502000.000
9832	489	489000.000
9833	492	492000.000
9834	508	508000.000
9835	499	499000.000
9836	466	466000.000
9837	490	490000.000
9838	465	465000.000
9839	493	493000.000
9840	502	502000.000
9841	484	484000.000
9842	455	455000.000
9843	490	490000.000
9844	462	462000.000
9845	471	471000.000
9846	493	493000.000
9847	502	502000.000
9848	471	471000.000
9849	501	501000.000
9850	495	495000.000
9851	497	497000.000
9852	479	479000.000
9853	469	469000.000
9854	448	448000.000
9855	457	457000.000
9856	458	458000.000
9857	448	448000.000
9858	487	487000.000
9859	489	489000.000
9860	453	453000.000
9861	476	476000.000
9862	499	499000.000
9863	442	442000.000
9864	461	461000.000
9865	456	456000.000
9866	490	490000.000
9867	456	456000.000
9868	486	486000.000
9869	463	463000.000
9870	449	449000.000
9871	487	487000.000
9872	434	434000.000
9873	493	493000.000
9874	471	471000.000
9875	494	494000.000
9876	453	453000.000
9877	430	430000.000
9878	464	464000.000
9879	474	474000.000
9880	518	518000.000
9881	459	459000.000
9882	460	460000.000
9883	504	504000.000
9884	468	468000.000
9885	507	507000.000
9886	463	463000.000
9887	493	493000.000
9888	516	516000.000
9889	505	505000.000
9890	446	446000.000
9891	466	466000.000
9892	508	508000.000
9893	481	481000.000
9894	482	482000.000
9895	487	487000.000
9896	456	456000.000
9897	441	441000.000
9898	497	497000.000
9899	524	524000.000
9900	474	474000.000
9901	431	431000.000
9902	429	429000.000
9903	470	470000.000
9904	459	459000.000
9905	452	452000.000
9906	475	475000.000
9907	467	467000.000
9908	472	472000.000
9909	474	474000.000
9910	488	488000.000
9911	492	492000.000
9912	454	454000.000
9913	454	454000.000
9914	493	493000.000
9915	478	478000.000
9916	474	474000.000
9917	510	510000.000
9918	475	475000.000
9919	442	442000.000
9920	455	455000.000
9921	517	517000.000
9922	460	460000.000
9923	458	458000.000
9924	480	480000.000
9925	437	437000.000
9926	476	476000.000
9927	475	475000.000
9928	464	464000.000
9929	491	491000.000
9930	470	470000.000
9931	506	506000.000
9932	483	483000.000
9933	493	493000.000
9934	478	478000.000
9935	456	456000.000
9936	491	491000.000
9937	447	447000.000
9938	507	507000.000
9939	511	511000.000
9940	470	470000.000
9941	499	499000.000
9942	459	459000.000
9943	499	499000.000
9944	477	477000.000
9945	447	447000.000
9946	480	480000.000
9947	501	501000.000
9948	455	455000.000
9949	499	499000.000
9950	489	489000.000
9951	480	480000.000
9952	488	488000.000
9953	426	426000.000
9954	480	480000.000
9955	492	492000.000
9956	469	469000.000
9957	495	495000.000
9958	475	475000.000
9959	485	485000.000
9960	447	447000.000
9961	486	486000.000
9962	434	434000.000
9963	461	461000.000
9964	440	440000.000
9965	454	454000.000
9966	492	492000.000
9967	503	503000.000
9968	451	451000.000
9969	433	433000.000
9970	454	454000.000
9971	459	459000.000
9972	494	494000.000
9973	470	470000.000
9974	442	442000.000
9975	438	438000.000
9976	468	468000.000
9977	419	419000.000
9978	541	541000.000
9979	456	456000.000
9980	465	465000.000
9981	473	473000.000
9982	521	521000.000
9983	469	469000.000
9984	486	486000.000
9985	495	495000.000
9986	422	422000.000
9987	469	469000.000
9988	473	473000.000
9989	476	476000.000
9990	490	490000.000
9991	451	451000.000
9992	482	482000.000
9993	474	474000.000
9994	451	451000.000
9995	459	459000.000
9996	455	455000.000
9997	442	442000.000
9998	474	474000.000
9999	500	500000.000
10000	464	464000.000
