# bins en theta = 320.00 deg
# bin_length_s = 0.001000
# bin	counts	CPS
1	293	293000.000
2	276	276000.000
3	307	307000.000
4	310	310000.000
5	301	301000.000
6	270	270000.000
7	303	303000.000
8	307	307000.000
9	300	300000.000
10	283	283000.000
11	320	320000.000
12	280	280000.000
13	287	287000.000
14	260	260000.000
15	276	276000.000
16	273	273000.000
17	293	293000.000
18	287	287000.000
19	308	308000.000
20	282	282000.000
21	283	283000.000
22	294	294000.000
23	297	297000.000
24	295	295000.000
25	313	313000.000
26	296	296000.000
27	305	305000.000
28	302	302000.000
29	308	308000.000
30	279	279000.000
31	271	271000.000
32	296	296000.000
33	291	291000.000
34	285	285000.000
35	275	275000.000
36	309	309000.000
37	277	277000.000
38	305	305000.000
39	305	305000.000
40	292	292000.000
41	279	279000.000
42	290	290000.000
43	305	305000.000
44	301	301000.000
45	291	291000.000
46	281	281000.000
47	306	306000.000
48	310	310000.000
49	278	278000.000
50	303	303000.000
51	290	290000.000
52	301	301000.000
53	271	271000.000
54	285	285000.000
55	292	292000.000
56	306	306000.000
57	293	293000.000
58	296	296000.000
59	324	324000.000
60	291	291000.000
61	289	289000.000
62	308	308000.000
63	298	298000.000
64	285	285000.000
65	304	304000.000
66	268	268000.000
67	325	325000.000
68	288	288000.000
69	306	306000.000
70	296	296000.000
71	289	289000.000
72	299	299000.000
73	318	318000.000
74	313	313000.000
75	279	279000.000
76	319	319000.000
77	316	316000.000
78	315	315000.000
79	278	278000.000
80	321	321000.000
81	285	285000.000
82	307	307000.000
83	293	293000.000
84	273	273000.000
85	301	301000.000
86	292	292000.000
87	314	314000.000
88	304	304000.000
89	325	325000.000
90	291	291000.000
91	261	261000.000
92	274	274000.000
93	313	313000.000
94	286	286000.000
95	283	283000.000
96	342	342000.000
97	306	306000.000
98	339	339000.000
99	284	284000.000
100	303	303000.000
101	318	318000.000
102	312	312000.000
103	299	299000.000
104	305	305000.000
105	283	283000.000
106	298	298000.000
107	320	320000.000
108	285	285000.000
109	284	284000.000
110	308	308000.000
111	318	318000.000
112	302	302000.000
113	295	295000.000
114	312	312000.000
115	319	319000.000
116	277	277000.000
117	329	329000.000
118	304	304000.000
119	282	282000.000
120	279	279000.000
121	310	310000.000
122	297	297000.000
123	318	318000.000
124	310	310000.000
125	307	307000.000
126	310	310000.000
127	322	322000.000
128	313	313000.000
129	304	304000.000
130	324	324000.000
131	331	331000.000
132	290	290000.000
133	303	303000.000
134	307	307000.000
135	328	328000.000
136	327	327000.000
137	322	322000.000
138	264	264000.000
139	297	297000.000
140	280	280000.000
141	314	314000.000
142	285	285000.000
143	324	324000.000
144	280	280000.000
145	303	303000.000
146	277	277000.000
147	268	268000.000
148	307	307000.000
149	269	269000.000
150	303	303000.000
151	281	281000.000
152	278	278000.000
153	276	276000.000
154	304	304000.000
155	305	305000.000
156	322	322000.000
157	321	321000.000
158	307	307000.000
159	317	317000.000
160	298	298000.000
161	314	314000.000
162	307	307000.000
163	292	292000.000
164	270	270000.000
165	328	328000.000
166	304	304000.000
167	263	263000.000
168	313	313000.000
169	303	303000.000
170	277	277000.000
171	276	276000.000
172	330	330000.000
173	286	286000.000
174	306	306000.000
175	332	332000.000
176	291	291000.000
177	303	303000.000
178	301	301000.000
179	299	299000.000
180	274	274000.000
181	303	303000.000
182	305	305000.000
183	306	306000.000
184	295	295000.000
185	289	289000.000
186	300	300000.000
187	297	297000.000
188	288	288000.000
189	315	315000.000
190	280	280000.000
191	303	303000.000
192	288	288000.000
193	271	271000.000
194	287	287000.000
195	281	281000.000
196	320	320000.000
197	282	282000.000
198	294	294000.000
199	320	320000.000
200	279	279000.000
201	292	292000.000
202	305	305000.000
203	265	265000.000
204	288	288000.000
205	316	316000.000
206	328	328000.000
207	349	349000.000
208	259	259000.000
209	300	300000.000
210	303	303000.000
211	284	284000.000
212	291	291000.000
213	310	310000.000
214	259	259000.000
215	315	315000.000
216	297	297000.000
217	301	301000.000
218	287	287000.000
219	328	328000.000
220	249	249000.000
221	300	300000.000
222	285	285000.000
223	318	318000.000
224	292	292000.000
225	329	329000.000
226	268	268000.000
227	292	292000.000
228	277	277000.000
229	296	296000.000
230	311	311000.000
231	283	283000.000
232	297	297000.000
233	328	328000.000
234	291	291000.000
235	310	310000.000
236	295	295000.000
237	274	274000.000
238	311	311000.000
239	292	292000.000
240	299	299000.000
241	301	301000.000
242	307	307000.000
243	325	325000.000
244	315	315000.000
245	317	317000.000
246	301	301000.000
247	303	303000.000
248	267	267000.000
249	284	284000.000
250	301	301000.000
251	254	254000.000
252	291	291000.000
253	287	287000.000
254	284	284000.000
255	336	336000.000
256	317	317000.000
257	268	268000.000
258	328	328000.000
259	316	316000.000
260	287	287000.000
261	286	286000.000
262	278	278000.000
263	303	303000.000
264	319	319000.000
265	295	295000.000
266	284	284000.000
267	288	288000.000
268	295	295000.000
269	308	308000.000
270	288	288000.000
271	308	308000.000
272	264	264000.000
273	279	279000.000
274	297	297000.000
275	351	351000.000
276	256	256000.000
277	280	280000.000
278	299	299000.000
279	306	306000.000
280	291	291000.000
281	267	267000.000
282	303	303000.000
283	353	353000.000
284	278	278000.000
285	284	284000.000
286	300	300000.000
287	270	270000.000
288	314	314000.000
289	300	300000.000
290	306	306000.000
291	295	295000.000
292	303	303000.000
293	316	316000.000
294	296	296000.000
295	285	285000.000
296	328	328000.000
297	291	291000.000
298	305	305000.000
299	312	312000.000
300	326	326000.000
301	296	296000.000
302	279	279000.000
303	290	290000.000
304	297	297000.000
305	301	301000.000
306	316	316000.000
307	289	289000.000
308	291	291000.000
309	286	286000.000
310	307	307000.000
311	289	289000.000
312	314	314000.000
313	300	300000.000
314	292	292000.000
315	282	282000.000
316	297	297000.000
317	294	294000.000
318	300	300000.000
319	290	290000.000
320	293	293000.000
321	279	279000.000
322	311	311000.000
323	285	285000.000
324	305	305000.000
325	286	286000.000
326	276	276000.000
327	277	277000.000
328	280	280000.000
329	269	269000.000
330	275	275000.000
331	299	299000.000
332	297	297000.000
333	292	292000.000
334	324	324000.000
335	281	281000.000
336	278	278000.000
337	289	289000.000
338	306	306000.000
339	295	295000.000
340	285	285000.000
341	283	283000.000
342	313	313000.000
343	291	291000.000
344	301	301000.000
345	309	309000.000
346	272	272000.000
347	284	284000.000
348	284	284000.000
349	304	304000.000
350	307	307000.000
351	283	283000.000
352	299	299000.000
353	283	283000.000
354	303	303000.000
355	276	276000.000
356	278	278000.000
357	278	278000.000
358	304	304000.000
359	279	279000.000
360	327	327000.000
361	303	303000.000
362	268	268000.000
363	292	292000.000
364	302	302000.000
365	268	268000.000
366	320	320000.000
367	290	290000.000
368	320	320000.000
369	302	302000.000
370	294	294000.000
371	287	287000.000
372	286	286000.000
373	298	298000.000
374	289	289000.000
375	300	300000.000
376	273	273000.000
377	327	327000.000
378	284	284000.000
379	292	292000.000
380	304	304000.000
381	299	299000.000
382	285	285000.000
383	306	306000.000
384	255	255000.000
385	286	286000.000
386	296	296000.000
387	295	295000.000
388	258	258000.000
389	307	307000.000
390	291	291000.000
391	275	275000.000
392	324	324000.000
393	295	295000.000
394	289	289000.000
395	305	305000.000
396	261	261000.000
397	281	281000.000
398	303	303000.000
399	310	310000.000
400	285	285000.000
401	304	304000.000
402	297	297000.000
403	253	253000.000
404	282	282000.000
405	271	271000.000
406	300	300000.000
407	277	277000.000
408	289	289000.000
409	298	298000.000
410	291	291000.000
411	283	283000.000
412	252	252000.000
413	272	272000.000
414	297	297000.000
415	287	287000.000
416	302	302000.000
417	243	243000.000
418	283	283000.000
419	295	295000.000
420	265	265000.000
421	293	293000.000
422	280	280000.000
423	308	308000.000
424	308	308000.000
425	304	304000.000
426	305	305000.000
427	279	279000.000
428	290	290000.000
429	305	305000.000
430	295	295000.000
431	288	288000.000
432	287	287000.000
433	301	301000.000
434	315	315000.000
435	282	282000.000
436	298	298000.000
437	325	325000.000
438	316	316000.000
439	274	274000.000
440	283	283000.000
441	276	276000.000
442	284	284000.000
443	273	273000.000
444	314	314000.000
445	311	311000.000
446	308	308000.000
447	281	281000.000
448	309	309000.000
449	288	288000.000
450	289	289000.000
451	291	291000.000
452	283	283000.000
453	279	279000.000
454	296	296000.000
455	323	323000.000
456	281	281000.000
457	317	317000.000
458	294	294000.000
459	287	287000.000
460	290	290000.000
461	294	294000.000
462	315	315000.000
463	326	326000.000
464	320	320000.000
465	302	302000.000
466	282	282000.000
467	312	312000.000
468	307	307000.000
469	251	251000.000
470	298	298000.000
471	290	290000.000
472	306	306000.000
473	292	292000.000
474	281	281000.000
475	266	266000.000
476	300	300000.000
477	299	299000.000
478	311	311000.000
479	281	281000.000
480	314	314000.000
481	294	294000.000
482	283	283000.000
483	297	297000.000
484	288	288000.000
485	296	296000.000
486	310	310000.000
487	294	294000.000
488	281	281000.000
489	300	300000.000
490	307	307000.000
491	287	287000.000
492	302	302000.000
493	304	304000.000
494	317	317000.000
495	294	294000.000
496	313	313000.000
497	309	309000.000
498	324	324000.000
499	277	277000.000
500	283	283000.000
501	302	302000.000
502	300	300000.000
503	269	269000.000
504	297	297000.000
505	298	298000.000
506	295	295000.000
507	319	319000.000
508	309	309000.000
509	279	279000.000
510	264	264000.000
511	294	294000.000
512	293	293000.000
513	300	300000.000
514	299	299000.000
515	288	288000.000
516	299	299000.000
517	306	306000.000
518	289	289000.000
519	303	303000.000
520	274	274000.000
521	299	299000.000
522	290	290000.000
523	338	338000.000
524	271	271000.000
525	293	293000.000
526	290	290000.000
527	318	318000.000
528	295	295000.000
529	299	299000.000
530	277	277000.000
531	262	262000.000
532	311	311000.000
533	270	270000.000
534	280	280000.000
535	279	279000.000
536	307	307000.000
537	279	279000.000
538	289	289000.000
539	290	290000.000
540	280	280000.000
541	257	257000.000
542	298	298000.000
543	297	297000.000
544	316	316000.000
545	279	279000.000
546	286	286000.000
547	287	287000.000
548	289	289000.000
549	296	296000.000
550	294	294000.000
551	301	301000.000
552	293	293000.000
553	267	267000.000
554	301	301000.000
555	283	283000.000
556	267	267000.000
557	307	307000.000
558	301	301000.000
559	268	268000.000
560	280	280000.000
561	316	316000.000
562	288	288000.000
563	297	297000.000
564	311	311000.000
565	297	297000.000
566	290	290000.000
567	322	322000.000
568	271	271000.000
569	304	304000.000
570	273	273000.000
571	285	285000.000
572	299	299000.000
573	278	278000.000
574	300	300000.000
575	287	287000.000
576	330	330000.000
577	276	276000.000
578	300	300000.000
579	297	297000.000
580	297	297000.000
581	271	271000.000
582	299	299000.000
583	304	304000.000
584	285	285000.000
585	265	265000.000
586	291	291000.000
587	292	292000.000
588	294	294000.000
589	294	294000.000
590	324	324000.000
591	313	313000.000
592	283	283000.000
593	317	317000.000
594	300	300000.000
595	292	292000.000
596	322	322000.000
597	312	312000.000
598	267	267000.000
599	280	280000.000
600	278	278000.000
601	298	298000.000
602	292	292000.000
603	302	302000.000
604	299	299000.000
605	309	309000.000
606	330	330000.000
607	328	328000.000
608	307	307000.000
609	267	267000.000
610	301	301000.000
611	291	291000.000
612	317	317000.000
613	310	310000.000
614	306	306000.000
615	279	279000.000
616	315	315000.000
617	316	316000.000
618	294	294000.000
619	309	309000.000
620	262	262000.000
621	285	285000.000
622	283	283000.000
623	334	334000.000
624	305	305000.000
625	272	272000.000
626	303	303000.000
627	280	280000.000
628	315	315000.000
629	291	291000.000
630	309	309000.000
631	270	270000.000
632	274	274000.000
633	281	281000.000
634	304	304000.000
635	302	302000.000
636	267	267000.000
637	306	306000.000
638	289	289000.000
639	275	275000.000
640	262	262000.000
641	303	303000.000
642	293	293000.000
643	299	299000.000
644	287	287000.000
645	288	288000.000
646	265	265000.000
647	262	262000.000
648	316	316000.000
649	301	301000.000
650	311	311000.000
651	318	318000.000
652	316	316000.000
653	313	313000.000
654	270	270000.000
655	306	306000.000
656	305	305000.000
657	297	297000.000
658	263	263000.000
659	292	292000.000
660	324	324000.000
661	296	296000.000
662	285	285000.000
663	299	299000.000
664	296	296000.000
665	267	267000.000
666	307	307000.000
667	267	267000.000
668	322	322000.000
669	309	309000.000
670	280	280000.000
671	314	314000.000
672	316	316000.000
673	288	288000.000
674	307	307000.000
675	307	307000.000
676	271	271000.000
677	272	272000.000
678	288	288000.000
679	294	294000.000
680	287	287000.000
681	289	289000.000
682	281	281000.000
683	289	289000.000
684	294	294000.000
685	290	290000.000
686	289	289000.000
687	318	318000.000
688	291	291000.000
689	285	285000.000
690	330	330000.000
691	289	289000.000
692	317	317000.000
693	288	288000.000
694	279	279000.000
695	270	270000.000
696	274	274000.000
697	297	297000.000
698	276	276000.000
699	293	293000.000
700	306	306000.000
701	291	291000.000
702	258	258000.000
703	283	283000.000
704	293	293000.000
705	268	268000.000
706	302	302000.000
707	295	295000.000
708	234	234000.000
709	292	292000.000
710	279	279000.000
711	323	323000.000
712	309	309000.000
713	312	312000.000
714	316	316000.000
715	284	284000.000
716	321	321000.000
717	288	288000.000
718	288	288000.000
719	305	305000.000
720	304	304000.000
721	323	323000.000
722	270	270000.000
723	283	283000.000
724	310	310000.000
725	314	314000.000
726	289	289000.000
727	298	298000.000
728	270	270000.000
729	302	302000.000
730	299	299000.000
731	308	308000.000
732	312	312000.000
733	313	313000.000
734	281	281000.000
735	260	260000.000
736	302	302000.000
737	282	282000.000
738	295	295000.000
739	316	316000.000
740	328	328000.000
741	296	296000.000
742	289	289000.000
743	282	282000.000
744	305	305000.000
745	272	272000.000
746	271	271000.000
747	265	265000.000
748	282	282000.000
749	285	285000.000
750	315	315000.000
751	316	316000.000
752	313	313000.000
753	266	266000.000
754	322	322000.000
755	314	314000.000
756	315	315000.000
757	300	300000.000
758	278	278000.000
759	275	275000.000
760	261	261000.000
761	287	287000.000
762	308	308000.000
763	273	273000.000
764	280	280000.000
765	313	313000.000
766	299	299000.000
767	326	326000.000
768	315	315000.000
769	288	288000.000
770	288	288000.000
771	303	303000.000
772	318	318000.000
773	301	301000.000
774	261	261000.000
775	277	277000.000
776	294	294000.000
777	271	271000.000
778	305	305000.000
779	323	323000.000
780	272	272000.000
781	316	316000.000
782	286	286000.000
783	303	303000.000
784	313	313000.000
785	284	284000.000
786	308	308000.000
787	293	293000.000
788	273	273000.000
789	253	253000.000
790	338	338000.000
791	297	297000.000
792	291	291000.000
793	295	295000.000
794	311	311000.000
795	318	318000.000
796	270	270000.000
797	301	301000.000
798	307	307000.000
799	279	279000.000
800	290	290000.000
801	299	299000.000
802	289	289000.000
803	294	294000.000
804	332	332000.000
805	292	292000.000
806	296	296000.000
807	306	306000.000
808	294	294000.000
809	298	298000.000
810	269	269000.000
811	293	293000.000
812	271	271000.000
813	305	305000.000
814	307	307000.000
815	314	314000.000
816	266	266000.000
817	283	283000.000
818	298	298000.000
819	310	310000.000
820	297	297000.000
821	274	274000.000
822	309	309000.000
823	334	334000.000
824	293	293000.000
825	313	313000.000
826	286	286000.000
827	303	303000.000
828	303	303000.000
829	300	300000.000
830	306	306000.000
831	311	311000.000
832	311	311000.000
833	263	263000.000
834	312	312000.000
835	279	279000.000
836	287	287000.000
837	297	297000.000
838	279	279000.000
839	309	309000.000
840	291	291000.000
841	293	293000.000
842	322	322000.000
843	312	312000.000
844	299	299000.000
845	289	289000.000
846	282	282000.000
847	316	316000.000
848	313	313000.000
849	300	300000.000
850	259	259000.000
851	274	274000.000
852	298	298000.000
853	301	301000.000
854	295	295000.000
855	281	281000.000
856	315	315000.000
857	311	311000.000
858	287	287000.000
859	284	284000.000
860	278	278000.000
861	277	277000.000
862	294	294000.000
863	304	304000.000
864	309	309000.000
865	294	294000.000
866	296	296000.000
867	277	277000.000
868	281	281000.000
869	289	289000.000
870	282	282000.000
871	320	320000.000
872	303	303000.000
873	302	302000.000
874	279	279000.000
875	287	287000.000
876	304	304000.000
877	328	328000.000
878	319	319000.000
879	293	293000.000
880	337	337000.000
881	298	298000.000
882	294	294000.000
883	318	318000.000
884	321	321000.000
885	304	304000.000
886	294	294000.000
887	302	302000.000
888	261	261000.000
889	324	324000.000
890	275	275000.000
891	312	312000.000
892	321	321000.000
893	312	312000.000
894	336	336000.000
895	295	295000.000
896	283	283000.000
897	298	298000.000
898	297	297000.000
899	291	291000.000
900	302	302000.000
901	298	298000.000
902	322	322000.000
903	304	304000.000
904	291	291000.000
905	300	300000.000
906	307	307000.000
907	312	312000.000
908	271	271000.000
909	306	306000.000
910	312	312000.000
911	328	328000.000
912	264	264000.000
913	311	311000.000
914	274	274000.000
915	289	289000.000
916	300	300000.000
917	300	300000.000
918	313	313000.000
919	317	317000.000
920	325	325000.000
921	303	303000.000
922	287	287000.000
923	318	318000.000
924	327	327000.000
925	284	284000.000
926	269	269000.000
927	307	307000.000
928	268	268000.000
929	294	294000.000
930	282	282000.000
931	293	293000.000
932	299	299000.000
933	282	282000.000
934	289	289000.000
935	286	286000.000
936	258	258000.000
937	298	298000.000
938	290	290000.000
939	292	292000.000
940	299	299000.000
941	304	304000.000
942	297	297000.000
943	284	284000.000
944	287	287000.000
945	301	301000.000
946	283	283000.000
947	330	330000.000
948	286	286000.000
949	302	302000.000
950	301	301000.000
951	294	294000.000
952	286	286000.000
953	282	282000.000
954	322	322000.000
955	272	272000.000
956	318	318000.000
957	295	295000.000
958	283	283000.000
959	311	311000.000
960	294	294000.000
961	264	264000.000
962	337	337000.000
963	313	313000.000
964	299	299000.000
965	296	296000.000
966	318	318000.000
967	317	317000.000
968	299	299000.000
969	284	284000.000
970	270	270000.000
971	309	309000.000
972	277	277000.000
973	286	286000.000
974	306	306000.000
975	289	289000.000
976	303	303000.000
977	288	288000.000
978	290	290000.000
979	314	314000.000
980	285	285000.000
981	328	328000.000
982	279	279000.000
983	296	296000.000
984	274	274000.000
985	300	300000.000
986	308	308000.000
987	287	287000.000
988	262	262000.000
989	294	294000.000
990	309	309000.000
991	296	296000.000
992	307	307000.000
993	290	290000.000
994	321	321000.000
995	307	307000.000
996	299	299000.000
997	258	258000.000
998	314	314000.000
999	308	308000.000
1000	306	306000.000
1001	300	300000.000
1002	317	317000.000
1003	298	298000.000
1004	296	296000.000
1005	291	291000.000
1006	330	330000.000
1007	279	279000.000
1008	291	291000.000
1009	294	294000.000
1010	309	309000.000
1011	314	314000.000
1012	302	302000.000
1013	303	303000.000
1014	310	310000.000
1015	319	319000.000
1016	320	320000.000
1017	280	280000.000
1018	314	314000.000
1019	318	318000.000
1020	311	311000.000
1021	300	300000.000
1022	324	324000.000
1023	284	284000.000
1024	267	267000.000
1025	287	287000.000
1026	332	332000.000
1027	309	309000.000
1028	289	289000.000
1029	265	265000.000
1030	273	273000.000
1031	297	297000.000
1032	316	316000.000
1033	311	311000.000
1034	294	294000.000
1035	348	348000.000
1036	286	286000.000
1037	277	277000.000
1038	306	306000.000
1039	298	298000.000
1040	308	308000.000
1041	303	303000.000
1042	275	275000.000
1043	322	322000.000
1044	329	329000.000
1045	263	263000.000
1046	321	321000.000
1047	293	293000.000
1048	301	301000.000
1049	294	294000.000
1050	267	267000.000
1051	318	318000.000
1052	314	314000.000
1053	330	330000.000
1054	281	281000.000
1055	270	270000.000
1056	301	301000.000
1057	302	302000.000
1058	283	283000.000
1059	300	300000.000
1060	306	306000.000
1061	306	306000.000
1062	309	309000.000
1063	310	310000.000
1064	291	291000.000
1065	297	297000.000
1066	273	273000.000
1067	316	316000.000
1068	309	309000.000
1069	289	289000.000
1070	290	290000.000
1071	269	269000.000
1072	283	283000.000
1073	277	277000.000
1074	284	284000.000
1075	294	294000.000
1076	293	293000.000
1077	275	275000.000
1078	286	286000.000
1079	299	299000.000
1080	314	314000.000
1081	306	306000.000
1082	325	325000.000
1083	314	314000.000
1084	266	266000.000
1085	319	319000.000
1086	322	322000.000
1087	274	274000.000
1088	290	290000.000
1089	324	324000.000
1090	310	310000.000
1091	330	330000.000
1092	309	309000.000
1093	301	301000.000
1094	302	302000.000
1095	333	333000.000
1096	311	311000.000
1097	272	272000.000
1098	296	296000.000
1099	296	296000.000
1100	330	330000.000
1101	325	325000.000
1102	266	266000.000
1103	323	323000.000
1104	325	325000.000
1105	315	315000.000
1106	329	329000.000
1107	279	279000.000
1108	273	273000.000
1109	293	293000.000
1110	337	337000.000
1111	304	304000.000
1112	283	283000.000
1113	294	294000.000
1114	315	315000.000
1115	311	311000.000
1116	299	299000.000
1117	281	281000.000
1118	315	315000.000
1119	313	313000.000
1120	287	287000.000
1121	263	263000.000
1122	279	279000.000
1123	320	320000.000
1124	285	285000.000
1125	265	265000.000
1126	271	271000.000
1127	310	310000.000
1128	304	304000.000
1129	299	299000.000
1130	308	308000.000
1131	279	279000.000
1132	288	288000.000
1133	310	310000.000
1134	307	307000.000
1135	283	283000.000
1136	309	309000.000
1137	302	302000.000
1138	287	287000.000
1139	298	298000.000
1140	283	283000.000
1141	296	296000.000
1142	313	313000.000
1143	290	290000.000
1144	282	282000.000
1145	324	324000.000
1146	297	297000.000
1147	301	301000.000
1148	294	294000.000
1149	285	285000.000
1150	291	291000.000
1151	276	276000.000
1152	301	301000.000
1153	294	294000.000
1154	289	289000.000
1155	301	301000.000
1156	281	281000.000
1157	273	273000.000
1158	306	306000.000
1159	268	268000.000
1160	311	311000.000
1161	298	298000.000
1162	326	326000.000
1163	302	302000.000
1164	308	308000.000
1165	329	329000.000
1166	304	304000.000
1167	320	320000.000
1168	321	321000.000
1169	273	273000.000
1170	307	307000.000
1171	311	311000.000
1172	309	309000.000
1173	283	283000.000
1174	288	288000.000
1175	270	270000.000
1176	284	284000.000
1177	280	280000.000
1178	317	317000.000
1179	280	280000.000
1180	286	286000.000
1181	301	301000.000
1182	291	291000.000
1183	266	266000.000
1184	297	297000.000
1185	321	321000.000
1186	315	315000.000
1187	331	331000.000
1188	267	267000.000
1189	286	286000.000
1190	304	304000.000
1191	312	312000.000
1192	290	290000.000
1193	304	304000.000
1194	290	290000.000
1195	324	324000.000
1196	300	300000.000
1197	306	306000.000
1198	342	342000.000
1199	311	311000.000
1200	275	275000.000
1201	303	303000.000
1202	296	296000.000
1203	296	296000.000
1204	287	287000.000
1205	296	296000.000
1206	285	285000.000
1207	269	269000.000
1208	302	302000.000
1209	312	312000.000
1210	303	303000.000
1211	302	302000.000
1212	309	309000.000
1213	300	300000.000
1214	328	328000.000
1215	328	328000.000
1216	299	299000.000
1217	321	321000.000
1218	303	303000.000
1219	293	293000.000
1220	291	291000.000
1221	319	319000.000
1222	311	311000.000
1223	303	303000.000
1224	326	326000.000
1225	269	269000.000
1226	315	315000.000
1227	314	314000.000
1228	293	293000.000
1229	292	292000.000
1230	342	342000.000
1231	341	341000.000
1232	296	296000.000
1233	310	310000.000
1234	287	287000.000
1235	305	305000.000
1236	292	292000.000
1237	295	295000.000
1238	275	275000.000
1239	326	326000.000
1240	288	288000.000
1241	300	300000.000
1242	309	309000.000
1243	301	301000.000
1244	317	317000.000
1245	313	313000.000
1246	316	316000.000
1247	305	305000.000
1248	297	297000.000
1249	343	343000.000
1250	308	308000.000
1251	289	289000.000
1252	284	284000.000
1253	295	295000.000
1254	292	292000.000
1255	319	319000.000
1256	270	270000.000
1257	280	280000.000
1258	294	294000.000
1259	264	264000.000
1260	286	286000.000
1261	286	286000.000
1262	295	295000.000
1263	307	307000.000
1264	285	285000.000
1265	302	302000.000
1266	276	276000.000
1267	307	307000.000
1268	322	322000.000
1269	288	288000.000
1270	293	293000.000
1271	336	336000.000
1272	321	321000.000
1273	305	305000.000
1274	275	275000.000
1275	299	299000.000
1276	260	260000.000
1277	288	288000.000
1278	302	302000.000
1279	290	290000.000
1280	278	278000.000
1281	294	294000.000
1282	284	284000.000
1283	300	300000.000
1284	304	304000.000
1285	286	286000.000
1286	274	274000.000
1287	309	309000.000
1288	294	294000.000
1289	301	301000.000
1290	301	301000.000
1291	282	282000.000
1292	305	305000.000
1293	309	309000.000
1294	274	274000.000
1295	302	302000.000
1296	316	316000.000
1297	304	304000.000
1298	318	318000.000
1299	311	311000.000
1300	289	289000.000
1301	284	284000.000
1302	294	294000.000
1303	295	295000.000
1304	312	312000.000
1305	296	296000.000
1306	309	309000.000
1307	329	329000.000
1308	288	288000.000
1309	343	343000.000
1310	288	288000.000
1311	299	299000.000
1312	283	283000.000
1313	291	291000.000
1314	263	263000.000
1315	293	293000.000
1316	277	277000.000
1317	281	281000.000
1318	266	266000.000
1319	294	294000.000
1320	282	282000.000
1321	299	299000.000
1322	326	326000.000
1323	339	339000.000
1324	288	288000.000
1325	302	302000.000
1326	290	290000.000
1327	301	301000.000
1328	292	292000.000
1329	285	285000.000
1330	309	309000.000
1331	319	319000.000
1332	288	288000.000
1333	261	261000.000
1334	331	331000.000
1335	296	296000.000
1336	297	297000.000
1337	279	279000.000
1338	279	279000.000
1339	302	302000.000
1340	288	288000.000
1341	320	320000.000
1342	285	285000.000
1343	287	287000.000
1344	283	283000.000
1345	290	290000.000
1346	278	278000.000
1347	310	310000.000
1348	322	322000.000
1349	302	302000.000
1350	282	282000.000
1351	298	298000.000
1352	328	328000.000
1353	311	311000.000
1354	314	314000.000
1355	297	297000.000
1356	314	314000.000
1357	305	305000.000
1358	308	308000.000
1359	301	301000.000
1360	287	287000.000
1361	304	304000.000
1362	308	308000.000
1363	296	296000.000
1364	318	318000.000
1365	305	305000.000
1366	315	315000.000
1367	285	285000.000
1368	313	313000.000
1369	247	247000.000
1370	289	289000.000
1371	304	304000.000
1372	286	286000.000
1373	293	293000.000
1374	318	318000.000
1375	299	299000.000
1376	308	308000.000
1377	292	292000.000
1378	309	309000.000
1379	330	330000.000
1380	301	301000.000
1381	313	313000.000
1382	288	288000.000
1383	288	288000.000
1384	267	267000.000
1385	299	299000.000
1386	280	280000.000
1387	282	282000.000
1388	283	283000.000
1389	296	296000.000
1390	297	297000.000
1391	300	300000.000
1392	266	266000.000
1393	279	279000.000
1394	282	282000.000
1395	311	311000.000
1396	280	280000.000
1397	291	291000.000
1398	283	283000.000
1399	296	296000.000
1400	308	308000.000
1401	284	284000.000
1402	296	296000.000
1403	289	289000.000
1404	304	304000.000
1405	266	266000.000
1406	307	307000.000
1407	300	300000.000
1408	269	269000.000
1409	298	298000.000
1410	321	321000.000
1411	318	318000.000
1412	304	304000.000
1413	310	310000.000
1414	286	286000.000
1415	323	323000.000
1416	281	281000.000
1417	301	301000.000
1418	327	327000.000
1419	287	287000.000
1420	313	313000.000
1421	306	306000.000
1422	297	297000.000
1423	296	296000.000
1424	274	274000.000
1425	311	311000.000
1426	268	268000.000
1427	282	282000.000
1428	283	283000.000
1429	277	277000.000
1430	330	330000.000
1431	297	297000.000
1432	271	271000.000
1433	293	293000.000
1434	278	278000.000
1435	270	270000.000
1436	286	286000.000
1437	314	314000.000
1438	301	301000.000
1439	306	306000.000
1440	267	267000.000
1441	295	295000.000
1442	310	310000.000
1443	301	301000.000
1444	296	296000.000
1445	308	308000.000
1446	272	272000.000
1447	292	292000.000
1448	320	320000.000
1449	303	303000.000
1450	321	321000.000
1451	308	308000.000
1452	293	293000.000
1453	305	305000.000
1454	321	321000.000
1455	304	304000.000
1456	305	305000.000
1457	300	300000.000
1458	286	286000.000
1459	295	295000.000
1460	293	293000.000
1461	283	283000.000
1462	296	296000.000
1463	278	278000.000
1464	288	288000.000
1465	311	311000.000
1466	311	311000.000
1467	286	286000.000
1468	293	293000.000
1469	310	310000.000
1470	279	279000.000
1471	295	295000.000
1472	299	299000.000
1473	291	291000.000
1474	283	283000.000
1475	296	296000.000
1476	306	306000.000
1477	320	320000.000
1478	312	312000.000
1479	309	309000.000
1480	270	270000.000
1481	277	277000.000
1482	291	291000.000
1483	306	306000.000
1484	291	291000.000
1485	257	257000.000
1486	296	296000.000
1487	281	281000.000
1488	295	295000.000
1489	276	276000.000
1490	297	297000.000
1491	276	276000.000
1492	273	273000.000
1493	288	288000.000
1494	297	297000.000
1495	319	319000.000
1496	279	279000.000
1497	276	276000.000
1498	300	300000.000
1499	281	281000.000
1500	272	272000.000
1501	300	300000.000
1502	294	294000.000
1503	297	297000.000
1504	309	309000.000
1505	278	278000.000
1506	284	284000.000
1507	296	296000.000
1508	283	283000.000
1509	306	306000.000
1510	289	289000.000
1511	309	309000.000
1512	318	318000.000
1513	290	290000.000
1514	294	294000.000
1515	281	281000.000
1516	294	294000.000
1517	270	270000.000
1518	299	299000.000
1519	275	275000.000
1520	283	283000.000
1521	283	283000.000
1522	330	330000.000
1523	285	285000.000
1524	306	306000.000
1525	302	302000.000
1526	277	277000.000
1527	287	287000.000
1528	315	315000.000
1529	327	327000.000
1530	314	314000.000
1531	292	292000.000
1532	318	318000.000
1533	285	285000.000
1534	291	291000.000
1535	260	260000.000
1536	298	298000.000
1537	301	301000.000
1538	280	280000.000
1539	291	291000.000
1540	300	300000.000
1541	325	325000.000
1542	302	302000.000
1543	303	303000.000
1544	278	278000.000
1545	273	273000.000
1546	353	353000.000
1547	279	279000.000
1548	306	306000.000
1549	287	287000.000
1550	304	304000.000
1551	297	297000.000
1552	279	279000.000
1553	281	281000.000
1554	319	319000.000
1555	315	315000.000
1556	287	287000.000
1557	301	301000.000
1558	301	301000.000
1559	325	325000.000
1560	345	345000.000
1561	307	307000.000
1562	286	286000.000
1563	314	314000.000
1564	274	274000.000
1565	285	285000.000
1566	285	285000.000
1567	289	289000.000
1568	313	313000.000
1569	298	298000.000
1570	310	310000.000
1571	317	317000.000
1572	271	271000.000
1573	281	281000.000
1574	280	280000.000
1575	306	306000.000
1576	301	301000.000
1577	309	309000.000
1578	259	259000.000
1579	296	296000.000
1580	332	332000.000
1581	292	292000.000
1582	334	334000.000
1583	278	278000.000
1584	280	280000.000
1585	299	299000.000
1586	286	286000.000
1587	293	293000.000
1588	317	317000.000
1589	272	272000.000
1590	280	280000.000
1591	321	321000.000
1592	291	291000.000
1593	273	273000.000
1594	346	346000.000
1595	343	343000.000
1596	300	300000.000
1597	309	309000.000
1598	302	302000.000
1599	315	315000.000
1600	329	329000.000
1601	285	285000.000
1602	316	316000.000
1603	318	318000.000
1604	298	298000.000
1605	271	271000.000
1606	290	290000.000
1607	272	272000.000
1608	300	300000.000
1609	327	327000.000
1610	257	257000.000
1611	311	311000.000
1612	282	282000.000
1613	307	307000.000
1614	306	306000.000
1615	322	322000.000
1616	287	287000.000
1617	294	294000.000
1618	319	319000.000
1619	311	311000.000
1620	301	301000.000
1621	307	307000.000
1622	297	297000.000
1623	281	281000.000
1624	302	302000.000
1625	280	280000.000
1626	314	314000.000
1627	289	289000.000
1628	282	282000.000
1629	265	265000.000
1630	287	287000.000
1631	270	270000.000
1632	296	296000.000
1633	307	307000.000
1634	290	290000.000
1635	287	287000.000
1636	280	280000.000
1637	283	283000.000
1638	269	269000.000
1639	315	315000.000
1640	308	308000.000
1641	321	321000.000
1642	296	296000.000
1643	302	302000.000
1644	295	295000.000
1645	296	296000.000
1646	272	272000.000
1647	271	271000.000
1648	283	283000.000
1649	328	328000.000
1650	299	299000.000
1651	318	318000.000
1652	285	285000.000
1653	303	303000.000
1654	318	318000.000
1655	301	301000.000
1656	287	287000.000
1657	265	265000.000
1658	296	296000.000
1659	292	292000.000
1660	348	348000.000
1661	335	335000.000
1662	274	274000.000
1663	278	278000.000
1664	302	302000.000
1665	270	270000.000
1666	280	280000.000
1667	275	275000.000
1668	296	296000.000
1669	306	306000.000
1670	281	281000.000
1671	286	286000.000
1672	310	310000.000
1673	272	272000.000
1674	293	293000.000
1675	304	304000.000
1676	281	281000.000
1677	283	283000.000
1678	320	320000.000
1679	306	306000.000
1680	327	327000.000
1681	280	280000.000
1682	274	274000.000
1683	271	271000.000
1684	275	275000.000
1685	313	313000.000
1686	264	264000.000
1687	309	309000.000
1688	311	311000.000
1689	297	297000.000
1690	254	254000.000
1691	279	279000.000
1692	304	304000.000
1693	305	305000.000
1694	291	291000.000
1695	302	302000.000
1696	302	302000.000
1697	286	286000.000
1698	285	285000.000
1699	274	274000.000
1700	308	308000.000
1701	288	288000.000
1702	284	284000.000
1703	317	317000.000
1704	302	302000.000
1705	309	309000.000
1706	285	285000.000
1707	302	302000.000
1708	305	305000.000
1709	319	319000.000
1710	302	302000.000
1711	296	296000.000
1712	306	306000.000
1713	293	293000.000
1714	292	292000.000
1715	323	323000.000
1716	286	286000.000
1717	279	279000.000
1718	305	305000.000
1719	329	329000.000
1720	301	301000.000
1721	302	302000.000
1722	298	298000.000
1723	323	323000.000
1724	310	310000.000
1725	279	279000.000
1726	290	290000.000
1727	288	288000.000
1728	293	293000.000
1729	329	329000.000
1730	301	301000.000
1731	288	288000.000
1732	295	295000.000
1733	287	287000.000
1734	269	269000.000
1735	306	306000.000
1736	281	281000.000
1737	311	311000.000
1738	295	295000.000
1739	315	315000.000
1740	307	307000.000
1741	280	280000.000
1742	272	272000.000
1743	289	289000.000
1744	289	289000.000
1745	280	280000.000
1746	295	295000.000
1747	286	286000.000
1748	284	284000.000
1749	282	282000.000
1750	302	302000.000
1751	311	311000.000
1752	334	334000.000
1753	296	296000.000
1754	289	289000.000
1755	272	272000.000
1756	280	280000.000
1757	320	320000.000
1758	290	290000.000
1759	269	269000.000
1760	295	295000.000
1761	297	297000.000
1762	328	328000.000
1763	315	315000.000
1764	316	316000.000
1765	283	283000.000
1766	319	319000.000
1767	298	298000.000
1768	288	288000.000
1769	314	314000.000
1770	291	291000.000
1771	287	287000.000
1772	329	329000.000
1773	283	283000.000
1774	323	323000.000
1775	285	285000.000
1776	281	281000.000
1777	318	318000.000
1778	281	281000.000
1779	322	322000.000
1780	264	264000.000
1781	280	280000.000
1782	306	306000.000
1783	296	296000.000
1784	315	315000.000
1785	294	294000.000
1786	305	305000.000
1787	282	282000.000
1788	304	304000.000
1789	315	315000.000
1790	310	310000.000
1791	306	306000.000
1792	286	286000.000
1793	313	313000.000
1794	308	308000.000
1795	303	303000.000
1796	324	324000.000
1797	282	282000.000
1798	343	343000.000
1799	284	284000.000
1800	275	275000.000
1801	314	314000.000
1802	300	300000.000
1803	294	294000.000
1804	306	306000.000
1805	308	308000.000
1806	292	292000.000
1807	292	292000.000
1808	289	289000.000
1809	301	301000.000
1810	292	292000.000
1811	288	288000.000
1812	303	303000.000
1813	302	302000.000
1814	290	290000.000
1815	284	284000.000
1816	285	285000.000
1817	306	306000.000
1818	296	296000.000
1819	306	306000.000
1820	323	323000.000
1821	299	299000.000
1822	325	325000.000
1823	277	277000.000
1824	305	305000.000
1825	296	296000.000
1826	253	253000.000
1827	286	286000.000
1828	279	279000.000
1829	269	269000.000
1830	308	308000.000
1831	289	289000.000
1832	284	284000.000
1833	311	311000.000
1834	273	273000.000
1835	271	271000.000
1836	298	298000.000
1837	284	284000.000
1838	305	305000.000
1839	297	297000.000
1840	302	302000.000
1841	321	321000.000
1842	307	307000.000
1843	281	281000.000
1844	292	292000.000
1845	315	315000.000
1846	325	325000.000
1847	277	277000.000
1848	321	321000.000
1849	275	275000.000
1850	290	290000.000
1851	271	271000.000
1852	290	290000.000
1853	297	297000.000
1854	288	288000.000
1855	299	299000.000
1856	266	266000.000
1857	313	313000.000
1858	278	278000.000
1859	232	232000.000
1860	291	291000.000
1861	298	298000.000
1862	299	299000.000
1863	318	318000.000
1864	279	279000.000
1865	290	290000.000
1866	306	306000.000
1867	317	317000.000
1868	309	309000.000
1869	293	293000.000
1870	302	302000.000
1871	296	296000.000
1872	274	274000.000
1873	306	306000.000
1874	306	306000.000
1875	299	299000.000
1876	300	300000.000
1877	312	312000.000
1878	306	306000.000
1879	287	287000.000
1880	282	282000.000
1881	319	319000.000
1882	299	299000.000
1883	269	269000.000
1884	286	286000.000
1885	299	299000.000
1886	302	302000.000
1887	291	291000.000
1888	264	264000.000
1889	285	285000.000
1890	311	311000.000
1891	301	301000.000
1892	312	312000.000
1893	337	337000.000
1894	319	319000.000
1895	283	283000.000
1896	319	319000.000
1897	281	281000.000
1898	299	299000.000
1899	306	306000.000
1900	316	316000.000
1901	288	288000.000
1902	280	280000.000
1903	327	327000.000
1904	266	266000.000
1905	296	296000.000
1906	286	286000.000
1907	298	298000.000
1908	302	302000.000
1909	280	280000.000
1910	295	295000.000
1911	293	293000.000
1912	310	310000.000
1913	276	276000.000
1914	280	280000.000
1915	282	282000.000
1916	321	321000.000
1917	300	300000.000
1918	292	292000.000
1919	276	276000.000
1920	329	329000.000
1921	309	309000.000
1922	289	289000.000
1923	295	295000.000
1924	293	293000.000
1925	294	294000.000
1926	284	284000.000
1927	306	306000.000
1928	292	292000.000
1929	274	274000.000
1930	289	289000.000
1931	302	302000.000
1932	292	292000.000
1933	294	294000.000
1934	300	300000.000
1935	292	292000.000
1936	285	285000.000
1937	272	272000.000
1938	308	308000.000
1939	324	324000.000
1940	305	305000.000
1941	331	331000.000
1942	297	297000.000
1943	292	292000.000
1944	323	323000.000
1945	298	298000.000
1946	321	321000.000
1947	286	286000.000
1948	317	317000.000
1949	319	319000.000
1950	309	309000.000
1951	319	319000.000
1952	307	307000.000
1953	265	265000.000
1954	318	318000.000
1955	330	330000.000
1956	300	300000.000
1957	319	319000.000
1958	277	277000.000
1959	305	305000.000
1960	326	326000.000
1961	310	310000.000
1962	278	278000.000
1963	283	283000.000
1964	314	314000.000
1965	293	293000.000
1966	294	294000.000
1967	287	287000.000
1968	305	305000.000
1969	306	306000.000
1970	306	306000.000
1971	286	286000.000
1972	262	262000.000
1973	270	270000.000
1974	317	317000.000
1975	311	311000.000
1976	316	316000.000
1977	325	325000.000
1978	306	306000.000
1979	304	304000.000
1980	263	263000.000
1981	263	263000.000
1982	268	268000.000
1983	295	295000.000
1984	273	273000.000
1985	307	307000.000
1986	333	333000.000
1987	309	309000.000
1988	299	299000.000
1989	303	303000.000
1990	267	267000.000
1991	311	311000.000
1992	269	269000.000
1993	299	299000.000
1994	272	272000.000
1995	290	290000.000
1996	294	294000.000
1997	322	322000.000
1998	295	295000.000
1999	277	277000.000
2000	307	307000.000
2001	293	293000.000
2002	286	286000.000
2003	314	314000.000
2004	322	322000.000
2005	313	313000.000
2006	289	289000.000
2007	303	303000.000
2008	313	313000.000
2009	341	341000.000
2010	324	324000.000
2011	296	296000.000
2012	311	311000.000
2013	303	303000.000
2014	293	293000.000
2015	297	297000.000
2016	299	299000.000
2017	271	271000.000
2018	279	279000.000
2019	305	305000.000
2020	257	257000.000
2021	303	303000.000
2022	314	314000.000
2023	262	262000.000
2024	282	282000.000
2025	305	305000.000
2026	263	263000.000
2027	276	276000.000
2028	286	286000.000
2029	285	285000.000
2030	306	306000.000
2031	285	285000.000
2032	318	318000.000
2033	309	309000.000
2034	277	277000.000
2035	275	275000.000
2036	299	299000.000
2037	281	281000.000
2038	298	298000.000
2039	298	298000.000
2040	297	297000.000
2041	295	295000.000
2042	306	306000.000
2043	300	300000.000
2044	283	283000.000
2045	303	303000.000
2046	294	294000.000
2047	254	254000.000
2048	287	287000.000
2049	303	303000.000
2050	329	329000.000
2051	335	335000.000
2052	304	304000.000
2053	296	296000.000
2054	264	264000.000
2055	295	295000.000
2056	290	290000.000
2057	316	316000.000
2058	280	280000.000
2059	318	318000.000
2060	287	287000.000
2061	292	292000.000
2062	315	315000.000
2063	316	316000.000
2064	282	282000.000
2065	279	279000.000
2066	295	295000.000
2067	260	260000.000
2068	293	293000.000
2069	287	287000.000
2070	310	310000.000
2071	318	318000.000
2072	328	328000.000
2073	296	296000.000
2074	286	286000.000
2075	294	294000.000
2076	295	295000.000
2077	315	315000.000
2078	278	278000.000
2079	319	319000.000
2080	289	289000.000
2081	292	292000.000
2082	278	278000.000
2083	299	299000.000
2084	321	321000.000
2085	300	300000.000
2086	312	312000.000
2087	281	281000.000
2088	275	275000.000
2089	284	284000.000
2090	287	287000.000
2091	281	281000.000
2092	313	313000.000
2093	259	259000.000
2094	297	297000.000
2095	311	311000.000
2096	283	283000.000
2097	275	275000.000
2098	278	278000.000
2099	318	318000.000
2100	265	265000.000
2101	291	291000.000
2102	287	287000.000
2103	281	281000.000
2104	271	271000.000
2105	293	293000.000
2106	294	294000.000
2107	275	275000.000
2108	304	304000.000
2109	319	319000.000
2110	288	288000.000
2111	306	306000.000
2112	302	302000.000
2113	313	313000.000
2114	292	292000.000
2115	300	300000.000
2116	275	275000.000
2117	302	302000.000
2118	268	268000.000
2119	298	298000.000
2120	303	303000.000
2121	282	282000.000
2122	287	287000.000
2123	269	269000.000
2124	293	293000.000
2125	328	328000.000
2126	305	305000.000
2127	280	280000.000
2128	300	300000.000
2129	279	279000.000
2130	285	285000.000
2131	328	328000.000
2132	278	278000.000
2133	268	268000.000
2134	297	297000.000
2135	311	311000.000
2136	291	291000.000
2137	290	290000.000
2138	280	280000.000
2139	328	328000.000
2140	313	313000.000
2141	275	275000.000
2142	292	292000.000
2143	292	292000.000
2144	278	278000.000
2145	319	319000.000
2146	288	288000.000
2147	287	287000.000
2148	310	310000.000
2149	268	268000.000
2150	291	291000.000
2151	304	304000.000
2152	291	291000.000
2153	290	290000.000
2154	292	292000.000
2155	289	289000.000
2156	317	317000.000
2157	300	300000.000
2158	288	288000.000
2159	307	307000.000
2160	275	275000.000
2161	278	278000.000
2162	289	289000.000
2163	296	296000.000
2164	302	302000.000
2165	301	301000.000
2166	294	294000.000
2167	283	283000.000
2168	293	293000.000
2169	312	312000.000
2170	303	303000.000
2171	266	266000.000
2172	327	327000.000
2173	289	289000.000
2174	275	275000.000
2175	253	253000.000
2176	289	289000.000
2177	284	284000.000
2178	289	289000.000
2179	259	259000.000
2180	290	290000.000
2181	269	269000.000
2182	277	277000.000
2183	314	314000.000
2184	278	278000.000
2185	302	302000.000
2186	314	314000.000
2187	300	300000.000
2188	274	274000.000
2189	279	279000.000
2190	280	280000.000
2191	312	312000.000
2192	313	313000.000
2193	288	288000.000
2194	305	305000.000
2195	283	283000.000
2196	294	294000.000
2197	312	312000.000
2198	296	296000.000
2199	282	282000.000
2200	288	288000.000
2201	296	296000.000
2202	312	312000.000
2203	279	279000.000
2204	296	296000.000
2205	317	317000.000
2206	253	253000.000
2207	309	309000.000
2208	314	314000.000
2209	260	260000.000
2210	281	281000.000
2211	297	297000.000
2212	305	305000.000
2213	267	267000.000
2214	324	324000.000
2215	296	296000.000
2216	255	255000.000
2217	277	277000.000
2218	277	277000.000
2219	282	282000.000
2220	293	293000.000
2221	299	299000.000
2222	305	305000.000
2223	313	313000.000
2224	295	295000.000
2225	293	293000.000
2226	284	284000.000
2227	293	293000.000
2228	280	280000.000
2229	282	282000.000
2230	306	306000.000
2231	298	298000.000
2232	283	283000.000
2233	300	300000.000
2234	289	289000.000
2235	294	294000.000
2236	288	288000.000
2237	305	305000.000
2238	337	337000.000
2239	268	268000.000
2240	299	299000.000
2241	330	330000.000
2242	324	324000.000
2243	313	313000.000
2244	305	305000.000
2245	316	316000.000
2246	303	303000.000
2247	281	281000.000
2248	282	282000.000
2249	277	277000.000
2250	294	294000.000
2251	317	317000.000
2252	300	300000.000
2253	317	317000.000
2254	307	307000.000
2255	308	308000.000
2256	301	301000.000
2257	278	278000.000
2258	315	315000.000
2259	301	301000.000
2260	293	293000.000
2261	299	299000.000
2262	316	316000.000
2263	288	288000.000
2264	303	303000.000
2265	302	302000.000
2266	261	261000.000
2267	319	319000.000
2268	310	310000.000
2269	291	291000.000
2270	300	300000.000
2271	296	296000.000
2272	291	291000.000
2273	296	296000.000
2274	294	294000.000
2275	284	284000.000
2276	284	284000.000
2277	307	307000.000
2278	308	308000.000
2279	293	293000.000
2280	286	286000.000
2281	289	289000.000
2282	272	272000.000
2283	281	281000.000
2284	284	284000.000
2285	293	293000.000
2286	306	306000.000
2287	282	282000.000
2288	301	301000.000
2289	303	303000.000
2290	317	317000.000
2291	298	298000.000
2292	282	282000.000
2293	296	296000.000
2294	316	316000.000
2295	275	275000.000
2296	316	316000.000
2297	304	304000.000
2298	295	295000.000
2299	319	319000.000
2300	305	305000.000
2301	292	292000.000
2302	288	288000.000
2303	310	310000.000
2304	278	278000.000
2305	282	282000.000
2306	260	260000.000
2307	326	326000.000
2308	291	291000.000
2309	295	295000.000
2310	289	289000.000
2311	309	309000.000
2312	316	316000.000
2313	302	302000.000
2314	308	308000.000
2315	283	283000.000
2316	293	293000.000
2317	325	325000.000
2318	296	296000.000
2319	281	281000.000
2320	308	308000.000
2321	300	300000.000
2322	270	270000.000
2323	324	324000.000
2324	311	311000.000
2325	279	279000.000
2326	327	327000.000
2327	289	289000.000
2328	294	294000.000
2329	316	316000.000
2330	282	282000.000
2331	322	322000.000
2332	280	280000.000
2333	319	319000.000
2334	300	300000.000
2335	309	309000.000
2336	329	329000.000
2337	302	302000.000
2338	285	285000.000
2339	303	303000.000
2340	299	299000.000
2341	283	283000.000
2342	322	322000.000
2343	309	309000.000
2344	307	307000.000
2345	337	337000.000
2346	297	297000.000
2347	280	280000.000
2348	291	291000.000
2349	322	322000.000
2350	291	291000.000
2351	280	280000.000
2352	278	278000.000
2353	295	295000.000
2354	277	277000.000
2355	300	300000.000
2356	314	314000.000
2357	311	311000.000
2358	305	305000.000
2359	293	293000.000
2360	270	270000.000
2361	299	299000.000
2362	294	294000.000
2363	266	266000.000
2364	300	300000.000
2365	313	313000.000
2366	306	306000.000
2367	308	308000.000
2368	276	276000.000
2369	277	277000.000
2370	291	291000.000
2371	329	329000.000
2372	298	298000.000
2373	298	298000.000
2374	310	310000.000
2375	308	308000.000
2376	315	315000.000
2377	290	290000.000
2378	262	262000.000
2379	278	278000.000
2380	283	283000.000
2381	282	282000.000
2382	309	309000.000
2383	303	303000.000
2384	290	290000.000
2385	277	277000.000
2386	322	322000.000
2387	273	273000.000
2388	312	312000.000
2389	275	275000.000
2390	292	292000.000
2391	302	302000.000
2392	279	279000.000
2393	288	288000.000
2394	289	289000.000
2395	309	309000.000
2396	291	291000.000
2397	271	271000.000
2398	308	308000.000
2399	303	303000.000
2400	278	278000.000
2401	313	313000.000
2402	306	306000.000
2403	277	277000.000
2404	305	305000.000
2405	294	294000.000
2406	267	267000.000
2407	291	291000.000
2408	299	299000.000
2409	288	288000.000
2410	306	306000.000
2411	277	277000.000
2412	284	284000.000
2413	305	305000.000
2414	312	312000.000
2415	293	293000.000
2416	293	293000.000
2417	287	287000.000
2418	288	288000.000
2419	293	293000.000
2420	274	274000.000
2421	286	286000.000
2422	292	292000.000
2423	303	303000.000
2424	287	287000.000
2425	284	284000.000
2426	314	314000.000
2427	334	334000.000
2428	306	306000.000
2429	316	316000.000
2430	286	286000.000
2431	279	279000.000
2432	301	301000.000
2433	294	294000.000
2434	314	314000.000
2435	298	298000.000
2436	309	309000.000
2437	302	302000.000
2438	289	289000.000
2439	284	284000.000
2440	315	315000.000
2441	275	275000.000
2442	282	282000.000
2443	290	290000.000
2444	302	302000.000
2445	271	271000.000
2446	298	298000.000
2447	287	287000.000
2448	322	322000.000
2449	285	285000.000
2450	341	341000.000
2451	280	280000.000
2452	288	288000.000
2453	296	296000.000
2454	312	312000.000
2455	295	295000.000
2456	314	314000.000
2457	281	281000.000
2458	264	264000.000
2459	281	281000.000
2460	303	303000.000
2461	260	260000.000
2462	265	265000.000
2463	339	339000.000
2464	284	284000.000
2465	305	305000.000
2466	283	283000.000
2467	328	328000.000
2468	310	310000.000
2469	281	281000.000
2470	288	288000.000
2471	294	294000.000
2472	307	307000.000
2473	284	284000.000
2474	268	268000.000
2475	309	309000.000
2476	288	288000.000
2477	275	275000.000
2478	294	294000.000
2479	312	312000.000
2480	278	278000.000
2481	282	282000.000
2482	269	269000.000
2483	325	325000.000
2484	271	271000.000
2485	297	297000.000
2486	297	297000.000
2487	306	306000.000
2488	303	303000.000
2489	296	296000.000
2490	272	272000.000
2491	282	282000.000
2492	298	298000.000
2493	291	291000.000
2494	308	308000.000
2495	294	294000.000
2496	300	300000.000
2497	320	320000.000
2498	285	285000.000
2499	276	276000.000
2500	296	296000.000
2501	348	348000.000
2502	300	300000.000
2503	324	324000.000
2504	273	273000.000
2505	299	299000.000
2506	286	286000.000
2507	310	310000.000
2508	296	296000.000
2509	296	296000.000
2510	290	290000.000
2511	310	310000.000
2512	327	327000.000
2513	309	309000.000
2514	285	285000.000
2515	297	297000.000
2516	290	290000.000
2517	304	304000.000
2518	312	312000.000
2519	307	307000.000
2520	278	278000.000
2521	299	299000.000
2522	302	302000.000
2523	296	296000.000
2524	288	288000.000
2525	289	289000.000
2526	306	306000.000
2527	312	312000.000
2528	287	287000.000
2529	301	301000.000
2530	287	287000.000
2531	293	293000.000
2532	300	300000.000
2533	306	306000.000
2534	311	311000.000
2535	295	295000.000
2536	296	296000.000
2537	268	268000.000
2538	272	272000.000
2539	291	291000.000
2540	272	272000.000
2541	305	305000.000
2542	297	297000.000
2543	303	303000.000
2544	280	280000.000
2545	270	270000.000
2546	295	295000.000
2547	284	284000.000
2548	271	271000.000
2549	297	297000.000
2550	281	281000.000
2551	297	297000.000
2552	305	305000.000
2553	288	288000.000
2554	307	307000.000
2555	314	314000.000
2556	310	310000.000
2557	315	315000.000
2558	315	315000.000
2559	305	305000.000
2560	275	275000.000
2561	304	304000.000
2562	296	296000.000
2563	317	317000.000
2564	280	280000.000
2565	258	258000.000
2566	292	292000.000
2567	320	320000.000
2568	291	291000.000
2569	303	303000.000
2570	296	296000.000
2571	267	267000.000
2572	310	310000.000
2573	288	288000.000
2574	318	318000.000
2575	263	263000.000
2576	283	283000.000
2577	295	295000.000
2578	336	336000.000
2579	337	337000.000
2580	297	297000.000
2581	305	305000.000
2582	349	349000.000
2583	277	277000.000
2584	300	300000.000
2585	304	304000.000
2586	273	273000.000
2587	282	282000.000
2588	299	299000.000
2589	324	324000.000
2590	293	293000.000
2591	278	278000.000
2592	314	314000.000
2593	269	269000.000
2594	315	315000.000
2595	261	261000.000
2596	277	277000.000
2597	326	326000.000
2598	291	291000.000
2599	325	325000.000
2600	309	309000.000
2601	319	319000.000
2602	301	301000.000
2603	259	259000.000
2604	251	251000.000
2605	285	285000.000
2606	296	296000.000
2607	301	301000.000
2608	282	282000.000
2609	293	293000.000
2610	296	296000.000
2611	290	290000.000
2612	328	328000.000
2613	296	296000.000
2614	299	299000.000
2615	284	284000.000
2616	309	309000.000
2617	297	297000.000
2618	293	293000.000
2619	287	287000.000
2620	314	314000.000
2621	326	326000.000
2622	308	308000.000
2623	272	272000.000
2624	275	275000.000
2625	295	295000.000
2626	313	313000.000
2627	326	326000.000
2628	300	300000.000
2629	310	310000.000
2630	282	282000.000
2631	289	289000.000
2632	269	269000.000
2633	327	327000.000
2634	290	290000.000
2635	302	302000.000
2636	324	324000.000
2637	273	273000.000
2638	310	310000.000
2639	288	288000.000
2640	280	280000.000
2641	284	284000.000
2642	268	268000.000
2643	290	290000.000
2644	331	331000.000
2645	279	279000.000
2646	302	302000.000
2647	322	322000.000
2648	263	263000.000
2649	313	313000.000
2650	318	318000.000
2651	287	287000.000
2652	262	262000.000
2653	334	334000.000
2654	304	304000.000
2655	288	288000.000
2656	295	295000.000
2657	275	275000.000
2658	301	301000.000
2659	284	284000.000
2660	307	307000.000
2661	307	307000.000
2662	329	329000.000
2663	289	289000.000
2664	275	275000.000
2665	281	281000.000
2666	304	304000.000
2667	323	323000.000
2668	320	320000.000
2669	288	288000.000
2670	286	286000.000
2671	295	295000.000
2672	291	291000.000
2673	279	279000.000
2674	300	300000.000
2675	293	293000.000
2676	284	284000.000
2677	284	284000.000
2678	287	287000.000
2679	296	296000.000
2680	257	257000.000
2681	297	297000.000
2682	269	269000.000
2683	300	300000.000
2684	273	273000.000
2685	318	318000.000
2686	283	283000.000
2687	275	275000.000
2688	273	273000.000
2689	305	305000.000
2690	292	292000.000
2691	323	323000.000
2692	293	293000.000
2693	300	300000.000
2694	317	317000.000
2695	277	277000.000
2696	261	261000.000
2697	313	313000.000
2698	325	325000.000
2699	278	278000.000
2700	275	275000.000
2701	298	298000.000
2702	298	298000.000
2703	304	304000.000
2704	297	297000.000
2705	307	307000.000
2706	281	281000.000
2707	304	304000.000
2708	279	279000.000
2709	266	266000.000
2710	301	301000.000
2711	288	288000.000
2712	280	280000.000
2713	329	329000.000
2714	304	304000.000
2715	280	280000.000
2716	303	303000.000
2717	280	280000.000
2718	312	312000.000
2719	296	296000.000
2720	318	318000.000
2721	270	270000.000
2722	297	297000.000
2723	306	306000.000
2724	288	288000.000
2725	262	262000.000
2726	333	333000.000
2727	336	336000.000
2728	292	292000.000
2729	283	283000.000
2730	282	282000.000
2731	283	283000.000
2732	281	281000.000
2733	288	288000.000
2734	308	308000.000
2735	279	279000.000
2736	307	307000.000
2737	278	278000.000
2738	291	291000.000
2739	290	290000.000
2740	288	288000.000
2741	313	313000.000
2742	281	281000.000
2743	312	312000.000
2744	285	285000.000
2745	291	291000.000
2746	262	262000.000
2747	291	291000.000
2748	292	292000.000
2749	281	281000.000
2750	333	333000.000
2751	296	296000.000
2752	338	338000.000
2753	283	283000.000
2754	275	275000.000
2755	310	310000.000
2756	290	290000.000
2757	280	280000.000
2758	283	283000.000
2759	321	321000.000
2760	298	298000.000
2761	310	310000.000
2762	298	298000.000
2763	303	303000.000
2764	285	285000.000
2765	328	328000.000
2766	268	268000.000
2767	313	313000.000
2768	312	312000.000
2769	286	286000.000
2770	333	333000.000
2771	296	296000.000
2772	293	293000.000
2773	285	285000.000
2774	309	309000.000
2775	278	278000.000
2776	332	332000.000
2777	287	287000.000
2778	295	295000.000
2779	322	322000.000
2780	287	287000.000
2781	332	332000.000
2782	292	292000.000
2783	314	314000.000
2784	294	294000.000
2785	291	291000.000
2786	316	316000.000
2787	300	300000.000
2788	296	296000.000
2789	297	297000.000
2790	285	285000.000
2791	297	297000.000
2792	300	300000.000
2793	306	306000.000
2794	289	289000.000
2795	299	299000.000
2796	299	299000.000
2797	296	296000.000
2798	295	295000.000
2799	317	317000.000
2800	298	298000.000
2801	270	270000.000
2802	307	307000.000
2803	257	257000.000
2804	306	306000.000
2805	290	290000.000
2806	302	302000.000
2807	297	297000.000
2808	273	273000.000
2809	319	319000.000
2810	299	299000.000
2811	289	289000.000
2812	294	294000.000
2813	262	262000.000
2814	310	310000.000
2815	282	282000.000
2816	312	312000.000
2817	332	332000.000
2818	301	301000.000
2819	283	283000.000
2820	282	282000.000
2821	336	336000.000
2822	284	284000.000
2823	275	275000.000
2824	299	299000.000
2825	304	304000.000
2826	268	268000.000
2827	274	274000.000
2828	296	296000.000
2829	304	304000.000
2830	293	293000.000
2831	273	273000.000
2832	320	320000.000
2833	284	284000.000
2834	318	318000.000
2835	317	317000.000
2836	300	300000.000
2837	276	276000.000
2838	282	282000.000
2839	286	286000.000
2840	309	309000.000
2841	268	268000.000
2842	283	283000.000
2843	261	261000.000
2844	300	300000.000
2845	290	290000.000
2846	288	288000.000
2847	298	298000.000
2848	267	267000.000
2849	317	317000.000
2850	287	287000.000
2851	318	318000.000
2852	287	287000.000
2853	319	319000.000
2854	287	287000.000
2855	288	288000.000
2856	285	285000.000
2857	252	252000.000
2858	250	250000.000
2859	311	311000.000
2860	296	296000.000
2861	323	323000.000
2862	303	303000.000
2863	305	305000.000
2864	286	286000.000
2865	278	278000.000
2866	296	296000.000
2867	313	313000.000
2868	323	323000.000
2869	263	263000.000
2870	299	299000.000
2871	289	289000.000
2872	281	281000.000
2873	274	274000.000
2874	272	272000.000
2875	311	311000.000
2876	299	299000.000
2877	268	268000.000
2878	294	294000.000
2879	277	277000.000
2880	297	297000.000
2881	280	280000.000
2882	309	309000.000
2883	319	319000.000
2884	283	283000.000
2885	309	309000.000
2886	311	311000.000
2887	270	270000.000
2888	297	297000.000
2889	268	268000.000
2890	286	286000.000
2891	302	302000.000
2892	324	324000.000
2893	288	288000.000
2894	302	302000.000
2895	297	297000.000
2896	289	289000.000
2897	297	297000.000
2898	287	287000.000
2899	276	276000.000
2900	293	293000.000
2901	303	303000.000
2902	285	285000.000
2903	342	342000.000
2904	288	288000.000
2905	321	321000.000
2906	309	309000.000
2907	306	306000.000
2908	302	302000.000
2909	303	303000.000
2910	320	320000.000
2911	316	316000.000
2912	299	299000.000
2913	282	282000.000
2914	293	293000.000
2915	303	303000.000
2916	294	294000.000
2917	289	289000.000
2918	319	319000.000
2919	311	311000.000
2920	264	264000.000
2921	289	289000.000
2922	294	294000.000
2923	287	287000.000
2924	294	294000.000
2925	311	311000.000
2926	302	302000.000
2927	313	313000.000
2928	288	288000.000
2929	325	325000.000
2930	316	316000.000
2931	280	280000.000
2932	311	311000.000
2933	276	276000.000
2934	310	310000.000
2935	280	280000.000
2936	290	290000.000
2937	286	286000.000
2938	310	310000.000
2939	299	299000.000
2940	289	289000.000
2941	294	294000.000
2942	254	254000.000
2943	275	275000.000
2944	299	299000.000
2945	284	284000.000
2946	291	291000.000
2947	303	303000.000
2948	256	256000.000
2949	304	304000.000
2950	317	317000.000
2951	306	306000.000
2952	307	307000.000
2953	290	290000.000
2954	284	284000.000
2955	311	311000.000
2956	303	303000.000
2957	274	274000.000
2958	287	287000.000
2959	288	288000.000
2960	277	277000.000
2961	294	294000.000
2962	276	276000.000
2963	312	312000.000
2964	318	318000.000
2965	298	298000.000
2966	300	300000.000
2967	279	279000.000
2968	298	298000.000
2969	273	273000.000
2970	309	309000.000
2971	273	273000.000
2972	306	306000.000
2973	281	281000.000
2974	299	299000.000
2975	311	311000.000
2976	314	314000.000
2977	280	280000.000
2978	316	316000.000
2979	313	313000.000
2980	263	263000.000
2981	269	269000.000
2982	278	278000.000
2983	301	301000.000
2984	297	297000.000
2985	296	296000.000
2986	278	278000.000
2987	302	302000.000
2988	326	326000.000
2989	333	333000.000
2990	318	318000.000
2991	292	292000.000
2992	288	288000.000
2993	296	296000.000
2994	291	291000.000
2995	319	319000.000
2996	301	301000.000
2997	312	312000.000
2998	305	305000.000
2999	295	295000.000
3000	296	296000.000
3001	299	299000.000
3002	282	282000.000
3003	301	301000.000
3004	290	290000.000
3005	315	315000.000
3006	292	292000.000
3007	306	306000.000
3008	288	288000.000
3009	299	299000.000
3010	285	285000.000
3011	317	317000.000
3012	288	288000.000
3013	287	287000.000
3014	280	280000.000
3015	283	283000.000
3016	290	290000.000
3017	312	312000.000
3018	277	277000.000
3019	330	330000.000
3020	313	313000.000
3021	287	287000.000
3022	295	295000.000
3023	280	280000.000
3024	298	298000.000
3025	257	257000.000
3026	281	281000.000
3027	326	326000.000
3028	294	294000.000
3029	290	290000.000
3030	297	297000.000
3031	277	277000.000
3032	292	292000.000
3033	285	285000.000
3034	282	282000.000
3035	265	265000.000
3036	306	306000.000
3037	323	323000.000
3038	269	269000.000
3039	278	278000.000
3040	287	287000.000
3041	292	292000.000
3042	285	285000.000
3043	315	315000.000
3044	271	271000.000
3045	315	315000.000
3046	318	318000.000
3047	282	282000.000
3048	294	294000.000
3049	311	311000.000
3050	298	298000.000
3051	267	267000.000
3052	277	277000.000
3053	287	287000.000
3054	304	304000.000
3055	327	327000.000
3056	328	328000.000
3057	305	305000.000
3058	275	275000.000
3059	282	282000.000
3060	277	277000.000
3061	332	332000.000
3062	310	310000.000
3063	303	303000.000
3064	302	302000.000
3065	290	290000.000
3066	276	276000.000
3067	302	302000.000
3068	288	288000.000
3069	304	304000.000
3070	307	307000.000
3071	300	300000.000
3072	310	310000.000
3073	293	293000.000
3074	326	326000.000
3075	259	259000.000
3076	311	311000.000
3077	306	306000.000
3078	269	269000.000
3079	303	303000.000
3080	309	309000.000
3081	306	306000.000
3082	297	297000.000
3083	298	298000.000
3084	340	340000.000
3085	325	325000.000
3086	285	285000.000
3087	290	290000.000
3088	310	310000.000
3089	312	312000.000
3090	296	296000.000
3091	311	311000.000
3092	285	285000.000
3093	295	295000.000
3094	275	275000.000
3095	304	304000.000
3096	295	295000.000
3097	306	306000.000
3098	293	293000.000
3099	303	303000.000
3100	272	272000.000
3101	316	316000.000
3102	310	310000.000
3103	310	310000.000
3104	297	297000.000
3105	286	286000.000
3106	320	320000.000
3107	279	279000.000
3108	276	276000.000
3109	301	301000.000
3110	286	286000.000
3111	285	285000.000
3112	281	281000.000
3113	278	278000.000
3114	304	304000.000
3115	301	301000.000
3116	271	271000.000
3117	263	263000.000
3118	282	282000.000
3119	277	277000.000
3120	297	297000.000
3121	324	324000.000
3122	260	260000.000
3123	321	321000.000
3124	310	310000.000
3125	275	275000.000
3126	319	319000.000
3127	272	272000.000
3128	327	327000.000
3129	309	309000.000
3130	290	290000.000
3131	299	299000.000
3132	315	315000.000
3133	275	275000.000
3134	254	254000.000
3135	314	314000.000
3136	279	279000.000
3137	277	277000.000
3138	269	269000.000
3139	296	296000.000
3140	280	280000.000
3141	283	283000.000
3142	304	304000.000
3143	302	302000.000
3144	308	308000.000
3145	311	311000.000
3146	303	303000.000
3147	282	282000.000
3148	295	295000.000
3149	311	311000.000
3150	279	279000.000
3151	288	288000.000
3152	300	300000.000
3153	293	293000.000
3154	295	295000.000
3155	288	288000.000
3156	306	306000.000
3157	311	311000.000
3158	281	281000.000
3159	293	293000.000
3160	292	292000.000
3161	279	279000.000
3162	303	303000.000
3163	291	291000.000
3164	282	282000.000
3165	289	289000.000
3166	293	293000.000
3167	304	304000.000
3168	274	274000.000
3169	302	302000.000
3170	310	310000.000
3171	299	299000.000
3172	317	317000.000
3173	313	313000.000
3174	288	288000.000
3175	295	295000.000
3176	301	301000.000
3177	293	293000.000
3178	295	295000.000
3179	281	281000.000
3180	288	288000.000
3181	281	281000.000
3182	299	299000.000
3183	311	311000.000
3184	298	298000.000
3185	313	313000.000
3186	295	295000.000
3187	279	279000.000
3188	296	296000.000
3189	311	311000.000
3190	311	311000.000
3191	309	309000.000
3192	317	317000.000
3193	273	273000.000
3194	293	293000.000
3195	274	274000.000
3196	334	334000.000
3197	338	338000.000
3198	282	282000.000
3199	286	286000.000
3200	267	267000.000
3201	288	288000.000
3202	309	309000.000
3203	304	304000.000
3204	301	301000.000
3205	284	284000.000
3206	296	296000.000
3207	289	289000.000
3208	321	321000.000
3209	277	277000.000
3210	287	287000.000
3211	322	322000.000
3212	312	312000.000
3213	289	289000.000
3214	268	268000.000
3215	311	311000.000
3216	274	274000.000
3217	305	305000.000
3218	279	279000.000
3219	317	317000.000
3220	293	293000.000
3221	326	326000.000
3222	316	316000.000
3223	306	306000.000
3224	288	288000.000
3225	288	288000.000
3226	300	300000.000
3227	299	299000.000
3228	283	283000.000
3229	294	294000.000
3230	287	287000.000
3231	313	313000.000
3232	276	276000.000
3233	309	309000.000
3234	295	295000.000
3235	319	319000.000
3236	290	290000.000
3237	318	318000.000
3238	290	290000.000
3239	295	295000.000
3240	272	272000.000
3241	296	296000.000
3242	276	276000.000
3243	303	303000.000
3244	316	316000.000
3245	295	295000.000
3246	295	295000.000
3247	298	298000.000
3248	300	300000.000
3249	299	299000.000
3250	281	281000.000
3251	289	289000.000
3252	262	262000.000
3253	292	292000.000
3254	281	281000.000
3255	266	266000.000
3256	291	291000.000
3257	303	303000.000
3258	265	265000.000
3259	289	289000.000
3260	277	277000.000
3261	288	288000.000
3262	270	270000.000
3263	328	328000.000
3264	298	298000.000
3265	290	290000.000
3266	317	317000.000
3267	296	296000.000
3268	326	326000.000
3269	284	284000.000
3270	305	305000.000
3271	299	299000.000
3272	294	294000.000
3273	321	321000.000
3274	295	295000.000
3275	270	270000.000
3276	297	297000.000
3277	306	306000.000
3278	257	257000.000
3279	274	274000.000
3280	283	283000.000
3281	283	283000.000
3282	279	279000.000
3283	307	307000.000
3284	259	259000.000
3285	271	271000.000
3286	309	309000.000
3287	282	282000.000
3288	314	314000.000
3289	297	297000.000
3290	294	294000.000
3291	280	280000.000
3292	310	310000.000
3293	287	287000.000
3294	304	304000.000
3295	287	287000.000
3296	305	305000.000
3297	293	293000.000
3298	287	287000.000
3299	298	298000.000
3300	290	290000.000
3301	278	278000.000
3302	305	305000.000
3303	291	291000.000
3304	298	298000.000
3305	287	287000.000
3306	313	313000.000
3307	275	275000.000
3308	311	311000.000
3309	298	298000.000
3310	260	260000.000
3311	275	275000.000
3312	283	283000.000
3313	287	287000.000
3314	288	288000.000
3315	278	278000.000
3316	275	275000.000
3317	332	332000.000
3318	288	288000.000
3319	316	316000.000
3320	292	292000.000
3321	323	323000.000
3322	277	277000.000
3323	285	285000.000
3324	313	313000.000
3325	293	293000.000
3326	288	288000.000
3327	291	291000.000
3328	277	277000.000
3329	298	298000.000
3330	317	317000.000
3331	274	274000.000
3332	301	301000.000
3333	287	287000.000
3334	258	258000.000
3335	266	266000.000
3336	313	313000.000
3337	267	267000.000
3338	280	280000.000
3339	274	274000.000
3340	322	322000.000
3341	297	297000.000
3342	296	296000.000
3343	273	273000.000
3344	317	317000.000
3345	302	302000.000
3346	273	273000.000
3347	294	294000.000
3348	283	283000.000
3349	314	314000.000
3350	282	282000.000
3351	318	318000.000
3352	281	281000.000
3353	297	297000.000
3354	292	292000.000
3355	300	300000.000
3356	298	298000.000
3357	281	281000.000
3358	291	291000.000
3359	312	312000.000
3360	287	287000.000
3361	317	317000.000
3362	280	280000.000
3363	306	306000.000
3364	305	305000.000
3365	295	295000.000
3366	313	313000.000
3367	285	285000.000
3368	277	277000.000
3369	336	336000.000
3370	287	287000.000
3371	286	286000.000
3372	335	335000.000
3373	292	292000.000
3374	306	306000.000
3375	286	286000.000
3376	325	325000.000
3377	300	300000.000
3378	300	300000.000
3379	285	285000.000
3380	282	282000.000
3381	303	303000.000
3382	283	283000.000
3383	315	315000.000
3384	288	288000.000
3385	268	268000.000
3386	292	292000.000
3387	306	306000.000
3388	297	297000.000
3389	301	301000.000
3390	298	298000.000
3391	278	278000.000
3392	263	263000.000
3393	310	310000.000
3394	286	286000.000
3395	317	317000.000
3396	302	302000.000
3397	314	314000.000
3398	315	315000.000
3399	285	285000.000
3400	287	287000.000
3401	281	281000.000
3402	292	292000.000
3403	284	284000.000
3404	303	303000.000
3405	309	309000.000
3406	300	300000.000
3407	290	290000.000
3408	300	300000.000
3409	288	288000.000
3410	266	266000.000
3411	297	297000.000
3412	278	278000.000
3413	314	314000.000
3414	288	288000.000
3415	297	297000.000
3416	279	279000.000
3417	301	301000.000
3418	304	304000.000
3419	289	289000.000
3420	288	288000.000
3421	277	277000.000
3422	313	313000.000
3423	292	292000.000
3424	286	286000.000
3425	314	314000.000
3426	304	304000.000
3427	304	304000.000
3428	316	316000.000
3429	288	288000.000
3430	306	306000.000
3431	301	301000.000
3432	286	286000.000
3433	281	281000.000
3434	291	291000.000
3435	258	258000.000
3436	309	309000.000
3437	279	279000.000
3438	282	282000.000
3439	311	311000.000
3440	295	295000.000
3441	294	294000.000
3442	309	309000.000
3443	302	302000.000
3444	313	313000.000
3445	308	308000.000
3446	290	290000.000
3447	257	257000.000
3448	272	272000.000
3449	294	294000.000
3450	301	301000.000
3451	338	338000.000
3452	315	315000.000
3453	315	315000.000
3454	295	295000.000
3455	294	294000.000
3456	311	311000.000
3457	300	300000.000
3458	291	291000.000
3459	269	269000.000
3460	313	313000.000
3461	330	330000.000
3462	298	298000.000
3463	300	300000.000
3464	314	314000.000
3465	294	294000.000
3466	329	329000.000
3467	307	307000.000
3468	290	290000.000
3469	312	312000.000
3470	288	288000.000
3471	297	297000.000
3472	291	291000.000
3473	307	307000.000
3474	345	345000.000
3475	310	310000.000
3476	286	286000.000
3477	289	289000.000
3478	304	304000.000
3479	288	288000.000
3480	312	312000.000
3481	287	287000.000
3482	267	267000.000
3483	260	260000.000
3484	303	303000.000
3485	302	302000.000
3486	291	291000.000
3487	288	288000.000
3488	306	306000.000
3489	315	315000.000
3490	305	305000.000
3491	309	309000.000
3492	289	289000.000
3493	297	297000.000
3494	302	302000.000
3495	281	281000.000
3496	284	284000.000
3497	285	285000.000
3498	289	289000.000
3499	277	277000.000
3500	282	282000.000
3501	297	297000.000
3502	338	338000.000
3503	293	293000.000
3504	304	304000.000
3505	322	322000.000
3506	301	301000.000
3507	301	301000.000
3508	284	284000.000
3509	286	286000.000
3510	300	300000.000
3511	296	296000.000
3512	284	284000.000
3513	301	301000.000
3514	283	283000.000
3515	299	299000.000
3516	296	296000.000
3517	294	294000.000
3518	306	306000.000
3519	318	318000.000
3520	270	270000.000
3521	294	294000.000
3522	321	321000.000
3523	272	272000.000
3524	284	284000.000
3525	335	335000.000
3526	276	276000.000
3527	324	324000.000
3528	271	271000.000
3529	293	293000.000
3530	292	292000.000
3531	297	297000.000
3532	287	287000.000
3533	290	290000.000
3534	326	326000.000
3535	283	283000.000
3536	299	299000.000
3537	304	304000.000
3538	302	302000.000
3539	321	321000.000
3540	307	307000.000
3541	314	314000.000
3542	276	276000.000
3543	314	314000.000
3544	261	261000.000
3545	293	293000.000
3546	304	304000.000
3547	258	258000.000
3548	291	291000.000
3549	292	292000.000
3550	305	305000.000
3551	289	289000.000
3552	336	336000.000
3553	296	296000.000
3554	269	269000.000
3555	275	275000.000
3556	331	331000.000
3557	308	308000.000
3558	279	279000.000
3559	281	281000.000
3560	304	304000.000
3561	293	293000.000
3562	287	287000.000
3563	252	252000.000
3564	311	311000.000
3565	312	312000.000
3566	302	302000.000
3567	322	322000.000
3568	300	300000.000
3569	297	297000.000
3570	301	301000.000
3571	294	294000.000
3572	311	311000.000
3573	285	285000.000
3574	301	301000.000
3575	304	304000.000
3576	316	316000.000
3577	335	335000.000
3578	299	299000.000
3579	285	285000.000
3580	319	319000.000
3581	308	308000.000
3582	298	298000.000
3583	294	294000.000
3584	295	295000.000
3585	297	297000.000
3586	290	290000.000
3587	305	305000.000
3588	290	290000.000
3589	301	301000.000
3590	308	308000.000
3591	269	269000.000
3592	289	289000.000
3593	307	307000.000
3594	333	333000.000
3595	320	320000.000
3596	283	283000.000
3597	273	273000.000
3598	292	292000.000
3599	291	291000.000
3600	300	300000.000
3601	288	288000.000
3602	290	290000.000
3603	270	270000.000
3604	314	314000.000
3605	277	277000.000
3606	269	269000.000
3607	282	282000.000
3608	333	333000.000
3609	286	286000.000
3610	306	306000.000
3611	259	259000.000
3612	311	311000.000
3613	273	273000.000
3614	279	279000.000
3615	285	285000.000
3616	280	280000.000
3617	290	290000.000
3618	284	284000.000
3619	304	304000.000
3620	287	287000.000
3621	284	284000.000
3622	300	300000.000
3623	335	335000.000
3624	299	299000.000
3625	299	299000.000
3626	287	287000.000
3627	328	328000.000
3628	320	320000.000
3629	268	268000.000
3630	311	311000.000
3631	275	275000.000
3632	293	293000.000
3633	312	312000.000
3634	315	315000.000
3635	295	295000.000
3636	266	266000.000
3637	309	309000.000
3638	309	309000.000
3639	328	328000.000
3640	284	284000.000
3641	304	304000.000
3642	327	327000.000
3643	262	262000.000
3644	294	294000.000
3645	304	304000.000
3646	310	310000.000
3647	329	329000.000
3648	300	300000.000
3649	255	255000.000
3650	309	309000.000
3651	311	311000.000
3652	279	279000.000
3653	332	332000.000
3654	280	280000.000
3655	284	284000.000
3656	278	278000.000
3657	314	314000.000
3658	284	284000.000
3659	302	302000.000
3660	307	307000.000
3661	313	313000.000
3662	311	311000.000
3663	305	305000.000
3664	284	284000.000
3665	299	299000.000
3666	299	299000.000
3667	279	279000.000
3668	296	296000.000
3669	267	267000.000
3670	284	284000.000
3671	300	300000.000
3672	302	302000.000
3673	287	287000.000
3674	294	294000.000
3675	292	292000.000
3676	289	289000.000
3677	289	289000.000
3678	293	293000.000
3679	303	303000.000
3680	284	284000.000
3681	343	343000.000
3682	282	282000.000
3683	292	292000.000
3684	292	292000.000
3685	291	291000.000
3686	291	291000.000
3687	308	308000.000
3688	311	311000.000
3689	289	289000.000
3690	331	331000.000
3691	304	304000.000
3692	282	282000.000
3693	273	273000.000
3694	288	288000.000
3695	301	301000.000
3696	300	300000.000
3697	293	293000.000
3698	332	332000.000
3699	300	300000.000
3700	324	324000.000
3701	245	245000.000
3702	356	356000.000
3703	274	274000.000
3704	331	331000.000
3705	311	311000.000
3706	332	332000.000
3707	303	303000.000
3708	337	337000.000
3709	292	292000.000
3710	285	285000.000
3711	284	284000.000
3712	332	332000.000
3713	299	299000.000
3714	290	290000.000
3715	269	269000.000
3716	296	296000.000
3717	310	310000.000
3718	289	289000.000
3719	298	298000.000
3720	303	303000.000
3721	301	301000.000
3722	300	300000.000
3723	307	307000.000
3724	295	295000.000
3725	283	283000.000
3726	322	322000.000
3727	291	291000.000
3728	294	294000.000
3729	277	277000.000
3730	307	307000.000
3731	314	314000.000
3732	304	304000.000
3733	259	259000.000
3734	278	278000.000
3735	294	294000.000
3736	293	293000.000
3737	270	270000.000
3738	306	306000.000
3739	287	287000.000
3740	306	306000.000
3741	275	275000.000
3742	277	277000.000
3743	304	304000.000
3744	281	281000.000
3745	285	285000.000
3746	292	292000.000
3747	289	289000.000
3748	308	308000.000
3749	290	290000.000
3750	291	291000.000
3751	303	303000.000
3752	308	308000.000
3753	309	309000.000
3754	298	298000.000
3755	278	278000.000
3756	299	299000.000
3757	293	293000.000
3758	292	292000.000
3759	292	292000.000
3760	286	286000.000
3761	300	300000.000
3762	320	320000.000
3763	278	278000.000
3764	320	320000.000
3765	313	313000.000
3766	289	289000.000
3767	258	258000.000
3768	264	264000.000
3769	286	286000.000
3770	284	284000.000
3771	304	304000.000
3772	281	281000.000
3773	295	295000.000
3774	325	325000.000
3775	298	298000.000
3776	280	280000.000
3777	298	298000.000
3778	276	276000.000
3779	306	306000.000
3780	259	259000.000
3781	334	334000.000
3782	287	287000.000
3783	293	293000.000
3784	292	292000.000
3785	290	290000.000
3786	288	288000.000
3787	296	296000.000
3788	291	291000.000
3789	306	306000.000
3790	324	324000.000
3791	323	323000.000
3792	279	279000.000
3793	325	325000.000
3794	319	319000.000
3795	286	286000.000
3796	290	290000.000
3797	276	276000.000
3798	309	309000.000
3799	283	283000.000
3800	279	279000.000
3801	316	316000.000
3802	309	309000.000
3803	324	324000.000
3804	299	299000.000
3805	297	297000.000
3806	293	293000.000
3807	289	289000.000
3808	326	326000.000
3809	279	279000.000
3810	285	285000.000
3811	323	323000.000
3812	302	302000.000
3813	280	280000.000
3814	317	317000.000
3815	297	297000.000
3816	318	318000.000
3817	321	321000.000
3818	302	302000.000
3819	282	282000.000
3820	299	299000.000
3821	287	287000.000
3822	303	303000.000
3823	273	273000.000
3824	305	305000.000
3825	281	281000.000
3826	287	287000.000
3827	291	291000.000
3828	294	294000.000
3829	250	250000.000
3830	309	309000.000
3831	308	308000.000
3832	299	299000.000
3833	270	270000.000
3834	310	310000.000
3835	305	305000.000
3836	303	303000.000
3837	298	298000.000
3838	308	308000.000
3839	257	257000.000
3840	298	298000.000
3841	302	302000.000
3842	276	276000.000
3843	286	286000.000
3844	324	324000.000
3845	272	272000.000
3846	307	307000.000
3847	317	317000.000
3848	309	309000.000
3849	287	287000.000
3850	343	343000.000
3851	306	306000.000
3852	303	303000.000
3853	326	326000.000
3854	280	280000.000
3855	304	304000.000
3856	299	299000.000
3857	288	288000.000
3858	308	308000.000
3859	294	294000.000
3860	305	305000.000
3861	294	294000.000
3862	309	309000.000
3863	290	290000.000
3864	268	268000.000
3865	300	300000.000
3866	279	279000.000
3867	294	294000.000
3868	274	274000.000
3869	303	303000.000
3870	316	316000.000
3871	316	316000.000
3872	315	315000.000
3873	331	331000.000
3874	299	299000.000
3875	317	317000.000
3876	270	270000.000
3877	308	308000.000
3878	296	296000.000
3879	278	278000.000
3880	298	298000.000
3881	296	296000.000
3882	299	299000.000
3883	304	304000.000
3884	305	305000.000
3885	271	271000.000
3886	274	274000.000
3887	296	296000.000
3888	279	279000.000
3889	288	288000.000
3890	292	292000.000
3891	297	297000.000
3892	308	308000.000
3893	315	315000.000
3894	283	283000.000
3895	307	307000.000
3896	297	297000.000
3897	295	295000.000
3898	330	330000.000
3899	293	293000.000
3900	331	331000.000
3901	311	311000.000
3902	292	292000.000
3903	340	340000.000
3904	276	276000.000
3905	296	296000.000
3906	287	287000.000
3907	270	270000.000
3908	312	312000.000
3909	287	287000.000
3910	303	303000.000
3911	308	308000.000
3912	266	266000.000
3913	293	293000.000
3914	259	259000.000
3915	279	279000.000
3916	298	298000.000
3917	321	321000.000
3918	279	279000.000
3919	259	259000.000
3920	299	299000.000
3921	295	295000.000
3922	271	271000.000
3923	332	332000.000
3924	337	337000.000
3925	325	325000.000
3926	290	290000.000
3927	322	322000.000
3928	263	263000.000
3929	299	299000.000
3930	306	306000.000
3931	299	299000.000
3932	287	287000.000
3933	273	273000.000
3934	301	301000.000
3935	303	303000.000
3936	291	291000.000
3937	307	307000.000
3938	302	302000.000
3939	296	296000.000
3940	298	298000.000
3941	306	306000.000
3942	271	271000.000
3943	321	321000.000
3944	263	263000.000
3945	294	294000.000
3946	287	287000.000
3947	292	292000.000
3948	276	276000.000
3949	302	302000.000
3950	307	307000.000
3951	255	255000.000
3952	299	299000.000
3953	308	308000.000
3954	288	288000.000
3955	291	291000.000
3956	300	300000.000
3957	337	337000.000
3958	273	273000.000
3959	300	300000.000
3960	306	306000.000
3961	285	285000.000
3962	312	312000.000
3963	289	289000.000
3964	271	271000.000
3965	319	319000.000
3966	290	290000.000
3967	298	298000.000
3968	295	295000.000
3969	304	304000.000
3970	277	277000.000
3971	302	302000.000
3972	278	278000.000
3973	274	274000.000
3974	295	295000.000
3975	321	321000.000
3976	313	313000.000
3977	312	312000.000
3978	308	308000.000
3979	304	304000.000
3980	335	335000.000
3981	289	289000.000
3982	284	284000.000
3983	295	295000.000
3984	308	308000.000
3985	311	311000.000
3986	286	286000.000
3987	290	290000.000
3988	280	280000.000
3989	287	287000.000
3990	314	314000.000
3991	287	287000.000
3992	295	295000.000
3993	294	294000.000
3994	291	291000.000
3995	284	284000.000
3996	293	293000.000
3997	292	292000.000
3998	287	287000.000
3999	327	327000.000
4000	289	289000.000
4001	294	294000.000
4002	273	273000.000
4003	285	285000.000
4004	286	286000.000
4005	281	281000.000
4006	329	329000.000
4007	288	288000.000
4008	293	293000.000
4009	287	287000.000
4010	337	337000.000
4011	291	291000.000
4012	290	290000.000
4013	302	302000.000
4014	317	317000.000
4015	323	323000.000
4016	299	299000.000
4017	295	295000.000
4018	307	307000.000
4019	333	333000.000
4020	313	313000.000
4021	280	280000.000
4022	321	321000.000
4023	290	290000.000
4024	303	303000.000
4025	298	298000.000
4026	294	294000.000
4027	300	300000.000
4028	318	318000.000
4029	291	291000.000
4030	326	326000.000
4031	306	306000.000
4032	309	309000.000
4033	282	282000.000
4034	297	297000.000
4035	293	293000.000
4036	296	296000.000
4037	307	307000.000
4038	286	286000.000
4039	285	285000.000
4040	332	332000.000
4041	297	297000.000
4042	266	266000.000
4043	308	308000.000
4044	286	286000.000
4045	291	291000.000
4046	300	300000.000
4047	306	306000.000
4048	309	309000.000
4049	282	282000.000
4050	276	276000.000
4051	276	276000.000
4052	295	295000.000
4053	298	298000.000
4054	292	292000.000
4055	291	291000.000
4056	311	311000.000
4057	294	294000.000
4058	285	285000.000
4059	301	301000.000
4060	299	299000.000
4061	299	299000.000
4062	308	308000.000
4063	268	268000.000
4064	292	292000.000
4065	262	262000.000
4066	291	291000.000
4067	260	260000.000
4068	291	291000.000
4069	333	333000.000
4070	296	296000.000
4071	295	295000.000
4072	290	290000.000
4073	309	309000.000
4074	292	292000.000
4075	321	321000.000
4076	301	301000.000
4077	265	265000.000
4078	308	308000.000
4079	260	260000.000
4080	264	264000.000
4081	276	276000.000
4082	309	309000.000
4083	317	317000.000
4084	303	303000.000
4085	273	273000.000
4086	285	285000.000
4087	283	283000.000
4088	305	305000.000
4089	324	324000.000
4090	280	280000.000
4091	315	315000.000
4092	307	307000.000
4093	284	284000.000
4094	271	271000.000
4095	293	293000.000
4096	308	308000.000
4097	292	292000.000
4098	300	300000.000
4099	295	295000.000
4100	282	282000.000
4101	297	297000.000
4102	302	302000.000
4103	284	284000.000
4104	314	314000.000
4105	286	286000.000
4106	301	301000.000
4107	304	304000.000
4108	277	277000.000
4109	293	293000.000
4110	303	303000.000
4111	293	293000.000
4112	288	288000.000
4113	295	295000.000
4114	322	322000.000
4115	301	301000.000
4116	287	287000.000
4117	292	292000.000
4118	293	293000.000
4119	278	278000.000
4120	288	288000.000
4121	286	286000.000
4122	303	303000.000
4123	309	309000.000
4124	319	319000.000
4125	312	312000.000
4126	302	302000.000
4127	292	292000.000
4128	294	294000.000
4129	272	272000.000
4130	298	298000.000
4131	279	279000.000
4132	302	302000.000
4133	293	293000.000
4134	321	321000.000
4135	269	269000.000
4136	279	279000.000
4137	307	307000.000
4138	270	270000.000
4139	278	278000.000
4140	320	320000.000
4141	294	294000.000
4142	268	268000.000
4143	283	283000.000
4144	282	282000.000
4145	289	289000.000
4146	317	317000.000
4147	309	309000.000
4148	293	293000.000
4149	275	275000.000
4150	302	302000.000
4151	271	271000.000
4152	302	302000.000
4153	308	308000.000
4154	295	295000.000
4155	286	286000.000
4156	284	284000.000
4157	299	299000.000
4158	280	280000.000
4159	311	311000.000
4160	304	304000.000
4161	266	266000.000
4162	332	332000.000
4163	275	275000.000
4164	278	278000.000
4165	317	317000.000
4166	284	284000.000
4167	270	270000.000
4168	305	305000.000
4169	295	295000.000
4170	293	293000.000
4171	328	328000.000
4172	301	301000.000
4173	270	270000.000
4174	308	308000.000
4175	299	299000.000
4176	275	275000.000
4177	281	281000.000
4178	313	313000.000
4179	320	320000.000
4180	263	263000.000
4181	320	320000.000
4182	284	284000.000
4183	275	275000.000
4184	306	306000.000
4185	284	284000.000
4186	285	285000.000
4187	315	315000.000
4188	321	321000.000
4189	288	288000.000
4190	268	268000.000
4191	295	295000.000
4192	298	298000.000
4193	287	287000.000
4194	291	291000.000
4195	307	307000.000
4196	291	291000.000
4197	284	284000.000
4198	325	325000.000
4199	262	262000.000
4200	283	283000.000
4201	291	291000.000
4202	259	259000.000
4203	329	329000.000
4204	293	293000.000
4205	300	300000.000
4206	298	298000.000
4207	266	266000.000
4208	313	313000.000
4209	325	325000.000
4210	291	291000.000
4211	282	282000.000
4212	268	268000.000
4213	286	286000.000
4214	296	296000.000
4215	319	319000.000
4216	274	274000.000
4217	290	290000.000
4218	301	301000.000
4219	283	283000.000
4220	320	320000.000
4221	320	320000.000
4222	273	273000.000
4223	336	336000.000
4224	298	298000.000
4225	278	278000.000
4226	289	289000.000
4227	292	292000.000
4228	298	298000.000
4229	296	296000.000
4230	257	257000.000
4231	332	332000.000
4232	290	290000.000
4233	265	265000.000
4234	291	291000.000
4235	294	294000.000
4236	295	295000.000
4237	321	321000.000
4238	299	299000.000
4239	253	253000.000
4240	317	317000.000
4241	272	272000.000
4242	280	280000.000
4243	310	310000.000
4244	305	305000.000
4245	315	315000.000
4246	315	315000.000
4247	258	258000.000
4248	312	312000.000
4249	317	317000.000
4250	265	265000.000
4251	306	306000.000
4252	294	294000.000
4253	285	285000.000
4254	295	295000.000
4255	317	317000.000
4256	301	301000.000
4257	274	274000.000
4258	265	265000.000
4259	294	294000.000
4260	280	280000.000
4261	285	285000.000
4262	323	323000.000
4263	277	277000.000
4264	291	291000.000
4265	281	281000.000
4266	279	279000.000
4267	298	298000.000
4268	310	310000.000
4269	290	290000.000
4270	276	276000.000
4271	280	280000.000
4272	315	315000.000
4273	284	284000.000
4274	307	307000.000
4275	301	301000.000
4276	299	299000.000
4277	300	300000.000
4278	299	299000.000
4279	314	314000.000
4280	299	299000.000
4281	316	316000.000
4282	278	278000.000
4283	291	291000.000
4284	315	315000.000
4285	282	282000.000
4286	303	303000.000
4287	290	290000.000
4288	278	278000.000
4289	288	288000.000
4290	260	260000.000
4291	277	277000.000
4292	284	284000.000
4293	308	308000.000
4294	287	287000.000
4295	278	278000.000
4296	268	268000.000
4297	303	303000.000
4298	315	315000.000
4299	258	258000.000
4300	331	331000.000
4301	262	262000.000
4302	309	309000.000
4303	278	278000.000
4304	277	277000.000
4305	281	281000.000
4306	310	310000.000
4307	299	299000.000
4308	272	272000.000
4309	266	266000.000
4310	271	271000.000
4311	279	279000.000
4312	295	295000.000
4313	306	306000.000
4314	305	305000.000
4315	283	283000.000
4316	304	304000.000
4317	269	269000.000
4318	270	270000.000
4319	282	282000.000
4320	289	289000.000
4321	299	299000.000
4322	319	319000.000
4323	315	315000.000
4324	291	291000.000
4325	302	302000.000
4326	301	301000.000
4327	316	316000.000
4328	279	279000.000
4329	304	304000.000
4330	314	314000.000
4331	262	262000.000
4332	291	291000.000
4333	298	298000.000
4334	267	267000.000
4335	277	277000.000
4336	290	290000.000
4337	316	316000.000
4338	326	326000.000
4339	319	319000.000
4340	279	279000.000
4341	314	314000.000
4342	329	329000.000
4343	295	295000.000
4344	294	294000.000
4345	313	313000.000
4346	309	309000.000
4347	321	321000.000
4348	288	288000.000
4349	306	306000.000
4350	286	286000.000
4351	289	289000.000
4352	269	269000.000
4353	252	252000.000
4354	278	278000.000
4355	295	295000.000
4356	277	277000.000
4357	307	307000.000
4358	272	272000.000
4359	266	266000.000
4360	326	326000.000
4361	288	288000.000
4362	281	281000.000
4363	311	311000.000
4364	277	277000.000
4365	295	295000.000
4366	284	284000.000
4367	270	270000.000
4368	293	293000.000
4369	298	298000.000
4370	282	282000.000
4371	280	280000.000
4372	310	310000.000
4373	308	308000.000
4374	293	293000.000
4375	312	312000.000
4376	303	303000.000
4377	266	266000.000
4378	254	254000.000
4379	266	266000.000
4380	312	312000.000
4381	283	283000.000
4382	272	272000.000
4383	271	271000.000
4384	267	267000.000
4385	290	290000.000
4386	307	307000.000
4387	309	309000.000
4388	324	324000.000
4389	277	277000.000
4390	300	300000.000
4391	276	276000.000
4392	295	295000.000
4393	290	290000.000
4394	290	290000.000
4395	265	265000.000
4396	301	301000.000
4397	280	280000.000
4398	301	301000.000
4399	293	293000.000
4400	259	259000.000
4401	291	291000.000
4402	284	284000.000
4403	283	283000.000
4404	304	304000.000
4405	303	303000.000
4406	306	306000.000
4407	309	309000.000
4408	299	299000.000
4409	284	284000.000
4410	296	296000.000
4411	285	285000.000
4412	322	322000.000
4413	292	292000.000
4414	278	278000.000
4415	283	283000.000
4416	314	314000.000
4417	294	294000.000
4418	314	314000.000
4419	295	295000.000
4420	294	294000.000
4421	293	293000.000
4422	272	272000.000
4423	309	309000.000
4424	307	307000.000
4425	287	287000.000
4426	290	290000.000
4427	314	314000.000
4428	263	263000.000
4429	273	273000.000
4430	304	304000.000
4431	263	263000.000
4432	330	330000.000
4433	280	280000.000
4434	306	306000.000
4435	299	299000.000
4436	329	329000.000
4437	304	304000.000
4438	295	295000.000
4439	298	298000.000
4440	276	276000.000
4441	297	297000.000
4442	300	300000.000
4443	307	307000.000
4444	308	308000.000
4445	288	288000.000
4446	293	293000.000
4447	314	314000.000
4448	301	301000.000
4449	285	285000.000
4450	284	284000.000
4451	307	307000.000
4452	279	279000.000
4453	299	299000.000
4454	306	306000.000
4455	301	301000.000
4456	307	307000.000
4457	319	319000.000
4458	268	268000.000
4459	289	289000.000
4460	275	275000.000
4461	289	289000.000
4462	294	294000.000
4463	302	302000.000
4464	299	299000.000
4465	320	320000.000
4466	299	299000.000
4467	290	290000.000
4468	290	290000.000
4469	312	312000.000
4470	294	294000.000
4471	280	280000.000
4472	320	320000.000
4473	271	271000.000
4474	278	278000.000
4475	272	272000.000
4476	289	289000.000
4477	290	290000.000
4478	291	291000.000
4479	355	355000.000
4480	289	289000.000
4481	299	299000.000
4482	308	308000.000
4483	264	264000.000
4484	272	272000.000
4485	285	285000.000
4486	283	283000.000
4487	289	289000.000
4488	274	274000.000
4489	277	277000.000
4490	283	283000.000
4491	284	284000.000
4492	276	276000.000
4493	295	295000.000
4494	315	315000.000
4495	299	299000.000
4496	312	312000.000
4497	270	270000.000
4498	303	303000.000
4499	323	323000.000
4500	306	306000.000
4501	292	292000.000
4502	277	277000.000
4503	327	327000.000
4504	358	358000.000
4505	302	302000.000
4506	296	296000.000
4507	286	286000.000
4508	301	301000.000
4509	312	312000.000
4510	303	303000.000
4511	277	277000.000
4512	264	264000.000
4513	302	302000.000
4514	299	299000.000
4515	306	306000.000
4516	288	288000.000
4517	315	315000.000
4518	275	275000.000
4519	309	309000.000
4520	296	296000.000
4521	283	283000.000
4522	305	305000.000
4523	276	276000.000
4524	330	330000.000
4525	264	264000.000
4526	333	333000.000
4527	275	275000.000
4528	253	253000.000
4529	303	303000.000
4530	285	285000.000
4531	295	295000.000
4532	263	263000.000
4533	256	256000.000
4534	304	304000.000
4535	278	278000.000
4536	279	279000.000
4537	268	268000.000
4538	279	279000.000
4539	282	282000.000
4540	289	289000.000
4541	280	280000.000
4542	305	305000.000
4543	295	295000.000
4544	286	286000.000
4545	306	306000.000
4546	293	293000.000
4547	298	298000.000
4548	327	327000.000
4549	263	263000.000
4550	279	279000.000
4551	318	318000.000
4552	319	319000.000
4553	284	284000.000
4554	281	281000.000
4555	284	284000.000
4556	275	275000.000
4557	302	302000.000
4558	288	288000.000
4559	321	321000.000
4560	260	260000.000
4561	302	302000.000
4562	292	292000.000
4563	296	296000.000
4564	306	306000.000
4565	288	288000.000
4566	296	296000.000
4567	300	300000.000
4568	283	283000.000
4569	288	288000.000
4570	329	329000.000
4571	309	309000.000
4572	329	329000.000
4573	310	310000.000
4574	321	321000.000
4575	295	295000.000
4576	307	307000.000
4577	304	304000.000
4578	311	311000.000
4579	292	292000.000
4580	314	314000.000
4581	292	292000.000
4582	267	267000.000
4583	319	319000.000
4584	281	281000.000
4585	307	307000.000
4586	284	284000.000
4587	303	303000.000
4588	315	315000.000
4589	299	299000.000
4590	286	286000.000
4591	307	307000.000
4592	289	289000.000
4593	301	301000.000
4594	279	279000.000
4595	278	278000.000
4596	286	286000.000
4597	296	296000.000
4598	299	299000.000
4599	302	302000.000
4600	299	299000.000
4601	273	273000.000
4602	312	312000.000
4603	302	302000.000
4604	283	283000.000
4605	323	323000.000
4606	299	299000.000
4607	295	295000.000
4608	301	301000.000
4609	292	292000.000
4610	309	309000.000
4611	293	293000.000
4612	289	289000.000
4613	297	297000.000
4614	267	267000.000
4615	295	295000.000
4616	309	309000.000
4617	288	288000.000
4618	289	289000.000
4619	276	276000.000
4620	325	325000.000
4621	305	305000.000
4622	317	317000.000
4623	303	303000.000
4624	297	297000.000
4625	318	318000.000
4626	300	300000.000
4627	313	313000.000
4628	307	307000.000
4629	321	321000.000
4630	324	324000.000
4631	296	296000.000
4632	277	277000.000
4633	276	276000.000
4634	291	291000.000
4635	286	286000.000
4636	291	291000.000
4637	292	292000.000
4638	272	272000.000
4639	305	305000.000
4640	285	285000.000
4641	310	310000.000
4642	275	275000.000
4643	325	325000.000
4644	298	298000.000
4645	291	291000.000
4646	271	271000.000
4647	295	295000.000
4648	278	278000.000
4649	304	304000.000
4650	278	278000.000
4651	321	321000.000
4652	305	305000.000
4653	296	296000.000
4654	298	298000.000
4655	287	287000.000
4656	307	307000.000
4657	316	316000.000
4658	263	263000.000
4659	283	283000.000
4660	315	315000.000
4661	292	292000.000
4662	303	303000.000
4663	304	304000.000
4664	275	275000.000
4665	303	303000.000
4666	297	297000.000
4667	295	295000.000
4668	293	293000.000
4669	267	267000.000
4670	259	259000.000
4671	315	315000.000
4672	304	304000.000
4673	301	301000.000
4674	322	322000.000
4675	326	326000.000
4676	307	307000.000
4677	291	291000.000
4678	288	288000.000
4679	315	315000.000
4680	287	287000.000
4681	299	299000.000
4682	280	280000.000
4683	287	287000.000
4684	294	294000.000
4685	267	267000.000
4686	284	284000.000
4687	264	264000.000
4688	296	296000.000
4689	298	298000.000
4690	302	302000.000
4691	309	309000.000
4692	301	301000.000
4693	283	283000.000
4694	288	288000.000
4695	290	290000.000
4696	291	291000.000
4697	267	267000.000
4698	282	282000.000
4699	306	306000.000
4700	305	305000.000
4701	299	299000.000
4702	294	294000.000
4703	269	269000.000
4704	284	284000.000
4705	303	303000.000
4706	296	296000.000
4707	307	307000.000
4708	263	263000.000
4709	289	289000.000
4710	290	290000.000
4711	325	325000.000
4712	286	286000.000
4713	305	305000.000
4714	306	306000.000
4715	306	306000.000
4716	308	308000.000
4717	294	294000.000
4718	311	311000.000
4719	278	278000.000
4720	302	302000.000
4721	273	273000.000
4722	301	301000.000
4723	275	275000.000
4724	297	297000.000
4725	268	268000.000
4726	272	272000.000
4727	280	280000.000
4728	307	307000.000
4729	299	299000.000
4730	270	270000.000
4731	285	285000.000
4732	322	322000.000
4733	305	305000.000
4734	312	312000.000
4735	289	289000.000
4736	274	274000.000
4737	285	285000.000
4738	284	284000.000
4739	265	265000.000
4740	327	327000.000
4741	250	250000.000
4742	342	342000.000
4743	283	283000.000
4744	270	270000.000
4745	285	285000.000
4746	285	285000.000
4747	279	279000.000
4748	275	275000.000
4749	299	299000.000
4750	299	299000.000
4751	306	306000.000
4752	310	310000.000
4753	296	296000.000
4754	292	292000.000
4755	310	310000.000
4756	295	295000.000
4757	310	310000.000
4758	272	272000.000
4759	291	291000.000
4760	300	300000.000
4761	296	296000.000
4762	358	358000.000
4763	294	294000.000
4764	279	279000.000
4765	298	298000.000
4766	278	278000.000
4767	290	290000.000
4768	291	291000.000
4769	263	263000.000
4770	295	295000.000
4771	289	289000.000
4772	278	278000.000
4773	277	277000.000
4774	305	305000.000
4775	303	303000.000
4776	299	299000.000
4777	289	289000.000
4778	297	297000.000
4779	295	295000.000
4780	279	279000.000
4781	292	292000.000
4782	289	289000.000
4783	315	315000.000
4784	315	315000.000
4785	277	277000.000
4786	281	281000.000
4787	282	282000.000
4788	286	286000.000
4789	317	317000.000
4790	299	299000.000
4791	260	260000.000
4792	300	300000.000
4793	285	285000.000
4794	279	279000.000
4795	300	300000.000
4796	298	298000.000
4797	325	325000.000
4798	297	297000.000
4799	281	281000.000
4800	331	331000.000
4801	267	267000.000
4802	311	311000.000
4803	267	267000.000
4804	284	284000.000
4805	299	299000.000
4806	320	320000.000
4807	279	279000.000
4808	307	307000.000
4809	316	316000.000
4810	304	304000.000
4811	286	286000.000
4812	347	347000.000
4813	280	280000.000
4814	276	276000.000
4815	291	291000.000
4816	299	299000.000
4817	297	297000.000
4818	264	264000.000
4819	298	298000.000
4820	277	277000.000
4821	302	302000.000
4822	299	299000.000
4823	289	289000.000
4824	298	298000.000
4825	305	305000.000
4826	290	290000.000
4827	300	300000.000
4828	277	277000.000
4829	297	297000.000
4830	278	278000.000
4831	296	296000.000
4832	312	312000.000
4833	291	291000.000
4834	346	346000.000
4835	289	289000.000
4836	302	302000.000
4837	269	269000.000
4838	296	296000.000
4839	317	317000.000
4840	305	305000.000
4841	280	280000.000
4842	320	320000.000
4843	286	286000.000
4844	273	273000.000
4845	314	314000.000
4846	278	278000.000
4847	302	302000.000
4848	291	291000.000
4849	283	283000.000
4850	301	301000.000
4851	298	298000.000
4852	277	277000.000
4853	299	299000.000
4854	313	313000.000
4855	326	326000.000
4856	297	297000.000
4857	304	304000.000
4858	306	306000.000
4859	277	277000.000
4860	304	304000.000
4861	271	271000.000
4862	286	286000.000
4863	268	268000.000
4864	299	299000.000
4865	288	288000.000
4866	278	278000.000
4867	269	269000.000
4868	300	300000.000
4869	288	288000.000
4870	280	280000.000
4871	282	282000.000
4872	279	279000.000
4873	289	289000.000
4874	303	303000.000
4875	295	295000.000
4876	275	275000.000
4877	301	301000.000
4878	300	300000.000
4879	278	278000.000
4880	310	310000.000
4881	303	303000.000
4882	262	262000.000
4883	336	336000.000
4884	293	293000.000
4885	303	303000.000
4886	283	283000.000
4887	260	260000.000
4888	277	277000.000
4889	281	281000.000
4890	282	282000.000
4891	328	328000.000
4892	294	294000.000
4893	296	296000.000
4894	314	314000.000
4895	286	286000.000
4896	298	298000.000
4897	302	302000.000
4898	295	295000.000
4899	327	327000.000
4900	311	311000.000
4901	307	307000.000
4902	306	306000.000
4903	300	300000.000
4904	275	275000.000
4905	291	291000.000
4906	301	301000.000
4907	286	286000.000
4908	311	311000.000
4909	301	301000.000
4910	297	297000.000
4911	281	281000.000
4912	285	285000.000
4913	310	310000.000
4914	308	308000.000
4915	287	287000.000
4916	271	271000.000
4917	322	322000.000
4918	284	284000.000
4919	277	277000.000
4920	299	299000.000
4921	310	310000.000
4922	272	272000.000
4923	292	292000.000
4924	294	294000.000
4925	308	308000.000
4926	306	306000.000
4927	285	285000.000
4928	303	303000.000
4929	277	277000.000
4930	293	293000.000
4931	289	289000.000
4932	311	311000.000
4933	268	268000.000
4934	263	263000.000
4935	313	313000.000
4936	311	311000.000
4937	311	311000.000
4938	289	289000.000
4939	285	285000.000
4940	298	298000.000
4941	303	303000.000
4942	299	299000.000
4943	280	280000.000
4944	288	288000.000
4945	294	294000.000
4946	290	290000.000
4947	271	271000.000
4948	300	300000.000
4949	300	300000.000
4950	319	319000.000
4951	329	329000.000
4952	301	301000.000
4953	303	303000.000
4954	307	307000.000
4955	274	274000.000
4956	288	288000.000
4957	306	306000.000
4958	290	290000.000
4959	301	301000.000
4960	288	288000.000
4961	317	317000.000
4962	300	300000.000
4963	281	281000.000
4964	293	293000.000
4965	280	280000.000
4966	266	266000.000
4967	308	308000.000
4968	300	300000.000
4969	301	301000.000
4970	318	318000.000
4971	288	288000.000
4972	317	317000.000
4973	305	305000.000
4974	307	307000.000
4975	296	296000.000
4976	288	288000.000
4977	294	294000.000
4978	269	269000.000
4979	311	311000.000
4980	344	344000.000
4981	273	273000.000
4982	287	287000.000
4983	315	315000.000
4984	273	273000.000
4985	290	290000.000
4986	305	305000.000
4987	287	287000.000
4988	312	312000.000
4989	322	322000.000
4990	292	292000.000
4991	304	304000.000
4992	314	314000.000
4993	300	300000.000
4994	304	304000.000
4995	300	300000.000
4996	286	286000.000
4997	287	287000.000
4998	314	314000.000
4999	259	259000.000
5000	298	298000.000
5001	281	281000.000
5002	295	295000.000
5003	318	318000.000
5004	296	296000.000
5005	305	305000.000
5006	273	273000.000
5007	274	274000.000
5008	257	257000.000
5009	285	285000.000
5010	304	304000.000
5011	306	306000.000
5012	330	330000.000
5013	292	292000.000
5014	317	317000.000
5015	276	276000.000
5016	289	289000.000
5017	295	295000.000
5018	303	303000.000
5019	289	289000.000
5020	312	312000.000
5021	287	287000.000
5022	347	347000.000
5023	301	301000.000
5024	297	297000.000
5025	325	325000.000
5026	290	290000.000
5027	291	291000.000
5028	293	293000.000
5029	320	320000.000
5030	293	293000.000
5031	280	280000.000
5032	285	285000.000
5033	298	298000.000
5034	329	329000.000
5035	296	296000.000
5036	281	281000.000
5037	299	299000.000
5038	280	280000.000
5039	313	313000.000
5040	306	306000.000
5041	276	276000.000
5042	295	295000.000
5043	282	282000.000
5044	266	266000.000
5045	296	296000.000
5046	305	305000.000
5047	303	303000.000
5048	318	318000.000
5049	311	311000.000
5050	283	283000.000
5051	325	325000.000
5052	288	288000.000
5053	308	308000.000
5054	296	296000.000
5055	318	318000.000
5056	297	297000.000
5057	314	314000.000
5058	309	309000.000
5059	304	304000.000
5060	278	278000.000
5061	308	308000.000
5062	277	277000.000
5063	309	309000.000
5064	290	290000.000
5065	281	281000.000
5066	318	318000.000
5067	290	290000.000
5068	283	283000.000
5069	259	259000.000
5070	290	290000.000
5071	296	296000.000
5072	302	302000.000
5073	282	282000.000
5074	298	298000.000
5075	304	304000.000
5076	286	286000.000
5077	265	265000.000
5078	295	295000.000
5079	291	291000.000
5080	273	273000.000
5081	284	284000.000
5082	293	293000.000
5083	301	301000.000
5084	307	307000.000
5085	282	282000.000
5086	264	264000.000
5087	307	307000.000
5088	288	288000.000
5089	300	300000.000
5090	295	295000.000
5091	278	278000.000
5092	283	283000.000
5093	269	269000.000
5094	322	322000.000
5095	275	275000.000
5096	289	289000.000
5097	294	294000.000
5098	291	291000.000
5099	271	271000.000
5100	282	282000.000
5101	314	314000.000
5102	335	335000.000
5103	297	297000.000
5104	321	321000.000
5105	277	277000.000
5106	280	280000.000
5107	280	280000.000
5108	302	302000.000
5109	297	297000.000
5110	321	321000.000
5111	302	302000.000
5112	318	318000.000
5113	287	287000.000
5114	302	302000.000
5115	297	297000.000
5116	273	273000.000
5117	289	289000.000
5118	269	269000.000
5119	306	306000.000
5120	282	282000.000
5121	303	303000.000
5122	293	293000.000
5123	263	263000.000
5124	308	308000.000
5125	299	299000.000
5126	257	257000.000
5127	282	282000.000
5128	296	296000.000
5129	260	260000.000
5130	314	314000.000
5131	321	321000.000
5132	315	315000.000
5133	276	276000.000
5134	297	297000.000
5135	264	264000.000
5136	308	308000.000
5137	301	301000.000
5138	308	308000.000
5139	286	286000.000
5140	287	287000.000
5141	302	302000.000
5142	300	300000.000
5143	284	284000.000
5144	281	281000.000
5145	299	299000.000
5146	290	290000.000
5147	294	294000.000
5148	306	306000.000
5149	318	318000.000
5150	299	299000.000
5151	263	263000.000
5152	298	298000.000
5153	294	294000.000
5154	306	306000.000
5155	296	296000.000
5156	290	290000.000
5157	296	296000.000
5158	272	272000.000
5159	277	277000.000
5160	277	277000.000
5161	280	280000.000
5162	269	269000.000
5163	304	304000.000
5164	290	290000.000
5165	298	298000.000
5166	320	320000.000
5167	328	328000.000
5168	336	336000.000
5169	297	297000.000
5170	280	280000.000
5171	323	323000.000
5172	279	279000.000
5173	284	284000.000
5174	289	289000.000
5175	287	287000.000
5176	313	313000.000
5177	289	289000.000
5178	300	300000.000
5179	250	250000.000
5180	294	294000.000
5181	299	299000.000
5182	292	292000.000
5183	307	307000.000
5184	290	290000.000
5185	299	299000.000
5186	309	309000.000
5187	283	283000.000
5188	261	261000.000
5189	296	296000.000
5190	296	296000.000
5191	292	292000.000
5192	287	287000.000
5193	307	307000.000
5194	256	256000.000
5195	269	269000.000
5196	298	298000.000
5197	307	307000.000
5198	285	285000.000
5199	292	292000.000
5200	294	294000.000
5201	306	306000.000
5202	306	306000.000
5203	292	292000.000
5204	290	290000.000
5205	316	316000.000
5206	285	285000.000
5207	291	291000.000
5208	300	300000.000
5209	320	320000.000
5210	278	278000.000
5211	306	306000.000
5212	313	313000.000
5213	281	281000.000
5214	296	296000.000
5215	266	266000.000
5216	334	334000.000
5217	309	309000.000
5218	321	321000.000
5219	293	293000.000
5220	287	287000.000
5221	312	312000.000
5222	299	299000.000
5223	303	303000.000
5224	303	303000.000
5225	299	299000.000
5226	274	274000.000
5227	277	277000.000
5228	307	307000.000
5229	323	323000.000
5230	260	260000.000
5231	271	271000.000
5232	303	303000.000
5233	277	277000.000
5234	295	295000.000
5235	290	290000.000
5236	307	307000.000
5237	294	294000.000
5238	299	299000.000
5239	307	307000.000
5240	293	293000.000
5241	275	275000.000
5242	282	282000.000
5243	277	277000.000
5244	284	284000.000
5245	300	300000.000
5246	296	296000.000
5247	308	308000.000
5248	294	294000.000
5249	315	315000.000
5250	283	283000.000
5251	276	276000.000
5252	280	280000.000
5253	275	275000.000
5254	274	274000.000
5255	276	276000.000
5256	276	276000.000
5257	300	300000.000
5258	317	317000.000
5259	335	335000.000
5260	256	256000.000
5261	328	328000.000
5262	279	279000.000
5263	293	293000.000
5264	306	306000.000
5265	280	280000.000
5266	317	317000.000
5267	301	301000.000
5268	282	282000.000
5269	293	293000.000
5270	288	288000.000
5271	297	297000.000
5272	327	327000.000
5273	276	276000.000
5274	307	307000.000
5275	271	271000.000
5276	300	300000.000
5277	310	310000.000
5278	295	295000.000
5279	269	269000.000
5280	304	304000.000
5281	265	265000.000
5282	276	276000.000
5283	293	293000.000
5284	286	286000.000
5285	283	283000.000
5286	302	302000.000
5287	307	307000.000
5288	296	296000.000
5289	272	272000.000
5290	282	282000.000
5291	279	279000.000
5292	268	268000.000
5293	309	309000.000
5294	294	294000.000
5295	320	320000.000
5296	310	310000.000
5297	292	292000.000
5298	275	275000.000
5299	271	271000.000
5300	288	288000.000
5301	285	285000.000
5302	282	282000.000
5303	299	299000.000
5304	296	296000.000
5305	285	285000.000
5306	289	289000.000
5307	276	276000.000
5308	277	277000.000
5309	281	281000.000
5310	317	317000.000
5311	320	320000.000
5312	314	314000.000
5313	291	291000.000
5314	307	307000.000
5315	302	302000.000
5316	289	289000.000
5317	263	263000.000
5318	302	302000.000
5319	273	273000.000
5320	293	293000.000
5321	293	293000.000
5322	307	307000.000
5323	275	275000.000
5324	296	296000.000
5325	277	277000.000
5326	300	300000.000
5327	293	293000.000
5328	305	305000.000
5329	286	286000.000
5330	280	280000.000
5331	294	294000.000
5332	301	301000.000
5333	296	296000.000
5334	298	298000.000
5335	311	311000.000
5336	312	312000.000
5337	306	306000.000
5338	296	296000.000
5339	287	287000.000
5340	305	305000.000
5341	300	300000.000
5342	284	284000.000
5343	295	295000.000
5344	284	284000.000
5345	312	312000.000
5346	263	263000.000
5347	311	311000.000
5348	301	301000.000
5349	293	293000.000
5350	293	293000.000
5351	287	287000.000
5352	332	332000.000
5353	292	292000.000
5354	301	301000.000
5355	303	303000.000
5356	271	271000.000
5357	295	295000.000
5358	281	281000.000
5359	315	315000.000
5360	299	299000.000
5361	285	285000.000
5362	313	313000.000
5363	275	275000.000
5364	305	305000.000
5365	289	289000.000
5366	272	272000.000
5367	282	282000.000
5368	288	288000.000
5369	299	299000.000
5370	312	312000.000
5371	289	289000.000
5372	289	289000.000
5373	287	287000.000
5374	299	299000.000
5375	276	276000.000
5376	306	306000.000
5377	312	312000.000
5378	281	281000.000
5379	277	277000.000
5380	311	311000.000
5381	320	320000.000
5382	299	299000.000
5383	303	303000.000
5384	317	317000.000
5385	286	286000.000
5386	301	301000.000
5387	281	281000.000
5388	307	307000.000
5389	288	288000.000
5390	289	289000.000
5391	297	297000.000
5392	301	301000.000
5393	286	286000.000
5394	300	300000.000
5395	315	315000.000
5396	339	339000.000
5397	300	300000.000
5398	274	274000.000
5399	296	296000.000
5400	284	284000.000
5401	295	295000.000
5402	285	285000.000
5403	284	284000.000
5404	277	277000.000
5405	328	328000.000
5406	281	281000.000
5407	283	283000.000
5408	290	290000.000
5409	278	278000.000
5410	322	322000.000
5411	333	333000.000
5412	299	299000.000
5413	312	312000.000
5414	282	282000.000
5415	312	312000.000
5416	283	283000.000
5417	311	311000.000
5418	288	288000.000
5419	327	327000.000
5420	293	293000.000
5421	309	309000.000
5422	306	306000.000
5423	293	293000.000
5424	307	307000.000
5425	293	293000.000
5426	308	308000.000
5427	290	290000.000
5428	292	292000.000
5429	267	267000.000
5430	259	259000.000
5431	289	289000.000
5432	297	297000.000
5433	302	302000.000
5434	306	306000.000
5435	303	303000.000
5436	315	315000.000
5437	285	285000.000
5438	304	304000.000
5439	321	321000.000
5440	290	290000.000
5441	285	285000.000
5442	296	296000.000
5443	311	311000.000
5444	321	321000.000
5445	306	306000.000
5446	294	294000.000
5447	305	305000.000
5448	293	293000.000
5449	307	307000.000
5450	303	303000.000
5451	309	309000.000
5452	277	277000.000
5453	314	314000.000
5454	293	293000.000
5455	290	290000.000
5456	255	255000.000
5457	291	291000.000
5458	266	266000.000
5459	279	279000.000
5460	284	284000.000
5461	309	309000.000
5462	294	294000.000
5463	300	300000.000
5464	290	290000.000
5465	294	294000.000
5466	281	281000.000
5467	331	331000.000
5468	294	294000.000
5469	286	286000.000
5470	284	284000.000
5471	262	262000.000
5472	294	294000.000
5473	275	275000.000
5474	285	285000.000
5475	290	290000.000
5476	312	312000.000
5477	278	278000.000
5478	325	325000.000
5479	270	270000.000
5480	308	308000.000
5481	318	318000.000
5482	299	299000.000
5483	300	300000.000
5484	279	279000.000
5485	294	294000.000
5486	316	316000.000
5487	295	295000.000
5488	313	313000.000
5489	284	284000.000
5490	297	297000.000
5491	296	296000.000
5492	279	279000.000
5493	306	306000.000
5494	301	301000.000
5495	297	297000.000
5496	285	285000.000
5497	292	292000.000
5498	308	308000.000
5499	281	281000.000
5500	286	286000.000
5501	261	261000.000
5502	266	266000.000
5503	273	273000.000
5504	296	296000.000
5505	310	310000.000
5506	287	287000.000
5507	282	282000.000
5508	290	290000.000
5509	280	280000.000
5510	306	306000.000
5511	318	318000.000
5512	337	337000.000
5513	266	266000.000
5514	284	284000.000
5515	318	318000.000
5516	288	288000.000
5517	277	277000.000
5518	330	330000.000
5519	278	278000.000
5520	304	304000.000
5521	288	288000.000
5522	275	275000.000
5523	284	284000.000
5524	294	294000.000
5525	303	303000.000
5526	291	291000.000
5527	263	263000.000
5528	291	291000.000
5529	282	282000.000
5530	292	292000.000
5531	297	297000.000
5532	319	319000.000
5533	278	278000.000
5534	295	295000.000
5535	281	281000.000
5536	269	269000.000
5537	293	293000.000
5538	308	308000.000
5539	265	265000.000
5540	284	284000.000
5541	303	303000.000
5542	285	285000.000
5543	306	306000.000
5544	277	277000.000
5545	287	287000.000
5546	303	303000.000
5547	278	278000.000
5548	301	301000.000
5549	310	310000.000
5550	287	287000.000
5551	299	299000.000
5552	302	302000.000
5553	294	294000.000
5554	309	309000.000
5555	296	296000.000
5556	296	296000.000
5557	291	291000.000
5558	291	291000.000
5559	303	303000.000
5560	286	286000.000
5561	281	281000.000
5562	283	283000.000
5563	340	340000.000
5564	295	295000.000
5565	297	297000.000
5566	281	281000.000
5567	269	269000.000
5568	303	303000.000
5569	299	299000.000
5570	290	290000.000
5571	306	306000.000
5572	302	302000.000
5573	297	297000.000
5574	288	288000.000
5575	304	304000.000
5576	287	287000.000
5577	308	308000.000
5578	322	322000.000
5579	299	299000.000
5580	280	280000.000
5581	268	268000.000
5582	286	286000.000
5583	302	302000.000
5584	283	283000.000
5585	283	283000.000
5586	239	239000.000
5587	287	287000.000
5588	327	327000.000
5589	279	279000.000
5590	266	266000.000
5591	313	313000.000
5592	307	307000.000
5593	274	274000.000
5594	286	286000.000
5595	317	317000.000
5596	300	300000.000
5597	311	311000.000
5598	273	273000.000
5599	300	300000.000
5600	278	278000.000
5601	304	304000.000
5602	310	310000.000
5603	290	290000.000
5604	304	304000.000
5605	292	292000.000
5606	316	316000.000
5607	276	276000.000
5608	299	299000.000
5609	289	289000.000
5610	281	281000.000
5611	299	299000.000
5612	305	305000.000
5613	273	273000.000
5614	300	300000.000
5615	306	306000.000
5616	314	314000.000
5617	303	303000.000
5618	296	296000.000
5619	280	280000.000
5620	317	317000.000
5621	307	307000.000
5622	273	273000.000
5623	310	310000.000
5624	334	334000.000
5625	282	282000.000
5626	307	307000.000
5627	317	317000.000
5628	308	308000.000
5629	302	302000.000
5630	313	313000.000
5631	284	284000.000
5632	304	304000.000
5633	293	293000.000
5634	307	307000.000
5635	287	287000.000
5636	294	294000.000
5637	268	268000.000
5638	328	328000.000
5639	292	292000.000
5640	286	286000.000
5641	292	292000.000
5642	289	289000.000
5643	302	302000.000
5644	281	281000.000
5645	282	282000.000
5646	285	285000.000
5647	283	283000.000
5648	293	293000.000
5649	302	302000.000
5650	306	306000.000
5651	314	314000.000
5652	304	304000.000
5653	291	291000.000
5654	256	256000.000
5655	283	283000.000
5656	291	291000.000
5657	294	294000.000
5658	285	285000.000
5659	304	304000.000
5660	269	269000.000
5661	280	280000.000
5662	277	277000.000
5663	310	310000.000
5664	276	276000.000
5665	274	274000.000
5666	280	280000.000
5667	287	287000.000
5668	267	267000.000
5669	303	303000.000
5670	293	293000.000
5671	283	283000.000
5672	280	280000.000
5673	321	321000.000
5674	299	299000.000
5675	290	290000.000
5676	305	305000.000
5677	265	265000.000
5678	314	314000.000
5679	289	289000.000
5680	315	315000.000
5681	306	306000.000
5682	276	276000.000
5683	285	285000.000
5684	329	329000.000
5685	306	306000.000
5686	272	272000.000
5687	294	294000.000
5688	282	282000.000
5689	282	282000.000
5690	277	277000.000
5691	278	278000.000
5692	275	275000.000
5693	259	259000.000
5694	310	310000.000
5695	290	290000.000
5696	300	300000.000
5697	291	291000.000
5698	290	290000.000
5699	298	298000.000
5700	282	282000.000
5701	317	317000.000
5702	286	286000.000
5703	314	314000.000
5704	313	313000.000
5705	274	274000.000
5706	277	277000.000
5707	284	284000.000
5708	284	284000.000
5709	292	292000.000
5710	312	312000.000
5711	277	277000.000
5712	289	289000.000
5713	339	339000.000
5714	293	293000.000
5715	305	305000.000
5716	293	293000.000
5717	330	330000.000
5718	280	280000.000
5719	290	290000.000
5720	282	282000.000
5721	282	282000.000
5722	304	304000.000
5723	290	290000.000
5724	294	294000.000
5725	281	281000.000
5726	301	301000.000
5727	331	331000.000
5728	270	270000.000
5729	304	304000.000
5730	309	309000.000
5731	297	297000.000
5732	296	296000.000
5733	297	297000.000
5734	285	285000.000
5735	298	298000.000
5736	258	258000.000
5737	309	309000.000
5738	285	285000.000
5739	301	301000.000
5740	295	295000.000
5741	306	306000.000
5742	295	295000.000
5743	293	293000.000
5744	275	275000.000
5745	317	317000.000
5746	278	278000.000
5747	316	316000.000
5748	305	305000.000
5749	293	293000.000
5750	278	278000.000
5751	276	276000.000
5752	318	318000.000
5753	288	288000.000
5754	286	286000.000
5755	301	301000.000
5756	310	310000.000
5757	333	333000.000
5758	299	299000.000
5759	313	313000.000
5760	283	283000.000
5761	278	278000.000
5762	303	303000.000
5763	297	297000.000
5764	274	274000.000
5765	291	291000.000
5766	269	269000.000
5767	296	296000.000
5768	282	282000.000
5769	285	285000.000
5770	296	296000.000
5771	295	295000.000
5772	332	332000.000
5773	336	336000.000
5774	291	291000.000
5775	313	313000.000
5776	291	291000.000
5777	302	302000.000
5778	297	297000.000
5779	301	301000.000
5780	278	278000.000
5781	285	285000.000
5782	321	321000.000
5783	272	272000.000
5784	296	296000.000
5785	289	289000.000
5786	308	308000.000
5787	302	302000.000
5788	279	279000.000
5789	286	286000.000
5790	284	284000.000
5791	251	251000.000
5792	316	316000.000
5793	312	312000.000
5794	308	308000.000
5795	276	276000.000
5796	319	319000.000
5797	320	320000.000
5798	297	297000.000
5799	281	281000.000
5800	302	302000.000
5801	336	336000.000
5802	321	321000.000
5803	283	283000.000
5804	312	312000.000
5805	305	305000.000
5806	276	276000.000
5807	278	278000.000
5808	286	286000.000
5809	333	333000.000
5810	303	303000.000
5811	273	273000.000
5812	317	317000.000
5813	320	320000.000
5814	254	254000.000
5815	306	306000.000
5816	311	311000.000
5817	307	307000.000
5818	280	280000.000
5819	288	288000.000
5820	303	303000.000
5821	285	285000.000
5822	338	338000.000
5823	309	309000.000
5824	270	270000.000
5825	299	299000.000
5826	309	309000.000
5827	290	290000.000
5828	278	278000.000
5829	306	306000.000
5830	266	266000.000
5831	273	273000.000
5832	283	283000.000
5833	284	284000.000
5834	312	312000.000
5835	272	272000.000
5836	298	298000.000
5837	299	299000.000
5838	298	298000.000
5839	262	262000.000
5840	304	304000.000
5841	294	294000.000
5842	307	307000.000
5843	297	297000.000
5844	342	342000.000
5845	334	334000.000
5846	296	296000.000
5847	318	318000.000
5848	303	303000.000
5849	272	272000.000
5850	320	320000.000
5851	296	296000.000
5852	260	260000.000
5853	327	327000.000
5854	284	284000.000
5855	289	289000.000
5856	293	293000.000
5857	305	305000.000
5858	312	312000.000
5859	282	282000.000
5860	277	277000.000
5861	320	320000.000
5862	299	299000.000
5863	288	288000.000
5864	312	312000.000
5865	269	269000.000
5866	314	314000.000
5867	305	305000.000
5868	309	309000.000
5869	276	276000.000
5870	287	287000.000
5871	291	291000.000
5872	291	291000.000
5873	318	318000.000
5874	319	319000.000
5875	282	282000.000
5876	302	302000.000
5877	307	307000.000
5878	291	291000.000
5879	281	281000.000
5880	294	294000.000
5881	341	341000.000
5882	276	276000.000
5883	314	314000.000
5884	280	280000.000
5885	299	299000.000
5886	290	290000.000
5887	295	295000.000
5888	292	292000.000
5889	280	280000.000
5890	275	275000.000
5891	335	335000.000
5892	293	293000.000
5893	294	294000.000
5894	303	303000.000
5895	299	299000.000
5896	282	282000.000
5897	305	305000.000
5898	295	295000.000
5899	290	290000.000
5900	302	302000.000
5901	267	267000.000
5902	283	283000.000
5903	296	296000.000
5904	299	299000.000
5905	293	293000.000
5906	308	308000.000
5907	288	288000.000
5908	321	321000.000
5909	306	306000.000
5910	280	280000.000
5911	341	341000.000
5912	276	276000.000
5913	292	292000.000
5914	303	303000.000
5915	315	315000.000
5916	279	279000.000
5917	318	318000.000
5918	270	270000.000
5919	311	311000.000
5920	272	272000.000
5921	288	288000.000
5922	272	272000.000
5923	292	292000.000
5924	346	346000.000
5925	282	282000.000
5926	304	304000.000
5927	289	289000.000
5928	286	286000.000
5929	292	292000.000
5930	299	299000.000
5931	308	308000.000
5932	264	264000.000
5933	309	309000.000
5934	309	309000.000
5935	263	263000.000
5936	278	278000.000
5937	280	280000.000
5938	323	323000.000
5939	299	299000.000
5940	284	284000.000
5941	271	271000.000
5942	289	289000.000
5943	294	294000.000
5944	286	286000.000
5945	276	276000.000
5946	306	306000.000
5947	289	289000.000
5948	284	284000.000
5949	302	302000.000
5950	278	278000.000
5951	278	278000.000
5952	270	270000.000
5953	251	251000.000
5954	294	294000.000
5955	299	299000.000
5956	308	308000.000
5957	291	291000.000
5958	326	326000.000
5959	283	283000.000
5960	313	313000.000
5961	312	312000.000
5962	297	297000.000
5963	290	290000.000
5964	316	316000.000
5965	296	296000.000
5966	290	290000.000
5967	303	303000.000
5968	295	295000.000
5969	271	271000.000
5970	294	294000.000
5971	263	263000.000
5972	263	263000.000
5973	302	302000.000
5974	305	305000.000
5975	337	337000.000
5976	286	286000.000
5977	306	306000.000
5978	309	309000.000
5979	303	303000.000
5980	285	285000.000
5981	302	302000.000
5982	282	282000.000
5983	310	310000.000
5984	307	307000.000
5985	314	314000.000
5986	300	300000.000
5987	326	326000.000
5988	312	312000.000
5989	288	288000.000
5990	316	316000.000
5991	290	290000.000
5992	274	274000.000
5993	271	271000.000
5994	317	317000.000
5995	286	286000.000
5996	301	301000.000
5997	298	298000.000
5998	297	297000.000
5999	308	308000.000
6000	296	296000.000
6001	284	284000.000
6002	297	297000.000
6003	280	280000.000
6004	291	291000.000
6005	284	284000.000
6006	314	314000.000
6007	299	299000.000
6008	329	329000.000
6009	293	293000.000
6010	274	274000.000
6011	273	273000.000
6012	273	273000.000
6013	300	300000.000
6014	276	276000.000
6015	293	293000.000
6016	288	288000.000
6017	272	272000.000
6018	308	308000.000
6019	312	312000.000
6020	297	297000.000
6021	311	311000.000
6022	275	275000.000
6023	300	300000.000
6024	305	305000.000
6025	284	284000.000
6026	279	279000.000
6027	291	291000.000
6028	256	256000.000
6029	281	281000.000
6030	277	277000.000
6031	322	322000.000
6032	281	281000.000
6033	291	291000.000
6034	283	283000.000
6035	288	288000.000
6036	290	290000.000
6037	270	270000.000
6038	309	309000.000
6039	262	262000.000
6040	322	322000.000
6041	285	285000.000
6042	287	287000.000
6043	295	295000.000
6044	285	285000.000
6045	311	311000.000
6046	304	304000.000
6047	312	312000.000
6048	293	293000.000
6049	294	294000.000
6050	298	298000.000
6051	308	308000.000
6052	281	281000.000
6053	276	276000.000
6054	280	280000.000
6055	305	305000.000
6056	297	297000.000
6057	306	306000.000
6058	298	298000.000
6059	253	253000.000
6060	287	287000.000
6061	319	319000.000
6062	268	268000.000
6063	292	292000.000
6064	286	286000.000
6065	261	261000.000
6066	298	298000.000
6067	298	298000.000
6068	284	284000.000
6069	286	286000.000
6070	272	272000.000
6071	273	273000.000
6072	303	303000.000
6073	299	299000.000
6074	278	278000.000
6075	308	308000.000
6076	255	255000.000
6077	295	295000.000
6078	300	300000.000
6079	277	277000.000
6080	288	288000.000
6081	289	289000.000
6082	294	294000.000
6083	288	288000.000
6084	302	302000.000
6085	305	305000.000
6086	316	316000.000
6087	281	281000.000
6088	297	297000.000
6089	266	266000.000
6090	310	310000.000
6091	304	304000.000
6092	284	284000.000
6093	295	295000.000
6094	278	278000.000
6095	283	283000.000
6096	281	281000.000
6097	303	303000.000
6098	298	298000.000
6099	282	282000.000
6100	295	295000.000
6101	284	284000.000
6102	293	293000.000
6103	286	286000.000
6104	292	292000.000
6105	306	306000.000
6106	304	304000.000
6107	295	295000.000
6108	311	311000.000
6109	304	304000.000
6110	292	292000.000
6111	282	282000.000
6112	264	264000.000
6113	273	273000.000
6114	280	280000.000
6115	297	297000.000
6116	282	282000.000
6117	302	302000.000
6118	293	293000.000
6119	276	276000.000
6120	299	299000.000
6121	290	290000.000
6122	278	278000.000
6123	298	298000.000
6124	303	303000.000
6125	292	292000.000
6126	272	272000.000
6127	274	274000.000
6128	303	303000.000
6129	293	293000.000
6130	304	304000.000
6131	269	269000.000
6132	281	281000.000
6133	302	302000.000
6134	272	272000.000
6135	322	322000.000
6136	276	276000.000
6137	287	287000.000
6138	294	294000.000
6139	295	295000.000
6140	258	258000.000
6141	291	291000.000
6142	294	294000.000
6143	297	297000.000
6144	270	270000.000
6145	290	290000.000
6146	263	263000.000
6147	305	305000.000
6148	308	308000.000
6149	276	276000.000
6150	286	286000.000
6151	297	297000.000
6152	288	288000.000
6153	287	287000.000
6154	310	310000.000
6155	289	289000.000
6156	302	302000.000
6157	311	311000.000
6158	299	299000.000
6159	295	295000.000
6160	298	298000.000
6161	289	289000.000
6162	311	311000.000
6163	314	314000.000
6164	306	306000.000
6165	273	273000.000
6166	294	294000.000
6167	289	289000.000
6168	323	323000.000
6169	285	285000.000
6170	280	280000.000
6171	244	244000.000
6172	291	291000.000
6173	289	289000.000
6174	267	267000.000
6175	258	258000.000
6176	277	277000.000
6177	321	321000.000
6178	325	325000.000
6179	310	310000.000
6180	309	309000.000
6181	292	292000.000
6182	317	317000.000
6183	297	297000.000
6184	275	275000.000
6185	292	292000.000
6186	281	281000.000
6187	283	283000.000
6188	293	293000.000
6189	291	291000.000
6190	290	290000.000
6191	277	277000.000
6192	281	281000.000
6193	294	294000.000
6194	300	300000.000
6195	305	305000.000
6196	300	300000.000
6197	320	320000.000
6198	286	286000.000
6199	303	303000.000
6200	279	279000.000
6201	310	310000.000
6202	309	309000.000
6203	285	285000.000
6204	326	326000.000
6205	322	322000.000
6206	283	283000.000
6207	296	296000.000
6208	319	319000.000
6209	317	317000.000
6210	276	276000.000
6211	269	269000.000
6212	290	290000.000
6213	305	305000.000
6214	309	309000.000
6215	283	283000.000
6216	276	276000.000
6217	279	279000.000
6218	287	287000.000
6219	334	334000.000
6220	312	312000.000
6221	267	267000.000
6222	300	300000.000
6223	296	296000.000
6224	276	276000.000
6225	301	301000.000
6226	328	328000.000
6227	262	262000.000
6228	287	287000.000
6229	289	289000.000
6230	308	308000.000
6231	303	303000.000
6232	272	272000.000
6233	294	294000.000
6234	280	280000.000
6235	302	302000.000
6236	297	297000.000
6237	355	355000.000
6238	304	304000.000
6239	285	285000.000
6240	273	273000.000
6241	320	320000.000
6242	291	291000.000
6243	295	295000.000
6244	291	291000.000
6245	292	292000.000
6246	301	301000.000
6247	318	318000.000
6248	290	290000.000
6249	286	286000.000
6250	292	292000.000
6251	297	297000.000
6252	319	319000.000
6253	318	318000.000
6254	280	280000.000
6255	330	330000.000
6256	308	308000.000
6257	293	293000.000
6258	285	285000.000
6259	289	289000.000
6260	292	292000.000
6261	313	313000.000
6262	311	311000.000
6263	317	317000.000
6264	296	296000.000
6265	285	285000.000
6266	297	297000.000
6267	312	312000.000
6268	290	290000.000
6269	278	278000.000
6270	278	278000.000
6271	298	298000.000
6272	322	322000.000
6273	301	301000.000
6274	255	255000.000
6275	308	308000.000
6276	292	292000.000
6277	289	289000.000
6278	293	293000.000
6279	301	301000.000
6280	291	291000.000
6281	295	295000.000
6282	279	279000.000
6283	275	275000.000
6284	296	296000.000
6285	295	295000.000
6286	269	269000.000
6287	281	281000.000
6288	292	292000.000
6289	314	314000.000
6290	284	284000.000
6291	267	267000.000
6292	334	334000.000
6293	283	283000.000
6294	287	287000.000
6295	283	283000.000
6296	330	330000.000
6297	314	314000.000
6298	295	295000.000
6299	323	323000.000
6300	315	315000.000
6301	280	280000.000
6302	285	285000.000
6303	281	281000.000
6304	273	273000.000
6305	323	323000.000
6306	294	294000.000
6307	305	305000.000
6308	302	302000.000
6309	252	252000.000
6310	272	272000.000
6311	267	267000.000
6312	297	297000.000
6313	268	268000.000
6314	293	293000.000
6315	296	296000.000
6316	297	297000.000
6317	317	317000.000
6318	324	324000.000
6319	299	299000.000
6320	291	291000.000
6321	303	303000.000
6322	290	290000.000
6323	325	325000.000
6324	303	303000.000
6325	286	286000.000
6326	316	316000.000
6327	306	306000.000
6328	281	281000.000
6329	239	239000.000
6330	268	268000.000
6331	304	304000.000
6332	259	259000.000
6333	306	306000.000
6334	317	317000.000
6335	293	293000.000
6336	294	294000.000
6337	313	313000.000
6338	315	315000.000
6339	288	288000.000
6340	294	294000.000
6341	311	311000.000
6342	290	290000.000
6343	310	310000.000
6344	326	326000.000
6345	318	318000.000
6346	314	314000.000
6347	305	305000.000
6348	292	292000.000
6349	300	300000.000
6350	302	302000.000
6351	303	303000.000
6352	269	269000.000
6353	268	268000.000
6354	299	299000.000
6355	288	288000.000
6356	299	299000.000
6357	297	297000.000
6358	291	291000.000
6359	303	303000.000
6360	290	290000.000
6361	304	304000.000
6362	286	286000.000
6363	330	330000.000
6364	314	314000.000
6365	293	293000.000
6366	303	303000.000
6367	270	270000.000
6368	290	290000.000
6369	296	296000.000
6370	291	291000.000
6371	301	301000.000
6372	318	318000.000
6373	273	273000.000
6374	329	329000.000
6375	320	320000.000
6376	310	310000.000
6377	293	293000.000
6378	315	315000.000
6379	295	295000.000
6380	294	294000.000
6381	293	293000.000
6382	312	312000.000
6383	303	303000.000
6384	284	284000.000
6385	304	304000.000
6386	294	294000.000
6387	281	281000.000
6388	300	300000.000
6389	310	310000.000
6390	289	289000.000
6391	290	290000.000
6392	277	277000.000
6393	264	264000.000
6394	294	294000.000
6395	284	284000.000
6396	308	308000.000
6397	267	267000.000
6398	281	281000.000
6399	319	319000.000
6400	274	274000.000
6401	268	268000.000
6402	286	286000.000
6403	297	297000.000
6404	314	314000.000
6405	301	301000.000
6406	302	302000.000
6407	329	329000.000
6408	327	327000.000
6409	326	326000.000
6410	274	274000.000
6411	319	319000.000
6412	297	297000.000
6413	288	288000.000
6414	303	303000.000
6415	303	303000.000
6416	295	295000.000
6417	283	283000.000
6418	309	309000.000
6419	267	267000.000
6420	320	320000.000
6421	289	289000.000
6422	280	280000.000
6423	259	259000.000
6424	294	294000.000
6425	285	285000.000
6426	332	332000.000
6427	320	320000.000
6428	298	298000.000
6429	292	292000.000
6430	289	289000.000
6431	282	282000.000
6432	307	307000.000
6433	277	277000.000
6434	304	304000.000
6435	299	299000.000
6436	312	312000.000
6437	303	303000.000
6438	303	303000.000
6439	306	306000.000
6440	285	285000.000
6441	282	282000.000
6442	318	318000.000
6443	278	278000.000
6444	269	269000.000
6445	315	315000.000
6446	306	306000.000
6447	305	305000.000
6448	315	315000.000
6449	274	274000.000
6450	244	244000.000
6451	277	277000.000
6452	280	280000.000
6453	287	287000.000
6454	308	308000.000
6455	271	271000.000
6456	315	315000.000
6457	280	280000.000
6458	315	315000.000
6459	289	289000.000
6460	298	298000.000
6461	280	280000.000
6462	274	274000.000
6463	330	330000.000
6464	281	281000.000
6465	291	291000.000
6466	270	270000.000
6467	327	327000.000
6468	287	287000.000
6469	309	309000.000
6470	331	331000.000
6471	305	305000.000
6472	291	291000.000
6473	266	266000.000
6474	311	311000.000
6475	298	298000.000
6476	313	313000.000
6477	295	295000.000
6478	283	283000.000
6479	304	304000.000
6480	303	303000.000
6481	270	270000.000
6482	307	307000.000
6483	288	288000.000
6484	320	320000.000
6485	280	280000.000
6486	295	295000.000
6487	311	311000.000
6488	302	302000.000
6489	292	292000.000
6490	309	309000.000
6491	300	300000.000
6492	301	301000.000
6493	294	294000.000
6494	302	302000.000
6495	283	283000.000
6496	326	326000.000
6497	291	291000.000
6498	325	325000.000
6499	298	298000.000
6500	302	302000.000
6501	256	256000.000
6502	294	294000.000
6503	295	295000.000
6504	301	301000.000
6505	318	318000.000
6506	280	280000.000
6507	306	306000.000
6508	296	296000.000
6509	338	338000.000
6510	298	298000.000
6511	295	295000.000
6512	286	286000.000
6513	285	285000.000
6514	248	248000.000
6515	291	291000.000
6516	302	302000.000
6517	296	296000.000
6518	289	289000.000
6519	286	286000.000
6520	310	310000.000
6521	322	322000.000
6522	270	270000.000
6523	270	270000.000
6524	318	318000.000
6525	300	300000.000
6526	306	306000.000
6527	284	284000.000
6528	284	284000.000
6529	274	274000.000
6530	281	281000.000
6531	285	285000.000
6532	279	279000.000
6533	296	296000.000
6534	273	273000.000
6535	292	292000.000
6536	314	314000.000
6537	301	301000.000
6538	295	295000.000
6539	266	266000.000
6540	340	340000.000
6541	300	300000.000
6542	293	293000.000
6543	281	281000.000
6544	284	284000.000
6545	265	265000.000
6546	260	260000.000
6547	281	281000.000
6548	302	302000.000
6549	299	299000.000
6550	293	293000.000
6551	290	290000.000
6552	301	301000.000
6553	284	284000.000
6554	252	252000.000
6555	309	309000.000
6556	315	315000.000
6557	272	272000.000
6558	299	299000.000
6559	303	303000.000
6560	303	303000.000
6561	293	293000.000
6562	283	283000.000
6563	284	284000.000
6564	264	264000.000
6565	305	305000.000
6566	282	282000.000
6567	289	289000.000
6568	262	262000.000
6569	282	282000.000
6570	315	315000.000
6571	294	294000.000
6572	252	252000.000
6573	335	335000.000
6574	307	307000.000
6575	326	326000.000
6576	260	260000.000
6577	283	283000.000
6578	302	302000.000
6579	312	312000.000
6580	280	280000.000
6581	283	283000.000
6582	300	300000.000
6583	305	305000.000
6584	308	308000.000
6585	311	311000.000
6586	299	299000.000
6587	320	320000.000
6588	290	290000.000
6589	329	329000.000
6590	288	288000.000
6591	297	297000.000
6592	292	292000.000
6593	298	298000.000
6594	294	294000.000
6595	310	310000.000
6596	294	294000.000
6597	297	297000.000
6598	297	297000.000
6599	291	291000.000
6600	281	281000.000
6601	294	294000.000
6602	248	248000.000
6603	295	295000.000
6604	302	302000.000
6605	315	315000.000
6606	295	295000.000
6607	291	291000.000
6608	301	301000.000
6609	277	277000.000
6610	274	274000.000
6611	331	331000.000
6612	292	292000.000
6613	317	317000.000
6614	288	288000.000
6615	289	289000.000
6616	286	286000.000
6617	327	327000.000
6618	276	276000.000
6619	281	281000.000
6620	308	308000.000
6621	327	327000.000
6622	275	275000.000
6623	294	294000.000
6624	315	315000.000
6625	306	306000.000
6626	301	301000.000
6627	322	322000.000
6628	299	299000.000
6629	297	297000.000
6630	287	287000.000
6631	284	284000.000
6632	281	281000.000
6633	272	272000.000
6634	294	294000.000
6635	272	272000.000
6636	295	295000.000
6637	320	320000.000
6638	312	312000.000
6639	290	290000.000
6640	303	303000.000
6641	324	324000.000
6642	302	302000.000
6643	286	286000.000
6644	264	264000.000
6645	258	258000.000
6646	298	298000.000
6647	294	294000.000
6648	287	287000.000
6649	268	268000.000
6650	308	308000.000
6651	289	289000.000
6652	299	299000.000
6653	335	335000.000
6654	320	320000.000
6655	302	302000.000
6656	319	319000.000
6657	322	322000.000
6658	254	254000.000
6659	287	287000.000
6660	305	305000.000
6661	291	291000.000
6662	295	295000.000
6663	279	279000.000
6664	338	338000.000
6665	287	287000.000
6666	295	295000.000
6667	305	305000.000
6668	291	291000.000
6669	324	324000.000
6670	287	287000.000
6671	274	274000.000
6672	284	284000.000
6673	283	283000.000
6674	305	305000.000
6675	261	261000.000
6676	294	294000.000
6677	274	274000.000
6678	300	300000.000
6679	306	306000.000
6680	294	294000.000
6681	307	307000.000
6682	295	295000.000
6683	322	322000.000
6684	307	307000.000
6685	300	300000.000
6686	326	326000.000
6687	301	301000.000
6688	321	321000.000
6689	296	296000.000
6690	296	296000.000
6691	272	272000.000
6692	269	269000.000
6693	301	301000.000
6694	286	286000.000
6695	316	316000.000
6696	287	287000.000
6697	266	266000.000
6698	296	296000.000
6699	302	302000.000
6700	287	287000.000
6701	303	303000.000
6702	299	299000.000
6703	292	292000.000
6704	285	285000.000
6705	273	273000.000
6706	287	287000.000
6707	279	279000.000
6708	316	316000.000
6709	307	307000.000
6710	276	276000.000
6711	277	277000.000
6712	295	295000.000
6713	297	297000.000
6714	279	279000.000
6715	295	295000.000
6716	279	279000.000
6717	292	292000.000
6718	305	305000.000
6719	294	294000.000
6720	266	266000.000
6721	297	297000.000
6722	300	300000.000
6723	294	294000.000
6724	294	294000.000
6725	288	288000.000
6726	253	253000.000
6727	291	291000.000
6728	306	306000.000
6729	268	268000.000
6730	279	279000.000
6731	255	255000.000
6732	286	286000.000
6733	287	287000.000
6734	298	298000.000
6735	281	281000.000
6736	313	313000.000
6737	295	295000.000
6738	286	286000.000
6739	278	278000.000
6740	303	303000.000
6741	327	327000.000
6742	282	282000.000
6743	311	311000.000
6744	302	302000.000
6745	268	268000.000
6746	296	296000.000
6747	303	303000.000
6748	286	286000.000
6749	312	312000.000
6750	310	310000.000
6751	296	296000.000
6752	290	290000.000
6753	290	290000.000
6754	315	315000.000
6755	299	299000.000
6756	304	304000.000
6757	296	296000.000
6758	312	312000.000
6759	323	323000.000
6760	286	286000.000
6761	289	289000.000
6762	303	303000.000
6763	321	321000.000
6764	319	319000.000
6765	295	295000.000
6766	300	300000.000
6767	269	269000.000
6768	286	286000.000
6769	301	301000.000
6770	289	289000.000
6771	313	313000.000
6772	271	271000.000
6773	280	280000.000
6774	278	278000.000
6775	258	258000.000
6776	287	287000.000
6777	255	255000.000
6778	297	297000.000
6779	279	279000.000
6780	289	289000.000
6781	266	266000.000
6782	280	280000.000
6783	290	290000.000
6784	293	293000.000
6785	279	279000.000
6786	285	285000.000
6787	297	297000.000
6788	285	285000.000
6789	315	315000.000
6790	330	330000.000
6791	299	299000.000
6792	315	315000.000
6793	267	267000.000
6794	283	283000.000
6795	283	283000.000
6796	291	291000.000
6797	291	291000.000
6798	315	315000.000
6799	282	282000.000
6800	278	278000.000
6801	285	285000.000
6802	316	316000.000
6803	287	287000.000
6804	287	287000.000
6805	275	275000.000
6806	291	291000.000
6807	317	317000.000
6808	261	261000.000
6809	288	288000.000
6810	303	303000.000
6811	276	276000.000
6812	289	289000.000
6813	305	305000.000
6814	285	285000.000
6815	301	301000.000
6816	308	308000.000
6817	298	298000.000
6818	294	294000.000
6819	293	293000.000
6820	314	314000.000
6821	278	278000.000
6822	287	287000.000
6823	342	342000.000
6824	303	303000.000
6825	298	298000.000
6826	280	280000.000
6827	301	301000.000
6828	295	295000.000
6829	321	321000.000
6830	280	280000.000
6831	304	304000.000
6832	303	303000.000
6833	310	310000.000
6834	298	298000.000
6835	305	305000.000
6836	311	311000.000
6837	299	299000.000
6838	283	283000.000
6839	296	296000.000
6840	266	266000.000
6841	304	304000.000
6842	288	288000.000
6843	323	323000.000
6844	315	315000.000
6845	297	297000.000
6846	306	306000.000
6847	302	302000.000
6848	265	265000.000
6849	276	276000.000
6850	324	324000.000
6851	322	322000.000
6852	334	334000.000
6853	289	289000.000
6854	283	283000.000
6855	271	271000.000
6856	289	289000.000
6857	283	283000.000
6858	310	310000.000
6859	275	275000.000
6860	289	289000.000
6861	285	285000.000
6862	291	291000.000
6863	324	324000.000
6864	273	273000.000
6865	281	281000.000
6866	285	285000.000
6867	284	284000.000
6868	278	278000.000
6869	317	317000.000
6870	282	282000.000
6871	311	311000.000
6872	289	289000.000
6873	310	310000.000
6874	292	292000.000
6875	308	308000.000
6876	322	322000.000
6877	308	308000.000
6878	316	316000.000
6879	303	303000.000
6880	306	306000.000
6881	297	297000.000
6882	312	312000.000
6883	322	322000.000
6884	325	325000.000
6885	314	314000.000
6886	258	258000.000
6887	305	305000.000
6888	324	324000.000
6889	307	307000.000
6890	306	306000.000
6891	313	313000.000
6892	289	289000.000
6893	293	293000.000
6894	298	298000.000
6895	311	311000.000
6896	322	322000.000
6897	276	276000.000
6898	311	311000.000
6899	304	304000.000
6900	337	337000.000
6901	265	265000.000
6902	279	279000.000
6903	309	309000.000
6904	311	311000.000
6905	314	314000.000
6906	311	311000.000
6907	276	276000.000
6908	299	299000.000
6909	303	303000.000
6910	303	303000.000
6911	323	323000.000
6912	294	294000.000
6913	310	310000.000
6914	321	321000.000
6915	291	291000.000
6916	274	274000.000
6917	280	280000.000
6918	277	277000.000
6919	287	287000.000
6920	286	286000.000
6921	308	308000.000
6922	299	299000.000
6923	266	266000.000
6924	323	323000.000
6925	274	274000.000
6926	308	308000.000
6927	306	306000.000
6928	299	299000.000
6929	318	318000.000
6930	298	298000.000
6931	280	280000.000
6932	297	297000.000
6933	294	294000.000
6934	265	265000.000
6935	302	302000.000
6936	286	286000.000
6937	300	300000.000
6938	284	284000.000
6939	293	293000.000
6940	289	289000.000
6941	275	275000.000
6942	304	304000.000
6943	300	300000.000
6944	290	290000.000
6945	296	296000.000
6946	296	296000.000
6947	308	308000.000
6948	312	312000.000
6949	287	287000.000
6950	320	320000.000
6951	306	306000.000
6952	299	299000.000
6953	331	331000.000
6954	289	289000.000
6955	275	275000.000
6956	292	292000.000
6957	312	312000.000
6958	311	311000.000
6959	277	277000.000
6960	317	317000.000
6961	290	290000.000
6962	312	312000.000
6963	290	290000.000
6964	301	301000.000
6965	307	307000.000
6966	331	331000.000
6967	311	311000.000
6968	300	300000.000
6969	278	278000.000
6970	305	305000.000
6971	311	311000.000
6972	294	294000.000
6973	305	305000.000
6974	287	287000.000
6975	288	288000.000
6976	300	300000.000
6977	282	282000.000
6978	299	299000.000
6979	309	309000.000
6980	281	281000.000
6981	308	308000.000
6982	290	290000.000
6983	285	285000.000
6984	255	255000.000
6985	342	342000.000
6986	313	313000.000
6987	295	295000.000
6988	315	315000.000
6989	297	297000.000
6990	280	280000.000
6991	342	342000.000
6992	299	299000.000
6993	307	307000.000
6994	317	317000.000
6995	300	300000.000
6996	292	292000.000
6997	275	275000.000
6998	315	315000.000
6999	256	256000.000
7000	299	299000.000
7001	305	305000.000
7002	319	319000.000
7003	301	301000.000
7004	273	273000.000
7005	290	290000.000
7006	312	312000.000
7007	273	273000.000
7008	316	316000.000
7009	269	269000.000
7010	282	282000.000
7011	310	310000.000
7012	285	285000.000
7013	289	289000.000
7014	292	292000.000
7015	311	311000.000
7016	325	325000.000
7017	266	266000.000
7018	289	289000.000
7019	292	292000.000
7020	299	299000.000
7021	299	299000.000
7022	314	314000.000
7023	290	290000.000
7024	278	278000.000
7025	329	329000.000
7026	286	286000.000
7027	319	319000.000
7028	262	262000.000
7029	285	285000.000
7030	282	282000.000
7031	283	283000.000
7032	277	277000.000
7033	297	297000.000
7034	310	310000.000
7035	278	278000.000
7036	303	303000.000
7037	299	299000.000
7038	315	315000.000
7039	271	271000.000
7040	332	332000.000
7041	300	300000.000
7042	288	288000.000
7043	300	300000.000
7044	320	320000.000
7045	298	298000.000
7046	293	293000.000
7047	317	317000.000
7048	312	312000.000
7049	310	310000.000
7050	307	307000.000
7051	300	300000.000
7052	307	307000.000
7053	303	303000.000
7054	282	282000.000
7055	267	267000.000
7056	318	318000.000
7057	326	326000.000
7058	347	347000.000
7059	279	279000.000
7060	292	292000.000
7061	290	290000.000
7062	305	305000.000
7063	309	309000.000
7064	293	293000.000
7065	295	295000.000
7066	309	309000.000
7067	330	330000.000
7068	292	292000.000
7069	319	319000.000
7070	303	303000.000
7071	317	317000.000
7072	329	329000.000
7073	281	281000.000
7074	315	315000.000
7075	326	326000.000
7076	316	316000.000
7077	280	280000.000
7078	280	280000.000
7079	313	313000.000
7080	316	316000.000
7081	296	296000.000
7082	304	304000.000
7083	300	300000.000
7084	313	313000.000
7085	301	301000.000
7086	312	312000.000
7087	261	261000.000
7088	297	297000.000
7089	288	288000.000
7090	310	310000.000
7091	285	285000.000
7092	296	296000.000
7093	312	312000.000
7094	291	291000.000
7095	327	327000.000
7096	294	294000.000
7097	328	328000.000
7098	275	275000.000
7099	285	285000.000
7100	295	295000.000
7101	286	286000.000
7102	303	303000.000
7103	292	292000.000
7104	299	299000.000
7105	306	306000.000
7106	289	289000.000
7107	286	286000.000
7108	297	297000.000
7109	285	285000.000
7110	308	308000.000
7111	261	261000.000
7112	308	308000.000
7113	299	299000.000
7114	285	285000.000
7115	286	286000.000
7116	290	290000.000
7117	263	263000.000
7118	263	263000.000
7119	275	275000.000
7120	339	339000.000
7121	297	297000.000
7122	295	295000.000
7123	305	305000.000
7124	303	303000.000
7125	287	287000.000
7126	276	276000.000
7127	318	318000.000
7128	304	304000.000
7129	275	275000.000
7130	294	294000.000
7131	281	281000.000
7132	312	312000.000
7133	293	293000.000
7134	300	300000.000
7135	279	279000.000
7136	294	294000.000
7137	304	304000.000
7138	288	288000.000
7139	312	312000.000
7140	303	303000.000
7141	275	275000.000
7142	322	322000.000
7143	285	285000.000
7144	300	300000.000
7145	300	300000.000
7146	288	288000.000
7147	308	308000.000
7148	327	327000.000
7149	287	287000.000
7150	283	283000.000
7151	286	286000.000
7152	305	305000.000
7153	308	308000.000
7154	337	337000.000
7155	303	303000.000
7156	257	257000.000
7157	281	281000.000
7158	285	285000.000
7159	296	296000.000
7160	277	277000.000
7161	300	300000.000
7162	315	315000.000
7163	309	309000.000
7164	273	273000.000
7165	303	303000.000
7166	303	303000.000
7167	337	337000.000
7168	316	316000.000
7169	297	297000.000
7170	304	304000.000
7171	305	305000.000
7172	246	246000.000
7173	292	292000.000
7174	293	293000.000
7175	265	265000.000
7176	287	287000.000
7177	278	278000.000
7178	338	338000.000
7179	305	305000.000
7180	291	291000.000
7181	300	300000.000
7182	305	305000.000
7183	306	306000.000
7184	287	287000.000
7185	292	292000.000
7186	273	273000.000
7187	279	279000.000
7188	266	266000.000
7189	292	292000.000
7190	259	259000.000
7191	296	296000.000
7192	295	295000.000
7193	317	317000.000
7194	271	271000.000
7195	267	267000.000
7196	293	293000.000
7197	270	270000.000
7198	306	306000.000
7199	308	308000.000
7200	285	285000.000
7201	322	322000.000
7202	284	284000.000
7203	310	310000.000
7204	276	276000.000
7205	269	269000.000
7206	285	285000.000
7207	314	314000.000
7208	329	329000.000
7209	309	309000.000
7210	291	291000.000
7211	308	308000.000
7212	286	286000.000
7213	266	266000.000
7214	308	308000.000
7215	280	280000.000
7216	300	300000.000
7217	285	285000.000
7218	299	299000.000
7219	293	293000.000
7220	301	301000.000
7221	284	284000.000
7222	301	301000.000
7223	320	320000.000
7224	295	295000.000
7225	312	312000.000
7226	295	295000.000
7227	303	303000.000
7228	297	297000.000
7229	294	294000.000
7230	299	299000.000
7231	306	306000.000
7232	299	299000.000
7233	288	288000.000
7234	272	272000.000
7235	276	276000.000
7236	288	288000.000
7237	299	299000.000
7238	296	296000.000
7239	302	302000.000
7240	303	303000.000
7241	322	322000.000
7242	306	306000.000
7243	302	302000.000
7244	299	299000.000
7245	276	276000.000
7246	273	273000.000
7247	308	308000.000
7248	280	280000.000
7249	277	277000.000
7250	262	262000.000
7251	301	301000.000
7252	313	313000.000
7253	288	288000.000
7254	297	297000.000
7255	275	275000.000
7256	318	318000.000
7257	279	279000.000
7258	326	326000.000
7259	334	334000.000
7260	299	299000.000
7261	279	279000.000
7262	287	287000.000
7263	266	266000.000
7264	320	320000.000
7265	295	295000.000
7266	276	276000.000
7267	264	264000.000
7268	288	288000.000
7269	278	278000.000
7270	299	299000.000
7271	336	336000.000
7272	300	300000.000
7273	301	301000.000
7274	289	289000.000
7275	296	296000.000
7276	293	293000.000
7277	271	271000.000
7278	325	325000.000
7279	276	276000.000
7280	282	282000.000
7281	295	295000.000
7282	300	300000.000
7283	284	284000.000
7284	295	295000.000
7285	287	287000.000
7286	273	273000.000
7287	280	280000.000
7288	284	284000.000
7289	290	290000.000
7290	266	266000.000
7291	336	336000.000
7292	310	310000.000
7293	282	282000.000
7294	289	289000.000
7295	278	278000.000
7296	324	324000.000
7297	305	305000.000
7298	257	257000.000
7299	305	305000.000
7300	307	307000.000
7301	302	302000.000
7302	282	282000.000
7303	350	350000.000
7304	316	316000.000
7305	324	324000.000
7306	302	302000.000
7307	315	315000.000
7308	309	309000.000
7309	295	295000.000
7310	283	283000.000
7311	307	307000.000
7312	331	331000.000
7313	301	301000.000
7314	322	322000.000
7315	323	323000.000
7316	279	279000.000
7317	289	289000.000
7318	253	253000.000
7319	319	319000.000
7320	280	280000.000
7321	287	287000.000
7322	280	280000.000
7323	278	278000.000
7324	309	309000.000
7325	303	303000.000
7326	312	312000.000
7327	297	297000.000
7328	291	291000.000
7329	313	313000.000
7330	287	287000.000
7331	294	294000.000
7332	297	297000.000
7333	272	272000.000
7334	305	305000.000
7335	285	285000.000
7336	256	256000.000
7337	286	286000.000
7338	299	299000.000
7339	275	275000.000
7340	313	313000.000
7341	263	263000.000
7342	291	291000.000
7343	255	255000.000
7344	319	319000.000
7345	307	307000.000
7346	278	278000.000
7347	310	310000.000
7348	268	268000.000
7349	265	265000.000
7350	282	282000.000
7351	302	302000.000
7352	300	300000.000
7353	268	268000.000
7354	297	297000.000
7355	267	267000.000
7356	288	288000.000
7357	282	282000.000
7358	284	284000.000
7359	302	302000.000
7360	273	273000.000
7361	294	294000.000
7362	306	306000.000
7363	291	291000.000
7364	308	308000.000
7365	315	315000.000
7366	312	312000.000
7367	295	295000.000
7368	298	298000.000
7369	263	263000.000
7370	286	286000.000
7371	307	307000.000
7372	308	308000.000
7373	281	281000.000
7374	298	298000.000
7375	301	301000.000
7376	300	300000.000
7377	284	284000.000
7378	320	320000.000
7379	284	284000.000
7380	278	278000.000
7381	294	294000.000
7382	295	295000.000
7383	290	290000.000
7384	266	266000.000
7385	297	297000.000
7386	283	283000.000
7387	310	310000.000
7388	319	319000.000
7389	302	302000.000
7390	278	278000.000
7391	276	276000.000
7392	273	273000.000
7393	286	286000.000
7394	279	279000.000
7395	315	315000.000
7396	298	298000.000
7397	298	298000.000
7398	307	307000.000
7399	297	297000.000
7400	294	294000.000
7401	261	261000.000
7402	318	318000.000
7403	313	313000.000
7404	311	311000.000
7405	280	280000.000
7406	310	310000.000
7407	297	297000.000
7408	271	271000.000
7409	292	292000.000
7410	314	314000.000
7411	316	316000.000
7412	298	298000.000
7413	275	275000.000
7414	363	363000.000
7415	261	261000.000
7416	292	292000.000
7417	264	264000.000
7418	292	292000.000
7419	297	297000.000
7420	279	279000.000
7421	294	294000.000
7422	313	313000.000
7423	310	310000.000
7424	293	293000.000
7425	311	311000.000
7426	270	270000.000
7427	321	321000.000
7428	269	269000.000
7429	296	296000.000
7430	296	296000.000
7431	306	306000.000
7432	314	314000.000
7433	326	326000.000
7434	272	272000.000
7435	285	285000.000
7436	275	275000.000
7437	291	291000.000
7438	284	284000.000
7439	288	288000.000
7440	281	281000.000
7441	280	280000.000
7442	269	269000.000
7443	257	257000.000
7444	294	294000.000
7445	274	274000.000
7446	280	280000.000
7447	270	270000.000
7448	312	312000.000
7449	300	300000.000
7450	284	284000.000
7451	295	295000.000
7452	283	283000.000
7453	327	327000.000
7454	270	270000.000
7455	296	296000.000
7456	285	285000.000
7457	273	273000.000
7458	298	298000.000
7459	263	263000.000
7460	307	307000.000
7461	274	274000.000
7462	272	272000.000
7463	280	280000.000
7464	295	295000.000
7465	311	311000.000
7466	288	288000.000
7467	270	270000.000
7468	283	283000.000
7469	300	300000.000
7470	296	296000.000
7471	298	298000.000
7472	276	276000.000
7473	321	321000.000
7474	293	293000.000
7475	268	268000.000
7476	278	278000.000
7477	305	305000.000
7478	298	298000.000
7479	296	296000.000
7480	270	270000.000
7481	288	288000.000
7482	285	285000.000
7483	306	306000.000
7484	319	319000.000
7485	291	291000.000
7486	315	315000.000
7487	314	314000.000
7488	292	292000.000
7489	277	277000.000
7490	298	298000.000
7491	280	280000.000
7492	282	282000.000
7493	294	294000.000
7494	292	292000.000
7495	286	286000.000
7496	269	269000.000
7497	295	295000.000
7498	290	290000.000
7499	290	290000.000
7500	308	308000.000
7501	288	288000.000
7502	292	292000.000
7503	277	277000.000
7504	282	282000.000
7505	309	309000.000
7506	289	289000.000
7507	240	240000.000
7508	270	270000.000
7509	294	294000.000
7510	287	287000.000
7511	281	281000.000
7512	259	259000.000
7513	302	302000.000
7514	293	293000.000
7515	263	263000.000
7516	318	318000.000
7517	286	286000.000
7518	272	272000.000
7519	273	273000.000
7520	300	300000.000
7521	288	288000.000
7522	318	318000.000
7523	294	294000.000
7524	288	288000.000
7525	266	266000.000
7526	279	279000.000
7527	292	292000.000
7528	298	298000.000
7529	278	278000.000
7530	277	277000.000
7531	256	256000.000
7532	292	292000.000
7533	297	297000.000
7534	300	300000.000
7535	258	258000.000
7536	319	319000.000
7537	289	289000.000
7538	300	300000.000
7539	273	273000.000
7540	306	306000.000
7541	319	319000.000
7542	329	329000.000
7543	282	282000.000
7544	295	295000.000
7545	331	331000.000
7546	278	278000.000
7547	281	281000.000
7548	285	285000.000
7549	283	283000.000
7550	281	281000.000
7551	305	305000.000
7552	303	303000.000
7553	328	328000.000
7554	301	301000.000
7555	287	287000.000
7556	298	298000.000
7557	295	295000.000
7558	320	320000.000
7559	299	299000.000
7560	262	262000.000
7561	295	295000.000
7562	245	245000.000
7563	317	317000.000
7564	299	299000.000
7565	301	301000.000
7566	293	293000.000
7567	272	272000.000
7568	302	302000.000
7569	298	298000.000
7570	277	277000.000
7571	269	269000.000
7572	328	328000.000
7573	278	278000.000
7574	276	276000.000
7575	325	325000.000
7576	299	299000.000
7577	285	285000.000
7578	326	326000.000
7579	314	314000.000
7580	286	286000.000
7581	324	324000.000
7582	298	298000.000
7583	305	305000.000
7584	297	297000.000
7585	320	320000.000
7586	253	253000.000
7587	307	307000.000
7588	283	283000.000
7589	278	278000.000
7590	265	265000.000
7591	301	301000.000
7592	313	313000.000
7593	304	304000.000
7594	280	280000.000
7595	299	299000.000
7596	281	281000.000
7597	317	317000.000
7598	331	331000.000
7599	292	292000.000
7600	324	324000.000
7601	312	312000.000
7602	314	314000.000
7603	266	266000.000
7604	291	291000.000
7605	294	294000.000
7606	317	317000.000
7607	267	267000.000
7608	305	305000.000
7609	289	289000.000
7610	280	280000.000
7611	284	284000.000
7612	289	289000.000
7613	293	293000.000
7614	283	283000.000
7615	293	293000.000
7616	292	292000.000
7617	282	282000.000
7618	284	284000.000
7619	302	302000.000
7620	283	283000.000
7621	296	296000.000
7622	298	298000.000
7623	307	307000.000
7624	319	319000.000
7625	270	270000.000
7626	300	300000.000
7627	289	289000.000
7628	304	304000.000
7629	310	310000.000
7630	292	292000.000
7631	279	279000.000
7632	286	286000.000
7633	300	300000.000
7634	260	260000.000
7635	280	280000.000
7636	316	316000.000
7637	263	263000.000
7638	292	292000.000
7639	290	290000.000
7640	313	313000.000
7641	315	315000.000
7642	279	279000.000
7643	309	309000.000
7644	298	298000.000
7645	286	286000.000
7646	309	309000.000
7647	281	281000.000
7648	251	251000.000
7649	268	268000.000
7650	301	301000.000
7651	311	311000.000
7652	304	304000.000
7653	293	293000.000
7654	268	268000.000
7655	309	309000.000
7656	291	291000.000
7657	284	284000.000
7658	325	325000.000
7659	290	290000.000
7660	281	281000.000
7661	289	289000.000
7662	277	277000.000
7663	268	268000.000
7664	310	310000.000
7665	287	287000.000
7666	306	306000.000
7667	292	292000.000
7668	326	326000.000
7669	313	313000.000
7670	280	280000.000
7671	279	279000.000
7672	263	263000.000
7673	298	298000.000
7674	268	268000.000
7675	291	291000.000
7676	275	275000.000
7677	291	291000.000
7678	316	316000.000
7679	240	240000.000
7680	320	320000.000
7681	289	289000.000
7682	281	281000.000
7683	290	290000.000
7684	318	318000.000
7685	290	290000.000
7686	285	285000.000
7687	259	259000.000
7688	304	304000.000
7689	285	285000.000
7690	293	293000.000
7691	320	320000.000
7692	292	292000.000
7693	290	290000.000
7694	297	297000.000
7695	310	310000.000
7696	294	294000.000
7697	312	312000.000
7698	279	279000.000
7699	293	293000.000
7700	329	329000.000
7701	283	283000.000
7702	288	288000.000
7703	311	311000.000
7704	334	334000.000
7705	304	304000.000
7706	275	275000.000
7707	310	310000.000
7708	321	321000.000
7709	272	272000.000
7710	319	319000.000
7711	301	301000.000
7712	278	278000.000
7713	288	288000.000
7714	276	276000.000
7715	301	301000.000
7716	293	293000.000
7717	316	316000.000
7718	268	268000.000
7719	276	276000.000
7720	273	273000.000
7721	305	305000.000
7722	316	316000.000
7723	311	311000.000
7724	312	312000.000
7725	341	341000.000
7726	334	334000.000
7727	301	301000.000
7728	275	275000.000
7729	271	271000.000
7730	303	303000.000
7731	303	303000.000
7732	300	300000.000
7733	295	295000.000
7734	280	280000.000
7735	277	277000.000
7736	280	280000.000
7737	289	289000.000
7738	271	271000.000
7739	354	354000.000
7740	283	283000.000
7741	283	283000.000
7742	300	300000.000
7743	333	333000.000
7744	291	291000.000
7745	283	283000.000
7746	309	309000.000
7747	318	318000.000
7748	297	297000.000
7749	304	304000.000
7750	293	293000.000
7751	293	293000.000
7752	311	311000.000
7753	286	286000.000
7754	336	336000.000
7755	284	284000.000
7756	306	306000.000
7757	278	278000.000
7758	321	321000.000
7759	296	296000.000
7760	313	313000.000
7761	314	314000.000
7762	266	266000.000
7763	287	287000.000
7764	290	290000.000
7765	295	295000.000
7766	288	288000.000
7767	279	279000.000
7768	313	313000.000
7769	280	280000.000
7770	292	292000.000
7771	317	317000.000
7772	270	270000.000
7773	303	303000.000
7774	281	281000.000
7775	270	270000.000
7776	337	337000.000
7777	329	329000.000
7778	292	292000.000
7779	322	322000.000
7780	291	291000.000
7781	288	288000.000
7782	287	287000.000
7783	304	304000.000
7784	284	284000.000
7785	273	273000.000
7786	281	281000.000
7787	308	308000.000
7788	298	298000.000
7789	301	301000.000
7790	308	308000.000
7791	306	306000.000
7792	284	284000.000
7793	277	277000.000
7794	306	306000.000
7795	297	297000.000
7796	300	300000.000
7797	292	292000.000
7798	275	275000.000
7799	310	310000.000
7800	304	304000.000
7801	267	267000.000
7802	274	274000.000
7803	299	299000.000
7804	297	297000.000
7805	282	282000.000
7806	308	308000.000
7807	287	287000.000
7808	309	309000.000
7809	293	293000.000
7810	281	281000.000
7811	319	319000.000
7812	282	282000.000
7813	289	289000.000
7814	297	297000.000
7815	313	313000.000
7816	327	327000.000
7817	286	286000.000
7818	272	272000.000
7819	265	265000.000
7820	322	322000.000
7821	307	307000.000
7822	278	278000.000
7823	305	305000.000
7824	297	297000.000
7825	309	309000.000
7826	265	265000.000
7827	304	304000.000
7828	272	272000.000
7829	278	278000.000
7830	293	293000.000
7831	301	301000.000
7832	311	311000.000
7833	309	309000.000
7834	312	312000.000
7835	283	283000.000
7836	299	299000.000
7837	312	312000.000
7838	315	315000.000
7839	328	328000.000
7840	271	271000.000
7841	302	302000.000
7842	313	313000.000
7843	311	311000.000
7844	315	315000.000
7845	281	281000.000
7846	302	302000.000
7847	295	295000.000
7848	283	283000.000
7849	312	312000.000
7850	304	304000.000
7851	298	298000.000
7852	298	298000.000
7853	311	311000.000
7854	283	283000.000
7855	273	273000.000
7856	320	320000.000
7857	281	281000.000
7858	295	295000.000
7859	313	313000.000
7860	294	294000.000
7861	305	305000.000
7862	271	271000.000
7863	325	325000.000
7864	308	308000.000
7865	303	303000.000
7866	296	296000.000
7867	334	334000.000
7868	327	327000.000
7869	279	279000.000
7870	288	288000.000
7871	272	272000.000
7872	316	316000.000
7873	283	283000.000
7874	297	297000.000
7875	286	286000.000
7876	303	303000.000
7877	303	303000.000
7878	281	281000.000
7879	294	294000.000
7880	305	305000.000
7881	289	289000.000
7882	277	277000.000
7883	298	298000.000
7884	318	318000.000
7885	309	309000.000
7886	306	306000.000
7887	293	293000.000
7888	294	294000.000
7889	282	282000.000
7890	286	286000.000
7891	287	287000.000
7892	313	313000.000
7893	265	265000.000
7894	295	295000.000
7895	321	321000.000
7896	290	290000.000
7897	305	305000.000
7898	302	302000.000
7899	284	284000.000
7900	303	303000.000
7901	274	274000.000
7902	310	310000.000
7903	301	301000.000
7904	272	272000.000
7905	314	314000.000
7906	280	280000.000
7907	321	321000.000
7908	327	327000.000
7909	316	316000.000
7910	316	316000.000
7911	284	284000.000
7912	286	286000.000
7913	296	296000.000
7914	316	316000.000
7915	325	325000.000
7916	283	283000.000
7917	309	309000.000
7918	296	296000.000
7919	276	276000.000
7920	283	283000.000
7921	318	318000.000
7922	309	309000.000
7923	292	292000.000
7924	322	322000.000
7925	270	270000.000
7926	257	257000.000
7927	281	281000.000
7928	275	275000.000
7929	277	277000.000
7930	277	277000.000
7931	297	297000.000
7932	280	280000.000
7933	276	276000.000
7934	286	286000.000
7935	290	290000.000
7936	300	300000.000
7937	327	327000.000
7938	303	303000.000
7939	313	313000.000
7940	300	300000.000
7941	271	271000.000
7942	301	301000.000
7943	300	300000.000
7944	264	264000.000
7945	285	285000.000
7946	293	293000.000
7947	288	288000.000
7948	283	283000.000
7949	318	318000.000
7950	313	313000.000
7951	263	263000.000
7952	318	318000.000
7953	339	339000.000
7954	321	321000.000
7955	311	311000.000
7956	293	293000.000
7957	279	279000.000
7958	287	287000.000
7959	330	330000.000
7960	301	301000.000
7961	300	300000.000
7962	307	307000.000
7963	323	323000.000
7964	317	317000.000
7965	295	295000.000
7966	299	299000.000
7967	293	293000.000
7968	325	325000.000
7969	313	313000.000
7970	246	246000.000
7971	279	279000.000
7972	303	303000.000
7973	280	280000.000
7974	339	339000.000
7975	326	326000.000
7976	282	282000.000
7977	284	284000.000
7978	276	276000.000
7979	294	294000.000
7980	304	304000.000
7981	272	272000.000
7982	277	277000.000
7983	270	270000.000
7984	284	284000.000
7985	320	320000.000
7986	297	297000.000
7987	281	281000.000
7988	303	303000.000
7989	293	293000.000
7990	315	315000.000
7991	270	270000.000
7992	297	297000.000
7993	270	270000.000
7994	293	293000.000
7995	297	297000.000
7996	276	276000.000
7997	312	312000.000
7998	299	299000.000
7999	296	296000.000
8000	307	307000.000
8001	276	276000.000
8002	300	300000.000
8003	267	267000.000
8004	293	293000.000
8005	298	298000.000
8006	302	302000.000
8007	281	281000.000
8008	318	318000.000
8009	274	274000.000
8010	282	282000.000
8011	316	316000.000
8012	333	333000.000
8013	293	293000.000
8014	293	293000.000
8015	316	316000.000
8016	311	311000.000
8017	309	309000.000
8018	295	295000.000
8019	306	306000.000
8020	274	274000.000
8021	305	305000.000
8022	313	313000.000
8023	302	302000.000
8024	314	314000.000
8025	301	301000.000
8026	294	294000.000
8027	272	272000.000
8028	310	310000.000
8029	281	281000.000
8030	277	277000.000
8031	273	273000.000
8032	309	309000.000
8033	312	312000.000
8034	307	307000.000
8035	255	255000.000
8036	276	276000.000
8037	267	267000.000
8038	294	294000.000
8039	317	317000.000
8040	304	304000.000
8041	304	304000.000
8042	296	296000.000
8043	285	285000.000
8044	320	320000.000
8045	312	312000.000
8046	308	308000.000
8047	351	351000.000
8048	274	274000.000
8049	298	298000.000
8050	261	261000.000
8051	311	311000.000
8052	284	284000.000
8053	266	266000.000
8054	303	303000.000
8055	311	311000.000
8056	293	293000.000
8057	265	265000.000
8058	273	273000.000
8059	308	308000.000
8060	294	294000.000
8061	293	293000.000
8062	292	292000.000
8063	289	289000.000
8064	292	292000.000
8065	293	293000.000
8066	274	274000.000
8067	285	285000.000
8068	294	294000.000
8069	290	290000.000
8070	314	314000.000
8071	268	268000.000
8072	300	300000.000
8073	309	309000.000
8074	297	297000.000
8075	303	303000.000
8076	304	304000.000
8077	276	276000.000
8078	318	318000.000
8079	323	323000.000
8080	323	323000.000
8081	273	273000.000
8082	283	283000.000
8083	317	317000.000
8084	303	303000.000
8085	279	279000.000
8086	316	316000.000
8087	300	300000.000
8088	300	300000.000
8089	343	343000.000
8090	273	273000.000
8091	317	317000.000
8092	278	278000.000
8093	279	279000.000
8094	294	294000.000
8095	308	308000.000
8096	289	289000.000
8097	296	296000.000
8098	324	324000.000
8099	289	289000.000
8100	286	286000.000
8101	301	301000.000
8102	301	301000.000
8103	310	310000.000
8104	301	301000.000
8105	308	308000.000
8106	293	293000.000
8107	313	313000.000
8108	274	274000.000
8109	301	301000.000
8110	307	307000.000
8111	277	277000.000
8112	303	303000.000
8113	275	275000.000
8114	303	303000.000
8115	268	268000.000
8116	301	301000.000
8117	310	310000.000
8118	319	319000.000
8119	303	303000.000
8120	277	277000.000
8121	268	268000.000
8122	318	318000.000
8123	287	287000.000
8124	281	281000.000
8125	293	293000.000
8126	286	286000.000
8127	288	288000.000
8128	299	299000.000
8129	306	306000.000
8130	297	297000.000
8131	298	298000.000
8132	292	292000.000
8133	283	283000.000
8134	280	280000.000
8135	282	282000.000
8136	300	300000.000
8137	303	303000.000
8138	313	313000.000
8139	316	316000.000
8140	298	298000.000
8141	276	276000.000
8142	306	306000.000
8143	288	288000.000
8144	302	302000.000
8145	278	278000.000
8146	271	271000.000
8147	313	313000.000
8148	293	293000.000
8149	302	302000.000
8150	335	335000.000
8151	297	297000.000
8152	275	275000.000
8153	303	303000.000
8154	279	279000.000
8155	313	313000.000
8156	299	299000.000
8157	324	324000.000
8158	282	282000.000
8159	273	273000.000
8160	293	293000.000
8161	304	304000.000
8162	297	297000.000
8163	284	284000.000
8164	309	309000.000
8165	266	266000.000
8166	325	325000.000
8167	262	262000.000
8168	305	305000.000
8169	304	304000.000
8170	306	306000.000
8171	288	288000.000
8172	298	298000.000
8173	296	296000.000
8174	288	288000.000
8175	285	285000.000
8176	317	317000.000
8177	291	291000.000
8178	250	250000.000
8179	289	289000.000
8180	324	324000.000
8181	297	297000.000
8182	278	278000.000
8183	317	317000.000
8184	293	293000.000
8185	292	292000.000
8186	279	279000.000
8187	312	312000.000
8188	279	279000.000
8189	289	289000.000
8190	301	301000.000
8191	302	302000.000
8192	276	276000.000
8193	310	310000.000
8194	313	313000.000
8195	284	284000.000
8196	314	314000.000
8197	264	264000.000
8198	311	311000.000
8199	299	299000.000
8200	327	327000.000
8201	300	300000.000
8202	285	285000.000
8203	297	297000.000
8204	304	304000.000
8205	287	287000.000
8206	315	315000.000
8207	286	286000.000
8208	302	302000.000
8209	274	274000.000
8210	295	295000.000
8211	299	299000.000
8212	296	296000.000
8213	284	284000.000
8214	286	286000.000
8215	265	265000.000
8216	289	289000.000
8217	286	286000.000
8218	304	304000.000
8219	284	284000.000
8220	308	308000.000
8221	323	323000.000
8222	308	308000.000
8223	288	288000.000
8224	313	313000.000
8225	336	336000.000
8226	298	298000.000
8227	276	276000.000
8228	293	293000.000
8229	341	341000.000
8230	298	298000.000
8231	269	269000.000
8232	266	266000.000
8233	287	287000.000
8234	282	282000.000
8235	308	308000.000
8236	318	318000.000
8237	315	315000.000
8238	273	273000.000
8239	301	301000.000
8240	299	299000.000
8241	299	299000.000
8242	305	305000.000
8243	253	253000.000
8244	262	262000.000
8245	296	296000.000
8246	275	275000.000
8247	284	284000.000
8248	255	255000.000
8249	310	310000.000
8250	283	283000.000
8251	320	320000.000
8252	311	311000.000
8253	241	241000.000
8254	312	312000.000
8255	268	268000.000
8256	309	309000.000
8257	277	277000.000
8258	272	272000.000
8259	250	250000.000
8260	263	263000.000
8261	288	288000.000
8262	300	300000.000
8263	287	287000.000
8264	307	307000.000
8265	283	283000.000
8266	283	283000.000
8267	279	279000.000
8268	295	295000.000
8269	299	299000.000
8270	312	312000.000
8271	244	244000.000
8272	303	303000.000
8273	285	285000.000
8274	300	300000.000
8275	299	299000.000
8276	293	293000.000
8277	288	288000.000
8278	285	285000.000
8279	274	274000.000
8280	280	280000.000
8281	299	299000.000
8282	280	280000.000
8283	310	310000.000
8284	313	313000.000
8285	281	281000.000
8286	276	276000.000
8287	327	327000.000
8288	303	303000.000
8289	281	281000.000
8290	312	312000.000
8291	287	287000.000
8292	304	304000.000
8293	307	307000.000
8294	287	287000.000
8295	306	306000.000
8296	277	277000.000
8297	314	314000.000
8298	303	303000.000
8299	280	280000.000
8300	274	274000.000
8301	341	341000.000
8302	287	287000.000
8303	297	297000.000
8304	277	277000.000
8305	334	334000.000
8306	296	296000.000
8307	321	321000.000
8308	314	314000.000
8309	276	276000.000
8310	282	282000.000
8311	293	293000.000
8312	308	308000.000
8313	290	290000.000
8314	305	305000.000
8315	329	329000.000
8316	289	289000.000
8317	291	291000.000
8318	281	281000.000
8319	328	328000.000
8320	287	287000.000
8321	306	306000.000
8322	269	269000.000
8323	311	311000.000
8324	289	289000.000
8325	328	328000.000
8326	321	321000.000
8327	273	273000.000
8328	302	302000.000
8329	281	281000.000
8330	315	315000.000
8331	299	299000.000
8332	324	324000.000
8333	285	285000.000
8334	276	276000.000
8335	320	320000.000
8336	268	268000.000
8337	308	308000.000
8338	292	292000.000
8339	302	302000.000
8340	287	287000.000
8341	294	294000.000
8342	324	324000.000
8343	310	310000.000
8344	286	286000.000
8345	315	315000.000
8346	299	299000.000
8347	306	306000.000
8348	302	302000.000
8349	288	288000.000
8350	289	289000.000
8351	327	327000.000
8352	266	266000.000
8353	293	293000.000
8354	271	271000.000
8355	295	295000.000
8356	305	305000.000
8357	289	289000.000
8358	254	254000.000
8359	292	292000.000
8360	310	310000.000
8361	322	322000.000
8362	318	318000.000
8363	315	315000.000
8364	300	300000.000
8365	286	286000.000
8366	290	290000.000
8367	294	294000.000
8368	305	305000.000
8369	278	278000.000
8370	274	274000.000
8371	272	272000.000
8372	327	327000.000
8373	285	285000.000
8374	260	260000.000
8375	286	286000.000
8376	290	290000.000
8377	292	292000.000
8378	302	302000.000
8379	315	315000.000
8380	289	289000.000
8381	320	320000.000
8382	327	327000.000
8383	278	278000.000
8384	300	300000.000
8385	285	285000.000
8386	279	279000.000
8387	283	283000.000
8388	278	278000.000
8389	280	280000.000
8390	293	293000.000
8391	300	300000.000
8392	315	315000.000
8393	306	306000.000
8394	280	280000.000
8395	287	287000.000
8396	296	296000.000
8397	308	308000.000
8398	287	287000.000
8399	265	265000.000
8400	275	275000.000
8401	298	298000.000
8402	311	311000.000
8403	286	286000.000
8404	301	301000.000
8405	276	276000.000
8406	307	307000.000
8407	282	282000.000
8408	295	295000.000
8409	311	311000.000
8410	294	294000.000
8411	301	301000.000
8412	295	295000.000
8413	319	319000.000
8414	312	312000.000
8415	281	281000.000
8416	265	265000.000
8417	293	293000.000
8418	298	298000.000
8419	281	281000.000
8420	256	256000.000
8421	302	302000.000
8422	320	320000.000
8423	317	317000.000
8424	291	291000.000
8425	317	317000.000
8426	261	261000.000
8427	290	290000.000
8428	280	280000.000
8429	318	318000.000
8430	301	301000.000
8431	302	302000.000
8432	298	298000.000
8433	315	315000.000
8434	306	306000.000
8435	272	272000.000
8436	298	298000.000
8437	280	280000.000
8438	300	300000.000
8439	315	315000.000
8440	321	321000.000
8441	296	296000.000
8442	310	310000.000
8443	273	273000.000
8444	330	330000.000
8445	278	278000.000
8446	297	297000.000
8447	266	266000.000
8448	304	304000.000
8449	277	277000.000
8450	296	296000.000
8451	285	285000.000
8452	295	295000.000
8453	291	291000.000
8454	311	311000.000
8455	310	310000.000
8456	292	292000.000
8457	297	297000.000
8458	321	321000.000
8459	272	272000.000
8460	307	307000.000
8461	302	302000.000
8462	302	302000.000
8463	328	328000.000
8464	321	321000.000
8465	285	285000.000
8466	280	280000.000
8467	283	283000.000
8468	284	284000.000
8469	299	299000.000
8470	292	292000.000
8471	301	301000.000
8472	267	267000.000
8473	325	325000.000
8474	278	278000.000
8475	304	304000.000
8476	316	316000.000
8477	291	291000.000
8478	300	300000.000
8479	302	302000.000
8480	305	305000.000
8481	286	286000.000
8482	272	272000.000
8483	276	276000.000
8484	321	321000.000
8485	323	323000.000
8486	288	288000.000
8487	295	295000.000
8488	301	301000.000
8489	253	253000.000
8490	312	312000.000
8491	292	292000.000
8492	306	306000.000
8493	256	256000.000
8494	334	334000.000
8495	316	316000.000
8496	272	272000.000
8497	307	307000.000
8498	299	299000.000
8499	301	301000.000
8500	304	304000.000
8501	305	305000.000
8502	299	299000.000
8503	285	285000.000
8504	281	281000.000
8505	330	330000.000
8506	270	270000.000
8507	306	306000.000
8508	317	317000.000
8509	255	255000.000
8510	304	304000.000
8511	323	323000.000
8512	315	315000.000
8513	306	306000.000
8514	297	297000.000
8515	273	273000.000
8516	307	307000.000
8517	289	289000.000
8518	312	312000.000
8519	303	303000.000
8520	294	294000.000
8521	290	290000.000
8522	293	293000.000
8523	300	300000.000
8524	293	293000.000
8525	292	292000.000
8526	279	279000.000
8527	295	295000.000
8528	289	289000.000
8529	302	302000.000
8530	305	305000.000
8531	266	266000.000
8532	300	300000.000
8533	292	292000.000
8534	289	289000.000
8535	275	275000.000
8536	305	305000.000
8537	288	288000.000
8538	299	299000.000
8539	314	314000.000
8540	279	279000.000
8541	290	290000.000
8542	325	325000.000
8543	288	288000.000
8544	299	299000.000
8545	300	300000.000
8546	311	311000.000
8547	331	331000.000
8548	299	299000.000
8549	310	310000.000
8550	317	317000.000
8551	293	293000.000
8552	309	309000.000
8553	280	280000.000
8554	277	277000.000
8555	292	292000.000
8556	285	285000.000
8557	260	260000.000
8558	292	292000.000
8559	277	277000.000
8560	292	292000.000
8561	279	279000.000
8562	324	324000.000
8563	281	281000.000
8564	284	284000.000
8565	265	265000.000
8566	300	300000.000
8567	285	285000.000
8568	295	295000.000
8569	301	301000.000
8570	274	274000.000
8571	305	305000.000
8572	256	256000.000
8573	274	274000.000
8574	273	273000.000
8575	307	307000.000
8576	275	275000.000
8577	304	304000.000
8578	267	267000.000
8579	311	311000.000
8580	305	305000.000
8581	236	236000.000
8582	267	267000.000
8583	275	275000.000
8584	321	321000.000
8585	292	292000.000
8586	294	294000.000
8587	297	297000.000
8588	265	265000.000
8589	303	303000.000
8590	289	289000.000
8591	313	313000.000
8592	286	286000.000
8593	272	272000.000
8594	277	277000.000
8595	300	300000.000
8596	313	313000.000
8597	269	269000.000
8598	287	287000.000
8599	271	271000.000
8600	314	314000.000
8601	260	260000.000
8602	294	294000.000
8603	308	308000.000
8604	282	282000.000
8605	328	328000.000
8606	320	320000.000
8607	292	292000.000
8608	270	270000.000
8609	260	260000.000
8610	309	309000.000
8611	278	278000.000
8612	274	274000.000
8613	268	268000.000
8614	286	286000.000
8615	305	305000.000
8616	312	312000.000
8617	293	293000.000
8618	307	307000.000
8619	296	296000.000
8620	294	294000.000
8621	310	310000.000
8622	286	286000.000
8623	275	275000.000
8624	293	293000.000
8625	306	306000.000
8626	328	328000.000
8627	289	289000.000
8628	321	321000.000
8629	301	301000.000
8630	292	292000.000
8631	288	288000.000
8632	286	286000.000
8633	331	331000.000
8634	291	291000.000
8635	301	301000.000
8636	288	288000.000
8637	346	346000.000
8638	273	273000.000
8639	283	283000.000
8640	295	295000.000
8641	290	290000.000
8642	294	294000.000
8643	282	282000.000
8644	256	256000.000
8645	288	288000.000
8646	309	309000.000
8647	315	315000.000
8648	276	276000.000
8649	279	279000.000
8650	277	277000.000
8651	282	282000.000
8652	292	292000.000
8653	307	307000.000
8654	294	294000.000
8655	306	306000.000
8656	293	293000.000
8657	280	280000.000
8658	275	275000.000
8659	256	256000.000
8660	301	301000.000
8661	302	302000.000
8662	281	281000.000
8663	309	309000.000
8664	282	282000.000
8665	291	291000.000
8666	322	322000.000
8667	300	300000.000
8668	276	276000.000
8669	298	298000.000
8670	271	271000.000
8671	298	298000.000
8672	276	276000.000
8673	261	261000.000
8674	274	274000.000
8675	294	294000.000
8676	306	306000.000
8677	289	289000.000
8678	331	331000.000
8679	298	298000.000
8680	287	287000.000
8681	280	280000.000
8682	283	283000.000
8683	309	309000.000
8684	320	320000.000
8685	273	273000.000
8686	297	297000.000
8687	308	308000.000
8688	316	316000.000
8689	279	279000.000
8690	319	319000.000
8691	324	324000.000
8692	284	284000.000
8693	301	301000.000
8694	267	267000.000
8695	294	294000.000
8696	282	282000.000
8697	292	292000.000
8698	303	303000.000
8699	310	310000.000
8700	270	270000.000
8701	293	293000.000
8702	288	288000.000
8703	282	282000.000
8704	276	276000.000
8705	315	315000.000
8706	308	308000.000
8707	313	313000.000
8708	278	278000.000
8709	312	312000.000
8710	323	323000.000
8711	283	283000.000
8712	289	289000.000
8713	318	318000.000
8714	297	297000.000
8715	270	270000.000
8716	304	304000.000
8717	295	295000.000
8718	298	298000.000
8719	291	291000.000
8720	288	288000.000
8721	279	279000.000
8722	331	331000.000
8723	278	278000.000
8724	275	275000.000
8725	291	291000.000
8726	284	284000.000
8727	300	300000.000
8728	290	290000.000
8729	289	289000.000
8730	293	293000.000
8731	292	292000.000
8732	310	310000.000
8733	327	327000.000
8734	317	317000.000
8735	284	284000.000
8736	281	281000.000
8737	286	286000.000
8738	271	271000.000
8739	306	306000.000
8740	318	318000.000
8741	274	274000.000
8742	299	299000.000
8743	301	301000.000
8744	277	277000.000
8745	285	285000.000
8746	293	293000.000
8747	293	293000.000
8748	299	299000.000
8749	294	294000.000
8750	263	263000.000
8751	304	304000.000
8752	274	274000.000
8753	280	280000.000
8754	288	288000.000
8755	290	290000.000
8756	290	290000.000
8757	285	285000.000
8758	333	333000.000
8759	292	292000.000
8760	301	301000.000
8761	270	270000.000
8762	304	304000.000
8763	300	300000.000
8764	328	328000.000
8765	282	282000.000
8766	297	297000.000
8767	256	256000.000
8768	309	309000.000
8769	299	299000.000
8770	283	283000.000
8771	330	330000.000
8772	296	296000.000
8773	296	296000.000
8774	307	307000.000
8775	323	323000.000
8776	301	301000.000
8777	326	326000.000
8778	271	271000.000
8779	280	280000.000
8780	290	290000.000
8781	318	318000.000
8782	301	301000.000
8783	267	267000.000
8784	287	287000.000
8785	290	290000.000
8786	273	273000.000
8787	307	307000.000
8788	259	259000.000
8789	300	300000.000
8790	290	290000.000
8791	279	279000.000
8792	302	302000.000
8793	311	311000.000
8794	297	297000.000
8795	285	285000.000
8796	295	295000.000
8797	291	291000.000
8798	301	301000.000
8799	309	309000.000
8800	289	289000.000
8801	316	316000.000
8802	295	295000.000
8803	278	278000.000
8804	285	285000.000
8805	298	298000.000
8806	288	288000.000
8807	317	317000.000
8808	281	281000.000
8809	282	282000.000
8810	319	319000.000
8811	314	314000.000
8812	305	305000.000
8813	311	311000.000
8814	279	279000.000
8815	286	286000.000
8816	299	299000.000
8817	298	298000.000
8818	323	323000.000
8819	297	297000.000
8820	295	295000.000
8821	283	283000.000
8822	282	282000.000
8823	275	275000.000
8824	296	296000.000
8825	292	292000.000
8826	299	299000.000
8827	335	335000.000
8828	293	293000.000
8829	293	293000.000
8830	292	292000.000
8831	309	309000.000
8832	272	272000.000
8833	316	316000.000
8834	276	276000.000
8835	273	273000.000
8836	266	266000.000
8837	272	272000.000
8838	285	285000.000
8839	277	277000.000
8840	249	249000.000
8841	291	291000.000
8842	285	285000.000
8843	316	316000.000
8844	342	342000.000
8845	313	313000.000
8846	316	316000.000
8847	291	291000.000
8848	283	283000.000
8849	316	316000.000
8850	286	286000.000
8851	314	314000.000
8852	288	288000.000
8853	277	277000.000
8854	315	315000.000
8855	267	267000.000
8856	278	278000.000
8857	304	304000.000
8858	293	293000.000
8859	277	277000.000
8860	313	313000.000
8861	280	280000.000
8862	287	287000.000
8863	293	293000.000
8864	275	275000.000
8865	303	303000.000
8866	309	309000.000
8867	264	264000.000
8868	276	276000.000
8869	287	287000.000
8870	300	300000.000
8871	312	312000.000
8872	303	303000.000
8873	267	267000.000
8874	304	304000.000
8875	302	302000.000
8876	288	288000.000
8877	304	304000.000
8878	305	305000.000
8879	289	289000.000
8880	324	324000.000
8881	289	289000.000
8882	306	306000.000
8883	307	307000.000
8884	298	298000.000
8885	300	300000.000
8886	297	297000.000
8887	289	289000.000
8888	331	331000.000
8889	315	315000.000
8890	304	304000.000
8891	296	296000.000
8892	293	293000.000
8893	285	285000.000
8894	292	292000.000
8895	266	266000.000
8896	310	310000.000
8897	281	281000.000
8898	296	296000.000
8899	289	289000.000
8900	310	310000.000
8901	306	306000.000
8902	285	285000.000
8903	324	324000.000
8904	299	299000.000
8905	314	314000.000
8906	300	300000.000
8907	300	300000.000
8908	281	281000.000
8909	310	310000.000
8910	298	298000.000
8911	306	306000.000
8912	314	314000.000
8913	294	294000.000
8914	294	294000.000
8915	288	288000.000
8916	289	289000.000
8917	273	273000.000
8918	313	313000.000
8919	285	285000.000
8920	260	260000.000
8921	313	313000.000
8922	249	249000.000
8923	293	293000.000
8924	322	322000.000
8925	290	290000.000
8926	280	280000.000
8927	325	325000.000
8928	289	289000.000
8929	316	316000.000
8930	286	286000.000
8931	300	300000.000
8932	283	283000.000
8933	294	294000.000
8934	261	261000.000
8935	301	301000.000
8936	301	301000.000
8937	309	309000.000
8938	294	294000.000
8939	306	306000.000
8940	280	280000.000
8941	291	291000.000
8942	329	329000.000
8943	303	303000.000
8944	295	295000.000
8945	299	299000.000
8946	294	294000.000
8947	296	296000.000
8948	298	298000.000
8949	310	310000.000
8950	295	295000.000
8951	302	302000.000
8952	279	279000.000
8953	314	314000.000
8954	307	307000.000
8955	314	314000.000
8956	296	296000.000
8957	304	304000.000
8958	297	297000.000
8959	304	304000.000
8960	277	277000.000
8961	311	311000.000
8962	283	283000.000
8963	286	286000.000
8964	318	318000.000
8965	308	308000.000
8966	282	282000.000
8967	330	330000.000
8968	305	305000.000
8969	280	280000.000
8970	284	284000.000
8971	312	312000.000
8972	303	303000.000
8973	295	295000.000
8974	305	305000.000
8975	278	278000.000
8976	245	245000.000
8977	275	275000.000
8978	306	306000.000
8979	286	286000.000
8980	294	294000.000
8981	301	301000.000
8982	306	306000.000
8983	324	324000.000
8984	308	308000.000
8985	283	283000.000
8986	290	290000.000
8987	299	299000.000
8988	305	305000.000
8989	306	306000.000
8990	311	311000.000
8991	308	308000.000
8992	290	290000.000
8993	316	316000.000
8994	307	307000.000
8995	303	303000.000
8996	302	302000.000
8997	277	277000.000
8998	287	287000.000
8999	324	324000.000
9000	265	265000.000
9001	304	304000.000
9002	261	261000.000
9003	295	295000.000
9004	286	286000.000
9005	273	273000.000
9006	286	286000.000
9007	267	267000.000
9008	329	329000.000
9009	336	336000.000
9010	307	307000.000
9011	335	335000.000
9012	312	312000.000
9013	305	305000.000
9014	326	326000.000
9015	300	300000.000
9016	272	272000.000
9017	332	332000.000
9018	304	304000.000
9019	289	289000.000
9020	279	279000.000
9021	288	288000.000
9022	253	253000.000
9023	323	323000.000
9024	297	297000.000
9025	316	316000.000
9026	296	296000.000
9027	303	303000.000
9028	290	290000.000
9029	273	273000.000
9030	295	295000.000
9031	267	267000.000
9032	310	310000.000
9033	278	278000.000
9034	311	311000.000
9035	300	300000.000
9036	312	312000.000
9037	282	282000.000
9038	290	290000.000
9039	294	294000.000
9040	325	325000.000
9041	283	283000.000
9042	299	299000.000
9043	283	283000.000
9044	293	293000.000
9045	321	321000.000
9046	282	282000.000
9047	314	314000.000
9048	342	342000.000
9049	266	266000.000
9050	290	290000.000
9051	311	311000.000
9052	270	270000.000
9053	290	290000.000
9054	296	296000.000
9055	316	316000.000
9056	288	288000.000
9057	284	284000.000
9058	289	289000.000
9059	295	295000.000
9060	296	296000.000
9061	288	288000.000
9062	283	283000.000
9063	282	282000.000
9064	308	308000.000
9065	289	289000.000
9066	284	284000.000
9067	293	293000.000
9068	285	285000.000
9069	304	304000.000
9070	275	275000.000
9071	257	257000.000
9072	274	274000.000
9073	261	261000.000
9074	272	272000.000
9075	282	282000.000
9076	270	270000.000
9077	274	274000.000
9078	303	303000.000
9079	298	298000.000
9080	294	294000.000
9081	311	311000.000
9082	298	298000.000
9083	312	312000.000
9084	315	315000.000
9085	301	301000.000
9086	288	288000.000
9087	296	296000.000
9088	325	325000.000
9089	315	315000.000
9090	318	318000.000
9091	255	255000.000
9092	293	293000.000
9093	314	314000.000
9094	288	288000.000
9095	278	278000.000
9096	291	291000.000
9097	304	304000.000
9098	269	269000.000
9099	285	285000.000
9100	339	339000.000
9101	295	295000.000
9102	276	276000.000
9103	272	272000.000
9104	298	298000.000
9105	301	301000.000
9106	307	307000.000
9107	276	276000.000
9108	281	281000.000
9109	327	327000.000
9110	289	289000.000
9111	311	311000.000
9112	303	303000.000
9113	325	325000.000
9114	290	290000.000
9115	303	303000.000
9116	277	277000.000
9117	292	292000.000
9118	288	288000.000
9119	285	285000.000
9120	298	298000.000
9121	290	290000.000
9122	310	310000.000
9123	285	285000.000
9124	277	277000.000
9125	319	319000.000
9126	303	303000.000
9127	303	303000.000
9128	289	289000.000
9129	337	337000.000
9130	298	298000.000
9131	301	301000.000
9132	272	272000.000
9133	336	336000.000
9134	303	303000.000
9135	278	278000.000
9136	258	258000.000
9137	324	324000.000
9138	300	300000.000
9139	313	313000.000
9140	315	315000.000
9141	283	283000.000
9142	303	303000.000
9143	300	300000.000
9144	332	332000.000
9145	298	298000.000
9146	288	288000.000
9147	314	314000.000
9148	275	275000.000
9149	280	280000.000
9150	289	289000.000
9151	275	275000.000
9152	306	306000.000
9153	265	265000.000
9154	306	306000.000
9155	295	295000.000
9156	315	315000.000
9157	292	292000.000
9158	263	263000.000
9159	287	287000.000
9160	299	299000.000
9161	312	312000.000
9162	291	291000.000
9163	297	297000.000
9164	325	325000.000
9165	280	280000.000
9166	299	299000.000
9167	273	273000.000
9168	296	296000.000
9169	309	309000.000
9170	273	273000.000
9171	299	299000.000
9172	318	318000.000
9173	316	316000.000
9174	289	289000.000
9175	309	309000.000
9176	297	297000.000
9177	295	295000.000
9178	289	289000.000
9179	310	310000.000
9180	280	280000.000
9181	319	319000.000
9182	292	292000.000
9183	277	277000.000
9184	289	289000.000
9185	263	263000.000
9186	304	304000.000
9187	301	301000.000
9188	297	297000.000
9189	300	300000.000
9190	315	315000.000
9191	283	283000.000
9192	276	276000.000
9193	303	303000.000
9194	295	295000.000
9195	300	300000.000
9196	289	289000.000
9197	332	332000.000
9198	291	291000.000
9199	305	305000.000
9200	314	314000.000
9201	279	279000.000
9202	302	302000.000
9203	286	286000.000
9204	310	310000.000
9205	313	313000.000
9206	302	302000.000
9207	291	291000.000
9208	327	327000.000
9209	268	268000.000
9210	305	305000.000
9211	353	353000.000
9212	301	301000.000
9213	322	322000.000
9214	283	283000.000
9215	293	293000.000
9216	305	305000.000
9217	258	258000.000
9218	274	274000.000
9219	306	306000.000
9220	290	290000.000
9221	275	275000.000
9222	295	295000.000
9223	347	347000.000
9224	308	308000.000
9225	287	287000.000
9226	313	313000.000
9227	278	278000.000
9228	311	311000.000
9229	315	315000.000
9230	273	273000.000
9231	299	299000.000
9232	301	301000.000
9233	306	306000.000
9234	287	287000.000
9235	312	312000.000
9236	297	297000.000
9237	258	258000.000
9238	266	266000.000
9239	301	301000.000
9240	285	285000.000
9241	319	319000.000
9242	300	300000.000
9243	267	267000.000
9244	308	308000.000
9245	272	272000.000
9246	329	329000.000
9247	295	295000.000
9248	277	277000.000
9249	284	284000.000
9250	290	290000.000
9251	301	301000.000
9252	298	298000.000
9253	288	288000.000
9254	296	296000.000
9255	296	296000.000
9256	279	279000.000
9257	300	300000.000
9258	291	291000.000
9259	273	273000.000
9260	315	315000.000
9261	292	292000.000
9262	300	300000.000
9263	304	304000.000
9264	313	313000.000
9265	278	278000.000
9266	306	306000.000
9267	274	274000.000
9268	319	319000.000
9269	316	316000.000
9270	319	319000.000
9271	294	294000.000
9272	313	313000.000
9273	275	275000.000
9274	276	276000.000
9275	299	299000.000
9276	304	304000.000
9277	322	322000.000
9278	294	294000.000
9279	340	340000.000
9280	300	300000.000
9281	266	266000.000
9282	304	304000.000
9283	298	298000.000
9284	277	277000.000
9285	287	287000.000
9286	315	315000.000
9287	307	307000.000
9288	294	294000.000
9289	278	278000.000
9290	300	300000.000
9291	302	302000.000
9292	268	268000.000
9293	317	317000.000
9294	269	269000.000
9295	291	291000.000
9296	326	326000.000
9297	288	288000.000
9298	256	256000.000
9299	298	298000.000
9300	312	312000.000
9301	315	315000.000
9302	299	299000.000
9303	297	297000.000
9304	307	307000.000
9305	309	309000.000
9306	262	262000.000
9307	301	301000.000
9308	288	288000.000
9309	270	270000.000
9310	294	294000.000
9311	300	300000.000
9312	284	284000.000
9313	328	328000.000
9314	315	315000.000
9315	331	331000.000
9316	287	287000.000
9317	255	255000.000
9318	302	302000.000
9319	283	283000.000
9320	297	297000.000
9321	287	287000.000
9322	290	290000.000
9323	322	322000.000
9324	303	303000.000
9325	300	300000.000
9326	320	320000.000
9327	289	289000.000
9328	284	284000.000
9329	274	274000.000
9330	287	287000.000
9331	266	266000.000
9332	276	276000.000
9333	308	308000.000
9334	314	314000.000
9335	306	306000.000
9336	324	324000.000
9337	308	308000.000
9338	315	315000.000
9339	302	302000.000
9340	263	263000.000
9341	325	325000.000
9342	304	304000.000
9343	272	272000.000
9344	291	291000.000
9345	309	309000.000
9346	282	282000.000
9347	298	298000.000
9348	305	305000.000
9349	275	275000.000
9350	312	312000.000
9351	301	301000.000
9352	289	289000.000
9353	318	318000.000
9354	311	311000.000
9355	262	262000.000
9356	270	270000.000
9357	281	281000.000
9358	281	281000.000
9359	296	296000.000
9360	284	284000.000
9361	299	299000.000
9362	305	305000.000
9363	295	295000.000
9364	303	303000.000
9365	262	262000.000
9366	299	299000.000
9367	291	291000.000
9368	277	277000.000
9369	310	310000.000
9370	312	312000.000
9371	312	312000.000
9372	313	313000.000
9373	299	299000.000
9374	300	300000.000
9375	301	301000.000
9376	287	287000.000
9377	297	297000.000
9378	269	269000.000
9379	283	283000.000
9380	284	284000.000
9381	291	291000.000
9382	279	279000.000
9383	283	283000.000
9384	268	268000.000
9385	292	292000.000
9386	312	312000.000
9387	272	272000.000
9388	272	272000.000
9389	324	324000.000
9390	275	275000.000
9391	306	306000.000
9392	329	329000.000
9393	317	317000.000
9394	325	325000.000
9395	282	282000.000
9396	300	300000.000
9397	313	313000.000
9398	291	291000.000
9399	295	295000.000
9400	299	299000.000
9401	291	291000.000
9402	286	286000.000
9403	298	298000.000
9404	281	281000.000
9405	305	305000.000
9406	321	321000.000
9407	294	294000.000
9408	299	299000.000
9409	298	298000.000
9410	311	311000.000
9411	298	298000.000
9412	300	300000.000
9413	316	316000.000
9414	279	279000.000
9415	294	294000.000
9416	280	280000.000
9417	299	299000.000
9418	295	295000.000
9419	280	280000.000
9420	332	332000.000
9421	293	293000.000
9422	284	284000.000
9423	290	290000.000
9424	293	293000.000
9425	272	272000.000
9426	300	300000.000
9427	309	309000.000
9428	311	311000.000
9429	300	300000.000
9430	298	298000.000
9431	255	255000.000
9432	331	331000.000
9433	282	282000.000
9434	318	318000.000
9435	266	266000.000
9436	304	304000.000
9437	292	292000.000
9438	290	290000.000
9439	299	299000.000
9440	305	305000.000
9441	325	325000.000
9442	286	286000.000
9443	316	316000.000
9444	293	293000.000
9445	290	290000.000
9446	308	308000.000
9447	293	293000.000
9448	297	297000.000
9449	305	305000.000
9450	303	303000.000
9451	289	289000.000
9452	336	336000.000
9453	317	317000.000
9454	286	286000.000
9455	297	297000.000
9456	297	297000.000
9457	289	289000.000
9458	290	290000.000
9459	316	316000.000
9460	307	307000.000
9461	316	316000.000
9462	282	282000.000
9463	269	269000.000
9464	264	264000.000
9465	282	282000.000
9466	301	301000.000
9467	301	301000.000
9468	267	267000.000
9469	288	288000.000
9470	290	290000.000
9471	302	302000.000
9472	305	305000.000
9473	297	297000.000
9474	292	292000.000
9475	275	275000.000
9476	306	306000.000
9477	272	272000.000
9478	239	239000.000
9479	266	266000.000
9480	349	349000.000
9481	293	293000.000
9482	296	296000.000
9483	314	314000.000
9484	266	266000.000
9485	314	314000.000
9486	270	270000.000
9487	321	321000.000
9488	309	309000.000
9489	291	291000.000
9490	281	281000.000
9491	285	285000.000
9492	287	287000.000
9493	306	306000.000
9494	280	280000.000
9495	302	302000.000
9496	298	298000.000
9497	279	279000.000
9498	282	282000.000
9499	282	282000.000
9500	285	285000.000
9501	333	333000.000
9502	280	280000.000
9503	269	269000.000
9504	301	301000.000
9505	286	286000.000
9506	277	277000.000
9507	291	291000.000
9508	290	290000.000
9509	280	280000.000
9510	293	293000.000
9511	312	312000.000
9512	286	286000.000
9513	294	294000.000
9514	316	316000.000
9515	310	310000.000
9516	315	315000.000
9517	298	298000.000
9518	291	291000.000
9519	310	310000.000
9520	304	304000.000
9521	260	260000.000
9522	275	275000.000
9523	294	294000.000
9524	322	322000.000
9525	276	276000.000
9526	290	290000.000
9527	320	320000.000
9528	271	271000.000
9529	306	306000.000
9530	299	299000.000
9531	264	264000.000
9532	297	297000.000
9533	328	328000.000
9534	287	287000.000
9535	268	268000.000
9536	290	290000.000
9537	304	304000.000
9538	299	299000.000
9539	311	311000.000
9540	267	267000.000
9541	318	318000.000
9542	280	280000.000
9543	314	314000.000
9544	303	303000.000
9545	293	293000.000
9546	303	303000.000
9547	314	314000.000
9548	327	327000.000
9549	286	286000.000
9550	334	334000.000
9551	284	284000.000
9552	278	278000.000
9553	284	284000.000
9554	304	304000.000
9555	308	308000.000
9556	262	262000.000
9557	313	313000.000
9558	298	298000.000
9559	295	295000.000
9560	293	293000.000
9561	290	290000.000
9562	306	306000.000
9563	272	272000.000
9564	295	295000.000
9565	287	287000.000
9566	297	297000.000
9567	298	298000.000
9568	282	282000.000
9569	303	303000.000
9570	282	282000.000
9571	296	296000.000
9572	313	313000.000
9573	305	305000.000
9574	299	299000.000
9575	281	281000.000
9576	305	305000.000
9577	282	282000.000
9578	340	340000.000
9579	305	305000.000
9580	271	271000.000
9581	273	273000.000
9582	257	257000.000
9583	325	325000.000
9584	291	291000.000
9585	295	295000.000
9586	296	296000.000
9587	322	322000.000
9588	250	250000.000
9589	276	276000.000
9590	278	278000.000
9591	291	291000.000
9592	284	284000.000
9593	296	296000.000
9594	306	306000.000
9595	271	271000.000
9596	297	297000.000
9597	300	300000.000
9598	287	287000.000
9599	310	310000.000
9600	291	291000.000
9601	280	280000.000
9602	298	298000.000
9603	297	297000.000
9604	278	278000.000
9605	289	289000.000
9606	278	278000.000
9607	307	307000.000
9608	303	303000.000
9609	275	275000.000
9610	315	315000.000
9611	296	296000.000
9612	298	298000.000
9613	303	303000.000
9614	315	315000.000
9615	296	296000.000
9616	292	292000.000
9617	306	306000.000
9618	304	304000.000
9619	280	280000.000
9620	295	295000.000
9621	278	278000.000
9622	311	311000.000
9623	280	280000.000
9624	272	272000.000
9625	308	308000.000
9626	269	269000.000
9627	319	319000.000
9628	324	324000.000
9629	276	276000.000
9630	285	285000.000
9631	323	323000.000
9632	286	286000.000
9633	281	281000.000
9634	265	265000.000
9635	298	298000.000
9636	277	277000.000
9637	291	291000.000
9638	300	300000.000
9639	323	323000.000
9640	277	277000.000
9641	307	307000.000
9642	255	255000.000
9643	294	294000.000
9644	295	295000.000
9645	287	287000.000
9646	268	268000.000
9647	307	307000.000
9648	288	288000.000
9649	315	315000.000
9650	304	304000.000
9651	309	309000.000
9652	282	282000.000
9653	279	279000.000
9654	282	282000.000
9655	312	312000.000
9656	329	329000.000
9657	269	269000.000
9658	284	284000.000
9659	290	290000.000
9660	316	316000.000
9661	278	278000.000
9662	279	279000.000
9663	304	304000.000
9664	312	312000.000
9665	291	291000.000
9666	274	274000.000
9667	295	295000.000
9668	290	290000.000
9669	310	310000.000
9670	277	277000.000
9671	295	295000.000
9672	267	267000.000
9673	290	290000.000
9674	288	288000.000
9675	266	266000.000
9676	299	299000.000
9677	270	270000.000
9678	302	302000.000
9679	299	299000.000
9680	321	321000.000
9681	293	293000.000
9682	270	270000.000
9683	278	278000.000
9684	307	307000.000
9685	291	291000.000
9686	281	281000.000
9687	276	276000.000
9688	274	274000.000
9689	310	310000.000
9690	278	278000.000
9691	311	311000.000
9692	304	304000.000
9693	282	282000.000
9694	284	284000.000
9695	316	316000.000
9696	299	299000.000
9697	329	329000.000
9698	303	303000.000
9699	322	322000.000
9700	308	308000.000
9701	299	299000.000
9702	328	328000.000
9703	300	300000.000
9704	283	283000.000
9705	288	288000.000
9706	330	330000.000
9707	347	347000.000
9708	273	273000.000
9709	263	263000.000
9710	290	290000.000
9711	291	291000.000
9712	279	279000.000
9713	286	286000.000
9714	282	282000.000
9715	295	295000.000
9716	281	281000.000
9717	305	305000.000
9718	325	325000.000
9719	295	295000.000
9720	291	291000.000
9721	288	288000.000
9722	296	296000.000
9723	306	306000.000
9724	287	287000.000
9725	307	307000.000
9726	314	314000.000
9727	271	271000.000
9728	305	305000.000
9729	298	298000.000
9730	289	289000.000
9731	289	289000.000
9732	299	299000.000
9733	313	313000.000
9734	267	267000.000
9735	284	284000.000
9736	295	295000.000
9737	316	316000.000
9738	284	284000.000
9739	264	264000.000
9740	317	317000.000
9741	283	283000.000
9742	282	282000.000
9743	303	303000.000
9744	308	308000.000
9745	292	292000.000
9746	268	268000.000
9747	302	302000.000
9748	311	311000.000
9749	288	288000.000
9750	299	299000.000
9751	266	266000.000
9752	272	272000.000
9753	269	269000.000
9754	295	295000.000
9755	303	303000.000
9756	289	289000.000
9757	316	316000.000
9758	279	279000.000
9759	317	317000.000
9760	290	290000.000
9761	295	295000.000
9762	273	273000.000
9763	280	280000.000
9764	274	274000.000
9765	261	261000.000
9766	283	283000.000
9767	257	257000.000
9768	279	279000.000
9769	302	302000.000
9770	293	293000.000
9771	295	295000.000
9772	280	280000.000
9773	293	293000.000
9774	292	292000.000
9775	283	283000.000
9776	272	272000.000
9777	302	302000.000
9778	272	272000.000
9779	293	293000.000
9780	302	302000.000
9781	293	293000.000
9782	278	278000.000
9783	293	293000.000
9784	313	313000.000
9785	320	320000.000
9786	273	273000.000
9787	304	304000.000
9788	305	305000.000
9789	297	297000.000
9790	293	293000.000
9791	274	274000.000
9792	291	291000.000
9793	282	282000.000
9794	293	293000.000
9795	323	323000.000
9796	297	297000.000
9797	298	298000.000
9798	276	276000.000
9799	309	309000.000
9800	290	290000.000
9801	299	299000.000
9802	282	282000.000
9803	284	284000.000
9804	295	295000.000
9805	299	299000.000
9806	291	291000.000
9807	283	283000.000
9808	283	283000.000
9809	281	281000.000
9810	305	305000.000
9811	336	336000.000
9812	298	298000.000
9813	291	291000.000
9814	259	259000.000
9815	262	262000.000
9816	291	291000.000
9817	268	268000.000
9818	308	308000.000
9819	301	301000.000
9820	322	322000.000
9821	291	291000.000
9822	289	289000.000
9823	300	300000.000
9824	269	269000.000
9825	293	293000.000
9826	309	309000.000
9827	281	281000.000
9828	278	278000.000
9829	293	293000.000
9830	307	307000.000
9831	279	279000.000
9832	305	305000.000
9833	312	312000.000
9834	288	288000.000
9835	275	275000.000
9836	285	285000.000
9837	272	272000.000
9838	271	271000.000
9839	281	281000.000
9840	288	288000.000
9841	282	282000.000
9842	336	336000.000
9843	278	278000.000
9844	293	293000.000
9845	316	316000.000
9846	259	259000.000
9847	294	294000.000
9848	297	297000.000
9849	307	307000.000
9850	315	315000.000
9851	294	294000.000
9852	329	329000.000
9853	274	274000.000
9854	295	295000.000
9855	293	293000.000
9856	302	302000.000
9857	286	286000.000
9858	328	328000.000
9859	309	309000.000
9860	295	295000.000
9861	316	316000.000
9862	277	277000.000
9863	296	296000.000
9864	295	295000.000
9865	274	274000.000
9866	290	290000.000
9867	327	327000.000
9868	326	326000.000
9869	296	296000.000
9870	279	279000.000
9871	297	297000.000
9872	345	345000.000
9873	308	308000.000
9874	283	283000.000
9875	293	293000.000
9876	293	293000.000
9877	306	306000.000
9878	319	319000.000
9879	304	304000.000
9880	297	297000.000
9881	308	308000.000
9882	303	303000.000
9883	296	296000.000
9884	278	278000.000
9885	295	295000.000
9886	287	287000.000
9887	288	288000.000
9888	300	300000.000
9889	256	256000.000
9890	312	312000.000
9891	300	300000.000
9892	283	283000.000
9893	273	273000.000
9894	307	307000.000
9895	315	315000.000
9896	293	293000.000
9897	332	332000.000
9898	294	294000.000
9899	311	311000.000
9900	299	299000.000
9901	322	322000.000
9902	324	324000.000
9903	337	337000.000
9904	310	310000.000
9905	296	296000.000
9906	316	316000.000
9907	282	282000.000
9908	295	295000.000
9909	267	267000.000
9910	312	312000.000
9911	324	324000.000
9912	301	301000.000
9913	276	276000.000
9914	250	250000.000
9915	280	280000.000
9916	274	274000.000
9917	297	297000.000
9918	319	319000.000
9919	298	298000.000
9920	296	296000.000
9921	316	316000.000
9922	316	316000.000
9923	305	305000.000
9924	280	280000.000
9925	286	286000.000
9926	297	297000.000
9927	317	317000.000
9928	295	295000.000
9929	308	308000.000
9930	318	318000.000
9931	286	286000.000
9932	285	285000.000
9933	317	317000.000
9934	310	310000.000
9935	318	318000.000
9936	256	256000.000
9937	272	272000.000
9938	282	282000.000
9939	300	300000.000
9940	280	280000.000
9941	297	297000.000
9942	293	293000.000
9943	295	295000.000
9944	278	278000.000
9945	282	282000.000
9946	260	260000.000
9947	277	277000.000
9948	323	323000.000
9949	285	285000.000
9950	309	309000.000
9951	279	279000.000
9952	304	304000.000
9953	333	333000.000
9954	279	279000.000
9955	303	303000.000
9956	289	289000.000
9957	284	284000.000
9958	279	279000.000
9959	285	285000.000
9960	302	302000.000
9961	280	280000.000
9962	282	282000.000
9963	323	323000.000
9964	290	290000.000
9965	296	296000.000
9966	287	287000.000
9967	272	272000.000
9968	272	272000.000
9969	297	297000.000
9970	295	295000.000
9971	295	295000.000
9972	307	307000.000
9973	295	295000.000
9974	275	275000.000
9975	295	295000.000
9976	308	308000.000
9977	308	308000.000
9978	296	296000.000
9979	297	297000.000
9980	306	306000.000
9981	302	302000.000
9982	283	283000.000
9983	317	317000.000
9984	297	297000.000
9985	281	281000.000
9986	306	306000.000
9987	269	269000.000
9988	307	307000.000
9989	278	278000.000
9990	294	294000.000
9991	286	286000.000
9992	311	311000.000
9993	327	327000.000
9994	298	298000.000
9995	278	278000.000
9996	282	282000.000
9997	268	268000.000
9998	255	255000.000
9999	289	289000.000
10000	294	294000.000
